Metrics/EpRet,Metrics/EpCost,Metrics/EpLen,Train/Epoch,Train/TotalSteps,Train/KL,Loss/Loss_reward_critic,Loss/Loss_cost_critic,Loss/Loss_actor,Time/Rollout,Time/Update,Time/Total,Value/RewardAdv,Value/CostAdv,Misc/Alpha,Misc/FinalStepNorm,Misc/xHx,Misc/gradient_norm,Misc/H_inv_g,Misc/AcceptanceStep
311.1218096960518,0.0,500.0,1,20000,0.004136438,4.936699862711748,0.0030985666668801835,3.990888615135191e-07,49.91713190078735,7.747243404388428,57.66437745094299,-3.9539338558824966e-07,1.3709068602540952e-10,1.2055025100708008,0.3459298014640808,0.013762375339865685,0.05378616973757744,0.2869590222835541,1.0
318.7357804524605,53.62874999999999,500.0,2,40000,0.0014860188,1.4969214235995985,13704.265475532313,-2.807140333516145e-07,49.73789715766907,7.212122917175293,56.950021743774414,6.73341730816901e-07,-7.324219097881723e-08,0.854566752910614,0.36711713671684265,0.027386583387851715,0.07839510589838028,0.4185759425163269,1.0
316.0240496318725,939.59375,500.0,3,60000,0.0024498175,2.8821089619094398,33694.78632694293,1.69315342191112e-06,50.13753819465637,6.898946523666382,57.03648829460144,8.611679191972144e-08,1.9287108443677425e-06,0.7791042923927307,0.37843576073646545,0.032948728650808334,0.08965510129928589,0.43069812655448914,1.0
312.9367603777977,1381.9099999999999,500.0,4,80000,0.0010660471,2.72582723559088,67661.98675249428,-1.3151168332115049e-06,50.13543915748596,7.707933664321899,57.84337377548218,-2.47859958335539e-07,-1.4892577837599674e-06,0.6914113163948059,0.3801058530807495,0.04183664917945862,0.10937570035457611,0.4509696364402771,1.0
301.5188957820701,746.675,500.0,5,100000,0.0042362306,2.233717792315088,54111.57779336917,-7.184982564467646e-07,49.66455316543579,7.179036378860474,56.84359049797058,2.8901101245537575e-07,-2.807617249800387e-07,1.2915382385253906,0.2958860695362091,0.011989885941147804,0.05488688871264458,0.25372764468193054,1.0
314.5996714951925,266.5175,500.0,6,120000,0.0046348865,0.8665282234074964,78.21120275631073,-1.270294234245739e-07,50.11483907699585,7.156344413757324,57.27118420600891,1.7461776735672174e-07,-1.2207030941624453e-08,0.9289485216140747,0.3249559998512268,0.02317642793059349,0.07053768634796143,0.36519354581832886,1.0
312.0835794297921,0.0,500.0,7,140000,0.0033379672,0.450798928718658,19.2482540516337,-7.195473017418408e-08,49.69882273674011,6.776885509490967,56.475708961486816,4.8351289194670244e-08,1.2969970875076342e-08,0.8143649697303772,0.3666674494743347,0.030157241970300674,0.07269185036420822,0.450249582529068,1.0
315.7265990796543,0.0,500.0,8,160000,0.004950367,1.9064645127316189,8.040807550120505,-7.085800746153836e-08,49.835147857666016,6.411302804946899,56.24645113945007,-3.051757957450718e-08,-1.0452270515770579e-07,0.7786231637001038,0.2836809456348419,0.03298945724964142,0.09680331498384476,0.3643365800380707,1.0
313.46832371411057,0.0,500.0,9,180000,0.0047006947,0.6322311010899817,7.135727156803107,-6.198883539809685e-08,50.49740719795227,6.676479339599609,57.17388916015625,7.095336940210473e-08,2.7656554379973386e-08,0.957019031047821,0.31991174817085266,0.02183678187429905,0.07921545952558517,0.3342793881893158,1.0
319.11511475514146,0.0,500.0,10,200000,0.0023814181,0.2973003024792975,3.9315256071698133,1.0848045661759897e-07,49.770768880844116,6.634819507598877,56.40558910369873,-6.980896216646215e-08,3.7193299107229905e-08,0.8612114787101746,0.3866669237613678,0.026965606957674026,0.07097466289997101,0.4489802122116089,1.0
320.3399577481663,0.0,500.0,11,220000,0.0066785505,0.17620968425729472,3.963605396762775,-1.0352134438562643e-07,50.15666151046753,6.647768020629883,56.80443024635315,1.0790824944706401e-07,-4.1961669694501325e-09,1.191373348236084,0.24960914254188538,0.01409074291586876,0.07939360290765762,0.20951376855373383,1.0
320.09618716428236,0.0,500.0,12,240000,0.0028798042,0.1509719467371892,2.872350239450005,1.693725550921954e-07,50.72641706466675,6.743054628372192,57.469473123550415,-1.4076232446313952e-07,2.5177001816700795e-08,1.019748568534851,0.37842389941215515,0.019232846796512604,0.06683051586151123,0.3710952699184418,1.0
320.54816104292723,0.0,500.0,13,260000,0.0034474663,0.17212646882150584,2.989305390977556,7.658004363975124e-08,50.73035478591919,6.890079975128174,57.620437145233154,-7.71522508102862e-08,-3.910064716450279e-09,0.9935969710350037,0.3664889335632324,0.020258592441678047,0.07177437841892242,0.3688507080078125,1.0
314.8446572345257,49.025,500.0,14,280000,0.0021170848,2.6122414637712916,82.29145678593095,-1.169681524970656e-07,50.088436126708984,6.58290433883667,56.67134141921997,-1.6212464259979242e-08,-1.3122559039402404e-07,0.7448045611381531,0.3980798125267029,0.03605331480503082,0.079133041203022,0.5109091401100159,1.0
319.6935614099382,351.6725,500.0,15,300000,0.0007300031,0.9632788163271679,22170.53675609151,5.102157274450292e-07,49.83420491218567,6.572401285171509,56.40660905838013,6.38961772381208e-09,1.708984314063855e-07,0.707455039024353,0.35704413056373596,0.03996061533689499,0.0951593890786171,0.4847254157066345,1.0
304.85747000001703,549.59,500.0,16,320000,0.002885687,1.3245374168749828,26479.544269780443,2.3603439558428363e-07,50.05038595199585,6.295116662979126,56.34550380706787,-2.00271599304358e-09,-2.4414061883248905e-08,1.049923300743103,0.3033912777900696,0.01814322918653488,0.08192362636327744,0.3051758408546448,1.0
307.96099991890435,292.6125,500.0,17,340000,0.0029235182,1.8232178395246244,135.96550091543014,1.547575010363289e-07,50.47877550125122,6.558214426040649,57.03699231147766,-2.108812324763676e-08,1.3427734302240424e-07,0.37677788734436035,0.3594902753829956,0.1408831775188446,0.146957129240036,1.041915774345398,1.0
314.6972380863291,109.06000000000002,500.0,18,360000,0.0040805456,3.527681490684011,18857.292431553153,2.5873182494251523e-06,50.18150305747986,6.977596282958984,57.15910243988037,-5.054473728449693e-09,3.662109293145477e-06,0.6171250939369202,0.3236072361469269,0.05251501500606537,0.1028437614440918,0.5825466513633728,1.0
313.43620681977285,1702.7775000000001,500.0,19,380000,0.0026982522,2.5101379985262633,22438.005914853333,1.7010688679874875e-06,49.593162298202515,6.280261993408203,55.873424768447876,1.766681734238773e-08,1.0986327652062755e-06,0.5053028464317322,0.298746258020401,0.07832968980073929,0.15773379802703857,0.5827933549880981,1.0
316.18180815842817,16.54375,500.0,20,400000,0.005798518,1.0166699455991672,387.1687857633943,1.582145756628961e-07,49.26835918426514,6.42608380317688,55.69444417953491,-2.090930983911221e-08,6.103515914901436e-08,0.7760888338088989,0.2940138876438141,0.033205267041921616,0.11545193940401077,0.37884053587913513,1.0
318.9188798095959,9.69375,500.0,21,420000,0.0066713453,0.3300363601298089,51.63687853600569,7.567405191366561e-08,48.74796652793884,6.388205289840698,55.13617515563965,-2.169609025770569e-08,1.9836425835251248e-08,1.2201250791549683,0.27613478899002075,0.013434482738375664,0.08107775449752808,0.22631676495075226,1.0
320.01686895464235,0.0,500.0,22,440000,0.0070656966,0.19091549083875242,31.963741836426365,-1.3065339032891643e-08,49.0702428817749,6.8233323097229,55.89357614517212,-2.174377478070255e-08,-3.3187866677053535e-08,1.3587470054626465,0.24449551105499268,0.010833090171217918,0.08898963779211044,0.17994189262390137,1.0
319.8274672296462,0.0,500.0,23,460000,0.0059572565,0.15490805175463865,22.50207862125081,0.0,48.86989736557007,6.385173320770264,55.25507307052612,-3.7193297330873065e-09,-8.77380390562621e-09,1.2060480117797852,0.27520662546157837,0.013749931007623672,0.07776340842247009,0.22818881273269653,1.0
317.54053688270994,411.23249999999996,500.0,24,480000,0.0035669343,1.4469405118826848,16856.40308720291,1.3352394034882309e-06,49.54364895820618,6.437492609024048,55.98114252090454,1.1634826435624745e-08,2.917480514952331e-06,0.3288484215736389,0.32902175188064575,0.18494322896003723,0.1929139643907547,1.1397089958190918,1.0
316.88567624222026,502.6175,500.0,25,500000,0.0078039984,0.1551466599486436,274.14298832401346,2.5777816858862934e-07,48.97445797920227,6.310599088668823,55.285059690475464,-3.84330753888662e-08,2.0751953400122147e-07,1.1307185888290405,0.22807005047798157,0.01564302109181881,0.08336210995912552,0.24072611331939697,1.0
320.8818518843108,0.0,500.0,26,520000,0.0024339359,0.2608081647829645,53.864863695764235,9.727478378351861e-09,49.68061900138855,6.747493505477905,56.42811393737793,-8.106231796922714e-10,3.051757957450718e-08,0.6225717067718506,0.39003902673721313,0.05160016566514969,0.09921809285879135,0.6264966726303101,1.0
321.91302432631915,0.0,500.0,27,540000,0.004082651,0.1676644620242392,43.65155548776031,4.863738922722405e-08,50.40479302406311,6.688502788543701,57.09329676628113,-3.185272134942352e-08,4.577636936176077e-09,0.6746340990066528,0.3249090611934662,0.0439433678984642,0.12868337333202362,0.4816078245639801,1.0
322.42922043688037,0.0,500.0,28,560000,0.005743044,0.1592101278388576,29.62784908501206,1.285076223211945e-07,50.90613508224487,6.840747594833374,57.7468843460083,-1.5783310658434857e-08,1.2283325645512377e-07,0.715259850025177,0.2722070515155792,0.03909328952431679,0.15066635608673096,0.38057076930999756,1.0
320.6844374420751,0.0,500.0,29,580000,0.0031952325,0.38794417438233736,46.58777829552912,-5.8078764908486846e-08,51.14155626296997,6.923274517059326,58.064833641052246,-3.19480886190604e-09,-1.2207030941624453e-08,0.9554455876350403,0.3651512861251831,0.02190876565873623,0.09052269905805588,0.3821790814399719,1.0
323.00700478844647,0.0,500.0,30,600000,0.006835131,0.20882205856833488,28.913684730772758,1.9502639503343744e-08,50.71722149848938,6.850375652313232,57.5675995349884,-2.2649764730431343e-08,9.155273872352154e-09,1.0324289798736572,0.24999240040779114,0.018763303756713867,0.1125868409872055,0.2421400249004364,1.0
324.90409327421287,0.0,500.0,31,620000,0.0065241777,0.4567572468784964,41.91316793891275,3.461838105067727e-08,50.127400636672974,6.442597150802612,56.56999850273132,1.9550324026340604e-08,9.918212917625624e-09,1.4496262073516846,0.2680777907371521,0.009517380967736244,0.08359382301568985,0.18492890894412994,1.0
319.99047711904603,0.0,500.0,32,640000,0.0052188463,2.2456254766625205,173.87933111676745,2.738952389336191e-07,50.47637128829956,6.656702756881714,57.13307547569275,2.6702879907247734e-09,6.561279519701202e-08,0.6706510782241821,0.2875114679336548,0.04446687549352646,0.13036476075649261,0.42870500683784485,1.0
327.26334435828113,0.0,500.0,33,660000,0.0041501736,1.5209695521433642,43.91992412190528,1.5830995181431717e-08,50.995590925216675,6.496399879455566,57.49199151992798,2.9087066089061864e-09,1.0681151962899094e-08,0.6993818879127502,0.34195393323898315,0.04088849201798439,0.09943697601556778,0.4889373779296875,1.0
328.9878951949692,0.0,500.0,34,680000,0.0044991025,1.5629069595769711,30.41232310495559,-2.241134611224993e-09,51.03317856788635,6.706597089767456,57.739776372909546,-2.861023085110048e-10,-3.662109548940862e-08,1.1185601949691772,0.32877644896507263,0.01598494127392769,0.08421989530324936,0.29392823576927185,1.0
327.5967205558664,0.0,500.0,35,700000,0.0053662695,1.3278906157062311,29.502221300647516,2.713203528514896e-08,50.36345028877258,6.6774582862854,57.0409095287323,4.768371808516747e-10,3.204345588869728e-08,1.1968045234680176,0.3017231822013855,0.013963144272565842,0.093818299472332,0.25210732221603394,1.0
333.04878533013544,0.0,500.0,36,720000,0.0069688982,0.9434914121012778,22.77259241456439,-6.277561226397665e-08,50.86495518684387,6.714247226715088,57.579203605651855,6.866454960174906e-09,-5.035400363340159e-08,1.4408953189849854,0.24669376015663147,0.009633069857954979,0.0846940279006958,0.17120866477489471,1.0
347.2728691629589,0.0,500.0,37,740000,0.007030628,1.551442867289683,19.669932448636196,1.3375283103300717e-08,50.82650065422058,6.582544803619385,57.4090461730957,-6.675720420901143e-09,6.103515470812226e-09,1.535622477531433,0.22566571831703186,0.008481263183057308,0.08496608585119247,0.14695391058921814,1.0
337.75397071932423,0.0,500.0,38,760000,0.0068720565,1.0893517823355972,16.300930399803597,4.673004205812958e-09,50.66615962982178,6.567185163497925,57.23334550857544,2.574920721087892e-09,1.907348723406699e-09,1.7108572721481323,0.25094708800315857,0.0068328483030200005,0.05998673662543297,0.14667916297912598,1.0
352.4649869918168,0.0,500.0,39,780000,0.00513348,6.239360110888815,24.311067924378026,-7.133483848065225e-08,51.59528684616089,6.860956192016602,58.456244230270386,1.8596648665436533e-09,-1.1520386067331856e-07,0.8542571067810059,0.3614794909954071,0.027406439185142517,0.0837448239326477,0.4231507182121277,1.0
360.00323027587154,0.0,500.0,40,800000,0.0067690443,3.0219130457586543,16.630471846708065,4.749298199158147e-08,50.7170774936676,6.8513336181640625,57.5684118270874,-9.822845647988743e-09,1.4495849853801701e-08,1.6595147848129272,0.26043787598609924,0.007262182421982288,0.07365165650844574,0.1569361388683319,1.0
339.58375872181443,0.0,500.0,41,820000,0.002618087,3.6929070943480085,81.86541799739668,5.383491696875353e-08,50.07267618179321,6.843221187591553,56.91589903831482,-9.536742923144104e-11,3.356933575560106e-08,0.6195790767669678,0.36106887459754944,0.052099842578172684,0.10554713755846024,0.582764744758606,1.0
344.62995244999,0.0,500.0,42,840000,0.0028070936,7.231824915272415,27.114381260477053,-2.2268295651883818e-08,50.62569236755371,6.452225923538208,57.07792091369629,3.5762786065873797e-09,-1.7929076889799944e-08,0.722358226776123,0.3348275423049927,0.03832875192165375,0.10533434897661209,0.46352019906044006,1.0
354.5571746748743,0.0,500.0,43,860000,0.0064127785,2.368772733059658,16.942413187330697,-1.4305123752222926e-10,50.46164798736572,6.65117883682251,57.11282753944397,-1.0490417423625331e-09,9.53674295089968e-09,1.4765418767929077,0.2937687039375305,0.00917356088757515,0.0646059438586235,0.19895723462104797,1.0
345.68846572977844,0.0,500.0,44,880000,0.007606151,2.5916233815964618,13.388319519674702,2.0551683022063116e-08,50.81880187988281,6.540055513381958,57.3588593006134,7.629394338515283e-10,1.0871887390351276e-08,1.3136377334594727,0.23642154037952423,0.011589864268898964,0.08799326419830322,0.17997470498085022,1.0
341.09356566084693,0.0,500.0,45,900000,0.005718623,1.7526962316339942,14.517479935421306,3.261566305923225e-08,50.003464460372925,6.615483045578003,56.618948221206665,-3.671646098268866e-09,1.831054774470431e-08,1.4149373769760132,0.23438984155654907,0.00998976081609726,0.08039490133523941,0.16565386950969696,1.0
315.10312741933984,0.0,500.0,46,920000,0.0035863712,5.520211488919653,22.960716590759862,4.744529746858461e-08,50.68711304664612,6.765660047531128,57.45277404785156,1.0967254882032762e-09,3.128051773160223e-08,0.6282357573509216,0.32982224225997925,0.05067392438650131,0.14937295019626617,0.5249975919723511,1.0
346.97850755962963,0.0,500.0,47,940000,0.0043731215,5.642383918033284,16.20767228618549,3.666878001240548e-08,50.607585191726685,6.7371134757995605,57.3447003364563,-8.583068700218632e-10,1.7929076889799944e-08,0.9695945978164673,0.2992349863052368,0.021274013444781303,0.10457824915647507,0.3086186647415161,1.0
342.9011635748837,0.0,500.0,48,960000,0.006088345,3.307537035122039,14.09423071928085,1.3971328982620435e-08,50.90977120399475,6.510212659835815,57.41998481750488,1.1444092340440193e-09,3.433227480087453e-09,1.2429473400115967,0.2888690233230591,0.012945659458637238,0.08874452114105225,0.23240649700164795,1.0
329.81757933855255,0.0,500.0,49,980000,0.0053987023,9.462193996587377,17.330376947002048,-1.1730194593440046e-08,50.474385261535645,6.665134906768799,57.13952279090881,-2.8610229740877458e-09,-4.577636936176077e-09,0.7031068801879883,0.30837908387184143,0.040456391870975494,0.18103519082069397,0.43859490752220154,1.0
339.2262176052843,0.0,500.0,50,1000000,0.004653326,3.890222181787916,12.703662401551654,8.111000227017939e-08,50.472962856292725,6.411914825439453,56.88487958908081,3.862381081631838e-09,7.05719003235572e-08,1.3000328540802002,0.3308641314506531,0.011833712458610535,0.06252138316631317,0.2545044422149658,1.0
340.00295828766474,0.0,500.0,51,1020000,0.0074093966,3.9247670549495965,12.666551404090445,-2.5272369086337676e-08,50.95132517814636,6.555302619934082,57.50662875175476,-3.8146971692576415e-10,-4.0435789827597546e-08,1.7076680660247803,0.24225777387619019,0.006858394481241703,0.07589707523584366,0.14186468720436096,1.0
374.63565436379014,0.0,500.0,52,1040000,0.007237375,3.78327162501159,12.420316605051612,2.720356029328741e-08,51.31220746040344,6.332304000854492,57.64451217651367,-7.438659466174613e-09,7.629394893626795e-09,1.3944079875946045,0.2375631183385849,0.010286079719662666,0.11239713430404663,0.17036841809749603,1.0
348.49659528443556,0.0,500.0,53,1060000,0.007772628,3.0915794423810996,11.850023628040484,-1.6164779736982382e-08,50.639426469802856,6.447338342666626,57.08676624298096,2.1934509764065524e-09,-2.8991699707603402e-08,1.2084604501724243,0.2365061640739441,0.013695085421204567,0.12379306554794312,0.19570867717266083,1.0
345.90715058416,0.0,500.0,54,1080000,0.00797307,2.3279883615150574,10.718117822659243,-2.312660285497259e-08,51.007652282714844,6.489657163619995,57.497310161590576,8.678436635989328e-09,0.0,1.2550113201141357,0.2204897403717041,0.012697972357273102,0.11721871048212051,0.17568747699260712,1.0
365.2470680172811,306.825,500.0,55,1100000,0.002186065,5.546191844666839,9103.721905741115,7.954120633257844e-07,51.53230667114258,6.670624732971191,58.202932596206665,8.320808042583394e-09,5.37109372089617e-07,0.5570851564407349,0.328535258769989,0.0644446313381195,0.14662881195545197,0.6187760829925537,1.0
368.59967414801895,0.0,500.0,56,1120000,0.008655779,3.212822579806018,30.466674955331595,-2.39372255350645e-08,51.22978663444519,6.596289873123169,57.826077938079834,-1.6403198799253005e-08,-5.9509275729396904e-08,1.5319384336471558,0.18749742209911346,0.00852210447192192,0.14033116400241852,0.12239229679107666,1.0
371.6136642838204,0.0,500.0,57,1140000,0.0069789933,2.8147808106841556,14.129203642098007,3.435611617419454e-08,50.978676080703735,6.384131908416748,57.3628089427948,-1.2397766369076635e-08,1.4495849853801701e-08,1.8329755067825317,0.23443645238876343,0.005952727049589157,0.08599364757537842,0.1278993934392929,1.0
367.0078164289021,0.0,500.0,58,1160000,0.007907232,1.787621868340073,13.598819161068862,4.1198731537406275e-08,50.83846926689148,6.375433921813965,57.2139048576355,-1.688003514743741e-08,4.692077482104651e-08,1.3827539682388306,0.22894954681396484,0.010460194200277328,0.1285018026828766,0.1655750721693039,1.0
346.7791915301471,0.0,500.0,59,1180000,0.006797174,2.0381362130687495,11.658569516345953,4.7684078907650473e-11,50.72014331817627,6.570373058319092,57.2905170917511,-3.19480886190604e-09,-4.1961669694501325e-09,1.5782548189163208,0.2613965570926666,0.008029254153370857,0.08055149018764496,0.16562381386756897,1.0
366.11525218233584,0.0,500.0,60,1200000,0.0057770624,9.091676901859842,13.735024641729463,2.081394256947533e-08,50.4232714176178,6.462159872055054,56.88543224334717,-4.3630601354038845e-09,2.803802523487775e-08,1.025888442993164,0.2561233937740326,0.01900332048535347,0.13770149648189545,0.24966011941432953,1.0
399.01957525819904,0.0,500.0,61,1220000,0.0067182304,5.45092593697226,11.782506234478799,2.193448978005108e-09,50.78498339653015,6.5826733112335205,57.36765813827515,2.412796007433826e-08,3.2234190427971043e-08,1.2793655395507812,0.253084659576416,0.012219131924211979,0.10153063386678696,0.19782046973705292,1.0
382.4321090972354,0.0,500.0,62,1240000,0.006154483,5.194650339624684,11.660905839227567,1.1444091896350983e-08,51.402514696121216,6.496035575866699,57.89855146408081,-9.202957507170595e-09,1.3732909920349812e-08,1.3934745788574219,0.28015655279159546,0.010299863293766975,0.10526695102453232,0.20104894042015076,1.0
385.8569950366682,0.0,500.0,63,1260000,0.007309799,5.991420891558289,10.444227779291237,-1.1730193705261627e-08,50.55672907829285,6.313640594482422,56.870370388031006,8.153915764808062e-09,-6.1988831845383174e-09,1.2261316776275635,0.2462492734193802,0.013303177431225777,0.1256837248802185,0.20083428919315338,1.0
433.50291599459786,0.0,500.0,64,1280000,0.007588849,5.179005463715572,10.312079962347724,-6.580353151264262e-09,50.4463415145874,6.257810592651367,56.704153299331665,1.1920929132713809e-08,7.724762163263676e-09,1.8150138854980469,0.23484086990356445,0.006071127951145172,0.08372753113508224,0.12938791513442993,1.0
383.253198947729,0.0,500.0,65,1300000,0.008093766,2.8202412381293667,9.817127788446511,-1.0251999249533128e-08,51.40865921974182,6.591233253479004,57.99989342689514,-4.482269222449986e-09,-7.343292196537732e-09,1.238953709602356,0.2071043699979782,0.013029251247644424,0.13999177515506744,0.1671607494354248,1.0
357.6250347126093,0.0,500.0,66,1320000,0.0071319854,4.597829600048673,9.415547422542694,-4.968643096958658e-08,51.36944365501404,6.2725629806518555,57.64200782775879,-1.1444092340440193e-09,-5.903244115756934e-08,1.4337562322616577,0.24234047532081604,0.009729238227009773,0.11698982119560242,0.16902488470077515,1.0
390.3952781192151,0.0,500.0,67,1340000,0.0027476707,5.737537127619336,10.1160111239002,2.248287245265601e-08,50.95590782165527,6.553675651550293,57.509584188461304,-3.6239624634504253e-09,1.525878978725359e-08,0.7294862866401672,0.35500839352607727,0.0375833623111248,0.11603502184152603,0.4866552948951721,1.0
373.4626905090398,0.0,500.0,68,1360000,0.008405769,3.911457142784337,9.211336615738595,2.2888180239988287e-09,49.84582877159119,6.41786789894104,56.26369762420654,-1.1825561863076928e-08,-1.0204315614714687e-08,1.0622806549072266,0.17853908240795135,0.01772357150912285,0.20988062024116516,0.1680714637041092,1.0
355.28931008258564,0.0,500.0,69,1380000,0.006331837,3.3178807815169074,9.532168382899776,3.5762786065873797e-09,50.97133159637451,6.623773574829102,57.59510779380798,-2.2888184680880386e-09,-5.340575981449547e-09,1.332807183265686,0.26833847165107727,0.011258873157203197,0.1210341677069664,0.20133332908153534,1.0
395.0001777541437,0.0,500.0,70,1400000,0.0072968286,4.158247900161014,8.452624718854382,1.907348501362094e-09,50.72956585884094,6.809785604476929,57.539352893829346,-3.4809113369504985e-09,-3.433227480087453e-09,1.44905686378479,0.2298998236656189,0.009524860419332981,0.13332927227020264,0.15865477919578552,1.0
396.0397280794734,0.0,500.0,71,1420000,0.0070541473,2.812728335447372,8.49573540262356,-1.3351439953623867e-08,50.589696407318115,6.813140153884888,57.40283751487732,1.4781951662712345e-08,-8.01086397217432e-09,1.6019151210784912,0.24613167345523834,0.007793821394443512,0.09976794570684433,0.15364836156368256,1.0
398.1182178029687,0.0,500.0,72,1440000,0.008339282,4.085054630155017,8.375143086075024,1.9693374042617506e-08,51.630653858184814,6.5376808643341064,58.16833567619324,-5.388260060357197e-09,5.531310964812519e-09,1.2506645917892456,0.1971954107284546,0.012786390259861946,0.17389045655727386,0.15767249464988708,1.0
372.73558703865876,0.0,500.0,73,1460000,0.0042475737,3.1618635331749156,8.88706411677561,1.9836425835251248e-08,50.1240611076355,6.591387748718262,56.715450286865234,-2.6702879907247734e-09,1.678466787780053e-08,0.9103807210922241,0.33573096990585327,0.024131465703248978,0.1089121624827385,0.36878079175949097,1.0
411.95690579147447,0.0,500.0,74,1480000,0.0071440386,6.830970465301708,8.087550636765304,-7.057189943537878e-09,50.3337140083313,6.558308362960815,56.89202308654785,1.6212464259979242e-08,7.1525572131747595e-09,1.6657249927520752,0.23171935975551605,0.007208132650703192,0.1575102061033249,0.1391102522611618,1.0
372.09881147378854,0.0,500.0,75,1500000,0.007015576,2.1899089833733383,7.521943907525129,-3.361702027859792e-08,50.961228132247925,6.670067548751831,57.63129806518555,6.771087690538025e-09,-1.9645691295977485e-08,1.2633816003799438,0.25509172677993774,0.012530272826552391,0.11774817109107971,0.20191185176372528,1.0
366.1573947156481,0.0,500.0,76,1520000,0.0060440903,5.739027553075438,9.202256477866204,2.5463105401968278e-08,51.84098553657532,6.587151527404785,58.42813801765442,-1.4162063521894197e-08,4.76837147544984e-09,0.7901952862739563,0.3308400511741638,0.03203029930591583,0.160395085811615,0.4186813533306122,3.0
381.9132333089079,0.0,500.0,77,1540000,0.0060794223,2.909271744482077,7.141012818038843,-3.7074086023380914e-09,50.701879262924194,6.64707612991333,57.34895730018616,4.0292738034963804e-09,8.440017573718706e-09,1.5497220754623413,0.25643306970596313,0.008327636867761612,0.11004853993654251,0.16547036170959473,1.0
349.66481987196465,0.0,500.0,78,1560000,0.0051984573,7.114067933362001,7.5900868862297886,-5.054474172538903e-09,50.90515422821045,6.539082288742065,57.44423747062683,-4.386901952813105e-09,2.2888184680880386e-09,1.090775728225708,0.29172539710998535,0.016809657216072083,0.11513593792915344,0.26744765043258667,1.0
357.5469369683763,0.0,500.0,79,1580000,0.007988151,2.5600222674904356,7.582242916192219,-5.149841442175784e-09,50.36907935142517,6.437452793121338,56.806533098220825,7.438659466174613e-09,4.1961669694501325e-09,1.1551973819732666,0.2074001133441925,0.014987090602517128,0.18610550463199615,0.17953650653362274,1.0
429.1693240958631,0.0,500.0,80,1600000,0.0083408505,6.145078227246643,6.906866431995562,-2.160072298806881e-08,50.420225620269775,6.479176998138428,56.89940357208252,1.358985901589449e-08,-6.484985437538171e-09,1.3758541345596313,0.196745827794075,0.010565371252596378,0.14373934268951416,0.14299903810024261,1.0
406.7778985579557,0.0,500.0,81,1620000,0.0077024973,3.9595554879516555,6.689208603816427,-8.487701208537146e-09,50.53386878967285,6.221134424209595,56.755003929138184,9.298324332718266e-10,-2.7656554824062596e-09,1.3105190992355347,0.228959321975708,0.011645091697573662,0.1418447047472,0.17470885813236237,1.0
393.63433586684175,0.0,500.0,82,1640000,0.0074631567,5.019063910329418,6.385830991283344,-6.084442105702692e-08,50.79291367530823,6.651122093200684,57.44403672218323,4.0411947566099116e-08,-2.317428560161261e-08,1.578741431236267,0.24085645377635956,0.008024304173886776,0.10176190733909607,0.15256230533123016,1.0
451.5310200801532,0.0,500.0,83,1660000,0.0067404066,5.52256282712244,6.29031567330573,1.1062622817803458e-08,50.973602294921875,6.382873296737671,57.35647678375244,8.583068700218632e-10,2.479553229406406e-09,1.8826230764389038,0.24748162925243378,0.005642902106046677,0.07431124150753021,0.13145576417446136,1.0
421.3600106375385,0.0,500.0,84,1680000,0.0073336777,4.3699021967353335,5.977664118359803,5.912780931538464e-09,50.41820192337036,6.433497667312622,56.8517005443573,-1.5354157056890472e-08,-2.479553229406406e-09,1.5850310325622559,0.2385714203119278,0.007960746996104717,0.12457647919654846,0.15051527321338654,1.0
376.76203052950433,0.0,500.0,85,1700000,0.0073890113,3.1661704518233136,5.5559269865607,2.7751923425967107e-08,51.18908882141113,6.682531118392944,57.871620893478394,6.484985437538171e-09,3.585815377959989e-08,1.1274065971374512,0.2370355725288391,0.015735067427158356,0.13535259664058685,0.21024854481220245,1.0
380.07129483995305,0.0,500.0,86,1720000,0.006998603,3.791819659463919,5.461727621600886,-7.891655329217429e-09,50.75757718086243,6.388641357421875,57.14621949195862,6.675720420901143e-09,-3.051757735406113e-09,1.703719973564148,0.24910444021224976,0.006890217773616314,0.0954195186495781,0.14621208608150482,1.0
383.6299368551392,0.0,500.0,87,1740000,0.007106915,3.19362722954173,5.258769196309861,1.3971328982620435e-08,50.647680044174194,6.480484485626221,57.12816572189331,-5.722046170220096e-10,1.5878677928071738e-08,1.3829907178878784,0.25064024329185486,0.010456612333655357,0.13982707262039185,0.18123061954975128,1.0
387.9663666301082,0.0,500.0,88,1760000,0.0060338387,3.1101737630595068,5.0641210792930265,-7.39097616442308e-10,49.69140076637268,6.281080722808838,55.972482204437256,-1.907348723406699e-09,3.910064716450279e-09,1.8969773054122925,0.2820577323436737,0.005557826720178127,0.07973453402519226,0.1486879587173462,1.0
394.57960054687265,0.0,500.0,89,1780000,0.0063608126,3.8986231460692777,4.814663570246119,-4.224777327976881e-08,50.244025230407715,6.3808276653289795,56.62485384941101,2.7847290695603988e-08,-8.857250044513876e-09,1.4441208839416504,0.2636477053165436,0.009590085595846176,0.12086789309978485,0.18256622552871704,1.0
378.2177478100908,0.0,500.0,90,1800000,0.00765858,4.342716260168962,4.7963164235376246,-1.2397767257255055e-09,50.078530073165894,6.4242212772369385,56.50275230407715,3.051757735406113e-09,5.722046170220096e-10,1.1257647275924683,0.24211139976978302,0.015780998393893242,0.18062996864318848,0.2150638997554779,1.0
389.75943092437825,0.0,500.0,91,1820000,0.006374781,3.270694199261392,4.5493951864303295,5.207061803957913e-08,50.57370328903198,6.345522403717041,56.91922688484192,-2.307891833197573e-08,2.8371811566785254e-08,1.2872451543807983,0.25963646173477173,0.01206999458372593,0.11541355401277542,0.20169934630393982,1.0
354.83975591212067,0.0,500.0,92,1840000,0.0069690994,2.33356143714516,4.24290831650898,-3.2424924967244806e-09,49.949724435806274,6.335314512252808,56.2850399017334,7.534026735811494e-09,3.0040741005876725e-09,1.2365288734436035,0.2526283264160156,0.01308040414005518,0.1726158857345581,0.20430445671081543,1.0
375.7980426804062,0.0,500.0,93,1860000,0.007121074,3.106398576308208,4.110337775072474,9.918212917625624e-09,50.025662660598755,6.360530376434326,56.3861939907074,-1.2588500908350397e-08,1.2636184321124233e-09,1.4730501174926758,0.2527177631855011,0.009217103943228722,0.16781073808670044,0.1715608537197113,1.0
384.7238343307405,0.0,500.0,94,1880000,0.007732537,3.054058565835285,3.917749945525151,-2.8944015184606542e-08,50.21273994445801,6.365476608276367,56.57821726799011,1.6117095213985522e-08,-1.1777878228258487e-08,1.1926214694976807,0.2161460518836975,0.014061265625059605,0.19148288667201996,0.181236132979393,1.0
407.58931906957525,0.0,500.0,95,1900000,0.0068232375,3.9765563905618753,3.787553967184322,2.0527838984207847e-08,50.44537830352783,6.3051605224609375,56.75053954124451,-1.3804435816666683e-08,4.81605511026828e-09,1.5034996271133423,0.2564437687397003,0.008847545832395554,0.11782776564359665,0.17056459188461304,1.0
407.70177902374974,0.0,500.0,96,1920000,0.0064008576,4.355882609118322,3.5911731797418778,-1.5354157056890472e-08,50.33759617805481,6.594484090805054,56.9320809841156,3.671646098268866e-09,-1.118183146076035e-08,1.6733052730560303,0.2678503394126892,0.007142973132431507,0.10289327055215836,0.16007262468338013,1.0
439.47320609932285,0.0,500.0,97,1940000,0.007169298,5.168328417942023,3.429626783292005,2.1243096171019715e-08,50.40313148498535,6.353514671325684,56.75664687156677,-9.727478378351861e-09,8.01086397217432e-09,1.4401912689208984,0.2403758019208908,0.00964248925447464,0.1379065364599228,0.1669054627418518,1.0
412.2843228824169,0.0,500.0,98,1960000,0.0077862074,4.260905348950891,3.2814431796408003,-3.898144029790274e-09,50.32637929916382,6.348560810089111,56.674941301345825,1.6212464259979242e-08,7.712841032514461e-09,1.2708308696746826,0.20749567449092865,0.012383803725242615,0.138564333319664,0.1632755994796753,1.0
411.7542645131228,0.0,500.0,99,1980000,0.0054164766,8.682920509159185,3.195068260514812,-7.510185362491484e-09,50.46841073036194,6.420567750930786,56.88897943496704,2.8610229740877458e-09,-2.1338462108388967e-09,0.878603994846344,0.2567318081855774,0.025908570736646652,0.19699379801750183,0.29220423102378845,1.0
463.47500614683815,0.0,500.0,100,2000000,0.006581681,9.256822107703822,2.9987255120732983,-4.258155783531947e-08,51.08686709403992,6.420874357223511,57.50774264335632,4.405975317922639e-08,-5.62667867853861e-09,1.5490504503250122,0.2628878057003021,0.00833486020565033,0.13657480478286743,0.1697089970111847,1.0
418.7721408221124,0.0,500.0,101,2020000,0.0070046885,7.455732472383293,2.871340758177885,-1.1682510514532396e-09,50.69905090332031,6.229492902755737,56.928544998168945,2.6702879907247734e-09,2.9087066089061864e-09,1.0179311037063599,0.2659476697444916,0.019301585853099823,0.21119296550750732,0.2612628936767578,1.0
426.1240201794211,0.0,500.0,102,2040000,0.006578087,5.179827286179658,2.68395050300914,6.8426131427656856e-09,50.80596375465393,6.495952844619751,57.30191946029663,-1.287460360543946e-08,-7.271766744310071e-09,1.4384151697158813,0.25001174211502075,0.009666317142546177,0.16458310186862946,0.17381054162979126,1.0
388.76307024437244,0.0,500.0,103,2060000,0.0066474457,4.274199266950037,2.537299351935174,1.491904200179306e-08,50.51096296310425,6.569745779037476,57.08070969581604,-1.1825561863076928e-08,4.17828571741552e-09,1.5444284677505493,0.26519545912742615,0.008384821936488152,0.0964270606637001,0.17171107232570648,1.0
422.9439112117005,0.0,500.0,104,2080000,0.007525825,4.4515353530835196,2.4029537764324505,2.3841861818141297e-10,50.88054156303406,6.249249219894409,57.12979221343994,4.0531160649948106e-09,2.336502102906479e-09,1.4097630977630615,0.23602846264839172,0.010063227266073227,0.19273298978805542,0.16742417216300964,1.0
376.5341988184752,0.0,500.0,105,2100000,0.007717845,4.141981040596202,2.263158045756589,7.2479249269008506e-09,50.43162488937378,6.475586891174316,56.90721273422241,-1.1444092340440193e-09,6.008148201175345e-09,1.556455373764038,0.21366314589977264,0.00825574155896902,0.16170556843280792,0.13727544248104095,1.0
446.3236931275413,0.0,500.0,106,2120000,0.0076238327,4.343275310355387,2.1320855875683438,-8.833408671193865e-09,49.97927117347717,6.2545788288116455,56.233850717544556,4.649162388403738e-09,-5.769729582993932e-09,1.2613688707351685,0.21646393835544586,0.012570292688906193,0.16408367455005646,0.17161034047603607,1.0
413.8580797874605,0.0,500.0,107,2140000,0.0069314325,3.987665754139044,2.0013671309325347,-1.604557020584707e-08,50.900489807128906,6.304591655731201,57.205082416534424,8.106231796922714e-10,-1.0061263822080946e-08,1.3039097785949707,0.24199512600898743,0.011763444170355797,0.1372564435005188,0.1855919063091278,1.0
413.7805028097664,0.0,500.0,108,2160000,0.0072743925,4.47998446377979,1.8900024031377902,5.9604645663569045e-09,50.90786290168762,6.319807052612305,57.2276713848114,-1.1634826435624745e-08,-4.315376500585444e-09,1.6151536703109741,0.25325697660446167,0.0076665813103318214,0.10194296389818192,0.1568005234003067,1.0
362.7705086504163,0.0,500.0,109,2180000,0.0068209055,2.478183358262299,1.7691952644639715,-5.662440294429416e-09,50.48516011238098,6.326459169387817,56.81162071228027,1.4114379887075756e-08,1.0108947456899386e-08,1.4117149114608765,0.26554712653160095,0.010035419836640358,0.09879162162542343,0.18810252845287323,1.0
444.736178806341,0.0,500.0,110,2200000,0.0076502534,7.86032782648779,1.647486852612465,1.4090537625577326e-08,50.46023082733154,6.434561252593994,56.894792795181274,-1.0013580187262505e-08,1.9073485846288207e-10,1.2665647268295288,0.21338891983032227,0.012467370368540287,0.1609269231557846,0.16847847402095795,1.0
405.24478664130663,0.0375,500.0,111,2220000,0.0071367417,7.187452406943983,1.559000596878635,-1.4591217123438582e-08,51.3526976108551,6.5915367603302,57.94423508644104,9.727478378351861e-09,-5.62667867853861e-09,1.1984505653381348,0.23672065138816833,0.013924814760684967,0.17063766717910767,0.19752220809459686,1.0
417.11089259342225,0.2125,500.0,112,2240000,0.0068040695,7.236225131666584,1.450708590571288,4.1961669694501325e-09,51.36035132408142,6.511101245880127,57.871453523635864,1.3351439953623867e-09,3.671646098268866e-09,1.218999981880188,0.26481813192367554,0.013459291309118271,0.1233864575624466,0.21724210679531097,1.0
346.5689594966496,0.0,500.0,113,2260000,0.0063467575,2.839659786831801,1.344422556260589,-8.282064811737655e-09,49.93068194389343,6.359545946121216,56.290229082107544,2.336502102906479e-09,-5.40614131239181e-09,1.1649589538574219,0.27686381340026855,0.014736978337168694,0.13231804966926575,0.23765970766544342,1.0
378.86415214679744,0.0,500.0,114,2280000,0.0072732796,3.6869109442279595,1.2307756138455337,-1.4531613246049346e-08,50.32640051841736,6.427062749862671,56.75346493721008,1.754760781125242e-08,1.633167268089153e-09,1.4206438064575195,0.22803586721420288,0.009909668937325478,0.11772961914539337,0.16051585972309113,1.0
413.8544654230756,0.0,500.0,115,2300000,0.007464885,5.5198199314676275,1.1277960133400693,-4.339218317994664e-09,50.481181144714355,6.3985912799835205,56.87977361679077,2.1934509764065524e-09,-3.278255444882916e-09,1.1350164413452148,0.22000263631343842,0.015524778515100479,0.2792292833328247,0.1938321590423584,1.0
402.8819029881105,0.0,500.0,116,2320000,0.007529022,5.03052448839139,1.0203256600601658,6.151199105630667e-09,50.39017295837402,6.465043306350708,56.85521697998047,-4.863739189175931e-09,-7.867813067718998e-10,1.035240888595581,0.2194758504629135,0.018661515787243843,0.19778481125831604,0.2120046317577362,1.0
416.9343659325547,0.0,500.0,117,2340000,0.006145387,5.168557123773417,0.9062462931226014,-4.8518185025159255e-09,50.34620642662048,6.3480143547058105,56.69422149658203,6.866454960174906e-09,9.417533419764368e-10,1.568978190422058,0.2853022813796997,0.008124480955302715,0.12116368114948273,0.18183960020542145,1.0
403.9189339439319,0.0,500.0,118,2360000,0.0072919386,3.0074615228707624,0.7946861134972542,2.1219253021342865e-09,50.426467418670654,6.300044059753418,56.72651267051697,-5.388260060357197e-09,-1.1682510514532396e-09,1.2018182277679443,0.22953948378562927,0.013846885412931442,0.19677914679050446,0.1909935027360916,1.0
427.74635028351804,0.0,500.0,119,2380000,0.007787161,4.5974334583160985,0.67766785853228,-1.8268822898903636e-08,49.837353229522705,6.382781505584717,56.2201361656189,1.9788741312254388e-08,-2.7000903735086013e-09,1.6184320449829102,0.22155898809432983,0.0076355524361133575,0.14497482776641846,0.13689731061458588,1.0
402.8630229052419,0.0,500.0,120,2400000,0.0073729386,6.49134701961165,0.572743259114065,1.0424852092683068e-08,50.50500702857971,6.463252544403076,56.968260526657104,-1.4305114426349519e-08,8.225440883968815e-10,1.549144983291626,0.21415427327156067,0.00833384320139885,0.19030708074569702,0.1382402777671814,1.0
416.6433733078644,0.0,500.0,121,2420000,0.006105036,3.323165735925079,0.46130655071917614,4.416704335596933e-09,50.84085536003113,6.582062482833862,57.42291855812073,-1.0776520120714395e-08,-3.5941600806665974e-09,0.943793535232544,0.26429489254951477,0.022453075274825096,0.22073858976364136,0.280034601688385,1.0
377.3534063607684,0.0,500.0,122,2440000,0.0069903657,3.8783792429668886,0.3468668066392279,-3.0755995528153335e-09,50.55347800254822,7.034364223480225,57.58784317970276,1.239776614703203e-09,-1.275539451839336e-09,1.204312801361084,0.25402987003326416,0.013789581134915352,0.19472351670265198,0.21093343198299408,1.0
422.3396513837908,0.0,500.0,123,2460000,0.0077798287,5.241542109941981,0.24533347657341867,-7.516145927866091e-09,50.752217054367065,6.5766730308532715,57.328890800476074,1.7285346487483366e-09,-2.1785497850146385e-09,1.4380159378051758,0.23591752350330353,0.009671684354543686,0.13759171962738037,0.1640576720237732,1.0
462.0808279623858,0.0,500.0,124,2480000,0.006718493,5.660210684909942,0.16956036839705363,-2.0110606513412677e-08,50.96518135070801,6.609968900680542,57.575151681900024,1.5437603195778138e-08,-2.241134611224993e-09,1.7572640180587769,0.26874595880508423,0.0064767226576805115,0.0786595493555069,0.15293432772159576,1.0
501.5802185745976,0.0,500.0,125,2500000,0.00670043,7.7278785410960005,0.11383529875878316,1.9109249294047004e-08,50.39730429649353,6.618031024932861,57.01533603668213,-2.0980834847250662e-08,6.43730180271973e-10,1.5005959272384644,0.25801554322242737,0.008881820365786552,0.16548869013786316,0.1719420701265335,1.0
428.98117363837656,0.0,500.0,126,2520000,0.0063365246,3.5633648797205297,0.07589400317638544,1.021772622067374e-08,50.673665285110474,6.778834581375122,57.45250129699707,-5.435943695175638e-09,-5.632638799824008e-10,1.5464407205581665,0.27775517106056213,0.008363015949726105,0.1393243372440338,0.17960932850837708,1.0
400.6390310926474,0.0,500.0,127,2540000,0.00790591,5.37863910008388,0.04931559640036267,1.0806322059409013e-08,51.43402624130249,6.617868185043335,58.0518958568573,9.536742923144104e-11,-1.430511542555024e-10,0.9016191959381104,0.3138836622238159,0.0246027410030365,0.17794618010520935,0.3481333255767822,1.0
408.2199264700949,380.42875,500.0,128,2560000,0.006702864,12.185365485689443,22416.148494569814,6.994247314651147e-07,51.20664572715759,6.65332293510437,57.85997033119202,5.531310964812519e-09,6.958007929824817e-07,0.6089608073234558,0.2529635727405548,0.05393258482217789,0.3712512254714966,0.4440497159957886,3.0
373.3679753527128,204.84624999999997,500.0,129,2580000,0.004562097,7.695177017655342,189.9463392506739,-1.8754006703147752e-07,51.59796142578125,6.634202241897583,58.23216485977173,7.486343100993054e-09,-1.6174315931039018e-07,0.6361205577850342,0.33533862233161926,0.04942549392580986,0.23654553294181824,0.5280741453170776,1.0
449.33205657499883,0.0,500.0,130,2600000,0.0077357576,4.0420598615506655,13.892546028696048,-7.476806729300733e-08,50.64720010757446,6.515949487686157,57.16315031051636,1.201629640235069e-08,-5.035400363340159e-08,1.4333409070968628,0.22601933777332306,0.00973487738519907,0.1630176156759262,0.15768709778785706,1.0
463.65864738786877,1658.4724999999999,500.0,131,2620000,0.00954722,29.904263829577502,112302.79566750617,4.515242835623212e-06,50.63652062416077,6.340564012527466,56.97708535194397,-1.8906593624024026e-08,5.126953055878403e-06,0.5213220715522766,0.2649354040622711,0.07358981668949127,0.6407034993171692,0.5147759914398193,1.0
390.2619404821686,633.7774999999999,500.0,132,2640000,0.0042292345,5.141260923094051,38.25719151102054,-1.6212464259979242e-08,51.079914569854736,6.198684453964233,57.27859973907471,-4.00543198608716e-09,-4.2724607851596375e-08,1.2079285383224487,0.311543345451355,0.013707149773836136,0.15136225521564484,0.18018515408039093,1.0
436.3854540148324,0.0,500.0,133,2660000,0.0060819555,7.7932741332206,35.64155447073043,6.084442105702692e-08,50.864819049835205,6.39000940322876,57.25482940673828,8.201599399626502e-09,9.155273872352154e-09,1.0974373817443848,0.2726176679134369,0.016606198623776436,0.16198183596134186,0.24841298162937164,1.0
433.56557519268625,4.675,500.0,134,2680000,0.0071379533,4.890321333089452,7.905000390976098,-3.7956240817038633e-08,50.84648513793945,6.419274806976318,57.265761852264404,-8.869171175263091e-09,-6.065369007046684e-08,1.1748404502868652,0.2275388538837433,0.014490116387605667,0.20547179877758026,0.19367630779743195,1.0
371.85008915934867,0.0,500.0,135,2700000,0.0068387506,4.47937299278891,11.764852287511157,4.673004383448642e-08,49.84321904182434,6.266946077346802,56.11016583442688,-1.2397766369076635e-08,-1.0490417423625331e-08,0.906409502029419,0.27031201124191284,0.024343382567167282,0.2180204540491104,0.2982228100299835,1.0
455.4614756604148,0.0,500.0,136,2720000,0.007516341,6.829508792974387,3.8371711219951607,-4.959106902902022e-09,50.048137187957764,6.485015392303467,56.53315353393555,9.250641141989036e-09,1.1825561863076928e-08,1.2669236660003662,0.23393785953521729,0.01246030442416668,0.18253351747989655,0.18465031683444977,1.0
415.09451050775453,4.695,500.0,137,2740000,0.0070520914,9.978832139179206,8.872319537363234,-2.479553451451011e-09,50.98163175582886,6.321384906768799,57.303019285202026,-1.4495849853801701e-08,1.4495849853801701e-08,0.9640616178512573,0.26981213688850403,0.021518908441066742,0.2598344385623932,0.2798701524734497,1.0
486.4716911222663,0.18,500.0,138,2760000,0.0060643177,5.829136217323838,6.090263055236476,2.880096516832964e-08,50.70397162437439,6.14235782623291,56.846330881118774,-4.673004205812958e-09,-1.2588500908350397e-08,0.9489632248878479,0.27762678265571594,0.022209104150533676,0.18448759615421295,0.2925580143928528,1.0
408.1814953420357,186.69374999999997,500.0,139,2780000,0.0043050423,7.745576411599566,2185.0330747375065,3.8580895989070996e-07,50.852232694625854,6.417946100234985,57.270179748535156,-8.082389868491191e-09,8.239746307481255e-08,0.7600149512290955,0.2958565056324005,0.03462466597557068,0.23534801602363586,0.33700063824653625,1.0
466.81465729051115,9.703750000000001,500.0,140,2800000,0.0064057363,9.073675059209204,11.278133022101821,-6.656646434066715e-08,50.532551527023315,6.481520175933838,57.01407241821289,1.5568733857662664e-08,-2.9373168786150927e-08,1.0156328678131104,0.259231299161911,0.019389035180211067,0.2535359859466553,0.25524112582206726,1.0
428.54175773331383,0.47750000000000004,500.0,141,2820000,0.007163388,4.061006666520599,3.8666880621272286,1.3685226285531371e-08,50.09904861450195,6.177572965621948,56.27662253379822,-1.1014938294806598e-08,8.106232129989621e-09,1.206904649734497,0.23016303777694702,0.013730419799685478,0.15740221738815308,0.1907052844762802,1.0
388.35840612216896,0.0,500.0,142,2840000,0.0070027085,4.187052949978288,3.5235652871951935,-2.1886826573336293e-08,50.277684926986694,6.305394172668457,56.58308005332947,-1.00135799652179e-09,-1.2207030941624453e-08,1.2436705827713013,0.24623648822307587,0.012930605560541153,0.17748570442199707,0.1979917585849762,1.0
499.7758534236635,0.0,500.0,143,2860000,0.0067421068,6.049222229544524,3.2281002656669373,1.678466787780053e-08,50.49596071243286,6.269094944000244,56.76505637168884,-1.506805347162299e-08,-9.155273872352154e-09,1.0291073322296143,0.23572203516960144,0.018884625285863876,0.23320196568965912,0.22905488312244415,1.0
492.10545889176336,0.0,500.0,144,2880000,0.0066005127,8.091146164638982,2.9129762181810515,-5.531311408901729e-09,50.62144684791565,6.319540023803711,56.94098782539368,3.051757735406113e-09,3.7193297330873065e-09,1.1608891487121582,0.2566058337688446,0.014840486459434032,0.14538495242595673,0.2210424840450287,1.0
433.2112654513691,0.0,500.0,145,2900000,0.00697178,3.7023162784090466,2.6622154480332783,-5.531310964812519e-09,50.693618297576904,6.101407289505005,56.79502630233765,-2.3841859042583735e-10,-5.57899459963096e-09,1.2747553586959839,0.23361137509346008,0.012307671830058098,0.18575187027454376,0.18325980007648468,1.0
458.5326620180299,0.0,500.0,146,2920000,0.006354696,8.62854231163195,2.60302056142479,-2.479553229406406e-09,51.01139950752258,6.384768724441528,57.39616918563843,-2.169609158997332e-09,-4.959106458812812e-09,0.7705828547477722,0.2510146200656891,0.0336814783513546,0.27688896656036377,0.32574647665023804,1.0
399.0688081765119,19.05,500.0,147,2940000,0.0066244486,4.937868577052074,5.388620873621315,5.7220459481754915e-09,51.33791971206665,6.473869562149048,57.81179094314575,-2.0980834847250662e-09,-1.0108947456899386e-08,0.9358226656913757,0.25945156812667847,0.022837191820144653,0.2935068607330322,0.2772443890571594,1.0
474.23423068144876,0.0,500.0,148,2960000,0.007466256,5.845171650807569,2.3748953170837113,-1.3828278522254323e-09,50.53888273239136,6.2921648025512695,56.83104848861694,-9.536743617033494e-10,-4.76837147544984e-09,1.2090096473693848,0.22705523669719696,0.013682645745575428,0.26667070388793945,0.18780265748500824,1.0
442.7236691737933,693.85,500.0,149,2980000,0.0040013166,9.870962577109124,17245.672757948887,-1.3350487506613717e-06,50.092456102371216,6.158095121383667,56.2505521774292,1.1825561863076928e-08,-2.4414063659605745e-07,0.5761678218841553,0.23892158269882202,0.060246508568525314,0.3799097537994385,0.4075201153755188,1.0
429.66380585048864,0.0,500.0,150,3000000,0.006348075,6.265859664169846,39.82301459707272,-2.1944046579847054e-07,50.94156217575073,6.507241487503052,57.44880485534668,8.726120270807769e-09,-2.0751953400122147e-07,1.005961537361145,0.2542051374912262,0.01976364478468895,0.2655302882194519,0.2526986598968506,1.0
385.87478088044276,87.74375,500.0,151,3020000,0.0058893617,5.276761111939789,3197.311995102038,-3.917217270554829e-07,50.29655623435974,6.409015417098999,56.70557260513306,-7.057189943537878e-09,-2.395629792317777e-07,0.26308169960975647,0.22973977029323578,0.2889673113822937,0.6832950115203857,0.7746864557266235,1.0
397.2528153743783,29.23125,500.0,152,3040000,0.004130394,4.901155350238654,6.820984517237183,-1.7356871495621817e-08,51.16358232498169,6.241187334060669,57.404770374298096,-4.625320570994518e-09,5.674362313357051e-09,1.1686172485351562,0.3492817282676697,0.014644854702055454,0.1726643145084381,0.2294958531856537,1.0
373.098178280517,0.0,500.0,153,3060000,0.0057906723,6.846435550367756,12.584564157959761,1.1482238448934368e-07,50.462167501449585,6.323034286499023,56.785202741622925,-2.6702879907247734e-09,8.544921570319275e-08,0.961983323097229,0.25647982954978943,0.02161198854446411,0.21450163424015045,0.2666156589984894,1.0
501.716872479515,0.0,500.0,154,3080000,0.007093724,3.9800040606480493,5.683541709754118,5.912780487449254e-09,50.262513875961304,6.365126132965088,56.62764072418213,-1.0108947456899386e-08,-2.145767119543507e-09,1.3078771829605103,0.261422336101532,0.011692184954881668,0.16174659132957458,0.19988290965557098,1.0
431.32254019916235,0.0,500.0,155,3100000,0.0069785803,4.880610578530913,5.766483896401278,1.4686584393075464e-08,50.75629949569702,6.308180570602417,57.064481019973755,-7.820129432900558e-09,1.5258788677030566e-09,1.0263960361480713,0.24252857267856598,0.018984530121088028,0.3032430112361908,0.2362913340330124,1.0
451.67586642714684,0.0,500.0,156,3120000,0.0072354735,7.81053130839281,5.0751458808874625,1.0919570136991297e-08,50.41793179512024,6.280094385147095,56.69802737236023,-1.3494491746257609e-08,-1.239776614703203e-09,1.4871646165847778,0.24288831651210785,0.009042976424098015,0.1690586656332016,0.16332308948040009,1.0
481.5568409403204,0.375,500.0,157,3140000,0.0073733293,4.167389770526036,5.707569580017381,-3.6430357397421176e-08,50.4392147064209,6.399576187133789,56.838791847229004,2.2125243859250077e-08,1.1444092340440193e-09,0.9970046281814575,0.22151464223861694,0.020120345056056976,0.23696672916412354,0.22218017280101776,1.0
445.30945634051915,0.0,500.0,158,3160000,0.006811309,6.9329853937124755,5.128819884160522,1.6212462483622403e-09,50.32857823371887,6.309615135192871,56.63819456100464,-1.8119812317252126e-09,3.433227480087453e-09,0.9513372182846069,0.2677159905433655,0.022098399698734283,0.21424534916877747,0.28141024708747864,1.0
408.8048027911469,0.0,500.0,159,3180000,0.0068275994,6.1106575334148046,4.545842530013649,-5.2452087118126656e-09,50.2091543674469,6.240108251571655,56.44926357269287,-2.0980834847250662e-09,-8.487701208537146e-09,1.1519825458526611,0.25133439898490906,0.015070853754878044,0.1432521939277649,0.2181754857301712,1.0
461.193522075683,0.0,500.0,160,3200000,0.0074159773,6.284443994692177,4.295608638046653,6.246567263445968e-09,50.56794834136963,6.066668748855591,56.634618520736694,9.536742923144104e-11,5.698204130766271e-09,1.0236358642578125,0.22027577459812164,0.01908704824745655,0.29062172770500183,0.215189591050148,1.0
518.7755577216423,0.0,500.0,161,3220000,0.0068401513,6.97790314953798,3.990981168503974,3.767013367905747e-09,49.976677894592285,6.338184595108032,56.314863443374634,-4.291534239087014e-09,-3.9577483512687195e-09,1.0195568799972534,0.2330506145954132,0.01924007758498192,0.34397533535957336,0.22858034074306488,1.0
473.946824977092,0.0,500.0,162,3240000,0.008005389,11.079947654608707,3.770990959702024,9.417533419764368e-09,50.080568075180054,6.163150072097778,56.24371886253357,-1.9836425835251248e-08,4.5299530793130316e-10,1.2820597887039185,0.20798969268798828,0.012167828157544136,0.23626196384429932,0.16223087906837463,1.0
457.36801308751154,0.0,500.0,163,3260000,0.006328611,5.707462430455882,3.5802902739518765,-4.458427405040766e-09,50.973883390426636,6.488807201385498,57.46269178390503,5.531310964812519e-09,8.344650526126429e-10,1.2771886587142944,0.27917250990867615,0.012260820716619492,0.18333731591701508,0.2185836136341095,1.0
473.9886691872524,0.0,500.0,164,3280000,0.0066235177,7.561996262847997,3.351438775943343,-1.0490417423625331e-09,50.689908504486084,6.319736003875732,57.00964570045471,-2.241134611224993e-09,-2.8371811566785254e-09,1.1494075059890747,0.2619118392467499,0.015138458460569382,0.19471730291843414,0.22786679863929749,1.0
493.3564212583651,0.0,500.0,165,3300000,0.007906535,6.025895577783038,3.0985330923347716,-1.442432484566325e-08,50.28768014907837,6.460386037826538,56.748066902160645,1.5640258865801115e-08,4.827976352039798e-10,1.176984190940857,0.21509143710136414,0.014437382109463215,0.2970237731933594,0.1827479749917984,1.0
437.1619844480989,0.0,500.0,166,3320000,0.00663721,6.818860415896033,2.9021664640706057,1.0710954789772131e-08,50.88721418380737,6.773277044296265,57.66049242019653,-6.484985437538171e-09,-1.9252299754413116e-09,1.1287083625793457,0.25049594044685364,0.015698792412877083,0.2193489670753479,0.22193148732185364,1.0
417.265765684824,0.0,500.0,167,3340000,0.007046555,5.780333091650799,2.7475874416387764,2.2321938075720027e-08,50.142308473587036,6.409872055053711,56.552181243896484,-2.951622057878467e-08,-6.914138706015649e-10,1.0728949308395386,0.2408866286277771,0.017374619841575623,0.20837359130382538,0.22452028095722198,1.0
449.4403988913747,0.0,500.0,168,3360000,0.007865419,6.481233259522991,2.6052568162322802,-2.8073787738946976e-09,50.204336643218994,6.390487432479858,56.59482479095459,5.817413217812373e-09,-7.808208524195948e-10,1.2636302709579468,0.21879176795482635,0.012525340542197227,0.30591824650764465,0.1731453686952591,1.0
485.2936092786687,0.0,500.0,169,3380000,0.008288584,7.860576705871874,2.5007097153147315,-1.6838312077993578e-08,50.0567307472229,6.424947500228882,56.4816792011261,9.346008411625917e-09,-4.607438874870695e-09,1.0768853425979614,0.2062915712594986,0.017246097326278687,0.28034746646881104,0.1915631741285324,1.0
492.0578507998724,0.0,500.0,170,3400000,0.007596482,10.505676416834449,2.3850738145743207,-2.562999590338677e-09,50.18466639518738,6.1543128490448,56.338980197906494,-6.675720420901143e-09,-2.2232533591903803e-09,1.3042832612991333,0.2198793590068817,0.011756709776818752,0.36717748641967773,0.1685824990272522,1.0
478.66825347570193,0.0,500.0,171,3420000,0.0068599978,7.588939602056127,2.2672136833713314,2.654120301315288e-08,50.47754216194153,6.19300651550293,56.670549392700195,-2.5272369086337676e-08,5.342066233815501e-10,1.4445637464523315,0.2392091602087021,0.009584205225110054,0.21680480241775513,0.16559268534183502,1.0
491.0490287158635,0.0,500.0,172,3440000,0.0061942996,5.215097867911029,2.138343114306213,-2.4729967407211007e-08,50.34165358543396,6.591031074523926,56.9326856136322,1.916885317143624e-08,-3.600120646041205e-09,1.359696626663208,0.2597006559371948,0.010817963629961014,0.19757938385009766,0.19099895656108856,1.0
442.76415469214305,0.0,500.0,173,3460000,0.007796605,5.384002972560324,2.019413909638763,-1.1146070733047964e-09,50.13128209114075,6.33312463760376,56.464407444000244,-2.38418573772492e-09,-4.410743770222325e-09,1.507421612739563,0.19918176531791687,0.008801566436886787,0.1921541690826416,0.13213405013084412,1.0
465.3396480021762,0.0,500.0,174,3480000,0.0070334007,4.709764745129142,1.9198826786059482,1.8715857752482634e-09,50.13866209983826,6.1514317989349365,56.29009461402893,-5.4836273299940785e-09,-7.152557435219364e-10,1.4707276821136475,0.23671473562717438,0.009246236644685268,0.18405987322330475,0.16095073521137238,1.0
421.5696808587454,0.0,500.0,175,3500000,0.0076343263,5.004985144487612,1.8297333961839128,-6.663799290151928e-09,50.414894342422485,6.243574857711792,56.65847039222717,5.102157807357344e-09,2.6524067386901606e-09,1.0871384143829346,0.21057967841625214,0.016922324895858765,0.28278443217277527,0.19370092451572418,1.0
458.2665142140446,0.0,500.0,176,3520000,0.006907573,5.1345681860188765,1.7382825431550384,-3.0279161400414978e-09,50.22804856300354,6.508713722229004,56.73676371574402,-1.19209286886246e-09,1.287460360543946e-09,1.349279761314392,0.2457020878791809,0.010985645465552807,0.13788001239299774,0.18209868669509888,1.0
424.504774251155,41.4875,500.0,177,3540000,0.0014353882,8.809648122908962,279.08701883432974,-1.1668204535908444e-07,50.33315563201904,6.220008134841919,56.55316472053528,-8.201599399626502e-09,5.7983399415206804e-08,0.46673741936683655,0.3270062208175659,0.09180888533592224,0.2517441213130951,0.7240484356880188,1.0
442.576688696916,4.6375,500.0,178,3560000,0.007401636,4.373493251375332,2.5289943763404894,-1.5687941612441136e-08,50.86294102668762,6.281422853469849,57.144365310668945,6.151199549719877e-09,7.629394338515283e-10,1.0922749042510986,0.24632702767848969,0.016763541847467422,0.2566501796245575,0.22551746666431427,1.0
394.46964768170335,0.0,500.0,179,3580000,0.0068847947,6.077142257447456,2.267872157522068,4.00543243017637e-09,49.31851553916931,6.388782262802124,55.70729899406433,-6.866454960174906e-09,-6.318092160562117e-10,1.4338853359222412,0.22684375941753387,0.00972748827189207,0.19184589385986328,0.15820211172103882,1.0
405.03434763920916,0.0,500.0,180,3600000,0.007873817,6.599900956366472,7.291238082594173,-1.12533564688988e-08,50.381200551986694,6.1809258460998535,56.562127113342285,4.577636936176077e-09,8.964538444899972e-09,0.8723381161689758,0.19821864366531372,0.02628210559487343,0.4158228635787964,0.2272268682718277,1.0
485.59134340534,0.0,500.0,181,3620000,0.00769257,6.3683346591937315,3.4723736368167173,2.1886826573336293e-08,49.480692863464355,6.314513206481934,55.795206785202026,-7.724762163263676e-09,1.6212464259979242e-08,1.228358268737793,0.22271357476711273,0.01325499452650547,0.19076958298683167,0.18130992352962494,1.0
465.8038651569809,0.0,500.0,182,3640000,0.007496389,5.1817090183306656,2.2790062576342542,1.0728836485895954e-08,50.80565643310547,6.501922845840454,57.30758047103882,-2.861023085110048e-10,2.336502102906479e-09,1.2823258638381958,0.22863194346427917,0.012162778526544571,0.17106008529663086,0.17829471826553345,1.0
417.045854726099,0.0,500.0,183,3660000,0.007559803,4.979039066308623,2.0430668121690205,-1.9693375818974346e-08,50.44333481788635,6.255093097686768,56.69842863082886,1.831054774470431e-08,-6.675719976811934e-10,1.2747451066970825,0.21970707178115845,0.012307870201766491,0.27368828654289246,0.17235369980335236,1.0
438.59481004593664,0.0,500.0,184,3680000,0.007384666,7.8833802883792075,1.85202640249471,8.988380706398402e-09,50.48082733154297,6.271052360534668,56.75188088417053,-5.149841442175784e-09,-7.15255771277512e-11,1.14220130443573,0.23994643986225128,0.015330079011619091,0.2385643720626831,0.21007366478443146,1.0
514.5250117221715,0.0,500.0,185,3700000,0.007637651,7.511370567151696,1.7375582205262154,-5.364418242947977e-09,49.865679025650024,6.639826536178589,56.50550699234009,-2.813339339269305e-09,-2.8371811566785254e-09,1.4676635265350342,0.22996345162391663,0.009284884668886662,0.19674067199230194,0.15668675303459167,1.0
445.69074445714995,0.0,500.0,186,3720000,0.0072569656,7.704133008543852,1.6070744623803788,6.914139261127161e-10,50.14902949333191,6.496427059173584,56.64545917510986,1.5258788677030566e-09,3.57627885638756e-11,1.4077457189559937,0.22816018760204315,0.01009208895266056,0.16829369962215424,0.16207484900951385,1.0
431.27522849572887,0.0,500.0,187,3740000,0.0069090608,4.455331190832101,1.4868433677466812,1.5974045419753224e-09,50.252421379089355,6.235007286071777,56.48743009567261,1.478195232884616e-09,4.291534350109316e-10,1.127150058746338,0.24763374030590057,0.015742227435112,0.21777476370334625,0.2196989804506302,1.0
452.33383344668084,0.0,500.0,188,3760000,0.0073308824,6.670027975823469,1.3903989820723321,8.03470623367275e-09,50.49853849411011,6.283849000930786,56.78238868713379,-3.051757735406113e-09,2.0623207586112358e-09,1.195949673652649,0.23996423184871674,0.013983113691210747,0.3137141466140747,0.20064742863178253,1.0
412.1910517975278,0.0,500.0,189,3780000,0.0074509797,4.52518925818668,1.3026905339234953,1.5437603417822743e-09,50.859389543533325,6.605117559432983,57.46450877189636,-1.201629640235069e-08,5.066395081243513e-10,1.0734748840332031,0.21566447615623474,0.01735585555434227,0.2580287456512451,0.20090316236019135,1.0
463.21560157385454,0.0,500.0,190,3800000,0.00833274,7.680374432065684,1.2195748432426696,5.760788734932021e-09,50.303701639175415,6.535872459411621,56.839576721191406,-1.1587142800806305e-08,4.515051943432269e-10,1.2192140817642212,0.19357679784297943,0.013454567641019821,0.2878688871860504,0.15877175331115723,1.0
447.08670852113517,0.0,500.0,191,3820000,0.007829829,6.65129691506647,1.1705265646527527,-7.000565460657526e-09,50.38931918144226,6.458819150924683,56.84813928604126,-3.0040741005876725e-09,-3.546476445848157e-10,0.911193311214447,0.19917184114456177,0.02408844791352749,0.24495123326778412,0.21858356893062592,1.0
388.19366461228344,0.09,500.0,192,3840000,0.007251118,4.9409360539381675,1.129392196342444,2.6702879907247734e-09,50.481855154037476,6.456611156463623,56.938467502593994,4.243850604268573e-09,4.768371808516747e-10,0.9178900718688965,0.2314351499080658,0.023738237097859383,0.31072863936424255,0.2521381676197052,1.0
391.032680351405,0.11000000000000001,500.0,193,3860000,0.0055590086,3.7814624982275022,1.0569627747414219,4.577636936176077e-09,49.6500461101532,6.358795166015625,56.00884246826172,-6.532669072356612e-09,-2.861023085110048e-10,0.9943649172782898,0.28849154710769653,0.02022731304168701,0.16844063997268677,0.2901264727115631,1.0
381.1802639962402,0.0,500.0,194,3880000,0.0058326013,4.727235628996685,0.9898415356304995,-4.0411949342455955e-09,50.253814935684204,6.3812255859375,56.63504147529602,2.38418573772492e-09,5.245208711812666e-10,0.7828354239463806,0.2473040372133255,0.032635398209095,0.18456199765205383,0.31590813398361206,1.0
417.8105183884228,58.45,500.0,195,3900000,0.0046103233,6.568621617213935,57.9339307341606,7.591248163407727e-08,50.665411710739136,6.261921405792236,56.92733430862427,-7.438659466174613e-09,2.5939941750152684e-08,0.6348820924758911,0.2563677132129669,0.04961850866675377,0.28405603766441345,0.4275413155555725,1.0
446.86651749573446,0.0,500.0,196,3920000,0.0074157584,5.648065687288904,1.3738877584220497,8.583068478174027e-09,50.88032841682434,6.524072885513306,57.40440249443054,4.386901952813105e-09,1.2636184543168838e-08,1.1700079441070557,0.23612676560878754,0.01461006235331297,0.2742084562778473,0.2018163949251175,1.0
466.3590225048967,0.0,500.0,197,3940000,0.0067733955,5.435268541506142,1.273442544451185,1.1110305564443479e-08,50.677738666534424,6.48918890953064,57.16692852973938,-1.039505015398845e-08,2.5033950468156263e-09,0.9022330641746521,0.2346682995557785,0.024569276720285416,0.18649202585220337,0.2600972056388855,1.0
457.03402359119735,0.0,500.0,198,3960000,0.00777921,8.967903857018538,15.16921952719901,-1.8787384092888715e-08,50.957308292388916,6.154369592666626,57.11168050765991,1.8167495952070567e-08,2.1362303925798187e-08,1.0271499156951904,0.23876802623271942,0.01895667053759098,0.32181838154792786,0.23245687782764435,1.0
456.2580759174427,0.0,500.0,199,3980000,0.0067583616,7.018831435282519,8.034955401557266,4.7564505223363085e-08,50.23273205757141,6.447540998458862,56.68027400970459,1.7833709620163063e-08,3.4713746543957313e-08,0.9705982208251953,0.25139331817626953,0.02123004011809826,0.23819096386432648,0.25900864601135254,1.0
376.70770701810886,0.0,500.0,200,4000000,0.0070068985,4.449460447214212,1.342054463951451,1.0871887390351276e-08,50.83090686798096,6.540956020355225,57.37186408042908,-6.103515470812226e-09,-7.534026735811494e-09,0.9083604216575623,0.25689396262168884,0.02423892915248871,0.24753637611865997,0.2828105688095093,1.0
469.60532016090804,0.0,500.0,201,4020000,0.007812204,7.048562456999615,1.1726468831870207,-6.914139039082556e-09,50.12858271598816,6.4024224281311035,56.531007051467896,4.386901952813105e-09,-3.7193297330873065e-09,1.0302010774612427,0.21147483587265015,0.018844548612833023,0.30567657947540283,0.2052752524614334,1.0
408.73160044005937,0.0,500.0,202,4040000,0.0070123305,3.9665214795215875,1.045450267062825,-3.6358835941996404e-09,49.73386478424072,6.342668056488037,56.076533794403076,-1.1539459165987864e-08,-1.2862682474690246e-08,1.0286122560501099,0.2205505669116974,0.018902812153100967,0.2920754849910736,0.21441566944122314,1.0
371.0435352583475,0.0,500.0,203,4060000,0.007581564,3.4688149666330617,0.9342327160060785,-1.617073941417857e-08,50.00371813774109,6.38297700881958,56.386696100234985,9.155273872352154e-09,-3.975629603303332e-09,0.8102526068687439,0.25162217020988464,0.030464142560958862,0.3806396722793579,0.310547798871994,1.0
399.1987530786067,0.0,500.0,204,4080000,0.007573336,4.4207275256989105,0.8244690916340822,-1.5419720611475896e-08,50.25348782539368,6.567886590957642,56.821375370025635,5.817413217812373e-09,1.5348196047426654e-09,1.0196017026901245,0.2090650349855423,0.019238386303186417,0.20938953757286072,0.20504574477672577,1.0
421.8555649306215,0.0,500.0,205,4100000,0.0073667686,7.73672872713417,0.7564871983163676,4.017353116836375e-09,50.581321239471436,6.260740280151367,56.84206223487854,2.622604355906333e-10,9.000301615103012e-10,1.2180969715118408,0.23356899619102478,0.013479257002472878,0.23745837807655334,0.19174912571907043,1.0
434.4116658376706,2.57125,500.0,206,4120000,0.0064905914,11.374835682978295,2.555603583603148,2.002716215088185e-09,50.15074586868286,6.38312840461731,56.533875465393066,7.867813067718998e-09,6.294250454175199e-09,0.8839132189750671,0.23415787518024445,0.02559826523065567,0.36365219950675964,0.2649105489253998,1.0
445.5698470562726,0.45375,500.0,207,4140000,0.008357825,6.148179440741327,0.7525410021945929,-2.479553229406406e-09,49.507497787475586,6.185622692108154,55.69312119483948,-2.8610229740877458e-09,-1.8596648665436533e-09,0.8519207239151001,0.19962884485721588,0.027556970715522766,0.6077421307563782,0.23432794213294983,1.0
419.6477591017069,0.0,500.0,208,4160000,0.0067783655,6.388490510898031,1.1238168078243354,6.1988831845383174e-09,49.78982663154602,6.426355361938477,56.216182708740234,-1.354217538107605e-08,7.057189943537878e-09,0.8487948775291443,0.24004775285720825,0.02776031196117401,0.27176469564437866,0.2828100621700287,1.0
503.2969204147362,0.0,500.0,209,4180000,0.0070324144,9.636570462755337,0.6839118471950483,4.673004205812958e-09,50.44666838645935,6.435309171676636,56.881978273391724,-4.100799699813251e-09,-1.4305114870438729e-09,1.0715504884719849,0.23641693592071533,0.01741825044155121,0.25174927711486816,0.2206307351589203,1.0
475.09576522096177,0.0,500.0,210,4200000,0.0071191164,6.515622747475934,0.6217389277971475,3.048479513267921e-08,49.67811727523804,6.338937282562256,56.01705551147461,-2.9277801516514046e-08,-3.3080577166444414e-10,1.1444461345672607,0.24326927959918976,0.015269999392330647,0.3344264030456543,0.21256506443023682,1.0
462.321751051972,0.0,500.0,211,4220000,0.007795266,5.929415565843035,0.5539652792511472,-5.0067905377204625e-09,50.399717807769775,6.594620704650879,56.99433946609497,5.531310964812519e-09,9.059906158626063e-10,1.599357008934021,0.2283763885498047,0.007818772457540035,0.16606274247169495,0.14279265701770782,1.0
427.1226633553644,0.0,500.0,212,4240000,0.0052088317,4.239627124853195,0.4990642050459127,1.9431114495205293e-09,51.439791202545166,6.322435140609741,57.762227296829224,-5.388260060357197e-09,5.9604643443123e-10,0.9483495950698853,0.3008207082748413,0.022237852215766907,0.19508211314678192,0.31720438599586487,1.0
383.44430525320723,0.0,500.0,213,4260000,0.0076125585,4.7408002766833945,0.44999734795397256,8.487702096715566e-09,51.072821378707886,6.281754016876221,57.354576587677,2.861023085110048e-10,1.490116086078075e-10,0.8592097759246826,0.2406761348247528,0.02709139883518219,0.3072163760662079,0.2801133394241333,1.0
429.5977008030553,0.0,500.0,214,4280000,0.0074919295,8.798244581860342,0.4006035389793906,-1.5884637605267926e-08,50.641024351119995,6.407284498214722,57.04830980300903,9.727478378351861e-09,8.076429525161188e-10,1.1516880989074707,0.22101964056491852,0.015078561380505562,0.2391538918018341,0.19190926849842072,1.0
447.53093638421785,0.0,500.0,215,4300000,0.006673362,5.445436751159133,0.3351241964823122,-2.7799606172607128e-08,49.77021551132202,6.571986198425293,56.34220290184021,3.347397026232102e-08,6.43730180271973e-10,1.1859573125839233,0.2453562319278717,0.01421973668038845,0.13382893800735474,0.20688456296920776,1.0
424.24458341032675,0.0,500.0,216,4320000,0.007085573,4.780953514196311,0.24482874961415674,-1.0018795570942984e-08,50.40556716918945,6.533846616744995,56.939414739608765,1.5783310658434857e-08,5.260110125249184e-10,0.7993456721305847,0.2383638322353363,0.031301166862249374,0.24347485601902008,0.2981986999511719,1.0
403.7362378663408,0.0,500.0,217,4340000,0.007560392,9.639816728519026,0.1649957397276429,-3.924965685797588e-09,50.52781128883362,6.348867177963257,56.87667942047119,3.3855438452690123e-09,-3.2931565807636787e-10,1.1234797239303589,0.21640540659427643,0.01584525592625141,0.22998154163360596,0.1926206797361374,1.0
402.0820724134933,0.0,500.0,218,4360000,0.0072563537,5.754088964887486,0.09861906516798742,-3.156811034799034e-09,50.50775384902954,6.393194198608398,56.90094995498657,4.291534350109316e-10,-5.6624413491412895e-11,1.1410669088363647,0.23833118379116058,0.015360575169324875,0.2510676681995392,0.20886701345443726,1.0
470.6312519998781,0.0,500.0,219,4380000,0.005318364,8.437137362759584,0.03969868709374765,2.1541863404195283e-08,50.39628219604492,6.5472142696380615,56.94349718093872,-2.250671471415444e-08,2.1159649032931327e-10,0.8953035473823547,0.30137622356414795,0.024951070547103882,0.1752554178237915,0.3366190195083618,1.0
398.17755463609063,0.0,500.0,220,4400000,0.007377234,6.28300579004227,0.008914284933518594,-3.036483953167135e-09,51.0116810798645,6.289527654647827,57.301209688186646,-3.433227480087453e-09,8.009374413697756e-12,0.9778222441673279,0.23589688539505005,0.020917508751153946,0.23043055832386017,0.24124716222286224,1.0
438.54622285830027,0.0,500.0,221,4420000,0.0060160942,6.49346205869298,0.0015148796454801633,-1.1473895444868987e-10,51.00256896018982,6.419695615768433,57.42226529121399,-2.00271599304358e-09,1.2442469277118562e-10,1.0487316846847534,0.2826045751571655,0.018184484913945198,0.16946345567703247,0.26947274804115295,1.0
400.8405358185561,0.0,500.0,222,4440000,0.007200438,6.063394655391669,0.00021043232786984502,-9.216042151649617e-09,50.22995471954346,6.396934270858765,56.62689018249512,3.19480886190604e-09,2.929009465524324e-11,0.8308621048927307,0.22079387307167053,0.028971567749977112,0.5236218571662903,0.2657407224178314,1.0
469.92084420539203,0.0,500.0,223,4460000,0.0074491343,6.48250915852322,7.594817002224836e-06,1.4334637477020351e-08,50.3529634475708,6.3055572509765625,56.65852165222168,-1.3351440841802287e-08,2.849847094421598e-11,1.1408463716506958,0.21013888716697693,0.015366514213383198,0.2893826365470886,0.1841956079006195,1.0
453.35312717187355,0.0,500.0,224,4480000,0.00565298,6.75158673608379,7.42257325972422e-08,2.5059097019664023e-09,50.925214767456055,6.457695245742798,57.38291072845459,9.822845647988743e-09,-6.84056422617374e-11,0.7548529505729675,0.26244211196899414,0.03509983792901039,0.24118097126483917,0.34767311811447144,1.0
416.4078451836225,0.0,500.0,225,4500000,0.006070303,7.379465556296573,5.1654679666238776e-08,-8.376780158414476e-09,50.14319729804993,6.33234167098999,56.47554063796997,9.179115245672165e-09,-5.5693089029418275e-11,0.9548183083534241,0.24665355682373047,0.02193756029009819,0.22937420010566711,0.25832509994506836,1.0
413.11944209833257,0.0,500.0,226,4520000,0.0069949827,5.166998518652218,3.66742011717514e-08,9.691063951322576e-09,50.82992887496948,6.287527322769165,57.1174578666687,-1.4686584393075464e-08,-3.622844732542596e-11,0.9343318939208984,0.2461247742176056,0.02291012555360794,0.34834209084510803,0.26342329382896423,1.0
467.00273147446404,0.0,500.0,227,4540000,0.0071751215,4.428175188477631,2.5107462077977588e-08,9.730644734418092e-09,50.41006135940552,6.29955792427063,56.70962071418762,-2.07901003079769e-08,3.2130628453003185e-12,1.2631590366363525,0.2403758019208908,0.012534689158201218,0.15407010912895203,0.19029733538627625,1.0
440.8025303767721,0.0,500.0,228,4560000,0.007708478,6.435411164563173,2.670763202498456e-08,-1.8779422461534523e-09,50.61052989959717,6.75738000869751,57.367910623550415,4.81605511026828e-09,-6.570480964862568e-11,1.047135591506958,0.2145543247461319,0.018239960074424744,0.2288198322057724,0.20489643514156342,1.0
397.5378569336191,0.0,500.0,229,4580000,0.0064797327,3.516646431206138,1.269120543858114e-08,4.6507340201173974e-09,50.34969353675842,6.3687803745269775,56.718475103378296,-3.7193297330873065e-09,-2.2293533338824112e-11,0.8343946933746338,0.2674080729484558,0.028726765885949135,0.26838961243629456,0.32048147916793823,1.0
441.0361692555927,0.0,500.0,230,4600000,0.007779027,7.9467077656156695,1.1511209099017083e-08,-2.604024551544626e-09,50.12615752220154,6.303537607192993,56.42969584465027,-2.145767119543507e-09,1.883599873298003e-11,0.9695541262626648,0.25321027636528015,0.02127578668296337,0.2599177062511444,0.26116159558296204,1.0
384.05185802365315,0.0,500.0,231,4620000,0.004476602,6.0494843776059,1.2070096416758773e-08,9.685056312491724e-09,50.30279994010925,6.4708452224731445,56.77364659309387,-2.7656554824062596e-09,5.293404603534668e-11,0.7576483488082886,0.21500007808208466,0.03484131395816803,0.3975750803947449,0.28377291560173035,1.0
472.1427068053896,840.525,500.0,232,4640000,0.0053738356,10.094949304374161,39915.041085263365,3.6430360950134855e-08,50.36913561820984,6.23573899269104,56.604875564575195,6.675720420901143e-09,-1.098632793627985e-07,0.7844699025154114,0.2191508561372757,0.03249954432249069,0.39760908484458923,0.2802237570285797,1.0
379.13131614547143,0.0,500.0,233,4660000,0.007285792,6.652381337979796,7.364316467418792,-6.866454782539222e-08,50.08783721923828,6.345206260681152,56.43304443359375,-6.484985437538171e-09,-8.544921570319275e-08,0.9304697513580322,0.2283107489347458,0.023100707679986954,0.4080997705459595,0.2453715205192566,1.0
456.1525270834175,0.0,500.0,234,4680000,0.008437623,7.11596349166457,6.703606810387533,-1.997947762788499e-08,50.42499375343323,6.228604793548584,56.65359926223755,1.840591501434119e-08,0.0,0.9797163009643555,0.2334689050912857,0.020836709067225456,0.2018490433692932,0.2383025884628296,1.0
372.93105981993597,0.0,500.0,235,4700000,0.0065940507,2.784564232978092,0.6679129303450797,3.7193299551319114e-09,49.39599823951721,6.587560653686523,55.98355984687805,4.768371461572052e-11,4.291534239087014e-09,0.9626007676124573,0.24701589345932007,0.021584272384643555,0.24994005262851715,0.2566130459308624,1.0
375.03482333064557,0.0,500.0,236,4720000,0.0063144686,3.5352819902881696,0.5557656256256589,2.861022529998536e-10,50.60513162612915,6.403426647186279,57.008559465408325,-6.866454960174906e-09,-5.722046170220096e-10,1.0239803791046143,0.2668343186378479,0.019074205309152603,0.1828209012746811,0.26058539748191833,1.0
409.1087926625572,0.0,500.0,237,4740000,0.007845608,4.989372890770055,0.46845892944913003,-3.910064716450279e-09,50.15086817741394,6.3973119258880615,56.5481812953949,-4.386901952813105e-09,-8.201599399626502e-09,0.9297251105308533,0.24824674427509308,0.02313772775232792,0.24487322568893433,0.2670108675956726,1.0
452.84488886777183,0.0,500.0,238,4760000,0.006357218,8.283961686814667,0.41844920360358656,2.956390465769232e-09,50.058964014053345,6.63171911239624,56.6906840801239,-1.1682510070443186e-08,5.722046170220096e-10,1.1606519222259521,0.26760348677635193,0.014846554957330227,0.1908637285232544,0.23056304454803467,1.0
372.00140914118066,0.0,500.0,239,4780000,0.006143803,3.9511335143617763,0.343343328024931,-4.1961669694501325e-09,50.47174119949341,6.655168056488037,57.12690997123718,7.629394893626795e-09,-1.0967254882032762e-09,0.9469144344329834,0.276731014251709,0.022305313497781754,0.21017657220363617,0.2922450006008148,1.0
408.9667758565635,0.0,500.0,240,4800000,0.0073850267,3.5326347827911375,0.28817841989599213,-3.5047531543597188e-09,50.98979425430298,6.3588550090789795,57.348649978637695,4.220008786859353e-09,2.145767175054658e-10,1.1143887042999268,0.23375970125198364,0.016104836016893387,0.2303617298603058,0.2097649872303009,1.0
445.07624480234955,0.0,500.0,241,4820000,0.006523916,4.86871453652716,0.22617174965940462,-1.0132789052264002e-10,50.319291830062866,6.594344615936279,56.91363739967346,-3.051757735406113e-09,5.662441071585533e-10,1.243500828742981,0.252548485994339,0.01293413806706667,0.16854192316532135,0.20309478044509888,1.0
386.2958415440175,0.0,500.0,242,4840000,0.0078656,5.317319230213287,0.1641967253225624,1.9848347410089673e-09,50.914636850357056,6.2718164920806885,57.18645405769348,-3.051757735406113e-09,-5.245208711812666e-10,0.6747351288795471,0.24822862446308136,0.04393020272254944,0.3356955051422119,0.36789047718048096,1.0
440.7735830056007,0.0,500.0,243,4860000,0.006343746,6.123962596419511,0.09647026678938775,1.1330842930590279e-08,50.08425712585449,6.366496562957764,56.45075464248657,-1.3780593555168252e-08,-1.2516975234078132e-09,1.0468230247497559,0.2706725597381592,0.018250856548547745,0.1815059930086136,0.2585656940937042,1.0
346.18545349374415,0.0,500.0,244,4880000,0.0073498404,4.850118552043939,0.036746429080131704,3.746151833183831e-09,50.1403386592865,6.6044275760650635,56.74476742744446,-4.1961669694501325e-09,-3.69548808221154e-10,0.6736252307891846,0.2604701519012451,0.04407509043812752,0.3098710775375366,0.38666918873786926,1.0
353.41016896607306,0.0,500.0,245,4900000,0.0055936826,6.5900267409670885,0.008734973611393172,2.059340475923932e-09,50.29112505912781,6.5579047203063965,56.84903073310852,-5.340575981449547e-09,-1.1622905415897833e-10,0.5728371143341064,0.2865418493747711,0.06094914674758911,0.29590845108032227,0.5002152919769287,1.0
404.4957423431835,0.0,500.0,246,4920000,0.006891646,4.082231518265548,0.00183722528278276,-3.8412210301430605e-08,50.48594784736633,6.537939786911011,57.02388858795166,4.301071143686386e-08,1.84774404110577e-10,1.1826119422912598,0.2309095412492752,0.014300299808382988,0.168538436293602,0.1952538788318634,1.0
396.03740437420134,0.0,500.0,247,4940000,0.005873331,4.510718377228755,0.0007858240403009543,-7.015466430004835e-09,49.98073196411133,6.382991790771484,56.36372470855713,1.1444092340440193e-09,-4.768371461572052e-11,0.7303060293197632,0.2583963871002197,0.03749902918934822,0.29889383912086487,0.3538193702697754,1.0
448.07051142377884,0.0,500.0,248,4960000,0.0073898383,4.506319280642613,0.0004895231402723807,1.55031685267204e-08,50.440136432647705,6.562729358673096,57.00286650657654,-1.6212464259979242e-08,7.450580430390374e-11,1.280153751373291,0.24697136878967285,0.012204088270664215,0.15846891701221466,0.19292321801185608,1.0
421.7826429984275,0.0,500.0,249,4980000,0.006474766,5.606774337883968,0.0003842368112449908,-5.7086348981272295e-09,50.463024854660034,6.352952480316162,56.81597828865051,4.482269222449986e-09,5.215406231884323e-12,1.2176260948181152,0.2808277904987335,0.013489685021340847,0.2281062752008438,0.23063553869724274,1.0
370.8082368949859,619.775,500.0,250,5000000,0.006000682,7.6968346853924405,26988.978092468544,-6.762504654034274e-07,51.081462383270264,6.646057367324829,57.72752094268799,5.459785512584858e-09,-3.0273438369476935e-06,0.5644952654838562,0.2196010798215866,0.06276381760835648,0.37749534845352173,0.46175649762153625,1.0
421.61879908965864,0.0,500.0,251,5020000,0.0067839706,9.928469507101994,260.8794183694633,4.31060769301439e-08,50.09038209915161,6.612662076950073,56.703045129776,1.3351439953623867e-09,9.765624753299562e-08,0.8217673897743225,0.250003844499588,0.02961638569831848,0.27534201741218567,0.3042270541191101,1.0
407.505901788953,0.0,500.0,252,5040000,0.0090413485,5.39687836686517,5.571331482556215,-1.0299682884351569e-08,50.21325945854187,6.487332105636597,56.70059251785278,-9.346008411625917e-09,3.814697446813398e-09,0.9702981114387512,0.2580386698246002,0.021243175491690636,0.24299275875091553,0.26593753695487976,1.0
464.9158487054683,0.0,500.0,253,5060000,0.007453952,5.204519526973652,4.074562679202693,-7.781982702681489e-08,50.96837639808655,6.216532468795776,57.18491005897522,5.435943695175638e-09,-7.514953637155486e-08,1.246875286102295,0.23511242866516113,0.012864222750067711,0.22963778674602509,0.1885613203048706,1.0
425.4873919384959,0.0,500.0,254,5080000,0.0069648176,7.750616748165933,1.9891282351153672,-1.8787384092888715e-08,50.158358335494995,6.197109222412109,56.35546946525574,-2.956390465769232e-09,-2.174377478070255e-08,1.1969447135925293,0.24069006741046906,0.013959875330328941,0.2701672315597534,0.20108702778816223,1.0
497.6976096237944,0.0,500.0,255,5100000,0.0070928726,8.6708942013941,1.0142121528364292,-6.341934533082849e-09,49.92456555366516,6.227105140686035,56.15167212486267,4.863739189175931e-09,-5.340575981449547e-09,1.4273592233657837,0.24697355926036835,0.009816640987992287,0.15766485035419464,0.17302833497524261,1.0
479.17123638626134,0.0,500.0,256,5120000,0.0059055532,4.089635720526337,0.46795482684852213,-2.574920721087892e-09,49.667914152145386,6.255177021026611,55.92309212684631,-3.361702027859792e-09,-1.931190540815919e-09,0.9456797242164612,0.28350353240966797,0.02236359752714634,0.22298632562160492,0.29978808760643005,1.0
443.49516682808917,0.0,500.0,257,5140000,0.0057736323,5.728360551937371,0.45727499423512985,-9.965896552444065e-09,49.813941955566406,6.240799427032471,56.05474233627319,-6.914138706015649e-10,7.20024129208241e-09,0.733582615852356,0.29960599541664124,0.037164799869060516,0.30479297041893005,0.4084148108959198,1.0
486.3983455282729,0.0,500.0,258,5160000,0.00732267,7.921016166012758,0.3688540460197789,2.6965139454659948e-08,49.82377576828003,6.249612808227539,56.073389291763306,-2.3651123726153855e-08,-4.303455369836229e-09,1.0848764181137085,0.23416174948215485,0.01699296571314335,0.21906909346580505,0.21584190428256989,1.0
448.09151373200314,0.0,500.0,259,5180000,0.008028203,7.7496521641494365,0.3327386474153798,7.629392673180746e-10,50.4779167175293,6.1216113567352295,56.599528551101685,5.149841442175784e-09,9.536742923144104e-11,1.12136971950531,0.20280909538269043,0.01590494066476822,0.311795711517334,0.18085835874080658,1.0
443.8421952269546,0.0,500.0,260,5200000,0.008937949,4.789154641947169,0.4354235673026674,-2.574920721087892e-09,49.79417133331299,6.2421934604644775,56.03636598587036,-7.438659466174613e-09,-5.9604645663569045e-09,0.9750429391860962,0.2700069546699524,0.02103692665696144,0.12345129251480103,0.2769180238246918,1.0
453.224087773334,0.0,500.0,261,5220000,0.0071517387,8.560548496398196,0.6842893708283734,-8.702278009309339e-09,50.11142063140869,6.300767660140991,56.41218900680542,-7.104873578356319e-09,-9.53674295089968e-09,1.2182880640029907,0.23337222635746002,0.013475029729306698,0.20549136400222778,0.19155751168727875,1.0
515.605997251576,0.0,500.0,262,5240000,0.0069614723,10.517650092787044,0.3550482565430319,1.2350081846079775e-08,50.68040418624878,6.2466137409210205,56.927018880844116,-7.1525572131747595e-09,1.6212463593845428e-09,1.2049480676651,0.23079881072044373,0.013775044120848179,0.19960695505142212,0.19154253602027893,1.0
426.51873193197224,0.0,500.0,263,5260000,0.0076352446,5.951463789545047,0.2487833107353016,6.9737432495387e-10,50.46674942970276,6.5154783725738525,56.98222875595093,-5.531310964812519e-09,-1.5318393220553617e-09,0.8730581998825073,0.19110040366649628,0.02623876929283142,0.43063855171203613,0.21888616681098938,1.0
456.4666947824386,0.0,500.0,264,5280000,0.007018444,12.229652264619329,0.6789189901891028,-1.4209747156712638e-08,50.40406394004822,6.464167356491089,56.86823225021362,-2.574920721087892e-09,-2.2697449253428204e-08,1.0596370697021484,0.2468479871749878,0.01781211420893669,0.3228294551372528,0.2329552173614502,1.0
441.8780264595315,0.0,500.0,265,5300000,0.007899429,4.359681286477739,0.5577313707322832,3.910065160539489e-09,50.522387981414795,6.373740196228027,56.89612889289856,-4.291534350109316e-10,-9.536743617033494e-10,1.2083179950714111,0.20777860283851624,0.013698314316570759,0.29650235176086426,0.17195692658424377,1.0
434.71762962205713,0.0,500.0,266,5320000,0.0069593466,5.825196460401936,0.27688018109198587,1.4305114426349519e-08,50.39860725402832,6.343323469161987,56.7419319152832,-9.441375681262798e-09,1.7166137400437265e-09,1.0349903106689453,0.24960830807685852,0.01867055520415306,0.16937047243118286,0.2411697804927826,1.0
497.8563432354691,0.0,500.0,267,5340000,0.0074466993,6.890711726504526,0.18045656500728266,1.1444091896350983e-08,50.87186813354492,6.432546615600586,57.304415464401245,-7.057189943537878e-09,1.19209286886246e-09,1.1205214262008667,0.23231881856918335,0.015929032117128372,0.24943403899669647,0.20733095705509186,1.0
496.970172090101,0.0,500.0,268,5360000,0.007732788,10.675106233851924,0.2573446419018849,2.2888184680880386e-09,51.31630277633667,6.437845230102539,57.75414967536926,1.0585784693262212e-08,8.77380390562621e-09,0.9738509058952332,0.21694955229759216,0.021088458597660065,0.37216049432754517,0.22277489304542542,1.0
509.5709584234942,0.0,500.0,269,5380000,0.0075395117,13.373241240203761,0.12679131958799758,7.98702259885431e-09,50.1998028755188,6.514346361160278,56.714149951934814,-1.9550323582251394e-09,6.675719976811934e-10,0.7230059504508972,0.23235227167606354,0.03826010227203369,0.4293810725212097,0.3213697373867035,1.0
565.3642137910692,0.0,500.0,270,5400000,0.0072526275,11.199748965433448,0.10395105902556401,-1.4340877818597164e-08,50.26632785797119,6.234577655792236,56.50090742111206,8.583068478174027e-09,-8.225440883968815e-10,1.3707894086837769,0.21848323941230774,0.010643589310348034,0.24055135250091553,0.15938496589660645,1.0
474.2725259301231,0.0,500.0,271,5420000,0.006389336,4.830229192023065,0.07506473075100191,1.8718838035169938e-08,50.70544981956482,6.358684778213501,57.06413555145264,-2.0384788967930945e-08,-1.7493962944925556e-09,1.179081678390503,0.2696625888347626,0.01438605971634388,0.13958489894866943,0.22870555520057678,1.0
462.25897398521073,0.0,500.0,272,5440000,0.0070616594,8.47905725157185,0.042369567528129766,9.536743617033494e-11,50.55199384689331,6.456325054168701,57.00831985473633,3.5762786065873797e-09,6.139278529992964e-10,1.1985359191894531,0.23801669478416443,0.01392283197492361,0.22185476124286652,0.1985895335674286,1.0
476.0314757098122,0.0,500.0,273,5460000,0.007521431,16.535508423398255,0.01740502920891544,-1.963972984242446e-09,50.209413290023804,6.181895971298218,56.39131045341492,-1.9073485846288207e-10,3.427267081246299e-10,1.3058651685714722,0.22403362393379211,0.011728242039680481,0.16815125942230225,0.17155952751636505,1.0
506.03051157471856,0.0,500.0,274,5480000,0.0066596405,15.184410946688075,0.004432459327445668,-3.150105509774903e-09,50.90862774848938,6.224133729934692,57.13276267051697,-2.956390465769232e-09,-1.2218952516462878e-09,0.6537330150604248,0.2690085768699646,0.04679819196462631,0.27523329854011536,0.411496102809906,1.0
497.2992520899963,0.0,500.0,275,5500000,0.005735158,6.382059144670037,0.0006459596621170699,9.89586101951545e-09,50.47519779205322,6.501285552978516,56.976484298706055,-6.771087690538025e-09,1.2725591691520322e-09,0.8962065577507019,0.2860812246799469,0.02490081638097763,0.16437208652496338,0.31921353936195374,1.0
509.73849903901237,0.0,500.0,276,5520000,0.0074404823,7.911871347002163,0.00021508069884863972,-1.4621764243827329e-08,50.485995292663574,6.3896543979644775,56.87565064430237,8.01086397217432e-09,-1.464039112164528e-09,1.0059645175933838,0.21349939703941345,0.019763527438044548,0.2758966088294983,0.2122334986925125,1.0
446.0641735421597,0.0,500.0,277,5540000,0.005325789,11.004150952655039,0.0001541590649070319,5.8434901362147684e-09,50.22526717185974,6.392195463180542,56.61746382713318,-5.292892346631106e-09,-4.3213366218708416e-10,0.9123173952102661,0.30984947085380554,0.024029124528169632,0.16055910289287567,0.33962905406951904,1.0
478.58840829847196,0.0,500.0,278,5560000,0.0065833796,13.209837458391858,7.34338927419914e-05,9.987503046815505e-10,50.3253858089447,6.316755533218384,56.6421422958374,3.8146971692576415e-10,1.7620623016245673e-10,0.916289746761322,0.23861077427864075,0.023821227252483368,0.2911317050457001,0.2604096829891205,1.0
511.58637150259676,0.0,500.0,279,5580000,0.007513266,9.149131202090318,3.239918648351548e-06,1.656152370799191e-08,50.35971760749817,6.0795347690582275,56.439253091812134,-1.6307831529616124e-08,1.1101365382515382e-09,0.9561737179756165,0.22899235785007477,0.0218754094094038,0.30652278661727905,0.23948818445205688,1.0
521.4999010293025,0.0,500.0,280,5600000,0.007386381,13.329544621364326,2.2419184901151707e-06,8.70153371579363e-09,50.393203258514404,6.3071370124816895,56.70034146308899,-5.912780931538464e-09,9.790063204562216e-10,1.1741344928741455,0.22712405025959015,0.014507547952234745,0.22144724428653717,0.1934395283460617,1.0
489.94013231802165,0.0,500.0,281,5620000,0.0056666024,10.71567070104514,1.5725342255635064e-06,-8.95950869050921e-09,50.71963667869568,6.361422061920166,57.08105945587158,3.2424927187690855e-09,-3.76254333245285e-10,0.8999744653701782,0.28537532687187195,0.024692749604582787,0.190476194024086,0.31709277629852295,1.0
456.80361461881796,0.0,500.0,282,5640000,0.007557195,10.778075279703565,1.1065170525806976e-06,-7.458775819202401e-09,50.069209575653076,6.294088363647461,56.36329889297485,4.577636936176077e-09,5.533918878697364e-10,1.0545369386672974,0.20349672436714172,0.017984822392463684,0.30136969685554504,0.1929725706577301,1.0
454.1095652152268,0.0,500.0,283,5660000,0.006592308,8.397539071064847,7.783875903340718e-07,8.430518505520013e-09,50.0802321434021,6.232897996902466,56.31313133239746,-7.3909758313561724e-09,-1.0058284066749579e-11,1.1437665224075317,0.25572091341018677,0.015288149006664753,0.16735567152500153,0.22357788681983948,1.0
467.50015577929315,0.0,500.0,284,5680000,0.0075529693,6.6837481501755445,5.482185349157856e-07,-1.3728626013786993e-09,50.5772500038147,6.322394609451294,56.89964532852173,-1.8119812317252126e-09,1.534819632498241e-10,0.991877019405365,0.22348394989967346,0.020328912883996964,0.2741160988807678,0.225314199924469,1.0
511.0114280970205,0.0,500.0,285,5700000,0.0076641547,15.307264016995765,4.2249504792762655e-07,-1.3957638600459177e-08,49.81285238265991,6.384791851043701,56.19764494895935,2.0194054428657182e-08,-8.223578068511372e-11,1.1643544435501099,0.22807569801807404,0.014752283692359924,0.25277572870254517,0.195881649851799,1.0
494.3545172122693,0.0,500.0,286,5720000,0.007368133,13.4984178783028,2.894802064434962e-07,4.104152129258409e-09,49.879472970962524,6.183889389038086,56.06336307525635,1.5258788677030566e-09,9.788200111549017e-11,1.1935858726501465,0.23166416585445404,0.014038551598787308,0.26175445318222046,0.19409091770648956,1.0
479.87182631463094,0.0,500.0,287,5740000,0.008057783,7.124915923434458,2.0477743645827852e-07,-2.729455061967201e-08,50.2702956199646,6.310568332672119,56.58086657524109,2.2888183792701966e-08,-1.9650905902501847e-11,1.1172229051589966,0.21399906277656555,0.01602323167026043,0.24295616149902344,0.19154556095600128,1.0
499.67991130509563,0.0,500.0,288,5760000,0.007272597,8.381442584505507,1.530261066488078e-07,-1.3454584113503643e-08,50.355138063430786,6.41596794128418,56.77110719680786,8.153915764808062e-09,1.365784568774231e-10,1.2259904146194458,0.2267480194568634,0.01330624520778656,0.23612530529499054,0.18495085835456848,1.0
445.00029795069304,0.0,500.0,289,5780000,0.0074429736,3.9524242451236504,1.0640149150034339e-07,-2.4578998836233268e-09,50.60717511177063,6.724230527877808,57.33140683174133,-3.8146971692576415e-10,2.239830716732616e-11,1.2771285772323608,0.2222433239221573,0.012261973693966866,0.2941206693649292,0.174017995595932,1.0
423.7454280869739,0.0,500.0,290,5800000,0.0074340575,10.207024565471965,1.3221325661572646e-07,1.5480443593673954e-08,51.415749311447144,6.388033151626587,57.803783655166626,-1.6546248815529907e-08,-1.1175870645585562e-10,1.1320387125015259,0.22774773836135864,0.015606557950377464,0.22329096496105194,0.2011837214231491,1.0
510.0424649115856,0.0,500.0,291,5820000,0.0068498673,7.42823065208022,6.813239360265218e-08,1.4484860422214751e-08,50.08379507064819,6.402902364730835,56.486698150634766,-1.0204315614714687e-08,-1.0849907777776835e-11,1.1917293071746826,0.24420596659183502,0.014082327485084534,0.22027099132537842,0.2049172967672348,1.0
417.164224607361,0.0,500.0,292,5840000,0.007750957,4.035208027529868,3.9447667516659386e-08,-1.097556712181813e-08,50.331204652786255,6.609873533248901,56.941078901290894,1.1444092340440193e-09,-1.0374933551160481e-10,1.2587610483169556,0.2135009914636612,0.01262243278324604,0.28512313961982727,0.16961202025413513,1.0
491.7189450062809,0.0,500.0,293,5860000,0.0068660965,16.428486151755994,8.607749396431501e-08,-1.0921829662891014e-08,50.51187539100647,6.489743709564209,57.001620054244995,7.343292196537732e-09,4.577450571363606e-11,1.21837317943573,0.24777771532535553,0.013473146595060825,0.21989330649375916,0.20336765050888062,1.0
472.67210870995297,0.0,500.0,294,5880000,0.0069675017,8.015069342874417,2.1922486885406847e-08,-3.921792313121841e-08,50.87906074523926,6.564844131469727,57.44390606880188,3.3140182154056674e-08,2.575106967939167e-11,0.9710983037948608,0.23227661848068237,0.021208181977272034,0.21680554747581482,0.23918965458869934,1.0
472.3592365702663,0.0,500.0,295,5900000,0.0070972107,13.404322069465735,3.572790811227e-08,1.4122575331398934e-09,50.545767307281494,6.491676568984985,57.037445068359375,1.19209286886246e-09,-1.8393621695200757e-11,1.220409870147705,0.24222606420516968,0.013428214006125927,0.21703781187534332,0.1984793245792389,1.0
498.7891600043895,0.0,500.0,296,5920000,0.0070612244,9.476588928016128,1.8564610331384266e-08,-2.284220146364646e-09,51.43073749542236,6.573247194290161,58.00398540496826,-3.433227480087453e-09,4.761386597496031e-12,1.335737943649292,0.2358989268541336,0.011209521442651749,0.15211939811706543,0.1766057163476944,1.0
502.995336165524,0.0,500.0,297,5940000,0.0070106317,8.9307714034038,6.142014238468006e-08,-7.806462143378212e-09,50.717907428741455,6.5713300704956055,57.28923845291138,8.392333938900265e-09,1.3830140158099802e-11,1.0597621202468872,0.23698550462722778,0.017807912081480026,0.2563863694667816,0.2236214280128479,1.0
470.056907994679,0.0,500.0,298,5960000,0.008043467,8.035229797879602,1.0337645722744596e-08,-9.094830999423209e-10,50.29781365394592,6.389837265014648,56.68765163421631,-6.055831835993786e-09,-3.492459576745488e-12,1.1189135313034058,0.19920296967029572,0.015974845737218857,0.32845339179039,0.1780325025320053,1.0
492.4981768671272,0.0,500.0,299,5980000,0.0066324156,10.136027375452079,3.780232071291703e-08,4.547590304326832e-09,50.639997720718384,6.197969198226929,56.83796763420105,-5.817413217812373e-09,-2.9883814173237155e-11,1.2653156518936157,0.2657613456249237,0.012491995468735695,0.15954458713531494,0.21003560721874237,1.0
494.7018164157209,0.0,500.0,300,6000000,0.007144321,6.605086448086295,2.4935900477524277e-08,5.8076752296187806e-09,50.53503227233887,6.099735498428345,56.63476872444153,-2.6702879907247734e-09,-9.64500961736503e-12,1.0259813070297241,0.22366219758987427,0.01899988204240799,0.188910111784935,0.21799829602241516,1.0
485.3810012822828,0.0,500.0,301,6020000,0.006526966,14.205997114120775,4.904685806475853e-08,6.577913769234556e-09,50.328638792037964,6.361718654632568,56.690359115600586,-5.9604645663569045e-09,-2.462184102436371e-12,1.2929288148880005,0.2535351514816284,0.011964110657572746,0.1567944884300232,0.1960936337709427,1.0
431.45582252634847,0.0,500.0,302,6040000,0.0067092483,5.529014470774657,6.99371915281275e-09,-1.7341925229175104e-08,50.48020076751709,6.303609132766724,56.78381085395813,8.77380390562621e-09,1.4831311526131152e-11,1.0647445917129517,0.23628291487693787,0.017641635611653328,0.26527103781700134,0.2219150960445404,1.0
451.7297117627657,0.0,500.0,303,6060000,0.006803534,7.236049509048462,2.8196664607040108e-08,5.7212106163717635e-09,50.45346140861511,6.358450412750244,56.81191277503967,-3.910064716450279e-09,-7.537892293858761e-13,1.004352331161499,0.232550248503685,0.01982702687382698,0.2791053056716919,0.23154251277446747,1.0
441.35843126973833,0.0,500.0,304,6080000,0.008293099,5.292776700949213,7.150607808754141e-09,-9.012062207602867e-09,50.37531805038452,6.33230185508728,56.70762085914612,3.0040741005876725e-09,1.1932570545807736e-13,1.0286495685577393,0.2129308134317398,0.018901437520980835,0.2549796998500824,0.20700030028820038,1.0
469.89055122185727,0.0,500.0,305,6100000,0.0074323844,11.97439740448241,5.9458121061952245e-08,2.5707560524779183e-09,50.876997232437134,6.328239917755127,57.20523810386658,-1.239776614703203e-09,-4.124012763229157e-12,1.0758187770843506,0.24846911430358887,0.01728031039237976,0.15849648416042328,0.23095816373825073,1.0
533.9369413833689,0.1375,500.0,306,6120000,0.0071952995,12.616845397432899,0.02596640404589689,2.329349513274792e-08,50.64260172843933,6.30962347984314,56.95222616195679,-3.433227391269611e-08,9.179115245672165e-10,1.1324584484100342,0.2319130301475525,0.01559498906135559,0.2856144607067108,0.2047872394323349,1.0
468.57997681651904,0.1375,500.0,307,6140000,0.007874307,5.829955290685034,0.0029030140820789823,-1.9025803155159338e-08,50.181989431381226,6.219609975814819,56.40160059928894,8.201599399626502e-09,6.318092160562117e-10,0.9630312323570251,0.22242015600204468,0.02156498096883297,0.3305141031742096,0.23095837235450745,1.0
488.18180919183476,0.18,500.0,308,6160000,0.0068443343,13.86626920441913,0.02881656328463114,6.711482924970369e-09,50.349759578704834,6.370231866836548,56.71999263763428,-7.915496702537439e-09,7.867813067718998e-10,1.1285935640335083,0.23749248683452606,0.015701986849308014,0.2644355595111847,0.210432231426239,1.0
434.45926335637796,0.045,500.0,309,6180000,0.007414842,5.001666019828456,0.0008598704901701848,-9.870529282807183e-09,50.447707414627075,6.363058805465698,56.81076693534851,7.534026735811494e-09,2.562999812383282e-10,1.0282334089279175,0.23538117110729218,0.018916742876172066,0.2513108551502228,0.22891809046268463,1.0
472.89115480172376,0.0,500.0,310,6200000,0.0067110495,6.6541522961513255,0.0004329326865856482,-7.283687430970076e-09,49.87071895599365,6.334442853927612,56.20516300201416,2.1934509764065524e-09,6.444752370660112e-11,1.2819634675979614,0.2623710632324219,0.012169655412435532,0.21942466497421265,0.20466342568397522,1.0
457.2557802355821,0.0,500.0,311,6220000,0.006606734,10.388427690639617,0.00029701732488713895,9.398162248430708e-09,49.681187868118286,6.200911998748779,55.8821005821228,-4.386901952813105e-09,7.301569071582747e-11,1.1799108982086182,0.2594883143901825,0.014365847222507,0.154815673828125,0.2199220359325409,1.0
437.76993397716024,0.0,500.0,312,6240000,0.0072891433,4.2014402620352,0.00018784601575395413,-1.3675913734800815e-08,49.621785163879395,6.056850910186768,55.67863702774048,7.915496702537439e-09,1.1827797075092406e-10,1.156799554824829,0.2320159375667572,0.014945603907108307,0.2614986002445221,0.2005671262741089,1.0
453.5586799822273,0.0,500.0,313,6260000,0.005755862,9.32321870752201,0.00013665720206095132,1.5002861175617e-08,49.46420955657959,6.127856731414795,55.59206676483154,-7.724762163263676e-09,1.732260029863042e-10,0.6930075883865356,0.2847716212272644,0.0416441410779953,0.1996537744998932,0.4109214246273041,1.0
472.8826334025859,0.0,500.0,314,6280000,0.0067732017,6.705691400303203,8.319052678045733e-05,-1.0120495552712327e-08,49.28849959373474,6.113691091537476,55.402191400527954,2.0265580324974053e-09,3.986060786997925e-11,0.8980578780174255,0.25299036502838135,0.024798259139060974,0.28609421849250793,0.28170832991600037,1.0
521.1458584082505,0.0,500.0,315,6300000,0.0058387397,13.08347002199501,1.0750443210213957e-05,-4.096887717963682e-09,50.0001904964447,6.293897390365601,56.29408884048462,3.2424927187690855e-09,1.9911676474304585e-10,1.0251455307006836,0.2688674330711365,0.019030874595046043,0.15192773938179016,0.2622724771499634,1.0
508.44882434537124,0.0,500.0,316,6320000,0.0074206903,9.48246841749568,1.1040919740251782e-07,7.388647471628929e-10,49.831942558288574,6.2542712688446045,56.086214780807495,5.149841442175784e-09,1.1865049220904922e-10,1.1271775960922241,0.24870574474334717,0.015741458162665367,0.21364693343639374,0.22064468264579773,1.0
451.3871458202075,0.0,500.0,317,6340000,0.006288653,17.289094165024483,1.0559948305342821e-07,-6.745709324462723e-09,50.39334058761597,6.387473106384277,56.78081464767456,-2.2888184680880386e-09,-7.124617562581648e-11,0.6589383482933044,0.2753485143184662,0.046061739325523376,0.2950576841831207,0.41786685585975647,1.0
416.24886389837667,0.0,500.0,318,6360000,0.007919696,8.627352100117191,6.754664017019894e-08,-5.42486100485462e-09,49.507702589035034,6.329794645309448,55.83749842643738,8.79764527894622e-09,5.899928462449466e-11,0.7936660647392273,0.22192884981632233,0.031750768423080444,0.316445916891098,0.27962496876716614,1.0
513.4734678685663,0.475,500.0,319,6380000,0.0063608713,7.671206609003104,0.06560774872831017,-2.8252602479739153e-09,49.991960287094116,6.3703320026397705,56.3622932434082,3.767013367905747e-09,3.111362500973769e-09,1.064416766166687,0.2596873641014099,0.01765250414609909,0.19074289500713348,0.24397160112857819,1.0
439.6122161529853,0.0,500.0,320,6400000,0.007307332,7.4369287141569105,0.0917158966866221,7.820129432900558e-09,50.12275838851929,6.104990005493164,56.22775197029114,-1.1825561863076928e-08,1.7166137400437265e-09,1.0532716512680054,0.24623745679855347,0.018028058111667633,0.21408148109912872,0.23378342390060425,1.0
537.002692853989,0.0,500.0,321,6420000,0.007671562,10.519090402050383,0.038340005218081036,-1.044273378880689e-08,49.2601683139801,6.119369268417358,55.3795382976532,6.055831835993786e-09,-4.768371808516747e-10,0.9621846675872803,0.21593306958675385,0.021602943539619446,0.32575491070747375,0.22441957890987396,1.0
457.05160732692883,0.0,500.0,322,6440000,0.006549502,10.078835557676424,0.0008714624936395817,3.3527614018424856e-09,49.58119511604309,6.1459197998046875,55.727115869522095,-7.820129432900558e-09,-1.490116086078075e-10,0.9981167912483215,0.24498586356639862,0.020075533539056778,0.22366859018802643,0.24544808268547058,1.0
475.53065447915503,0.0,500.0,323,6460000,0.0058967783,7.819670740358389,0.0002502205860700939,6.493181103905954e-09,49.59496879577637,6.374572515487671,55.969542026519775,-9.059906158626063e-10,1.4007091320156206e-10,1.2058579921722412,0.27637046575546265,0.013754261657595634,0.20613637566566467,0.2291899025440216,1.0
470.4391598076303,0.0,500.0,324,6480000,0.0058372268,5.577139089669392,8.83293112936047e-05,6.918609241068907e-09,49.76301050186157,6.051653861999512,55.81466507911682,-5.531310964812519e-09,-1.0579824516465663e-10,1.1312240362167358,0.2771269381046295,0.01562904566526413,0.17062918841838837,0.24497967958450317,1.0
450.6785676459691,0.0,500.0,325,6500000,0.0076148803,6.519362365667987,2.7486062957040634e-06,-8.266605178164355e-09,49.18842315673828,6.2185163497924805,55.4069402217865,6.43730180271973e-09,1.2619420786119662e-10,0.9325500130653381,0.21836546063423157,0.02299775928258896,0.2545181214809418,0.23415949940681458,1.0
398.8661222997563,0.0,500.0,326,6520000,0.0065898513,5.538041777064087,1.5301326796525912e-07,3.2875222544248572e-09,49.53276228904724,6.267152547836304,55.7999165058136,3.0040741005876725e-09,-3.346707633244961e-10,0.9329619407653809,0.26691728830337524,0.02297745645046234,0.24055087566375732,0.2860966622829437,1.0
471.21948703093824,0.0,500.0,327,6540000,0.0076114805,8.111636881919424,1.0384633630067607e-07,1.2607593191660271e-08,49.61137557029724,6.223674058914185,55.83505082130432,3.3855438452690123e-09,4.288740543256786e-11,1.3169397115707397,0.23352913558483124,0.011531819589436054,0.24604327976703644,0.17732714116573334,1.0
436.30001281793756,0.0,500.0,328,6560000,0.0068616476,5.5195857195337865,7.38277596678963e-08,6.264261998012444e-09,49.753434896469116,6.453518629074097,56.20695447921753,-7.724762163263676e-09,4.097819306103645e-11,0.9417600035667419,0.23808850347995758,0.02255014330148697,0.2677484452724457,0.25281232595443726,1.0
508.2443403025836,42.375,500.0,329,6580000,0.0034885365,8.700137741094942,494.27489783165083,2.429962080441328e-07,49.835097551345825,6.328952789306641,56.16405129432678,-7.343292196537732e-09,3.814697322468419e-07,0.4714421331882477,0.25670740008354187,0.08998563885688782,0.457184374332428,0.4610584080219269,1.0
420.77959927177454,0.0,500.0,330,6600000,0.00696942,6.234126603071856,50.686518178623956,-5.1784518007025326e-08,49.770827531814575,6.2094175815582275,55.98024606704712,-4.720687840631399e-09,-1.525878978725359e-08,0.8130286931991577,0.24617010354995728,0.03025646135210991,0.27721551060676575,0.3027815818786621,1.0
442.5736471167023,8.2,500.0,331,6620000,0.0063903574,8.512816614254264,6.374881478479713,-4.806518560940276e-08,49.65901827812195,6.251978635787964,55.91099762916565,-9.346008411625917e-09,-5.035400363340159e-08,0.9047245979309082,0.25915366411209106,0.02443413808941841,0.2163679301738739,0.28644490242004395,1.0
530.1258860330832,0.0,500.0,332,6640000,0.007118028,13.5446584598274,0.6995226814488696,3.442764295868983e-08,49.64377045631409,6.190616607666016,55.83438777923584,-1.9836425835251248e-08,-9.155273872352154e-09,1.0737000703811646,0.2259984165430069,0.017348572611808777,0.2578096389770508,0.21048562228679657,1.0
506.9404660251781,50.8,500.0,333,6660000,0.0021614125,12.868392379724297,1006.4389796974552,-5.41543954568624e-07,49.73400592803955,6.304864406585693,56.03887128829956,-5.912780931538464e-09,-1.0452270515770579e-07,0.3531365990638733,0.30289047956466675,0.1603778898715973,0.3722623288631439,0.7663859128952026,1.0
448.3602704719161,506.75,500.0,334,6680000,0.0046128975,19.811952829816537,15820.932516248211,-3.94067728848313e-06,49.49013352394104,6.260623216629028,55.750757455825806,8.964538444899972e-09,-1.1535644262039568e-06,0.35384601354599,0.24989007413387299,0.15973547101020813,0.740195095539093,0.6856622695922852,1.0
414.92393809617425,0.0,500.0,335,6700000,0.006617002,12.175482571049102,299.4691048786139,4.4136046994935896e-07,49.44227719306946,6.286034345626831,55.728312253952026,2.00271599304358e-09,4.6997070057841484e-07,0.7749854326248169,0.25723567605018616,0.03329988569021225,0.2999705374240875,0.33192333579063416,1.0
468.44075144021554,0.0,500.0,336,6720000,0.00667516,9.277606230480655,11.629926558968368,-1.0204315614714687e-08,49.983036041259766,6.317230224609375,56.30026698112488,1.0681151962899094e-08,3.280639759850601e-08,1.1255931854248047,0.24771051108837128,0.015785805881023407,0.1857575625181198,0.22007109224796295,1.0
538.0940375067606,0.0,500.0,337,6740000,0.006982135,12.589631939238044,15.578663025084575,-4.243850426632889e-08,49.854042053222656,6.142928600311279,55.99697232246399,-5.216598353285917e-08,-1.2359619461221882e-07,1.1302490234375,0.23505690693855286,0.01565602235496044,0.21529275178909302,0.20796912908554077,1.0
519.7229767078595,0.0,500.0,338,6760000,0.006796929,9.537607850542493,7.199684041169039,-1.0776520120714395e-08,49.90380907058716,5.929781913757324,55.8335919380188,6.866454960174906e-09,9.155273872352154e-09,1.0233795642852783,0.23248876631259918,0.01909661293029785,0.291378915309906,0.2271774560213089,1.0
476.8241141882818,0.0,500.0,339,6780000,0.006367712,6.380812293556845,2.507619599931559,-1.683235062444055e-08,49.49307084083557,6.265514135360718,55.758586168289185,4.243850604268573e-09,-4.959106458812812e-09,0.9107531309127808,0.26613402366638184,0.024111736565828323,0.19972670078277588,0.29221317172050476,1.0
483.12132960447906,492.925,500.0,340,6800000,0.008428823,13.882667391011669,14336.264370821844,1.6647816210024757e-06,49.82973384857178,6.26938271522522,56.099117279052734,-2.38418573772492e-09,2.258300781932121e-07,0.41448110342025757,0.24587160348892212,0.11641809344291687,0.3638118803501129,0.6254079341888428,1.0
467.4771115148236,151.975,500.0,341,6820000,0.003757082,13.721232374914132,5030.841504992953,-2.314090608024344e-07,49.093361139297485,6.245887517929077,55.33924984931946,-1.4114379887075756e-08,1.083374030486084e-07,0.4292128384113312,0.2860076427459717,0.10856366902589798,0.3711559772491455,0.7083627581596375,1.0
453.9713854306842,307.85,500.0,342,6840000,0.0065779276,17.481375903080984,18437.636006758625,-6.131649001872574e-07,49.31509566307068,6.156405448913574,55.47150182723999,-2.574920721087892e-09,3.0517577442878974e-07,0.3834269642829895,0.24680311977863312,0.1360393762588501,0.6228630542755127,0.6900573968887329,1.0
486.7379334783054,589.50125,500.0,343,6860000,0.002866158,14.046849993383809,10076.393426968034,1.794815034372732e-07,49.41024398803711,6.176571607589722,55.58681631088257,3.910064716450279e-09,-4.7607420583517523e-07,0.4324437379837036,0.28364214301109314,0.10694751888513565,0.28927910327911377,0.663469672203064,1.0
450.80425153148815,14.82375,500.0,344,6880000,0.007403743,10.043844868574933,67.9945803982437,3.986358620977626e-08,48.709845781326294,6.150088310241699,54.85993480682373,-5.531310964812519e-09,3.356933575560106e-08,1.1250636577606201,0.24001510441303253,0.01580066978931427,0.23337987065315247,0.21333466470241547,1.0
453.22136950838285,0.0175,500.0,345,6900000,0.0073542916,7.950010172880379,30.38487359368877,-6.523131901303714e-08,48.77204704284668,6.119023561477661,54.89107131958008,-2.4318695945879654e-09,8.392333938900265e-09,0.9198126196861267,0.23455943167209625,0.02363910712301731,0.23477400839328766,0.255007803440094,1.0
501.42223146326694,0.0075000000000000015,500.0,346,6920000,0.0076613687,8.623782774445358,22.922375564818168,1.1153220924597917e-07,49.045982837677,6.069098472595215,55.11508250236511,-7.724762163263676e-09,7.629394360719743e-08,1.0919169187545776,0.21839666366577148,0.016774537041783333,0.22698722779750824,0.2000122219324112,1.0
531.7886046939886,0.0,500.0,347,6940000,0.007359122,5.763878843283198,17.452377204530556,2.794265796524087e-08,48.77103590965271,6.166311502456665,54.93734836578369,2.6226043559063328e-09,-2.2888184680880386e-09,1.076015591621399,0.21978896856307983,0.01727398857474327,0.23698946833610535,0.20426183938980103,1.0
464.22215087113807,0.0,500.0,348,6960000,0.0076977964,5.888697695124681,10.643371925839952,1.771450008902775e-08,48.72625160217285,6.152693271636963,54.87894558906555,-2.4557114119971857e-09,1.4495849853801701e-08,1.0359350442886353,0.22194071114063263,0.018636513501405716,0.22591809928417206,0.2142419070005417,1.0
439.42352153585614,0.0,500.0,349,6980000,0.006851573,10.513758733621827,8.430462641017453,1.0108947456899386e-08,48.620550870895386,5.953957557678223,54.574509143829346,-7.057189943537878e-09,4.215240423377509e-08,1.0389208793640137,0.24213115870952606,0.01852954737842083,0.21663416922092438,0.23306027054786682,1.0
535.753765279694,0.0,500.0,350,7000000,0.0069611254,11.12772293121192,9.163376119334227,-1.3351439953623867e-08,48.754536151885986,6.102668046951294,54.8572051525116,-1.9073485846288207e-10,-1.3351439953623867e-09,1.01433265209198,0.2469327300786972,0.01943878084421158,0.2394038289785385,0.243443563580513,1.0
383.1103736413008,0.0,500.0,351,7020000,0.0068335356,9.104185967992066,8.003294799282292,-1.6593933338526767e-08,48.86430311203003,6.244598388671875,55.10890245437622,2.479553229406406e-09,7.629394893626795e-09,0.8640062808990479,0.2480446696281433,0.026791440322995186,0.28067314624786377,0.2870866656303406,1.0
432.98062398841466,0.0,500.0,352,7040000,0.0065663285,8.688336866068992,6.1916944433929055,2.8181075251154653e-08,49.020251989364624,6.244272232055664,55.264524936676025,-5.149841442175784e-09,1.6593933338526767e-08,1.301440954208374,0.2674812078475952,0.011808116920292377,0.1746789515018463,0.20552699267864227,1.0
505.56866754920446,0.0,500.0,353,7060000,0.007352382,8.550891746229427,5.257301373086917,4.2724607851596375e-08,48.6437087059021,6.214176177978516,54.85788559913635,-1.926422044107312e-08,5.62667867853861e-09,1.2259143590927124,0.23563529551029205,0.013307894580066204,0.1947353184223175,0.1922118365764618,1.0
494.55916321190324,0.0,500.0,354,7080000,0.0070015197,6.345792646468825,4.927898075929873,1.926422044107312e-08,48.70626521110535,6.17097020149231,54.877236127853394,-9.226798880490605e-09,8.869171175263091e-09,1.1670632362365723,0.23956084251403809,0.014683881774544716,0.1940486878156662,0.20526809990406036,1.0
497.4887477511059,0.0,500.0,355,7100000,0.006254829,10.633300711698594,4.7860888153124765,1.5401839803530493e-08,48.576733112335205,6.155582666397095,54.732316732406616,-2.5272368642248466e-09,-3.051757735406113e-09,1.1838701963424683,0.26957812905311584,0.014269918203353882,0.22553345561027527,0.22770917415618896,1.0
511.3336308082169,0.0,500.0,356,7120000,0.007796495,8.94290212840791,4.634666736870055,3.051757735406113e-09,48.7493109703064,6.182193279266357,54.93150520324707,-3.862381081631838e-09,0.0,1.0079962015151978,0.2385333627462387,0.01968393847346306,0.19923223555088043,0.23664110898971558,1.0
449.75650783373084,0.0,500.0,357,7140000,0.007178752,6.800494278464348,4.069805155438223,1.688003514743741e-08,48.627952575683594,6.085181474685669,54.713134765625,-1.1062621929625038e-08,2.3460387410523253e-08,1.0689572095870972,0.24923531711101532,0.017502862960100174,0.2500317096710205,0.23315748572349548,1.0
497.1352975256383,0.0,500.0,358,7160000,0.007797715,20.65875352962761,4.0435428418930925,-1.926422044107312e-08,48.69665455818176,6.137349605560303,54.8340048789978,6.008148201175345e-09,-5.531310964812519e-09,1.2448936700820923,0.22357042133808136,0.012905213050544262,0.13789808750152588,0.17959001660346985,1.0
535.333499676801,34.65,500.0,359,7180000,0.005713684,18.25550124052983,53.19018089771271,-2.83336646589305e-07,48.900975465774536,6.20366907119751,55.10464525222778,-9.441375681262798e-09,-7.438659821445981e-08,0.46164730191230774,0.2760777473449707,0.09384461492300034,0.3611544072628021,0.5649355053901672,1.0
521.9582700086171,3.85,500.0,360,7200000,0.0076372297,7.791179470044033,8.214344729891248,2.808570798151777e-08,48.7782781124115,6.181180477142334,54.95945930480957,-5.7220459481754915e-09,9.918212917625624e-09,0.8698089122772217,0.22205078601837158,0.02643517218530178,0.24266718327999115,0.2552868127822876,1.0
449.1739406234785,0.0,500.0,361,7220000,0.007278526,10.87337283192167,4.902634150966717,6.723403167541164e-09,48.69645857810974,6.160500526428223,54.85696005821228,-1.76429750808893e-08,6.103515470812226e-09,1.1548882722854614,0.2167094200849533,0.014995113015174866,0.279214471578598,0.1876453459262848,1.0
494.5231226374286,0.0,500.0,362,7240000,0.0077747093,14.823105174416948,4.566020839836947,7.724762163263676e-09,48.766149044036865,6.062072038650513,54.82822251319885,9.059905714536853e-09,2.0980834847250662e-08,1.17866849899292,0.20579777657985687,0.01439614873379469,0.33061811327934265,0.17460188269615173,1.0
469.39859503982495,0.0,500.0,363,7260000,0.007630193,7.432603233179469,3.96469654778766,3.433227480087453e-09,48.64662289619446,6.20527458190918,54.851898193359375,-1.239776614703203e-09,9.536743617033494e-10,1.0304837226867676,0.20717638731002808,0.01883421465754509,0.3998661935329437,0.20104770362377167,1.0
490.36232200922876,0.0,500.0,364,7280000,0.007074692,10.270477382848217,3.833197648661911,4.81605511026828e-09,49.13675808906555,6.115352392196655,55.252111196517944,-5.2452087118126656e-09,1.4209747156712638e-08,1.257789969444275,0.2456129789352417,0.012641930021345615,0.20644184947013855,0.19527345895767212,1.0
478.5520694098873,0.0,500.0,365,7300000,0.0072034416,8.532991722586807,3.3970134953784337,-5.984306028494757e-08,48.65009951591492,6.049203872680664,54.69930410385132,4.1961669694501325e-09,-3.685951099896556e-08,0.9308120608329773,0.22921134531497955,0.023083722218871117,0.29530730843544006,0.24624881148338318,1.0
494.8358509601623,0.0,500.0,366,7320000,0.007776967,8.714744920791334,3.411722088619402,-3.118515223832219e-08,48.88204884529114,6.1686413288116455,55.0506911277771,4.291534350109316e-10,-2.8610228852699038e-08,0.9164559841156006,0.19501394033432007,0.023812588304281235,0.4452541470527649,0.21279136836528778,1.0
479.1981201123077,0.0,500.0,367,7340000,0.006836033,7.429882086917853,3.1357360317448904,6.866454960174906e-09,48.974950075149536,6.222564220428467,55.19751501083374,-6.961822673900997e-09,9.536743617033494e-10,1.135025978088379,0.23687061667442322,0.015524519607424736,0.22531983256340027,0.20869185030460358,1.0
541.7997682391277,0.0,500.0,368,7360000,0.00693664,8.124461348800903,2.9641736686609352,3.340244347782573e-08,48.8194944858551,6.27572774887085,55.09522318840027,1.5735626135437997e-09,3.2138824934691e-08,1.140336036682129,0.24242348968982697,0.015380269847810268,0.21351918578147888,0.2125895470380783,1.0
537.252411106702,0.0,500.0,369,7380000,0.007296065,6.867675935083134,2.819622573427334,-2.63452513138418e-08,48.819448709487915,6.148403167724609,54.96785259246826,5.173683259585005e-09,-2.5320053609334536e-08,0.9719681739807129,0.2401849329471588,0.0211702361702919,0.26891815662384033,0.24711191654205322,1.0
505.77911844453376,0.0,500.0,370,7400000,0.0071760314,9.624858711327716,2.7293453535456567,4.81605511026828e-09,49.142906665802,6.318078279495239,55.46098566055298,1.4305114426349519e-08,1.997947762788499e-08,1.0659534931182861,0.2478763312101364,0.01760164275765419,0.1938328742980957,0.23253950476646423,1.0
499.3291063322293,0.0,500.0,371,7420000,0.007284696,15.949316348088015,2.591899332119401,-8.77380390562621e-09,49.1984486579895,6.131026029586792,55.32947564125061,-2.479553229406406e-09,-1.0991096921486587e-08,1.0980839729309082,0.24265380203723907,0.01658664643764496,0.22272680699825287,0.2209792584180832,1.0
518.0516032794892,0.0,500.0,372,7440000,0.00766062,9.162587629457947,2.4704813519860527,5.197525076994225e-09,48.90631628036499,6.1673972606658936,55.0737144947052,1.3160705414350105e-08,1.1134147825941909e-08,1.1844123601913452,0.24100516736507416,0.014256857335567474,0.20291191339492798,0.2034807801246643,1.0
532.1104059214497,0.0,500.0,373,7460000,0.006870392,8.300132875381761,2.339346921519869,3.361702027859792e-08,49.12211775779724,6.125040292739868,55.247159004211426,-3.2329559473964764e-08,-7.39097616442308e-10,1.1423742771148682,0.2427036613225937,0.015325436368584633,0.2729097902774811,0.21245543658733368,1.0
476.92649655738006,0.0,500.0,374,7480000,0.007165952,6.000516373184836,2.1877220229738077,4.1961669694501325e-09,48.75923991203308,6.058823108673096,54.81806397438049,-4.00543198608716e-09,8.77380390562621e-09,1.0392976999282837,0.24093231558799744,0.018516115844249725,0.24785049259662628,0.23182222247123718,1.0
465.7449992349402,0.0,500.0,375,7500000,0.007019577,9.7342259297705,2.0575714623092844,1.7118454209708034e-08,48.649178981781006,6.244786739349365,54.89396667480469,1.907348723406699e-09,1.8095970943932116e-08,0.9712432622909546,0.2489217072725296,0.02120184898376465,0.32971253991127014,0.25629180669784546,1.0
571.7086078268742,0.0,500.0,376,7520000,0.008126974,14.994065509632135,1.957626365476353,2.4414061883248905e-08,49.120187282562256,6.080389499664307,55.2005774974823,-1.4686584393075464e-08,9.489059316081239e-09,1.3392068147659302,0.2229580283164978,0.011151526123285294,0.20166972279548645,0.16648510098457336,1.0
489.3999616006225,0.0,500.0,377,7540000,0.0062679285,11.5332756347717,3.4444713843096593,2.2888184680880386e-09,49.124852418899536,6.097646713256836,55.22249984741211,-3.5762786065873797e-09,4.959106458812812e-09,0.8070635199546814,0.26981258392333984,0.030705375596880913,0.2432820200920105,0.3343139588832855,3.0
522.3731859434778,0.0,500.0,378,7560000,0.0067103896,10.426802078174179,1.9845168688494688,-1.7333031010480227e-08,48.90945601463318,6.102367639541626,55.01182436943054,5.364418242947977e-09,1.7166137400437265e-09,0.6754303574562073,0.25629881024360657,0.04383981600403786,0.34995925426483154,0.37946009635925293,1.0
553.5136015652317,0.0,500.0,379,7580000,0.007291531,12.992461518117576,1.7630014686068152,3.1495094532374424e-08,48.876248836517334,6.047441720962524,54.923691272735596,-2.965927059506157e-08,2.5033950468156263e-09,1.1033281087875366,0.24028217792510986,0.016429349780082703,0.23205505311489105,0.21777941286563873,1.0
536.2141502083616,0.0,500.0,380,7600000,0.006962831,9.094702893002019,1.6684360076667397,-5.596876295754782e-09,48.89196586608887,6.075328826904297,54.9672954082489,4.386901952813105e-09,1.3172626323054715e-09,1.176950454711914,0.24908500909805298,0.014438209123909473,0.2870199680328369,0.21163596212863922,1.0
539.3570458879275,0.0,500.0,381,7620000,0.0056905197,6.990522094289209,1.5582470328944504,-1.3971328982620435e-08,48.84424448013306,6.048848628997803,54.8930938243866,8.964538444899972e-09,-2.7775763911108697e-09,1.313849687576294,0.2675027549266815,0.011586125008761883,0.13971421122550964,0.20360229909420013,1.0
559.336886457256,0.0,500.0,382,7640000,0.0068440572,9.725758000695782,1.4605268694792584,2.294779033462646e-09,49.04896950721741,6.098819255828857,55.147789478302,4.76837147544984e-09,5.8054925311523675e-09,1.1308261156082153,0.24308301508426666,0.015640048310160637,0.22628694772720337,0.21496057510375977,1.0
496.76420794712266,0.0,500.0,383,7660000,0.0069785216,6.119598353136877,1.3688706749563764,1.8119810096806077e-09,48.69816207885742,6.051433563232422,54.74959683418274,-1.2493133638713516e-08,-1.8119812317252126e-09,0.8785403966903687,0.24471423029899597,0.025912323966622353,0.257998526096344,0.27854636311531067,1.0
436.1315245076912,0.0,500.0,384,7680000,0.0065786187,10.752326031247522,1.2958922527398273,1.2660025916488848e-08,48.99011540412903,6.204193115234375,55.1943097114563,-2.002716037452501e-08,-5.2452087118126656e-09,1.1525704860687256,0.26385268568992615,0.015055484138429165,0.24898110330104828,0.22892539203166962,1.0
615.6640266358949,0.0,500.0,385,7700000,0.0072267,14.014261928485457,1.2262117719194692,2.130270004840895e-08,48.956913232803345,6.123456239700317,55.08036994934082,-1.277923544762416e-08,6.270408636765978e-09,1.2160574197769165,0.2399604320526123,0.013524508103728294,0.21193234622478485,0.19732655584812164,1.0
519.3695199195142,0.0,500.0,386,7720000,0.0069012735,6.553240147973322,1.1513381519135397,-7.879734198468213e-09,49.009406328201294,6.298769950866699,55.30817699432373,6.771087690538025e-09,2.3990869291168337e-09,1.0047829151153564,0.24731875956058502,0.019810035824775696,0.2243315577507019,0.24614150822162628,1.0
557.1008538924697,0.0,500.0,387,7740000,0.00727706,9.095946366771772,1.106472630561537,-1.6689301052252858e-09,49.51896691322327,6.190892457962036,55.70986008644104,-2.8610229740877458e-09,-2.2172927938157727e-09,0.7546952962875366,0.24072687327861786,0.035114504396915436,0.5129978656768799,0.3189723789691925,1.0
467.4236968158569,0.0,500.0,388,7760000,0.0071314033,5.788463392379177,1.0184974457048306,-1.2224912637748275e-08,48.64960718154907,6.155557632446289,54.8051655292511,1.201629640235069e-08,6.9737432495387e-10,1.1612731218338013,0.2328433096408844,0.014830675907433033,0.2726699411869049,0.20050697028636932,1.0
525.7710537256181,0.0,500.0,389,7780000,0.008182714,10.716935655873293,0.9504806362899245,2.8908253568715736e-09,48.87320685386658,6.128976345062256,55.00218391418457,-4.959106458812812e-09,6.914138706015649e-10,0.8845434188842773,0.1884198933839798,0.025561802089214325,0.40529826283454895,0.21301370859146118,1.0
556.743299847794,0.0,500.0,390,7800000,0.007090933,7.425015986952812,0.8941874579639192,3.022551453568667e-08,48.64512896537781,6.119843244552612,54.76497292518616,-3.051757957450718e-08,-3.0994415367580075e-10,1.1660656929016113,0.24748095870018005,0.014709015376865864,0.23420509696006775,0.21223583817481995,1.0
556.2578722253415,0.0,500.0,391,7820000,0.0063807257,6.2262754031807,0.8314971530133751,-5.483627774083288e-09,48.604384422302246,6.11783504486084,54.72222065925598,5.9604645663569045e-09,3.4809113369504985e-09,1.0724308490753174,0.25389915704727173,0.017389662563800812,0.29033517837524414,0.23675107955932617,1.0
491.3437709986546,0.0,500.0,392,7840000,0.0069193146,10.427114601499715,0.7733339924341555,6.663799290151928e-09,48.866299867630005,6.210133075714111,55.07643365859985,-8.678436635989328e-09,6.541610031440825e-10,1.0868899822235107,0.2393597513437271,0.01693006232380867,0.28617578744888306,0.22022444009780884,1.0
500.5946949604444,0.0,500.0,393,7860000,0.0067318976,10.058131408387688,0.7146780845465933,3.576277052275145e-10,48.92355132102966,6.189216613769531,55.11276888847351,2.8610229740877458e-09,2.6941300301785986e-09,1.145880937576294,0.2646576166152954,0.015231783501803875,0.17866578698158264,0.2309643179178238,1.0
567.7315576398377,0.0,500.0,394,7880000,0.0071600815,11.055237869244472,0.6618913638743625,-1.965761065036986e-08,49.35298752784729,6.167051553726196,55.520039796829224,2.0503998499066256e-08,-1.430511542555024e-10,0.9690538048744202,0.2308361679315567,0.021297764033079147,0.44332218170166016,0.23820777237415314,1.0
575.0682305688449,0.0,500.0,395,7900000,0.007717064,8.90660432159521,0.6019189313338821,-4.1127203864732564e-09,49.090792417526245,6.051576137542725,55.14236927032471,-8.296966669263384e-09,-1.00135799652179e-09,1.0207587480545044,0.2302705943584442,0.019194800406694412,0.2977847456932068,0.2255876660346985,1.0
493.6382764402374,0.0,500.0,396,7920000,0.0071356157,12.778377440628732,0.5358180431803321,2.12311750402705e-08,48.89952039718628,6.147881746292114,55.04740309715271,-1.993179310488813e-08,1.1444092340440193e-09,1.1424357891082764,0.2573551833629608,0.015323787927627563,0.220811665058136,0.22526878118515015,1.0
578.9520137636075,0.0,500.0,397,7940000,0.007193231,15.188233802424874,0.4780298221642804,-8.744001078753172e-09,49.01796293258667,6.188777923583984,55.20674157142639,1.4591217123438582e-08,1.5139579589984464e-09,1.0928946733474731,0.22478434443473816,0.01674453541636467,0.25053301453590393,0.20567795634269714,1.0
552.3597061725346,0.0,500.0,398,7960000,0.0074004424,9.132997351087582,0.4223981586231548,-1.8152595870901678e-08,49.110004901885986,6.257018327713013,55.367024421691895,1.044273378880689e-08,2.354383354941092e-10,0.9193128943443298,0.23650577664375305,0.023664813488721848,0.2832527458667755,0.25726357102394104,1.0
567.4935614790935,0.0,500.0,399,7980000,0.0075571556,9.346148818465554,0.35941749099333575,1.945197425357037e-08,48.53192138671875,6.074628114700317,54.606550216674805,-1.8072128682433686e-08,2.1159649032931327e-10,1.0715208053588867,0.22897157073020935,0.01741921342909336,0.2609560787677765,0.21368837356567383,1.0
547.0753298108496,0.0,500.0,400,8000000,0.0071321917,12.804971681278982,0.3032789997803937,-8.300319542797752e-09,48.77918457984924,6.102675914764404,54.881861209869385,3.8146971692576415e-10,-2.0526350064109522e-10,0.9563987255096436,0.22572030127048492,0.02186511643230915,0.314109742641449,0.23601065576076508,1.0
551.6646442273752,0.0,500.0,401,8020000,0.006687021,12.46663197787704,0.24074060236382636,1.767277701958392e-08,48.67122769355774,6.340869903564453,55.012099266052246,-1.3208389049168545e-08,3.48687162476935e-10,1.1798899173736572,0.2521176338195801,0.014366358518600464,0.2763356864452362,0.21367892622947693,1.0
622.5939036323982,0.0,500.0,402,8040000,0.0072620097,8.947465596988703,0.17518316523474492,-9.021162483691114e-09,48.632819414138794,6.170954704284668,54.8037748336792,1.678466787780053e-08,5.900859800789249e-10,0.9786781668663025,0.22621889412403107,0.020880939438939095,0.31892701983451843,0.23114743828773499,1.0
500.8178975690914,0.0,500.0,403,8060000,0.0066633485,5.466888503056423,0.11097157960105095,-1.4372170120680039e-09,48.83807849884033,6.130074977874756,54.968154191970825,-2.3841859042583735e-10,9.387731564336477e-11,1.0852001905441284,0.25761762261390686,0.016982827335596085,0.1493595540523529,0.23739184439182281,1.0
573.7059971849749,0.0,500.0,404,8080000,0.0067812856,14.772284555131463,0.05358925530817479,4.453957203054415e-09,48.7889940738678,6.194589853286743,54.98358464241028,-1.0251999249533128e-08,1.8328427664471292e-10,1.1156290769577026,0.2569681704044342,0.016069045290350914,0.34536394476890564,0.23033475875854492,1.0
516.8516475737059,0.0,500.0,405,8100000,0.0066493675,10.95245576527468,0.01634815349302901,-2.4370849782684445e-09,48.926294803619385,6.19856071472168,55.1248562335968,-5.722046170220096e-10,3.725290215195187e-11,1.0022687911987305,0.2528883218765259,0.01990954950451851,0.34927165508270264,0.2523159086704254,1.0
557.1179724810083,0.0,500.0,406,8120000,0.007636583,7.589682296582848,0.0027257191320913875,1.5564263211587104e-09,48.553035259246826,6.260804891586304,54.81384086608887,-4.243850604268573e-09,-1.494772708388048e-11,0.913036584854126,0.22150295972824097,0.023991283029317856,0.4377616345882416,0.24260029196739197,1.0
589.6308746712324,0.0,500.0,407,8140000,0.0071804826,9.766480481700533,0.00027764166903105166,2.0080245022313647e-08,48.741671323776245,6.014511585235596,54.756184101104736,-1.9407272233706863e-08,-2.3981555630214757e-10,1.1940933465957642,0.231718510389328,0.014026622287929058,0.18458759784698486,0.19405397772789001,1.0
599.9121449384645,0.0,500.0,408,8160000,0.0074394997,11.882869405655345,5.612145722174446e-06,-3.6966985028641375e-09,49.02581286430359,6.124116897583008,55.149930477142334,6.484985437538171e-09,2.2677705199813936e-11,0.969714879989624,0.21832101047039032,0.021268736571073532,0.27376440167427063,0.22513937950134277,1.0
564.0546730697617,0.0,500.0,409,8180000,0.0064084497,10.622232939635113,1.2683140640608035e-07,6.283633169346103e-09,48.84904885292053,6.1827709674835205,55.03182077407837,-1.3780593555168252e-08,-1.068226965217356e-10,0.8535630702972412,0.27296122908592224,0.02745102532207966,0.272853821516037,0.3197903633117676,1.0
598.5175521318575,0.0,500.0,410,8200000,0.007353707,9.420982545348489,8.896324044317486e-08,-1.1210376626991092e-08,48.789456367492676,6.017897367477417,54.80735492706299,1.1682510070443186e-08,-1.9641592519104023e-10,1.0211971998214722,0.24257665872573853,0.019178321585059166,0.21899116039276123,0.23754145205020905,1.0
576.0818504181982,0.0,500.0,411,8220000,0.007609706,11.700435222941598,6.454859320395844e-08,4.028156475044398e-09,48.891117811203,6.004857540130615,54.895976066589355,3.3378602104505717e-09,2.1327287158534602e-10,1.0474573373794556,0.21536758542060852,0.01822875812649727,0.2737407386302948,0.20560985803604126,1.0
507.7740712741529,0.0,500.0,412,8240000,0.007013942,8.630282817069133,4.434180533014663e-08,2.595479609013296e-09,48.78165674209595,6.286667823791504,55.06832528114319,-9.53674295089968e-09,6.84056422617374e-11,0.9993822574615479,0.2384081482887268,0.020024724304676056,0.23902679979801178,0.23855550587177277,1.0
597.2349345250029,0.0,500.0,413,8260000,0.0068513793,12.679902399725215,4.613035321262637e-08,7.783854449883165e-09,48.93992590904236,6.134015083312988,55.073941707611084,-4.911422823994371e-09,1.1175870992530257e-11,1.056769847869873,0.24637413024902344,0.01790889911353588,0.24335068464279175,0.23313885927200317,1.0
489.5672386018846,0.0,500.0,414,8280000,0.0073219347,7.021713116214533,2.2425234799194964e-08,-1.401873284123667e-09,48.77197217941284,6.158308267593384,54.93028163909912,2.336502102906479e-09,-1.923181058849366e-11,0.895047128200531,0.23413324356079102,0.024965373799204826,0.2605161964893341,0.261587530374527,1.0
547.7939368212856,0.0,500.0,415,8300000,0.007783859,13.650625301925999,3.5570172918927213e-08,-3.861543085292851e-09,48.69346070289612,6.219073057174683,54.91253471374512,-7.629394338515283e-10,-4.7101638561697357e-11,0.9824961423873901,0.22849762439727783,0.02071896567940712,0.32635757327079773,0.23256844282150269,1.0
511.811875517116,0.0,500.0,416,8320000,0.0075096986,8.884034875244092,1.9795870959728347e-08,8.808519247338609e-09,48.76833701133728,6.115979433059692,54.884318113327026,-1.1920929132713809e-08,3.485474756037554e-11,0.8698419332504272,0.212196484208107,0.02643316611647606,0.35283899307250977,0.243948295712471,1.0
564.7837488751595,0.0,500.0,417,8340000,0.0073783165,10.894490290751124,2.7898420189448713e-08,-1.1734664455420596e-11,48.728394746780396,6.102940797805786,54.83133625984192,2.574920721087892e-09,-1.1967494703557513e-11,1.0004079341888428,0.23718538880348206,0.0199836827814579,0.2823367416858673,0.23708869516849518,1.0
558.2947560045374,0.0,500.0,418,8360000,0.0069806,14.457481260664144,3.901016830400553e-08,-5.822279880440817e-10,48.714855909347534,6.256822824478149,54.97167992591858,-4.768371808516747e-10,-1.022126567412629e-11,1.218536615371704,0.23220881819725037,0.013469533063471317,0.21309596300125122,0.1905636489391327,1.0
526.2081508947074,0.0,500.0,419,8380000,0.007257585,9.508152560367705,2.370030450322677e-08,-5.861162666320752e-10,49.11105465888977,6.098548889160156,55.20960450172424,-4.1961669694501325e-09,-1.410953732322584e-11,1.0095188617706299,0.2319248467683792,0.019624605774879456,0.3060501515865326,0.22973796725273132,1.0
589.2914993345886,0.0,500.0,420,8400000,0.0075875334,18.98777944115317,5.7079752213412796e-08,-1.9741244194904084e-09,49.114898681640625,6.1045873165130615,55.21948742866516,2.00271599304358e-09,2.845190402722686e-11,0.9180719256401062,0.2046833485364914,0.023728836327791214,0.3760472536087036,0.22294916212558746,1.0
595.1707949237544,0.0,500.0,421,8420000,0.0055739717,12.956501151801675,5.1767605004286034e-08,8.789874605952264e-09,49.169522285461426,6.272274017333984,55.44179701805115,-9.918212917625624e-09,1.6065314009661158e-11,0.7197292447090149,0.30318737030029297,0.03860927000641823,0.28379592299461365,0.42125195264816284,1.0
594.8271325432505,214.45625,500.0,422,8440000,0.008416035,20.814074279700115,16498.52279706473,3.1814574867894407e-06,48.990878105163574,6.221875190734863,55.212754011154175,1.0824203755532835e-08,3.442382876528427e-06,0.44486501812934875,0.23558740317821503,0.10105864703655243,0.4420723617076874,0.5536972284317017,1.0
540.9965254004762,135.53875,500.0,423,8460000,0.0052110497,17.223521350143823,6.591204421421525,-9.541511758470733e-08,48.805553674697876,6.20910382270813,55.01465845108032,-7.629394338515283e-10,9.918212917625624e-09,0.47037196159362793,0.24552889168262482,0.09039555490016937,0.44227850437164307,0.4517360031604767,1.0
534.6884009587369,11.879999999999999,500.0,424,8480000,0.0068612373,15.074045319466075,1.0673504955639506,4.291534239087014e-09,48.74919366836548,6.185776948928833,54.93497133255005,-5.817413217812373e-09,-9.53674295089968e-09,1.110615611076355,0.24251313507556915,0.01621444895863533,0.2162950187921524,0.21835915744304657,1.0
596.9869084448821,0.0,500.0,425,8500000,0.0076731346,18.8546873738052,0.44334969008044833,1.1444092340440193e-09,48.720945835113525,6.3894689083099365,55.11041617393494,-1.5258788677030566e-09,1.7166137400437265e-09,1.1142412424087524,0.2204338014125824,0.016109101474285126,0.2641623616218567,0.19783306121826172,1.0
546.5507192532982,0.0,500.0,426,8520000,0.0066422164,13.542387839335545,0.45912945431888486,-7.152557657263969e-09,48.6859450340271,6.264742612838745,54.95068907737732,9.441375681262798e-09,5.722046170220096e-10,0.8209649920463562,0.2621588706970215,0.029674306511878967,0.2941560447216034,0.3193301856517792,1.0
607.2973664585285,0.0,500.0,427,8540000,0.006983739,18.743416603051934,0.28981655014168684,-3.0875204615199436e-09,48.87187480926514,6.183110237121582,55.054986000061035,-3.767013367905747e-09,-1.3589859237939095e-09,1.1887215375900269,0.24662552773952484,0.014153679832816124,0.19112873077392578,0.20747119188308716,1.0
527.2916950245319,0.0,500.0,428,8560000,0.007177911,11.9535610552806,0.26542162517453455,2.3722648290203097e-09,48.56482291221619,6.09119176864624,54.65601563453674,-2.956390465769232e-09,-1.2993812692485562e-09,0.963853657245636,0.24194340407848358,0.021528195589780807,0.2523384392261505,0.251016765832901,1.0
498.89494210153754,0.0,500.0,429,8580000,0.006854924,8.044367679365122,0.24002705065497926,-1.358985812771607e-09,48.446502685546875,6.322671175003052,54.769174575805664,-1.1444092340440193e-09,2.00271599304358e-09,1.2453831434249878,0.24422334134578705,0.012895068153738976,0.17723749577999115,0.19610300660133362,1.0
530.1639943868846,0.0,500.0,430,8600000,0.0075407242,11.392424582523905,0.19519181909265032,4.589558066925292e-09,48.63533115386963,6.304011583328247,54.93934369087219,-1.239776614703203e-09,-7.033348348173263e-10,1.2575747966766357,0.2499333620071411,0.012646256014704704,0.15259556472301483,0.1987423598766327,1.0
561.0543038275821,15.58125,500.0,431,8620000,0.003954062,13.69733465021583,6.159608796941247,-1.586914208928647e-07,49.100998878479004,6.290738821029663,55.39173865318298,1.1110305564443479e-08,-1.6098022115329513e-07,0.3035394251346588,0.24609290063381195,0.21706995368003845,0.6221902370452881,0.8107444047927856,3.0
484.88194348590696,21.22625,500.0,432,8640000,0.0074575082,11.84673328262985,2.8161762606376297,-2.574920721087892e-08,48.56984877586365,6.27224063873291,54.842090368270874,4.482269222449986e-09,-2.8610229740877458e-09,0.8370416760444641,0.2489066869020462,0.028545372188091278,0.35932955145835876,0.297364741563797,1.0
542.7366473487116,0.2425,500.0,433,8660000,0.0071266466,10.476506622733584,1.4872654996480152,-3.5691261501824556e-08,48.67081332206726,6.156524896621704,54.82733941078186,3.98159016867794e-09,-1.3923645347801994e-08,1.2424885034561157,0.23013485968112946,0.012955223210155964,0.18406043946743011,0.18522095680236816,1.0
570.5790779918103,0.0,500.0,434,8680000,0.007146759,17.443090222291886,1.4410469661662533,2.0122527644161892e-08,48.61669158935547,6.151973724365234,54.76866602897644,1.3351439953623867e-09,1.277923544762416e-08,1.029050350189209,0.24469919502735138,0.01888672076165676,0.22718152403831482,0.2377912849187851,1.0
551.8726663753599,5.10125,500.0,435,8700000,0.0065999064,10.274279191843263,1.25603661926309,8.869170287084671e-09,48.9424033164978,6.1372926235198975,55.07969689369202,-1.2159347306806012e-08,3.6239624634504253e-09,0.8346612453460693,0.24569100141525269,0.028708424419164658,0.3885338008403778,0.2943601906299591,1.0
605.1938588790109,4.17375,500.0,436,8720000,0.007384758,12.784267775723889,0.4853538093483372,-7.2479249269008506e-09,48.75013780593872,6.208585977554321,54.95872449874878,-2.574920721087892e-09,-2.241134611224993e-09,1.312110424041748,0.2300432324409485,0.011616861447691917,0.20007355511188507,0.17532308399677277,1.0
562.3909112880214,0.0,500.0,437,8740000,0.007319927,16.19944685659591,0.33513345369108166,-1.201629640235069e-08,49.2771053314209,6.009312391281128,55.28641867637634,1.4305114426349519e-08,1.4305114870438729e-09,1.0421326160430908,0.22360043227672577,0.018415512517094612,0.3466615080833435,0.21456041932106018,1.0
656.4864689441478,0.0,500.0,438,8760000,0.007247203,11.86608683592195,0.29918824532039606,8.463859835217136e-09,48.80723023414612,6.05334734916687,54.860578536987305,-1.2969970875076342e-08,2.145767175054658e-10,0.978340744972229,0.23737101256847382,0.020895343273878098,0.2983296811580658,0.2426261603832245,1.0
520.5175262510695,2.1825,500.0,439,8780000,0.007095122,9.65615397927108,0.9295319569338659,1.3828271860916175e-09,48.78219985961914,6.106843709945679,54.88904428482056,9.107589349355294e-09,1.1539459165987864e-08,1.1786168813705444,0.23771719634532928,0.014397410675883293,0.21558067202568054,0.201691672205925,1.0
564.1860940367237,2.6674999999999995,500.0,440,8800000,0.0075702067,20.20774038490976,0.27463675103369795,-9.059905714536853e-09,48.877833127975464,6.067803144454956,54.94563698768616,7.629394338515283e-10,-2.479553229406406e-09,0.9936155080795288,0.21069221198558807,0.02025783434510231,0.23801615834236145,0.21204596757888794,1.0
593.2621860298716,0.0,500.0,441,8820000,0.007098484,13.835752445269542,0.29402513881777503,1.6593931562169928e-08,48.63650298118591,6.185661315917969,54.82216501235962,-2.0265579436795633e-08,1.9550323582251394e-09,1.0676969289779663,0.23459948599338531,0.017544206231832504,0.1887844204902649,0.21972475945949554,1.0
616.3926993590638,0.0,500.0,442,8840000,0.006701975,12.94885572354505,0.21084013247186212,-2.169608936952727e-09,48.930346965789795,6.119484901428223,55.04983305931091,7.534026735811494e-09,-1.430511542555024e-10,1.3382747173309326,0.2564810812473297,0.011167065240442753,0.22583821415901184,0.19165056943893433,1.0
533.3791305921004,403.3625,500.0,443,8860000,0.007423829,35.144579380484906,23665.704187242773,4.0139198063116055e-06,48.85567879676819,6.072068929672241,54.927748680114746,1.1777878228258487e-08,1.7333984487777343e-06,0.3530161380767822,0.24657700955867767,0.1604873538017273,0.5231919884681702,0.8122063875198364,1.0
591.8177487296138,190.6625,500.0,444,8880000,0.008567866,11.07108008087061,5.229787347498973,1.7738342350526182e-08,48.984073638916016,6.15961480140686,55.14368915557861,-1.2397766369076635e-08,-5.340575981449547e-09,1.1526693105697632,0.22161273658275604,0.015052900649607182,0.16353419423103333,0.22557242214679718,1.0
640.8085946981197,0.0,500.0,445,8900000,0.007381653,11.115268488598478,3.3607525508115246,3.4046173880142305e-08,49.00889301300049,6.163789510726929,55.172683238983154,-3.194809039541724e-08,-1.5258788677030566e-09,0.9886621236801147,0.21771317720413208,0.02046133577823639,0.28163865208625793,0.22020980715751648,1.0
496.62568906688176,0.0,500.0,446,8920000,0.0068283156,8.925086357790953,1.3763428681974959,6.961822673900997e-09,49.29155898094177,6.2930006980896,55.58456039428711,-5.817413217812373e-09,-2.2888184680880386e-09,1.062150478363037,0.24603906273841858,0.017727913334965706,0.3207322061061859,0.23164238035678864,1.0
563.0301942077507,0.0,500.0,447,8940000,0.007458939,18.004992603192665,1.1471622438187812,-7.820129432900558e-09,48.72158694267273,6.2599310874938965,54.98151874542236,1.1825561863076928e-08,-1.0967254882032762e-09,1.062872290611267,0.21486079692840576,0.017703842371702194,0.29432982206344604,0.2021510899066925,1.0
584.9922972074625,0.0,500.0,448,8960000,0.0074170446,15.728246215953948,1.0977531308201467,2.002716215088185e-08,48.91874551773071,6.118715047836304,55.03746175765991,-1.0490417423625331e-08,1.7642974858844696e-09,1.3064849376678467,0.23000161349773407,0.011717116460204124,0.3018527328968048,0.17604616284370422,1.0
624.5614576171681,0.4987500000000001,500.0,449,8980000,0.006924358,12.716280701509707,1.1515458961960616,6.866455404264116e-09,49.542409896850586,6.1512062549591064,55.69361710548401,7.629394338515283e-10,-2.336502102906479e-09,0.9773741364479065,0.24558313190937042,0.020936695858836174,0.26793962717056274,0.25126829743385315,1.0
503.3914132016309,0.026250000000000002,500.0,450,9000000,0.006561502,7.923414874836138,0.8932894046139566,-3.3378602104505717e-09,48.80565047264099,6.312922477722168,55.118574142456055,4.673004205812958e-09,1.5258788677030566e-09,1.0757184028625488,0.26975390315055847,0.01728353463113308,0.21667684614658356,0.25076624751091003,1.0
587.8629689405352,0.0,500.0,451,9020000,0.007126767,13.150630201655588,0.7886293065775731,-8.916854810081531e-09,48.90317392349243,6.17901086807251,55.08218550682068,4.863739189175931e-09,-2.00271599304358e-09,1.024923324584961,0.24432198703289032,0.019039127975702286,0.3160352408885956,0.23838074505329132,1.0
634.3715169284533,1.0925,500.0,452,9040000,0.008522914,23.23172602714247,8.182675022532226,-7.820128544722138e-09,48.85135579109192,6.141217470169067,54.9925742149353,1.754760781125242e-08,-1.525878978725359e-08,0.71970134973526,0.24149936437606812,0.038612257689237595,0.34771665930747986,0.33555492758750916,1.0
587.6925184966942,9.832500000000001,500.0,453,9060000,0.007400946,16.30843141671199,5.1645100147860825,2.7370452571062742e-08,48.8635094165802,6.133286237716675,54.99679636955261,-7.629394338515283e-10,2.326965287124949e-08,1.044866681098938,0.2587721347808838,0.0183192640542984,0.2414039522409439,0.24766041338443756,1.0
556.9214815438759,0.0,500.0,454,9080000,0.006497879,12.01768920603831,1.3987183578075117,-2.307891833197573e-08,48.60553526878357,6.1087377071380615,54.71427369117737,1.363754265071293e-08,-1.5592574342804255e-08,1.1356865167617798,0.2705693542957306,0.015506463125348091,0.2045704424381256,0.23824293911457062,1.0
516.877108109194,0.0,500.0,455,9100000,0.0068338616,12.080267286908095,1.0946213571888626,9.012222079718413e-09,48.56757164001465,6.128628730773926,54.69620108604431,-1.5449524326527353e-08,-1.125335735707722e-08,1.0049320459365845,0.24836353957653046,0.019804159179329872,0.24803870916366577,0.24714462459087372,1.0
628.3272795194664,0.0,500.0,456,9120000,0.007735151,20.0599812009532,0.8820093875857675,-1.3113021779531664e-08,48.56495952606201,6.114518880844116,54.679479360580444,9.775162013170302e-09,-7.104873578356319e-09,1.1845474243164062,0.25830718874931335,0.014253606088459492,0.1798197478055954,0.2180640548467636,1.0
563.3515782442894,0.0,500.0,457,9140000,0.0066656084,8.528041992369731,0.7798581558427993,-1.2373924107578205e-08,49.04397916793823,6.34863543510437,55.39261531829834,1.4090537625577326e-08,3.266334536178306e-09,0.9824313521385193,0.25268521904945374,0.02072170004248619,0.23767074942588806,0.25720393657684326,1.0
538.5592899360361,0.0,500.0,458,9160000,0.0076597473,7.524817135075855,0.6439814978344425,6.246566819356758e-09,48.94918870925903,6.127380609512329,55.07657051086426,-4.673004205812958e-09,-1.8119812317252126e-09,0.9232037663459778,0.2253865897655487,0.02346576564013958,0.3237939178943634,0.24413524568080902,1.0
542.7008849674978,0.0,500.0,459,9180000,0.007142608,12.847448679140419,0.6000401537509481,-4.291536015443853e-10,48.72787070274353,6.202058792114258,54.92993092536926,-5.531310964812519e-09,-4.39882263947311e-09,0.966098427772522,0.23900295794010162,0.021428268402814865,0.24697445333003998,0.24738985300064087,1.0
529.4598261168446,944.1099999999999,500.0,460,9200000,0.007020244,17.39250704498048,33818.884945763144,2.478599526511971e-06,49.245790004730225,6.400014162063599,55.64580512046814,1.7261506002341775e-08,-2.5390625069121597e-06,0.44790929555892944,0.21261340379714966,0.09968959540128708,0.6880602240562439,0.4983443021774292,3.0
677.2761394606144,49.69,500.0,461,9220000,0.0052607832,18.900084326069827,49.22826958461931,2.433776842281077e-07,48.98970818519592,6.171842813491821,55.16155171394348,-2.2220611128886958e-08,1.0910034120570344e-07,0.9829937815666199,0.29807189106941223,0.020697996020317078,0.3202802538871765,0.22426988184452057,1.0
648.9710069737465,0.0,500.0,462,9240000,0.007775705,18.588681689948793,7.430999960868982,6.22749283252233e-08,48.72042155265808,6.1068267822265625,54.82724905014038,-6.961822673900997e-09,2.0599365768703137e-08,1.1214114427566528,0.21698831021785736,0.015903757885098457,0.24995730817317963,0.1934957057237625,1.0
571.5892748122766,0.0,500.0,463,9260000,0.0074384017,21.8961676339435,9.41565156605593,-2.479553273815327e-08,48.631041288375854,6.199471712112427,54.8305139541626,-6.484985437538171e-09,-1.6593933338526767e-08,1.113020896911621,0.22512882947921753,0.016144445165991783,0.31898677349090576,0.20226825773715973,1.0
517.6858251284781,0.0,500.0,464,9280000,0.0069399443,17.977901056921407,8.29822561771247,-7.591247452864991e-08,48.65770626068115,6.150835990905762,54.80854296684265,-7.629394338515283e-10,-4.501342942830888e-08,1.1079350709915161,0.23556049168109894,0.016293000429868698,0.240936741232872,0.21261219680309296,1.0
579.7591726159538,0.0,500.0,465,9300000,0.0077120597,20.81783931300898,5.098205646891503,-5.702972671883799e-08,49.333667039871216,6.252324819564819,55.58599257469177,8.77380390562621e-09,-1.602172794434864e-08,1.120720386505127,0.21041177213191986,0.015923377126455307,0.3132047951221466,0.18774689733982086,1.0
551.3309270624338,0.0,500.0,466,9320000,0.00636127,11.34295078721016,4.971136036116606,8.392333938900265e-08,48.86234140396118,6.113490104675293,54.97583246231079,1.1730193705261627e-08,6.217956638465694e-08,0.990119218826294,0.26485753059387207,0.020401157438755035,0.2376030683517456,0.267500638961792,1.0
572.9326485034829,0.0,500.0,467,9340000,0.007316942,9.222773951178144,3.4245200944554273,-8.106231241811201e-10,48.733309268951416,6.104975700378418,54.83828616142273,1.6212463593845428e-09,1.0871887390351276e-08,0.9256178736686707,0.24634593725204468,0.0233435221016407,0.1974194049835205,0.2661421597003937,1.0
542.9924953196705,0.0,500.0,468,9360000,0.0063210297,9.942471202315799,2.186535937543128,-3.1566621316869714e-08,48.6009955406189,6.108273267745972,54.709269285202026,6.484985437538171e-09,-2.3841858265427618e-08,1.1775263547897339,0.2585012912750244,0.014424089342355728,0.20321761071681976,0.21952906250953674,1.0
566.981113590337,0.0,500.0,469,9380000,0.0061790305,9.647777447730872,1.8108825747374517,3.2138824934691e-08,48.65618395805359,6.235807180404663,54.89199209213257,-1.909732816329779e-08,1.1730193705261627e-08,1.1384323835372925,0.26986053586006165,0.015431749634444714,0.15823392570018768,0.2370457500219345,1.0
576.6076754058709,0.0,500.0,470,9400000,0.007819741,10.161108128128538,1.8306681012651722,-1.115799008744034e-08,48.74423027038574,6.132584810256958,54.87681603431702,3.814697446813398e-09,2.574920721087892e-09,0.9581015110015869,0.22736963629722595,0.02178746834397316,0.26326078176498413,0.2373126894235611,1.0
524.1141680595282,0.0,500.0,471,9420000,0.007251326,11.939947327686722,1.632833149858341,1.1014938294806598e-08,48.563164949417114,6.171726942062378,54.73489260673523,-5.531310964812519e-09,1.1062621929625038e-08,1.1594059467315674,0.2208380103111267,0.014878482557833195,0.23866450786590576,0.190475195646286,1.0
609.2177162782061,0.0,500.0,472,9440000,0.007347076,12.333959273623814,1.5510924716663967,6.294250454175199e-09,48.63621163368225,6.228901624679565,54.86511421203613,-1.1444091896350983e-08,-3.671646098268866e-09,1.1998486518859863,0.23908451199531555,0.013892382383346558,0.2856452167034149,0.19926223158836365,1.0
512.5445278694876,0.0,500.0,473,9460000,0.005719499,7.051172580536764,1.4326779616866143,-1.1420249634852553e-08,48.682398557662964,6.18880820274353,54.87120747566223,1.1730193705261627e-08,1.6689301052252858e-09,1.1338348388671875,0.2780386805534363,0.015557154081761837,0.18345190584659576,0.24521975219249725,1.0
585.4365895218814,0.0,500.0,474,9480000,0.0061190673,13.829157215167003,1.3132997081537914,-2.3365020140886372e-08,48.718912839889526,6.292574405670166,55.01148867607117,1.678466787780053e-08,-1.2159347972939827e-09,1.1667441129684448,0.26773953437805176,0.014691917225718498,0.1990993618965149,0.22947582602500916,1.0
575.0319667977997,0.0,500.0,475,9500000,0.0071659377,14.478300150792311,1.258199042803163,3.218650901359865e-09,48.75739240646362,6.256985664367676,55.014379262924194,1.6689301052252858e-09,3.838539264222618e-09,1.1959621906280518,0.2428067922592163,0.013982820324599743,0.18183691799640656,0.20302218198776245,1.0
565.6167554389033,0.0,500.0,476,9520000,0.0069116373,13.048139045952231,1.2101018445506977,-8.82148754044465e-09,48.607572078704834,6.15468692779541,54.76225972175598,1.0013580187262505e-08,4.529952857268427e-09,1.0440974235534668,0.2553660571575165,0.01834626868367195,0.27664944529533386,0.2445807158946991,1.0
575.4394996436555,0.0,500.0,477,9540000,0.006326185,9.624292122786212,1.0982227752922447,3.4570692974966732e-09,48.776100158691406,6.1602089405059814,54.93631029129028,-1.9454956756703723e-08,-8.201599399626502e-09,1.213528037071228,0.26687973737716675,0.013580948114395142,0.23578360676765442,0.2199205756187439,1.0
656.1191606492472,0.0,500.0,478,9560000,0.006467517,11.140164141138648,1.0109578728296196,5.555153226310949e-09,48.59864783287048,6.276996374130249,54.87564492225647,4.410743770222325e-09,7.903575571788224e-09,1.118983507156372,0.2679222524166107,0.015972847118973732,0.18073707818984985,0.23943357169628143,1.0
603.0895096558687,0.0,500.0,479,9580000,0.0070450446,9.657809009977207,0.9230353012586096,1.931190540815919e-09,48.73979878425598,6.382413387298584,55.12221360206604,0.0,-5.00678998260895e-10,1.0624457597732544,0.24499200284481049,0.017718061804771423,0.21022017300128937,0.2305925041437149,1.0
629.612972586463,0.0,500.0,480,9600000,0.007376365,10.649006928304198,0.8350014488788168,4.39882263947311e-09,48.97924208641052,6.42457127571106,55.4038143157959,-1.5258788677030566e-09,3.1411648837575967e-09,1.0609443187713623,0.22154688835144043,0.017768245190382004,0.28840172290802,0.20882047712802887,1.0
566.8642386268173,0.0,500.0,481,9620000,0.0060488502,10.24215770101851,0.7481335501002658,-3.6358831501104305e-09,48.74270749092102,6.2517194747924805,54.99442791938782,5.340575981449547e-09,3.0755997748599384e-09,0.94801265001297,0.28091123700141907,0.02225366421043873,0.25814932584762573,0.29631587862968445,1.0
631.3536054969842,0.0,500.0,482,9640000,0.0070723305,15.929802661944347,0.6690678701658918,2.914666952236189e-09,48.97206521034241,6.433666944503784,55.40573287010193,-3.528594971768939e-09,-2.3186206288272615e-09,1.1055569648742676,0.227005273103714,0.016363171860575676,0.3073379099369049,0.20533113181591034,1.0
607.7220026990456,0.0,500.0,483,9660000,0.0070081963,10.259168355783839,0.6104129419205295,-8.893013436761521e-09,48.193501472473145,6.310324192047119,54.50382852554321,4.863739189175931e-09,-6.675719976811934e-10,1.1958280801773071,0.2532004117965698,0.013985956087708473,0.2405310571193695,0.21173642575740814,1.0
595.0940760797469,0.0,500.0,484,9680000,0.007361798,14.99400309119255,0.5581015862477053,8.904933679332316e-09,48.584617137908936,6.472864866256714,55.05748271942139,-1.2969970875076342e-08,-1.9788741756343597e-09,0.96391761302948,0.23633608222007751,0.021525338292121887,0.2888610363006592,0.24518291652202606,1.0
507.8837943097107,0.0,500.0,485,9700000,0.00717771,10.800637502275455,0.5067928570091345,4.971027589562027e-09,48.601738691329956,6.353551387786865,54.95529055595398,-1.0490417423625331e-09,-7.241964250503941e-10,1.2022273540496826,0.24724555015563965,0.013837462291121483,0.17760752141475677,0.20565615594387054,1.0
591.4546302998763,0.0,500.0,486,9720000,0.007277662,12.255753517758315,0.45654653069699647,5.787611279117755e-09,48.47770094871521,6.328080415725708,54.805782318115234,-1.354217538107605e-08,7.450580430390374e-11,1.120136022567749,0.23482584953308105,0.015939995646476746,0.2283143401145935,0.2096404880285263,1.0
553.8029464303087,0.0,500.0,487,9740000,0.0069497954,12.483080445125605,0.40858203432742196,1.2615323008446921e-08,48.769707679748535,6.279277563095093,55.048986196517944,-1.5640258865801115e-08,9.477139073510443e-10,0.9312742948532104,0.2421075850725174,0.023060809820890427,0.21990858018398285,0.25997453927993774,1.0
599.8714530838892,0.0,500.0,488,9760000,0.0062904772,13.767830036855807,0.36164542749808853,-2.312660285497259e-09,49.02629828453064,6.154799938201904,55.18109917640686,-4.1961669694501325e-09,2.2649765396565158e-10,1.1599141359329224,0.2626149356365204,0.014865446835756302,0.17761991918087006,0.226408913731575,1.0
545.5590224992632,0.0,500.0,489,9780000,0.007228501,8.836321990201428,0.310772627041598,1.1581182235431697e-08,48.88982009887695,6.2078633308410645,55.097684383392334,-9.727478378351861e-09,6.705522248573459e-11,0.9739512205123901,0.2335590124130249,0.021084114909172058,0.22891898453235626,0.2398056834936142,1.0
515.1660118224669,0.0,500.0,490,9800000,0.006430156,8.57399495179486,0.24796506529970533,-2.831220591303918e-09,48.785202503204346,6.152230262756348,54.93743371963501,5.7220459481754915e-09,-6.37769725919668e-10,0.8465237021446228,0.26543861627578735,0.027909468859434128,0.3026912212371826,0.3135630786418915,1.0
538.46113810153,0.0,500.0,491,9820000,0.006715832,9.070363501530544,0.18096353560686113,1.9580125965035222e-08,48.6555609703064,6.121426105499268,54.77698802947998,-1.0776520120714395e-08,0.0,0.9265233278274536,0.26205161213874817,0.02329791709780693,0.2141282707452774,0.28283318877220154,1.0
519.450417795402,351.775,500.0,492,9840000,0.0036162743,21.999818940071542,16441.95339422279,-2.0799636502033536e-07,48.788880348205566,6.4134790897369385,55.2023606300354,-1.0490417423625331e-08,-6.103515914901436e-08,0.5374088883399963,0.258709579706192,0.06925006210803986,0.27750226855278015,0.5145354866981506,1.0
491.15540514333463,7.140000000000001,500.0,493,9860000,0.0054919687,18.672400528306415,19.861843560151993,3.576278473360617e-08,48.419007778167725,6.139777898788452,54.558786392211914,-1.4305114870438729e-09,-5.493163968139925e-08,0.8202760219573975,0.25800859928131104,0.02972417324781418,0.28171777725219727,0.314538836479187,1.0
649.6352874166674,1.7850000000000001,500.0,494,9880000,0.0058873664,15.47675087861954,2.0442914193982533,-7.2479249269008506e-09,48.80128026008606,6.054783344268799,54.856064319610596,-8.01086397217432e-09,-2.2888184680880386e-09,0.9636837840080261,0.271866112947464,0.021535784006118774,0.22044607996940613,0.28211134672164917,1.0
586.149712345405,1.5450000000000002,500.0,495,9900000,0.0071804198,8.332683358222816,3.2545223036389443,-1.2111663671987571e-08,49.00311899185181,6.235870599746704,55.238990783691406,2.412796007433826e-08,1.1444092340440193e-09,0.8647682070732117,0.23649929463863373,0.02674425020813942,0.3560772240161896,0.2734828293323517,1.0
584.2249341973105,3.6050000000000004,500.0,496,9920000,0.006808826,15.562794392883397,1.1568206935171867,1.196861276753225e-08,48.724934816360474,6.177273988723755,54.90220928192139,-2.574920721087892e-09,2.3841859042583735e-10,1.0483492612838745,0.24969267845153809,0.01819775253534317,0.19055113196372986,0.23817701637744904,1.0
537.6740241027663,1.875,500.0,497,9940000,0.005569162,21.251776345368402,2.8742871903689804,-1.6212464259979242e-08,48.52167463302612,6.017093181610107,54.53876876831055,4.291534239087014e-09,-1.3923645347801994e-08,0.9984949231147766,0.3009510636329651,0.020060330629348755,0.23389530181884766,0.30140477418899536,1.0
589.2667032322017,4.375,500.0,498,9960000,0.0062535936,10.830081748962403,0.9016033200321684,3.910064716450279e-09,48.6573531627655,6.196798086166382,54.85415196418762,-7.1525572131747595e-09,3.123283409678379e-09,1.1187928915023804,0.27907732129096985,0.015978291630744934,0.1676054745912552,0.24944500625133514,1.0
495.95257339024886,13.95,500.0,499,9980000,0.0069910325,15.314247209706883,2.9518933788606314,5.125999535948722e-08,48.67703986167908,6.4917073249816895,55.16874814033508,-1.9407272233706863e-08,6.351471171228695e-08,0.8985217213630676,0.24322102963924408,0.024772662669420242,0.262398362159729,0.27069008350372314,1.0
607.7895898090558,2.2199999999999998,500.0,500,10000000,0.005321268,18.69296682898406,13.801792400467928,-6.389618079083448e-08,48.715707540512085,6.359645843505859,55.07535409927368,3.042221052851346e-08,-9.727478378351861e-09,0.6681342720985413,0.2693606913089752,0.04480251297354698,0.2588934302330017,0.4031534790992737,1.0
680.2273191005826,8.879999999999999,500.0,501,10020000,0.00711538,22.00620499629124,1.2666097828537035,4.863738745086721e-09,48.98776602745056,6.202707767486572,55.19047522544861,-1.4305114870438729e-09,3.1471252270875993e-09,1.1966856718063354,0.24669137597084045,0.013965918682515621,0.1921572983264923,0.2061455398797989,1.0
579.5316527602804,0.0,500.0,502,10040000,0.0068950355,25.47770430540583,0.8976617284261497,-6.246566819356758e-09,48.834420919418335,6.132007360458374,54.966428995132446,1.3351439953623867e-09,-5.722046170220096e-10,1.2035330533981323,0.24376770853996277,0.013807455077767372,0.29856228828430176,0.2025434672832489,1.0
631.5813635702416,0.0,500.0,503,10060000,0.006935472,20.042412628489696,0.832979541143794,-1.0800361494034405e-08,48.594059228897095,6.297318696975708,54.89137864112854,1.673698513116051e-08,-1.1444092340440193e-09,1.2738755941390991,0.24366286396980286,0.012324677780270576,0.13212527334690094,0.19127677381038666,1.0
625.055048479882,309.45,500.0,504,10080000,0.003910782,22.071397427540674,9546.64617386206,9.519577020000725e-07,48.6919960975647,6.448018789291382,55.140015840530396,-1.506805347162299e-08,-2.5024414185281785e-07,0.4978567361831665,0.2503589689731598,0.08069027960300446,0.3686886131763458,0.5287906527519226,1.0
595.6603785346617,0.0,500.0,505,10100000,0.006912774,14.565264542695063,2.815019449003183,4.1198731537406275e-08,48.71358609199524,6.111472129821777,54.82505917549133,-9.155273872352154e-09,1.6403198799253005e-08,1.1562806367874146,0.25041744112968445,0.014959020540118217,0.2372627705335617,0.21657150983810425,1.0
532.5855354964256,0.0,500.0,506,10120000,0.006521568,12.494948569224897,2.0089788855261106,4.863739189175931e-09,49.30712032318115,6.214107990264893,55.52122950553894,-1.0490417423625331e-09,1.9073485846288207e-10,0.9955599904060364,0.25592514872550964,0.02017877995967865,0.24990198016166687,0.2570665180683136,1.0
524.5174596954421,0.0,500.0,507,10140000,0.006603138,17.079263390705083,2.04085355047967,1.4877319820527646e-08,48.93427658081055,6.131869554519653,55.06614685058594,-9.536743617033494e-10,-6.198883073516015e-10,1.0902693271636963,0.2456299066543579,0.016825275495648384,0.1830238699913025,0.2252928763628006,1.0
656.2633201642832,0.0,500.0,508,10160000,0.0068306956,15.843532005237167,1.8332913561231772,1.7225741943960315e-09,48.878565311431885,6.025957107543945,54.904524087905884,-3.8146971692576415e-10,8.940696794024205e-11,1.058459758758545,0.2549534738063812,0.017851760610938072,0.21578845381736755,0.2408720850944519,1.0
566.846314686709,0.0,500.0,509,10180000,0.006278185,25.790823866910994,1.7661080383950738,3.0279161400414978e-09,48.844886779785156,6.078125953674316,54.92301368713379,-5.722046170220096e-10,7.748603980672897e-10,1.1988211870193481,0.267368346452713,0.013916205614805222,0.15280048549175262,0.22302603721618652,1.0
599.1033084066054,0.0,500.0,510,10200000,0.006507533,11.091412951839958,1.6708533202766613,7.343292196537732e-09,48.961965560913086,6.170136451721191,55.132102966308594,-5.912780931538464e-09,9.95397542169485e-10,0.9883449673652649,0.26714596152305603,0.020474471151828766,0.22643354535102844,0.2702963054180145,1.0
643.2178618956117,0.0,500.0,511,10220000,0.0066061844,24.669490667513223,1.5911151066707199,3.111362500973769e-09,48.56597876548767,6.218050479888916,54.784029960632324,4.291534239087014e-09,5.960464760645934e-11,1.1779800653457642,0.25260263681411743,0.014412980526685715,0.2577599585056305,0.2144370973110199,1.0
549.6511448751698,0.0,500.0,512,10240000,0.0067535113,17.07363801093618,1.514747112495884,-8.20308976301476e-09,48.565118074417114,6.113581418991089,54.67870044708252,8.869171175263091e-09,-1.072883587527329e-10,0.9755941033363342,0.2464357167482376,0.0210131648927927,0.2336980104446411,0.25260061025619507,1.0
596.1066470968055,0.0,500.0,513,10260000,0.00688933,15.85400971181833,1.4425704106403765,-1.115798919926192e-08,48.63427734375,6.253868579864502,54.8881471157074,9.441375681262798e-09,-5.483627441016381e-10,1.0928255319595337,0.2524687349796295,0.016746655106544495,0.2555067241191864,0.23102383315563202,1.0
610.8943170764109,0.0,500.0,514,10280000,0.0069812844,16.833254722121413,1.375640474914745,1.799315363371079e-08,48.8788902759552,6.115084409713745,54.99397563934326,-1.850128228397807e-08,1.5549361798150585e-09,1.1357146501541138,0.25350576639175415,0.015505695715546608,0.1767674684524536,0.22321251034736633,1.0
524.894696768276,0.0,500.0,515,10300000,0.006529258,9.164003725112623,1.3041989791924786,-9.754300478448386e-09,48.37696290016174,6.058144569396973,54.435107946395874,1.1682510070443186e-08,-1.2785196235043372e-09,0.9357602596282959,0.264277845621109,0.022840237244963646,0.20428495109081268,0.2824205160140991,1.0
571.1978977009554,0.0,500.0,516,10320000,0.0067004575,9.874045973674507,1.232644323178917,-1.4840066953070163e-08,48.62015247344971,6.073361158370972,54.693514347076416,1.1825561863076928e-08,1.275539451839336e-09,0.9610178470611572,0.25343725085258484,0.021655434742569923,0.26700112223625183,0.26371756196022034,1.0
568.7894007888659,0.0,500.0,517,10340000,0.007385916,7.468453013517295,1.1466261239568138,2.7452783157855265e-08,48.39760231971741,6.085085868835449,54.482688903808594,-2.477169047665484e-08,-7.502734544750922e-10,0.9152098298072815,0.22875083982944489,0.023877479135990143,0.26775845885276794,0.24994361400604248,1.0
558.2017700156673,0.0,500.0,518,10360000,0.0066401726,12.896324961048782,1.0679027142798065,-9.86754944420909e-09,48.74624800682068,6.1004602909088135,54.846710443496704,7.343292196537732e-09,-1.192092865393013e-11,1.0703259706497192,0.2612682282924652,0.017458124086260796,0.2067713439464569,0.24410153925418854,1.0
564.0715240484858,0.0,500.0,519,10380000,0.0072986465,15.936750832940362,1.0180676938621862,-3.869831566305493e-09,48.77824926376343,6.072915077209473,54.85116529464722,-2.1934509764065524e-09,9.164214387347158e-10,0.9753718376159668,0.23580868542194366,0.021022744476795197,0.3615511953830719,0.24176280200481415,1.0
595.116991444584,0.0,500.0,520,10400000,0.0077232756,14.793494469648714,0.9569357244452094,1.1920930909070648e-10,48.83887720108032,6.21306037902832,55.05193829536438,-3.910064716450279e-09,3.248453062099088e-09,0.9894552826881409,0.23143574595451355,0.020428545773029327,0.27430182695388794,0.2339022159576416,1.0
527.0022852649978,0.0,500.0,521,10420000,0.006160361,13.951153176605322,0.9014702135590231,1.0658054883094792e-08,48.66459369659424,6.091463327407837,54.75605797767639,-1.0871887390351276e-08,9.365379582959577e-10,1.2033168077468872,0.2699325680732727,0.013812417164444923,0.1626543402671814,0.22432374954223633,1.0
564.0861586521216,0.0,500.0,522,10440000,0.0063134446,11.223968164176698,0.8345439622356633,-4.06801703434212e-09,48.69887638092041,6.034031391143799,54.732908487319946,8.583068478174027e-09,2.2932886700743893e-09,1.166175365447998,0.2635934054851532,0.01470625214278698,0.167955219745636,0.22603243589401245,1.0
543.0565647657446,0.0,500.0,523,10460000,0.0072389916,16.278721804831438,0.7656511187553405,-8.481741531340958e-09,48.67743897438049,6.120303153991699,54.79774308204651,3.1471252270875993e-09,6.884336434254124e-10,1.154892086982727,0.22827140986919403,0.014995016157627106,0.22703491151332855,0.1976560354232788,1.0
535.8696183506534,0.0,500.0,524,10480000,0.0072067217,11.730868769755029,0.6854438006498251,5.105137645955438e-09,48.62925934791565,6.110919952392578,54.740180015563965,2.7656554824062596e-09,-1.7844140054457114e-10,1.0103392601013184,0.24629780650138855,0.01959274522960186,0.28404197096824646,0.2437773197889328,1.0
623.1327252327268,0.0,500.0,525,10500000,0.0072607743,18.040911607681565,0.5927717973092559,4.378110318725703e-08,48.692349433898926,6.156417608261108,54.84876775741577,-4.482269133632144e-08,2.861023085110048e-10,1.0880478620529175,0.24912214279174805,0.01689404994249344,0.21390144526958466,0.2289625108242035,1.0
658.3473076938848,0.0,500.0,526,10520000,0.006673536,9.571336977648887,0.47295597700556374,-3.9640067228674525e-08,48.728854179382324,6.157551288604736,54.88640642166138,3.995895525576998e-08,1.9371509951682242e-10,1.1095629930496216,0.2598250210285187,0.016245229169726372,0.21835118532180786,0.23416879773139954,1.0
528.8174026986451,0.0,500.0,527,10540000,0.006624176,7.485568918240298,0.35080326389355265,1.2111663671987571e-08,48.29026651382446,6.093729257583618,54.38399648666382,1.9073485846288207e-10,3.0755997748599384e-09,0.8829582333564758,0.2668622136116028,0.025653671473264694,0.2519228458404541,0.3022364675998688,1.0
534.8021976165453,0.0,500.0,528,10560000,0.006293807,7.619670282959179,0.2501171076468601,8.547305974104802e-09,48.96810841560364,6.218688488006592,55.18679761886597,1.6212463593845428e-09,2.622604355906333e-10,0.9980064034461975,0.2656586170196533,0.020079974085092545,0.1761387586593628,0.2661893367767334,1.0
516.0050735888127,0.0,500.0,529,10580000,0.0065292586,7.037826778782401,0.16591804012371475,-3.165006479122212e-09,48.868189096450806,6.12557053565979,54.99376082420349,6.341934088993639e-09,-1.0132789746153392e-10,0.9234033226966858,0.26156213879585266,0.02345561981201172,0.3086129128932953,0.2832588851451874,1.0
602.640293787146,0.0,500.0,530,10600000,0.00637931,13.239198476038162,0.10378847465773297,3.2782561387723064e-11,48.690319299697876,6.035154581069946,54.72547483444214,2.1934509764065524e-09,2.3245810831795666e-10,1.0009914636611938,0.27074623107910156,0.01996038854122162,0.2030000388622284,0.2704780399799347,1.0
565.4414274211955,0.0,500.0,531,10620000,0.0072938683,11.201203102063221,0.05461567372890415,4.345178439280062e-09,48.9208197593689,6.147622585296631,55.068443059921265,2.574920721087892e-09,2.4437904477814243e-10,0.908711850643158,0.2336195707321167,0.024220185354351997,0.2779310345649719,0.25708872079849243,1.0
517.8333151229053,0.0,500.0,532,10640000,0.0062898635,10.12027983574351,0.018668825192982033,3.18884862959834e-10,48.55314803123474,6.191271543502808,54.744420289993286,1.478195232884616e-09,2.9802321634825324e-12,0.9970500469207764,0.26494476199150085,0.020118514075875282,0.21644285321235657,0.2657287120819092,1.0
594.3271268984269,0.0,500.0,533,10660000,0.0073583634,15.28612692887616,0.005500337286484517,1.2958049744327127e-08,49.17330574989319,6.302806615829468,55.47611331939697,-9.727478378351861e-09,1.3709068602540952e-10,0.9379386305809021,0.22515808045864105,0.0227342676371336,0.39315277338027954,0.24005627632141113,1.0
571.872898388149,0.0,500.0,534,10680000,0.0067376243,11.438277567116318,0.0020836939868386717,-2.310722990728209e-08,48.831528186798096,6.195354700088501,55.02688384056091,1.4495849853801701e-08,-7.838010795957473e-10,1.0849411487579346,0.25449925661087036,0.016990937292575836,0.20756401121616364,0.23457422852516174,1.0
594.68628106132,0.0,500.0,535,10700000,0.007183437,15.83499779549374,0.0005952164323319781,-3.516673896530875e-10,48.92429995536804,6.310613632202148,55.23491430282593,-3.814697446813398e-09,-4.1723249855074585e-11,1.0276864767074585,0.24110879004001617,0.0189368836581707,0.22650142014026642,0.23461319506168365,1.0
479.9489579602885,0.0,500.0,536,10720000,0.006674966,12.778531659788387,0.0002944781446264416,1.2673251781336603e-08,48.774775981903076,6.195440292358398,54.97021746635437,-9.274482515309046e-09,1.3951212407548041e-10,1.0460470914840698,0.2573463022708893,0.01827794313430786,0.2606874704360962,0.24601784348487854,1.0
526.287059756925,0.0,500.0,537,10740000,0.006314477,9.887232135967084,0.00023062404262378018,5.483627441016381e-10,49.05511260032654,6.043808698654175,55.09892249107361,-3.337859988405967e-10,-5.364417937636645e-11,1.111029028892517,0.27103254199028015,0.01620238460600376,0.22688192129135132,0.2439473271369934,1.0
543.7870279734373,0.0,500.0,538,10760000,0.00702563,10.565731369006405,0.00017596289847686793,-9.798631239732458e-09,48.66561222076416,6.435107231140137,55.100719928741455,3.7193297330873065e-09,1.2293457918310935e-11,0.9478219151496887,0.23857568204402924,0.02226262167096138,0.25158944725990295,0.2517094016075134,1.0
548.200288040618,0.0,500.0,539,10780000,0.007123207,10.549841731217256,0.0001234900096910012,1.0113045512127883e-08,48.84785866737366,6.237603664398193,55.08546304702759,-4.76837147544984e-09,1.5459954497143436e-11,0.9196245074272156,0.2392980009317398,0.023648781701922417,0.2542339265346527,0.260212779045105,1.0
567.7963366391695,0.0,500.0,540,10800000,0.005990261,14.312335983203475,7.24139172304088e-05,-3.5908072071322295e-09,48.60599422454834,6.2519371509552,54.857932329177856,-6.008148201175345e-09,-1.192092865393013e-11,0.9883551001548767,0.2634953558444977,0.02047405019402504,0.24957440793514252,0.2665998935699463,1.0
505.2462612136068,0.0,500.0,541,10820000,0.00714674,8.79066858580158,4.352915316680094e-06,-1.2070872079661399e-09,48.77436709403992,6.339322328567505,55.11369037628174,6.675719976811934e-10,-1.3969838306981952e-11,0.9775751829147339,0.2522306740283966,0.02092808298766613,0.21534767746925354,0.2580167055130005,1.0
492.99972790094125,0.0,500.0,542,10840000,0.005306861,8.174400090867547,6.444650329177983e-09,9.261653666214897e-09,48.41584920883179,6.154141902923584,54.56999206542969,-4.4345855876315454e-09,1.1012889385153546e-11,0.6626984477043152,0.3144761323928833,0.045540519058704376,0.1738118827342987,0.474538654088974,1.0
519.2899118704725,0.0,500.0,543,10860000,0.0067506074,7.261570479156106,5.212133253729015e-09,1.7138710006747715e-08,48.60649824142456,6.343169927597046,54.94966912269592,-2.155304024142879e-08,-2.7590431675439397e-11,1.0445934534072876,0.25653818249702454,0.018328849226236343,0.2680721580982208,0.24558661878108978,1.0
500.3626919359107,0.0,500.0,544,10880000,0.006574034,11.662348489700609,3.4375075738474024e-08,6.050570044990877e-10,49.04076933860779,6.203782558441162,55.24455261230469,-2.9087066089061864e-09,3.2724347537316234e-11,0.8838217854499817,0.2598588168621063,0.025603562593460083,0.3009573817253113,0.29401716589927673,1.0
576.8580300512776,0.0,500.0,545,10900000,0.005155857,14.785779959684724,3.969025379263787e-08,9.705917847213641e-09,49.05139350891113,6.132786989212036,55.18418097496033,-6.794929507947245e-09,2.246815797649071e-12,1.0354280471801758,0.2984311282634735,0.01865476928651333,0.1737656444311142,0.28822001814842224,1.0
554.5335807855364,0.0,500.0,546,10920000,0.0072838226,12.444082606370282,2.4099596817124738e-08,1.7029297083581696e-08,48.76210045814514,6.161917209625244,54.92401838302612,-1.4925003455346086e-08,3.0157390473739554e-11,0.9448143839836121,0.22812587022781372,0.022404581308364868,0.314553439617157,0.2414504438638687,1.0
607.917079345637,0.0,500.0,547,10940000,0.0061865225,9.019907756064349,1.0104715078385912e-08,3.7178105039004095e-10,48.93527007102966,6.281395435333252,55.21666646003723,-6.198883073516015e-10,-9.688664800999724e-12,0.9933664798736572,0.2674567401409149,0.020267995074391365,0.2568437159061432,0.2692427337169647,1.0
548.133072603048,0.0,500.0,548,10960000,0.0073677613,10.74712358857416,6.307873460125688e-08,-2.014427291641141e-09,48.9568247795105,6.245555639266968,55.20238137245178,-3.528594971768939e-09,-1.1618248897671268e-11,0.9127374291419983,0.23784899711608887,0.024007011204957962,0.3796343505382538,0.2605886161327362,1.0
566.2000809231024,0.0,500.0,549,10980000,0.0072094253,13.366937608475897,2.667351845950009e-08,-5.525938373551753e-09,48.67138600349426,6.237027645111084,54.90841460227966,-4.911422823994371e-09,5.331821789633651e-12,0.9861117005348206,0.24238580465316772,0.020567312836647034,0.28879794478416443,0.24579954147338867,1.0
625.2217121017227,0.0,500.0,550,11000000,0.006565902,12.537940362456498,3.492040795922924e-08,-2.7649265987861327e-08,49.22587180137634,6.095115423202515,55.320987939834595,1.7976761412796805e-08,7.275957614183426e-12,1.111337423324585,0.25694796442985535,0.016193393617868423,0.20057137310504913,0.231206014752388,1.0
636.6792061933563,0.0,500.0,551,11020000,0.00516279,14.383614893931492,8.065336424701389e-08,6.3884550982606925e-09,49.14567708969116,6.069123983383179,55.21480202674866,4.863739189175931e-09,-1.169973948451919e-12,0.8142625093460083,0.2986551523208618,0.03016483597457409,0.24918246269226074,0.3667798936367035,1.0
555.5020253572491,0.0,500.0,552,11040000,0.00629952,13.54498905558495,3.128554057024494e-08,8.296595410683949e-09,49.02768421173096,6.328704595565796,55.35638952255249,-5.7220459481754915e-09,-3.8126018184550525e-13,0.6895838379859924,0.27405816316604614,0.04205869138240814,0.1916690468788147,0.39742544293403625,1.0
634.0141885914647,0.3375,500.0,553,11060000,0.0064122328,14.071355510213573,1.706909963229337,2.799034071188089e-08,49.27482485771179,6.311360836029053,55.58618640899658,-1.7738342350526182e-08,-5.435943695175638e-09,1.022274374961853,0.26152023673057556,0.019137926399707794,0.2028273195028305,0.25582197308540344,1.0
555.1965498259533,1.9125,500.0,554,11080000,0.0065010553,9.091201253149919,11.663417766238474,-1.3904571005696198e-07,48.575106143951416,6.076564311981201,54.651671409606934,-4.062652436687131e-08,-1.8081665587033058e-07,0.9570919871330261,0.26396891474723816,0.021833453327417374,0.2520071566104889,0.2758030295372009,1.0
642.8249147208871,0.0,500.0,555,11100000,0.006298857,22.072257332589217,0.7200879734033232,1.3828278078165113e-08,48.9561824798584,6.166873455047607,55.12305665016174,-7.057189943537878e-09,0.0,0.9148414731025696,0.27635347843170166,0.023896709084510803,0.18568630516529083,0.3020780086517334,1.0
595.4236081412389,0.0,500.0,556,11120000,0.0065194336,12.788947977381907,0.31101966095008665,-9.63211110871498e-09,48.856531381607056,6.067105054855347,54.92363739013672,-2.8610229740877458e-09,-6.008148201175345e-09,0.9983442425727844,0.25940150022506714,0.020066386088728905,0.19879530370235443,0.2598317265510559,1.0
651.3305543219834,0.00125,500.0,557,11140000,0.0073959227,18.528770704026435,0.17996907904744147,1.0490417423625331e-09,49.1186900138855,6.133673667907715,55.25236439704895,-6.580352707175052e-09,-1.5258788677030566e-09,1.0212838649749756,0.24442210793495178,0.01917506568133831,0.2184506356716156,0.2393282651901245,1.0
627.4920722629959,0.02375,500.0,558,11160000,0.0067393403,13.153314045887845,0.12171805051102,-2.8610229740877458e-09,48.939685106277466,6.197133541107178,55.13681936264038,4.959106458812812e-09,-1.3589859237939095e-09,0.9764899015426636,0.27611178159713745,0.020974628627300262,0.16932621598243713,0.282759428024292,1.0
500.66134152669895,73.1575,500.0,559,11180000,0.0033324684,15.210633977962907,1988.844932001511,-1.7466545898514596e-07,48.8088219165802,6.161205768585205,54.97002863883972,-2.813339339269305e-09,6.561279519701202e-08,0.2804805040359497,0.27681219577789307,0.25422871112823486,0.46896660327911377,0.965184211730957,1.0
545.6864710132768,0.2925,500.0,560,11200000,0.007878359,11.559223180819469,1.537173105425136,2.2792814746708245e-08,48.93781018257141,6.280972242355347,55.218783140182495,-6.675720420901143e-09,4.863739189175931e-09,0.9795757532119751,0.2641020715236664,0.02084268629550934,0.2528954744338989,0.2696087062358856,1.0
563.4572213578699,0.0,500.0,561,11220000,0.00626719,18.586306972260687,1.0211164669436255,4.768372363628259e-10,48.75658631324768,6.128575086593628,54.885162115097046,9.536742923144104e-11,-3.1471252270875993e-09,1.043916940689087,0.2602691054344177,0.018352612853050232,0.21733270585536957,0.24931968748569489,1.0
541.6962716040259,0.0,500.0,562,11240000,0.0038300545,13.20850432480976,0.6296796882608134,1.132488769428619e-09,48.72922134399414,6.07287335395813,54.80209541320801,-3.3378602104505717e-09,9.727478378351861e-09,0.6743602156639099,0.2577005922794342,0.043979063630104065,0.31691497564315796,0.38214078545570374,1.0
549.5410782796951,0.0,500.0,563,11260000,0.006456907,9.221982423515076,0.34204906992092254,-8.082389868491191e-09,49.08857226371765,6.104126214981079,55.19269919395447,7.057189943537878e-09,1.287460360543946e-09,0.7707926630973816,0.2687632143497467,0.03366314619779587,0.26576972007751465,0.348684161901474,1.0
547.8161139281902,0.0,500.0,564,11280000,0.0069514946,10.656341171872084,0.29816541079502956,9.298324776807476e-09,48.82759141921997,6.210838794708252,55.03843116760254,-8.583068478174027e-09,-2.241134611224993e-09,0.9297868609428406,0.24878667294979095,0.02313465252518654,0.25153079628944397,0.26757386326789856,1.0
565.3936812117903,0.0,500.0,565,11300000,0.0060764635,14.511972262145607,0.2231552393573105,3.0755997748599384e-09,48.841036558151245,6.127898693084717,54.96893620491028,4.291534350109316e-10,1.19209286886246e-09,0.7223421931266785,0.2654227912425995,0.038330450654029846,0.19631777703762054,0.36744746565818787,1.0
601.0008036307776,222.99375,500.0,566,11320000,0.0074112443,21.59704185321832,3128.5901776493356,6.446838369811303e-07,48.91937303543091,6.060101747512817,54.97947549819946,1.2230873203122883e-08,3.295898522992502e-07,0.31423044204711914,0.20231084525585175,0.20255057513713837,1.123628854751587,0.6231542825698853,1.0
537.3693180411858,6.20625,500.0,567,11340000,0.0065695513,14.066316173638509,28.516269773130965,-1.4600755093852058e-07,48.544517993927,5.980931520462036,54.525450229644775,6.961822673900997e-09,-1.1596679883041361e-07,0.9342597126960754,0.25810718536376953,0.02291366457939148,0.24151311814785004,0.27626922726631165,1.0
531.1690509587822,0.0,500.0,568,11360000,0.006291195,13.960807659064129,5.384875225565236,2.1457672971791908e-08,48.79109859466553,6.0969319343566895,54.88803148269653,1.907348723406699e-09,-9.918212917625624e-09,0.9471806287765503,0.2754404842853546,0.02229277789592743,0.20148228108882904,0.29080042243003845,1.0
571.2361338752871,0.0,500.0,569,11380000,0.00640293,16.301852206515658,2.56853964457846,-7.629394893626795e-09,49.006532430648804,6.069894552230835,55.076427936553955,-5.912780931538464e-09,8.201599399626502e-09,1.0545705556869507,0.2548889219760895,0.017983675003051758,0.2846163511276245,0.2416992336511612,1.0
665.8775335404489,0.0,500.0,570,11400000,0.00533108,14.582512286666093,1.754417393237922,7.2479249269008506e-09,48.97132706642151,6.325592279434204,55.29692006111145,8.01086397217432e-09,0.0,0.8348106145858765,0.30703550577163696,0.0286981500685215,0.17005671560764313,0.3677905201911926,1.0
506.0199569326249,0.0,500.0,571,11420000,0.0060705743,17.776230391119697,1.6304356551474066,-1.277923633580258e-08,48.866883754730225,6.276559352874756,55.14344382286072,-1.5258788677030566e-09,-7.820129432900558e-09,0.8182117342948914,0.277870237827301,0.029874347150325775,0.23159471154212952,0.3396068215370178,1.0
611.2005826267028,0.0,500.0,572,11440000,0.009742863,36.360098337367845,1.646303880822127,-1.2588500908350397e-08,48.73284888267517,6.320717096328735,55.053568840026855,-4.0531160649948106e-09,-6.103515470812226e-09,0.62941575050354,0.23628728091716766,0.050484105944633484,0.3287978172302246,0.37540730834007263,1.0
618.3262819582981,0.0,500.0,573,11460000,0.0068514296,23.387891383687403,1.0683009845436,-1.1396408261532542e-08,48.790637493133545,6.259450197219849,55.05008840560913,9.489059316081239e-09,-5.149841442175784e-09,0.7590368390083313,0.24836716055870056,0.03471395745873451,0.324837327003479,0.32721367478370667,1.0
588.552292949677,0.0,500.0,574,11480000,0.009977372,22.110608003701373,1.1559008576308087,2.241134744451756e-08,48.72734498977661,6.247334718704224,54.97468042373657,-2.002716037452501e-08,2.8610229740877458e-09,0.5409107804298401,0.24395138025283813,0.06835632026195526,0.6032456755638123,0.45100119709968567,1.0
581.2476112396274,0.0,500.0,575,11500000,0.006715495,13.275793173966134,0.9264857660433289,-1.8024444159436825e-08,49.426732540130615,6.187756538391113,55.614490032196045,2.1839142050339433e-08,3.1471252270875993e-09,0.8280825614929199,0.2629966735839844,0.029166385531425476,0.21831092238426208,0.3175971508026123,1.0
551.5257555374351,0.0,500.0,576,11520000,0.0070434283,22.805765086070746,0.9873567407677888,9.155273872352154e-09,48.909443616867065,6.211687088012695,55.121132135391235,9.536743617033494e-10,-7.915496702537439e-09,0.6839402318000793,0.20958635210990906,0.04275565221905708,0.6682687997817993,0.3064395487308502,1.0
555.2633649370358,0.0,500.0,577,11540000,0.0054987217,19.970577428295353,0.8085890512177899,-8.153915764808062e-09,48.766345262527466,6.2504308223724365,55.0167772769928,-2.1934509764065524e-09,-9.202957507170595e-09,0.7037697434425354,0.2620105445384979,0.040380220860242844,0.4120314419269562,0.3722958266735077,2.0
537.6901748535234,0.0,500.0,578,11560000,0.006849583,22.40671564241883,0.8543595783649736,2.6273728082060188e-08,49.01823973655701,6.279083490371704,55.29732394218445,-2.970695511805843e-08,1.7166137400437265e-09,0.6399412751197815,0.2322719544172287,0.048837076872587204,0.47291746735572815,0.36295825242996216,1.0
658.9391719956743,0.0,500.0,579,11580000,0.006778688,15.328023327991461,0.652935993101946,-6.38961772381208e-09,49.13011074066162,6.1621317863464355,55.29224395751953,2.1934509764065524e-09,7.152557435219364e-10,0.8018618226051331,0.2550079822540283,0.0311050396412611,0.32898539304733276,0.3180198669433594,1.0
569.7819434494975,0.0,500.0,580,11600000,0.007363844,14.524616876225563,0.6207096256268252,-4.8398973717667104e-09,48.51986837387085,6.333326816558838,54.853195667266846,-1.931190540815919e-09,-2.1934509764065524e-09,0.799475371837616,0.23189783096313477,0.031291015446186066,0.31392619013786316,0.2900625169277191,1.0
600.9777876085118,0.0,500.0,581,11620000,0.008196084,22.4650518241202,0.5965866048624561,6.651878603491923e-09,48.60357141494751,6.233313322067261,54.83688545227051,-2.479553229406406e-09,-2.7418136649970393e-09,0.6725515127182007,0.24140404164791107,0.04421593248844147,0.30958932638168335,0.3589375913143158,1.0
553.2985039781677,0.0,500.0,582,11640000,0.006022796,12.020130192398266,0.5044402342503238,-1.4722347785323109e-08,49.45517921447754,6.249373912811279,55.70455455780029,5.769729582993932e-09,2.38418573772492e-09,1.0226689577102661,0.2882850468158722,0.01912315934896469,0.17554053664207458,0.2818947732448578,1.0
617.5698914332355,0.0,500.0,583,11660000,0.0065326714,14.409845685958862,0.45691863888767875,-2.059340431515011e-08,48.94368267059326,6.049108266830444,54.99279189109802,1.8644332300254973e-08,-1.275539451839336e-09,0.868520200252533,0.26208269596099854,0.026513680815696716,0.28944090008735657,0.3017577826976776,1.0
686.2963259242604,0.0,500.0,584,11680000,0.0065686395,15.938858092362713,0.4221983049325882,5.191564511619617e-09,49.0448431968689,6.0796849727630615,55.124528884887695,-5.817413217812373e-09,-4.220008786859353e-09,0.8567273616790771,0.2670416831970215,0.027248624712228775,0.21428777277469635,0.31169968843460083,1.0
657.8166616138135,0.0,500.0,585,11700000,0.0067798467,15.608220880957925,0.38726898431777956,-9.965896552444065e-09,49.38274049758911,6.228871583938599,55.61161470413208,6.008148201175345e-09,-4.339218317994664e-09,0.7608255743980408,0.24656324088573456,0.03455092012882233,0.21157428622245789,0.3240731954574585,1.0
607.125336823998,0.0,500.0,586,11720000,0.005676463,17.93014607338389,0.3503208904888979,-9.441375681262798e-09,48.64937496185303,6.1500244140625,54.799400329589844,1.19209286886246e-09,-5.039572759102384e-09,0.6320452690124512,0.2855586111545563,0.05006491765379906,0.2611579895019531,0.4518008232116699,1.0
669.6145807134874,0.0,500.0,587,11740000,0.0063057956,14.44585387661199,0.3158473301085697,-5.507469147403299e-09,49.19573187828064,5.987386226654053,55.18311882019043,2.2888184680880386e-09,-2.0265580324974053e-09,0.7372561693191528,0.27046775817871094,0.03679535537958145,0.3135780096054077,0.36685723066329956,1.0
659.9574905365413,0.0,500.0,588,11760000,0.00651391,18.832554071875894,0.2918192744255066,-2.7537347957462543e-09,49.244383573532104,6.209015369415283,55.453399896621704,-1.7166137400437265e-09,-1.084804579498666e-09,0.7038804292678833,0.28123044967651367,0.04036752134561539,0.27159377932548523,0.39954301714897156,1.0
613.9233217948079,0.0,500.0,589,11780000,0.0067531313,17.52252309489402,0.26709273912154946,1.4185905783392627e-08,49.00498414039612,6.064410924911499,55.069396018981934,-1.5735626135437997e-08,7.629394338515283e-10,0.6543404459953308,0.2489018589258194,0.04671134427189827,0.25673991441726685,0.3803859055042267,1.0
646.2621145155451,0.0,500.0,590,11800000,0.0060680495,16.50345488110925,0.2190045816408601,-5.114078494017349e-09,49.12253141403198,6.0651633739471436,55.18769574165344,4.673004205812958e-09,2.145767175054658e-10,0.7639182806015015,0.26373931765556335,0.0342717319726944,0.22318783402442932,0.34524545073509216,1.0
695.0572690655882,0.0,500.0,591,11820000,0.0055947737,24.442599475763405,0.17348837881900703,-9.477139073510443e-10,49.80920195579529,6.24735164642334,56.056554555892944,-1.8119812317252126e-09,1.072883587527329e-10,0.6515526175498962,0.29338911175727844,0.04711192846298218,0.29149478673934937,0.45029217004776,1.0
651.4105159923454,0.0,500.0,592,11840000,0.0061414293,14.445964337610135,0.12412257904459717,-2.7239321909178216e-09,49.27213978767395,5.975561857223511,55.24770259857178,1.2302399099439754e-08,2.3245810831795666e-10,0.8702587485313416,0.279291570186615,0.026407849043607712,0.20929788053035736,0.32092931866645813,1.0
643.7796254419378,0.0,500.0,593,11860000,0.0068251695,15.450330747312801,0.08024559114009712,-5.257129842561881e-09,49.05412244796753,6.108529090881348,55.16265249252319,2.861023085110048e-10,2.861023085110048e-10,0.8839425444602966,0.256265789270401,0.02559656836092472,0.24938146770000458,0.28991231322288513,1.0
624.188744390025,0.0,500.0,594,11880000,0.005786204,16.760247541536952,0.053338783032670145,-6.43730180271973e-09,49.01031708717346,6.173537015914917,55.183854818344116,2.813339339269305e-09,-1.9669532669297496e-10,0.8746724724769592,0.2880628705024719,0.026142004877328873,0.1997535228729248,0.3293379545211792,1.0
551.1624991219903,0.0,500.0,595,11900000,0.0060913917,14.781214249058134,0.031932980291972494,8.809566409695435e-09,49.00156116485596,6.093564748764038,55.09512686729431,-3.7193297330873065e-09,-1.788139358804841e-10,0.8303420543670654,0.2858666777610779,0.029007863253355026,0.17016850411891937,0.3442758321762085,1.0
614.2589707523848,31.972500000000004,500.0,596,11920000,0.008769947,22.663023263481772,50.44485841450418,-1.5292168598080025e-07,48.93044972419739,6.041444540023804,54.97189497947693,6.294250454175199e-09,5.6457519548303026e-08,0.6634827256202698,0.23513661324977875,0.0454329177737236,0.28214919567108154,0.3797605335712433,1.0
700.0123377578744,39.0775,500.0,597,11940000,0.004502735,21.20325688890591,15.65797824145882,-1.9025801378802498e-08,48.82511067390442,6.089916706085205,54.91502833366394,1.363754265071293e-08,8.392333938900265e-09,0.7551369667053223,0.22585511207580566,0.03507344424724579,0.19415125250816345,0.3803378939628601,1.0
669.7048229330576,0.0,500.0,598,11960000,0.0067460756,16.581887105771692,5.314160001733501,-7.944107238699871e-08,48.917601585388184,6.299067258834839,55.21667003631592,-2.07901003079769e-08,-7.400512913591228e-08,0.6631916761398315,0.2678365409374237,0.045472804456949234,0.20437221229076385,0.4038598835468292,1.0
638.9524318590599,0.0,500.0,599,11980000,0.006828039,16.572566718204765,0.3774187976767303,-4.291534239087014e-09,49.09010910987854,6.048750400543213,55.13886070251465,-1.442432395748483e-09,1.287460360543946e-09,0.8670631051063538,0.24370940029621124,0.026602867990732193,0.33003750443458557,0.281074583530426,1.0
654.104968417354,0.0,500.0,600,12000000,0.005787955,21.35921753196959,0.2855753277137781,5.9604645663569045e-09,48.77410840988159,6.100234031677246,54.874343156814575,-6.008148201175345e-09,-1.59740443095302e-09,0.9524409770965576,0.2933944761753082,0.02204721048474312,0.2313212901353836,0.30804479122161865,1.0
661.6795610537747,0.0,500.0,601,12020000,0.006051886,24.874651475772737,0.2854685006153052,4.673004205812958e-09,49.295167684555054,6.280294895172119,55.57546377182007,-5.006790093631253e-09,7.629394338515283e-10,0.7458537817001343,0.2759521007537842,0.035951949656009674,0.1828751564025879,0.3699814975261688,1.0
723.8193825862488,0.0,500.0,602,12040000,0.0054913405,18.4472646868153,0.22175957631723137,4.79221329285906e-09,49.01541447639465,6.121678352355957,55.13709354400635,-7.772445798082117e-09,1.478195232884616e-09,0.9250659346580505,0.2888859808444977,0.023371383547782898,0.2842862010002136,0.31228697299957275,1.0
637.8939993902889,0.0,500.0,603,12060000,0.0062197153,16.82465448288401,0.24692406780590678,-2.2172927938157727e-09,49.088398456573486,6.299587965011597,55.38798713684082,2.312660285497259e-09,-8.344650526126429e-10,0.7180103659629822,0.2758052945137024,0.038794346153736115,0.31764155626296997,0.38412436842918396,1.0
723.6263713848042,0.0,500.0,604,12080000,0.006809263,26.33996901846236,0.16316874622349525,-9.03010444197605e-10,49.43606948852539,6.099404335021973,55.5354745388031,3.7193297330873065e-09,1.3053417236008613e-09,0.908882200717926,0.2567424774169922,0.024211104959249496,0.21231591701507568,0.2824816107749939,1.0
677.9484042222235,0.0,500.0,605,12100000,0.0064196778,22.300492928741843,0.1352572038152795,-5.534291247499823e-09,48.98131346702576,6.108810901641846,55.09012508392334,6.675720420901143e-09,-7.674098023713327e-10,0.8204169273376465,0.27490684390068054,0.029713965952396393,0.22669947147369385,0.33508196473121643,1.0
741.0897622573916,0.0,500.0,606,12120000,0.005756178,17.54892579704333,0.09995262065700665,-6.8306920120164705e-09,48.94766306877136,6.063098192214966,55.010762214660645,1.0871887390351276e-08,-9.23872020552885e-11,0.9710472226142883,0.2890140116214752,0.021210409700870514,0.15806768834590912,0.29763132333755493,1.0
716.5229864269746,0.0,500.0,607,12140000,0.0059831543,12.320772608374334,0.0682563414619227,1.2612342281670408e-08,48.776102781295776,6.156937122344971,54.93304085731506,-6.103515470812226e-09,1.9073485846288207e-10,0.9274983406066895,0.2813730835914612,0.023248961195349693,0.20973502099514008,0.3033677637577057,1.0
693.9100775212681,0.0,500.0,608,12160000,0.006219559,12.947233572127713,0.042375311832044536,-1.75178058725578e-08,49.26502346992493,6.193449974060059,55.45847415924072,1.3780593555168252e-08,-3.8146971692576415e-10,0.8202319741249084,0.2783339321613312,0.029727371409535408,0.29990527033805847,0.3393356502056122,1.0
669.8086275139033,0.0,500.0,609,12180000,0.0066167084,16.467753869560873,0.025588615840170414,1.822411910268329e-08,49.43278741836548,6.113301992416382,55.5460901260376,-1.039505015398845e-08,1.1622905415897833e-10,0.814640462398529,0.26540786027908325,0.030136853456497192,0.2693431079387665,0.32579755783081055,1.0
717.0990639840287,0.775,500.0,610,12200000,0.004540293,19.83541790451973,0.06186532004599928,1.4972687978342947e-08,48.99203443527222,6.177724361419678,55.16975975036621,-1.277923544762416e-08,1.0490417423625331e-09,0.7366036176681519,0.3115805387496948,0.03686057776212692,0.21170395612716675,0.4229962229728699,1.0
679.0398491601534,0.0,500.0,611,12220000,0.006051121,17.271360300452844,0.07282012291608532,-1.044273378880689e-08,49.17578721046448,6.190982341766357,55.36677026748657,9.059906158626063e-10,-7.152557435219364e-10,0.9060878753662109,0.2725905776023865,0.024360667914152145,0.2494148463010788,0.30084335803985596,1.0
727.1206894531031,0.0,500.0,612,12240000,0.00701905,20.831362828175735,0.027458471370635517,-6.055831835993786e-09,48.990259408950806,6.039041042327881,55.029300928115845,8.869171175263091e-09,-8.583068700218632e-10,0.888752281665802,0.25499191880226135,0.025320272892713547,0.24769510328769684,0.2869100570678711,1.0
682.3023237329137,0.0,500.0,613,12260000,0.006510601,14.620603027161518,0.008243662340471605,-3.315508423362701e-10,48.953999757766724,6.156939506530762,55.1109402179718,-9.536742923144104e-11,6.109476119453561e-11,0.7839885354042053,0.27747684717178345,0.03253946453332901,0.18417228758335114,0.3539297580718994,1.0
718.7691022651492,0.0,500.0,614,12280000,0.0063212793,17.774749323668754,0.004332693776109843,3.3110381103540476e-09,49.0363826751709,6.142892837524414,55.17927646636963,7.128715395765539e-09,-2.205371857355587e-10,0.7870050668716431,0.26505404710769653,0.0322905033826828,0.3127884864807129,0.33678823709487915,1.0
714.7206837874755,0.0,500.0,615,12300000,0.00655697,27.68674053811723,0.0019737912961103874,2.0921231413950636e-09,49.16671085357666,6.216078042984009,55.382790088653564,-1.0490417423625331e-09,-2.980232380322967e-11,0.8202053904533386,0.26474955677986145,0.029729293659329414,0.25582155585289,0.322784423828125,1.0
752.2423119118516,0.0,500.0,616,12320000,0.006586615,15.675473062247987,0.0004814762997409109,6.014853504154871e-09,49.42520785331726,6.2470996379852295,55.67230844497681,-5.125999624766564e-09,-8.866191114620392e-11,0.9299225211143494,0.26743367314338684,0.023127906024456024,0.2100505232810974,0.28758710622787476,1.0
722.5218702493928,0.0,500.0,617,12340000,0.0069074663,12.481118025445634,0.00010737027996757282,1.581795672223052e-08,49.36716651916504,6.095944404602051,55.463111877441406,-1.5592574342804255e-08,2.8125942547196914e-11,0.8992500901222229,0.2543874680995941,0.024732546880841255,0.22744867205619812,0.2828884720802307,1.0
764.45206256108,0.0,500.0,618,12360000,0.006646725,17.298073385627408,4.4898599412445734e-05,-2.1300440522509234e-08,49.19162178039551,6.069355010986328,55.26097750663757,1.1825561863076928e-08,-2.286396939832347e-11,0.9149249792098999,0.2635241448879242,0.023892348632216454,0.34320375323295593,0.28802815079689026,1.0
770.5555313961571,0.0,500.0,619,12380000,0.007203859,16.45863383195962,2.0846594121708713e-08,1.3426621592316224e-08,49.12075686454773,6.101099729537964,55.22185754776001,-1.516342251761671e-08,-2.0209700232753924e-11,0.8356239199638367,0.23593807220458984,0.028642315417528152,0.2718842029571533,0.2823495864868164,1.0
703.8932326585646,0.0,500.0,620,12400000,0.0055144257,13.904267230003503,1.4546775285543047e-08,8.407002205501612e-09,48.96009588241577,6.20195746421814,55.16205406188965,-8.583068700218632e-10,1.4854594984625713e-11,0.9614969491958618,0.29580751061439514,0.021633855998516083,0.1652604043483734,0.30765315890312195,1.0
781.4225388950312,0.0,500.0,621,12420000,0.006870111,18.846786503882925,1.5114770576259284e-08,-8.902663495291563e-09,49.056352615356445,6.101329803466797,55.15768313407898,9.441375681262798e-09,-3.3457764336830564e-11,0.8816918730735779,0.2598772943019867,0.025727417320013046,0.19466647505760193,0.2947483956813812,1.0
708.4644886573619,0.0,500.0,622,12440000,0.0064605614,15.383146715164184,1.2278738999658032e-08,7.563619952577483e-09,49.221293687820435,6.112398147583008,55.33369302749634,-1.5735626135437997e-09,-1.7613637978697305e-11,0.9762417674064636,0.2688610255718231,0.02098529227077961,0.18296664953231812,0.275404155254364,1.0
751.4972891868871,0.0,500.0,623,12460000,0.005940227,15.548489423010759,1.991799828015763e-08,-2.0050199722732032e-08,49.15780472755432,6.194695472717285,55.3525013923645,1.5544891596164234e-08,-2.3061875326080283e-11,0.9945028424263,0.26636001467704773,0.020221702754497528,0.260651558637619,0.26783233880996704,1.0
775.6151558035584,0.0,500.0,624,12480000,0.005896546,13.755534277448229,1.698709922690781e-08,6.29045526778782e-09,49.53268623352051,6.2121477127075195,55.74483513832092,-3.767013367905747e-09,-3.911554673913242e-12,0.9683964848518372,0.2903156578540802,0.021326687186956406,0.17374996840953827,0.2997901141643524,1.0
733.6694784376966,0.0,500.0,625,12500000,0.0068535074,22.577873182296752,8.085688031189555e-08,-6.834440569036815e-09,49.16140913963318,6.164509534835815,55.32591962814331,6.818771325356465e-09,3.216555494178763e-11,0.7073846459388733,0.28763842582702637,0.039968572556972504,0.3775128424167633,0.4066224694252014,1.0
750.587985208188,0.0,500.0,626,12520000,0.006578113,13.348940240957175,9.88925905920651e-09,-4.684616694561328e-09,49.895567417144775,6.191946506500244,56.08751463890076,-3.2424927187690855e-09,-1.1542579392287422e-11,0.9309694766998291,0.25220271944999695,0.02307591773569584,0.2326022833585739,0.2709033489227295,1.0
645.6257445800018,0.0,500.0,627,12540000,0.00571908,15.750300745144012,3.281839851872113e-08,1.7569576016285282e-08,48.92217206954956,6.134131669998169,55.056305170059204,-4.100799699813251e-09,2.18744397595394e-11,0.9128224849700928,0.28329306840896606,0.02400253899395466,0.16828879714012146,0.3103484511375427,1.0
673.5844689481686,0.0,500.0,628,12560000,0.0067588915,15.050402994520345,1.4135696097231565e-08,1.1632282692630724e-08,49.129658460617065,6.24669885635376,55.37635827064514,-2.1934509764065524e-09,-2.5669579309384183e-12,1.0919554233551025,0.2543075382709503,0.01677335426211357,0.1943483054637909,0.23289187252521515,1.0
740.3824576125378,0.0,500.0,629,12580000,0.007767705,21.98664155219011,2.0368381669251313e-08,1.4484292876204563e-08,49.43542242050171,6.334233999252319,55.769657373428345,-6.866454960174906e-09,-1.1606607168423988e-11,0.9378530383110046,0.23422488570213318,0.022738415747880936,0.39189571142196655,0.24974577128887177,1.0
715.5059625824704,0.0,500.0,630,12600000,0.0062636253,21.142257593847383,2.963389075548342e-08,-7.919422451152514e-09,49.12032437324524,6.3477864265441895,55.468111991882324,4.673004205812958e-09,-3.931927700095983e-12,0.8779667019844055,0.26440131664276123,0.025946199893951416,0.18619658052921295,0.3011518716812134,1.0
680.8842622210593,0.0,500.0,631,12620000,0.0065438463,16.850291185318284,3.5393467150288e-08,-2.100053908549171e-09,49.21468186378479,6.375370979309082,55.59005355834961,4.768371808516747e-10,-1.9266736643597238e-12,0.9140390157699585,0.24498915672302246,0.02393868751823902,0.34364229440689087,0.26802921295166016,1.0
696.4077164241935,0.0,500.0,632,12640000,0.0068654097,25.40026516428419,6.453088805157532e-09,1.5262946462257787e-08,49.202312707901,6.247333765029907,55.449647426605225,-1.2207030941624453e-08,4.17348924516836e-12,0.9820689558982849,0.2551214098930359,0.020736996084451675,0.17572931945323944,0.2597794830799103,1.0
668.2704408942852,0.0,500.0,633,12660000,0.006744876,20.871216534049648,3.846948772823865e-08,1.4541861048655846e-08,49.246047019958496,6.420082330703735,55.66613006591797,-1.125335735707722e-08,-1.641456068290914e-12,1.0038812160491943,0.25745701789855957,0.019845642149448395,0.19419652223587036,0.25646165013313293,1.0
691.2190885740121,0.0,500.0,634,12680000,0.006863466,16.540561210729514,1.511543500172722e-08,6.186964829346664e-10,49.091936349868774,6.156652927398682,55.24859046936035,2.574920721087892e-09,-1.162697976092586e-12,0.9245315790176392,0.25767484307289124,0.02339840866625309,0.252777099609375,0.2787085473537445,1.0
712.7539397394534,0.0,500.0,635,12700000,0.006782446,15.24716783207693,1.5105588408342925e-08,6.342213421106635e-09,49.199957847595215,6.118685960769653,55.318644523620605,-1.0490417423625331e-08,2.859451228316018e-13,0.8617503643035889,0.26195618510246277,0.026931893080472946,0.19142724573612213,0.3039814829826355,1.0
683.3213165273864,0.0,500.0,636,12720000,0.005934387,14.707142545615032,2.4358317239323313e-08,-4.482187510035374e-09,49.126052379608154,6.116832494735718,55.24288582801819,1.9073485846288207e-10,8.285496719056748e-14,0.9483715295791626,0.285005658864975,0.02223682403564453,0.20274774730205536,0.3005211055278778,1.0
742.980503689987,0.0,500.0,637,12740000,0.0062502087,16.151639625828736,2.2159547940174536e-08,-3.957639549412306e-09,49.29308795928955,6.129226922988892,55.42231559753418,1.115798919926192e-08,1.0786607474192952e-13,0.8477334976196289,0.2703784704208374,0.027829868718981743,0.25629109144210815,0.31894272565841675,1.0
702.3934873840509,0.0,500.0,638,12760000,0.0067707254,18.625270835609193,1.7427291224575455e-08,-6.7700485217869755e-09,49.11254930496216,6.179503917694092,55.29205393791199,2.479553229406406e-09,1.044463669198914e-12,0.7996228933334351,0.26074814796447754,0.03127947077155113,0.2705378532409668,0.32608893513679504,1.0
776.8474186250098,0.0,500.0,639,12780000,0.0058520595,17.399320351545978,3.574062704021422e-08,-1.5544623366281485e-08,49.21597671508789,6.214474201202393,55.43045163154602,2.489090000779015e-08,2.6739144210440047e-13,0.8410492539405823,0.2918136715888977,0.028273984789848328,0.1792588233947754,0.34696388244628906,1.0
780.751008515106,0.0,500.0,640,12800000,0.0060853,17.742320807572384,9.412859600482322e-09,7.724729300662148e-09,49.3933322429657,6.374353885650635,55.76768684387207,-3.814697446813398e-09,-2.6375345592473398e-14,0.6686868071556091,0.2774822413921356,0.04472850263118744,0.24368666112422943,0.4149658977985382,1.0
777.367213530245,0.0,500.0,641,12820000,0.006352983,20.61343480523225,2.5775339964843242e-08,-4.005585196864558e-09,49.07620573043823,6.121944189071655,55.198150873184204,-1.9073485846288207e-10,-1.5461410092770106e-13,0.9766268730163574,0.26885685324668884,0.02096874639391899,0.2563333809375763,0.27529123425483704,1.0
782.3291028795081,0.0,500.0,642,12840000,0.0067983256,15.538087378034167,1.9454533240358716e-08,-5.483626885904869e-09,48.97133421897888,6.3979432582855225,55.36927819252014,1.1873245497895368e-08,-1.0913936939659303e-15,0.7245932221412659,0.2515423595905304,0.038092661648988724,0.3335762917995453,0.3471497893333435,1.0
807.6091459800598,0.0,500.0,643,12860000,0.006264119,13.997723388975594,2.2107202725728924e-08,-3.748023047478455e-08,49.179527282714844,6.251181125640869,55.43070888519287,3.3283232170333577e-08,-8.309143846065015e-13,0.7111104726791382,0.2661304473876953,0.039550844579935074,0.32791462540626526,0.374246209859848,1.0
703.0200883426928,0.0,500.0,644,12880000,0.007546095,17.99623613934608,4.141816199065469e-08,7.62868324066801e-10,49.16372227668762,6.12659215927124,55.2903151512146,5.435943695175638e-09,-7.112248344518651e-14,0.5979708433151245,0.26087185740470886,0.05593322962522507,0.3544727563858032,0.4362618923187256,1.0
837.3676619134225,0.0,500.0,645,12900000,0.0060803746,15.916484440663817,8.836742624712511e-09,2.0787986443338013e-08,49.30544877052307,6.226897954940796,55.532347679138184,-2.6702881683604573e-08,-2.107844931584224e-12,0.7456775903701782,0.28478798270225525,0.03596894443035126,0.3073222041130066,0.38191837072372437,1.0
785.9996122528103,0.0,500.0,646,12920000,0.00686303,16.40424379178673,2.4939352807269673e-08,9.726022653921973e-09,48.99981188774109,6.308391332626343,55.30820393562317,-1.1348724626714102e-08,-1.4559191525986837e-12,0.781956672668457,0.2470511943101883,0.032708790153265,0.2533113360404968,0.315939724445343,1.0
879.8890894378699,0.0,500.0,647,12940000,0.006249177,14.236189400314526,2.6459470834120472e-08,-1.4115504598510853e-10,48.93394207954407,6.15135645866394,55.085299253463745,-1.430511542555024e-10,1.889566194485104e-12,0.7617737054824829,0.27060943841934204,0.034464966505765915,0.32013455033302307,0.3552360534667969,1.0
842.7024327863998,0.0,500.0,648,12960000,0.006318169,10.793130027868186,1.0492353032269129e-08,1.287466577792884e-08,49.21578621864319,6.306092739105225,55.52187967300415,-1.4877318932349226e-08,7.348716904095887e-14,0.9871413111686707,0.26302188634872437,0.02052443102002144,0.4064922630786896,0.26644814014434814,1.0
902.7253430161279,0.0,500.0,649,12980000,0.00680041,11.30607296190444,1.850621571210943e-08,1.71898761891498e-08,49.58102011680603,6.195651531219482,55.77667212486267,-1.4257430791531078e-08,-9.968061939020709e-14,0.8800195455551147,0.2641182243824005,0.025825290009379387,0.38292214274406433,0.30012768507003784,1.0
824.3232922661097,0.0,500.0,650,13000000,0.00605128,14.807172350670882,2.0939746299822273e-08,9.533698275276947e-10,49.31503343582153,6.107377290725708,55.42241144180298,-2.813339339269305e-09,-3.001332635112902e-13,0.9439511895179749,0.2757313549518585,0.022445574402809143,0.1845967173576355,0.2921034097671509,1.0
807.132987321166,0.0,500.0,651,13020000,0.006256375,14.13275727496785,2.0834889865555618e-08,-7.53332862757361e-09,49.68814563751221,6.111436605453491,55.799582958221436,7.1525572131747595e-09,7.144990436976084e-13,0.8923664689064026,0.2746621370315552,0.025115584954619408,0.19200460612773895,0.30779069662094116,1.0
805.0966995380467,0.0,500.0,652,13040000,0.006856255,13.15356340438697,1.2880603835063595e-08,3.097918810368583e-09,48.9672327041626,6.112531423568726,55.07976484298706,-8.392333938900265e-09,-1.522494153319287e-12,0.9360641241073608,0.2582462430000305,0.022825410589575768,0.18635231256484985,0.2758852243423462,1.0
848.1780445441334,77.1,500.0,653,13060000,0.0055570174,14.670257242773749,24298.210579319606,-2.5850295060081407e-06,48.816051721572876,6.182171106338501,54.998223543167114,-8.296966669263384e-09,2.9296876391526894e-07,0.6266027092933655,0.24246881902217865,0.050938405096530914,0.400949627161026,0.40089887380599976,1.0
805.2597898044457,693.9,500.0,654,13080000,0.006444343,14.48543083379223,128.38076866781637,-1.0724067323053532e-07,49.25543522834778,6.1938560009002686,55.44929218292236,-1.6260147006619263e-08,-1.4038086249001935e-07,0.6988806128501892,0.2673811912536621,0.040947169065475464,0.3015749156475067,0.40689191222190857,1.0
787.5204054039236,0.0,500.0,655,13100000,0.0043590814,13.267175572996686,6.428025251968651,5.435943251086428e-09,49.16181468963623,6.16721773147583,55.32903337478638,-4.00543198608716e-09,1.7929076889799944e-08,0.5977949500083923,0.28963837027549744,0.055966153740882874,0.20616143941879272,0.48451128602027893,1.0
810.2945262840991,91.1,500.0,656,13120000,0.0073335352,23.44154841003904,37197.83838594006,-6.280898787736078e-07,49.0611834526062,6.292808532714844,55.35399293899536,-4.00543198608716e-09,9.277343906433089e-07,0.43842360377311707,0.23521721363067627,0.10405001044273376,0.3673509359359741,0.5928332805633545,1.0
771.1243289456718,844.35,500.0,657,13140000,0.0070824814,18.366505423321087,6.708951173542411,-1.115799008744034e-08,49.5063259601593,6.05330491065979,55.55963182449341,5.912780931538464e-09,2.7465819840699623e-08,0.6140806078910828,0.26763927936553955,0.053037017583847046,0.3399595618247986,0.437308132648468,1.0
851.0804860804171,0.0,500.0,658,13160000,0.005692751,12.839700993762655,4.890733315079076,-3.814699667259447e-10,49.112013816833496,6.014714241027832,55.126728773117065,4.577636936176077e-09,-3.051757735406113e-09,0.6034814715385437,0.2778339684009552,0.0549163892865181,0.2117479145526886,0.4603852331638336,1.0
805.1020221063557,0.0,500.0,659,13180000,0.006174367,13.275495370026606,2.067112837095929,-1.5878677928071738e-08,49.22963809967041,5.99690580368042,55.226545095443726,6.38961772381208e-09,6.484985437538171e-09,0.7563005089759827,0.28137707710266113,0.03496560826897621,0.2592361867427826,0.37204402685165405,1.0
794.5130796801928,0.0,500.0,660,13200000,0.006420291,15.334735829055688,1.545205632934145,1.0013580187262505e-08,49.0668158531189,5.967328071594238,55.034146308898926,2.861023085110048e-10,1.2397766369076635e-08,0.8202903270721436,0.2666541635990143,0.029723141342401505,0.2977304458618164,0.32507285475730896,1.0
825.1161080760827,0.0,500.0,661,13220000,0.006737132,16.712638738049062,1.14261900437106,-3.695488359767296e-10,48.92955255508423,6.169524431228638,55.0990777015686,-4.160404021291697e-09,-2.7656554824062596e-09,0.8165303468704224,0.2557218372821808,0.029997510835528374,0.2541314959526062,0.3131811022758484,1.0
813.8401642830231,0.0,500.0,662,13240000,0.006149784,19.010797149512417,0.9009852196380591,1.0108947456899386e-08,49.1711688041687,5.939675331115723,55.11084485054016,9.536742923144104e-11,6.580352707175052e-09,0.8309530019760132,0.2827562391757965,0.02896522916853428,0.22980302572250366,0.3402794897556305,1.0
839.0299963886213,0.0,500.0,663,13260000,0.005574655,17.737981943871564,0.841838217844629,-1.764297374862167e-09,49.521687746047974,6.1734466552734375,55.69513559341431,2.861023085110048e-10,-1.3351439953623867e-09,0.7324849367141724,0.29513227939605713,0.03727627173066139,0.265361487865448,0.402919203042984,1.0
830.9040277353124,0.0,500.0,664,13280000,0.0060054148,16.07699623867205,0.7518514349202442,-2.229213702520383e-09,49.12244510650635,6.297672748565674,55.42011880874634,-2.861023085110048e-10,-1.192092865393013e-11,0.6343151926994324,0.27806687355041504,0.04970724135637283,0.23955832421779633,0.4383733570575714,1.0
840.9405961758948,0.0,500.0,665,13300000,0.0057747634,14.561136680044186,0.6588684295393099,-2.400875231955979e-08,49.30180835723877,6.21633505821228,55.51814413070679,1.8095970943932116e-08,-1.4305114870438729e-09,0.7885146737098694,0.27719345688819885,0.0321669802069664,0.2161172330379486,0.3515387773513794,1.0
838.661308773679,0.0,500.0,666,13320000,0.005911436,15.217901794166321,0.6180206766553745,-6.794929063858035e-09,49.48322153091431,6.08255934715271,55.565781593322754,-2.6702879907247734e-09,-1.0251999249533128e-08,0.6849103569984436,0.2781101167201996,0.042634621262550354,0.24375204741954803,0.4060533046722412,1.0
753.9187335674524,0.0,500.0,667,13340000,0.0058495128,16.54422568454864,0.5806271323352862,7.581711258808355e-09,49.176968812942505,6.229326963424683,55.40629696846008,-2.956390465769232e-09,6.198883073516015e-10,0.5375526547431946,0.29165396094322205,0.06921303272247314,0.29058608412742615,0.5425589084625244,1.0
828.1580210612934,0.0,500.0,668,13360000,0.0074179205,13.668792879201805,0.6849002133888803,8.583068700218632e-10,49.24393057823181,6.404436826705933,55.64836812019348,3.7193297330873065e-09,4.386901952813105e-09,0.6989703178405762,0.26357102394104004,0.0409366600215435,0.32730433344841003,0.37708479166030884,2.0
804.0936386053779,88.825,500.0,669,13380000,0.0076902746,27.923783844747362,36123.987838963716,6.255149855860509e-06,49.04015564918518,6.298697471618652,55.33885383605957,-1.9073485846288207e-10,2.6855468604480848e-06,0.5871648788452148,0.21080996096134186,0.058010928332805634,0.44644173979759216,0.38328951597213745,4.0
827.7846414778002,799.425,500.0,670,13400000,0.0053885016,23.67603062975938,274.3241570636725,8.716583010937029e-08,49.05724787712097,6.356389045715332,55.41363787651062,3.814697446813398e-09,3.295898522992502e-07,0.84324711561203,0.3059500753879547,0.028126787394285202,0.2240455150604248,0.33419516682624817,1.0
798.4644113260135,0.0,500.0,671,13420000,0.005582705,15.370242316859542,28.058282292116978,-6.694794052464204e-08,48.75096821784973,6.122485399246216,54.873454332351685,-2.574920721087892e-09,-8.85009754370003e-08,0.8152697086334229,0.30130288004875183,0.030090350657701492,0.17496934533119202,0.3695743680000305,1.0
826.6856644965388,0.0,500.0,672,13440000,0.006434819,18.590172222161748,37.768758343435394,1.9135475781695277e-07,48.935664892196655,6.1038818359375,55.03954744338989,-5.102157807357344e-09,1.785278271881907e-07,0.8669402003288269,0.27168020606040955,0.02661041170358658,0.2022913545370102,0.31337830424308777,1.0
816.3264435405139,0.0,500.0,673,13460000,0.006400769,18.96860029864463,2.8667946222481455,2.479553273815327e-08,48.94262433052063,6.084566593170166,55.02719163894653,0.0,1.0490417423625331e-08,0.8439409136772156,0.2622440755367279,0.028080560266971588,0.24660612642765045,0.3107374906539917,1.0
822.3392204455331,0.0,500.0,674,13480000,0.0067869383,14.193023645801908,2.1418444087550896,2.2602080207434483e-08,49.08281230926514,6.212892293930054,55.29570531845093,1.3351439953623867e-09,2.9373168786150927e-08,0.8491714596748352,0.2526714503765106,0.027735697105526924,0.2551671266555786,0.29755058884620667,1.0
860.6720184280324,0.0,500.0,675,13500000,0.0066631883,13.894052531916625,1.9498911395194425,-1.0585784693262212e-08,49.34481477737427,6.191972970962524,55.53678870201111,-8.583068478174027e-09,-2.0217894913798773e-08,0.8665787577629089,0.26686912775039673,0.026632610708475113,0.22107060253620148,0.30795717239379883,1.0
810.7256617886984,0.0,500.0,676,13520000,0.0059822793,13.82135959673839,1.7450168448648635,-1.5735626135437997e-09,48.86284112930298,6.220052480697632,55.08289432525635,1.0776520120714395e-08,9.870529282807183e-09,0.801213264465332,0.2890665531158447,0.03115542232990265,0.21142101287841797,0.3607860207557678,1.0
866.8327398707263,0.0,500.0,677,13540000,0.004976064,14.820494244204964,1.615344676014724,3.361702027859792e-08,49.20068359375,6.254789113998413,55.45547342300415,-3.819465632659558e-08,-5.006790093631253e-09,0.5970131158828735,0.2983376979827881,0.056112825870513916,0.33289381861686707,0.499717116355896,1.0
839.9265673276477,0.0,500.0,678,13560000,0.008730671,14.074124911180727,1.5852973458113944,-1.907348501362094e-09,49.11647081375122,6.06235671043396,55.17882823944092,4.673004205812958e-09,-7.915496702537439e-09,0.6569620966911316,0.2573297619819641,0.04633927717804909,0.26124462485313416,0.3916964530944824,3.0
844.3293581538048,0.0,500.0,679,13580000,0.0057634315,14.516394034768366,1.4437635076273778,2.956390465769232e-09,49.0575156211853,6.296353816986084,55.353870153427124,-1.3923645347801994e-08,2.0503998499066256e-09,0.5734273195266724,0.2761833667755127,0.06082373484969139,0.3958015441894531,0.48163631558418274,2.0
864.5933126135544,0.0,500.0,680,13600000,0.005661324,11.19216585554135,1.4658826422539486,5.817413217812373e-09,48.957783460617065,6.048099756240845,55.00588393211365,-1.4209747156712638e-08,-3.910064716450279e-09,0.8284605145454407,0.285845011472702,0.029139777645468712,0.17523466050624847,0.3450315296649933,1.0
867.9346222265434,0.0,500.0,681,13620000,0.00646995,11.06934750459756,1.2824646387889886,2.6035309019789565e-08,49.248716592788696,5.999377965927124,55.24809551239014,-1.4638900758257023e-08,1.1682510514532396e-09,0.7803762555122375,0.2685924172401428,0.032841406762599945,0.2494712471961975,0.3441832661628723,1.0
817.3383031912197,0.0,500.0,682,13640000,0.007440567,14.017328060660393,1.1979951524430779,1.8000603230206025e-09,49.49145793914795,6.0805792808532715,55.57203793525696,-4.720687840631399e-09,-5.364417798858767e-10,0.9638623595237732,0.24964237213134766,0.02152780443429947,0.20489376783370972,0.25900205969810486,1.0
846.4195855965979,10.9,500.0,683,13660000,0.0066033476,16.27752294418918,3.3140016457077803,5.221366805585603e-08,49.07703900337219,6.0486531257629395,55.12569332122803,-1.4543533488620142e-08,1.678466787780053e-08,0.39038562774658203,0.2723114788532257,0.13123276829719543,0.42175835371017456,0.6975447535514832,1.0
881.9680000785669,0.0,500.0,684,13680000,0.006610071,12.308450659369207,1.146090924967626,-2.872943882792356e-09,49.172054290771484,6.110980749130249,55.28303623199463,4.577636936176077e-09,1.3351439953623867e-09,0.7501916885375977,0.2663511037826538,0.03553737327456474,0.2373863160610199,0.35504406690597534,1.0
737.8847809603851,1530.6350000000002,500.0,685,13700000,0.0027750686,24.8821884130976,115578.02744254276,8.436203643213958e-06,49.027881145477295,6.1070685386657715,55.13495063781738,1.2588500908350397e-08,1.5380859395008883e-06,0.39982274174690247,0.17907772958278656,0.12511083483695984,0.4914926290512085,0.5789178609848022,1.0
798.1317130483976,1519.39,500.0,686,13720000,0.007066829,20.523744470450527,48145.25928808443,2.316093514309614e-06,48.74950957298279,6.148846387863159,54.89835739135742,-1.0156631091717827e-08,3.1738281336401997e-07,0.5930073857307434,0.1888299435377121,0.056873470544815063,0.37995055317878723,0.3563436269760132,3.0
821.5324102120355,74.05499999999999,500.0,687,13740000,0.007621519,16.84386058704109,41893.554236908625,-3.929137903924129e-08,48.907596588134766,6.23768162727356,55.14527916908264,-7.581711258808355e-09,-8.78906234902388e-07,0.5651902556419373,0.21393239498138428,0.06260954588651657,0.24393784999847412,0.47925135493278503,5.0
786.549539330176,947.6424999999999,500.0,688,13760000,0.008300788,28.06028923593509,40924.3344460785,5.861282375008159e-07,49.19531464576721,6.141867637634277,55.337183475494385,-4.00543198608716e-09,9.765624753299562e-08,0.659747302532196,0.22720913589000702,0.04594884812831879,0.34643787145614624,0.38290849328041077,1.0
860.9232983627174,623.6775,500.0,689,13780000,0.004349642,23.124257254752383,68.48509787966492,-9.613037121880552e-08,49.09763312339783,6.1681952476501465,55.26582908630371,-3.051757735406113e-09,-6.408691177739456e-08,0.7797268629074097,0.2816278338432312,0.03289613500237465,0.27132612466812134,0.33282122015953064,1.0
818.618821904384,0.0,500.0,690,13800000,0.0059950133,16.57940492052941,34.440092776839144,-1.0848045661759897e-07,49.320618629455566,6.02872371673584,55.349343061447144,4.0531160649948106e-09,6.103515470812226e-09,0.8000844120979309,0.2772194445133209,0.031243398785591125,0.23064036667346954,0.34648776054382324,1.0
739.6618060394874,0.0,500.0,691,13820000,0.006285587,18.55076986239974,82.49685136102568,3.09562693701082e-07,49.21645927429199,6.155808925628662,55.37226915359497,2.6226043559063328e-09,2.395629792317777e-07,0.7010034918785095,0.2832242548465729,0.040699541568756104,0.2283751368522644,0.4040268361568451,1.0
783.3633583225637,0.0,500.0,692,13840000,0.0060994523,13.99694344557015,10.308751534200777,1.3065338144713223e-08,49.06019449234009,6.203348636627197,55.26354384422302,-1.0681151962899094e-08,-3.051757735406113e-09,0.8355309963226318,0.2836816608905792,0.028648685663938522,0.17187754809856415,0.33952265977859497,1.0
799.1674693668823,0.0,500.0,693,13860000,0.005736675,17.8625111139504,15.062242819549171,-1.5830993405074878e-08,49.285826206207275,6.23822021484375,55.52404713630676,-8.869171175263091e-09,-1.2588500908350397e-08,0.7596642971038818,0.2845030725002289,0.03465663641691208,0.29371345043182373,0.37451156973838806,1.0
863.7646051667074,0.0,500.0,694,13880000,0.0067056543,15.95890321215247,40.02759970160806,6.563663390579677e-08,49.35776162147522,6.307378530502319,55.665140867233276,5.388260060357197e-09,-8.85009754370003e-08,0.7283233404159546,0.2638116478919983,0.03770347684621811,0.25145113468170166,0.3622177541255951,1.0
843.2844148789576,0.0,500.0,695,13900000,0.006465375,14.062590428978014,7.896513824705865,-7.104873578356319e-09,49.423306703567505,6.112783432006836,55.53609085083008,-4.1961669694501325e-09,-9.536743617033494e-10,0.881174623966217,0.2631015479564667,0.025757627561688423,0.21599528193473816,0.298580527305603,1.0
888.5912591469007,0.0,500.0,696,13920000,0.0063655525,10.81841213323508,6.924260190489945,4.76837147544984e-09,49.269631147384644,6.064005374908447,55.33363747596741,1.907348723406699e-09,2.145767119543507e-09,0.954338788986206,0.27168065309524536,0.021959608420729637,0.20855872333049774,0.28467944264411926,1.0
817.7275592248319,0.0,500.0,697,13940000,0.0059458823,12.558679806958338,6.618974805941248,-2.6702879907247734e-09,49.21738004684448,6.165655612945557,55.38303732872009,-8.583068700218632e-10,3.910064716450279e-09,0.7816023826599121,0.2840324640274048,0.032738447189331055,0.22670382261276245,0.3633977174758911,1.0
851.4489355338862,0.0,500.0,698,13960000,0.005755688,12.446667844626555,6.166450531771228,1.0132788830219397e-08,49.23929715156555,6.156938076019287,55.396235942840576,-7.820129432900558e-09,3.051757735406113e-09,0.893886923789978,0.28683793544769287,0.025030219927430153,0.19724954664707184,0.3208884298801422,1.0
782.3045853234908,1.63125,500.0,699,13980000,0.0061695985,17.536529883913175,21.35580892896956,-2.3412704663883233e-08,49.207865476608276,6.177191972732544,55.38505840301514,-6.628036341993493e-09,-4.0435789827597546e-08,0.6236944198608398,0.2785279452800751,0.05141456425189972,0.4324966371059418,0.4465775489807129,1.0
803.195469587419,1.99375,500.0,700,14000000,0.0064027673,16.177158305295713,8.400218782910876,-8.392333938900265e-09,48.949485063552856,6.241569757461548,55.19105553627014,-6.675719976811934e-10,-1.4495849853801701e-08,0.5401966571807861,0.23415300250053406,0.0685371682047844,0.5404890775680542,0.4334588348865509,3.0
823.451850673349,0.0,500.0,701,14020000,0.0065720747,17.653686203015077,21.63599631406699,2.4318694613612024e-08,49.1082489490509,6.224614858627319,55.3328652381897,-1.3160705414350105e-08,-5.8746337572301854e-08,0.7651658058166504,0.2536863684654236,0.0341600701212883,0.3085595369338989,0.3315443992614746,1.0
813.6203323107014,847.9,500.0,702,14040000,0.009832287,22.10518913572761,24967.188902805716,-6.439685762416048e-07,49.154376745224,6.161621570587158,55.315999269485474,3.5762786065873797e-09,-1.0009765674112714e-06,0.5134463310241699,0.24746276438236237,0.07586470991373062,0.26496925950050354,0.5485727190971375,1.0
890.2321133434318,0.0,500.0,703,14060000,0.0064969733,14.645452380332218,17.609843363427814,-4.549026755285013e-08,49.2081937789917,6.204851388931274,55.41304659843445,-5.7220459481754915e-09,-5.187988350030537e-08,0.882723331451416,0.26920706033706665,0.025667328387498856,0.2927095293998718,0.3049733340740204,1.0
799.8605062485765,0.0,500.0,704,14080000,0.0067508286,13.589607822211685,9.965725269439114,-9.536743839078099e-09,49.32171654701233,6.0934739112854,55.41519117355347,-5.62667867853861e-09,8.01086397217432e-09,0.8214824199676514,0.25846192240715027,0.029636932536959648,0.2516956031322479,0.3146286606788635,1.0
867.3428392740141,0.0,500.0,705,14100000,0.0070069535,14.536988675973976,12.95280252626747,4.777908202413528e-08,49.27244544029236,6.2149131298065186,55.487359285354614,-6.008148201175345e-09,1.2969970875076342e-08,0.7430887222290039,0.25634294748306274,0.0362200066447258,0.2825828194618225,0.3449694812297821,1.0
893.2732697604952,0.0,500.0,706,14120000,0.0077700987,21.292735082784276,14.53482714549751,-3.528594971768939e-09,48.900158405303955,6.12338924407959,55.02354836463928,-4.863739189175931e-09,-7.629394338515283e-10,0.5028980374336243,0.2600116431713104,0.07908061146736145,0.31254515051841736,0.5170267224311829,1.0
876.4961641206221,0.0,500.0,707,14140000,0.0068205902,15.23964679894174,7.907435804719378,1.1730193705261627e-08,49.26634073257446,6.027448654174805,55.293790340423584,-6.294250454175199e-09,-1.907348723406699e-09,0.8573000431060791,0.2561632990837097,0.02721223421394825,0.2595943212509155,0.2988024055957794,1.0
788.5904407983941,0.0,500.0,708,14160000,0.006783358,17.888576040146457,8.687751761211711,-8.296965781084964e-09,48.92466592788696,6.10031533241272,55.02498197555542,2.861023085110048e-10,-1.3923645347801994e-08,0.8294527530670166,0.25964924693107605,0.02907009795308113,0.2509686350822449,0.31303682923316956,1.0
852.6993488864434,12.075,500.0,709,14180000,0.005781823,25.627285263644662,28.426230254446626,6.263255869498607e-08,49.09767937660217,6.080375671386719,55.17805576324463,1.478195232884616e-09,-1.3923645347801994e-08,0.46590662002563477,0.2937036454677582,0.09213660657405853,0.2862330973148346,0.630391538143158,1.0
854.483754453259,11.2875,500.0,710,14200000,0.003169938,22.499025638847595,11.981440546254444,4.215240423377509e-08,49.14440703392029,6.149536371231079,55.293944120407104,-1.9073485846288207e-10,4.577636936176077e-09,0.37164151668548584,0.26895925402641296,0.14480429887771606,0.4481203258037567,0.7237058877944946,1.0
870.7281597628277,8.5975,500.0,711,14220000,0.006167649,21.064493331483973,18.79892422044353,-1.23977656585339e-07,49.08598780632019,6.246551990509033,55.33254051208496,1.5258788677030566e-09,-3.452301200468355e-08,0.6733697652816772,0.2719528079032898,0.04410853981971741,0.27926430106163025,0.40386852622032166,1.0
902.4651765685092,299.04499999999996,500.0,712,14240000,0.00892281,17.467292375017884,12616.171026743748,1.8097877045875066e-06,49.22534251213074,6.241943597793579,55.467286586761475,-3.910064716450279e-09,8.78906234902388e-07,0.45411163568496704,0.24956564605236053,0.09698501974344254,0.3496335744857788,0.5753893256187439,1.0
830.787788019096,476.4200000000001,500.0,713,14260000,0.0052029886,14.47624623365463,13.05492630855293,3.919601354596125e-08,49.50114560127258,6.1630308628082275,55.66417741775513,-4.100799699813251e-09,4.959106547630654e-08,0.8158406615257263,0.3024124205112457,0.030048247426748276,0.24449846148490906,0.31206077337265015,1.0
870.2207952912249,376.4,500.0,714,14280000,0.0042892955,28.183251312583874,6301.0461091254165,-5.551338517761906e-07,49.16446590423584,6.377769231796265,55.54223608970642,1.8119812317252126e-09,-9.155273872352154e-09,0.31832772493362427,0.24522028863430023,0.19736996293067932,0.5176202654838562,0.8282351493835449,1.0
850.8552248305441,0.0,500.0,715,14300000,0.005800657,14.953766647569692,17.817987477247883,-6.67572024326546e-08,49.04566526412964,6.059392213821411,55.105058431625366,4.482269222449986e-09,-2.5939941750152684e-08,0.7675467133522034,0.2961426079273224,0.03394847363233566,0.2847287654876709,0.3858301043510437,1.0
853.5783594535671,0.0,500.0,716,14320000,0.007458,12.099956822547183,13.824915395724545,-6.284713549575827e-08,49.134629011154175,6.08956503868103,55.22419500350952,1.2969970875076342e-08,-4.1198731537406275e-08,0.8009775876998901,0.23658879101276398,0.03117375448346138,0.2864784896373749,0.29537510871887207,1.0
942.7142495775533,0.0,500.0,717,14340000,0.0073746857,12.619298684065509,12.141354918024343,-1.4495849853801701e-08,49.25766062736511,6.053858041763306,55.311519384384155,-8.583068700218632e-10,7.629394338515283e-10,0.8894985914230347,0.2333512008190155,0.02527780272066593,0.24792446196079254,0.26234012842178345,1.0
870.6014088192618,0.0,500.0,718,14360000,0.007063347,13.186403301870747,11.701047929532969,-3.9625167147505636e-08,48.869659662246704,6.1840739250183105,55.05373430252075,-1.7642974858844696e-09,-2.0980834847250662e-08,0.8121347427368164,0.24324633181095123,0.030323103070259094,0.22122018039226532,0.2995147705078125,1.0
888.6222678373091,0.0,500.0,719,14380000,0.0057401923,12.630592363807047,18.81271432099069,4.1198731537406275e-08,48.949110984802246,6.170332908630371,55.11944508552551,-5.817413217812373e-09,-1.2207030941624453e-08,0.8583144545555115,0.28967177867889404,0.027147948741912842,0.21195870637893677,0.3374890685081482,1.0
856.2148504307988,0.0,500.0,720,14400000,0.0066715013,17.676650728237856,18.357969248826336,-4.9209592845045336e-08,48.985543727874756,6.091153621673584,55.07669806480408,9.059906158626063e-10,-6.294250454175199e-09,0.7472410798072815,0.262759268283844,0.03581858053803444,0.32769548892974854,0.3516392111778259,1.0
779.1320149114811,2449.775,500.0,721,14420000,0.0075770174,32.39618652428791,105708.86605185126,-9.09099617274478e-06,49.09982919692993,6.241891145706177,55.341721296310425,-3.051757735406113e-09,-4.2480469346628524e-06,0.3406367003917694,0.22156625986099243,0.17236420512199402,0.5585889220237732,0.7021957635879517,2.0
854.0438264066452,1238.3,500.0,722,14440000,0.0084912535,20.606796914908536,37418.92626169776,-7.719993391219759e-07,49.257630825042725,6.345064878463745,55.602696657180786,1.7166137400437265e-09,1.8310546465727384e-06,0.5103011131286621,0.2141917198896408,0.07680276781320572,0.8033677339553833,0.41250351071357727,3.0
819.3789092676694,242.7,500.0,723,14460000,0.0035884816,21.944291400909425,7741.063295619503,5.222797767601151e-07,49.17774987220764,6.145423173904419,55.32317399978638,9.393692046444357e-09,-1.2207030941624453e-08,0.5243443846702576,0.28489819169044495,0.07274392247200012,0.5050826668739319,0.4929910898208618,1.0
812.9089577747372,1619.1150000000002,500.0,724,14480000,0.006195882,24.813775796951003,58889.19126757482,7.085227935021976e-06,49.4017231464386,6.2185046672821045,55.62022852897644,-5.57899459963096e-09,6.591797045985004e-07,0.6292695999145508,0.20572173595428467,0.0505075603723526,0.322620153427124,0.39572739601135254,1.0
821.7141400489988,75.06,500.0,725,14500000,0.005547579,12.635257519582275,42.6037046311008,8.649826099826896e-08,49.154980182647705,6.192900657653809,55.34788155555725,-9.155273872352154e-09,2.0599365768703137e-08,0.7834348082542419,0.29498717188835144,0.03258547931909561,0.27793607115745544,0.37053653597831726,1.0
898.8917333417455,0.0,500.0,726,14520000,0.005330939,20.91210697745062,73.12151480996684,-1.8589496164622688e-07,49.02024245262146,6.248243093490601,55.26848649978638,-1.7833709620163063e-08,-9.765624753299562e-08,0.5411203503608704,0.2829619348049164,0.06830337643623352,0.26947396993637085,0.5229186415672302,1.0
870.8980563673601,0.0,500.0,727,14540000,0.0074732485,15.273917217011665,24.36839871011722,4.2819976897590095e-08,49.14578413963318,6.275072336196899,55.420857191085815,-1.0824203755532835e-08,3.013610694324598e-08,0.7358574867248535,0.2283843606710434,0.036935366690158844,0.5940272808074951,0.3103649318218231,1.0
901.0740804248562,0.0,500.0,728,14560000,0.006600383,18.143823558965305,76.53313552467687,-3.634452809819777e-07,49.57648158073425,6.191903352737427,55.768386125564575,1.0108947456899386e-08,-1.5106201090020477e-07,0.5279656648635864,0.27395692467689514,0.07174944132566452,0.395691841840744,0.518891453742981,1.0
845.609955437677,0.0,500.0,729,14580000,0.006145745,12.354597192509159,23.464481293016178,4.100799699813251e-08,49.07278251647949,6.336984157562256,55.40976810455322,-1.277923544762416e-08,-8.392333938900265e-09,0.6983247399330139,0.2792483866214752,0.04101238772273064,0.25523701310157776,0.3998832404613495,1.0
868.6346836990357,5.459999999999999,500.0,730,14600000,0.006237892,20.296681990593104,120.57692993917283,6.160736631954933e-08,49.07439041137695,6.226601600646973,55.30099272727966,3.2424927187690855e-09,3.6621094068323146e-07,0.627227246761322,0.2482268214225769,0.050837013870477676,0.3406284749507904,0.39575260877609253,4.0
856.5550031333829,3.6399999999999997,500.0,731,14620000,0.0066073686,12.435901551034041,23.871110212726958,9.188651972635853e-08,49.207775592803955,6.121845245361328,55.32962155342102,-1.0490417423625331e-09,2.7465819840699623e-08,0.7104824781417847,0.25766170024871826,0.03962079435586929,0.3187607228755951,0.3626573979854584,1.0
922.9543800283521,0.0,500.0,732,14640000,0.007217339,12.274667485352534,20.242304509156828,-2.2935866539341987e-08,49.0734076499939,6.0795042514801025,55.152913093566895,1.5354157056890472e-08,-3.528594971768939e-09,0.7794436812400818,0.2196839302778244,0.03292004019021988,0.30523574352264404,0.2818470895290375,1.0
883.8694738871185,0.0,500.0,733,14660000,0.006905915,13.297181465063884,23.807143366868328,4.878044279621463e-08,48.9705011844635,6.2426841259002686,55.21318602561951,5.531310964812519e-09,1.2969970875076342e-08,0.8242535591125488,0.25166741013526917,0.029437994584441185,0.279657781124115,0.30532771348953247,1.0
859.628515999147,0.0,500.0,734,14680000,0.0059443978,10.687797503866207,19.309903884693316,9.918212917625624e-09,49.191691875457764,6.277772903442383,55.46946620941162,-2.956390465769232e-09,1.4495849853801701e-08,0.7740302085876465,0.28763052821159363,0.03338213264942169,0.19768266379833221,0.3716011941432953,1.0
901.4903239462359,0.0,500.0,735,14700000,0.0067739664,13.342906222677534,31.383583954489154,-4.3606757316183575e-08,49.034127950668335,6.180185317993164,55.214314222335815,-5.60283641704018e-09,1.4114379887075756e-08,0.8239008188247681,0.2553268373012543,0.029463205486536026,0.3375198245048523,0.3098999559879303,1.0
858.880412068461,0.0,500.0,736,14720000,0.006054227,15.31252573796898,27.411248152423056,4.138946607668004e-08,49.08887958526611,6.1696672439575195,55.25854802131653,3.7193297330873065e-09,-1.754760781125242e-08,0.6776622533798218,0.2761134207248688,0.04355151951313019,0.2582255005836487,0.407449871301651,1.0
859.9048372048088,193.65,500.0,737,14740000,0.0030047235,36.4788513560204,6233.083653522905,9.676933814262156e-07,49.064863443374634,6.22682785987854,55.29169201850891,3.6239624634504253e-09,2.0019531348225428e-06,0.679772675037384,0.24616537988185883,0.043281517922878265,0.321077823638916,0.3130825161933899,4.0
847.3439471885813,640.7549999999999,500.0,738,14760000,0.00667279,35.43779517920913,3622.2771340351956,6.286621214712795e-07,49.00179362297058,6.091543436050415,55.09333801269531,4.673004205812958e-09,1.0070800726680318e-07,0.5767208933830261,0.2559851109981537,0.0601310208439827,0.4114137589931488,0.44245755672454834,1.0
843.2962455602313,35.42,500.0,739,14780000,0.0050614835,30.522318231376115,237.38442733545972,-3.1771659791957063e-07,48.77243161201477,6.060096979141235,54.83252954483032,-5.197525076994225e-09,-3.387451101843908e-07,0.8319308757781982,0.3117236793041229,0.028897173702716827,0.2403406947851181,0.3333438038825989,1.0
873.8725135300203,947.8,500.0,740,14800000,0.0070664915,27.841883986163293,20376.260707208912,8.451461894765089e-07,48.69485068321228,6.228380918502808,54.923232078552246,1.8119812317252126e-09,-7.446288918799837e-07,0.5245349407196045,0.22147813439369202,0.07269107550382614,0.3919353485107422,0.4468943178653717,4.0
857.5894334145157,0.0,500.0,741,14820000,0.007023764,31.03559466319479,248.31745731329463,-4.480361894820817e-07,48.709115743637085,6.255667448043823,54.964783906936646,-9.918212917625624e-09,-5.70678707845218e-07,0.8008321523666382,0.24494607746601105,0.031185079365968704,0.319844126701355,0.30586445331573486,1.0
850.5717683569176,0.0,500.0,742,14840000,0.0071337204,13.297025969985185,57.79175854579658,-9.803771661154315e-08,48.9970064163208,6.147102117538452,55.14410924911499,4.76837147544984e-09,-1.2664794724059902e-07,0.7931643128395081,0.24219979345798492,0.031790949404239655,0.2552435100078583,0.3053588569164276,1.0
866.9164589384396,0.0,500.0,743,14860000,0.0067843436,14.876337103934805,37.34442175118027,3.738403364650367e-08,48.80082082748413,6.1881794929504395,54.989001512527466,-3.051757735406113e-09,1.1062621929625038e-08,0.8058974742889404,0.2383996695280075,0.0307942945510149,0.2806280851364136,0.29581883549690247,1.0
880.3891648119285,0.0,500.0,744,14880000,0.006806639,18.654122194666773,33.30093709496176,-4.15802006159538e-08,48.60205030441284,6.222095727920532,54.82414722442627,-3.433227480087453e-09,-1.4877318932349226e-08,0.9235951900482178,0.25420689582824707,0.02344587817788124,0.2136123776435852,0.2752362787723541,1.0
886.5198340346775,0.0,500.0,745,14900000,0.0061503393,21.12864346686442,31.523148106617533,9.63211022053656e-09,48.476840019226074,6.123456954956055,54.600297927856445,-7.343292196537732e-09,-2.4414061883248905e-08,0.8801279664039612,0.2831536531448364,0.025818925350904465,0.20437969267368317,0.3217187225818634,1.0
909.2177310477313,0.0,500.0,746,14920000,0.0062757423,17.432726952984076,39.40710454685673,-8.277893215336007e-08,48.762043714523315,6.036897420883179,54.79894185066223,9.918212917625624e-09,3.814697446813398e-09,0.6296043992042542,0.2725945711135864,0.05045386403799057,0.3828733265399933,0.43296167254447937,1.0
878.9182389551485,125.3,500.0,747,14940000,0.0051703188,18.254322856247047,12625.480857625585,1.7585276737008826e-06,48.63806772232056,6.086230039596558,54.72429847717285,-7.724762163263676e-09,-2.4414063659605745e-07,0.4934205114841461,0.20800520479679108,0.08214773237705231,0.5447961688041687,0.44629740715026855,1.0
895.6950501497862,375.9,500.0,748,14960000,0.0070934687,16.028030130362055,71.56409473540677,6.4277649869382e-08,48.3606162071228,6.2185328006744385,54.57914972305298,3.2424927187690855e-09,0.0,0.8119834065437317,0.24192985892295837,0.030334407463669777,0.2622612714767456,0.31461837887763977,1.0
964.2715108556218,0.0,500.0,749,14980000,0.0064789536,16.561143986890272,44.306905323684596,-1.5640258865801115e-08,48.771565675735474,6.2056896686553955,54.977256298065186,2.2125243859250077e-08,-1.907348723406699e-09,0.8495573401451111,0.2549345791339874,0.027710506692528725,0.3241448402404785,0.3000792860984802,1.0
926.7047111673004,0.0,500.0,750,15000000,0.0071066553,12.427849392982045,37.01869920378278,9.813308565753687e-08,48.802289962768555,6.182710886001587,54.98500156402588,-2.38418573772492e-09,4.653930574249898e-08,0.8649378418922424,0.24806202948093414,0.02673375979065895,0.2516801953315735,0.28679752349853516,1.0
