Metrics/EpRet,Metrics/EpCost,Metrics/EpLen,Metrics/EpSuccess,Train/Epoch,Train/TotalSteps,Train/StopIter,Train/KL,Train/LR,Loss/Loss_reward_critic,Loss/Loss_cost_critic,Loss/Loss_actor,Time/Rollout,Time/Update,Time/Total,Value/RewardAdv,Value/CostAdv
690.2711464540973,0.0,500.0,0.0,1,20000,44,0.00577610032632947,0.00029949999999999996,223.93375693366224,0.0031239325254162884,-0.004565721909838147,54.96657633781433,30.57525873184204,85.54183602333069,-6.217956638465694e-08,-7.212161978742415e-10
835.8931849333919,0.0,500.0,0.0,2,40000,44,0.006028266157954931,0.00029899999999999995,182.4148995687004,0.0007213634022082051,-0.005726851151505393,53.80916929244995,30.580817937850952,84.38998889923096,-2.0408631229429375e-08,-8.344650526126429e-10
980.2256735202573,501.125,500.0,0.0,3,60000,44,0.007080643437802792,0.00029849999999999994,222.36062617570815,23986.92702921739,-0.007947289641778831,52.4457323551178,30.67265009880066,83.11838388442993,4.134178155368318e-08,1.0375976700061074e-07
1272.5810443670703,1875.3349999999998,500.0,0.025,4,80000,44,0.007227369584143162,0.0002979999999999999,468.6038066547951,102808.55417807933,-0.0063942382546860865,54.266255378723145,35.17353296279907,89.43979024887085,-2.985000691069217e-08,-7.885741979407612e-06
1628.373157283056,904.76625,500.0,0.08125,5,100000,44,0.006640863139182329,0.0002974999999999999,1284.9566494598214,85413.96206165924,-0.004830868597361029,54.905502796173096,29.859074354171753,84.76457977294922,8.649826099826896e-08,-3.2226562325377017e-06
1943.7028334220238,5776.453749999999,500.0,0.25625,6,120000,44,0.005466353613883257,0.0002969999999999999,2155.3485378357564,342299.3327294845,-0.004246704221398476,54.96820545196533,29.2708842754364,84.23909068107605,-3.128051773160223e-08,-5.66406242796802e-06
2496.6635159163548,2412.27,500.0,0.43499999999999994,7,140000,44,0.005458525847643614,0.0002964999999999999,3058.2862373062326,116309.16461617543,-0.003431963326473226,56.18061971664429,30.041968822479248,86.22258925437927,-3.452301200468355e-08,6.83593725625542e-07
1966.1945982860743,5882.52625,500.0,0.19749999999999998,8,160000,44,0.0063693225383758545,0.0002959999999999999,1676.6399053962102,390323.0460771181,-0.004149346197706136,63.33765125274658,28.107592344284058,91.44524478912354,2.3603439203156995e-08,7.031249879219104e-06
2208.4656709908363,6018.3125,500.0,0.33375,9,180000,44,0.005789719521999359,0.00029549999999999986,2291.086240287754,273239.33576412225,-0.004434713586547034,57.88600754737854,26.723763465881348,84.60977220535278,8.525252326307964e-08,2.176513589802198e-05
2541.261552279226,4414.59,500.0,0.45,10,200000,44,0.006091382820159197,0.00029499999999999985,2700.2123275072036,161006.76915389785,-0.004478713544340155,63.42836833000183,26.602017402648926,90.03038716316223,7.557868997309924e-08,1.8554687812866177e-06
2791.944819800803,4423.6475,500.0,0.60375,11,220000,44,0.0057364110834896564,0.00029449999999999984,3000.43524580803,235835.95825485035,-0.0036815053024982993,56.32855701446533,26.66182279586792,82.99038171768188,6.084442105702692e-08,-1.2719726328214165e-05
2188.7814087054676,4205.16375,500.0,0.3025,12,240000,44,0.007209875620901585,0.00029399999999999983,1241.1876101301784,243873.77755767154,-0.0059189894691099474,56.8915913105011,29.211987018585205,86.10358023643494,1.6689301052252858e-09,1.003417946776608e-05
2187.350819193997,2278.69,500.0,0.2975,13,260000,44,0.006257481873035431,0.00029349999999999987,1428.4492121741466,103721.95814443484,-0.004169828003452999,58.12307953834534,30.6368625164032,88.75994443893433,-3.695488004495928e-08,-1.0498047231521923e-06
2605.7084149432094,6183.3225,500.0,0.4725,14,280000,44,0.006104746833443642,0.00029299999999999986,1883.4699010289305,294437.58188965404,-0.005675892994063398,57.392699241638184,31.943291187286377,89.33599185943604,-7.953644143299243e-08,-7.763672329019755e-06
2508.16272667355,3363.725,500.0,0.38,15,300000,44,0.006652012001723051,0.00029249999999999985,1384.8430042244897,239954.3343172238,-0.0061893777477568905,55.77471613883972,30.3375244140625,86.11224174499512,-4.1246412507689456e-08,-6.054687673895387e-06
2471.481646396838,6169.78875,500.0,0.43,16,320000,44,0.0058676633052527905,0.00029199999999999983,1298.6396541090637,230238.0854503952,-0.006570005078013114,56.098233699798584,31.773971557617188,87.8722071647644,3.662109548940862e-08,-1.220703143189894e-05
2886.2392856538972,5349.27375,500.0,0.635,17,340000,44,0.006602760870009661,0.0002914999999999998,1345.3682558259427,279714.1058013881,-0.004913740951166798,54.389912605285645,30.11825156211853,84.50816702842712,-5.5670739129709546e-08,-7.81249980263965e-07
2837.3213541462223,10452.550000000001,500.0,0.555,18,360000,44,0.006076938472688198,0.0002909999999999998,1535.975028227882,407182.3194449439,-0.00605311344489691,55.483971118927,30.134862184524536,85.61883473396301,-7.572174354208983e-08,-2.558593769208528e-05
3232.4286312742597,6458.7,500.0,0.6962499999999999,19,380000,44,0.0062585012055933475,0.0002904999999999998,1233.836222096609,401112.12843201595,-0.005391977813284548,57.543408155441284,29.855883598327637,87.39929342269897,3.8814544467413725e-08,-1.4843750250292942e-05
3486.5542101751025,10976.97875,500.0,0.7637499999999999,20,400000,44,0.005863858852535486,0.0002899999999999998,1325.3045170721443,671614.3493598964,-0.006588227582639415,56.57572913169861,29.60470938682556,86.18043947219849,3.366470480159478e-08,-5.468749805004336e-06
3438.5929259505892,8840.07375,500.0,0.735,21,420000,44,0.005594560876488686,0.0002894999999999998,1153.5061412499606,323336.2242272907,-0.005871442205007901,57.244643211364746,27.601739168167114,84.84638547897339,1.131773004203751e-07,9.375000445288606e-06
3646.3103053482773,6350.173749999999,500.0,0.8,22,440000,44,0.0069553605280816555,0.0002889999999999998,1028.8435464294926,397646.4485534738,-0.007137616580674774,57.1450309753418,33.42874026298523,90.57377314567566,-6.256103546320446e-08,-6.4453124650754035e-06
3762.0345629880553,8356.115,500.0,0.8825000000000001,23,460000,44,0.0070338258519768715,0.0002884999999999998,763.3799330312994,251865.9332302607,-0.006519254354756835,57.414846420288086,29.178627967834473,86.59347534179688,8.070468737741976e-08,5.914306711929385e-06
3767.096686313951,9028.865000000002,500.0,0.8837499999999998,24,480000,44,0.006609082221984863,0.0002879999999999998,821.6640541419061,462226.7861249461,-0.006860027559462215,56.91232419013977,29.278528213500977,86.19085359573364,-4.892349281249153e-08,4.472656291909516e-05
3984.9111874406562,7063.7875,500.0,0.9125,25,500000,44,0.007821419276297092,0.0002874999999999998,844.9957032812753,271659.17858064955,-0.00654311904205991,58.54297733306885,27.152018547058105,85.69499897956848,2.470016546851639e-08,-1.582031291036401e-05
4020.840569459542,3539.7125,500.0,0.8975,26,520000,44,0.007232385221868753,0.00028699999999999977,529.0194367451553,192864.0488585021,-0.007458049594987317,61.900389194488525,26.706746339797974,88.60713744163513,8.82148754044465e-09,4.638671725842869e-06
4009.175275527306,12842.41875,500.0,0.9087499999999998,27,540000,44,0.0076924837194383144,0.00028649999999999975,461.8931721795963,677058.324794124,-0.007112647818329918,60.91961455345154,27.32096004486084,88.24057626724243,-2.946853605578781e-08,-3.0322265956783667e-05
4204.549895484315,11163.313750000001,500.0,0.9274999999999999,28,560000,44,0.005921688862144947,0.00028599999999999974,385.0175701180865,440834.4742587565,-0.0071341667084641736,59.755642890930176,27.67662501335144,87.43227124214172,-3.342628573932416e-08,6.298828338913154e-06
3785.218660603377,17572.03375,500.0,0.8387500000000001,29,580000,44,0.007267490960657597,0.00028549999999999973,655.3088314267105,879606.0370217203,-0.00798589506527351,60.365508794784546,27.34752058982849,87.71303224563599,9.441375681262798e-09,-2.4316406779689714e-05
4253.355077291206,9709.9275,500.0,0.9612499999999999,30,600000,44,0.007222066633403301,0.0002849999999999997,480.76780842253197,379555.1821013737,-0.006028068353252119,59.242504358291626,28.34110999107361,87.58361554145813,-3.1757355856143477e-08,-2.617187419673428e-05
4367.153409131363,9190.48875,500.0,0.9512499999999999,31,620000,44,0.00742244953289628,0.0002844999999999997,358.4977381939992,466805.25650315895,-0.005969044865083305,58.816800355911255,28.813667058944702,87.6304681301117,-5.419254378580263e-08,-2.587890548966243e-06
4469.701119869467,10184.571249999999,500.0,0.9487500000000001,32,640000,44,0.010113350115716457,0.0002839999999999997,153.4113501865927,432945.58859635715,-0.008426956262389118,56.07174015045166,28.774380922317505,84.84612250328064,1.4829635297530785e-08,3.808593646681402e-06
4462.67992886582,3994.8,500.0,0.95625,33,660000,44,0.007564792409539223,0.0002834999999999997,323.2757048425795,239519.27407489246,-0.006109274278694423,59.37017250061035,30.185938596725464,89.55611276626587,-1.645088176793763e-09,4.980468929716153e-06
4576.019136622645,5718.52375,500.0,0.99375,34,680000,44,0.008122584782540798,0.0002829999999999997,65.4734490551526,293466.73075589264,-0.006014934627626464,57.38911271095276,30.416075229644775,87.8051905632019,-4.892349281249153e-08,9.033203127728484e-07
4612.089977613208,5277.89375,500.0,1.0,35,700000,44,0.005913590081036091,0.0002824999999999997,72.93791879910731,221629.9134831928,-0.004688351488342912,56.179428577423096,30.95365858078003,87.13309001922607,4.4465064519272346e-08,4.6630857468699105e-06
4650.295892848901,4990.615,500.0,0.9762500000000001,36,720000,44,0.009164934977889061,0.0002819999999999997,59.52964588138945,203278.55962452598,-0.00471804514481438,57.05451798439026,32.507094383239746,89.5616147518158,-6.208419733866322e-08,-8.78906234902388e-07
4521.400090746886,9364.5525,500.0,0.9850000000000001,37,740000,44,0.010525288060307503,0.0002814999999999997,305.24535253544536,370111.1979398914,-0.005866929584039323,57.75098395347595,30.0910861492157,87.84207081794739,9.059906158626063e-10,6.933593795110937e-06
4522.024738887419,6308.008750000001,500.0,0.9574999999999999,38,760000,44,0.007468760013580322,0.0002809999999999997,228.2509626716684,287818.1290894257,-0.006221736774065021,57.47574424743652,28.38377594947815,85.8595221042633,-1.5258788677030566e-09,1.0156250027648639e-05
4306.207642505919,6454.51875,500.0,0.96875,39,780000,44,0.004975905641913414,0.00028049999999999966,320.7458456125029,234767.71868987792,-0.0046941904795945,58.57976317405701,26.95317053794861,85.53293538093567,-7.915496702537439e-09,-2.2705078208673513e-06
4560.279775276098,5253.217500000001,500.0,0.9875,40,800000,44,0.009169414639472961,0.00027999999999999965,188.1914094918342,374310.90533524525,-0.004688439736398225,57.665892362594604,28.88892960548401,86.55482292175293,2.0980834847250662e-09,-3.3203125440195436e-06
4466.6874136721235,8002.97125,500.0,0.9625,41,820000,44,0.007341017015278339,0.00027949999999999964,283.9500108088942,220238.04846440745,-0.008695302142742759,57.11316967010498,27.766217708587646,84.87938857078552,3.0994415922691587e-09,-4.052734311699169e-06
4545.132520576127,4523.4125,500.0,0.9875,42,840000,44,0.006345825269818306,0.0002789999999999996,250.17533073930116,247603.0441183742,-0.004303680568672524,60.760122299194336,27.89337134361267,88.6534960269928,-1.277923544762416e-08,7.617187293362804e-06
4625.563130593533,4418.08625,500.0,1.0,43,860000,44,0.007575413677841425,0.0002784999999999996,42.89749157250407,56197.298988127186,-0.006660398570114696,62.2167911529541,27.698029041290283,89.91482210159302,1.2159347306806012e-08,-5.37109372089617e-07
4622.476331576746,13.911249999999999,500.0,1.0,44,880000,44,0.004236512817442417,0.0002779999999999996,123.60972865623764,4140.812459210395,-0.0050180311680083365,57.688254833221436,27.556936979293823,85.24519276618958,3.8146971692576415e-10,-4.2724607851596375e-08
4633.025198053924,4023.6974999999993,500.0,1.0,45,900000,44,0.006090501323342323,0.0002774999999999996,116.4045696489007,302000.6610387488,-0.004449277950478375,57.8274347782135,26.91808009147644,84.74551892280579,-1.4591217123438582e-08,-1.0729980203905143e-05
4694.141823852836,2654.62,500.0,1.0,46,920000,44,0.008264373987913132,0.0002769999999999996,61.535603953450405,104543.62696053491,-0.004598036907526602,56.774476051330566,28.58008599281311,85.35456275939941,-2.4318695945879654e-09,4.052734311699169e-06
4675.54577422474,4559.983749999999,500.0,0.99375,47,940000,44,0.007718310691416264,0.00027649999999999957,81.71322520994619,145224.95790298516,-0.005373392016393796,57.23325061798096,28.53242301940918,85.76567602157593,-1.907348723406699e-09,2.9296876391526894e-07
4671.470856952317,910.2125,500.0,0.98125,48,960000,44,0.009799920953810215,0.00027599999999999955,58.414109092312934,66219.90475578001,-0.004883647186269553,58.79771137237549,28.80595874786377,87.60367107391357,-2.1338462108388967e-09,2.2705078208673513e-06
4716.004975353287,2522.04375,500.0,1.0,49,980000,44,0.005939946509897709,0.00027549999999999954,40.708040914546494,111184.73520152067,-0.00667015805135704,57.246285915374756,27.85853147506714,85.10481834411621,1.9693374042617506e-08,-3.3935546071006684e-06
4742.233850243827,1328.70625,500.0,1.0,50,1000000,44,0.007935157977044582,0.00027499999999999953,32.875116829493514,882.2952680686539,-0.005577541526926251,57.733537912368774,27.918781280517578,85.65232038497925,2.412796007433826e-08,1.5411376352858497e-07
4689.891065017466,2193.8,500.0,1.0,51,1020000,44,0.01061080489307642,0.0002744999999999995,61.14786647076711,79989.69076160567,-0.0040567504976591,58.257808208465576,28.122185945510864,86.3799958229065,-4.720687840631399e-09,-4.882812376649781e-08
4744.953292425353,0.0,500.0,1.0,52,1040000,44,0.006795438472181559,0.0002739999999999995,32.03805493650008,1332.2815268267423,-0.005838400636672635,57.8165225982666,28.713175296783447,86.52970004081726,4.410743770222325e-09,2.4414063659605745e-07
4746.414716803437,2805.275,500.0,1.0,53,1060000,44,0.006055684294551611,0.0002734999999999995,38.5033150898985,134976.19815590247,-0.006766949901456427,59.69709920883179,27.791887044906616,87.48898816108704,4.386901952813105e-09,-8.740234079596121e-06
4667.199677041093,674.575,500.0,0.975,54,1080000,44,0.004759160801768303,0.0002729999999999995,82.73407255080545,955.5902907456024,-0.0037195605956102636,58.69063663482666,29.68291974067688,88.37355828285217,8.296966669263384e-09,2.1057128662960167e-07
4665.861557529245,790.5375,500.0,0.975,55,1100000,44,0.00900672934949398,0.00027249999999999947,36.63225036715473,35244.498662977145,-0.005959776751547023,56.3231680393219,24.34178590774536,80.66495537757874,8.440017573718706e-09,-1.8493652760298573e-06
4703.103308592465,1243.5987499999999,500.0,1.0,56,1120000,44,0.005227535963058472,0.0002719999999999995,51.126255084785136,85834.27062471169,-0.004599083666392292,54.31595063209534,26.030134201049805,80.34608626365662,2.956390465769232e-09,3.4667968975554686e-06
4696.051102556045,2470.1387499999996,500.0,1.0,57,1140000,44,0.007165694609284401,0.0002714999999999995,37.013481494060734,39469.917539181726,-0.005775787373108498,52.31140375137329,23.855834245681763,76.16723871231079,-1.769065782752932e-08,6.75048841003445e-06
4758.349204836314,929.22625,500.0,1.0,58,1160000,44,0.0055946954526007175,0.0002709999999999995,53.20934483810179,42767.61539438157,-0.0033259758196199918,53.67346692085266,25.330220460891724,79.00368809700012,-1.2636184321124233e-09,-1.708984314063855e-07
4664.866654158891,232.34875000000002,500.0,0.975,59,1180000,44,0.0053144097328186035,0.0002704999999999995,49.77239897226437,1358.3436895311222,-0.0030995340503015964,52.974711179733276,25.742992639541626,78.71770477294922,-1.597404519770862e-08,3.662109548940862e-08
4758.8171405583325,0.0,500.0,1.0,60,1200000,44,0.009413008578121662,0.00026999999999999946,32.049205496341365,832.6979064458533,-0.0041188155939926845,52.84573984146118,26.091912031173706,78.93765330314636,7.057189943537878e-09,8.239746307481255e-08
4758.666197892676,0.0,500.0,1.0,61,1220000,44,0.007653016597032547,0.00026949999999999945,31.520113590534592,1029.8145341818297,-0.006122237430554274,52.36510109901428,24.85866618156433,77.22376871109009,-1.8119812317252126e-09,-7.324219097881723e-08
4761.529255628123,1992.125,500.0,1.0,62,1240000,44,0.005534526892006397,0.00026899999999999944,60.04036370410195,40846.84194232515,-0.003228102195514977,52.22889256477356,24.866989612579346,77.09588384628296,2.0503998499066256e-09,-5.22460959473392e-06
4758.753407194628,0.0,500.0,1.0,63,1260000,44,0.009071948938071728,0.0002684999999999994,31.875900078149055,3127.949160006296,-0.0061159531046128405,52.977333068847656,25.209084510803223,78.1864185333252,2.861023085110048e-10,2.3193359766082722e-07
4710.634279469038,0.65,500.0,1.0,64,1280000,44,0.0065770698711276054,0.0002679999999999994,38.115862986297955,1728.003453437972,-0.0047877677536132274,53.58234453201294,25.590378999710083,79.1727249622345,-1.3685226285531371e-08,-9.765624753299562e-08
4749.427895092097,0.0,500.0,0.9962500000000001,65,1300000,44,0.004784512799233198,0.0002674999999999994,37.124958505839004,1481.7546398658885,-0.0018341982367708937,53.203917264938354,25.11400580406189,78.31792378425598,-3.8146971692576415e-10,2.807617249800387e-07
4683.179922981812,0.0,500.0,0.9787500000000001,66,1320000,44,0.008878635242581367,0.0002669999999999994,31.533052960802962,2138.4243089348865,-0.006472994671141572,53.52200365066528,25.0294291973114,78.55143451690674,9.059905714536853e-09,4.882812376649781e-08
4758.8425483328365,0.0,500.0,1.0,67,1340000,44,0.009509427472949028,0.0002664999999999994,31.35146043105833,1099.7705243092,-0.005473757378574272,52.82197570800781,24.85715675354004,77.67913317680359,-1.3446808111439168e-08,-2.807617249800387e-07
4482.603813061041,2407.3,500.0,0.9112500000000001,68,1360000,44,0.005272134207189083,0.00026599999999999936,100.05768128341306,70973.57468984097,-0.006409995477456091,52.976815938949585,24.294355869293213,77.27117252349854,-6.866454960174906e-09,1.9531250927684596e-06
4677.258361009338,0.0,500.0,0.9887499999999999,69,1380000,44,0.010294152423739433,0.00026549999999999935,42.939665581469434,3102.0700771213264,-0.006162839684334248,53.39503717422485,24.739786386489868,78.13482427597046,-4.625320570994518e-09,1.2207031829802872e-07
4764.262177090706,1047.075,500.0,1.0,70,1400000,44,0.0065146577544510365,0.00026499999999999934,53.31359808025206,37558.96788693901,-0.0032610792741827855,53.139204263687134,25.049564599990845,78.1887698173523,1.835823049134433e-09,-3.6376952721184352e-06
4764.703792953167,0.0,500.0,1.0,71,1420000,44,0.006079544313251972,0.00026449999999999933,32.96145005824239,3627.9743006698554,-0.0056923732892433295,53.7655565738678,25.21192479133606,78.97748231887817,-6.580352707175052e-09,8.544922138753464e-07
4764.165811801972,0.0,500.0,1.0,72,1440000,44,0.007953405380249023,0.0002639999999999993,31.27978311007536,2077.1749290756034,-0.006818600722025411,52.713417053222656,25.275349378585815,77.98876738548279,-6.38961772381208e-09,-2.4414061883248905e-08
4762.975694230825,109.905,500.0,1.0,73,1460000,44,0.006616520695388317,0.0002634999999999993,110.26041777581148,38055.4512120676,-0.0019907140670294933,52.50409293174744,24.85402750968933,77.35812187194824,1.5258788677030566e-09,9.765624753299562e-08
4680.962112025625,989.1450000000001,500.0,0.975,74,1480000,44,0.007457229774445295,0.0002629999999999993,52.108826657021964,1224.7954796811928,-0.0033724520829564093,53.13459634780884,26.146920442581177,79.28151822090149,-1.2445450003895075e-08,-5.432128773463774e-07
4705.555211103438,0.0,500.0,0.98125,75,1500000,44,0.005667704623192549,0.0002624999999999993,86.28573480766305,1584.5019767989497,-0.003461941789194804,52.41130232810974,26.12739372253418,78.53869700431824,6.532669072356612e-09,6.744384677404014e-07
4636.336706949778,0.0,500.0,0.96875,76,1520000,44,0.009373283945024014,0.00026199999999999927,97.59200046965113,1102.1389171569613,-0.004628279652235916,52.5016028881073,25.96460509300232,78.46620869636536,-5.292892346631106e-09,1.449584942747606e-06
4764.50075578969,135.135,500.0,0.9974999999999999,77,1540000,44,0.006834872532635927,0.00026149999999999925,314.73990665892325,59736.51896446237,-0.0020188085608381532,53.61104130744934,26.00833821296692,79.61938071250916,-1.9073485846288207e-10,7.81249980263965e-07
4608.766968205715,2718.3025,500.0,0.9525,78,1560000,44,0.012535213492810726,0.00026099999999999924,280.5137518760936,46822.11205722822,-0.006486057130081111,54.44832706451416,26.466143369674683,80.91447138786316,1.7642974858844696e-09,1.977539113795501e-06
4715.51489950002,524.3625,500.0,0.975,79,1580000,44,0.006596396677196026,0.00026049999999999923,51.35263827864951,1958.1915605059976,-0.0024171712341042122,53.169275760650635,27.98050594329834,81.14978289604187,3.051757735406113e-09,2.4414061883248905e-08
4663.401585686437,1092.3,500.0,0.975,80,1600000,44,0.005838647484779358,0.0002599999999999992,84.08224522148369,37815.41215960258,-0.004307427520660621,51.4717972278595,26.52577042579651,77.99756908416748,4.6014787535852975e-09,2.4047851638897555e-06
4767.563280657274,634.4875,500.0,1.0,81,1620000,44,0.011584389954805374,0.0002594999999999992,50.681557114845866,33406.6486172078,-0.005516524662952806,53.4670090675354,25.697539567947388,79.16455554962158,-4.1246415172224715e-09,-1.0864257546927547e-06
4637.87032387119,1185.59125,500.0,0.9625,82,1640000,44,0.00802414957433939,0.0002589999999999992,108.82806255189129,48674.7043895041,-0.005727997109370566,53.083964824676514,24.900707244873047,77.9846727848053,-9.536743617033494e-10,-1.5869140952418093e-06
4744.275385545385,673.57125,500.0,0.9875,83,1660000,44,0.008631092496216297,0.0002584999999999992,33.5184869843056,3976.078966516071,-0.006071842738206983,53.38063097000122,24.708577394485474,78.08920955657959,-1.1348724626714102e-08,1.0986327652062755e-06
4772.901492473822,0.0,500.0,1.0,84,1680000,44,0.009418556466698647,0.00025799999999999917,32.37413553703229,3167.370323646466,-0.005856625602732791,52.67057156562805,25.083343267440796,77.75391554832458,8.440017573718706e-09,3.0517577442878974e-07
4772.430985290339,0.0,500.0,1.0,85,1700000,44,0.0094211520627141,0.00025749999999999916,31.489854230979507,3110.295569065388,-0.004965354076615332,54.52080988883972,25.65526294708252,80.17607593536377,1.1825561863076928e-08,-2.9296876391526894e-07
4772.843077891599,0.0,500.0,1.0,86,1720000,44,0.010593656450510025,0.00025699999999999915,31.068978821037827,2898.2237842063773,-0.006918583087710465,53.12253475189209,25.785303831100464,78.90784001350403,-6.294250454175199e-09,-1.708984314063855e-07
4717.982242557075,0.0,500.0,0.9875,87,1740000,44,0.006668408866971731,0.00025649999999999913,68.52012063225065,2440.893243067558,-0.002656691779743696,53.87980103492737,24.751363515853882,78.63116598129272,-5.865096852630813e-09,-2.19726558725597e-07
4722.015270763053,0.0,500.0,0.9875,88,1760000,44,0.012982595711946487,0.0002559999999999991,31.957363654335293,2404.5321541403187,-0.006662185914595172,54.447274923324585,25.734222173690796,80.18149948120117,4.768371808516747e-10,-3.662109548940862e-08
4687.226071276097,0.0,500.0,0.93625,89,1780000,44,0.005313045345246792,0.0002554999999999991,46.776278668635186,1547.318082653612,-0.0038406536370511534,52.95651388168335,30.4626681804657,83.41918301582336,-1.840591501434119e-08,3.295898522992502e-07
4629.438809740706,0.0,500.0,0.9637499999999999,90,1800000,44,0.006945288740098476,0.00025499999999999915,57.53206646593311,1717.7977563135917,-0.005216514034278721,53.358139991760254,26.86288595199585,80.22102689743042,-1.1920929132713809e-08,4.882812731921149e-07
4769.190707189766,0.0,500.0,1.0,91,1820000,44,0.011753306724131107,0.00025449999999999914,32.070357657411705,3224.8808133352477,-0.006098465654701348,52.91199040412903,26.492184162139893,79.40417528152466,-2.38418573772492e-09,-3.662109548940862e-08
4768.165127887912,0.0,500.0,1.0,92,1840000,44,0.010975263081490993,0.0002539999999999991,31.844077434034972,2246.9511728846437,-0.006308280901985524,53.607693672180176,27.686230897903442,81.29392790794373,6.866454960174906e-09,-1.0620117336657131e-06
4689.458452669485,1060.56,500.0,1.0,93,1860000,44,0.009613802656531334,0.0002534999999999991,102.52469483398596,39168.90904331536,-0.004269320480703667,53.24677777290344,26.678146839141846,79.92492580413818,1.239776614703203e-09,-7.446288918799837e-07
4710.31516553408,117.84,500.0,0.975,94,1880000,44,0.006319700740277767,0.0002529999999999991,59.42951715225729,1699.1910509958914,-0.005111998344637063,52.89142847061157,25.82262682914734,78.71405696868896,-7.915496702537439e-09,-1.4404297417058842e-06
4756.770789866193,0.0,500.0,1.0,95,1900000,44,0.01015447173267603,0.0002524999999999991,33.359593421049304,1274.2851126772898,-0.0076213899547860064,53.238340616226196,26.45971155166626,79.69805383682251,1.273155181280572e-08,0.0
4773.404037479491,0.0,500.0,1.0,96,1920000,44,0.008399170823395252,0.0002519999999999991,31.662531569582956,2002.6109224852814,-0.005686403601296392,54.21884608268738,26.42879605293274,80.64764332771301,-4.673004205812958e-09,-2.5634764710957825e-07
4773.097440466565,0.0,500.0,1.0,97,1940000,44,0.010038251057267189,0.00025149999999999907,31.29311886536101,1529.8908511162902,-0.006459731839349926,55.528690814971924,25.66295313835144,81.19164538383484,-7.915496702537439e-09,-4.882812731921149e-07
4746.786745887211,885.9337500000001,500.0,0.9637499999999999,98,1960000,36,0.024024711921811104,0.00025099999999999905,88.3697841298228,32804.2153650705,-0.005952095566945771,53.17694926261902,20.820648670196533,73.99759888648987,-1.0967254882032762e-09,1.403808596478484e-06
4743.4680602429835,732.3975,500.0,0.9862500000000001,99,1980000,44,0.010093091055750847,0.00025049999999999904,55.66712124026686,33601.92192805458,-0.00527667594814761,53.475903034210205,25.756790161132812,79.23269438743591,2.479553229406406e-09,1.3549804407375632e-06
4716.098980793477,481.41874999999993,500.0,0.95625,100,2000000,44,0.007351684384047985,0.00024999999999999903,154.49353346698442,3742.06968470355,-0.003344840222924907,52.49716401100159,27.118993759155273,79.6161584854126,3.3378602104505717e-09,1.5869140668200998e-07
1323.8483263673495,13566.123749999999,500.0,0.5650000000000001,101,2020000,44,0.008309957571327686,0.000249499999999999,4099.102066110275,475115.41081703105,-0.004874184600469282,54.131147623062134,25.38442349433899,79.51557302474976,-6.90460240093671e-08,-2.1044921595603228e-05
415.47489563342685,11121.248749999999,500.0,0.5149999999999999,102,2040000,44,0.014057185500860214,0.000248999999999999,3146.284026590398,400136.93811133486,-0.005357767528558517,54.07000946998596,25.111968994140625,79.18198013305664,2.0980834847250662e-09,3.173828008584678e-05
487.9850625748935,8786.536250000001,500.0,0.25625,103,2060000,44,0.009748270735144615,0.000248499999999999,3003.0730302501192,234517.63646252878,-0.0060944437830745355,53.38644075393677,24.40826964378357,77.79471111297607,-2.7847290695603988e-08,1.5234374586725608e-05
549.5576341322336,6179.3412499999995,500.0,0.31875,104,2080000,44,0.012139162048697472,0.000247999999999999,3224.1676396588323,282327.0987822749,-0.005768894236462493,52.734352111816406,25.609217643737793,78.34357118606567,-5.493163968139925e-08,1.6455078366561793e-05
450.197729700248,11447.00375,500.0,0.2,105,2100000,44,0.00961437076330185,0.00024749999999999897,3108.6280071227816,458303.49839075084,-0.0052683432284400715,52.436662435531616,23.429308652877808,75.86597228050232,4.4441222257773916e-08,-3.8012694858480245e-05
511.545370974844,6550.5075,500.0,0.19875,106,2120000,44,0.01329861767590046,0.00024699999999999896,2531.386233769846,170636.12524189308,-0.00544859745406564,52.43768262863159,24.2990984916687,76.73678207397461,-3.6239622858147413e-08,-7.421875125146471e-06
459.6374017650463,7932.636249999999,500.0,0.18125,107,2140000,44,0.014668758027255535,0.00024649999999999894,3080.7911065104918,248334.92671623273,-0.00442034596079206,50.408533573150635,24.665493965148926,75.07402849197388,2.4604798198879507e-08,-1.2622070244105998e-05
490.23248954698084,3991.09125,500.0,0.15125000000000002,108,2160000,44,0.007422338705509901,0.00024599999999999893,2956.5617843118716,105062.71676066829,-0.0046391710742152755,51.44931721687317,24.85741353034973,76.3067319393158,2.155304024142879e-08,3.7109375625732355e-06
481.0417276901073,7967.467500000001,500.0,0.06999999999999999,109,2180000,44,0.012538867071270943,0.0002454999999999989,3139.0691343775006,284701.43482990505,-0.004413735711469097,51.349058628082275,25.28770399093628,76.63676357269287,5.7220459481754915e-09,6.7382811721472535e-06
494.08224695919324,421.61875,500.0,0.06625,110,2200000,44,0.015105917118489742,0.0002449999999999989,3053.124533794829,61446.02686164952,-0.0039018850386548913,50.97241425514221,25.527238845825195,76.4996542930603,-1.0681151962899094e-08,5.859375278305379e-07
461.38092702541326,3939.3337499999993,500.0,0.10625,111,2220000,44,0.00710145803168416,0.0002444999999999989,2615.1655938661,116236.75465285957,-0.003836837168387084,52.18596434593201,25.181397914886475,77.3673632144928,-2.1934509319976314e-08,1.5869140952418093e-06
459.03692104729805,2220.24125,500.0,0.09375,112,2240000,44,0.009710770100355148,0.0002439999999999989,2502.0671292602397,60032.89679260605,-0.004067518201967974,50.69346261024475,25.552802562713623,76.24626612663269,8.201599399626502e-09,8.78906234902388e-07
475.6324772361442,3039.22,500.0,0.255,113,2260000,44,0.009063404984772205,0.00024349999999999893,2237.481989053917,128053.74017251458,-0.003807543368738946,51.3167827129364,25.872100353240967,77.18888401985168,-1.9454956756703723e-08,-9.863280865829438e-06
426.73721226720517,1458.98,500.0,0.16624999999999998,114,2280000,44,0.009660826064646244,0.00024299999999999894,1431.8929603541542,2467.4322694837706,-0.003911841262393964,50.823028326034546,25.061949253082275,75.88497829437256,1.6975402417074292e-08,2.9541015464928932e-06
355.01492342269063,0.0,500.0,0.18,115,2300000,44,0.00923486053943634,0.00024249999999999893,1829.7861076109155,3966.1379306033787,-0.003196424852587257,51.85730576515198,25.3740336894989,77.23134112358093,6.67572024326546e-08,-2.2705078208673513e-06
402.6854369317278,0.0,500.0,0.17250000000000001,116,2320000,44,0.010930633172392845,0.00024199999999999894,1687.2356208695915,3386.6493638437005,-0.004511300496375499,50.90675354003906,25.889742612838745,76.79649782180786,-4.1961669694501325e-09,-1.9592284843383823e-06
416.96931017602594,0.0,500.0,0.11499999999999999,117,2340000,44,0.007409095764160156,0.00024149999999999893,1566.498573206648,1786.6167937038408,-0.0037269648721803867,50.793768644332886,25.128141403198242,75.92191123962402,-2.2888183792701966e-08,-8.026123055060452e-07
420.456287849678,712.12625,500.0,0.14875,118,2360000,44,0.010052572004497051,0.00024099999999999892,1105.7893450992703,45465.13711672521,-0.0057030930702941076,50.801169633865356,24.733248472213745,75.53441905975342,1.6975402417074292e-08,4.141235422139289e-06
468.34853409915,3670.3987499999994,500.0,0.22750000000000004,119,2380000,44,0.009576722979545593,0.00024049999999999893,936.3401425738055,163992.407027531,-0.0042606580834884,49.62751889228821,25.52687382698059,75.15439343452454,4.014968979504374e-08,-4.1259763747802936e-06
477.7719157061838,926.8799999999999,500.0,0.26125,120,2400000,44,0.008940820582211018,0.00023999999999999895,1133.7380691106903,56697.17282106248,-0.004647761616718948,49.82420563697815,26.630693197250366,76.45489978790283,2.231597839852384e-08,-1.2695312761934474e-05
501.2206439281523,2437.185,500.0,0.20999999999999996,121,2420000,44,0.0074076601304113865,0.00023949999999999896,661.823168525213,49268.38710503968,-0.004064418540335656,49.98530173301697,26.087308645248413,76.07261252403259,-6.103515470812226e-09,-4.467773578653578e-06
498.5306957880963,6377.50375,500.0,0.31999999999999995,122,2440000,44,0.010571538470685482,0.00023899999999999898,610.7243801419836,367498.32771016815,-0.0071710352984488,49.972996950149536,27.300204753875732,77.27320313453674,1.3494491746257609e-08,-3.808593646681402e-06
507.70265333236273,1747.83125,500.0,0.4525,123,2460000,44,0.009090433828532696,0.000238499999999999,416.18512203888184,43670.682897218765,-0.006146524043087135,50.70671892166138,26.582671880722046,77.28939175605774,-1.1444092340440193e-09,2.734374902502168e-06
534.7922880485299,2679.9,500.0,0.3675,124,2480000,44,0.009939608164131641,0.00023799999999999898,407.9703057248518,115670.36353469691,-0.005971396129083486,50.417455434799194,28.03432059288025,78.45177721977234,4.768371461572052e-11,4.736328264698386e-06
490.0050271084241,2671.925,500.0,0.44000000000000006,125,2500000,44,0.01842462830245495,0.000237499999999999,677.2572006295823,89772.1887663917,-0.005169122294850768,49.08466720581055,24.25342631340027,73.33809423446655,1.4877318932349226e-08,1.0302734153810889e-05
519.892718525859,2601.87125,500.0,0.4,126,2520000,44,0.008940123952925205,0.000236999999999999,617.9536372141953,73738.39957564061,-0.005964348609310064,50.76128387451172,23.696175575256348,74.45746064186096,1.0204315614714687e-08,1.403808596478484e-06
568.6422667701858,626.7537500000001,500.0,0.47125000000000006,127,2540000,44,0.01359014306217432,0.00023649999999999903,491.14717978904383,5127.986915649835,-0.004011479217770227,48.990904331207275,23.755889415740967,72.74679470062256,1.602172794434864e-08,0.0
577.607929665703,0.0,500.0,0.6,128,2560000,44,0.007680290844291449,0.00023599999999999901,675.4371977829137,4932.390964942642,-0.004852979459507248,49.29366946220398,23.85966420173645,73.15333461761475,9.059905714536853e-09,-7.324219097881723e-08
513.2128062627185,1337.975,500.0,0.41500000000000004,129,2580000,44,0.011674159206449986,0.00023549999999999903,522.3385833305649,50200.3426162667,-0.005201115305660082,50.28161668777466,25.285212993621826,75.56683039665222,-8.106232129989621e-09,-1.9653321032819804e-06
607.9114436728689,0.0,500.0,0.5337500000000001,130,2600000,44,0.007163629867136478,0.00023499999999999904,575.5102415995713,7515.630878128034,-0.004531397378008911,50.987077713012695,25.27164053916931,76.2587194442749,2.0217894913798773e-08,3.6621094068323146e-07
535.2431469607237,0.0,500.0,0.36875,131,2620000,44,0.009014638140797615,0.00023449999999999906,483.43539804912956,5792.708468543647,-0.00496026761359637,49.76251006126404,25.18367099761963,74.94618248939514,-1.3923645347801994e-08,-1.074218744179234e-06
561.7316883168623,0.0,500.0,0.57,132,2640000,44,0.009147772565484047,0.00023399999999999905,363.0670807073525,3350.91875075855,-0.005169287187709625,49.27979755401611,24.99179697036743,74.27159523963928,3.108978319232847e-08,-3.295898522992502e-07
562.080168756079,0.0,500.0,0.4575,133,2660000,44,0.010566936805844307,0.00023349999999999906,310.1391164320934,4597.5837805674455,-0.0038027747759142175,50.0867223739624,26.84141993522644,76.92814326286316,-1.1444092340440193e-09,4.028320290672127e-07
587.5531934196064,0.0,500.0,0.55625,134,2680000,44,0.007732803467661142,0.00023299999999999905,297.65191973696096,3479.804681547492,-0.006123985842599612,49.776000022888184,28.97852110862732,78.75452184677124,-3.104209866933161e-08,-8.361816412616463e-07
631.7170116161233,1261.8,500.0,0.5137500000000002,135,2700000,44,0.010480900295078754,0.00023249999999999904,407.5206369064208,46840.419548429745,-0.007557886420420647,50.58877158164978,28.390390157699585,78.97916269302368,-1.2493133638713516e-08,-1.6601562720097718e-06
681.7247032135429,0.0,500.0,0.61625,136,2720000,44,0.007046656217426062,0.00023199999999999903,344.0350246626982,8478.605874047318,-0.004895917386710386,50.66558814048767,25.437660932540894,76.10325002670288,3.52859501617786e-08,-3.6621094068323146e-07
703.9722808874576,940.8262500000001,500.0,0.5175,137,2740000,44,0.011932545341551304,0.000231499999999999,611.9368597234763,60938.31069022685,-0.0039223092358979484,51.420451641082764,24.0340895652771,75.4545419216156,-9.155273872352154e-09,-1.2207031829802872e-07
726.8014876152133,506.59874999999994,500.0,0.575,138,2760000,44,0.009677198715507984,0.000230999999999999,481.64758548363443,5236.478400437823,-0.0056475337150788535,52.5925407409668,24.593003511428833,77.1855456829071,7.1525572131747595e-09,4.1503906800244295e-07
598.0154918859689,0.0,500.0,0.50125,139,2780000,44,0.010432175360620022,0.00023049999999999902,1061.8026096269368,11310.362528775724,-0.004906766337727843,50.834216356277466,24.26226305961609,75.09648084640503,3.433227480087453e-09,-2.9296876391526894e-07
769.9344714262619,0.0,500.0,0.53,140,2800000,44,0.010001778602600098,0.00022999999999999903,765.880420996487,3653.4276832606906,-0.0050916780658525505,51.1484010219574,23.811158895492554,74.95956087112427,5.912780931538464e-09,1.1352539104336756e-06
759.7339080314151,0.0,500.0,0.605,141,2820000,44,0.010750221088528633,0.00022949999999999905,1330.0728934785166,5490.490243453014,-0.005952500267552053,50.047542572021484,23.54014801979065,73.58769130706787,4.1961669694501325e-09,-1.5136719184738467e-06
791.0616516003632,0.0,500.0,0.58375,142,2840000,44,0.008826551027595997,0.00022899999999999903,1193.9918624386278,3168.955690530968,-0.0037334062618828274,50.764060258865356,24.398433923721313,75.16249513626099,-5.912780931538464e-09,8.056640581344254e-07
820.9245960669099,0.0,500.0,0.655,143,2860000,44,0.010990936309099197,0.00022849999999999905,928.4321641033072,4369.215544951936,-0.006029344399211022,53.32594108581543,27.34727907180786,80.67322134971619,-3.433227480087453e-09,-6.958007929824817e-07
739.4151846060665,0.0,500.0,0.52625,144,2880000,44,0.00955635029822588,0.00022799999999999906,783.2338273999881,2753.0240191425637,-0.0059022397979849065,49.58511424064636,24.88225531578064,74.4673707485199,2.479553229406406e-09,8.544922138753464e-07
764.4947068516374,0.0,500.0,0.5625,145,2900000,44,0.009278008714318275,0.00022749999999999908,800.3703557180179,2863.6294887880736,-0.005328385498873317,49.657191038131714,27.11818218231201,76.77537393569946,-2.3746490995790737e-08,-7.446288918799837e-07
907.0616881911279,0.0,500.0,0.7575,146,2920000,44,0.01145497802644968,0.0002269999999999991,702.7424211754486,2153.1279185550807,-0.0049212016802258635,50.18618083000183,27.511854887008667,77.69803810119629,-2.403259280470138e-08,-1.0681152389224735e-06
833.2349149394947,0.0,500.0,0.68125,147,2940000,44,0.009163064882159233,0.00022649999999999908,534.6829858852338,3164.8842480377443,-0.005573507446024869,50.32859396934509,28.711249113082886,79.03984427452087,3.7193297330873065e-09,-1.708984314063855e-07
883.3383764799843,0.0,500.0,0.64,148,2960000,44,0.009439932182431221,0.00022599999999999907,522.1700365178467,3667.1009126582,-0.0046971414286240834,50.404478549957275,25.56156063079834,75.96604037284851,-3.862381081631838e-09,-1.1474609209471964e-06
1041.595667763359,0.0,500.0,0.79375,149,2980000,44,0.009249461814761162,0.00022549999999999908,723.0577064268334,2447.2363723912913,-0.006344975072379311,50.978851318359375,24.39043354988098,75.36928582191467,2.6702879907247734e-09,-3.2196044230659027e-07
1025.3020695321616,0.0,500.0,0.8387499999999999,150,3000000,44,0.008722933940589428,0.0002249999999999991,567.6850794933745,3190.030029226639,-0.0046802247012108006,51.39445471763611,24.748635292053223,76.14309072494507,-5.054473728449693e-09,6.591797045985004e-07
875.5047301537434,0.0,500.0,0.7237499999999999,151,3020000,44,0.007584741339087486,0.0002244999999999991,418.9255232070203,4093.6799844230413,-0.006419352786797683,51.615944147109985,24.376168966293335,75.99211382865906,-1.0204315614714687e-08,-4.272461069376732e-07
932.279731576383,0.0,500.0,0.79625,152,3040000,44,0.009943018667399883,0.0002239999999999991,403.72012441259807,5186.64050953188,-0.006103703309272784,50.80644488334656,24.13288950920105,74.93933582305908,-1.4686584393075464e-08,4.39453117451194e-07
911.3195018470491,0.0,500.0,0.7875,153,3060000,44,0.008153273724019527,0.0002234999999999991,588.7940779577327,3292.86116602012,-0.00490538364856893,52.980130434036255,24.758524417877197,77.73865556716919,-1.354217538107605e-08,9.887695568977506e-07
880.6888347313449,0.0,500.0,0.8412499999999999,154,3080000,44,0.010206717066466808,0.00022299999999999908,806.8994353615922,3126.944264068428,-0.004099749228959931,50.86127233505249,24.05573534965515,74.91700863838196,-1.2207030941624453e-08,1.8188476360592176e-06
875.578852888961,0.0,500.0,0.8400000000000002,155,3100000,44,0.008779157884418964,0.00022249999999999907,436.4273615508963,4364.120170724955,-0.00615478145005235,50.889564037323,26.32191276550293,77.21147775650024,6.771087690538025e-09,1.30615239868348e-06
862.1459394056756,0.0,500.0,0.74625,156,3120000,44,0.008817747235298157,0.00022199999999999908,536.9442691517644,3415.8050200151765,-0.006790246516149984,50.112109899520874,24.730833292007446,74.84294438362122,1.1444091896350983e-08,-3.906249901319825e-07
904.0701898729214,0.0,500.0,0.7175,157,3140000,44,0.012999194674193859,0.0002214999999999991,884.104210084272,3338.701362548407,-0.006739079005477985,49.89611005783081,26.303197622299194,76.19930839538574,-3.814697446813398e-09,1.2451172324290383e-06
1017.4917974114217,0.0,500.0,0.8662499999999997,158,3160000,44,0.012953461147844791,0.0002209999999999991,691.8360900571623,3245.7957943827428,-0.005549129011375793,49.76316428184509,27.997459888458252,77.76062512397766,9.346008411625917e-09,1.367187451251084e-06
953.3771959343021,0.0,500.0,0.90625,159,3180000,44,0.012545312754809856,0.00022049999999999913,900.1156347645715,5640.805166896385,-0.004466945832349806,50.060792207717896,25.619897603988647,75.68069076538086,3.2424927187690855e-09,1.4648438195763447e-07
917.6721971719053,0.0,500.0,0.80375,160,3200000,44,0.009949739091098309,0.0002199999999999991,605.4976784296771,6563.429464676026,-0.00624222497200439,50.61962270736694,24.58156657218933,75.20118999481201,5.912780931538464e-09,-1.9531249506599124e-07
978.4061016797375,0.0,500.0,0.8699999999999999,161,3220000,44,0.009156903252005577,0.0002194999999999991,488.1434690762993,7002.071312082377,-0.004932772273781053,50.06757164001465,24.03223729133606,74.09980988502502,-2.2888183792701966e-08,-6.103515488575795e-07
1016.3813826420956,0.0,500.0,0.7762499999999999,162,3240000,44,0.008974868804216385,0.00021899999999999912,554.0831061254573,5485.63895143217,-0.005676244777186278,49.01347255706787,23.724602222442627,72.7380759716034,2.00271599304358e-09,-1.6113281162688509e-06
982.6856155272766,0.0,500.0,0.8125,163,3260000,44,0.010528822429478168,0.00021849999999999913,573.3293888412493,2732.0412830488867,-0.005861449828349971,54.78524398803711,24.745535850524902,79.53078055381775,1.5449524326527353e-08,1.3427734302240424e-07
1069.3473366931657,0.0,500.0,0.86875,164,3280000,44,0.009026860818266869,0.00021799999999999915,544.5336543325725,6487.466735787167,-0.005522264395171982,50.397013902664185,24.550363779067993,74.94737911224365,2.546310362561144e-08,-7.080078034960025e-07
1070.9142398828685,0.0,500.0,0.8975,165,3300000,44,0.01402993779629469,0.00021749999999999913,333.96271536841357,5099.166386734904,-0.005664460174692473,52.76581072807312,24.609108924865723,77.37492036819458,-1.2636184543168838e-08,-4.39453117451194e-07
1060.8787217888312,0.0,500.0,0.93,166,3320000,44,0.00801925826817751,0.00021699999999999912,403.35459401006665,9400.673629462239,-0.006619454936910222,49.22344398498535,24.885117292404175,74.10856246948242,2.7465819840699623e-08,-9.765625463842298e-07
927.9690644254409,0.0,500.0,0.9524999999999999,167,3340000,44,0.012685929425060749,0.0002164999999999991,356.1179856913822,9572.362223494589,-0.004994884607774903,49.40535855293274,25.59895968437195,75.004319190979,-1.1634826435624745e-08,1.9531249506599124e-07
1177.7264561610577,0.0,500.0,0.82,168,3360000,44,0.009096109308302402,0.00021599999999999912,378.56762878365294,5683.976629715931,-0.005761628288757464,49.89447641372681,25.951388120651245,75.84586548805237,-3.7193297330873065e-09,3.41796862812771e-07
1180.5015620322954,0.0,500.0,0.95375,169,3380000,44,0.009739822708070278,0.00021549999999999914,335.4798382494611,9729.153859760736,-0.006485628110964293,49.290000915527344,27.105722904205322,76.39572477340698,7.820129432900558e-09,-9.765624753299562e-08
1233.3953999267737,0.0,500.0,0.9337499999999999,170,3400000,44,0.009639007970690727,0.00021499999999999915,274.958946484828,3729.4666061664752,-0.00567943237418356,49.38202476501465,25.509799480438232,74.89182496070862,-6.484985437538171e-09,-3.41796862812771e-07
1026.9385728398076,0.0,500.0,0.8637499999999999,171,3420000,44,0.0081841005012393,0.00021449999999999914,377.0998049693223,6085.862202897856,-0.00612406077816433,49.64531373977661,25.213377952575684,74.85869264602661,-3.1471252270875993e-09,9.765624753299562e-08
1156.8144868886816,0.0,500.0,0.9524999999999999,172,3440000,44,0.008295491337776184,0.00021399999999999913,363.29828451088576,6624.757989635402,-0.006504123455594841,51.89830732345581,26.369484663009644,78.26779294013977,-9.822845647988743e-09,-3.6621094068323146e-07
1012.6109030326495,0.0,500.0,0.9237500000000001,173,3460000,44,0.01042660791426897,0.00021349999999999912,459.1788657114887,4396.312462845112,-0.007062035953903076,53.090996980667114,24.68013572692871,77.77113366127014,-1.0013580187262505e-08,-2.4169921744032763e-06
1122.9974464561888,0.0,500.0,0.85,174,3480000,44,0.010585326701402664,0.00021299999999999913,335.50668071575626,3110.997065887627,-0.006485218829674281,53.1128089427948,25.25945019721985,78.37225985527039,-9.536742923144104e-11,-4.272461069376732e-07
1098.0192186234285,0.0,500.0,0.9349999999999999,175,3500000,44,0.008707122877240181,0.00021249999999999912,554.6260804328874,5192.629807431624,-0.004453630340743759,52.70510172843933,26.423560857772827,79.12866377830505,-3.051757735406113e-09,-3.41796862812771e-07
1105.8328078597176,0.0,500.0,0.93625,176,3520000,44,0.009202959015965462,0.00021199999999999914,470.34159044895677,4242.090593353377,-0.004521832532835888,51.39638924598694,24.24754238128662,75.6439323425293,-7.2479249269008506e-09,-1.708984314063855e-07
1128.0854082875799,0.0,500.0,0.9412500000000001,177,3540000,44,0.010091422125697136,0.00021149999999999912,424.23624587854664,3814.8656816559364,-0.006098993238122219,50.916935205459595,23.677125930786133,74.59406208992004,2.8610229740877458e-09,-9.338378959000693e-07
1098.3992739536545,1196.375,500.0,0.9175000000000001,178,3560000,44,0.010106608271598816,0.0002109999999999991,387.4277754894472,34297.54409200056,-0.007154814797020608,49.32352948188782,23.817849159240723,73.14137935638428,-5.62667867853861e-09,-5.126952942191565e-07
1104.3408328441462,0.0,500.0,0.8912499999999998,179,3580000,44,0.011395921930670738,0.00021049999999999913,333.24256910141924,3548.2590769426456,-0.005782738858111839,49.53439545631409,25.345616579055786,74.88001251220703,-3.6239624634504253e-09,1.6845702930368134e-06
1143.5163089214836,0.0,500.0,0.9800000000000001,180,3600000,44,0.01181840430945158,0.00020999999999999911,339.36715603423477,3167.280227731369,-0.005995999915428595,49.983253479003906,25.82382082939148,75.8070752620697,-8.392333938900265e-09,-8.78906234902388e-07
1183.7433118317833,0.0,500.0,0.95,181,3620000,44,0.008427547290921211,0.00020949999999999913,334.60166448718246,2710.142246909191,-0.006262650233596966,50.240772008895874,25.849737644195557,76.0905110836029,-4.482269222449986e-09,-9.399414011568297e-07
1324.0292196647613,0.0,500.0,0.98375,182,3640000,44,0.012128022499382496,0.00020899999999999912,326.04455481683976,4044.798803577489,-0.005689117552911363,50.14577126502991,25.17749810218811,75.32327103614807,-8.869171175263091e-09,-1.0131835779247922e-06
1107.9686907921664,0.0,500.0,0.945,183,3660000,44,0.010652599856257439,0.00020849999999999913,364.27536858403914,3544.0124205313837,-0.005583815075608744,50.9589638710022,25.824968576431274,76.78393316268921,-3.6239624634504253e-09,-5.126952942191565e-07
1208.8802615100462,0.0,500.0,0.9962500000000001,184,3680000,44,0.00874499324709177,0.00020799999999999915,286.7201606829504,5209.274685226458,-0.004886170285982985,50.77974772453308,26.24573278427124,77.02548217773438,-5.62667867853861e-09,-8.78906234902388e-07
1130.6239594646238,0.0,500.0,0.96125,185,3700000,44,0.008585898205637932,0.00020749999999999916,276.36454945905575,4179.572843580169,-0.00544411242954,52.016992807388306,25.639801263809204,77.65679478645325,6.580352707175052e-09,-3.0517577442878974e-07
1091.8672601136236,0.0,500.0,0.945,186,3720000,44,0.010891146957874298,0.00020699999999999918,266.555367470885,2083.931324466051,-0.005932496223554243,52.74470019340515,25.56834077835083,78.31304264068604,-8.201599399626502e-09,1.2207030941624453e-08
1179.010865783309,0.0,500.0,0.97625,187,3740000,44,0.01026181410998106,0.00020649999999999916,281.73766858284165,2626.949910575419,-0.007267083161737195,50.086952924728394,24.26028060913086,74.34723544120789,-5.7935714004031524e-09,1.4282226175055257e-06
1128.8039530039139,0.0,500.0,0.9925,188,3760000,44,0.010269232094287872,0.00020599999999999915,225.2762659290169,3400.4236155554945,-0.005020509493940213,50.523043632507324,24.065077304840088,74.58812189102173,-8.487701208537146e-09,-1.9531249506599124e-07
1240.0486854471178,0.0,500.0,0.975,189,3780000,44,0.009179540909826756,0.00020549999999999917,277.47729441924804,3465.371478274996,-0.005602818785352639,51.56794857978821,25.188417673110962,76.75636839866638,4.768371808516747e-10,8.544922138753464e-07
1134.748950262358,0.0,500.0,1.0,190,3800000,44,0.008911553770303726,0.00020499999999999918,166.05522452399427,2867.888458989432,-0.005231687283064094,51.73389196395874,25.28966784477234,77.0235607624054,3.910064716450279e-09,-3.1127930810725957e-07
1120.04126013735,0.225,500.0,0.975,191,3820000,44,0.010224560275673866,0.0002044999999999992,337.1585188954554,3120.859410311191,-0.005519825645961709,51.37561821937561,24.963947772979736,76.3395676612854,-1.8119812317252126e-09,-1.8554687812866177e-06
1086.911014657735,0.075,500.0,0.9925,192,3840000,44,0.01123153418302536,0.0002039999999999992,216.71099602311884,2841.413394291464,-0.005791602696903517,50.25555729866028,24.751254320144653,75.00681281089783,6.9141385949933465e-09,-5.493163826031378e-07
1025.9802998269977,1145.9,500.0,0.9574999999999999,193,3860000,44,0.010867306031286716,0.00020349999999999923,243.528561064234,32238.280055459814,-0.007473899554751944,49.66938900947571,26.799356937408447,76.46874690055847,-8.869171175263091e-09,6.103515488575795e-07
1069.1935208443174,0.0,500.0,0.9775,194,3880000,2,0.02039061300456524,0.00020299999999999924,533.8228642910342,4771.859367274031,9.657815614526596e-05,50.0559184551239,1.0598881244659424,51.11580848693848,6.008148201175345e-09,7.324219097881723e-08
1111.8558932721792,0.0,500.0,0.9550000000000001,195,3900000,44,0.010394594632089138,0.00020249999999999923,256.9067360951519,2491.0877143236517,-0.00506287397373622,49.93854761123657,24.144497632980347,74.08304691314697,1.9550323582251394e-09,-1.0620117336657131e-06
1123.6752146937458,0.0,500.0,0.9675,196,3920000,44,0.007744181901216507,0.00020199999999999925,179.9990791621499,3239.0537822095653,-0.005388845199083007,50.60095691680908,24.196636199951172,74.79759430885315,-6.341934088993639e-09,1.025390588438313e-06
1112.67217597219,0.0,500.0,0.975,197,3940000,44,0.011234101839363575,0.00020149999999999926,225.8743471270738,4319.865279080267,-0.00672762420229931,50.34543299674988,24.23085856437683,74.57629346847534,-4.4345855876315454e-09,1.074218744179234e-06
1130.9294284415569,0.0,500.0,0.9800000000000001,198,3960000,44,0.010134679265320301,0.00020099999999999925,210.3949775673852,4684.331413435853,-0.006711164468858376,51.620729207992554,24.587730884552002,76.20846104621887,3.5762786065873797e-09,-8.056640581344254e-07
1089.8190643387954,0.0,500.0,0.9949999999999999,199,3980000,44,0.011006922461092472,0.00020049999999999924,182.07227814458182,3826.682321511149,-0.006495751170519207,50.12574601173401,27.111665725708008,77.23741269111633,3.2424927187690855e-09,1.1840820661745965e-06
1195.208684645092,0.0,500.0,1.0,200,4000000,44,0.010211681947112083,0.00019999999999999925,205.49902195595763,5322.527434600373,-0.0047134361175581235,50.204612731933594,26.558923959732056,76.76353740692139,-5.149841442175784e-09,-5.859375278305379e-07
769.5192941585319,0.0,500.0,0.38875000000000004,201,4020000,1,0.025821316987276077,0.00019949999999999927,3808.647884320609,50517.59094392801,0.008478092471774243,52.137752294540405,0.5695905685424805,52.7073450088501,-6.608963332155326e-08,-7.81249980263965e-07
343.83730874513384,0.0,500.0,0.08125,202,4040000,44,0.00785158108919859,0.00019899999999999928,276.48458928699733,20883.727724415523,-0.0014342487557529675,50.64377450942993,24.570098638534546,75.2138741016388,1.2683868177987279e-08,-3.515624939609552e-06
100.17592841468911,0.0,500.0,0.02125,203,4060000,44,0.00849397387355566,0.0001984999999999993,264.4547918536995,15090.388446101111,-0.0027514006683288916,50.92708230018616,24.4319064617157,75.35898947715759,-7.610321262063735e-08,7.71484337747097e-06
148.16046455545012,0.0,500.0,0.03125000000000001,204,4080000,44,0.008222769945859909,0.0001979999999999993,291.9237614665673,13984.115753525008,-0.0017799672935108716,50.85602641105652,24.63169550895691,75.48772263526917,-1.907348723406699e-09,6.591797045985004e-07
71.07556053996898,0.0,500.0,0.015000000000000003,205,4100000,44,0.009168648160994053,0.00019749999999999933,298.1783035791922,13057.477556674197,-0.001011097832916195,49.61867952346802,24.90578293800354,74.5244631767273,-8.964538444899972e-09,7.324218813664629e-07
119.4258318447838,0.0,500.0,0.025,206,4120000,44,0.0072476486675441265,0.0001969999999999993,328.592813703627,8658.714477012292,-0.000954710575973002,49.92301034927368,23.98076343536377,73.90377497673035,-7.629394893626795e-09,7.324218813664629e-07
155.27666943324078,0.0,500.0,0.0325,207,4140000,44,0.007174085825681686,0.00019649999999999933,500.4374404376066,8583.764694494812,-0.003079125995402652,48.718740463256836,24.020803213119507,72.73954439163208,-1.1634826435624745e-08,-2.4414063659605745e-07
202.80827702413757,0.0,500.0,0.0425,208,4160000,42,0.02360914647579193,0.00019599999999999934,559.2556806383828,4488.247626471907,-0.0021148893940840714,49.436604261398315,24.84280228614807,74.27940726280212,3.051757735406113e-09,-8.300781360048859e-07
188.32356457140196,0.0,500.0,0.04,209,4180000,44,0.006877018604427576,0.00019549999999999936,346.26000695618166,4902.594013473107,-0.003570968537726434,50.05306315422058,24.131969451904297,74.18503332138062,-7.057189943537878e-09,-2.19726558725597e-07
350.9751407660112,0.0,500.0,0.07375000000000001,210,4200000,44,0.013406794518232346,0.00019499999999999935,319.5454566108344,4728.342829082037,-0.004433818666266558,50.0669047832489,24.349284648895264,74.4161901473999,-5.2452087118126656e-09,-1.0498047231521923e-06
374.23416440351707,0.0,500.0,0.07749999999999999,211,4220000,44,0.007511551026254892,0.00019449999999999936,268.198093972903,6467.57928840804,-0.002736704759270283,49.79808497428894,25.598555088043213,75.39664077758789,-8.964538444899972e-09,-1.1230468999201548e-06
316.2333301853242,0.0,500.0,0.06625,212,4240000,44,0.008950252085924149,0.00019399999999999935,239.61185896602407,2300.7812143903056,-0.002913948239852922,49.630772829055786,25.71778678894043,75.34856033325195,3.452301200468355e-08,2.1911621388426283e-06
597.657692037364,0.0,500.0,0.1275,213,4260000,44,0.011118718422949314,0.00019349999999999936,360.67845037370336,3979.979385990542,-0.005416491404313742,49.76158165931702,23.448931217193604,73.21051359176636,-2.0980834847250662e-08,8.544921570319275e-08
633.2102807998742,0.0,500.0,0.15875,214,4280000,44,0.010837806388735771,0.00019299999999999938,301.48898086503954,2322.031814364487,-0.0025706367842278093,49.201207876205444,23.63060998916626,72.83181858062744,2.574920721087892e-09,1.2695312534560799e-06
595.3162750563209,0.0,500.0,0.1275,215,4300000,44,0.01867719739675522,0.00019249999999999937,725.203328686836,2735.382141745406,-0.006309330593489145,49.26915788650513,24.238345861434937,73.50750494003296,-6.008148201175345e-09,1.1840820661745965e-06
684.3287758763454,0.0,500.0,0.14625,216,4320000,44,0.005897358991205692,0.00019199999999999938,1384.2299047762012,4705.923401423236,-0.003055300802767804,50.072235107421875,23.415920734405518,73.48815655708313,1.7166137400437265e-09,2.4414063659605745e-07
505.9246067637443,0.0,500.0,0.10750000000000001,217,4340000,44,0.01201612502336502,0.0001914999999999994,808.4994370929116,6260.320973632251,-0.0025118263506666,51.31369495391846,24.113811254501343,75.42750716209412,2.479553229406406e-09,3.540039017480012e-07
594.2883270888893,0.0,500.0,0.12500000000000003,218,4360000,44,0.01075119897723198,0.00019099999999999938,922.7652540217883,8720.074071043517,-0.00529766275451794,50.70538306236267,25.176859378814697,75.88224339485168,-1.1444092340440193e-09,9.033203127728484e-07
550.4454707361183,0.0,500.0,0.11625,219,4380000,44,0.008214812725782394,0.0001904999999999994,522.7885050548646,7490.876046939055,-0.004747659569004415,49.928502559661865,23.953086614608765,73.88158988952637,-1.6212464259979242e-08,2.4414061883248905e-08
670.3991554036884,0.0,500.0,0.14125000000000001,220,4400000,44,0.012623127549886703,0.00018999999999999941,774.3372659672253,6657.8235079608385,-0.004511742326766558,51.174652338027954,24.618143558502197,75.79279661178589,6.675719976811934e-10,-2.4414061883248905e-08
509.45013230140495,0.0,500.0,0.10625,221,4420000,44,0.006806967314332724,0.0001894999999999994,453.89573411535474,5797.8370707943195,-0.004691606651071536,50.432443380355835,24.291470289230347,74.72391438484192,5.817413217812373e-09,5.737304604735982e-07
717.4238633790932,0.0,500.0,0.15125000000000002,222,4440000,44,0.010280183516442776,0.0001889999999999994,422.9769104188276,4915.097961934993,-0.003857587888855348,50.03884172439575,25.255244493484497,75.29408740997314,-2.2125243859250077e-08,8.300781360048859e-07
441.9528848985992,0.0,500.0,0.10750000000000001,223,4460000,44,0.011144080199301243,0.00018849999999999938,311.0778546898494,6797.714537924535,-0.004049096000755916,50.349870920181274,25.426267623901367,75.77613949775696,8.201599399626502e-09,4.6386719532165444e-07
381.50376421537385,0.0,500.0,0.08249999999999999,224,4480000,44,0.010483551770448685,0.00018799999999999937,416.2895860112303,5064.059695192256,-0.00535074599817078,50.2492253780365,29.03169536590576,79.28092193603516,2.0980834847250662e-08,7.690429697504442e-07
639.8835518437354,0.0,500.0,0.16,225,4500000,44,0.009278783574700356,0.00018749999999999938,457.19413698940474,6496.539796765572,-0.005584407752241524,49.477338552474976,25.219024896621704,74.69636511802673,-7.867813067718998e-09,1.9531249506599124e-07
410.82634678175725,0.0,500.0,0.0875,226,4520000,44,0.012466738000512123,0.00018699999999999937,462.2455572802123,6653.697102185634,-0.004493597371707873,50.43228626251221,28.450860023498535,78.88314723968506,-8.01086397217432e-09,-2.050781176876626e-06
730.1533517004635,0.0,500.0,0.17875000000000002,227,4540000,44,0.011354327201843262,0.00018649999999999936,734.7227098050134,6596.493410749183,-0.006563810607988036,50.283535957336426,27.208215713500977,77.49175310134888,-1.6212463593845428e-09,-3.1738281336401997e-07
610.808898876951,0.0,500.0,0.12875,228,4560000,44,0.008441124111413956,0.00018599999999999934,587.7146053599544,7760.5458084475185,-0.004608017035959727,52.16766881942749,24.848323822021484,77.01599383354187,-1.0871887390351276e-08,-5.37109372089617e-07
987.5598922573943,0.0,500.0,0.20875000000000005,229,4580000,44,0.011143239215016365,0.00018549999999999936,564.5931258031496,6793.8081094722065,-0.004747440451590004,50.89398169517517,24.379462718963623,75.27344512939453,-8.296966669263384e-09,-4.39453117451194e-07
1393.049037744974,0.0,500.0,0.30875,230,4600000,44,0.012563466094434261,0.00018499999999999935,809.4107281056043,5252.752266974938,-0.006557600002216606,50.37960505485535,24.425997734069824,74.80560398101807,-4.386901952813105e-09,2.3559571218356723e-06
430.32147406114655,0.0,500.0,0.12375000000000003,231,4620000,44,0.012902527116239071,0.00018449999999999936,690.7907142419673,7176.393249617073,-0.005970884778097988,50.74373245239258,24.306177616119385,75.04991126060486,-1.201629640235069e-08,2.4414063659605745e-07
766.4531052299784,0.0,500.0,0.18,232,4640000,44,0.01046818122267723,0.00018399999999999935,1076.372849305288,6962.228957129018,-0.004690394975919913,50.4846134185791,24.952842950820923,75.43745732307434,4.482269222449986e-09,-4.6386719532165444e-07
362.75331477657676,0.0,500.0,0.08375000000000002,233,4660000,44,0.009569305926561356,0.00018349999999999936,908.5657218125391,5436.408557413362,-0.005362422051716283,50.452579975128174,25.343909978866577,75.79649138450623,7.629394338515283e-10,2.5634764710957825e-07
854.981923778708,0.0,500.0,0.20750000000000002,234,4680000,44,0.008624395355582237,0.00018299999999999935,1095.9095441249765,6284.076214613657,-0.005583517112970402,50.34285044670105,24.656753540039062,74.99960494041443,1.0776520120714395e-08,6.103515488575795e-07
771.2165341982807,0.0,500.0,0.1925,235,4700000,44,0.008568434976041317,0.00018249999999999934,931.3786173953285,6622.8301949802835,-0.005961185907642276,49.772313356399536,25.018425226211548,74.7907395362854,4.482269222449986e-09,3.41796862812771e-07
532.6034148457672,0.0,500.0,0.14375,236,4720000,44,0.01190851628780365,0.00018199999999999936,799.5554905047488,5717.673204288109,-0.005755844798477064,49.135873556137085,24.76665711402893,73.90253138542175,2.5272368642248466e-09,9.277343906433089e-07
837.658511482716,0.0,500.0,0.18375,237,4740000,44,0.00868553388863802,0.00018149999999999937,695.9443540715787,6730.82190608649,-0.005102846525921363,48.68750548362732,24.96220874786377,73.64971494674683,-5.674362313357051e-09,2.4414063659605745e-07
782.7401819795692,0.0,500.0,0.17124999999999999,238,4760000,44,0.007999705150723457,0.00018099999999999936,647.7999171179101,5797.141813605235,-0.0051004741183065215,51.30963182449341,26.8942654132843,78.2038984298706,6.151199549719877e-09,-1.3916015859649633e-06
828.297494298204,0.0,500.0,0.1975,239,4780000,44,0.011530103161931038,0.00018049999999999935,660.5067987672479,9979.50863396367,-0.004841580927496298,51.314167499542236,23.673643112182617,74.98781132698059,-1.4162063521894197e-08,7.324219097881723e-08
703.0421177581152,0.0,500.0,0.23625,240,4800000,44,0.009405410848557949,0.00017999999999999936,1015.0798153103564,8434.619212441396,-0.007310918325771845,49.924946784973145,24.30752968788147,74.23247766494751,5.340575981449547e-09,9.521484116703505e-07
1287.747269841067,0.0,500.0,0.33625000000000005,241,4820000,44,0.010756144300103188,0.00017949999999999938,1125.4006094147887,7848.200150870618,-0.005941298023529106,50.63125133514404,24.777114868164062,75.40836763381958,-8.01086397217432e-09,-8.300781360048859e-07
1274.8934063754052,0.0,500.0,0.28874999999999995,242,4840000,44,0.010241791605949402,0.0001789999999999994,1074.2130378486097,10775.874775560596,-0.0050075309664831934,49.984750270843506,24.733294248580933,74.71804523468018,-1.4591217123438582e-08,5.126952942191565e-07
900.852580972062,0.0,500.0,0.24625,243,4860000,44,0.008612926118075848,0.00017849999999999938,838.4407132920243,7220.657859881262,-0.006300983610292372,50.710556745529175,24.519285917282104,75.22984337806702,1.7642974858844696e-09,-6.83593725625542e-07
1008.6083890554353,0.0,500.0,0.22625,244,4880000,44,0.011038485914468765,0.0001779999999999994,878.7755963640466,7733.621568387891,-0.007064607403853585,50.789265394210815,24.967376470565796,75.75664281845093,-8.583068700218632e-10,1.074218744179234e-06
912.3331217430707,0.0,500.0,0.25875,245,4900000,44,0.009608199819922447,0.0001774999999999994,745.6806807282056,5450.054069808767,-0.006772033851197197,50.10178518295288,26.481266498565674,76.58305239677429,-4.577636936176077e-09,8.056640581344254e-07
730.0458438288877,0.0,500.0,0.22374999999999998,246,4920000,44,0.009187608025968075,0.00017699999999999942,923.6607543760942,8360.846344872092,-0.006320309945374408,49.941792249679565,27.162194967269897,77.10398888587952,6.1988831845383174e-09,2.9296876391526894e-07
1471.8351925042102,0.0,500.0,0.33499999999999996,247,4940000,44,0.011029772460460663,0.0001764999999999994,1067.0356025783597,8312.782145106203,-0.0053090397665404125,49.92960500717163,25.603840351104736,75.53344631195068,1.6117095213985522e-08,-8.911133022593276e-07
1474.9604364815793,0.0,500.0,0.39249999999999996,248,4960000,44,0.009898115880787373,0.0001759999999999994,1142.7933905484076,4820.765248218532,-0.005780789634760499,48.921876668930054,24.717870235443115,73.63974785804749,1.0681151962899094e-08,6.347656267280399e-07
1312.718313409072,0.0,500.0,0.32999999999999996,249,4980000,44,0.009518136270344257,0.00017549999999999941,1333.2605265539453,6208.289521264536,-0.006942753546521061,51.10963010787964,26.25201177597046,77.36164283752441,1.0490417423625331e-09,4.6386719532165444e-07
1394.578077632602,0.0,500.0,0.43374999999999997,250,5000000,44,0.009336443617939949,0.00017499999999999943,972.7482511127503,6064.1046329581695,-0.007567350669124703,52.02091598510742,25.04176163673401,77.06267857551575,-1.2588500908350397e-08,-3.540039017480012e-07
1275.3438361125636,0.0,500.0,0.31375000000000003,251,5020000,44,0.010079541243612766,0.00017449999999999942,843.0868280935342,4621.453370317079,-0.008115161067693118,51.36644887924194,24.38176441192627,75.74821400642395,-5.722046170220096e-10,3.1738281336401997e-07
1230.709383294996,0.0,500.0,0.2925,252,5040000,44,0.011973442509770393,0.00017399999999999943,935.2086628078729,6602.788922782872,-0.006549108789311251,55.35807824134827,24.3291916847229,79.6872706413269,-2.5844574480515803e-08,3.906249901319825e-07
1548.335010549242,0.0,500.0,0.36,253,5060000,44,0.00980470422655344,0.00017349999999999942,839.047757582231,4037.0066286883775,-0.007774093445557651,54.803735971450806,24.189792156219482,78.99352884292603,-9.63211022053656e-09,2.429199184916797e-06
1271.3713822100356,0.0,500.0,0.425,254,5080000,44,0.012718649581074715,0.0001729999999999994,1114.0870333892155,4138.228237893968,-0.007004453171185519,51.69181513786316,24.65470862388611,76.34652543067932,2.0503998499066256e-09,1.2695312534560799e-06
2102.850010109821,0.0,500.0,0.5262499999999999,255,5100000,44,0.007896116003394127,0.0001724999999999994,909.386970853641,4763.283997653131,-0.005246352588959355,51.17230033874512,25.22961401939392,76.40191602706909,-9.63211022053656e-09,-8.78906234902388e-07
2305.594607774191,0.0,500.0,0.5925,256,5120000,44,0.010218847543001175,0.0001719999999999994,1135.0674723239981,3351.320595709446,-0.006813761522939592,51.798152923583984,24.65809202194214,76.45624589920044,-8.916854810081531e-09,3.906249901319825e-07
2001.975843326388,0.0,500.0,0.49874999999999997,257,5140000,44,0.010437891818583012,0.0001714999999999994,1177.3834438697104,2432.180488419615,-0.0076555946996029346,49.13517665863037,26.359586000442505,75.49476361274719,7.3909758313561724e-09,2.23083497985499e-06
2051.1102838669417,0.0,500.0,0.5275000000000001,258,5160000,44,0.008329695090651512,0.0001709999999999994,1301.5068641987439,2726.988018830434,-0.006867420252506869,49.050095319747925,26.961934804916382,76.01203083992004,3.8146971692576415e-10,-1.6845702930368134e-06
2328.019484855351,0.0,500.0,0.6,259,5180000,44,0.00804654136300087,0.00017049999999999943,1028.2276842799918,2452.473727525858,-0.006794798840922427,50.727545976638794,25.023706912994385,75.7512538433075,6.723404055719584e-09,-6.103515914901436e-08
2781.2911171856226,0.0,500.0,0.6875,260,5200000,44,0.009538963437080383,0.00016999999999999944,906.6455467189003,2484.003083644994,-0.0063115693401717835,50.749969244003296,25.1387939453125,75.88876414299011,-1.4877318932349226e-08,5.37109372089617e-07
2253.362851841298,0.0,500.0,0.54125,261,5220000,44,0.012677736580371857,0.00016949999999999946,992.2244295157552,4231.745831980118,-0.006436006396627632,50.509263038635254,24.52392315864563,75.03318691253662,-3.671646098268866e-08,-1.9531249506599124e-07
2176.627655642934,0.0,500.0,0.6212500000000001,262,5240000,44,0.010069935582578182,0.00016899999999999945,1301.067861642607,4654.125722430792,-0.005775895436468263,52.77590346336365,24.424177408218384,77.20008182525635,-7.915496702537439e-09,1.708984314063855e-07
2458.5880361891504,0.0,500.0,0.64625,263,5260000,44,0.010459374636411667,0.00016849999999999943,1566.4600924370066,3790.588557885349,-0.008495544722428068,51.86115598678589,24.37645959854126,76.23761653900146,-2.861023085110048e-10,-2.368164132349193e-06
2059.782161891678,0.0,500.0,0.62875,264,5280000,44,0.008241694420576096,0.00016799999999999945,1200.5815310725134,4568.7061278559395,-0.007153014775678533,53.04499006271362,24.213632345199585,77.25862336158752,-2.0980834847250662e-09,-1.4892577837599674e-06
2183.911940635958,0.0,500.0,0.60875,265,5300000,44,0.014943400397896767,0.00016749999999999946,1085.5203214981202,5600.529032084966,-0.0068285409738904485,52.145803451538086,24.307040214538574,76.4528443813324,2.574920721087892e-09,1.2695312534560799e-06
2443.894941802623,0.0,500.0,0.65,266,5320000,44,0.009008706547319889,0.00016699999999999945,1313.3920571883612,7231.089035332683,-0.005989113044244493,51.526673555374146,24.82345461845398,76.35012888908386,1.907348723406699e-09,-2.9296876391526894e-07
2396.1532274461924,0.0,500.0,0.68125,267,5340000,44,0.012156366370618343,0.00016649999999999947,1540.6472968572302,5755.453808941418,-0.006975359000923097,53.21910285949707,24.46489906311035,77.68400263786316,-8.106231796922714e-10,1.1230468999201548e-06
2635.799507395571,0.0,500.0,0.66,268,5360000,44,0.012329377233982086,0.00016599999999999945,1354.2013484265642,4124.699268758091,-0.007827022866289945,51.31178402900696,24.712183237075806,76.0239679813385,4.959106458812812e-09,2.807617192956968e-06
2812.4069504422514,0.0,500.0,0.69875,269,5380000,44,0.013262719847261906,0.00016549999999999944,1369.686725906179,3459.333042632038,-0.00819881330726516,50.71186923980713,24.374006509780884,75.08587646484375,-1.6212463593845428e-09,-1.6113281162688509e-06
2638.9266688398498,0.0,500.0,0.6912499999999999,270,5400000,44,0.009912678971886635,0.00016499999999999946,1530.8226758651822,4616.165324168321,-0.006852662055658056,50.3719642162323,24.705275535583496,75.07724094390869,1.239776614703203e-09,3.540039017480012e-07
2361.024208787185,0.0,500.0,0.6699999999999999,271,5420000,44,0.013080546632409096,0.00016449999999999944,1830.7258696298193,3665.0653028235747,-0.007621462962364293,50.29244565963745,24.202419996261597,74.49486660957336,-1.1444092340440193e-09,-1.3793945754514425e-06
2735.990095719397,0.0,500.0,0.7274999999999999,272,5440000,44,0.010551024228334427,0.00016399999999999946,1536.3878938786866,3955.1224348728897,-0.007495977186201482,50.606916427612305,24.447836875915527,75.05475449562073,-3.051757735406113e-09,5.37109372089617e-07
2811.3940320642305,0.0,500.0,0.6849999999999999,273,5460000,44,0.013170282356441021,0.00016349999999999945,1787.4424371225514,4202.61734816504,-0.006973754073709134,50.60786581039429,25.33655881881714,75.94442582130432,-7.820129432900558e-09,-2.1240234673314262e-06
2448.377226289313,0.0,500.0,0.7050000000000001,274,5480000,44,0.009762805886566639,0.00016299999999999944,1502.378561873705,4467.3121888717105,-0.007067460761342832,50.321638107299805,25.973267793655396,76.29490733146667,5.280971659971101e-09,-1.8554687812866177e-06
2213.8316835989885,0.0,500.0,0.70625,275,5500000,44,0.012952886521816254,0.00016249999999999945,1649.2778107014294,3519.375942814062,-0.006791307177218867,51.4330313205719,24.993566751480103,76.42659878730774,4.00543198608716e-09,2.4902344648580765e-06
3195.0208760992296,0.0,500.0,0.7987500000000001,276,5520000,44,0.011962926015257835,0.00016199999999999944,1318.285314676265,2592.7513121592847,-0.007891740177646043,52.627771615982056,24.554378509521484,77.18215107917786,1.0204315614714687e-08,-4.516601563864242e-07
2577.857919020703,0.0,500.0,0.7449999999999999,277,5540000,44,0.011775322258472443,0.00016149999999999943,1844.957324037892,2276.8623929391383,-0.007486014212634397,50.66636919975281,24.32188057899475,74.9882504940033,1.3351439953623867e-09,-8.544921570319275e-08
2140.226564712145,0.0,500.0,0.65375,278,5560000,44,0.01442506443709135,0.00016099999999999941,2394.712113480299,1923.4768461747603,-0.00685832663356491,51.511815786361694,24.485382318496704,75.99719905853271,4.959106458812812e-09,-7.934570476209046e-07
3063.4671335122257,0.0,500.0,0.74875,279,5580000,43,0.021056614816188812,0.00016049999999999943,2556.934370443475,3311.887842555098,-0.007155168819692082,51.752999782562256,24.097428560256958,75.85042929649353,6.675719976811934e-10,3.1738281336401997e-07
2224.6122000438672,0.0,500.0,0.6362500000000001,280,5600000,44,0.01166163943707943,0.00015999999999999944,2611.0310033572146,2938.6886891495647,-0.006652298166659866,51.577996015548706,24.60965394973755,76.18765139579773,9.346008411625917e-09,-8.178710686479462e-07
2564.35830737155,0.0,500.0,0.79625,281,5620000,44,0.010416100732982159,0.00015949999999999943,2341.2612469039937,3855.2872923399964,-0.007012464184134098,56.50818634033203,24.37024188041687,80.87842893600464,-6.103515470812226e-09,1.4892577837599674e-06
3626.6715033288974,0.0,500.0,0.8125,282,5640000,44,0.011160493828356266,0.00015899999999999942,2194.0654831810566,4613.401421321961,-0.006852668613196491,50.139260053634644,24.157540559768677,74.29680156707764,1.7070769686711174e-08,6.591797045985004e-07
3144.6739361899668,0.0,500.0,0.805,283,5660000,44,0.012195535004138947,0.00015849999999999943,2377.774372785632,4031.634883674297,-0.007171876221746249,51.2949104309082,26.196274280548096,77.49118566513062,-9.250641141989036e-09,-2.19726558725597e-07
3274.3963243991006,0.0,500.0,0.8237500000000001,284,5680000,44,0.013245826587080956,0.00015799999999999945,3662.2813160131386,4355.657844394205,-0.007166374864534157,54.3360071182251,24.73406672477722,79.07007503509521,3.6239624634504253e-09,0.0
3032.0054836051763,0.0,500.0,0.72875,285,5700000,44,0.01142993662506342,0.00015749999999999944,2256.501403106233,3206.9272808430524,-0.007129729546644587,52.36316752433777,26.289791107177734,78.65295958518982,-9.536743617033494e-10,-3.906249901319825e-07
3015.740635586647,0.0,500.0,0.7987500000000001,286,5720000,44,0.010307862423360348,0.00015699999999999945,3375.5623247785315,4202.448392931694,-0.00510609318165728,50.45169711112976,25.4748432636261,75.92654252052307,1.907348723406699e-09,-4.6386719532165444e-07
2837.1599199246953,0.0,500.0,0.7300000000000001,287,5740000,44,0.012047473341226578,0.00015649999999999947,4440.990255112203,3687.1671793842206,-0.006210399729170771,49.38861441612244,27.083998918533325,76.47261428833008,-9.536743617033494e-10,-2.3193359766082722e-07
3347.144312347927,0.0,500.0,0.8662500000000002,288,5760000,44,0.012443418614566326,0.00015599999999999946,4261.628501040477,5741.61095334526,-0.006845041812020831,50.41497778892517,26.508188486099243,76.92316722869873,-3.8146971692576415e-10,-1.708984314063855e-07
2802.3924535022443,0.0,500.0,0.7474999999999999,289,5780000,44,0.011417916044592857,0.00015549999999999947,3577.641149645982,4525.754242347217,-0.007014829367819865,49.93156147003174,24.942526817321777,74.87408947944641,-3.051757735406113e-09,1.6357421372958925e-06
2968.889546758165,0.0,500.0,0.85125,290,5800000,44,0.011074780486524105,0.00015499999999999948,3327.3136365602973,4122.418070258699,-0.00679663882755071,50.67718744277954,24.40316343307495,75.08035182952881,7.057189943537878e-09,-2.807617192956968e-06
3699.239446850764,0.0,500.0,0.9287500000000002,291,5820000,44,0.012274667620658875,0.0001544999999999995,3921.013425943355,4292.627343426914,-0.0054551530804555284,50.26616907119751,24.53617787361145,74.80234789848328,-3.433227480087453e-09,-1.2207031829802872e-07
3170.0315790578325,0.0,500.0,0.8087499999999999,292,5840000,44,0.01391543447971344,0.00015399999999999951,3052.2872380826225,6009.77104181744,-0.006187526351824227,50.87484049797058,24.798962354660034,75.67380428314209,5.722046170220096e-10,2.4414063659605745e-07
3449.3867684937477,0.0,500.0,0.8712500000000001,293,5860000,44,0.011712243780493736,0.0001534999999999995,2845.2434651821472,6192.821343829086,-0.006799745775958292,50.88807678222656,24.239357709884644,75.12743544578552,1.9073485846288207e-10,5.37109372089617e-07
3451.499152588355,0.0,500.0,0.8712500000000001,294,5880000,44,0.0156013248488307,0.0001529999999999995,4110.207493061026,6255.2586057814415,-0.007127083083161906,50.05518555641174,23.957756757736206,74.01294326782227,6.866454960174906e-09,7.324219097881723e-08
2790.8426405692676,0.0,500.0,0.7737499999999999,295,5900000,44,0.011968257836997509,0.0001524999999999995,2179.018018110163,5891.597007251033,-0.005642786464839852,50.50054168701172,24.937312364578247,75.4378547668457,-3.814697446813398e-09,6.591797045985004e-07
3503.9465730305374,0.0,500.0,0.9024999999999999,296,5920000,44,0.011093559674918652,0.00015199999999999952,3221.565620712087,6807.553413663278,-0.0064820434023482535,49.273630142211914,24.431444883346558,73.70507574081421,-2.8610229740877458e-09,5.004882837056357e-07
3673.0361758863596,0.0,500.0,0.975,297,5940000,38,0.02125975862145424,0.00015149999999999954,3731.5121419399597,10145.246807873527,-0.007393211372692118,49.555187940597534,23.844613790512085,73.39980244636536,9.346008411625917e-09,-1.4648438195763447e-07
3335.256661804403,0.0,500.0,0.9075,298,5960000,44,0.013913728296756744,0.00015099999999999952,4259.263802040021,7449.446310238679,-0.0069998208553556,50.31176400184631,26.429065704345703,76.74083042144775,3.433227480087453e-09,-1.220703097715159e-06
3682.11641432178,0.0,500.0,0.9674999999999999,299,5980000,44,0.012773966416716576,0.0001504999999999995,2796.1899489654083,6307.631592358764,-0.007504275710733503,49.26331663131714,25.731575965881348,74.9948935508728,-2.0980834847250662e-09,-9.765624753299562e-08
3625.4220344901687,0.0,500.0,0.9787500000000001,300,6000000,44,0.009675314649939537,0.0001499999999999995,2855.9151011731465,7503.02875784818,-0.006515418852639778,49.116594552993774,24.12382745742798,73.24042272567749,-3.061294506778722e-08,1.0009765674112714e-06
2155.775272449603,14972.74,500.0,0.48,301,6020000,44,0.01134123932570219,0.00014949999999999951,2331.942653080948,389211.35809389385,-0.008774978005685238,53.17438077926636,24.284149169921875,77.4585313796997,3.585815377959989e-08,-1.8701171939028427e-05
2329.54843511337,14503.882500000002,500.0,0.5337500000000001,302,6040000,44,0.015386770479381084,0.00014899999999999953,2776.238546198065,448288.80577868776,-0.011383878470369549,52.2267746925354,24.232222080230713,76.45899748802185,4.1961669694501325e-09,-1.56249996052793e-06
2379.9375252773802,27774.7925,500.0,0.5,303,6060000,44,0.01182278711348772,0.00014849999999999952,2286.5967642868623,867763.5743131473,-0.009161196587852688,52.535547971725464,25.22082233428955,77.75637173652649,-1.125335735707722e-08,-1.9531249563442543e-05
1816.874019414036,21160.526250000003,500.0,0.4387499999999999,304,6080000,44,0.011836903169751167,0.00014799999999999953,2164.7879634018736,603241.4140355294,-0.00890956075372543,52.60740423202515,23.760090112686157,76.36749505996704,2.241134566816072e-08,-5.273437636788003e-06
2102.897156709476,20014.1975,500.0,0.49000000000000005,305,6100000,44,0.01115020178258419,0.00014749999999999952,2079.0060403207094,600747.4791247123,-0.00890550465508974,52.13881039619446,23.927579641342163,76.06639099121094,2.4414061883248905e-08,1.249999968422344e-05
2328.1299574464856,15727.94875,500.0,0.53125,306,6120000,44,0.013036520220339298,0.00014699999999999953,1887.8587264751263,425053.4878991657,-0.010319880057478343,52.61464262008667,23.738664865493774,76.35330843925476,9.918212917625624e-09,-7.812500371073838e-06
2079.5262992449902,8958.68375,500.0,0.6025,307,6140000,44,0.012849726714193821,0.00014649999999999952,2137.300640075473,340301.12818478496,-0.009443626173150858,51.90970063209534,23.65746808052063,75.5671694278717,-1.3160705414350105e-08,-9.033203241415322e-06
2163.4628269429277,16943.075,500.0,0.5599999999999999,308,6160000,44,0.01222311519086361,0.0001459999999999995,1767.5206085924997,561885.7781843354,-0.009490305081602524,51.43888545036316,25.41977024078369,76.85865640640259,-2.0980834847250662e-09,5.859375050931703e-06
2435.118491438629,14994.983750000003,500.0,0.6700000000000002,309,6180000,44,0.01272046472877264,0.0001454999999999995,1685.9040188191263,431595.9371875899,-0.010674512660574549,51.269623041152954,25.5331871509552,76.80281114578247,1.3351439953623867e-09,-4.0039062696450856e-06
1639.2405460468422,15723.396250000002,500.0,0.335,310,6200000,44,0.013763366267085075,0.0001449999999999995,1660.0037937756924,606533.6914107451,-0.009251900768803455,51.334766149520874,26.330434322357178,77.66520142555237,3.1757355856143477e-08,9.960937859432306e-06
1948.751952880891,16108.727500000003,500.0,0.39749999999999996,311,6220000,44,0.012695066630840302,0.0001444999999999995,1642.79729048155,537474.3142620828,-0.009488296674690944,52.27492690086365,25.31688904762268,77.59181666374207,-3.128051773160223e-08,2.83203121398401e-06
1513.0744502152477,20236.10125,500.0,0.3175,312,6240000,44,0.014468912035226822,0.0001439999999999995,1583.0864248945195,594017.6991513234,-0.008993848459929081,52.17112493515015,25.319011449813843,77.49013829231262,-3.2424927187690855e-09,-1.8750000890577212e-05
1840.9489306581788,13939.36375,500.0,0.4074999999999999,313,6260000,44,0.012794900685548782,0.0001434999999999995,1649.8984222894983,535759.8386390607,-0.008956150867026707,51.639568567276,25.24952006340027,76.88908958435059,-6.771087690538025e-09,2.3144531951402314e-05
1868.611042735556,21090.9225,500.0,0.37374999999999997,314,6280000,44,0.013581299223005772,0.00014299999999999952,2043.1854462003544,633280.2141919591,-0.009975700199851065,51.188220739364624,26.099870920181274,77.2880928516388,-1.907348723406699e-09,2.0556641175062396e-05
1786.4549730036802,17280.89375,500.0,0.4,315,6300000,44,0.012667227536439896,0.0001424999999999995,2079.551117557925,681681.1456145714,-0.00959467002324882,51.8598427772522,25.080459356307983,76.94030404090881,-2.00271599304358e-09,9.765625463842298e-07
2196.4813615080916,24862.0875,500.0,0.43875000000000003,316,6320000,44,0.013200308196246624,0.0001419999999999995,1799.2284455557276,806186.8454042003,-0.010377359868499362,53.01086759567261,23.887975454330444,76.89884424209595,3.528594971768939e-09,3.2128908060258254e-05
2400.6844215270357,17626.68875,500.0,0.56875,317,6340000,44,0.014013861306011677,0.0001414999999999995,2022.3606974752095,771296.2537489212,-0.009486209061219152,55.13500499725342,25.202701807022095,80.33770823478699,1.3351440841802287e-08,3.339843897265382e-05
1929.1224790699239,20063.76625,500.0,0.46875,318,6360000,44,0.013007312081754208,0.0001409999999999995,1833.4508710626353,622357.454376888,-0.010113694091912645,52.104512214660645,24.881890773773193,76.98640370368958,-3.2424927187690855e-09,2.9296875254658516e-06
1911.8400676522247,13400.466249999998,500.0,0.46624999999999994,319,6380000,44,0.014020124450325966,0.0001404999999999995,1817.53130953386,440409.74158965045,-0.010691299451826815,50.96675181388855,25.374911546707153,76.3416657447815,7.438659466174613e-09,-3.6132812510913936e-06
1950.3271290416844,14597.772499999997,500.0,0.42374999999999996,320,6400000,44,0.014032538048923016,0.00013999999999999953,1659.253733100496,480472.02312284237,-0.008237983283614397,53.072182178497314,24.527997255325317,77.60018014907837,1.0490417423625331e-09,-5.468749805004336e-06
1721.3279619134723,20491.02375,500.0,0.46624999999999994,321,6420000,44,0.012729527428746223,0.00013949999999999954,1491.0472929837103,760639.260033084,-0.011490081133167136,53.95943522453308,24.994073152542114,78.95350933074951,-6.961822673900997e-09,1.7968750398722477e-05
2294.539475235987,21053.05125,500.0,0.56125,322,6440000,44,0.01505335420370102,0.00013899999999999953,1209.6151643935227,599595.9170922036,-0.008121220631751589,53.818665742874146,24.269356966018677,78.08802342414856,-2.2888184680880386e-09,1.3476562344294507e-05
1988.959367462126,19979.68625,500.0,0.44375,323,6460000,44,0.012240649200975895,0.00013849999999999954,1518.8929758104823,624141.4291390966,-0.009942815103085863,51.929291009902954,25.127840995788574,77.05713319778442,2.336502102906479e-09,1.2109375347790774e-05
2083.8122596063613,23533.5225,500.0,0.52125,324,6480000,44,0.013777055777609348,0.00013799999999999953,1571.186634937282,710525.7477164845,-0.009263001017832981,50.803088903427124,25.134029150009155,75.9371190071106,-1.0299682884351569e-08,3.3203125440195436e-06
2268.2709992983514,26055.0225,500.0,0.44000000000000006,325,6500000,44,0.013657180592417717,0.00013749999999999952,1482.432394223054,761034.7501078827,-0.01137329396867848,52.27056622505188,24.091204404830933,76.36177134513855,-1.7929076889799944e-08,2.6806641471921466e-05
1984.6070429222332,21443.5075,500.0,0.385,326,6520000,44,0.013542785309255123,0.0001369999999999995,1580.8168293170468,556770.4393250144,-0.00995994622810284,51.78685402870178,26.46874451637268,78.25559973716736,-4.100799699813251e-09,1.279296884604264e-05
2291.699609013296,18967.54625,500.0,0.535,327,6540000,44,0.014597194269299507,0.0001364999999999995,1434.7282310986272,640447.0205336594,-0.008741429198779255,51.77882766723633,28.58379101753235,80.362619638443,-1.9073485846288207e-10,3.2812498830026016e-05
2372.3371880047234,19051.315,500.0,0.5912499999999999,328,6560000,33,0.021464243531227112,0.0001359999999999995,1760.4046731765216,776951.2960778673,-0.009200287390786812,50.93574285507202,20.00546908378601,70.94121384620667,-5.340575981449547e-09,-1.1523437933647074e-05
2254.649431205132,22056.98375,500.0,0.57875,329,6580000,44,0.01557453628629446,0.00013549999999999953,1831.1717867922591,586829.1969936709,-0.009800793431721782,50.98709487915039,29.394351959228516,80.38144755363464,-1.3351439953623867e-09,2.587890594440978e-05
2516.3328444395866,26062.94875,500.0,0.5587500000000001,330,6600000,44,0.014193207956850529,0.00013499999999999954,1585.3601372019743,869193.8924050633,-0.009671193040858887,52.43312644958496,26.877602100372314,79.31072926521301,4.959106458812812e-09,-3.173828008584678e-05
2557.903547817919,22566.763750000002,500.0,0.6362500000000001,331,6620000,44,0.01320224441587925,0.00013449999999999956,1837.2039577102223,736227.2985381904,-0.008210308138793924,56.605616092681885,25.5714168548584,82.1770339012146,-3.051757735406113e-09,-7.617187293362804e-06
2073.6720745758785,25445.82875,500.0,0.5162500000000001,332,6640000,44,0.01300060749053955,0.00013399999999999954,1885.0465078233165,866076.268295095,-0.008731484848666203,52.97598218917847,27.254247903823853,80.23023080825806,4.768371808516747e-10,3.0273438369476935e-06
2636.3302619534197,18337.687499999996,500.0,0.6762500000000001,333,6660000,44,0.012761556543409824,0.00013349999999999956,1857.7652230125577,475383.58193235757,-0.009721039389745065,55.38090896606445,24.558281660079956,79.93919157981873,5.292892346631106e-09,2.382812454015948e-05
2461.4717960042326,25074.308750000004,500.0,0.66375,334,6680000,44,0.014449678361415863,0.00013299999999999955,1839.5557329289795,790213.6506041427,-0.010035354318057044,54.958606243133545,25.10884141921997,80.06744885444641,5.149841442175784e-09,-1.0351562195864972e-05
2896.9395434946427,25453.65625,500.0,0.73625,335,6700000,44,0.012695109471678734,0.00013249999999999953,1523.2662879408297,627907.1069836018,-0.011075857864444705,54.02779507637024,24.845106840133667,78.87290263175964,4.1961669694501325e-09,-2.558593769208528e-05
2479.2813325434463,14356.698750000001,500.0,0.57875,336,6720000,44,0.013896306045353413,0.00013199999999999955,1798.6953497865807,556584.2028148375,-0.01095786679981403,55.08026885986328,24.684027910232544,79.76429772377014,5.054473728449693e-09,-1.8261718651046976e-05
2696.3078581392706,21316.93375,500.0,0.7,337,6740000,44,0.01563536375761032,0.00013149999999999956,1599.9887246064952,790153.2716799122,-0.006705666072165617,54.27002549171448,24.74756121635437,79.01758861541748,-2.1934509764065524e-09,2.919921826105565e-05
2577.2833483743643,21108.4,500.0,0.60375,338,6760000,44,0.014622580260038376,0.00013099999999999955,1421.4710578040506,523720.7741319944,-0.008959387134470182,56.65008020401001,23.206276655197144,79.85635757446289,1.1634826435624745e-08,-3.808593646681402e-06
2606.8174978121765,17148.5275,500.0,0.6225,339,6780000,44,0.012158066034317017,0.00013049999999999957,1913.9578471211212,563827.6325068326,-0.009794042673760647,55.48926138877869,24.289734840393066,79.7789978981018,6.675719976811934e-10,-8.496093869325705e-06
2926.1102316005317,20974.93875,500.0,0.7075,340,6800000,44,0.013922172598540783,0.00012999999999999955,1835.778317643529,560340.030013845,-0.011852592026417747,57.67848753929138,24.09343433380127,81.77192258834839,4.1961669694501325e-09,1.4160155842546374e-05
2989.249547172906,22331.31125,500.0,0.68875,341,6820000,37,0.022334374487400055,0.00012949999999999957,1672.5213932503261,777393.556769586,-0.00873162187805563,52.67281532287598,20.134453058242798,72.80726957321167,-5.340575981449547e-09,5.859375050931703e-06
2684.0289638508234,29334.58625,500.0,0.7300000000000001,342,6840000,44,0.01461014524102211,0.00012899999999999958,2120.4240875858704,782302.2187769706,-0.009434446936583905,52.906516313552856,24.960572719573975,77.86709070205688,-4.386901952813105e-09,-1.0644531357684173e-05
2632.131777651238,19429.640000000003,500.0,0.7,343,6860000,44,0.01242080982774496,0.00012849999999999957,1489.9602263772172,508125.4562176352,-0.010320584382902042,51.23495626449585,24.061861276626587,75.29681873321533,7.295608561719291e-09,1.4355468920257408e-05
3006.9222982972183,22178.55875,500.0,0.80625,344,6880000,44,0.013072888366878033,0.0001279999999999996,1732.6488351240257,710512.879809767,-0.008930041955860859,51.438350439071655,25.30032753944397,76.73867964744568,-1.2397766369076635e-08,1.1718750556610757e-06
2758.0283010213498,24298.3375,500.0,0.73125,345,6900000,44,0.013299853540956974,0.0001274999999999996,1481.4685087829519,623788.3816302862,-0.010064499495243942,52.53782629966736,26.30566906929016,78.84349703788757,5.340575981449547e-09,6.54296854918357e-06
2764.80729959536,22906.36375,500.0,0.6837500000000001,346,6920000,44,0.012672425247728825,0.00012699999999999962,1433.4290984475297,635639.0557078898,-0.009579832535609496,52.023193359375,25.01692843437195,77.04012322425842,7.629394338515283e-10,2.050781222351361e-05
2552.1211091320665,24528.29375,500.0,0.6449999999999999,347,6940000,44,0.014372988604009151,0.00012649999999999963,1333.3544911251793,732198.5195357451,-0.010118909473513533,52.06599688529968,24.563294410705566,76.62929201126099,-1.1444092340440193e-09,-4.824218922294676e-05
2852.80034293492,25542.665,500.0,0.6512499999999999,348,6960000,44,0.013965980149805546,0.00012599999999999965,1425.1528649017368,742949.3435252445,-0.009084768793990426,51.85763716697693,25.321038246154785,77.17867660522461,-9.059905714536853e-09,-4.0722658013692126e-05
3217.143213899702,23958.485,500.0,0.80375,349,6980000,44,0.012906799092888832,0.00012549999999999966,1194.1608170398497,691708.0387208717,-0.009657854100507636,55.83828020095825,24.562482118606567,80.40076303482056,-1.8119812317252126e-09,2.9101562176947482e-05
3192.9859389774347,24019.982500000002,500.0,0.8175000000000001,350,7000000,44,0.020127417519688606,0.00012499999999999968,1258.7464866989365,698754.9738969002,-0.009621745802210783,52.92107272148132,24.565734148025513,77.48680758476257,-1.6212463593845428e-09,9.667968697613105e-06
2986.038145018099,21770.03875,500.0,0.7725,351,7020000,44,0.01609325036406517,0.00012449999999999967,1953.4254286385242,800034.8836440953,-0.010184578968627836,54.62872767448425,24.18364906311035,78.81237769126892,9.059906158626063e-10,2.167968705180101e-05
2864.8129464508343,20503.95375,500.0,0.66875,352,7040000,44,0.01584492065012455,0.00012399999999999965,1360.1742344583,722556.6723469865,-0.009785516432737524,54.55212426185608,24.28730344772339,78.83942866325378,-4.959106458812812e-09,-2.2460937543655746e-05
3168.194211431418,19978.11875,500.0,0.81875,353,7060000,44,0.011692498810589314,0.00012349999999999967,1416.2460476400115,551954.0086440953,-0.00852198559345819,53.41464710235596,24.241275787353516,77.65592360496521,4.577636936176077e-09,-1.8554687812866177e-06
2780.175476289443,22574.96125,500.0,0.66875,354,7080000,44,0.014577404595911503,0.00012299999999999966,1391.9839209763995,669519.2513125719,-0.009217108525022312,52.87165117263794,24.48642611503601,77.35807847976685,-1.125335735707722e-08,1.0742187441792339e-05
3333.775403912879,19313.546250000003,500.0,0.8237500000000001,355,7100000,44,0.015080888755619526,0.00012249999999999967,1250.0397094182233,610004.5583375287,-0.011059609847638962,53.49598026275635,24.440549612045288,77.93653130531311,-7.104873578356319e-09,-2.675781252037268e-05
3134.5767093388013,25497.978750000002,500.0,0.90625,356,7120000,44,0.013082721270620823,0.00012199999999999967,1208.460207264223,732989.5078214902,-0.009480248702707689,56.46108841896057,25.84604239463806,82.30713248252869,-5.62667867853861e-09,4.296874976716936e-06
3401.8725214059477,16923.266249999997,500.0,0.8324999999999999,357,7140000,44,0.013312253169715405,0.00012149999999999967,1038.3393657758952,488360.8314109249,-0.009830818195790868,52.86839532852173,25.3072612285614,78.17565751075745,-1.0681151962899094e-08,-9.765624753299562e-08
2847.85958511654,23213.33625,500.0,0.8175000000000001,358,7160000,44,0.012735332362353802,0.00012099999999999967,1265.4174909866035,764159.9799428222,-0.009660818017185938,52.7825231552124,25.717185020446777,78.49970889091492,-9.53674295089968e-09,-9.277343451685738e-06
3073.5905836119528,20225.69,500.0,0.74875,359,7180000,44,0.01282563153654337,0.00012049999999999968,1009.0528843290375,685210.6907589543,-0.009291845207224236,52.12053990364075,28.375940084457397,80.49648070335388,-1.5735626135437997e-09,3.769531394937076e-05
3486.42438212762,24736.0625,500.0,0.8699999999999999,360,7200000,44,0.016251645982265472,0.00011999999999999968,987.1686828622061,792193.940336414,-0.011716396777871332,51.69401025772095,27.249906539916992,78.94391751289368,1.1444092340440193e-09,-1.0058593943540473e-05
3171.2680534001483,26162.045,500.0,0.8712500000000001,361,7220000,44,0.011896776966750622,0.00011949999999999968,989.5232239823073,796150.3005250287,-0.007687224879622688,53.07484674453735,27.641050815582275,80.71589851379395,1.6212463593845428e-09,7.81249980263965e-07
3262.9413582140905,25305.896249999998,500.0,0.8825,362,7240000,44,0.01651909574866295,0.00011899999999999968,874.8290674497124,634535.201273015,-0.00966307147928772,52.267104387283325,25.287418603897095,77.55452394485474,4.720687840631399e-09,6.835937711002771e-06
3508.1851496329045,28273.703749999997,500.0,0.9525,363,7260000,44,0.01489273551851511,0.00011849999999999968,1172.672015998937,776879.0723892405,-0.011020461402397272,53.277212381362915,24.87015151977539,78.14736485481262,-2.8991699707603402e-08,3.0273438369476935e-06
3248.0182951887364,24720.83125,500.0,0.825,364,7280000,44,0.011454436928033829,0.00011799999999999968,819.059013603746,783336.4312248274,-0.007915731716120854,52.78240752220154,28.44868755340576,81.23109579086304,-1.0490417423625331e-09,3.251953239669092e-05
3056.544075986762,32055.642499999998,500.0,0.7637499999999999,365,7300000,44,0.013273047283291817,0.00011749999999999968,1247.1926305088266,891396.0173691025,-0.010506405223828662,51.31014919281006,24.71085023880005,76.02100014686584,3.814697446813398e-09,4.296874976716936e-06
3336.346025520841,25546.17125,500.0,0.8275,366,7320000,44,0.01220147218555212,0.00011699999999999969,1040.6914090945613,731991.7938632767,-0.009467527363891419,52.208256244659424,25.32451820373535,77.53277516365051,5.865096852630813e-09,-1.6210937246796675e-05
2936.59756400101,27359.54375,500.0,0.7875,367,7340000,44,0.012725896202027798,0.00011649999999999969,1239.2206193509119,916569.7971626869,-0.009876885403249621,53.83522629737854,25.31022620201111,79.14545369148254,2.956390465769232e-09,1.2402343600115273e-05
3368.9679047455393,21617.058750000004,500.0,0.9125,368,7360000,44,0.014799577184021473,0.00011599999999999969,1103.128751515519,601662.602814388,-0.011093834701025809,54.770066261291504,23.870375394821167,78.64044237136841,-9.918212917625624e-09,-1.367187451251084e-06
3373.112247304451,20321.23875,500.0,0.8299999999999998,369,7380000,44,0.013146826066076756,0.00011549999999999969,1114.8721225242482,662442.6356309336,-0.009884842480353312,54.339576721191406,24.354403972625732,78.69398236274719,1.8882751362525596e-08,-6.933593795110937e-06
3402.5095000288193,24024.797499999997,500.0,0.8712499999999999,370,7400000,44,0.010776384733617306,0.00011499999999999969,1321.2608352854281,669145.7534387587,-0.008905076992754815,53.779926776885986,25.272539138793945,79.05246663093567,-3.987550734052547e-09,-1.0839843525900505e-05
3037.77530300596,28992.0425,500.0,0.8487500000000001,371,7420000,44,0.01811790093779564,0.00011449999999999969,1078.4901792045566,897076.6157670454,-0.009826061245369092,53.371800661087036,25.124172687530518,78.49597454071045,-4.673004205812958e-09,-1.7773438230506144e-05
3356.403666003497,24998.482500000002,500.0,0.9125,372,7440000,44,0.013847083784639835,0.0001139999999999997,994.9560295210334,683486.4344073648,-0.00986022490344784,53.05284881591797,25.124016284942627,78.17686605453491,1.00135799652179e-09,5.66406242796802e-06
3193.0344857557784,25942.14875,500.0,0.9,373,7460000,44,0.011066664010286331,0.0001134999999999997,975.6400959993808,860239.6789143411,-0.009561689117544526,53.13728475570679,24.767104625701904,77.90439009666443,7.057189943537878e-09,-2.3046875867294148e-05
3787.1640986251705,19840.5325,500.0,0.9262499999999999,374,7480000,44,0.011258185841143131,0.0001129999999999997,918.1401343746207,406925.140357541,-0.008557868636848504,52.7282440662384,24.704601764678955,77.43284630775452,1.4877318932349226e-08,3.7109375625732355e-06
3294.6820350664552,22791.1475,500.0,0.9237500000000001,375,7500000,44,0.014990437775850296,0.0001124999999999997,818.3822008885778,715154.9864067894,-0.009290173447735648,52.42844748497009,24.561461210250854,76.98990988731384,-7.343292196537732e-09,-1.5332030670833774e-05
3400.4176560678434,23044.1975,500.0,0.9087499999999998,376,7520000,44,0.013240424916148186,0.0001119999999999997,957.1489155443409,761012.1762127805,-0.011111735685489229,52.381879806518555,24.554235219955444,76.93611574172974,-9.53674295089968e-09,-8.984375199361239e-06
3566.5317502852804,22610.77375,500.0,0.9137500000000001,377,7540000,44,0.014433488249778748,0.0001114999999999997,863.8994013014816,592746.3559969254,-0.010665843222342255,53.895280838012695,24.75995445251465,78.65523624420166,-1.0967254882032762e-09,6.933593795110937e-06
3220.4819670622414,21369.20625,500.0,0.93125,378,7560000,44,0.013000287115573883,0.0001109999999999997,1053.6918746324898,533157.6941437715,-0.009092839266751198,51.26693272590637,25.10393738746643,76.37087082862854,3.3855438452690123e-09,9.667968697613105e-06
3650.686957438428,18136.28125,500.0,0.8775000000000001,379,7580000,44,0.013503366149961948,0.0001104999999999997,1034.8692224061392,541067.3330246692,-0.009063105002180667,52.30352568626404,25.23688578605652,77.54041266441345,-5.57899459963096e-09,6.835937711002771e-06
3261.667251425428,19226.510000000002,500.0,0.8762500000000001,380,7600000,44,0.011158431880176067,0.0001099999999999997,981.2145087897297,621327.8245109321,-0.009922287035310133,51.182185649871826,26.206308126449585,77.38849520683289,1.0156631091717827e-08,3.808593646681402e-06
3358.056134624929,21450.19125,500.0,0.9200000000000002,381,7620000,44,0.013663358986377716,0.00010949999999999971,882.5887576894464,590846.6834004603,-0.009489598001127846,51.13709044456482,24.926050901412964,76.06314206123352,2.861023085110048e-10,2.8369140636641532e-05
3372.0449707069833,18071.01875,500.0,0.9425000000000001,382,7640000,44,0.01225164346396923,0.00010899999999999971,931.07763546328,545225.110651611,-0.010180480833511245,52.219414949417114,26.44366216659546,78.66307806968689,8.201599399626502e-09,1.4746094166184776e-05
3539.1185122215147,17049.0575,500.0,0.9324999999999999,383,7660000,44,0.01342084538191557,0.00010849999999999971,736.516858020778,366922.32778561924,-0.01005530176863505,50.69510459899902,24.900875568389893,75.59598112106323,-9.059906158626063e-10,2.050781176876626e-06
3770.2712149272543,17577.99375,500.0,0.9487499999999999,384,7680000,44,0.013272589072585106,0.00010799999999999971,808.2034907105054,492422.78995253163,-0.009105840379350002,51.036102533340454,26.70534586906433,77.7414493560791,-7.438659466174613e-09,-9.375000445288606e-06
3429.8410056596413,18916.5,500.0,0.9324999999999999,385,7700000,44,0.012226883322000504,0.00010749999999999971,807.253727095311,466192.87385374715,-0.009642367300650339,52.807693004608154,27.76224374771118,80.56993818283081,-3.767013367905747e-09,-4.042968794237822e-05
3053.8534010455683,25097.7625,500.0,0.9087499999999998,386,7720000,44,0.012716586701571941,0.00010699999999999971,1056.8951499069794,702787.1644760501,-0.011676604559784916,52.48282599449158,27.013712167739868,79.49653935432434,2.5272368642248466e-09,1.0156250027648639e-05
3598.925204664259,17601.4975,500.0,0.93625,387,7740000,44,0.015909673646092415,0.00010649999999999972,593.5429176708085,331360.02198670345,-0.009799878368911337,51.76863718032837,25.88487935066223,77.65351724624634,9.822845647988743e-09,9.765624781721272e-06
3796.685836107542,12233.945,500.0,0.9462499999999998,388,7760000,44,0.01372325699776411,0.00010599999999999972,729.5785822281217,471923.89635626436,-0.010095490598584922,51.90378451347351,24.2995924949646,76.20337772369385,1.7738342350526182e-08,6.054687673895387e-06
3753.8331519553017,16608.525,500.0,0.8887499999999999,389,7780000,44,0.012338132597506046,0.00010549999999999972,793.2763001471586,463115.31060306384,-0.009575340229499725,52.57295370101929,24.629120349884033,77.20207524299622,-9.441375681262798e-09,4.687500222644303e-06
3636.4331629434623,14405.813750000001,500.0,0.9412499999999999,390,7800000,44,0.012125669978559017,0.00010499999999999972,782.0300558592837,312751.91521999065,-0.007995355266435189,53.09982442855835,23.834200382232666,76.93402552604675,2.0980834847250662e-09,9.960937859432306e-06
4001.439756753757,12930.848750000001,500.0,0.9512499999999999,391,7820000,44,0.011035793460905552,0.00010449999999999972,474.0565361510212,369019.55489202746,-0.00958678719071994,53.11844086647034,24.37617039680481,77.49461197853088,5.531310964812519e-09,2.5390625069121597e-06
3778.072332107315,16183.422500000004,500.0,0.95,392,7840000,44,0.01303692627698183,0.00010399999999999972,705.0221565562645,574181.3373759349,-0.00954067957227443,55.49655294418335,24.329893350601196,79.82644820213318,2.1934509764065524e-09,-2.1582030967692845e-05
3624.51019181031,21798.875,500.0,0.9075,393,7860000,44,0.011811947450041771,0.00010349999999999972,709.7352934860387,491571.4741216556,-0.010047177986866957,50.45542526245117,24.102988719940186,74.5584146976471,1.1205673056124965e-09,-1.0058593943540473e-05
4059.68954679754,13045.912500000002,500.0,0.93125,394,7880000,44,0.01269464660435915,0.00010299999999999973,552.4827427178176,442685.3073486047,-0.010375134287197336,51.577067613601685,25.54451608657837,77.12158441543579,7.2479249269008506e-09,-9.472656529396772e-06
3559.462022677247,17433.97625,500.0,0.9075000000000001,395,7900000,44,0.011257737874984741,0.00010249999999999973,647.0939813137603,562633.0306611407,-0.0077778736388423855,52.88517904281616,27.71427583694458,80.5994565486908,1.0776520120714395e-08,-1.9531250927684596e-06
3506.460152576686,18097.927499999998,500.0,0.95375,396,7920000,44,0.010125922039151192,0.00010199999999999973,531.4690736171428,448382.9996179157,-0.00981099337180787,51.574488162994385,25.642908096313477,77.21739792823792,7.629394893626795e-09,9.863280865829438e-06
3878.074308462617,14828.77,500.0,0.9550000000000001,397,7940000,44,0.011871593073010445,0.00010149999999999973,588.3596751012243,501329.2062603388,-0.009330699520648572,51.82358431816101,29.79811453819275,81.62170052528381,-3.6239624634504253e-09,-1.3671875422005542e-05
3713.330593651312,23420.90625,500.0,0.96875,398,7960000,44,0.012567548081278801,0.00010099999999999973,947.3275884928994,692568.2691491657,-0.010366048541745778,51.4712450504303,26.50535750389099,77.97660326957703,-3.2424927187690855e-09,1.4648437172581907e-05
3426.5354597193145,25457.055,500.0,0.945,399,7980000,16,0.02014235220849514,0.00010049999999999973,1448.0974208010903,671956.7594195015,-0.007142486305107197,50.878565073013306,9.462222337722778,60.34078812599182,-1.3351439953623867e-09,-3.808593646681402e-06
3465.2941006054157,17957.42875,500.0,0.905,400,8000000,44,0.01142369955778122,9.999999999999973e-05,864.5859550326823,519757.6916984321,-0.009324197334752357,53.88958144187927,25.675764083862305,79.56534624099731,6.484985437538171e-09,-3.808593646681402e-06
1057.311352624433,13512.755000000001,500.0,0.27125000000000005,401,8020000,44,0.01195664331316948,9.949999999999974e-05,1517.4028042089815,425675.094673745,-0.009435507235378756,51.639519453048706,28.81876802444458,80.45828890800476,-1.4247893886931706e-07,-2.978515658469405e-05
222.21923701444484,12546.9625,500.0,0.05,402,8040000,44,0.012467893771827221,9.899999999999974e-05,1279.722268116625,361676.7192455858,-0.007488267378171829,51.47941446304321,24.934875011444092,76.41429042816162,-4.081726245885875e-08,4.296874976716936e-06
229.04293513558005,8736.705000000002,500.0,0.058750000000000004,403,8060000,44,0.010366009548306465,9.849999999999974e-05,710.020919812974,146850.98532009675,-0.007405528933467864,49.90667366981506,25.385440826416016,75.29211521148682,-6.780624062230345e-08,-5.761718966823537e-06
264.14202276690065,4957.553750000001,500.0,0.1525,404,8080000,44,0.010805018246173859,9.799999999999974e-05,657.5053908476484,181146.48947919664,-0.006806166095525708,51.590429067611694,24.101314783096313,75.69174456596375,7.495879827956742e-08,9.082031283469405e-06
214.32352091406182,9210.6625,500.0,0.04875,405,8100000,44,0.013028333894908428,9.749999999999974e-05,493.30215881224746,227774.4448593368,-0.007442060155433391,50.81378722190857,24.687358617782593,75.50114703178406,-5.7983399415206804e-08,-1.5039062418509275e-05
207.77131051796238,9339.985,500.0,0.165,406,8120000,44,0.010069089010357857,9.699999999999974e-05,440.87230885179736,338365.32434910815,-0.0061134945056859355,50.98597478866577,25.243220329284668,76.2291967868805,-3.1757355856143477e-08,1.074218744179234e-06
237.8745230670649,7808.983749999999,500.0,0.0775,407,8140000,44,0.009767846204340458,9.649999999999974e-05,430.97643827870746,151716.11033723434,-0.006406232387980101,51.57385754585266,24.49966287612915,76.07352113723755,2.403259280470138e-08,-6.494140507129487e-06
223.79214739751865,6442.4087500000005,500.0,0.0875,408,8160000,44,0.008103681728243828,9.599999999999974e-05,316.0275182669127,308148.7470017621,-0.005832156081433688,48.90256714820862,24.37979030609131,73.28235840797424,2.651214536797397e-08,8.203124707506504e-06
250.20148274735348,5220.460000000001,500.0,0.18250000000000002,409,8180000,44,0.00980103388428688,9.549999999999975e-05,360.5445966885197,167322.36339756096,-0.007967609473523148,50.92984414100647,27.578874826431274,78.50871992111206,-2.1362303925798187e-08,-5.37109372089617e-07
232.52423643663246,8868.9175,500.0,0.10999999999999999,410,8200000,44,0.011191126890480518,9.499999999999975e-05,423.60130993543476,286330.9405117232,-0.005994650180814885,48.842536211013794,26.74522352218628,75.58776092529297,-2.231597839852384e-08,-7.5683592513087206e-06
199.8109700841524,7801.29375,500.0,0.0037500000000000007,411,8220000,44,0.01018193457275629,9.449999999999975e-05,374.57186816339527,179631.2532808679,-0.007119001678814865,49.37000870704651,26.162601947784424,75.53261160850525,-9.431838776663426e-08,-6.005859177093953e-06
232.95534939645987,5545.81875,500.0,0.14375,412,8240000,44,0.010811363346874714,9.399999999999975e-05,456.4386168876095,173934.1050136202,-0.006925297908737325,49.43063497543335,26.210482120513916,75.64111804962158,-2.4318694613612024e-08,1.1230468999201548e-06
251.42479196837843,7180.6537499999995,500.0,0.12625000000000003,413,8260000,44,0.010691630654036999,9.349999999999975e-05,467.4134024125111,235849.34043822822,-0.006136248647016972,49.97322630882263,25.904691457748413,75.87791848182678,7.495879827956742e-08,3.906249901319825e-07
228.28818154794627,6524.715,500.0,0.08375,414,8280000,44,0.01203849632292986,9.299999999999975e-05,565.7326256957235,233390.70931364177,-0.006672921113592708,51.7109797000885,24.559277296066284,76.27025771141052,-3.0708314113780943e-08,-2.0019531348225428e-06
242.01755292080526,8502.3375,500.0,0.12125000000000001,415,8300000,44,0.00848092045634985,9.249999999999975e-05,463.1763427216384,255035.43043874516,-0.007459052644538188,50.22094416618347,24.85466980934143,75.07561469078064,-1.831054774470431e-08,-6.83593725625542e-07
204.65787650370493,5928.183749999999,500.0,0.06999999999999999,416,8320000,44,0.011742323637008667,9.199999999999976e-05,515.861566563333,275284.25171207474,-0.006969609325073801,50.423741579055786,23.975629568099976,74.39937210083008,1.4114379887075756e-08,-7.81249980263965e-07
245.3765238327479,7998.69,500.0,0.17124999999999999,417,8340000,44,0.011884472332894802,9.149999999999976e-05,421.5743056078912,184879.68465122447,-0.007387852970477498,52.30321788787842,24.615779876708984,76.91899847984314,-9.56058521239811e-09,-3.7109375625732355e-06
246.22581674302037,3279.8425,500.0,0.12625,418,8360000,44,0.010399253107607365,9.099999999999976e-05,446.74385087920825,139226.51454504998,-0.005021891644695009,50.17485857009888,24.969432830810547,75.14429235458374,2.307891833197573e-08,1.8554687812866177e-06
220.60271127745554,11942.77125,500.0,0.1,419,8380000,44,0.012925387360155582,9.049999999999976e-05,445.05213274149133,408842.2551469002,-0.007483229226104795,51.214709758758545,25.083620309829712,76.29833126068115,2.069473303834002e-08,-1.5234374586725608e-05
216.3108390253795,7034.6775,500.0,0.04625,420,8400000,44,0.011549527756869793,8.999999999999976e-05,398.75194763561115,201658.95672277312,-0.0068572355851330615,50.531769037246704,25.447612047195435,75.97938251495361,-4.0340424334317504e-08,-9.765624753299562e-08
235.9164771664833,11598.9075,500.0,0.17875000000000002,421,8420000,44,0.009687457233667374,8.949999999999976e-05,439.4935485501833,316306.67892108386,-0.006799331199395459,50.619203090667725,25.78880739212036,76.4080114364624,-2.155304024142879e-08,8.251952749560587e-06
221.80243269947968,8198.6125,500.0,0.1075,422,8440000,44,0.01210646890103817,8.899999999999976e-05,310.4971084660573,125707.13634790348,-0.006566663210452251,49.958237409591675,28.924643993377686,78.88288235664368,1.3160705414350105e-08,-8.508301107212901e-06
226.85630095745347,11545.02625,500.0,0.0625,423,8460000,44,0.008841234259307384,8.849999999999977e-05,363.5327487721679,396956.93364432,-0.005404066181164535,50.381409645080566,29.350987434387207,79.73239970207214,6.675720420901143e-09,-5.175781097932486e-06
228.35945592704329,10021.64375,500.0,0.12250000000000001,424,8480000,44,0.009851987473666668,8.799999999999977e-05,471.0459292513866,247360.4548120707,-0.005944966375013284,50.1985878944397,28.538726329803467,78.73731517791748,4.00543198608716e-09,-2.6367188183940016e-06
230.64348789455215,6918.7425,500.0,0.16875,425,8500000,44,0.010872695595026016,8.749999999999977e-05,578.8620225118411,143377.57017680389,-0.005847968680252802,50.233723163604736,28.203091621398926,78.4368155002594,-1.0585784693262212e-08,-2.734374902502168e-06
264.56855895206934,15431.191249999998,500.0,0.05625,426,8520000,44,0.011730421334505081,8.699999999999977e-05,723.2232076120322,348243.0540986407,-0.007700427341965103,49.95901274681091,24.964091062545776,74.92310500144958,-1.3351439953623867e-09,-8.691406037542038e-06
209.86402271644096,9871.215,500.0,0.04625,427,8540000,44,0.01057356595993042,8.649999999999977e-05,716.0641743009191,224239.14772727274,-0.006662280573999944,51.35173940658569,24.166171312332153,75.51791167259216,1.1634826435624745e-08,-1.56249996052793e-06
272.08806717396993,15626.732500000002,500.0,0.165,428,8560000,44,0.010952175594866276,8.599999999999977e-05,469.0818252607374,361225.559345557,-0.004687888619851137,50.65484976768494,25.467520475387573,76.1223714351654,-8.201599399626502e-09,5.66406242796802e-06
249.93992312862292,6437.61625,500.0,0.11875,429,8580000,44,0.009396356530487537,8.549999999999977e-05,386.2750139093783,252691.64447112792,-0.00484472178668909,51.505600690841675,24.818963050842285,76.32456493377686,-5.435943695175638e-09,-3.906250185536919e-06
272.5219776407047,4884.3625,500.0,0.20750000000000002,430,8600000,44,0.011754733510315418,8.499999999999978e-05,376.1742477065812,85287.12479013458,-0.0057192639823452655,50.63872456550598,26.301635026931763,76.94036054611206,-2.1171569386524425e-08,3.906250185536919e-06
226.27990072593062,7277.530000000001,500.0,0.1675,431,8620000,44,0.013372392393648624,8.449999999999978e-05,642.7375944420712,325444.043735728,-0.007402730986825056,50.19909405708313,27.79734230041504,77.9964370727539,-1.4591217123438582e-08,-3.6132812510913936e-06
268.5033659166512,8950.875,500.0,0.11875,432,8640000,44,0.010646170936524868,8.399999999999978e-05,441.22505175916456,179637.60437924787,-0.008144592693755007,49.79611539840698,25.19808864593506,74.99420475959778,5.912780931538464e-09,-7.324218813664629e-07
242.58766049806454,9869.37375,500.0,0.09625,433,8660000,44,0.010734251700341702,8.349999999999978e-05,438.2047511343303,184615.10737411445,-0.004440921185748765,50.22937822341919,30.768637895584106,80.99801731109619,6.294250454175199e-09,1.2304687516007107e-05
255.37240839103168,6883.301250000001,500.0,0.20249999999999999,434,8680000,44,0.01162366010248661,8.299999999999978e-05,374.05664436287657,189805.48690630845,-0.008178398880837764,50.33991575241089,29.31488037109375,79.65479707717896,-5.7220459481754915e-09,1.0937499610008672e-05
238.2534179062854,9214.3775,500.0,0.12625,435,8700000,44,0.011650316417217255,8.249999999999978e-05,277.30930318492193,272324.6797515553,-0.006229613831275334,50.36323881149292,26.999499559402466,77.36273956298828,1.1444091896350983e-08,4.052734311699169e-06
231.40810966822474,6674.705,500.0,0.0675,436,8720000,44,0.011461945250630379,8.199999999999978e-05,182.77889493803983,196437.2834528845,-0.0060560677865824485,50.59334635734558,29.869916200637817,80.4632637500763,1.9645691295977485e-08,-6.83593725625542e-07
240.4791174300267,7028.7262500000015,500.0,0.1625,437,8740000,44,0.0116870803758502,8.149999999999979e-05,426.6438072849884,241047.49385012855,-0.005329744079142489,50.20342946052551,26.45540952682495,76.65884041786194,-3.2424927187690855e-09,9.765625463842298e-07
268.19689420848783,5528.61125,500.0,0.13624999999999998,438,8760000,44,0.009396768175065517,8.099999999999979e-05,499.53769161237534,185501.53415777383,-0.003570014630512402,50.46582221984863,26.452532291412354,76.91835522651672,1.1444091896350983e-08,-1.1718750556610757e-06
234.96478964538179,12614.0,500.0,0.08625000000000001,439,8780000,44,0.009821614250540733,8.049999999999979e-05,351.4661784375084,492331.42690502736,-0.006776836579934811,50.68602752685547,27.419907569885254,78.10593605041504,-1.0299682884351569e-08,8.789062121650204e-06
261.1249695132633,14018.079999999998,500.0,0.1325,440,8800000,44,0.009610357694327831,7.999999999999979e-05,391.6200463961128,234997.6608597346,-0.004416027093852492,50.320393085479736,25.94105815887451,76.26145219802856,1.0681151962899094e-08,-6.640625088039087e-06
248.51059465399567,5649.09875,500.0,0.0625,441,8820000,44,0.009284863248467445,7.949999999999979e-05,246.4623840209118,220575.82306744013,-0.006149442778831676,49.1740198135376,26.767494440078735,75.94151520729065,-2.2077561112610056e-08,5.859375278305379e-07
229.23226659542593,5479.53625,500.0,0.1275,442,8840000,44,0.010734187439084053,7.899999999999979e-05,289.68695380909946,218708.11604630412,-0.00610789631681476,50.703054666519165,27.450801610946655,78.15385723114014,6.294250454175199e-09,3.2226562325377017e-06
230.45998740402348,7436.321249999999,500.0,0.028750000000000005,443,8860000,44,0.013456497341394424,7.84999999999998e-05,249.98846453764358,206399.69272331704,-0.006210310359948162,49.98537039756775,26.30902624130249,76.29439806938171,2.002716037452501e-08,1.1230468999201548e-06
235.84961512373874,8881.06625,500.0,0.13999999999999999,444,8880000,44,0.011803003028035164,7.79999999999998e-05,303.56445029580277,293895.97526060394,-0.008720749228634368,50.02050161361694,25.42455506324768,75.44505763053894,-8.201599399626502e-09,6.83593725625542e-07
238.8226313815545,8366.735,500.0,0.1125,445,8900000,44,0.012276288121938705,7.74999999999998e-05,274.6956137820684,306956.49161100225,-0.007197094674158404,50.5083327293396,24.235588312149048,74.74392247200012,-1.1444091896350983e-08,-1.367187451251084e-06
263.9261606196643,8595.55125,500.0,0.09375000000000001,446,8920000,44,0.01127129327505827,7.69999999999998e-05,308.3750911883847,235441.340999555,-0.006283934492166653,50.73887634277344,27.664583444595337,78.40346074104309,-7.1525572131747595e-09,-3.955078227591002e-06
240.28556576841325,8391.9175,500.0,0.15875,447,8940000,44,0.01135134045034647,7.64999999999998e-05,344.76316282581814,278617.7173980959,-0.007510872591987265,49.6389000415802,26.021512269973755,75.66041326522827,1.6212463593845428e-09,7.421875125146471e-06
219.15858299405267,7792.366249999999,500.0,0.1975,448,8960000,44,0.010085977613925934,7.59999999999998e-05,233.12043877438106,230490.01247561403,-0.008440356951724562,49.55913949012756,25.627238035202026,75.18637871742249,8.249283034444943e-09,1.0839843525900505e-05
225.5666492448483,11459.144999999999,500.0,0.09625,449,8980000,44,0.010350091382861137,7.54999999999998e-05,230.10386666274866,315634.4655781385,-0.008805002034355119,49.45340633392334,23.869837760925293,73.32324481010437,-4.81605511026828e-09,-8.398437785217538e-06
236.51425710308428,6768.5525,500.0,0.14625,450,9000000,44,0.008345378562808037,7.49999999999998e-05,206.93492172118297,243992.11992052646,-0.007368191452307082,49.62209153175354,26.94095277786255,76.56304502487183,3.142356774787913e-08,-2.6367188183940016e-06
281.9135866532466,9653.01875,500.0,0.12375000000000003,451,9020000,44,0.010813971981406212,7.44999999999998e-05,198.9879193212687,310893.4699254711,-0.004597763963348058,52.79377770423889,25.08493947982788,77.87871813774109,3.433227480087453e-09,2.2460937998403097e-06
263.8435274881848,9743.55,500.0,0.12625000000000003,452,9040000,44,0.01050516776740551,7.39999999999998e-05,198.07407053430555,311133.80341650784,-0.006965102299458965,50.7624077796936,24.533299922943115,75.29570889472961,-1.115798919926192e-08,-9.765624753299562e-08
231.03629702316465,11629.40625,500.0,0.10874999999999999,453,9060000,44,0.010525018908083439,7.349999999999981e-05,217.80989950902168,247794.54737227148,-0.006548819440502461,49.8806312084198,26.201642274856567,76.08227491378784,6.008148201175345e-09,3.7109375625732355e-06
234.00821875293417,11772.744999999999,500.0,0.07875000000000001,454,9080000,44,0.010004273615777493,7.299999999999981e-05,180.85206781788992,304448.9356997087,-0.007030455212114686,50.80101919174194,25.920570611953735,76.72159051895142,1.8215178698710588e-08,1.56249996052793e-06
267.30625151992854,9152.185000000001,500.0,0.14125000000000001,455,9100000,44,0.010842901654541492,7.249999999999981e-05,211.51908113547657,285967.76907668205,-0.006301888794479066,51.294848680496216,25.746885538101196,77.04173517227173,-2.2888183792701966e-08,3.7109375625732355e-06
233.5909962056682,11019.7125,500.0,0.10375000000000001,456,9120000,44,0.011237872764468193,7.199999999999981e-05,241.5013732032205,309818.89322092565,-0.007444476372652373,50.735138177871704,25.35256791114807,76.08770704269409,-2.2220611128886958e-08,-5.3710937208961695e-06
247.22815254322987,6887.623749999999,500.0,0.1375,457,9140000,44,0.011248073540627956,7.149999999999981e-05,201.43952204854634,213577.18560306387,-0.005477637784653081,49.95908188819885,25.129425764083862,75.08850860595703,-1.2493133638713516e-08,1.9531249506599124e-07
245.50445020782618,11402.225,500.0,0.14875,458,9160000,44,0.00938541628420353,7.099999999999981e-05,172.03794988033002,214455.2796823306,-0.008862901819075198,51.0215859413147,25.527170419692993,76.54875755310059,-9.918212917625624e-09,-6.83593725625542e-07
249.09555543240035,6256.7475,500.0,0.09375,459,9180000,44,0.008957299403846264,7.049999999999982e-05,136.04467393504189,249614.64387327837,-0.00664535724808852,50.342915773391724,24.57015299797058,74.91306972503662,-4.0340424334317504e-08,1.3769531506113708e-05
247.11881871696627,14905.2975,500.0,0.1125,460,9200000,44,0.011326780542731285,6.999999999999982e-05,219.8321087906358,456530.24596563936,-0.009269554973783569,49.487959146499634,23.823631763458252,73.31159234046936,-4.959106458812812e-09,-4.492187599680619e-06
243.67704490732586,8550.982499999998,500.0,0.2,461,9220000,44,0.014398123137652874,6.949999999999982e-05,191.87959809517284,163511.40145428025,-0.007169904482747311,50.46339392662048,24.33664321899414,74.8000385761261,9.727478378351861e-09,1.9531250927684596e-06
250.32698418451236,7271.1,500.0,0.14625000000000002,462,9240000,44,0.011903811246156693,6.899999999999982e-05,170.46106692315246,282881.5006065588,-0.0073119340550143195,50.76719069480896,26.26512575149536,77.03231716156006,1.277923544762416e-08,-7.617187293362804e-06
242.27296396587417,10775.88875,500.0,0.17375000000000002,463,9260000,1,0.02276524528861046,6.849999999999982e-05,494.22226203242434,470116.25534018985,0.005511784619545635,50.174068450927734,0.5279319286346436,50.702001094818115,-6.484985437538171e-09,-9.472656529396772e-06
292.5020430092526,8494.4075,500.0,0.1975,464,9280000,44,0.010205659084022045,6.799999999999982e-05,227.3158397915997,314516.0803270417,-0.0070679349515930575,50.76154041290283,24.372010707855225,75.13355207443237,5.912780931538464e-09,-2.148437488358468e-06
270.869323084552,7275.902499999999,500.0,0.10625,465,9300000,44,0.009748607873916626,6.749999999999982e-05,156.03434299956257,171256.41744057465,-0.006774516756343843,51.04333686828613,24.563446521759033,75.60678434371948,4.577636936176077e-09,1.1718750556610757e-06
250.1655565994548,12416.071249999999,500.0,0.14625000000000002,466,9320000,44,0.008553116582334042,6.699999999999983e-05,152.29365716677404,362661.65838040086,-0.007648270913209258,51.24918055534363,24.78945302963257,76.03863453865051,-3.814697180359872e-08,4.101562353753252e-06
257.07720570831077,7809.816250000001,500.0,0.09875,467,9340000,44,0.012195918709039688,6.649999999999983e-05,148.80465408518344,277288.16036808206,-0.00636078703932044,51.410706758499146,25.15550422668457,76.56621241569519,-8.583068478174027e-09,-1.757812469804776e-06
224.8055753219841,5551.225,500.0,0.17625,468,9360000,44,0.01364349015057087,6.599999999999983e-05,143.48652556740922,284339.65947805037,-0.009350710187961483,50.4067120552063,24.754516124725342,75.16122961044312,1.1444091896350983e-08,1.0644531357684173e-05
248.12003047662338,7645.222500000001,500.0,0.2125,469,9380000,44,0.009399360045790672,6.549999999999983e-05,112.44574282770189,184850.43548900046,-0.007383031388720598,51.102110624313354,24.135234832763672,75.23734664916992,-2.6679039422106143e-08,-9.765624753299562e-08
234.91137382744736,5844.202499999999,500.0,0.12000000000000002,470,9400000,44,0.009134197607636452,6.499999999999983e-05,117.18274781893257,151532.8202251263,-0.008472567936258179,50.923638343811035,24.377354383468628,75.30099391937256,-9.536742923144104e-11,-1.1230468999201548e-06
252.66312460771852,6436.64375,500.0,0.145,471,9420000,44,0.008618141524493694,6.449999999999983e-05,129.5219412343823,221836.67928743528,-0.007341497301424653,50.62504744529724,24.67874002456665,75.3037896156311,-1.442432395748483e-08,-1.4648438195763447e-07
260.0674051078474,4623.972500000001,500.0,0.25,472,9440000,44,0.010320646688342094,6.399999999999983e-05,109.62602129410546,156056.50708148285,-0.006138561084330397,50.33193492889404,24.2127206325531,74.54465675354004,5.817413217812373e-09,-1.2695312534560799e-06
259.784810605364,4961.16875,500.0,0.1675,473,9460000,44,0.010889650322496891,6.349999999999984e-05,107.96517940494901,145913.72364320743,-0.0076545102687089585,51.40150165557861,24.309000253677368,75.71050262451172,1.2493133638713516e-08,7.81249980263965e-07
241.10492509924188,5019.6362500000005,500.0,0.1275,474,9480000,44,0.00979168526828289,6.299999999999984e-05,121.93726560572898,182263.66408076137,-0.00665544282227821,50.85958003997803,24.569177627563477,75.42875814437866,1.678466787780053e-08,5.95703113503987e-06
261.42919346368063,8889.961249999998,500.0,0.15875,475,9500000,44,0.011598085053265095,6.249999999999984e-05,111.53928211396529,170446.38440601627,-0.008769279664371086,51.15524411201477,24.266119480133057,75.42136454582214,7.057189943537878e-09,9.863280865829438e-06
262.26946669071856,4693.8,500.0,0.20750000000000002,476,9520000,44,0.01042923703789711,6.199999999999984e-05,107.15190165226699,197450.97405507183,-0.006988014505401262,51.94153547286987,24.512267589569092,76.45380401611328,-4.0531160649948106e-09,-3.515624939609552e-06
272.8658910024236,7112.81,500.0,0.11000000000000001,477,9540000,44,0.01171184703707695,6.149999999999984e-05,131.65865019083847,293246.2334624928,-0.00872373047197169,57.42785978317261,24.584869146347046,82.01272964477539,6.103515470812226e-09,9.765624753299562e-08
231.72484253331965,3285.09375,500.0,0.11500000000000002,478,9560000,44,0.011881398968398571,6.099999999999984e-05,129.96566386930687,92080.2544038024,-0.004885033146143056,50.42314076423645,24.13140869140625,74.55455017089844,2.6226043559063328e-09,-1.367187451251084e-06
258.02702031316414,8653.382500000002,500.0,0.175,479,9580000,44,0.010530179366469383,6.0499999999999844e-05,163.96551564593037,247710.91265777833,-0.0070954648802726466,51.01800584793091,24.817580223083496,75.83558678627014,5.817413217812373e-09,-1.220703097715159e-06
252.39022668676608,10545.865,500.0,0.12374999999999999,480,9600000,44,0.012557596899569035,5.9999999999999846e-05,237.18959377714626,213123.75092374496,-0.006270512594009232,50.7099175453186,24.96463966369629,75.67455816268921,4.1961669694501325e-09,2.6855468604480848e-06
255.37709937913843,6019.9800000000005,500.0,0.12875,481,9620000,31,0.02027071826159954,5.949999999999985e-05,347.1253950587094,190678.4747497384,-0.004932364425327205,50.66281795501709,17.780983448028564,68.44380259513855,-2.0980834847250662e-09,5.859375050931703e-06
248.0963969016444,3584.9525000000003,500.0,0.16375,482,9640000,44,0.01168282050639391,5.899999999999985e-05,257.3165362108975,131442.6222692211,-0.005078878779409312,50.1222026348114,25.493719577789307,75.6159234046936,5.054473728449693e-09,-4.882812731921149e-07
278.11010352437887,3234.0225,500.0,0.17625,483,9660000,44,0.010725999251008034,5.849999999999985e-05,244.36955456794064,135567.16972661868,-0.006116030296410988,49.70322060585022,26.82174015045166,76.5249617099762,9.346008411625917e-09,7.81249980263965e-07
241.4450331232086,6079.685,500.0,0.15125,484,9680000,44,0.011448907665908337,5.799999999999985e-05,187.27644151044524,196275.58466706972,-0.007065274482603657,49.897809743881226,24.37344479560852,74.27125549316406,6.580352707175052e-09,-8.105468623398338e-06
249.87700797870417,4582.21625,500.0,0.12,485,9700000,44,0.010889528319239616,5.749999999999985e-05,224.85948337866606,190985.05109984087,-0.00679695671700237,49.75405430793762,24.322518587112427,74.07657384872437,5.7220459481754915e-09,4.882812731921149e-07
246.4115225409264,7703.3862500000005,500.0,0.10499999999999998,486,9720000,44,0.014619208872318268,5.6999999999999854e-05,281.2066211524849,226074.82481603764,-0.005967459047062621,50.1140456199646,25.392624139785767,75.50667095184326,-4.577636936176077e-09,-7.81249980263965e-07
248.22035234591058,7327.464999999999,500.0,0.14625000000000002,487,9740000,44,0.009501058608293533,5.6499999999999855e-05,144.2959643079716,211423.8723978936,-0.007201222055442942,50.502898931503296,24.579065084457397,75.08196473121643,-8.392333938900265e-09,2.3437501113221515e-06
275.3431413753984,11670.93125,500.0,0.14500000000000002,488,9760000,44,0.010871260426938534,5.599999999999986e-05,170.7900267470418,219174.6833167389,-0.009010549322222398,50.62708640098572,25.349982500076294,75.97706985473633,7.057189943537878e-09,-9.472656529396772e-06
258.0871960650873,6815.014999999999,500.0,0.14375,489,9780000,44,0.0141673032194376,5.549999999999986e-05,168.52985966137007,186456.34635828718,-0.00717085592969968,50.37312698364258,26.11746597290039,76.49059391021729,-1.1920929132713809e-08,1.4648438195763447e-07
232.83042273143883,6419.933749999999,500.0,0.09375,490,9800000,44,0.011122805997729301,5.499999999999986e-05,128.11897903262403,81392.99001467653,-0.009026600774503511,49.726816177368164,25.94580888748169,75.67262601852417,2.4271011866972003e-08,4.492187599680619e-06
268.38649994149216,5995.1050000000005,500.0,0.1775,491,9820000,44,0.012861237861216068,5.449999999999986e-05,225.25847075696095,159820.6032497112,-0.007044681243280161,50.63392639160156,24.846158981323242,75.48008608818054,6.771087690538025e-09,-9.277343906433089e-07
235.0274540194702,14295.1675,500.0,0.04625,492,9840000,44,0.011930345557630062,5.399999999999986e-05,239.73736469764842,272156.9973242862,-0.0057501346967705515,50.500118017196655,24.623875379562378,75.12399435043335,9.155273872352154e-09,1.2597656677826308e-05
261.6417622406518,9212.74,500.0,0.095,493,9860000,44,0.01043648086488247,5.3499999999999864e-05,209.11761867711954,200299.7043277227,-0.008709784878484296,50.76882243156433,24.114545345306396,74.88336849212646,-5.149841442175784e-09,3.515624939609552e-06
287.7466736043234,11565.58125,500.0,0.11125000000000003,494,9880000,44,0.010933385230600834,5.2999999999999865e-05,205.1883123724864,359998.6056463068,-0.004989634499208888,50.261704444885254,24.584720611572266,74.84642624855042,-1.4305114870438729e-09,1.7089843822759576e-05
281.84454366840436,14785.403749999998,500.0,0.08374999999999999,495,9900000,44,0.01091726217418909,5.249999999999987e-05,151.60903996620135,318155.52285538334,-0.008460859873020482,50.4216787815094,24.64769983291626,75.06938004493713,4.100799699813251e-09,1.582031291036401e-05
304.3545665824613,4617.027499999999,500.0,0.10625,496,9920000,44,0.009525514207780361,5.199999999999987e-05,109.28968526798508,101647.0031800089,-0.005400704379422297,50.226019620895386,24.525070905685425,74.75109219551086,2.956390465769232e-09,2.734374902502168e-06
273.81118484134385,3859.15625,500.0,0.22125,497,9940000,44,0.008754448965191841,5.149999999999987e-05,162.82424193119977,122651.1512576192,-0.005756046802236327,49.71050524711609,24.32794690132141,74.0384533405304,-1.2159347972939827e-09,-2.3437501113221515e-06
286.33887557349533,2985.74625,500.0,0.22999999999999998,498,9960000,44,0.012026334181427956,5.099999999999987e-05,158.18642432999692,109536.71509688084,-0.005412505912207071,49.73865747451782,24.863823175430298,74.60248136520386,1.754760781125242e-08,2.9296875254658516e-06
245.59492301938934,7128.285000000001,500.0,0.10375000000000001,499,9980000,44,0.00977907981723547,5.049999999999987e-05,136.50146969881925,197755.53137754873,-0.00836900525077453,50.61758780479431,24.530765533447266,75.14835405349731,-2.8610229740877458e-09,-1.1718750556610757e-06
285.1216037004415,7956.516250000001,500.0,0.15625,500,10000000,44,0.010235096327960491,4.9999999999999874e-05,160.05361756630953,91201.28641684722,-0.0071323297907661546,50.64609432220459,24.44290542602539,75.08900094032288,1.7929076889799944e-08,4.345703018771019e-06
953.0506481726264,0.0,500.0,0.265,501,10020000,44,0.009800788946449757,4.9499999999999875e-05,709.8841606508876,93169.1626499119,-0.004905988531462072,51.31240367889404,24.57516384124756,75.88756942749023,1.602172794434864e-08,-4.716797047876753e-05
1318.7000000000157,0.0,500.0,0.35750000000000004,502,10040000,44,0.009886533953249454,4.8999999999999876e-05,716.8720182675623,45614.83916147669,-0.0037708148569639203,50.329843521118164,24.565494060516357,74.89533877372742,1.7032027344043854e-08,2.2668456949759275e-05
1232.3375037121755,0.0,500.0,0.32875,503,10060000,44,0.014788458123803139,4.849999999999988e-05,748.4728318753259,39747.86719592833,-0.005844209135951575,49.973384857177734,24.037907600402832,74.0112931728363,-2.2888184680880386e-09,-2.4035643946263008e-05
2052.025000002485,0.0,500.0,0.45125000000000004,504,10080000,44,0.00846761092543602,4.799999999999988e-05,752.1726939922372,29959.002734150243,-0.006334549160374133,49.956321477890015,24.928937673568726,74.88526010513306,-5.531310964812519e-09,3.269043008913286e-05
1700.437540366492,0.0,500.0,0.46624999999999994,505,10100000,44,0.007142619229853153,4.749999999999988e-05,818.4851480666183,34153.08250421978,-0.004685862860358369,50.379955768585205,24.978220462799072,75.35817742347717,-6.771087690538025e-09,3.6865232686977834e-05
1471.0512477699413,0.0,500.0,0.33125,506,10120000,44,0.009172013960778713,4.699999999999988e-05,632.2281901334317,25623.7598771599,-0.005238954563784843,50.171318769454956,24.596690893173218,74.76801037788391,-5.912780931538464e-09,1.6357422282453626e-05
1344.0125,0.0,500.0,0.32499999999999996,507,10140000,44,0.0074910675175487995,4.6499999999999883e-05,943.1414679910289,49564.23811942607,-0.005113342635293884,50.035465478897095,23.954665184020996,73.99013161659241,3.814697446813398e-09,-2.9931639801361598e-05
1788.6375002851978,0.0,500.0,0.41999999999999993,508,10160000,44,0.009128338657319546,4.5999999999999885e-05,646.2652662450618,46651.82958225825,-0.005058281568936806,50.62391638755798,24.35903286933899,74.9829511642456,9.298324332718266e-10,6.83593725625542e-07
1090.7125000712995,0.0,500.0,0.26749999999999996,509,10180000,44,0.008752725087106228,4.5499999999999886e-05,908.8553118206415,67953.18490266964,-0.006466322890091666,50.30763268470764,24.03822684288025,74.34586143493652,-1.754760781125242e-08,6.591797045985004e-06
1968.7823137158375,0.0,500.0,0.47250000000000003,510,10200000,44,0.008868821896612644,4.499999999999989e-05,834.5816597779409,59600.55393344541,-0.005759836910348771,50.90774607658386,24.39738130569458,75.30512809753418,1.8119812317252126e-09,1.162109401775524e-05
1457.9305831705758,0.0,500.0,0.37374999999999997,511,10220000,44,0.008390970528125763,4.449999999999989e-05,720.1949417237171,41824.93291470755,-0.005634578676188045,53.14338946342468,24.442208290100098,77.58559846878052,-2.0980834847250662e-09,7.2753905442368705e-06
2048.5875,0.0,500.0,0.4625,512,10240000,44,0.009012514725327492,4.399999999999989e-05,792.0560328809521,32480.36764136557,-0.004125549614438047,49.80502271652222,24.099552869796753,73.90457725524902,5.57899459963096e-09,-2.197265530412551e-06
1952.6047415817684,0.0,500.0,0.41,513,10260000,44,0.00721091078594327,4.349999999999989e-05,966.6283839042496,30531.500893964865,-0.005300755148130052,49.96326184272766,24.463730335235596,74.42699360847473,2.336502102906479e-09,-4.882812390860636e-06
1767.1026801669905,0.0,500.0,0.39125,514,10280000,44,0.007355764973908663,4.299999999999989e-05,1098.039597817477,27790.416649997303,-0.005667536530185006,50.718178510665894,25.84786820411682,76.56604790687561,-1.2683868177987279e-08,-6.494140507129487e-06
1901.4389389861233,0.0,500.0,0.42750000000000005,515,10300000,44,0.009462041780352592,4.2499999999999895e-05,1042.3562258861969,29812.124612015876,-0.004680759171321366,51.926525354385376,24.648593425750732,76.57512021064758,7.486343100993054e-09,4.589843683788786e-06
1518.0,0.0,500.0,0.36875,516,10320000,44,0.010138092562556267,4.1999999999999896e-05,983.4272732180474,23338.65306352938,-0.005916618264665542,50.10464930534363,24.9434871673584,75.04813861846924,1.1825561863076928e-08,-7.861328413127922e-06
2007.2875232498031,0.0,500.0,0.44000000000000006,517,10340000,44,0.0074537368491292,4.14999999999999e-05,1434.7647169791376,32781.01952900244,-0.006210570829417835,51.12846899032593,25.252589225769043,76.38105940818787,-3.051757735406113e-09,2.685546860448085e-07
2559.4626536571704,0.0,500.0,0.5962500000000001,518,10360000,44,0.00760026415809989,4.09999999999999e-05,1005.5118351048512,26581.088769559345,-0.005581098634326858,49.26288390159607,24.02210545539856,73.28499031066895,5.054473728449693e-09,-8.86230463947868e-06
1924.787500015529,0.0,500.0,0.45,519,10380000,44,0.011869085021317005,4.04999999999999e-05,1380.9331830840117,34893.03463018174,-0.0070160608403414156,49.89706587791443,24.604802131652832,74.50186944007874,-1.3160705414350105e-08,-7.81249980263965e-07
1869.362511715425,0.0,500.0,0.425,520,10400000,44,0.008743341080844402,3.99999999999999e-05,810.2207281553841,29119.226012832412,-0.0056986348544487515,50.3778874874115,24.451876401901245,74.82976484298706,1.907348723406699e-09,2.294921841894393e-06
1945.9000000000021,0.0,500.0,0.49375,521,10420000,44,0.007542777806520462,3.94999999999999e-05,1079.7530251997935,26077.288890843014,-0.004871929492075339,49.75239634513855,24.11578369140625,73.8681812286377,-3.2424927187690855e-09,1.1230468999201548e-06
1880.2625,0.0,500.0,0.51875,522,10440000,44,0.008350846357643604,3.8999999999999904e-05,1108.2001091064874,38897.82509571774,-0.005659637386114599,50.314085960388184,24.028109073638916,74.34219598770142,1.3089180406211653e-08,6.347656267280399e-07
1472.8,0.0,500.0,0.43500000000000005,523,10460000,44,0.009241646155714989,3.8499999999999906e-05,952.8779231862726,28398.808708796703,-0.006197294793395814,50.08853888511658,24.233769178390503,74.32230877876282,1.931190540815919e-09,1.8066406255456968e-06
1610.2125198376657,0.0,500.0,0.4175000000000001,524,10480000,44,0.008019666187465191,3.799999999999991e-05,959.4909243611115,34908.67737631145,-0.006167883664434958,50.55657696723938,24.529833793640137,75.08641147613525,-2.6702879907247734e-09,-1.2695312534560799e-06
2283.0375,0.0,500.0,0.5625,525,10500000,44,0.009083565324544907,3.749999999999991e-05,1237.4638380263561,34688.55163855163,-0.006243913888787128,50.917036294937134,24.31779718399048,75.23483419418335,-8.153915764808062e-09,9.765624753299562e-08
1774.75,0.0,500.0,0.43249999999999994,526,10520000,44,0.008379188366234303,3.699999999999991e-05,1718.452931047446,53910.12216260271,-0.005193158176494361,51.612117767333984,24.28884744644165,75.90096640586853,2.6702879907247734e-09,5.37109372089617e-07
1817.2500000576347,0.0,500.0,0.43000000000000005,527,10540000,44,0.007549827452749014,3.649999999999991e-05,1371.310491950383,45137.159859572785,-0.006631924234243845,49.89817976951599,24.4892520904541,74.38743257522583,-1.9598006772980625e-08,-2.3437501113221515e-06
1468.15,0.0,500.0,0.40374999999999994,528,10560000,44,0.009110680781304836,3.599999999999991e-05,1028.133507424586,38413.430993188784,-0.005617153776587325,50.173707008361816,25.03904628753662,75.21275401115417,3.8146971692576415e-10,-4.882812376649781e-08
2077.5625,0.0,500.0,0.47750000000000004,529,10580000,44,0.008310476318001747,3.5499999999999914e-05,931.355655832587,41843.9780609166,-0.005314233726750838,49.53441596031189,25.27052617073059,74.80494403839111,-6.1988831845383174e-09,5.419921762950253e-06
1990.075,0.0,500.0,0.495,530,10600000,44,0.009852203540503979,3.4999999999999916e-05,1262.0043146684336,42923.21105788465,-0.006290239303051821,50.460015296936035,25.025137424468994,75.48515367507935,-1.120567283408036e-08,-4.882812376649781e-08
1627.9625026050464,0.0,500.0,0.4,531,10620000,44,0.0077284094877541065,3.449999999999992e-05,975.6050213944377,39789.27025889582,-0.005182033898719475,50.75039792060852,25.902420043945312,76.65281891822815,-4.100799699813251e-09,1.9531249506599124e-07
1436.2000058667759,0.0,500.0,0.34500000000000003,532,10640000,44,0.007914992980659008,3.399999999999992e-05,903.2165281100432,45807.45700554359,-0.005078370284015298,50.65398979187012,25.403424739837646,76.05741548538208,-1.0490417423625331e-09,-2.148437488358468e-06
2141.8500025845105,0.0,500.0,0.49499999999999994,533,10660000,44,0.008783221244812012,3.349999999999992e-05,852.6325972439641,50842.63519406511,-0.005963544064159618,50.34103083610535,25.097278356552124,75.43830990791321,4.76837147544984e-09,-1.367187451251084e-06
2192.3339799582427,0.0,500.0,0.48250000000000004,534,10680000,44,0.007589656859636307,3.299999999999992e-05,1071.891206111403,44421.57615445645,-0.006634913311501744,50.257161378860474,25.06145429611206,75.31861686706543,-2.8991699707603402e-08,2.3437501113221515e-06
2388.939641570904,0.0,500.0,0.5425,535,10700000,44,0.006782651413232088,3.249999999999992e-05,1004.682519673478,42515.494722882126,-0.006301201040120002,50.58787798881531,24.46166706085205,75.0495457649231,5.459785512584858e-09,-4.39453117451194e-07
2028.5375000000008,0.0,500.0,0.4987500000000001,536,10720000,44,0.010091312229633331,3.1999999999999924e-05,1285.9591872080287,53110.16779063129,-0.007078848174216936,50.376081228256226,25.139643669128418,75.51572561264038,2.38418573772492e-09,-3.906249901319825e-07
1880.575048613175,0.0,500.0,0.575,537,10740000,44,0.0064693475142121315,3.1499999999999925e-05,1298.8646387686251,39314.022608433275,-0.005903594158500084,50.47051525115967,24.517153024673462,74.98766946792603,1.8119812317252126e-09,-2.9296876391526894e-07
1888.9625077309734,0.0,500.0,0.5287499999999999,538,10760000,44,0.007370495703071356,3.099999999999993e-05,1214.1593127014721,43396.53755579554,-0.005468087536641863,51.02696347236633,24.354952335357666,75.38191652297974,5.674362313357051e-09,3.41796862812771e-07
2241.1875,0.0,500.0,0.55375,539,10780000,44,0.012278350070118904,3.0499999999999928e-05,1263.9002923120427,42817.97030263885,-0.00872678288452325,49.47392678260803,24.67812156677246,74.15204882621765,2.145767175054658e-10,2.075195425277343e-06
1834.3500000882327,0.0,500.0,0.44749999999999995,540,10800000,44,0.007747521158307791,2.999999999999993e-05,1045.8226021436333,45576.53687197704,-0.006330346885154408,50.01619243621826,24.51230216026306,74.52849555015564,-3.5762786065873797e-09,-3.662109293145477e-06
1582.8166638913485,0.0,500.0,0.43999999999999995,541,10820000,44,0.0068057142198085785,2.9499999999999928e-05,1069.6370399001005,49163.275149574765,-0.006409232090246061,50.41583251953125,25.814398765563965,76.23023247718811,-4.959106458812812e-09,1.416015606992005e-06
2023.253968645323,0.0,500.0,0.5349999999999999,542,10840000,44,0.007478201296180487,2.899999999999993e-05,1280.3380322472822,38558.827690941005,-0.007476018667644398,50.54345703125,26.027748584747314,76.57120680809021,4.291534239087014e-09,1.1230468999201548e-06
1767.8915562705115,0.0,500.0,0.47375000000000006,543,10860000,44,0.006162856239825487,2.849999999999993e-05,1015.6409906841669,45058.64545134269,-0.005788040985789346,50.149547815322876,25.000775575637817,75.15032577514648,-6.675719976811934e-10,2.148437488358468e-06
2761.8380266357067,0.0,500.0,0.6174999999999999,544,10880000,44,0.010416136123239994,2.799999999999993e-05,804.6245285490714,41413.41241181157,-0.005697681896073178,49.40267276763916,24.30707836151123,73.7097520828247,3.4809113369504985e-09,-4.101562353753252e-06
2918.3560535977995,0.0,500.0,0.6987500000000001,545,10900000,44,0.00767092127352953,2.749999999999993e-05,753.193051898987,30655.766617295383,-0.0076197521783565834,52.27630543708801,24.8247652053833,77.10107207298279,-1.0633468328080653e-08,5.0781250138243195e-06
1836.206254061793,0.0,500.0,0.51,546,10920000,44,0.007689676713198423,2.699999999999993e-05,1244.1811768868713,42966.56307818343,-0.005504630160610694,51.03398370742798,24.79169535636902,75.82568073272705,2.38418573772492e-09,-9.277343906433089e-07
2298.8500000000026,0.0,500.0,0.5425000000000001,547,10940000,44,0.009405244141817093,2.6499999999999933e-05,1133.1898257362006,34257.9628003014,-0.006116428416047108,52.67248725891113,24.446667909622192,77.11915731430054,1.1444092340440193e-09,-3.4667968975554686e-06
2291.6269909731272,0.0,500.0,0.62375,548,10960000,44,0.007320679258555174,2.5999999999999934e-05,1265.5910507834274,34169.59914778346,-0.005934969259052772,50.20763158798218,24.567967653274536,74.77560043334961,-1.0299682884351569e-08,1.9531250927684596e-06
2349.011072810044,0.0,500.0,0.5862499999999999,549,10980000,44,0.007227255031466484,2.5499999999999935e-05,1118.9040407152252,24936.211892851203,-0.006591572714719001,50.56951975822449,24.296414613723755,74.86593532562256,-3.433227480087453e-09,-9.521484116703505e-07
2712.3000634026566,0.0,500.0,0.73375,550,11000000,44,0.009066436439752579,2.4999999999999937e-05,1057.1258675253707,33235.96144291885,-0.006437230927433489,51.18251895904541,24.59381127357483,75.77633166313171,-2.574920721087892e-09,1.904296823340701e-06
2045.287849904409,0.0,500.0,0.5175,551,11020000,44,0.007210385985672474,2.4499999999999938e-05,1045.7220325184637,29451.674653398975,-0.005864869727399704,51.602293968200684,24.573424577713013,76.17572021484375,8.964538444899972e-09,-2.441406195430318e-06
2172.805385401448,0.0,500.0,0.5875,552,11040000,44,0.0076827178709208965,2.399999999999994e-05,1171.0064611006935,37767.918398454356,-0.007206057162711051,51.36895298957825,24.885690689086914,76.25464463233948,-1.602172794434864e-08,-2.734374902502168e-06
2311.225250387912,0.0,500.0,0.64125,553,11060000,44,0.007414763793349266,2.349999999999994e-05,1142.812535899418,38836.03052586599,-0.0053128891071102125,50.62554979324341,25.088998556137085,75.71454954147339,1.0013580187262505e-08,-2.441406195430318e-06
2710.85,0.0,500.0,0.72,554,11080000,44,0.0082575473934412,2.2999999999999942e-05,1272.936912339082,41945.40234290717,-0.006104042639037416,49.705297231674194,24.54485559463501,74.25015497207642,6.055831835993786e-09,9.277343906433089e-07
3045.1698485775823,0.0,500.0,0.69625,555,11100000,44,0.009381850250065327,2.2499999999999944e-05,976.8886696976814,39873.039921346826,-0.005701630878713951,50.82285737991333,25.15593457221985,75.9787929058075,-3.6239624634504253e-09,3.0761718790017767e-06
2920.4020674007647,0.0,500.0,0.6599999999999999,556,11120000,44,0.007216349244117737,2.1999999999999945e-05,849.9889701957395,36268.911791205544,-0.006160024686698278,50.6395378112793,24.760254383087158,75.39979338645935,-5.4836273299940785e-09,1.904296823340701e-06
2867.626533090057,0.0,500.0,0.6912499999999999,557,11140000,44,0.008358355611562729,2.1499999999999947e-05,1840.9507668586266,50142.10806551846,-0.006986903601877447,52.64922332763672,25.48190188407898,78.13112592697144,-4.100799699813251e-09,4.0039062696450856e-06
1998.7126257487143,0.0,500.0,0.4800000000000001,558,11160000,44,0.0065678795799613,2.0999999999999948e-05,1065.0485195471585,37019.02957781933,-0.005795240985872374,50.35917925834656,24.572495937347412,74.9316759109497,-6.151199549719877e-09,-3.2226562325377017e-06
2706.5022554444986,0.0,500.0,0.655,559,11180000,44,0.007768992800265551,2.049999999999995e-05,873.0148122368254,35645.685700692025,-0.006689777918898375,49.77660632133484,25.07890248298645,74.85550951957703,-8.869171175263091e-09,2.4902344648580765e-06
2956.8504203232264,0.0,500.0,0.74375,560,11200000,44,0.007017706520855427,1.999999999999995e-05,1133.6371089728984,35273.638868184855,-0.0070361078511379654,50.80780911445618,24.53958821296692,75.34739875793457,-7.772445798082117e-09,1.4648438195763447e-07
3472.340835369911,0.0,500.0,0.7537499999999999,561,11220000,44,0.007110441569238901,1.9499999999999952e-05,801.2462860695649,33699.891543126076,-0.0069181759153764425,51.01367473602295,24.226170301437378,75.2398464679718,1.19209286886246e-09,1.1474609209471964e-06
3168.016882644981,0.0,500.0,0.73,562,11240000,44,0.008425917476415634,1.8999999999999954e-05,1093.1696328271794,46061.512768779445,-0.006728999979750621,50.19822835922241,23.645119428634644,73.84334874153137,-4.482269222449986e-09,-1.4648438195763447e-07
3113.325,0.0,500.0,0.7212500000000001,563,11260000,44,0.006928904913365841,1.8499999999999955e-05,1191.1913353335049,32263.92812980415,-0.005752244828066867,49.5529248714447,23.672889232635498,73.22581481933594,6.294250454175199e-09,-2.6367188183940016e-06
3419.387850022089,0.0,500.0,0.7462500000000001,564,11280000,44,0.008150246925652027,1.7999999999999956e-05,996.2501623199779,39919.827474192454,-0.006598760154539954,49.223023414611816,24.730050563812256,73.95307493209839,1.0776520120714395e-08,2.148437488358468e-06
3337.0937596838075,0.0,500.0,0.7237500000000001,565,11300000,44,0.00680581433698535,1.7499999999999958e-05,1082.9665796611334,37900.363708847275,-0.005941245057772828,50.39757680892944,23.642194986343384,74.03977251052856,-1.0919571025169716e-08,-1.56249996052793e-06
2765.8506232936425,0.0,500.0,0.6762499999999999,566,11320000,44,0.007162399124354124,1.699999999999996e-05,1176.403113756959,26685.086768954752,-0.006668717782798151,49.530961751937866,23.89352798461914,73.42449045181274,-2.174377478070255e-08,4.589843683788786e-06
2323.2625,0.0,500.0,0.6237499999999999,567,11340000,44,0.0068781133741140366,1.649999999999996e-05,1266.2251509829962,27637.006867824683,-0.005790278215807411,49.484647274017334,24.237409591674805,73.72205758094788,7.557868997309924e-09,-6.98242183716502e-06
3159.5125,0.0,500.0,0.77625,568,11360000,44,0.007446738425642252,1.5999999999999962e-05,1273.8399962369263,27535.52824951453,-0.006568294141252157,50.22690200805664,24.46546721458435,74.69236993789673,-2.717971847587819e-09,3.1738281904836185e-06
3537.5527132332354,0.0,500.0,0.7975000000000001,569,11380000,44,0.007341068238019943,1.5499999999999963e-05,1261.499653270796,39262.64560038366,-0.007012624808760484,50.79310917854309,24.682883262634277,75.47599339485168,5.006790093631253e-09,-1.025390588438313e-06
3430.6645659648393,0.0,500.0,0.7825,570,11400000,44,0.007043649908155203,1.4999999999999965e-05,762.0672389338837,31517.28932321634,-0.006907315616577894,50.30711650848389,26.838483333587646,77.14560079574585,4.1961669694501325e-09,2.9296875254658516e-06
2765.8111437579973,0.0,500.0,0.75625,571,11420000,44,0.006458992138504982,1.4499999999999966e-05,1771.8312773622222,30174.8775738715,-0.005846018768339664,49.98563194274902,25.255229711532593,75.24086284637451,-7.629394338515283e-10,5.37109372089617e-07
3390.5014773122007,0.0,500.0,0.76,572,11440000,44,0.00646230299025774,1.3999999999999968e-05,1068.3646128163925,32425.587759283524,-0.007245481910843936,50.6648645401001,24.995623111724854,75.66048884391785,-6.961822673900997e-09,-3.906249901319825e-07
3651.35,0.0,500.0,0.8474999999999999,573,11460000,44,0.006600952707231045,1.3499999999999969e-05,675.6107884265474,33455.72901654874,-0.0062830567496434345,50.02161502838135,24.615180730819702,74.63679671287537,-7.534026735811494e-09,2.4414063659605745e-07
3840.3520125346477,0.0,500.0,0.8625,574,11480000,44,0.006966145243495703,1.299999999999997e-05,734.2446332389384,28488.319007513575,-0.005778918224836992,49.86934804916382,24.628135204315186,74.49748396873474,2.570152268788206e-08,0.0
3757.790076407358,0.0,500.0,0.8125,575,11500000,44,0.006176987197250128,1.2499999999999972e-05,788.14029505722,30463.399396363006,-0.006668201107620203,50.9403190612793,24.4583158493042,75.39863586425781,-7.629394338515283e-10,-8.056640581344254e-07
3310.1879305404755,0.0,500.0,0.80625,576,11520000,44,0.005501570645719767,1.1999999999999973e-05,705.9854356394812,20622.417144178384,-0.005163610474861862,49.97701287269592,24.23812747001648,74.21514129638672,6.294250454175199e-09,-2.8564452350110514e-06
3669.3021242048003,0.0,500.0,0.8162499999999999,577,11540000,44,0.005999160930514336,1.1499999999999975e-05,689.1956880655058,24272.586024030854,-0.0061313325396692864,48.900768518447876,24.103089332580566,73.00385856628418,-5.292892346631106e-09,5.126952942191565e-07
3509.340612261932,0.0,500.0,0.8,578,11560000,44,0.005309198517352343,1.0999999999999976e-05,999.1112590565917,22130.476378200518,-0.006116574807443535,50.32342982292175,24.6502845287323,74.97371554374695,-2.38418573772492e-09,-2.5512695174256805e-06
3743.7505014907365,0.0,500.0,0.8400000000000001,579,11580000,44,0.006980653386563063,1.0499999999999977e-05,988.7594600453613,19421.939039153527,-0.007268387697934751,51.27588653564453,24.80421543121338,76.08010292053223,3.2424927187690855e-09,8.520507435605396e-06
2957.775,0.0,500.0,0.79375,580,11600000,44,0.005921689793467522,9.999999999999977e-06,1679.0437925051217,23063.316092716126,-0.0062426920150705665,50.68455934524536,25.831496715545654,76.51605677604675,9.679794743533421e-09,4.467773578653578e-06
3560.201654622124,0.0,500.0,0.8962499999999999,581,11620000,44,0.006729228887706995,9.499999999999979e-06,1367.5389950250728,18559.058578298063,-0.005997025976396917,49.85218143463135,24.730259895324707,74.58244204521179,6.961822673900997e-09,-6.079101694922429e-06
3276.3628801054997,0.0,500.0,0.75875,582,11640000,44,0.005615503527224064,8.99999999999998e-06,1035.5119063198497,16244.148002036285,-0.006783671500748056,49.553589820861816,24.496614456176758,74.05020499229431,2.813339339269305e-09,3.8330076677084435e-06
3754.253828365231,0.0,500.0,0.8675,583,11660000,44,0.005980362184345722,8.499999999999981e-06,1173.88073995171,26216.646745372283,-0.0056544530957439425,50.54025483131409,26.37463092803955,76.91488718986511,-3.5762786065873797e-09,5.615234499600774e-07
3563.037532191144,0.0,500.0,0.8450000000000001,584,11680000,44,0.006782101467251778,7.999999999999983e-06,1472.2838434937084,20331.154592990326,-0.007398076411722479,52.10665798187256,25.343372344970703,77.450031042099,9.536743617033494e-10,-1.6357421372958925e-06
3119.963712514099,0.0,500.0,0.79625,585,11700000,44,0.005705107469111681,7.499999999999984e-06,1247.756227420855,22005.292795126403,-0.005416064836436902,51.38630127906799,25.061829805374146,76.44813179969788,2.7656554824062596e-09,-3.662109293145477e-06
3894.3755082553253,0.0,500.0,0.86,586,11720000,44,0.006498842034488916,6.9999999999999855e-06,1367.3014786284593,22195.315798848354,-0.005600195899857605,50.95768427848816,25.775405883789062,76.73309111595154,1.3351439953623867e-09,1.757812469804776e-06
3880.95,0.0,500.0,0.9075,587,11740000,44,0.007212990429252386,6.499999999999987e-06,2425.007216836558,25988.53348533358,-0.006730230954291901,50.54264426231384,27.011795043945312,77.55444002151489,7.820129432900558e-09,-1.0986327652062755e-06
3414.64172334576,0.0,500.0,0.7662500000000001,588,11760000,44,0.006078855134546757,5.999999999999988e-06,1587.732739052372,30979.860914293997,-0.0066419265267677104,49.87311339378357,24.845223426818848,74.71833777427673,9.250641141989036e-09,-1.9531249506599124e-07
3881.828674754909,0.0,500.0,0.8724999999999999,589,11780000,44,0.006739106960594654,5.499999999999989e-06,891.0596020109223,19365.93539319845,-0.0070545017570634964,51.06673336029053,24.867415189743042,75.93414974212646,-5.435943695175638e-09,1.2695312534560799e-06
3696.6313202593155,0.0,500.0,0.81375,590,11800000,44,0.006716978270560503,4.999999999999989e-06,989.2092106976087,20892.391164834535,-0.006027000382399536,52.57769560813904,24.66429352760315,77.24198985099792,-2.6226043559063328e-09,-1.2207031829802872e-07
4180.976164831518,0.0,500.0,0.87625,591,11820000,44,0.005458663683384657,4.499999999999991e-06,1047.919364810676,20112.72496462911,-0.005474704760099976,51.24576950073242,24.88292145729065,76.1286928653717,-6.1988831845383174e-09,5.639648406940978e-06
3675.8375,0.0,500.0,0.85375,592,11840000,44,0.0060565415769815445,3.999999999999991e-06,1583.7529932248167,19458.395136544565,-0.004895833037312435,50.72785973548889,24.629167318344116,75.35702919960022,4.768371808516747e-10,2.0019531348225428e-06
3421.525,0.0,500.0,0.8162499999999999,593,11860000,44,0.005432018078863621,3.4999999999999923e-06,992.7382828083631,12133.746658869524,-0.005334419538152417,49.46848654747009,24.895662546157837,74.36414980888367,6.198883073516015e-10,3.656005901575554e-06
3769.4405100635195,0.0,500.0,0.8587500000000002,594,11880000,44,0.005380862392485142,2.9999999999999937e-06,866.5352845098673,12563.7412270918,-0.005178112283944376,48.83769226074219,24.38323736190796,73.22093057632446,3.3378602104505717e-09,3.112792910542339e-06
3950.6875000000023,0.0,500.0,0.8925000000000001,595,11900000,44,0.004619915038347244,2.4999999999999947e-06,711.0157059383063,16729.62184190476,-0.004224353317925289,50.13701319694519,24.604103088378906,74.74111700057983,4.00543198608716e-09,3.2470702535647433e-06
3782.8875100291916,0.0,500.0,0.8675,596,11920000,44,0.00502358190715313,1.9999999999999957e-06,633.8439087950045,10593.811763293725,-0.004844535912614277,50.28977060317993,25.820201873779297,76.10997343063354,1.277923544762416e-08,2.1911621388426283e-06
3620.1875322722226,0.0,500.0,0.8487500000000001,597,11940000,44,0.004086816683411598,1.4999999999999966e-06,1152.3505066497416,13460.984640070978,-0.0033221787003981395,50.23549699783325,25.38767409324646,75.62317204475403,-1.5592574342804255e-08,-8.618164429208264e-06
3291.1756131722314,0.0,500.0,0.725,598,11960000,44,0.004125623498111963,9.999999999999978e-07,920.6285140253732,15054.043966032144,-0.0038808784910123496,50.66067576408386,24.52817940711975,75.18885588645935,1.2302399099439754e-08,2.734374902502168e-06
3951.5133950460427,0.0,500.0,0.88125,599,11980000,44,0.0036319755017757416,4.999999999999989e-07,900.841564766694,11625.650320178209,-0.002883990706117814,49.62267851829529,25.13291049003601,74.7555902004242,-2.145767119543507e-09,-1.6235351267823717e-06
4411.440266406148,0.0,500.0,0.9424999999999999,600,12000000,44,0.003987402655184269,0.0,471.4137925388349,12566.30032471546,-0.0031523919163027434,50.08035373687744,24.67798900604248,74.75834369659424,-9.059906158626063e-10,-3.41796862812771e-07
