Metrics/EpRet,Metrics/EpCost,Metrics/EpLen,Train/Epoch,Train/TotalSteps,Train/KL,Loss/Loss_reward_critic,Loss/Loss_cost_critic,Loss/Loss_actor,Time/Rollout,Time/Update,Time/Total,Value/RewardAdv,Value/CostAdv,Misc/Alpha,Misc/FinalStepNorm,Misc/xHx,Misc/gradient_norm,Misc/H_inv_g,Misc/AcceptanceStep
308.29860409586684,1287.5242693663622,500.0,1,20000,0.0035501018,7.5245466931989995,68491.61336862585,3.201961362719885e-06,49.819145917892456,7.146737098693848,56.965885639190674,-4.6806334808024985e-07,3.295898522992502e-06,1.031943678855896,0.35293808579444885,0.018780959770083427,0.06112188100814819,0.3420129120349884,1.0
312.4032737389542,1338.00625,500.0,2,40000,0.0045372895,2.0018432841559126,79755.09050531326,3.5730361105379416e-06,50.693541288375854,7.414446592330933,58.1079888343811,4.5547486138275417e-07,3.12499992105586e-06,1.3285356760025024,0.32677945494651794,0.011331388726830482,0.05211152881383896,0.25978684425354004,1.0
308.7127121845697,2186.3625,500.0,3,60000,0.0037185645,1.850160322428509,85964.96242450301,2.125263335983618e-06,50.097771883010864,6.792712211608887,56.89048504829407,-3.458499975295126e-07,1.1474609209471964e-06,0.9783142805099487,0.3447904884815216,0.02089647203683853,0.07669223845005035,0.3335391879081726,1.0
316.3438502259208,1343.015,500.0,4,80000,0.004271041,0.8104847503695518,65899.03725863657,-4.400253317271563e-07,50.99627614021301,6.793923616409302,57.79020357131958,-3.669738646294718e-07,-9.765625463842298e-07,1.1588621139526367,0.32516196370124817,0.014892450533807278,0.07226772606372833,0.2535074055194855,1.0
313.2811522416607,1377.0237499999998,500.0,5,100000,0.003728646,2.192239246057097,69532.41590095569,-1.2084008176316274e-06,50.13363194465637,7.101806879043579,57.23544001579285,3.595352282559361e-08,-1.6601562720097718e-06,0.6484076380729675,0.3398425877094269,0.04757004976272583,0.09625950455665588,0.5321656465530396,1.0
315.8068826186942,2939.3712499999997,500.0,6,120000,0.0040403493,0.5838260781043654,133836.09202286057,3.353500233060913e-06,49.860817670822144,6.8659117221832275,56.72673058509827,-2.5482177079538815e-07,5.615234499600774e-07,1.2734612226486206,0.3263756334781647,0.01233269926160574,0.05903037637472153,0.24925239384174347,1.0
315.14749727634285,808.35,500.0,7,140000,0.0038461827,0.40597758631038056,13320.84523623521,-6.551742899318924e-07,50.67792105674744,6.841187238693237,57.51910948753357,7.28607176370133e-07,-1.098632793627985e-07,0.969394326210022,0.3393267095088959,0.021282805129885674,0.07465297728776932,0.3374841809272766,1.0
316.0658935093118,166.15500000000003,500.0,8,160000,0.005637685,0.3778982334171131,268.6505411719061,-4.923820142721524e-07,50.518474102020264,6.845090866088867,57.36356711387634,1.3923644814894942e-07,-3.0517577442878974e-07,1.3165160417556763,0.29555079340934753,0.011539243161678314,0.05760703980922699,0.23836393654346466,1.0
320.0729467061368,20.1075,500.0,9,180000,0.0070110625,0.19062173011576294,256.37729760188205,-5.852699587194365e-07,50.01733136177063,6.754913330078125,56.77224540710449,6.954193167985068e-07,7.324219097881723e-08,1.1826025247573853,0.22944529354572296,0.014300527051091194,0.09701182693243027,0.19401724636554718,1.0
319.33892121422684,759.99875,500.0,10,200000,0.0023596487,4.002592734470489,29808.240194439735,6.979942099860637e-07,51.02827596664429,6.683886289596558,57.71216320991516,5.493163968139925e-08,4.089355343239731e-07,0.6829335689544678,0.3149656057357788,0.0428817942738533,0.09009445458650589,0.5208127498626709,2.0
306.7805651305459,439.5,500.0,11,220000,0.00253583,1.5777235898432458,2814.263335705411,7.743835084284001e-08,49.468098878860474,6.26874303817749,55.7368426322937,8.106232129989621e-09,1.3427734302240424e-07,1.0234793424606323,0.3585096597671509,0.01909288763999939,0.06564661115407944,0.3371425271034241,1.0
307.96147299666734,652.47625,500.0,12,240000,0.0048965896,1.6179811941590279,19972.442245395927,6.64520257487311e-07,50.758551836013794,6.374315977096558,57.132869243621826,1.9788741312254388e-08,3.784179796184617e-07,0.8633992075920105,0.3075445294380188,0.026829127222299576,0.08346866071224213,0.3594920039176941,1.0
311.9123803647364,0.0,500.0,13,260000,0.004949225,0.6587740955648909,514.305308114799,3.585815377959989e-08,51.00671100616455,6.570924520492554,57.57763648033142,-3.681183002868238e-08,6.103515470812226e-09,0.8493328094482422,0.2868358790874481,0.027725156396627426,0.10354689508676529,0.33771902322769165,1.0
319.4358233906919,0.0,500.0,14,280000,0.0058532166,0.26189677361280295,283.3932136681429,2.0980834847250662e-08,50.20167517662048,6.50469183921814,56.70636820793152,-5.753040355216399e-08,-5.493163968139925e-08,1.043081521987915,0.28555166721343994,0.01838202215731144,0.08196988701820374,0.27375778555870056,1.0
318.8613940934659,0.0,500.0,15,300000,0.0061136363,0.18108619132618994,243.2208086706271,2.0637511966015154e-07,49.92751216888428,6.709419250488281,56.636932611465454,-2.040863051888664e-07,-3.356933575560106e-08,1.2032978534698486,0.28231674432754517,0.013812853023409843,0.07150674611330032,0.23461918532848358,1.0
317.8082885946712,0.0,500.0,16,320000,0.006242874,0.14907308595765167,248.23726184869267,-7.581711258808355e-08,50.97126650810242,6.455819129943848,57.42708683013916,1.4109610901869019e-07,1.1596679883041361e-07,1.0336699485778809,0.2733152210712433,0.018718283623456955,0.09288135915994644,0.26441246271133423,1.0
318.9948304523694,0.0,500.0,17,340000,0.006731086,0.1258756846711514,177.33399279649092,3.242492141453113e-08,50.8222393989563,6.376561403274536,57.19880175590515,-2.0542144341106905e-07,-1.708984314063855e-07,1.4643305540084839,0.26924529671669006,0.009327199310064316,0.07098107039928436,0.1838691681623459,1.0
320.95539345695266,0.0,500.0,18,360000,0.006134209,0.1516288602807719,64.77292133136919,-1.4579296703232103e-07,49.86180377006531,6.3561015129089355,56.2179069519043,9.837150827252117e-08,-3.814697446813398e-09,1.7737683057785034,0.2781516909599304,0.006356755271553993,0.05054035782814026,0.15681397914886475,1.0
315.8017494784428,0.0,500.0,19,380000,0.0038698292,6.509363080855388,98.32789324863701,1.1644363695495485e-07,50.05734825134277,6.161238431930542,56.21858739852905,1.430511542555024e-10,1.30462652236929e-07,1.049391746520996,0.33571183681488037,0.01816161908209324,0.06623142957687378,0.3199109137058258,1.0
320.397262594424,0.0,500.0,20,400000,0.0025292626,1.497033025039609,54.40254744268527,2.6884080739364435e-07,49.697938680648804,6.445862054824829,56.14380168914795,1.1777878228258487e-08,2.151489297830267e-07,0.8693608045578003,0.3768227994441986,0.026462431997060776,0.06734811514616013,0.4334481358528137,1.0
319.3923165490785,0.0,500.0,21,420000,0.0043215957,0.3217350332125737,40.2275644824763,9.346008056354549e-08,49.190913915634155,6.226685047149658,55.41759991645813,1.3875961712983553e-08,1.068115267344183e-07,0.9788116216659546,0.340676873922348,0.020875245332717896,0.07371678948402405,0.3480515480041504,1.0
320.3218365747408,0.0,500.0,22,440000,0.00652609,0.25310918045271735,37.70840181362857,-3.271102855251229e-08,49.70044565200806,6.288548469543457,55.98899483680725,-6.484985437538171e-09,-2.1362303925798187e-08,1.033530354499817,0.27595093846321106,0.018723338842391968,0.09170269966125488,0.26699844002723694,1.0
311.47493476632127,741.125,500.0,23,460000,0.004198643,0.9204174555600828,21092.951609688047,-7.674694302295393e-07,49.85339021682739,6.30322790145874,56.15661883354187,-4.768371808516747e-10,-2.19726558725597e-07,1.0641119480133057,0.2856825292110443,0.017662622034549713,0.060585781931877136,0.3410450518131256,1.0
314.20203574933197,0.0,500.0,24,480000,0.005967213,2.09158714342459,160.2958996110661,6.628036430811335e-08,49.46248173713684,6.193705320358276,55.65618848800659,6.341934088993639e-09,1.2207031829802872e-07,0.8352891802787781,0.3795933127403259,0.02866527810692787,0.08080506324768066,0.45444533228874207,1.0
303.4997060920354,0.0,500.0,25,500000,0.00348061,4.006048941972908,128.87890840518247,-1.2521743997240264e-07,49.135618686676025,6.079523324966431,55.21514272689819,0.0,-3.051757957450718e-08,1.0187522172927856,0.3585892617702484,0.019270487129688263,0.06523502618074417,0.35198870301246643,1.0
323.6542645798712,0.0,500.0,26,520000,0.0029920186,1.0119520250589225,40.88680005407637,-7.629394893626795e-10,50.28325653076172,6.397013902664185,56.6802716255188,7.534026735811494e-09,3.738403364650367e-08,0.8900101780891418,0.37556636333465576,0.025248751044273376,0.07450400292873383,0.4219798445701599,1.0
323.33673238635913,0.0,500.0,27,540000,0.006477646,1.431045180843894,78.86150659208845,-5.121231083649036e-08,50.8342170715332,6.131345987319946,56.965564489364624,-1.6212463593845428e-09,-3.585815377959989e-08,1.3505338430404663,0.26830554008483887,0.010965253226459026,0.07000071555376053,0.1986663043498993,1.0
328.5202431968648,5.4,500.0,28,560000,0.0042529795,1.5994443103955809,63.559561739150126,-2.5835038286459167e-07,50.82837390899658,6.380607843399048,57.208982706069946,3.5762786065873797e-09,-2.5329589448119805e-07,1.0208717584609985,0.33982062339782715,0.019190549850463867,0.07205069810152054,0.33287301659584045,1.0
319.5985611018832,0.0,500.0,29,580000,0.0036159104,5.568722305100435,46.95302434787629,1.508235811797931e-07,50.29560971260071,6.312882900238037,56.60849380493164,1.9550323582251394e-09,1.4190673880420945e-07,0.6907956600189209,0.26873356103897095,0.041911251842975616,0.12819410860538483,0.38902029395103455,1.0
319.11290919576606,0.0,500.0,30,600000,0.006300653,1.6005796413322924,58.01728897580675,2.7465819840699623e-08,50.747031450271606,6.335032939910889,57.08206582069397,-4.100799699813251e-09,-4.577636936176077e-09,1.4034837484359741,0.26744353771209717,0.010153476148843765,0.0706784650683403,0.19055689871311188,1.0
320.7974956975877,0.0,500.0,31,620000,0.0073480764,0.5424175525357009,34.368648328598894,-1.1634826790896113e-07,50.52684307098389,6.491735458374023,57.0185809135437,2.2888184680880386e-09,-1.2893676171188417e-07,1.6060044765472412,0.2358788251876831,0.007754180580377579,0.06160912290215492,0.1468730866909027,1.0
332.91320759073676,0.0,500.0,32,640000,0.006421646,1.4129068316168087,36.75681813476951,-3.467559679393162e-07,51.19476318359375,6.597265005111694,57.792030334472656,-4.482269222449986e-09,-3.608703593727114e-07,1.4010281562805176,0.25143420696258545,0.010189099237322807,0.08102402091026306,0.17946408689022064,1.0
326.2879859508413,0.0,500.0,33,660000,0.005157584,1.6110598675384642,40.27694171370974,2.7656554824062596e-09,50.509878158569336,6.658904314041138,57.16878414154053,-1.5258788677030566e-09,4.2724607851596375e-08,0.954414427280426,0.32170969247817993,0.021956130862236023,0.08655896782875061,0.33707547187805176,1.0
318.65619084505704,0.0,500.0,34,680000,0.0016874735,3.2830833691890073,42.802009049190836,-2.861022529998536e-10,50.423627853393555,6.504927635192871,56.92855644226074,2.1934509764065524e-09,2.5177001816700795e-08,0.4810566306114197,0.28735435009002686,0.08642463386058807,0.1943531334400177,0.5973399877548218,1.0
320.99223526099206,0.0,500.0,35,700000,0.006992395,0.903623927721552,24.805272683672086,1.12152100939511e-07,50.47217583656311,6.5599212646484375,57.032097816467285,3.6239624634504253e-09,1.2893676171188417e-07,1.6518213748931885,0.25336697697639465,0.007329987362027168,0.05998693406581879,0.1533864289522171,1.0
325.37029321647134,0.0,500.0,36,720000,0.0054932884,1.173595369621447,33.84128948381752,2.7465818064342784e-08,51.0821967124939,6.80422568321228,57.88642358779907,1.592636067471176e-08,4.959106547630654e-08,1.2021034955978394,0.3009299337863922,0.013840314000844955,0.08263129740953445,0.2503361403942108,1.0
320.56018622443327,0.0,500.0,37,740000,0.0060900995,0.677440752212409,26.988372811238477,1.0859966437237745e-07,50.89799928665161,6.384621620178223,57.28262186050415,-2.6226043559063328e-09,1.0070800726680318e-07,2.002188205718994,0.28053146600723267,0.004989066626876593,0.04674171283841133,0.14011240005493164,1.0
321.32336568741584,0.0,500.0,38,760000,0.0059384312,0.46031576176737526,22.33612396337424,-9.918213095261308e-08,49.80014681816101,6.380923509597778,56.181071519851685,-8.916854810081531e-09,-9.536743306171047e-08,1.174553632736206,0.2570077180862427,0.014497194439172745,0.09034672379493713,0.21881310641765594,1.0
319.9140429824785,0.0,500.0,39,780000,0.0072377245,0.9250011645115105,25.135459174623914,2.9525756417569937e-07,51.27129125595093,6.4174439907073975,57.68873620033264,-1.0299682884351569e-08,2.880096303670143e-07,1.7483559846878052,0.26490238308906555,0.006542890332639217,0.061133671551942825,0.15151512622833252,1.0
329.78693839135866,0.0,500.0,40,800000,0.006271784,0.4955907145123573,20.610606463851443,-8.77380301744779e-09,50.898977279663086,6.6374616622924805,57.536439657211304,-5.57899459963096e-09,-2.555847089524832e-08,1.6307191848754883,0.2845843434333801,0.007520921528339386,0.056656334549188614,0.17451459169387817,1.0
333.31622061541265,0.0,500.0,41,820000,0.0058529642,1.6741089477280902,23.22424300369943,-8.296967024534752e-08,50.39676785469055,6.36859917640686,56.76536798477173,8.964538444899972e-09,-1.0757446489151334e-07,1.8956547975540161,0.2635113596916199,0.0055655837059021,0.05383153259754181,0.13900811970233917,1.0
351.26391490264325,0.0,500.0,42,840000,0.007570311,1.3036656921076926,23.633876148150986,2.6478767267690273e-07,50.412028312683105,6.699418306350708,57.11144781112671,-4.959106458812812e-09,2.445220843583229e-07,1.3241084814071655,0.23890940845012665,0.01140728872269392,0.08698887377977371,0.18043038249015808,1.0
324.46124395289263,0.0,500.0,43,860000,0.0074526914,0.614476116106009,19.558079615064486,1.0814666495662095e-07,50.55763483047485,6.593413591384888,57.151049852371216,-2.00271599304358e-09,9.078979701371281e-08,1.2053617238998413,0.22800005972385406,0.013765592128038406,0.10028994828462601,0.18915487825870514,1.0
326.5282451549259,0.0,500.0,44,880000,0.005428017,0.9887068721708978,24.70365433844791,1.2845993069277029e-07,50.71978402137756,6.195123672485352,56.91490888595581,2.4318695945879654e-09,1.319885285511191e-07,1.6606817245483398,0.29517367482185364,0.007251980248838663,0.06234700605273247,0.17774251103401184,1.0
324.84556382597617,0.0,500.0,45,900000,0.0064899023,0.7131686272704677,26.059262898317566,-9.260178046588408e-08,50.996527910232544,6.317487955093384,57.314016819000244,9.536742923144104e-11,-1.0528564331480084e-07,1.2654982805252075,0.25864753127098083,0.012488392181694508,0.08940772712230682,0.2043839395046234,1.0
326.7294886890518,0.0,500.0,46,920000,0.0076723313,0.587657294189854,31.820461310854384,-5.36680246909782e-08,50.884514570236206,6.484849691390991,57.36936569213867,-5.722046170220096e-10,-6.561279519701202e-08,1.3767554759979248,0.2482653111219406,0.010551542975008488,0.083094023168087,0.18032634258270264,1.0
321.9795047276338,0.0,500.0,47,940000,0.005998157,0.6037414934794614,22.59088312015412,-1.62363051003922e-07,51.000927209854126,6.605289936065674,57.60621929168701,2.861023085110048e-10,-1.6212463549436507e-07,1.0732743740081787,0.2759804427623749,0.017362339422106743,0.09566781669855118,0.257138729095459,1.0
323.5914598650969,0.0,500.0,48,960000,0.0053932066,0.7130180745557615,21.480094698887722,-6.389618079083448e-08,51.003238916397095,6.526887893676758,57.530128479003906,-4.1961669694501325e-09,-6.103515914901436e-08,1.0471179485321045,0.3070610463619232,0.01824057847261429,0.09577938169240952,0.29324400424957275,1.0
321.67010717178596,0.0,500.0,49,980000,0.007184454,0.9174583919868348,23.145029751358518,-1.7108916949837294e-07,49.95799398422241,6.453856945037842,56.41185212135315,-2.8610229740877458e-09,-1.930236805947061e-07,1.3889243602752686,0.2443946897983551,0.010367459617555141,0.08420975506305695,0.17595966160297394,1.0
326.66248382660063,0.81375,500.0,50,1000000,0.00552435,3.2770660484292704,30.788123272330896,5.187988350030537e-08,51.765214681625366,6.369863748550415,58.13508057594299,-6.675719976811934e-10,4.425048771850015e-08,0.4882521629333496,0.309889018535614,0.08389606326818466,0.20293404161930084,0.6346906423568726,1.0
322.341770859107,4.66125,500.0,51,1020000,0.007230437,1.1623232213365045,18.622444839842,-1.920700043456236e-07,50.70863914489746,6.563450574874878,57.27209210395813,-6.771087690538025e-09,-2.1743774425431184e-07,1.4164905548095703,0.252912700176239,0.00996786542236805,0.08428654819726944,0.17854882776737213,1.0
316.7725720038694,0.4875,500.0,52,1040000,0.0056490786,1.1323564622432563,27.928276173172485,-5.0878526280939695e-08,51.27626895904541,5.980118989944458,57.256388902664185,-7.629394338515283e-10,-6.771087868173709e-08,1.0217305421829224,0.2761564254760742,0.01915830373764038,0.10998830199241638,0.2702829837799072,1.0
326.38124983476126,0.2625,500.0,53,1060000,0.0059164427,1.0046757827518853,26.115839858571434,2.4223329120331982e-08,50.7874071598053,6.495748043060303,57.28315615653992,-1.4686584393075464e-08,9.155273872352154e-09,1.0517854690551758,0.2859678268432617,0.018079042434692383,0.08930808305740356,0.27188795804977417,1.0
305.33243259005764,0.0,500.0,54,1080000,0.002922893,6.900872724602936,54.36321093626083,6.961822673900997e-09,50.55118751525879,6.296605587005615,56.847795486450195,-2.0980834847250662e-09,-1.2207030941624453e-08,0.6060062050819397,0.3208640515804291,0.054459769278764725,0.1849607527256012,0.5294731855392456,1.0
336.46439407150746,0.0,500.0,55,1100000,0.0071119247,0.9559874476520879,16.632679834183612,-1.3318062030975852e-07,51.197046756744385,6.383576154708862,57.58062410354614,1.3780593555168252e-08,-1.255035471103838e-07,1.264664649963379,0.22967113554477692,0.012504860758781433,0.09925360232591629,0.18160639703273773,1.0
334.06529001093895,0.0,500.0,56,1120000,0.0047462387,2.0136852374881697,22.30471512375364,1.4033317086159514e-07,50.51370072364807,6.20591402053833,56.71961569786072,2.5272368642248466e-09,1.1138916278241595e-07,0.7905644774436951,0.3269442915916443,0.03200038522481918,0.10406805574893951,0.4135580360889435,1.0
319.49871500587676,5.215,500.0,57,1140000,0.005869687,1.2335511392848506,24.772812172713554,-3.3297538948318106e-07,49.779184341430664,6.446050405502319,56.22523593902588,-6.198883073516015e-10,-2.761840960374684e-07,0.9802688956260681,0.2901654541492462,0.020813222974538803,0.10541635006666183,0.2960059344768524,1.0
342.2343865565563,175.2625,500.0,58,1160000,0.0053957705,2.373553804189536,19722.138736347028,-3.973007096647052e-07,51.113744020462036,6.499050140380859,57.61279559135437,1.0490417423625331e-08,-1.1718750556610757e-06,1.1188675165176392,0.25530168414115906,0.015976160764694214,0.11273948103189468,0.24070310592651367,1.0
344.81540343992145,874.9474999999999,500.0,59,1180000,0.006988486,2.7935984384482073,101.38549520771974,-1.3017654509894783e-07,51.217493534088135,6.519998073577881,57.73749256134033,2.074241667315846e-09,-1.098632793627985e-07,1.1891443729400635,0.2521069049835205,0.014143619686365128,0.10739867389202118,0.1767638623714447,1.0
349.9185046098888,0.0,500.0,60,1200000,0.007111055,1.4252657727830729,29.96287776922724,-7.343292196537732e-09,50.26229453086853,6.491217851638794,56.75351524353027,1.1539459165987864e-08,8.392333938900265e-09,1.7149980068206787,0.22508855164051056,0.006799893453717232,0.07293462753295898,0.1312471181154251,1.0
334.344090339745,12.35,500.0,61,1220000,0.00530696,2.5060025668068295,69.00520177950526,6.561278809158466e-08,50.4111590385437,6.300542116165161,56.7117018699646,-3.051757735406113e-09,-1.831054774470431e-08,0.70346999168396,0.29987844824790955,0.04041463881731033,0.15050874650478363,0.4262845814228058,1.0
337.24287756844717,0.0,500.0,62,1240000,0.007432763,1.0959843610882,28.333678365816734,-1.8472671570179955e-07,51.48056149482727,6.132481575012207,57.613044023513794,-2.574920721087892e-09,-1.8005371771323553e-07,1.3867931365966797,0.21574841439723969,0.01039934903383255,0.09015579521656036,0.15557362139225006,1.0
333.1645999682639,0.0,500.0,63,1260000,0.00666759,2.442145155721409,34.949569755602795,-1.070976267669721e-07,50.62910199165344,6.734735012054443,57.36383819580078,-2.1934509764065524e-09,-1.1672973698750866e-07,1.0956978797912598,0.24778397381305695,0.016658969223499298,0.11592438071966171,0.22614260017871857,1.0
339.21042414196097,0.0,500.0,64,1280000,0.006955974,1.6238891955014247,34.73015640647548,-1.0666847316542771e-07,51.543320417404175,6.473093032836914,58.016414642333984,1.0633468328080653e-08,-1.0757446489151334e-07,1.5751739740371704,0.23954501748085022,0.008060693740844727,0.08407773822546005,0.15207526087760925,1.0
330.3098294228233,0.0,500.0,65,1300000,0.00716248,1.2664517340766397,27.19044991511448,1.125335735707722e-08,51.59703612327576,6.487215757369995,58.08425259590149,9.822845647988743e-09,1.2207030941624453e-08,1.251307725906372,0.22251799702644348,0.012773249298334122,0.10357075929641724,0.1778283566236496,1.0
364.3527237977285,0.0,500.0,66,1320000,0.00818665,1.862929330509939,24.145230576339042,9.536742595628311e-08,50.87675333023071,6.0764336585998535,56.9531888961792,2.6702881683604573e-08,1.1596679883041361e-07,1.548048734664917,0.210606187582016,0.008345650508999825,0.11058522760868073,0.13604624569416046,1.0
358.90879015774266,0.0,500.0,67,1340000,0.007896604,1.8301417150315207,23.10917639580502,-1.2438297858352598e-07,51.4627366065979,6.292423963546753,57.75516223907471,2.0122527644161892e-08,-1.214981040220664e-07,1.5190109014511108,0.1977340579032898,0.008667776361107826,0.0936669111251831,0.13017286360263824,1.0
333.6076108062692,0.0,500.0,68,1360000,0.007338753,1.5258280385451712,19.785973124898923,-4.367828054796519e-08,49.63135075569153,6.269744873046875,55.90109825134277,1.3828277412031298e-09,-3.9672851670502496e-08,1.1188950538635254,0.2509431540966034,0.01597537472844124,0.10071758180856705,0.22427770495414734,1.0
364.020079903633,0.0,500.0,69,1380000,0.007140512,2.3581740929442607,20.611219601114843,-1.2664794724059902e-07,51.720346450805664,6.721384286880493,58.44173216819763,-1.2397766369076635e-08,-9.346008056354549e-08,1.274622917175293,0.2410225123167038,0.012310231104493141,0.11558849364519119,0.1890932023525238,1.0
351.8266550443283,0.0,500.0,70,1400000,0.007420929,2.3127149614938505,18.48704719239739,4.5204163967582645e-08,51.34642767906189,6.540275812149048,57.88670468330383,-9.059906158626063e-10,7.286071479484235e-08,1.7091745138168335,0.23338554799556732,0.006846309639513493,0.07062377780675888,0.1365486979484558,1.0
348.9235999145509,0.0,500.0,71,1420000,0.0068195784,2.563748137966083,23.76334379706413,1.1198520866173567e-07,51.47906994819641,6.704524993896484,58.18359565734863,-1.3256072683986986e-08,1.0375976700061074e-07,1.7588483095169067,0.24460110068321228,0.0064650592394173145,0.06849455088376999,0.13906891644001007,1.0
359.719354689351,0.0,500.0,72,1440000,0.007639107,1.5794535105395469,29.86585458160206,1.125335735707722e-08,51.03338122367859,6.4597790241241455,57.49316120147705,-2.8610229740877458e-09,-9.918212917625624e-09,1.5254559516906738,0.22829726338386536,0.008594688028097153,0.08358319848775864,0.14965836703777313,1.0
374.6359909042764,0.0,500.0,73,1460000,0.00723832,2.569216945368773,23.834495444206674,-3.9720536193499356e-08,50.67797327041626,6.293403148651123,56.97137761116028,5.292892346631106e-09,-5.187988350030537e-08,2.1315901279449463,0.25125181674957275,0.004401711747050285,0.05712127313017845,0.11787059903144836,1.0
378.8443761495724,0.0,500.0,74,1480000,0.006566974,3.8463306559119257,23.65263660272975,-2.570152268788206e-08,51.103368520736694,6.365536451339722,57.46890664100647,1.688003514743741e-08,-2.0980834847250662e-08,1.213525652885437,0.24947120249271393,0.013580999337136745,0.13597822189331055,0.20557555556297302,1.0
392.795393546705,0.0,500.0,75,1500000,0.0065077455,4.15194366266773,21.23668033332582,2.223014803348633e-07,50.94492316246033,6.465260982513428,57.41018486022949,1.1777878228258487e-08,2.2811889266449725e-07,1.3854193687438965,0.273730993270874,0.010419984348118305,0.09068605303764343,0.19757990539073944,1.0
401.2005176609123,0.0,500.0,76,1520000,0.008577488,8.084749099859007,21.990726967222372,-1.0318756693550313e-07,51.242541790008545,6.509598016738892,57.75214076042175,1.754760781125242e-08,-7.324219097881723e-08,1.2882810831069946,0.20193547010421753,0.01205059140920639,0.14175589382648468,0.1567479968070984,1.0
417.1493596273173,0.0,500.0,77,1540000,0.0076275496,4.087134025279124,21.684277023631296,1.4452933783104527e-07,51.270753383636475,6.4020912647247314,57.67284560203552,-6.36577590640286e-09,1.5716553036781988e-07,1.6617740392684937,0.2370075136423111,0.007242449559271336,0.08565982431173325,0.142623171210289,1.0
383.9083960296624,0.0,500.0,78,1560000,0.007889687,2.5359518474074685,18.03883442787608,3.189087180999195e-07,50.617084980010986,6.392380952835083,57.009466886520386,1.6498566068889886e-08,3.139495845516649e-07,1.390761375427246,0.20325233042240143,0.010340088978409767,0.12914368510246277,0.14614461362361908,1.0
371.67002402428557,0.0,500.0,79,1580000,0.007467781,2.9721266117065577,16.76294417472402,-6.637573335410707e-08,50.17109441757202,6.4462974071502686,56.61739253997803,3.838539264222618e-09,-6.561279519701202e-08,1.4610284566879272,0.22467221319675446,0.009369408711791039,0.091941237449646,0.15377677977085114,1.0
344.61653766599545,0.0,500.0,80,1600000,0.0071132234,2.8001182270657483,16.28389904483868,1.7938613439127948e-07,50.34145975112915,6.354912996292114,56.69637441635132,4.1961669694501325e-09,1.708984314063855e-07,1.5733247995376587,0.2491898387670517,0.008079652674496174,0.10423123091459274,0.15838424861431122,1.0
353.24616369894585,0.0,500.0,81,1620000,0.0067722183,2.283765772345719,14.26625973464577,-1.5133619513107988e-07,49.96484065055847,6.2256715297698975,56.190513134002686,6.473064306788956e-09,-1.562118541187374e-07,1.3261908292770386,0.24562491476535797,0.011371494270861149,0.11115892976522446,0.18521085381507874,1.0
360.2639613365005,0.0,500.0,82,1640000,0.007647547,3.41983782903404,14.769012957165955,2.2296906365681934e-07,50.38446640968323,6.360683917999268,56.74515151977539,-1.00135799652179e-09,2.2659301635030715e-07,1.263802170753479,0.22777613997459412,0.012521935626864433,0.1110750287771225,0.18023082613945007,1.0
337.87861118868796,0.0,500.0,83,1660000,0.0071194274,2.10754265975041,15.493560363380773,-7.708072757850459e-08,50.884759187698364,6.35405421257019,57.23881483078003,2.1839142050339433e-08,-4.749298199158147e-08,1.3418352603912354,0.23117399215698242,0.011107880622148514,0.1148667111992836,0.17228195071220398,1.0
357.1531749663204,0.0,500.0,84,1680000,0.006265083,2.3068835859086105,15.772316677555157,2.326965287124949e-08,51.176809549331665,6.3923420906066895,57.56915259361267,-2.8610229740877458e-09,2.651214536797397e-08,1.2465198040008545,0.2592715919017792,0.01287156157195568,0.11896508932113647,0.20799638330936432,1.0
345.9457023060986,0.0,500.0,85,1700000,0.006741536,3.631077318966009,15.630646309579253,-2.811908643707284e-07,50.591453313827515,6.374912738800049,56.96636724472046,3.7193297330873065e-09,-2.5444029461141326e-07,1.3413336277008057,0.26175370812416077,0.011116190813481808,0.1002807691693306,0.195144385099411,1.0
386.8677806875053,0.0,500.0,86,1720000,0.0070975297,2.6463215861350866,14.365155726025819,-1.3279915833663836e-07,50.07637310028076,6.5192999839782715,56.59567427635193,1.354217538107605e-08,-1.6174315931039018e-07,1.6809762716293335,0.24152442812919617,0.007077929563820362,0.06987204402685165,0.14368103444576263,1.0
358.38143510684404,0.0,500.0,87,1740000,0.007716186,1.765052840740058,12.986533013726495,-2.1152496287868416e-07,50.56906747817993,5.900796890258789,56.46986532211304,1.354217538107605e-08,-2.0027160019253643e-07,1.2509925365447998,0.20257948338985443,0.012779686599969864,0.18661953508853912,0.1619350016117096,1.0
339.69666269026,0.0,500.0,88,1760000,0.0069314996,2.410430158627261,12.776632679495842,7.467269824701361e-08,50.89814019203186,6.289879560470581,57.18802070617676,-4.81605511026828e-09,6.723404055719584e-08,1.0117597579956055,0.24290722608566284,0.01953776925802231,0.20215752720832825,0.24008391797542572,1.0
350.1717597912112,0.0,500.0,89,1780000,0.0068577547,1.6596640220872916,11.914855593177164,1.4686584393075464e-08,50.047001361846924,6.2817442417144775,56.32874655723572,-7.1525572131747595e-09,4.1961669694501325e-09,1.5870130062103271,0.24272869527339935,0.007940877228975296,0.12264937162399292,0.15294687449932098,1.0
370.9312588862195,0.0,500.0,90,1800000,0.007865731,3.1117161825963646,12.226187856637749,3.2329559473964764e-08,50.024224042892456,6.20905876159668,56.23328399658203,9.727478378351861e-09,4.882812376649781e-08,1.4711138010025024,0.21857230365276337,0.009241383522748947,0.12043462693691254,0.1485760658979416,1.0
359.3398382995373,0.041249999999999995,500.0,91,1820000,0.004719741,2.808125730001243,12.492442830808603,-8.037090992729645e-08,49.955501556396484,6.12729549407959,56.08279800415039,-5.674362313357051e-09,-7.801055801337498e-08,1.1043190956115723,0.3187921941280365,0.016399875283241272,0.11199899017810822,0.2886775732040405,1.0
323.84045380686086,0.03375,500.0,92,1840000,0.0059730806,1.5901146770282915,11.03157795280408,2.1362305702155027e-08,50.02085542678833,6.29570746421814,56.316563844680786,-2.5129319070060774e-08,-1.754760781125242e-08,1.323495626449585,0.2790408432483673,0.011417856439948082,0.10556048899888992,0.21083617210388184,1.0
348.1250936443359,0.0,500.0,93,1860000,0.0072266073,2.6249576690849983,11.938071575893717,-1.265525781946053e-07,50.20898699760437,6.224795579910278,56.433783292770386,-3.3378602104505717e-09,-1.3675689558567683e-07,1.0927170515060425,0.24147304892539978,0.016749979928135872,0.16245557367801666,0.22098401188850403,1.0
349.72840002689156,2368.925,500.0,94,1880000,0.0028984963,13.430346027681022,64263.42832090293,-3.2597540666756686e-06,50.79437589645386,6.153306245803833,56.94768309593201,-6.38961772381208e-09,-1.5136719184738467e-06,0.6972470879554749,0.2653556168079376,0.04113925248384476,0.18389196693897247,0.45138314366340637,1.0
334.928704781779,0.0,500.0,95,1900000,0.007281827,2.1069579543581436,303.84388085140546,1.2273788740913005e-07,50.95952010154724,6.154309988021851,57.11383080482483,-9.465217942761228e-09,1.8310547034161573e-07,1.0050967931747437,0.2387048453092575,0.01979766972362995,0.12810294330120087,0.23749440908432007,1.0
344.1436691441193,0.0,500.0,96,1920000,0.005123289,2.714957103987408,147.9936348896877,3.251075781918189e-07,50.066956520080566,6.235809326171875,56.30276679992676,0.0,2.5177001816700795e-07,1.1437824964523315,0.29923295974731445,0.015287723392248154,0.16269981861114502,0.2616170644760132,1.0
337.545606466126,0.0,500.0,97,1940000,0.0063605336,1.5175574435929584,61.429052498689884,1.028060978569556e-07,49.93726706504822,6.21777606010437,56.15504479408264,-1.201629640235069e-08,7.324219097881723e-08,1.3695940971374512,0.26907801628112793,0.010662175714969635,0.08675884455442429,0.19646549224853516,1.0
372.5962985917819,0.0,500.0,98,1960000,0.0065011885,2.247720671914945,38.39814707883604,1.9741058565614367e-08,51.02500772476196,6.41811728477478,57.44312572479248,-2.0980834847250662e-09,8.69750991228102e-08,1.5473661422729492,0.2515915632247925,0.008353015407919884,0.09964805096387863,0.16259342432022095,1.0
379.9189261815874,0.0,500.0,99,1980000,0.007289245,2.111051006150094,26.055448335902707,2.919197186201927e-07,50.394030809402466,6.248383045196533,56.642415046691895,-1.0013580187262505e-08,2.7656554379973386e-07,1.6092778444290161,0.25403499603271484,0.007722668349742889,0.09176324307918549,0.15785649418830872,1.0
357.55632679286566,2.2337499999999997,500.0,100,2000000,0.0070932624,2.2589039999967926,34.53743848071736,-3.0337571388372453e-07,50.04539966583252,6.041670322418213,56.08707070350647,1.4495849853801701e-08,-2.9754639285783924e-07,1.0050196647644043,0.24712425470352173,0.01980070397257805,0.13436219096183777,0.24588997662067413,1.0
362.6967570083699,42.44125,500.0,101,2020000,0.0057846867,2.1128333155516605,21.43820076231744,1.850128228397807e-08,49.7839138507843,6.227893352508545,56.01180815696716,4.863739189175931e-09,1.831054774470431e-08,1.1637588739395142,0.29777342081069946,0.014767386950552464,0.16756999492645264,0.18859609961509705,1.0
365.4850087049934,0.0,500.0,102,2040000,0.00777222,2.1898662141174268,18.627779498373627,5.531310875994677e-08,50.03281116485596,6.43250298500061,56.46531534194946,-7.438659466174613e-09,4.806518560940276e-08,1.1797008514404297,0.21763387322425842,0.014370962977409363,0.2036745697259903,0.18448224663734436,1.0
358.71494768218105,0.0,500.0,103,2060000,0.007451325,2.089739627974808,20.142919921267563,-8.049011057664757e-08,50.342509031295776,5.976396560668945,56.31890630722046,-1.2969970875076342e-08,-8.144378682573006e-08,1.256651759147644,0.22982574999332428,0.012664840556681156,0.12444406747817993,0.18288740515708923,1.0
389.8075886641392,0.0,500.0,104,2080000,0.008221476,1.9939750420819422,19.205995461895206,-1.4686584393075464e-07,52.013373613357544,6.4236159324646,58.43699049949646,2.727508530142586e-08,-1.12152100939511e-07,1.3158482313156128,0.19416914880275726,0.011550959199666977,0.17896412312984467,0.1475619375705719,1.0
379.03569248303995,0.0,500.0,105,2100000,0.0075225313,3.3291610353311913,21.554322120642208,1.3351440841802287e-08,50.87515187263489,6.037421464920044,56.91257429122925,-1.516342251761671e-08,-1.2207030941624453e-08,1.234714150428772,0.2132112830877304,0.013118881732225418,0.14435310661792755,0.17268067598342896,1.0
389.23291814373727,0.0,500.0,106,2120000,0.007496945,4.20740550672932,19.328455642530113,-1.7118452433351194e-08,50.48942947387695,6.2824342250823975,56.77186441421509,2.324581060975106e-08,3.738403364650367e-08,1.5526310205459595,0.23070749640464783,0.008296461775898933,0.1832437515258789,0.1485913246870041,1.0
418.72280500362956,0.0,500.0,107,2140000,0.007077217,4.2665697970967384,16.10113255628355,3.363609266671119e-07,50.19963717460632,6.398300647735596,56.597939014434814,-1.7261506002341775e-08,2.83432001424444e-07,1.6341725587844849,0.2271626591682434,0.007489168085157871,0.11756166070699692,0.13900776207447052,1.0
394.521681203393,0.0,500.0,108,2160000,0.0073262635,5.151915921375251,17.1485541750671,-2.794265796524087e-08,50.23140096664429,6.407121419906616,56.63852334022522,-8.392333938900265e-09,-2.250671471415444e-08,1.910083532333374,0.24259214103221893,0.005481816828250885,0.09000709652900696,0.12700602412223816,1.0
443.82540468582795,0.0,500.0,109,2180000,0.0079625705,5.146053974263987,16.39553680237691,-1.3113022134803032e-07,50.85875749588013,6.301989555358887,57.16074824333191,2.39372255350645e-08,-6.790160966829717e-08,1.3477599620819092,0.20331408083438873,0.011010434478521347,0.15034660696983337,0.15085335075855255,1.0
399.0410334438281,0.0,500.0,110,2200000,0.0073499214,6.577407625374521,15.000349449959531,5.2452087118126656e-08,51.128124713897705,6.437744140625,57.5658700466156,5.2452087118126656e-09,8.34465012644614e-08,1.5038812160491943,0.22488941252231598,0.008843056857585907,0.15584586560726166,0.1495393067598343,1.0
448.6405675726355,0.0,500.0,111,2220000,0.006561744,4.253525218690277,13.934677622120851,-1.1634825547446326e-08,51.217620611190796,6.455512523651123,57.67313528060913,-1.0108947456899386e-08,-2.3841858265427618e-08,1.3446455001831055,0.26013895869255066,0.011061498895287514,0.13506938517093658,0.19346284866333008,1.0
409.560586681631,0.0,500.0,112,2240000,0.0074944855,6.786903521741272,14.130051031537876,8.327960898668607e-08,51.24058508872986,6.37293267250061,57.61351919174194,-1.8572807292116522e-08,4.3678284100678866e-08,1.4010791778564453,0.23678074777126312,0.010188357904553413,0.12222018837928772,0.1689988225698471,1.0
491.3661408359061,0.0,500.0,113,2260000,0.0067732222,8.3130290783135,14.332956303153068,-6.55174261510183e-08,51.25052762031555,6.266272068023682,57.51680064201355,-7.629394893626795e-09,-8.106231774718253e-08,1.7791720628738403,0.25333771109580994,0.006318200379610062,0.09123935550451279,0.14239078760147095,1.0
432.391934100592,0.0,500.0,114,2280000,0.007264551,8.924576400799356,13.6295318931531,-3.3950808386862263e-08,50.87964963912964,6.53978157043457,57.419432401657104,-2.7656554824062596e-09,-2.155304024142879e-08,1.571587324142456,0.24611715972423553,0.008097527548670769,0.1262766420841217,0.15660420060157776,1.0
445.00892706824436,0.0,500.0,115,2300000,0.0067452285,7.828227643146636,12.84277032074655,-9.231567332790291e-08,51.830180644989014,6.443247556686401,58.27342987060547,1.4019012617438875e-08,-9.040832793516529e-08,1.7891780138015747,0.2560834586620331,0.006247729063034058,0.07807616144418716,0.14312909543514252,1.0
426.4096825492,0.0,500.0,116,2320000,0.007942731,5.184658509454909,12.16302371237688,-6.370544269884704e-08,50.402597188949585,6.3512959480285645,56.753894090652466,-5.435943695175638e-09,-4.97818000155803e-08,1.2609868049621582,0.2304399609565735,0.012577911838889122,0.15609446167945862,0.18274571001529694,1.0
410.4038073248519,0.0,500.0,117,2340000,0.0071891234,4.154440973822478,11.468519429492343,7.197856888296883e-08,50.80457592010498,6.463884353637695,57.26846146583557,-3.6287307381144274e-08,3.204345588869728e-08,1.1518900394439697,0.21567586064338684,0.015073275193572044,0.21126408874988556,0.187236487865448,1.0
518.3130489306437,0.0,500.0,118,2360000,0.00764089,12.264640944322963,10.790939743503644,3.113746771532533e-08,51.18856406211853,6.511918306350708,57.700483322143555,-4.8398973717667104e-09,2.9182434246877165e-08,1.2694064378738403,0.2272556871175766,0.012411613017320633,0.18822504580020905,0.17902512848377228,1.0
439.62649810005496,0.0,500.0,119,2380000,0.0060855444,4.154965906993599,11.105753656253693,-5.025863458740787e-08,50.960190296173096,6.188808441162109,57.14899969100952,1.6593933338526767e-08,-4.057884339658813e-08,1.523316502571106,0.2916976511478424,0.008618846535682678,0.10673273354768753,0.19148853421211243,1.0
408.70158000006603,22.005000000000003,500.0,120,2400000,0.006046625,8.820299264427963,12.289235679359193,5.054474172538903e-09,51.383385181427,6.612153053283691,57.99553942680359,3.7193297330873065e-09,2.2888184680880386e-09,0.8249917030334473,0.28467053174972534,0.029385339468717575,0.2686624526977539,0.3450586497783661,1.0
378.74844816903084,2.445,500.0,121,2420000,0.006517981,3.9103469664883463,10.586694643907487,5.1593779915037885e-08,51.738908529281616,6.843400478363037,58.58231258392334,-1.00135799652179e-09,4.549026400013645e-08,1.086641788482666,0.2643880248069763,0.016937796026468277,0.14882956445217133,0.2433074414730072,1.0
454.1135155978492,0.0,500.0,122,2440000,0.0076096957,5.2176621113613155,9.867239299093841,-6.103514138544597e-09,51.30173945426941,6.25438666343689,57.556129693984985,-1.354217538107605e-08,-1.602172794434864e-08,1.3013348579406738,0.21891342103481293,0.011810041964054108,0.15568257868289948,0.16822217404842377,1.0
437.3000857604162,0.0,500.0,123,2460000,0.0067575225,7.019253684760659,9.697436771271335,4.1294097030686316e-08,51.39654088020325,6.3948633670806885,57.79140782356262,4.386901952813105e-09,4.1198731537406275e-08,1.7356970310211182,0.2456536591053009,0.006638676859438419,0.09123163670301437,0.14153026044368744,1.0
426.75253145424324,0.0,500.0,124,2480000,0.0080590695,5.075587627082873,9.783123084997674,-3.600120734859047e-08,51.14789390563965,6.523559093475342,57.67145395278931,6.818771325356465e-09,-3.757476818577743e-08,1.6586754322052002,0.2200750857591629,0.007269534282386303,0.09134182333946228,0.1326812356710434,1.0
383.10075304155214,0.0,500.0,125,2500000,0.007056958,4.735580468937091,10.388186780358575,4.491806038231516e-08,51.54019236564636,6.406638860702515,57.94683241844177,-1.7166137400437265e-09,4.15802006159538e-08,1.6920256614685059,0.2543275058269501,0.006985789630562067,0.08446209132671356,0.1503094881772995,1.0
360.41951270639316,0.0,500.0,126,2520000,0.0060422393,4.377203744232275,9.223365153172972,-7.987024375211149e-10,50.76571440696716,6.723862171173096,57.489577293395996,-2.2172927938157727e-09,-1.4901161193847656e-08,1.6208581924438477,0.29006415605545044,0.007612711749970913,0.09902230650186539,0.17895719408988953,1.0
385.87120509880305,0.0,500.0,127,2540000,0.0072929063,5.084193735669373,8.960488782870542,5.650520051858621e-09,51.746814489364624,6.526504278182983,58.27332019805908,-2.9325484263154067e-09,-4.768371808516747e-10,1.1835293769836426,0.22457480430603027,0.014278138987720013,0.13541077077388763,0.18975013494491577,1.0
395.90125926977726,0.0,500.0,128,2560000,0.0067139473,5.081707162234434,8.866139362723963,-7.629394893626795e-10,51.04913854598999,6.282350301742554,57.33148980140686,-9.536743617033494e-10,-8.392333938900265e-09,1.7810927629470825,0.2569977045059204,0.006304580718278885,0.08209114521741867,0.14429213106632233,1.0
455.42581455018137,0.0,500.0,129,2580000,0.0075989715,9.206715012659693,8.93040193569888,-2.2220611128886958e-08,50.45616698265076,6.408644199371338,56.86481261253357,2.7418137094059603e-08,0.0,1.2945283651351929,0.22948959469795227,0.011934560723602772,0.16320455074310303,0.1772766411304474,1.0
416.1937522495758,1042.175,500.0,130,2600000,0.006554264,18.422874131627903,23823.64376549326,1.6967773035503342e-06,50.65011930465698,6.360020160675049,57.01014041900635,9.155273872352154e-09,1.843261770773097e-06,0.8412185907363892,0.2584407329559326,0.028262602165341377,0.19516830146312714,0.3385719358921051,1.0
384.7805672086728,2401.055,500.0,131,2620000,0.0039504757,31.138796603755587,115273.39074567078,2.8134345484431833e-06,50.58045744895935,6.2645583152771,56.84501647949219,1.0204315614714687e-08,4.882812376649781e-08,0.4296287000179291,0.25713232159614563,0.1083536148071289,0.3018346428871155,0.7497528195381165,1.0
368.6888935696485,2410.575,500.0,132,2640000,0.0053794836,26.40122166044393,128015.3561122627,-1.0271072170553452e-07,50.638986110687256,6.158334493637085,56.79732131958008,4.291534239087014e-09,1.757812469804776e-06,0.6361445784568787,0.2227218896150589,0.0494217649102211,0.51043701171875,0.3504689931869507,1.0
357.68313337042133,1519.6200000000001,500.0,133,2660000,0.0062133637,6.5649040940460885,670.2677226218449,9.834766387939453e-07,50.3652081489563,6.380947828292847,56.74615669250488,5.197525076994225e-09,7.934570476209046e-07,0.9384321570396423,0.2765200436115265,0.02271036058664322,0.18194863200187683,0.30795443058013916,1.0
389.61041933908206,33.5,500.0,134,2680000,0.004789059,13.769408784702325,725.1076407171358,-4.7674177494627656e-07,49.91000199317932,6.257845401763916,56.16784858703613,-2.0980834847250662e-08,-2.792358486658486e-07,0.9244762659072876,0.3000852167606354,0.023401208221912384,0.34445348381996155,0.2593773603439331,1.0
378.2241867008092,3626.3,500.0,135,2700000,0.004855238,23.4459614006577,121708.18024855692,-7.461547738785157e-06,50.865535259246826,6.281973600387573,57.147509813308716,-3.6239624634504253e-09,-5.95703113503987e-06,0.5410492420196533,0.29829373955726624,0.0683213323354721,0.26224905252456665,0.5792108178138733,1.0
413.78750107085364,322.2225,500.0,136,2720000,0.00043192116,12.026032741054609,41864.243941113906,4.199409431748791e-06,50.67518758773804,6.359252214431763,57.034440755844116,4.768371461572052e-11,3.808593646681402e-06,0.9502358436584473,0.26839640736579895,0.02214965783059597,0.1514369398355484,0.28486302495002747,6.0
321.81431438873824,3514.7024999999994,500.0,137,2740000,0.008506213,11.795751461557522,134504.2856286213,3.4187316941824974e-06,50.108919620513916,6.4270994663238525,56.536020040512085,-3.027915917996893e-09,4.150390850554686e-06,0.4610328674316406,0.29287534952163696,0.09409492462873459,0.24186904728412628,0.6605939865112305,2.0
313.7377536424732,3501.66875,500.0,138,2760000,0.004670028,12.723551275168255,178400.07857951755,-3.051757735406113e-09,50.808921575546265,6.190848350524902,56.999770641326904,0.0,-1.416015606992005e-06,0.3579172194004059,0.2794813811779022,0.15612223744392395,0.36956721544265747,0.8454185128211975,1.0
346.82725042276456,6716.1987500000005,500.0,139,2780000,0.005703962,26.68262751163191,446829.7035927548,-1.0657787242962513e-05,50.27866744995117,6.257733345031738,56.536402463912964,7.057189943537878e-09,-1.337890626018634e-05,0.6548997759819031,0.24967235326766968,0.0466315858066082,0.26497089862823486,0.4052342176437378,1.0
337.100417116177,5252.43625,500.0,140,2800000,0.0060812514,13.680311666628358,206893.05210738454,5.478477305587148e-06,50.205037355422974,6.341233491897583,56.54627180099487,-6.961822673900997e-09,5.95703113503987e-06,0.508388876914978,0.2599171996116638,0.07738163322210312,0.3255993723869324,0.5223698019981384,1.0
338.2013293839174,7365.633749999999,500.0,141,2820000,0.005681771,13.663800607213549,196293.4109676677,4.973888394488313e-07,50.36208963394165,6.178125858306885,56.54021644592285,-8.82148754044465e-09,1.757812469804776e-06,0.6819160580635071,0.29590851068496704,0.04300985857844353,0.24883633852005005,0.4165080189704895,1.0
331.73978786248387,1612.7287500000002,500.0,142,2840000,0.004669861,7.376810003693696,74958.91123385096,3.7176132536842488e-06,49.65564727783203,6.146408796310425,55.80205726623535,-1.5735626135437997e-09,4.687500222644303e-06,0.40573951601982117,0.29682037234306335,0.121488556265831,0.3733871877193451,0.7005501389503479,1.0
387.7829297273403,3663.91875,500.0,143,2860000,0.0062093735,9.441332096354976,117326.33725119427,-1.4843845747236628e-05,51.246556997299194,6.2348854541778564,57.481443643569946,-3.671646098268866e-09,-1.3037109056313056e-05,0.9245484471321106,0.28453564643859863,0.023397553712129593,0.20174236595630646,0.2819555699825287,2.0
367.9673980799881,1359.2899999999997,500.0,144,2880000,0.003856488,5.847807042310192,3368.1458240581924,-9.460449064135901e-07,50.03477931022644,5.9967875480651855,56.03156805038452,-5.149841442175784e-09,-9.765625463842298e-07,1.1276673078536987,0.28168460726737976,0.01572779193520546,0.1432833969593048,0.2782857418060303,1.0
354.21712743324406,1988.4387499999998,500.0,145,2900000,0.0076090638,11.116985784366632,108520.15548056827,6.196498816279927e-06,51.138068199157715,6.102917432785034,57.240986347198486,8.201599399626502e-09,3.906250185536919e-06,0.7432474493980408,0.27738088369369507,0.03620453551411629,0.18158401548862457,0.38457033038139343,1.0
344.3596915575582,2879.8862500000005,500.0,146,2920000,0.009061077,10.109835642006747,110516.28879268185,-7.5688362812798005e-06,50.27250838279724,6.423299551010132,56.69580888748169,-3.8146971692576415e-10,-9.130859325523488e-06,0.7425920367240906,0.2967602610588074,0.03626847639679909,0.23720110952854156,0.3684613108634949,3.0
336.0300617749909,4093.3850000000007,500.0,147,2940000,0.006654064,14.435178452692215,142849.8092499751,3.896284397342242e-06,49.978827238082886,6.602508068084717,56.58133625984192,3.767013367905747e-09,5.273437636788003e-06,0.6167741417884827,0.2229931652545929,0.05257479101419449,0.48387280106544495,0.3530890941619873,2.0
322.9589166227919,2545.29,500.0,148,2960000,0.0050589005,6.100074024109324,63949.742116240486,1.066207914846018e-06,50.78034043312073,6.382312774658203,57.16265392303467,3.528594971768939e-09,2.4414063659605745e-07,0.9783383011817932,0.30758070945739746,0.020895445719361305,0.15962888300418854,0.27167749404907227,1.0
360.13212746544167,2686.125,500.0,149,2980000,0.0033779014,7.577607580051301,99914.10939303841,-3.876686150761088e-06,51.31349325180054,6.384883165359497,57.69837737083435,-5.054473728449693e-09,-1.2451172324290383e-06,0.6563387513160706,0.25429415702819824,0.04642734304070473,0.18985411524772644,0.4152422845363617,1.0
335.0701199778027,2.8,500.0,150,3000000,0.0043453015,4.40671415556768,1238.8779778255778,-2.6187896651208575e-07,50.83668613433838,6.292019844055176,57.12870669364929,5.2452087118126656e-09,-3.051757735406113e-09,0.6238313913345337,0.3211855888366699,0.05139198899269104,0.18146836757659912,0.5148594975471497,1.0
370.3812392099472,1145.95,500.0,151,3020000,0.004614374,9.344045641771547,37323.123661823636,-9.870529282807183e-09,50.48619627952576,6.220510244369507,56.70670747756958,6.628036341993493e-09,1.2084960872016381e-06,0.8950679302215576,0.33629944920539856,0.024964209645986557,0.2729334235191345,0.27033111453056335,1.0
392.0567089936998,1106.1,500.0,152,3040000,0.0038207152,5.383787873748002,33329.719560018166,3.0092239740042714e-06,50.73783230781555,6.295491933822632,57.0333251953125,2.489090000779015e-08,2.734374902502168e-06,0.9990865588188171,0.3124642074108124,0.02003657817840576,0.14635634422302246,0.27537038922309875,1.0
344.3998224500795,119.3625,500.0,153,3060000,0.008712956,6.471276446816268,5369.4750263967335,-3.643512798134907e-07,50.12915825843811,6.3205859661102295,56.44974493980408,-2.145767119543507e-09,-1.1962890766881173e-06,0.8137712478637695,0.27002236247062683,0.030201267451047897,0.16333797574043274,0.3285347819328308,1.0
414.2537067736048,37.9125,500.0,154,3080000,0.0060388427,11.4504786702478,1367.7022549671733,6.19888282926695e-07,50.52704882621765,6.405994653701782,56.93304419517517,-7.343292196537732e-09,1.9531249506599124e-07,1.2465547323226929,0.2606499493122101,0.012870840728282928,0.18158434331417084,0.1869829148054123,2.0
412.63577866673376,0.0,500.0,155,3100000,0.0076598153,8.834201549268831,498.1340956766894,2.9916762400716834e-07,50.60520577430725,6.20560359954834,56.810810565948486,2.2888184680880386e-09,3.295898522992502e-07,1.4179763793945312,0.2325257807970047,0.00994698703289032,0.11735494434833527,0.16398419439792633,1.0
388.27342131399655,773.4475,500.0,156,3120000,0.0063862633,7.962221014575594,26947.65567515185,-1.3022423672737204e-06,49.856916666030884,6.0552263259887695,55.91214370727539,-4.76837147544984e-09,-5.065917889623961e-07,1.0428298711776733,0.2837100923061371,0.018390893936157227,0.15615305304527283,0.2613666355609894,1.0
350.05144767612694,376.9887499999999,500.0,157,3140000,0.008404213,7.884795871054291,1982.6575003557145,1.2829303841499495e-07,50.878567695617676,6.370779991149902,57.249348878860474,3.3855438452690123e-09,2.4414061883248905e-08,0.9111700057983398,0.2858697175979614,0.02408967912197113,0.18442757427692413,0.26277050375938416,1.0
373.7667839876851,35.03875000000001,500.0,158,3160000,0.0053165294,8.396390762450588,1501.2825812272965,3.566264865639823e-07,50.34214472770691,6.177292108535767,56.51943802833557,-6.818771325356465e-09,1.3427734302240424e-07,1.005584955215454,0.31116652488708496,0.019778449088335037,0.19025622308254242,0.25511080026626587,1.0
370.04149889111625,342.48,500.0,159,3180000,0.005120998,7.875901332630473,28851.045683589862,1.0251998361354708e-07,50.52340507507324,6.3459248542785645,56.869330644607544,-6.103515470812226e-09,5.37109372089617e-07,0.7458286881446838,0.31069061160087585,0.035954371094703674,0.28093498945236206,0.34812238812446594,1.0
384.8046053951025,855.72,500.0,160,3200000,0.006279578,5.189695713474492,1560.7727295116254,-3.019333121301315e-07,49.82543706893921,5.914599657058716,55.74003767967224,1.3923645347801994e-08,-2.807617249800387e-07,1.1367785930633545,0.2875020205974579,0.015476683154702187,0.17983341217041016,0.21174074709415436,1.0
414.1780236279998,11.673750000000002,500.0,161,3220000,0.006572953,5.1643439675592315,1831.0440803576428,3.643512798134907e-07,49.89001798629761,6.1243579387664795,56.0143768787384,6.43730180271973e-09,2.3803710291758762e-07,0.8411387205123901,0.25644028186798096,0.02826796844601631,0.16838349401950836,0.3048728108406067,1.0
368.2220218449719,30.74375,500.0,162,3240000,0.004789421,5.145441877614161,1391.9762682289074,-3.8738249941161484e-07,49.966899394989014,6.151170969009399,56.11807107925415,1.7738342350526182e-08,-5.187988563193358e-07,1.1764429807662964,0.2972887456417084,0.01445066835731268,0.23437757790088654,0.1973169893026352,1.0
480.80440711600585,946.10125,500.0,163,3260000,0.0052225487,13.098971470298281,52077.68084917008,1.273393650080834e-06,50.769192695617676,6.411530017852783,57.180723428726196,-2.4414061883248905e-08,2.526855496398639e-06,0.9438574910163879,0.284944623708725,0.022450033575296402,0.1890045553445816,0.2923048436641693,1.0
464.01709055859953,1758.20625,500.0,164,3280000,0.0075630667,13.845837793836168,44178.02746949408,-1.2147903589720954e-06,49.78066897392273,6.143273830413818,55.923943519592285,1.7166136956348055e-08,-8.300781360048859e-07,1.4147049188613892,0.2652208209037781,0.009993042796850204,0.0889960303902626,0.19687415659427643,1.0
390.2321769292154,0.0,500.0,165,3300000,0.0069082887,5.478719424745839,884.9040099125759,-1.0910034120570344e-07,50.05367660522461,5.99150538444519,56.045182943344116,9.727478378351861e-09,-4.882812376649781e-08,1.2128733396530151,0.24203549325466156,0.013595610857009888,0.14237137138843536,0.19955545663833618,1.0
381.6493530318171,44.19375,500.0,166,3320000,0.0043018297,5.724583022609638,2147.447898174699,1.8978118987433845e-07,50.196309328079224,6.30024790763855,56.49655818939209,-2.489090000779015e-08,1.098632793627985e-07,0.9303946495056152,0.33242008090019226,0.023104440420866013,0.1889808028936386,0.3101670444011688,1.0
399.6286913750131,1734.0487500000004,500.0,167,3340000,0.006248254,9.4376908232452,40596.59385325438,-1.6199349772705318e-07,50.71469163894653,6.2113869190216064,56.92607927322388,-7.188320161333195e-09,-2.4902344648580765e-06,1.024221658706665,0.2891285717487335,0.01906522363424301,0.16155974566936493,0.2732444107532501,1.0
349.7208146784046,1612.3075,500.0,168,3360000,0.0034698902,10.14330001818906,33141.48956516533,-2.586078608146636e-06,49.917720317840576,5.925659656524658,55.84338068962097,9.536743617033494e-10,-1.5869140952418093e-06,0.7604019045829773,0.2710345685482025,0.034589432179927826,0.21516740322113037,0.34913432598114014,1.0
372.37360252283963,0.0,500.0,169,3380000,0.007542105,5.463228345828451,3221.0358932397926,3.142356774787913e-08,50.328041791915894,6.198262691497803,56.52630543708801,-3.767013367905747e-09,-3.906249901319825e-07,1.1936302185058594,0.2215096801519394,0.014037508517503738,0.24811813235282898,0.18557646870613098,1.0
418.68603599115806,0.0,500.0,170,3400000,0.0071005747,5.165156040981317,1973.743437282295,3.051757957450718e-09,50.38479447364807,6.202948808670044,56.58774423599243,1.7261506002341775e-08,-2.0751953400122147e-07,1.4006282091140747,0.24770575761795044,0.010194920003414154,0.16610704362392426,0.17685332894325256,1.0
376.2139396968661,1245.875,500.0,171,3420000,0.0033749463,5.900822461486622,38470.555152455716,1.7588614582564333e-06,50.422354221343994,6.340433359146118,56.76278853416443,-2.861023085110048e-10,2.5634765279392013e-06,1.3054076433181763,0.2018910050392151,0.011736463755369186,0.13488051295280457,0.2008936107158661,1.0
446.0183162257181,0.0,500.0,172,3440000,0.006953574,10.679166164215962,1976.698071464004,1.7957687248326692e-07,50.683574199676514,6.418040037155151,57.10161519050598,-6.008148201175345e-09,-2.4414061883248905e-08,1.681056261062622,0.2600635588169098,0.0070772552862763405,0.08618610352277756,0.15470246970653534,1.0
381.77227801081807,0.0,500.0,173,3460000,0.007472522,4.559210445015294,907.8336996382209,3.956317868869519e-07,50.75497913360596,6.291595458984375,57.04657506942749,-6.675719976811934e-10,3.906249901319825e-07,1.3172791004180908,0.22513334453105927,0.011525876820087433,0.1458456665277481,0.1709078997373581,1.0
464.3043263045088,0.0,500.0,174,3480000,0.007569278,9.340889837179974,1547.5098656429607,1.3935089100414189e-06,50.432493686676025,6.430368900299072,56.86286401748657,-2.0980834847250662e-08,1.6601562720097718e-06,1.6172877550125122,0.2387174516916275,0.007646361365914345,0.12290839850902557,0.14760354161262512,1.0
390.95769648610985,10.175,500.0,175,3500000,0.0064480277,11.585976958122982,1484.4438112100977,7.40361201678752e-07,50.08255362510681,6.420149087905884,56.50270342826843,-2.8371811566785254e-09,5.462646299747576e-07,1.3036483526229858,0.2597738802433014,0.011768162250518799,0.1316525638103485,0.19926677644252777,1.0
453.0191783948979,0.0,500.0,176,3520000,0.0069660493,5.645466949074132,1489.994563244862,1.204442924063187e-06,50.76351594924927,6.294860124588013,57.058377265930176,1.5377997542032062e-08,1.1474609209471964e-06,1.2796589136123657,0.23808392882347107,0.012213530018925667,0.1238466426730156,0.1860526204109192,1.0
441.55455533881116,0.0,500.0,177,3540000,0.008100046,7.668645464083192,1723.002887215584,-3.210544718967867e-07,50.84888815879822,6.292222499847412,57.141111850738525,7.343292196537732e-09,-1.1169433946633944e-06,1.279540777206421,0.20031611621379852,0.012215783819556236,0.19971448183059692,0.15655316412448883,1.0
430.65763598290715,0.0,500.0,178,3560000,0.0058882544,8.083282801300097,1756.8158503441293,2.772331072264933e-06,50.31886315345764,6.273589611053467,56.592453718185425,4.172325152040912e-09,2.7465821403893642e-06,1.1309360265731812,0.2845231592655182,0.015637006610631943,0.11172036081552505,0.25158193707466125,1.0
418.27516475434766,0.0,500.0,179,3580000,0.0069047576,4.806875629637651,917.130314043373,1.6861914673427236e-06,51.14371299743652,6.475902080535889,57.61961603164673,4.911422823994371e-09,1.7639159750615363e-06,1.43921959400177,0.2510546147823334,0.009655514732003212,0.12180256098508835,0.17443802952766418,1.0
398.73766382198664,0.0,500.0,180,3600000,0.0077350326,6.857872902359932,1284.2608885941231,7.713794616392988e-07,50.46639966964722,6.450661897659302,56.917062520980835,-3.3378602104505717e-09,7.202148708529421e-07,1.1329903602600098,0.21285712718963623,0.015580350533127785,0.18169273436069489,0.18787196278572083,1.0
395.2947241333659,0.0,500.0,181,3620000,0.0074265036,6.926815611237933,1881.8608047388161,8.682251291247667e-07,50.84883999824524,6.270905494689941,57.1197464466095,2.00271599304358e-09,7.99560552877665e-07,1.4194573163986206,0.2223510593175888,0.009926242753863335,0.1208706796169281,0.15664511919021606,1.0
402.11771503044815,0.0,500.0,182,3640000,0.0069251284,7.318972025403551,1830.1663776567786,-2.152919762465899e-07,50.488072872161865,6.509180784225464,56.997254371643066,3.767013367905747e-09,-7.324219097881723e-08,1.4777036905288696,0.23512372374534607,0.009159142151474953,0.15120373666286469,0.15911425650119781,1.0
457.0089118342236,0.0,500.0,183,3660000,0.007457614,4.0490980322953245,606.1324444230195,1.63269049835435e-07,49.68866968154907,6.158688306808472,55.84735918045044,1.1825561863076928e-08,2.288818308215923e-07,1.4243305921554565,0.24791568517684937,0.009858435019850731,0.14844468235969543,0.17405767738819122,1.0
382.9764964196673,0.0,500.0,184,3680000,0.0068907593,5.222268295895522,753.7868521137602,5.002975740353577e-07,50.998735666275024,6.368347644805908,57.36708402633667,2.0980834847250662e-09,4.516601563864242e-07,1.0844017267227173,0.2317199558019638,0.017007846385240555,0.18530936539173126,0.21368461847305298,1.0
384.1208771164121,0.0,500.0,185,3700000,0.0078086257,5.871963539700599,984.3363599254827,6.675720669591101e-07,50.50884008407593,6.382190465927124,56.89103150367737,-9.918212917625624e-09,5.859375278305379e-07,1.0015515089035034,0.21507640182971954,0.019938074052333832,0.18125465512275696,0.2147432416677475,1.0
347.68372330183126,0.0,500.0,186,3720000,0.006748032,3.7187673618839043,848.224039483526,1.7789840285331593e-06,50.87257671356201,6.424359560012817,57.296937465667725,1.0681151962899094e-08,2.1942139483144274e-06,1.190674901008606,0.25900834798812866,0.014107279479503632,0.11373651772737503,0.21753069758415222,1.0
384.4312938770862,0.0,500.0,187,3740000,0.0073339683,4.031851297427135,597.8384711295936,2.322602313142852e-06,51.07099103927612,6.364179372787476,57.43517184257507,5.865096852630813e-09,2.0141601453360636e-06,1.1664636135101318,0.2373039722442627,0.014698981307446957,0.15804296731948853,0.20343880355358124,1.0
384.42153580276323,0.0,500.0,188,3760000,0.008046852,7.250481632408823,741.6346030557231,-3.499984657651112e-08,50.83155965805054,6.3426008224487305,57.174161195755005,6.961822673900997e-09,-9.460449490461542e-08,1.01079523563385,0.19206629693508148,0.019575070589780807,0.24177886545658112,0.1900150626897812,1.0
385.3599506828263,0.0,500.0,189,3780000,0.0069247717,5.111259168728142,1547.8264836596836,4.1203500700248696e-07,50.51773262023926,6.491126298904419,57.00886011123657,2.956390465769232e-09,6.347656267280399e-07,1.048585057258606,0.24281573295593262,0.018189571797847748,0.17223715782165527,0.23156513273715973,1.0
435.8243758667375,0.0,500.0,190,3800000,0.007329599,5.454415819599371,1021.7514032448933,-1.2335777910266188e-06,50.40188479423523,6.531132459640503,56.93301820755005,-6.961822673900997e-09,-9.216308853865485e-07,1.5069011449813843,0.2413652241230011,0.008807647973299026,0.09564325213432312,0.16017326712608337,1.0
436.0809235020448,0.0,500.0,191,3820000,0.0077251815,12.333187813364017,1724.3334989705663,-6.705760711156472e-07,50.87321162223816,6.378900527954102,57.252113342285156,-7.629394338515283e-10,-6.347656267280399e-07,1.1014639139175415,0.18874438107013702,0.016485009342432022,0.29923519492149353,0.17135772109031677,1.0
428.33787954510416,0.0,500.0,192,3840000,0.0058894563,7.442652407725146,858.824128917524,1.011943822959438e-06,50.49367952346802,6.475578546524048,56.96925926208496,-5.722046170220096e-10,1.0314940936950734e-06,1.442811131477356,0.2788882851600647,0.009607503190636635,0.14546170830726624,0.19329504668712616,1.0
396.2158882196494,0.0,500.0,193,3860000,0.0068982164,7.488223787325962,990.5231409935435,-1.869201696536038e-06,51.703043699264526,6.380084991455078,58.08312964439392,-1.4305114870438729e-09,-1.6311645367750316e-06,1.3250349760055542,0.2354557067155838,0.011391343548893929,0.16457445919513702,0.17769776284694672,1.0
394.84031978020164,0.0,500.0,194,3880000,0.0071380404,5.433523799659341,600.1811384456173,-6.723404055719584e-09,50.76587796211243,6.299632787704468,57.06551170349121,3.838539264222618e-09,-2.212524350397871e-07,1.2890071868896484,0.23089689016342163,0.01203701738268137,0.15013572573661804,0.17912772297859192,1.0
457.54012906126616,0.0,500.0,195,3900000,0.007778451,7.026220367516681,633.9669063981172,-1.8297195083505358e-06,51.1432945728302,6.300332307815552,57.44362783432007,2.5939941750152684e-08,-1.8463134665580583e-06,1.4949774742126465,0.2245091050863266,0.008948706090450287,0.11891031265258789,0.1501755714416504,1.0
410.29616993026355,0.0,500.0,196,3920000,0.0071009467,5.612141138277236,626.8222096339912,-3.9939880025485763e-07,49.897172689437866,6.461811780929565,56.35898566246033,1.239776614703203e-09,-5.126952942191565e-07,1.1665712594985962,0.23125043511390686,0.014696270227432251,0.142402783036232,0.19823084771633148,1.0
380.9002013572381,0.0,500.0,197,3940000,0.008265379,4.744542589916545,430.315738692557,-2.620697046040732e-07,50.53141164779663,6.497028350830078,57.028441190719604,7.2479249269008506e-09,-3.570556543763814e-07,1.3704982995986938,0.1942344307899475,0.010648110881447792,0.17096427083015442,0.14172542095184326,1.0
392.9162283296354,0.0,500.0,198,3960000,0.0069113174,7.785749049095591,512.8691028667863,1.754760781125242e-08,50.38028049468994,6.218061685562134,56.59834313392639,-2.6130676289426447e-08,9.155273872352154e-09,1.6110093593597412,0.2506922781467438,0.00770607590675354,0.10907810926437378,0.15561193227767944,1.0
441.0955738088995,0.0,500.0,199,3980000,0.008099951,6.19456969051604,518.600165504407,-8.84151461377769e-07,50.57995891571045,6.319884777069092,56.899845123291016,8.583068700218632e-10,-9.857177474259515e-07,1.3315060138702393,0.20884887874126434,0.011280888691544533,0.19964918494224548,0.1568516045808792,1.0
407.2529759182745,0.0,500.0,200,4000000,0.0072462866,4.3864412933398205,490.5973504133285,3.137588322488227e-08,50.50118041038513,6.359570503234863,56.86075162887573,1.9598006772980625e-08,-3.9672851670502496e-08,1.311909794807434,0.21437160670757294,0.01162041537463665,0.16849522292613983,0.16340424120426178,1.0
404.38065986526163,0.0,500.0,201,4020000,0.006472179,7.609171973064447,535.4511632251132,1.1235714509894024e-06,50.58845639228821,6.453407049179077,57.04186677932739,-6.484985437538171e-09,1.0498047231521923e-06,1.2684929370880127,0.2650829255580902,0.012429497204720974,0.14307966828346252,0.20897464454174042,1.0
464.44460595890286,0.0,500.0,202,4040000,0.0072793127,7.446086134424635,790.5270419369838,8.801936814961664e-07,50.54664063453674,6.3770411014556885,56.92368268966675,-3.099441414633475e-08,9.155273232863692e-07,1.1404355764389038,0.2280086874961853,0.015377586707472801,0.2743569016456604,0.1999312788248062,1.0
424.10590112646594,0.0,500.0,203,4060000,0.007042299,7.00669342605931,605.825554652123,5.878448519069934e-07,50.265355587005615,6.158464193344116,56.42382049560547,-2.0980834847250662e-08,7.507323971367441e-07,1.5271556377410889,0.24863630533218384,0.008575567044317722,0.12975162267684937,0.1628100574016571,1.0
516.0982735921065,0.0,500.0,204,4080000,0.0067046112,9.055389435579823,558.1476808681609,-1.1854649528686423e-06,50.68259525299072,6.226962327957153,56.90955901145935,1.9359589487066842e-08,-9.063720654012286e-07,1.3976026773452759,0.2645972669124603,0.01023910753428936,0.14570826292037964,0.18932223320007324,1.0
460.7913014613208,0.0,500.0,205,4100000,0.0070775817,7.642872726841337,458.93589916836686,4.6749116222599696e-07,50.97616481781006,6.344583988189697,57.32074952125549,-2.1266936656161306e-08,4.776001105710748e-07,1.444382667541504,0.24119940400123596,0.009586608037352562,0.16233593225479126,0.16699133813381195,1.0
485.72269492647445,0.0,500.0,206,4120000,0.006081519,8.037490663103238,516.9220251095522,-9.131431966125092e-07,50.44847226142883,6.208308458328247,56.6567816734314,-1.3160705414350105e-08,-1.1596679314607172e-06,1.3141438961029053,0.2604721784591675,0.011580937542021275,0.2354016751050949,0.19820673763751984,1.0
473.2533959458221,0.0,500.0,207,4140000,0.0072365487,12.390867692042308,550.349173653961,-5.149364028511627e-07,49.94004273414612,6.166498899459839,56.10654258728027,1.0490417423625331e-09,-1.8005371771323553e-07,1.2815221548080444,0.2299358993768692,0.01217803917825222,0.1347842961549759,0.17942403256893158,1.0
467.8841590435626,0.0,500.0,208,4160000,0.006550955,10.837360519360585,781.4272148472488,5.997657694933878e-07,50.61295413970947,6.306701898574829,56.9196572303772,2.1934509764065524e-09,4.943847784488753e-07,1.2147594690322876,0.2585839629173279,0.013553423807024956,0.1386501044034958,0.21286842226982117,1.0
460.291129940025,0.0,500.0,209,4180000,0.007496902,6.824141278540253,601.0600503034652,-9.42230258260679e-08,50.14775490760803,6.344005346298218,56.49176096916199,1.9741058565614367e-08,-2.227783255648319e-07,1.3294919729232788,0.23669368028640747,0.01131509244441986,0.18984976410865784,0.17803318798542023,1.0
422.05342781914044,0.0,500.0,210,4200000,0.0064653857,6.738562922265119,872.8647495439858,-6.546974162802144e-08,49.90203595161438,6.142595052719116,56.044634103775024,7.510185362491484e-09,-9.765624753299562e-08,1.3263691663742065,0.2743227481842041,0.011368435807526112,0.1309691071510315,0.20682230591773987,1.0
443.8326441838677,0.0,500.0,211,4220000,0.008030266,10.104859933883521,650.486916297864,-9.102821252326976e-08,51.092395305633545,6.272920608520508,57.36531686782837,4.720687840631399e-09,6.713867151120212e-08,1.1645804643630981,0.25428542494773865,0.014746556989848614,0.1889721304178238,0.21834929287433624,1.0
487.96160473244265,0.0,500.0,212,4240000,0.006812766,10.688185765029518,917.1283037027736,4.990577622265846e-07,51.57572102546692,6.241209030151367,57.81693124771118,1.8692016823251834e-08,2.685546860448085e-07,1.1145200729370117,0.23973332345485687,0.016101039946079254,0.20554852485656738,0.2151000201702118,1.0
444.2525122746123,0.0,500.0,213,4260000,0.007496591,8.146254280570206,461.55586505088075,3.038406362065871e-07,50.68600296974182,6.047922611236572,56.73392701148987,-2.8610229740877458e-09,1.9531249506599124e-07,1.1797798871994019,0.21738629043102264,0.014369036071002483,0.21192285418510437,0.1842600256204605,1.0
443.76143071489713,0.0,500.0,214,4280000,0.00712566,9.69491383938273,341.40223814362935,1.2652398027057643e-06,50.37461876869202,6.32279634475708,56.69741654396057,-5.4836273299940785e-09,1.2008666772089782e-06,1.3013274669647217,0.23849323391914368,0.011810177937150002,0.24079397320747375,0.1832691878080368,1.0
437.7440387698017,0.0,500.0,215,4300000,0.0074028787,4.8071670438074,324.20643348450875,-5.751609819526493e-07,49.76468205451965,5.9381890296936035,55.702871799468994,1.435279806116796e-08,-3.967285238104523e-07,1.0804721117019653,0.2598837614059448,0.017131786793470383,0.17404544353485107,0.2405279576778412,1.0
459.2931494388793,25.064999999999998,500.0,216,4320000,1.9049994e-08,15.229963653102802,673.7568712854081,1.1681555633913376e-06,49.962042808532715,6.618850469589233,56.580893993377686,1.6307831529616124e-08,1.1016845746780746e-06,0.8407925367355347,0.0,0.0282912515103817,0.1629623919725418,0.35041195154190063,0.0
398.43560461789446,16.71,500.0,217,4340000,0.0064950287,4.5163549638857505,346.37452680259753,-4.7416685333701025e-07,50.62634897232056,6.102822780609131,56.729172468185425,-7.438659466174613e-09,-4.028320290672127e-07,1.30562162399292,0.26371335983276367,0.011732617393136024,0.1666291505098343,0.2019830048084259,1.0
393.531608667699,0.0,500.0,218,4360000,0.00530718,4.790739959212625,400.1602437596412,-4.944801190731596e-08,50.5508508682251,6.336272716522217,56.88712477684021,-7.748603536583687e-09,-4.2724607851596375e-08,1.344771385192871,0.2876068651676178,0.011059427633881569,0.17503079771995544,0.21387042105197906,1.0
454.885707396234,0.0,500.0,219,4380000,0.008238924,9.429464996999995,373.3811070144556,-1.1768341323659115e-07,51.32918453216553,6.248986482620239,57.578174114227295,1.2683868177987279e-08,-1.739501982456204e-07,1.2766321897506714,0.20124417543411255,0.012271510437130928,0.22760000824928284,0.15763676166534424,1.0
474.1386002788271,0.0,500.0,220,4400000,0.005920195,9.381376199813406,374.0889767980879,1.626968497703274e-07,50.97013282775879,6.343658208847046,57.31379199028015,-1.0061263822080946e-08,2.5024414185281785e-07,1.4910849332809448,0.2843724489212036,0.008995488286018372,0.09212944656610489,0.19071508944034576,1.0
423.2246041863683,0.0,500.0,221,4420000,0.007912921,10.867222686482084,851.7223245511389,-1.5563963984277507e-07,50.87343907356262,6.2752275466918945,57.14866781234741,4.959106458812812e-09,-6.103515470812226e-09,1.1309338808059692,0.19333112239837646,0.015637068077921867,0.3375588357448578,0.17094825208187103,1.0
432.8535035543331,0.0,500.0,222,4440000,0.0058193337,5.333255325608952,828.9927831661929,2.5138854198303306e-07,50.25205183029175,6.413013458251953,56.665066957473755,1.0299682884351569e-08,2.3193359766082722e-07,1.4110455513000488,0.2743915617465973,0.010044943541288376,0.14861738681793213,0.1944597363471985,1.0
431.0097476691295,0.0,500.0,223,4460000,0.0070312913,7.061863752687053,466.5710026249005,-1.255989019455228e-07,50.6031231880188,6.6028220653533936,57.20594620704651,1.3351439953623867e-09,-2.0446776716198656e-07,1.358742356300354,0.23282299935817719,0.010833164677023888,0.15549758076667786,0.1713518649339676,1.0
498.6643249058326,0.0,500.0,224,4480000,0.006531928,6.008451716763199,403.25869177557104,-1.3899803263939248e-07,51.21107459068298,6.465856075286865,57.676931858062744,1.759529055789244e-08,-1.9226074243761104e-07,1.425836443901062,0.2670205235481262,0.009837621822953224,0.10912246257066727,0.18727290630340576,1.0
414.3350467228353,0.0,500.0,225,4500000,0.00672058,6.031845940905772,582.2663415021957,6.713867151120212e-07,50.35077118873596,6.0976831912994385,56.44845533370972,-1.0490417423625331e-08,7.81249980263965e-07,1.2199345827102661,0.24763432145118713,0.013438677415251732,0.1964569091796875,0.2029898464679718,1.0
437.3884011406111,0.0,500.0,226,4520000,0.007087779,7.431060150322641,595.8916455991708,6.695270826639899e-07,50.109400272369385,6.265973329544067,56.37537479400635,-7.629394893626795e-09,6.042480436008191e-07,1.0864224433898926,0.24224941432476044,0.016944635659456253,0.14649397134780884,0.22297900915145874,1.0
456.5498483256218,0.0,500.0,227,4540000,0.006372319,9.456388512994074,372.44083405512913,2.1882057410493871e-07,50.82228207588196,6.481946229934692,57.304229736328125,-4.291534350109316e-10,2.410888555459678e-07,1.2091050148010254,0.2545696794986725,0.013680490665137768,0.17188900709152222,0.21054384112358093,1.0
456.3103645355163,0.0,500.0,228,4560000,0.0071586007,5.1926902023849975,382.14326773479485,8.125305583916997e-08,50.91435670852661,6.400885105133057,57.31524300575256,-1.6593933338526767e-08,1.678466787780053e-07,1.163625717163086,0.23946234583854675,0.014770765788853168,0.1789892315864563,0.20578987896442413,1.0
469.0312687078384,0.0,500.0,229,4580000,0.006558472,14.862741616880818,399.4334842754777,-1.0165214234802988e-06,50.87419772148132,6.373501300811768,57.24769997596741,8.296966669263384e-09,-8.377075459975458e-07,1.0132331848144531,0.2538294792175293,0.019480988383293152,0.2498254030942917,0.250514417886734,1.0
472.97421827615415,0.0375,500.0,230,4600000,0.0069466494,8.828657158772657,557.4313640910349,6.332397362029951e-08,50.687065839767456,6.1011505126953125,56.788217544555664,-2.00271599304358e-09,-1.1901855145879381e-07,1.2801522016525269,0.25592100620269775,0.012204118072986603,0.1378108263015747,0.19991447031497955,1.0
404.67988848156006,0.1125,500.0,231,4620000,0.0071080825,7.2896992896013195,458.8263514622002,1.2736320798012457e-07,50.83087348937988,6.445407867431641,57.27628231048584,2.00271599304358e-09,7.324219097881723e-08,1.1502588987350464,0.23929515480995178,0.015116055496037006,0.191391721367836,0.20803594589233398,1.0
439.18765479843535,0.0,500.0,232,4640000,0.006915385,7.594565955392874,379.74878767463053,-8.902549808453841e-08,51.04251980781555,6.292653799057007,57.335174322128296,5.006790093631253e-09,-1.739501982456204e-07,1.3245311975479126,0.250839501619339,0.0114000104367733,0.14240829646587372,0.18937985599040985,1.0
505.8455940566684,0.0,500.0,233,4660000,0.0061946874,12.006056627346451,353.5123494919698,-6.760596988897305e-07,51.46586060523987,6.245390176773071,57.71125149726868,2.8610229740877458e-09,-5.462646299747576e-07,1.4462419748306274,0.2774176001548767,0.009561974555253983,0.10181182622909546,0.19181963801383972,1.0
483.0867316234393,0.0,500.0,234,4680000,0.0062827333,10.81287262697888,461.8433950922292,4.846572778660629e-07,50.22845125198364,6.474495887756348,56.70294809341431,-9.059906158626063e-10,5.737304604735982e-07,1.2844274044036865,0.2573687434196472,0.012123010121285915,0.10938629508018494,0.2003762274980545,1.0
444.1848528764329,0.0,500.0,235,4700000,0.00765559,8.39951414560816,326.11521866913813,-1.5263557884281909e-07,51.10976529121399,6.423414707183838,57.53318190574646,7.295608561719291e-09,-1.647949261496251e-07,1.2248704433441162,0.2332410365343094,0.01333058811724186,0.21668711304664612,0.1904209852218628,1.0
485.4826756163902,0.0,500.0,236,4720000,0.0072364975,7.308681593427233,503.1246628099186,-2.428770073947817e-07,50.50727391242981,6.111673355102539,56.618948221206665,6.937980856491777e-09,-2.5634764710957825e-07,1.1486421823501587,0.23558324575424194,0.015158636495471,0.17462310194969177,0.20509713888168335,1.0
390.8465308782658,0.0,500.0,237,4740000,0.006249618,5.969027949290671,490.7425051841007,7.758141151725795e-08,49.88484787940979,6.25996994972229,56.144819021224976,2.145767119543507e-09,-2.4414061883248905e-08,1.0467554330825806,0.2756478488445282,0.018253212794661522,0.21217048168182373,0.26333552598953247,1.0
440.4453082874603,0.0,500.0,238,4760000,0.0077410843,8.111931963635099,592.0120485245043,-8.184910171848969e-08,50.57992768287659,6.328850507736206,56.90877914428711,-1.912117042479622e-08,-6.103515470812226e-09,1.0957297086715698,0.21167951822280884,0.016658000648021698,0.3574073612689972,0.19318591058254242,1.0
392.4219096212539,0.0,500.0,239,4780000,0.006611635,6.2486884634965545,555.9933730301584,4.31060769301439e-08,50.66010093688965,6.305511951446533,56.9656138420105,1.4972686201986107e-08,2.4414061883248905e-08,1.1557437181472778,0.2600477635860443,0.014972923323512077,0.1534367799758911,0.22500474750995636,1.0
419.92736443005396,0.0,500.0,240,4800000,0.005659774,6.782670418472047,606.2544514164044,4.5070649434819643e-07,50.50757455825806,6.447211980819702,56.954787731170654,-7.629394893626795e-09,6.11877453593479e-07,1.3062758445739746,0.2873755991458893,0.011720869690179825,0.13015246391296387,0.2199961394071579,1.0
437.31467986790324,0.0,500.0,241,4820000,0.006615338,5.044802768822688,588.1852185291849,-2.559185077188886e-07,50.67166519165039,6.201558589935303,56.87322497367859,6.675720420901143e-09,-1.3427734302240424e-07,1.3332613706588745,0.2593905031681061,0.011251203715801239,0.1767788678407669,0.19455333054065704,1.0
476.3900571744638,0.0,500.0,242,4840000,0.0060507525,8.261989224336709,596.1602753949013,1.1281967005061233e-07,51.13061237335205,6.339965105056763,57.47057819366455,1.1730193705261627e-08,-2.3803710291758762e-07,1.3786559104919434,0.2758728563785553,0.010522471740841866,0.13391004502773285,0.200102761387825,1.0
452.4930610508163,0.0,500.0,243,4860000,0.006215716,11.981242962703583,771.0146465228621,-2.2392273990590184e-07,51.30566143989563,6.187877893447876,57.49354076385498,1.4877318932349226e-08,-3.1738281336401997e-07,1.3095721006393433,0.2700565457344055,0.01166194025427103,0.11783772706985474,0.20621733367443085,1.0
408.82149512655974,0.0,500.0,244,4880000,0.0067877183,5.929975471375095,364.6060829016813,2.1381379156082403e-07,50.92711305618286,6.271012306213379,57.198127031326294,-4.1961669694501325e-09,9.765624753299562e-08,1.0575587749481201,0.26916804909706116,0.01788219064474106,0.19191652536392212,0.2545182406902313,1.0
469.8186669851519,0.0,500.0,245,4900000,0.007197042,9.23645902970794,339.3565420746044,-1.4982224172399583e-07,50.751882791519165,6.1611340045928955,56.913018226623535,4.386901952813105e-09,-1.2207031829802872e-07,1.427808403968811,0.23762580752372742,0.009810466319322586,0.2014697939157486,0.16642697155475616,1.0
443.76389241487686,0.0,500.0,246,4920000,0.0054931673,8.105604344112859,551.0256087770887,4.067420888986817e-07,50.285534620285034,6.199795961380005,56.485331296920776,-2.5272368642248466e-09,2.685546860448085e-07,1.6554826498031616,0.292745441198349,0.007297601085156202,0.08237139135599136,0.17683391273021698,1.0
463.04482561601753,0.0,500.0,247,4940000,0.0070204195,10.189656986704298,527.5461524137266,3.4656525826903817e-07,50.651618003845215,6.160554885864258,56.81217408180237,1.1444092340440193e-09,1.8920898980923084e-07,1.3562198877334595,0.25510695576667786,0.010873500257730484,0.23296889662742615,0.18810151517391205,1.0
433.1032918394887,0.0,500.0,248,4960000,0.0071519907,4.9334806396703055,429.09698478552946,6.999969315302224e-08,50.11967492103577,6.3106443881988525,56.430320501327515,3.910064716450279e-09,-1.2817382355478912e-07,0.9433692693710327,0.2486022710800171,0.022473275661468506,0.2576877474784851,0.26352593302726746,1.0
478.1335959350301,0.0,500.0,249,4980000,0.005933769,7.341777955043088,515.462836189027,-1.03330606293639e-07,50.05571103096008,6.255797863006592,56.31150960922241,6.055831835993786e-09,7.934570334100499e-08,1.2571712732315063,0.28050896525382996,0.012654375284910202,0.1798029989004135,0.223127081990242,1.0
509.2075205851137,0.0,500.0,250,5000000,0.0067626326,8.744228681637223,306.34733820629725,1.255035328995291e-07,50.85675668716431,6.26487398147583,57.12163209915161,-8.440017573718706e-09,1.1291503909660605e-07,1.2741132974624634,0.24794122576713562,0.012320078909397125,0.21640409529209137,0.19459903240203857,1.0
465.4752417745858,0.0,500.0,251,5020000,0.0068061883,7.153417922129297,262.30829848757213,-7.983446153048135e-07,50.46904230117798,6.288676023483276,56.75771951675415,9.775162013170302e-09,-5.859375278305379e-07,0.9190612435340881,0.23077228665351868,0.023677775636315346,0.2696149945259094,0.25109562277793884,1.0
432.97623119014486,0.0,500.0,252,5040000,0.0060617775,8.228661749165529,337.5415786743164,-1.4939308812245145e-07,51.15241050720215,6.446393251419067,57.598806858062744,-1.19209286886246e-09,-3.356933575560106e-08,1.398388147354126,0.25830793380737305,0.010227607563138008,0.15989601612091064,0.18471837043762207,1.0
478.5485028752425,0.0,500.0,253,5060000,0.0067444467,6.471020415937825,257.04626836108554,2.6082994963871897e-07,51.47146677970886,6.3725762367248535,57.84404420852661,1.440048258416482e-08,6.103515470812226e-09,1.0668355226516724,0.24326232075691223,0.017572550103068352,0.18840885162353516,0.22802233695983887,1.0
459.99142381376805,0.0,500.0,254,5080000,0.006577777,9.106108902821875,262.77505447484884,1.325607286162267e-07,50.788623332977295,6.38190221786499,57.1705276966095,-1.287460360543946e-09,2.227783255648319e-07,1.1715792417526245,0.2552255392074585,0.014570898376405239,0.142990842461586,0.21784742176532745,1.0
430.80271613641963,0.0,500.0,255,5100000,0.0074451263,9.649382602333263,262.3556654620322,-3.815650870819809e-07,50.37138891220093,6.316518068313599,56.68790793418884,1.4114379887075756e-08,-2.4414063659605745e-07,1.0541099309921265,0.2307373434305191,0.017999395728111267,0.33442071080207825,0.21889309585094452,1.0
442.1642535427153,0.0,500.0,256,5120000,0.007597308,8.657121368426425,272.42516667068384,7.381439104392484e-08,50.87782955169678,6.260545253753662,57.13837552070618,-6.961822673900997e-09,-7.781982702681489e-08,1.0980452299118042,0.22052304446697235,0.016587818041443825,0.30963441729545593,0.20083245635032654,1.0
490.19470232864916,0.0,500.0,257,5140000,0.006718094,11.487555392077015,404.693610211998,1.1272430811004597e-07,50.30690121650696,6.226479530334473,56.53338170051575,-2.4604798198879507e-08,1.9531249506599124e-07,1.0562174320220947,0.2544800043106079,0.017927637323737144,0.20888909697532654,0.2409352958202362,1.0
470.2458466824602,0.0,500.0,258,5160000,0.006397161,6.868127586735282,273.4016703028588,-1.4948844295759045e-07,50.50505805015564,6.357300758361816,56.86235976219177,4.720687840631399e-09,-4.577636758540393e-08,1.2919336557388306,0.26560303568840027,0.011982548981904984,0.16936160624027252,0.20558568835258484,1.0
501.3823026858564,0.0,500.0,259,5180000,0.0061767646,6.904116554472856,308.53330416345295,-3.312110834485793e-07,50.92750883102417,6.186055898666382,57.11356568336487,2.2125243859250077e-08,-2.5634764710957825e-07,1.375148057937622,0.26327505707740784,0.010576223954558372,0.11206012219190598,0.19145216047763824,1.0
446.9279090612243,1.025,500.0,260,5200000,0.00635705,12.171583486058909,374.4067602947259,-5.299568215377803e-07,50.223864793777466,6.322547197341919,56.5464129447937,8.678436635989328e-09,-4.028320290672127e-07,1.045140266418457,0.2678130269050598,0.01830967515707016,0.14608092606067657,0.2562459707260132,1.0
508.5110331892041,0.0,500.0,261,5220000,0.0060242685,10.886803912660879,209.7226496070813,-1.6775130973201158e-07,50.78218984603882,6.164804458618164,56.94699788093567,1.7452240541615538e-08,-1.3275146670821414e-07,1.322089433670044,0.27874529361724854,0.011442158371210098,0.12564636766910553,0.21083693206310272,1.0
459.85624406344607,0.0,500.0,262,5240000,0.006967468,9.774117170777291,267.07306464128436,7.672309720874182e-08,50.66069173812866,6.19531512260437,56.85600757598877,6.9141385949933465e-09,5.7983399415206804e-08,1.019968032836914,0.24236054718494415,0.01922456920146942,0.3070739507675171,0.23761582374572754,1.0
412.0438742622979,0.0,500.0,263,5260000,0.007026498,6.699631798191435,206.40055057501337,-2.8276442520791534e-08,50.46964240074158,6.278615951538086,56.74825930595398,7.629394338515283e-10,7.781982702681489e-08,1.100362777709961,0.25056007504463196,0.016518019139766693,0.1531296968460083,0.22770677506923676,1.0
489.45606907147123,0.0,500.0,264,5280000,0.006562436,14.839123898402901,183.71394928367275,6.688594567094697e-07,50.7778422832489,6.161790132522583,56.9396333694458,-1.2493133638713516e-08,5.111694463266758e-07,1.4585860967636108,0.2642076015472412,0.009400812909007072,0.11480890214443207,0.1811395287513733,1.0
413.5324236991813,0.0,500.0,265,5300000,0.006934368,6.303695977113809,176.93939040846126,-3.079891257584677e-07,50.26576256752014,6.439756155014038,56.705519676208496,1.3399124476620727e-08,-3.1356810836769e-07,1.0534472465515137,0.253435879945755,0.018022051081061363,0.2664830982685089,0.24057763814926147,1.0
452.7558151538309,0.0,500.0,266,5320000,0.00668332,8.442974926711647,284.64715556733927,3.6430357397421176e-08,51.263245820999146,6.312884092330933,57.576130628585815,8.77380390562621e-09,4.577636936176077e-09,1.198776125907898,0.26641741394996643,0.01391725055873394,0.19035758078098297,0.22224116325378418,1.0
456.6041395953477,0.0,500.0,267,5340000,0.006617792,10.556953409067384,209.06310238200388,1.0948181028425097e-07,51.44325876235962,6.373918294906616,57.81717824935913,4.00543198608716e-09,1.098632793627985e-07,1.2187031507492065,0.2606775760650635,0.013465851545333862,0.20871533453464508,0.2138974964618683,1.0
486.91488498793126,0.0,500.0,268,5360000,0.0074316096,15.772619135516464,220.18361981628806,1.688003514743741e-08,51.08754062652588,6.2143449783325195,57.301886558532715,-9.918212917625624e-09,-5.187988350030537e-08,1.0955497026443481,0.23857250809669495,0.016663476824760437,0.18210020661354065,0.21776510775089264,1.0
439.66607026367126,0.0,500.0,269,5380000,0.006186768,7.733140990688542,192.88231535990528,5.588531593048174e-08,50.759071826934814,6.257868051528931,57.0169415473938,-1.4305114870438729e-09,7.2479249269008506e-09,1.512308120727539,0.27815452218055725,0.008744779974222183,0.10654079169034958,0.18392720818519592,1.0
396.00848087949436,77.475,500.0,270,5400000,0.005407545,6.845481903689682,229.03346545954417,-3.795623797486769e-07,50.88172197341919,6.2613770961761475,57.14310050010681,2.0980834847250662e-09,-4.1961669694501325e-07,1.0510656833648682,0.29009494185447693,0.018103811889886856,0.1865612268447876,0.25209081172943115,1.0
431.41672794678095,0.0,500.0,271,5420000,0.006063265,9.01382131439865,172.21585436292514,3.4046173880142305e-08,50.31489086151123,6.274959564208984,56.58985161781311,-6.675719976811934e-10,-8.85009754370003e-08,1.2478519678115845,0.2714129388332367,0.012844095937907696,0.13252955675125122,0.21750408411026,1.0
447.3919301949044,0.0,500.0,272,5440000,0.0066760103,7.584830832633243,161.42632690235308,-3.98159016867794e-08,51.15339469909668,6.142774820327759,57.296170711517334,-2.956390465769232e-09,2.2888183792701966e-08,1.3646451234817505,0.25856930017471313,0.010739648714661598,0.10333386808633804,0.18947733938694,1.0
462.03432770076563,0.0,500.0,273,5460000,0.006548364,6.9902052121557245,149.5039144868304,2.803802701123459e-08,51.258864641189575,6.217787981033325,57.476654291152954,3.8146971692576415e-10,7.629394893626795e-09,1.2569591999053955,0.24328476190567017,0.012658646330237389,0.14947451651096344,0.193550243973732,1.0
453.7390072979906,0.0,500.0,274,5480000,0.0069143767,8.649064124617606,170.8375806626241,-1.43718708045526e-07,51.269028663635254,6.313682556152344,57.582711935043335,-3.814697446813398e-09,-6.866454782539222e-08,1.2345672845840454,0.24843041598796844,0.01312200166285038,0.1753433495759964,0.2012287974357605,1.0
466.1778663179658,2.19,500.0,275,5500000,0.0060432493,9.125804237195641,176.29588702256513,2.5172232653858373e-07,50.950966596603394,6.199630260467529,57.15059804916382,2.150535571843193e-08,1.5258788721439487e-07,1.3265342712402344,0.2684882879257202,0.011365607380867004,0.13036897778511047,0.20239830017089844,1.0
405.2587791569396,8.76,500.0,276,5520000,0.0069374084,7.505543600981403,148.3388151521136,-2.1743773004345712e-08,51.228862047195435,6.1283793449401855,57.35724234580994,-6.484985437538171e-09,-6.713867151120212e-08,1.154991865158081,0.23928247392177582,0.0149924261495471,0.15492883324623108,0.2071724385023117,1.0
488.1442783265676,0.0,500.0,277,5540000,0.00629505,7.370651631901978,177.7283940406362,3.7288664600509946e-08,50.78802537918091,6.203413248062134,56.99143958091736,-3.7193297330873065e-09,7.324219097881723e-08,1.2994494438171387,0.27661219239234924,0.011844338849186897,0.10937804728746414,0.21286873519420624,1.0
426.99117121928595,0.0,500.0,278,5560000,0.0061524734,8.236386493057202,164.49743654287545,1.149177535353374e-07,50.15559649467468,6.189908742904663,56.34550642967224,2.574920721087892e-09,6.866454960174906e-09,1.3203775882720947,0.25636833906173706,0.01147184707224369,0.17747806012630463,0.19416290521621704,1.0
376.8573614149043,0.0,500.0,279,5580000,0.0064123855,6.530201984362997,168.72734052816014,-2.0503998499066256e-08,50.40583682060242,6.167625665664673,56.573463439941406,-1.1348724626714102e-08,-9.155273872352154e-09,1.256179928779602,0.25573909282684326,0.012674357742071152,0.14905400574207306,0.20358474552631378,1.0
461.0234679912859,0.0,500.0,280,5600000,0.0057885684,7.7811094628777475,129.0077386309387,-4.167556966194752e-08,50.62024760246277,6.212024927139282,56.83227348327637,1.525878978725359e-08,2.5177001816700795e-08,1.1895750761032104,0.2885037660598755,0.014133378863334656,0.11267776787281036,0.24252676963806152,1.0
507.37975894599856,0.0,500.0,281,5620000,0.006705015,13.053721702022917,144.77391868153956,-1.4300346151685517e-07,50.52357006072998,6.0073561668396,56.53092694282532,2.0980834847250662e-08,-3.9672851670502496e-08,1.3499045372009277,0.24770298600196838,0.010975479148328304,0.13394516706466675,0.18349669873714447,1.0
450.2663980542846,0.0,500.0,282,5640000,0.0063809957,7.6669911982906855,126.37282181272082,-7.953643432756508e-08,50.221208572387695,6.292026519775391,56.5132360458374,3.051757735406113e-09,-2.0599365768703137e-08,1.4817712306976318,0.2562360465526581,0.009108927100896835,0.11198793351650238,0.17292548716068268,1.0
432.63310449286837,0.0,500.0,283,5660000,0.0073885466,12.114089648890648,131.0244932041047,-1.043319741711457e-07,50.338250160217285,6.181075096130371,56.51932644844055,9.918212917625624e-09,-5.359649790648291e-08,1.206702470779419,0.22294127941131592,0.013735017739236355,0.16513459384441376,0.1847524344921112,1.0
430.92529957272393,0.0,500.0,284,5680000,0.0054714386,7.460067899515674,140.23368778107272,7.295608117630081e-09,50.899636030197144,6.221083879470825,57.120720863342285,5.006790093631253e-09,-2.4414061883248905e-08,1.3651098012924194,0.29702454805374146,0.010732338763773441,0.11965509504079819,0.21758288145065308,1.0
433.1293263062992,0.0,500.0,285,5700000,0.0060292236,11.246602861896442,140.72381077663155,-1.1048317105633032e-07,50.59545564651489,6.128676176071167,56.7241325378418,3.051757735406113e-09,-6.713867151120212e-08,1.1898211240768433,0.28389421105384827,0.01412753202021122,0.1626608669757843,0.23860245943069458,1.0
446.0281093316589,0.0,500.0,286,5720000,0.0067185946,6.7368387368074645,134.67505495107858,9.584427118625172e-08,51.181304693222046,6.235107660293579,57.41641330718994,-7.629394338515283e-10,5.41687015243042e-08,1.2625898122787476,0.24448424577713013,0.0125459935516119,0.20094186067581177,0.19363713264465332,1.0
454.0065101406164,0.0,500.0,287,5740000,0.006708555,7.253014601871466,130.87098036845018,1.8548965030618092e-08,50.828017473220825,6.412777662277222,57.24079608917236,-3.0994415922691587e-09,3.814697446813398e-09,1.4214073419570923,0.2659803628921509,0.009899025782942772,0.13670913875102997,0.18712465465068817,1.0
470.41310809259403,0.0,500.0,288,5760000,0.0069433833,6.626784992369877,141.44108302122467,-4.5299530793130316e-10,50.736613035202026,6.3118064403533936,57.04842019081116,-2.40802755513414e-09,-1.2207030941624453e-08,1.2654160261154175,0.24840590357780457,0.012490013614296913,0.1357204169034958,0.19630375504493713,1.0
480.31726297231234,0.0,500.0,289,5780000,0.0073499596,6.939974553721726,148.95623996029994,5.989075191337179e-08,50.524245262145996,6.318455696105957,56.84270191192627,-5.531310964812519e-09,8.544921570319275e-08,1.2484034299850464,0.24472923576831818,0.012832751497626305,0.1439433991909027,0.19603382050991058,1.0
476.3297540121803,0.0,500.0,290,5800000,0.0072215074,6.688856438011121,128.91320903802372,-4.7588351037575194e-08,50.82005596160889,6.187062740325928,57.00711941719055,1.201629640235069e-08,-7.629394893626795e-09,1.182154655456543,0.2436896115541458,0.01431136392056942,0.15748682618141174,0.20614026486873627,1.0
425.73856075701104,0.0,500.0,291,5820000,0.0070511475,6.845112143959969,164.88486364085205,-1.2512207092640892e-07,51.01092576980591,6.374293327331543,57.38522005081177,1.6403198799253005e-08,-4.1198731537406275e-08,1.122572422027588,0.24787327647209167,0.01587088033556938,0.19080591201782227,0.2208082377910614,1.0
469.6476875854726,0.0,500.0,292,5840000,0.006719502,8.170410349414606,141.77503735973576,4.024505884103746e-08,50.43794798851013,6.444372653961182,56.882322788238525,-1.3160705414350105e-08,7.400512913591228e-08,1.234244704246521,0.2574114501476288,0.013128862716257572,0.16090600192546844,0.20855790376663208,1.0
442.17413212028293,0.0,500.0,293,5860000,0.006607046,5.6237515927879675,129.97022350821524,-6.990432410702851e-08,51.246235847473145,6.292073726654053,57.538310527801514,-7.152557435219364e-10,-2.6702881683604573e-08,1.094515323638916,0.2619434595108032,0.016694985330104828,0.21026617288589478,0.23932376503944397,1.0
503.94195602893933,0.0,500.0,294,5880000,0.0066955714,8.90441829657099,130.3727145055297,1.2671947935416483e-08,51.18585538864136,6.482782602310181,57.668638944625854,-2.359151807240778e-08,-7.629394338515283e-10,1.2757072448730469,0.2627115547657013,0.012289311736822128,0.12291797250509262,0.2059340476989746,1.0
392.2604011831974,0.0,500.0,295,5900000,0.00746974,6.171108173412882,144.35726560361826,-1.0490417423625331e-07,50.72893762588501,6.390005350112915,57.11894464492798,4.1961669694501325e-09,-5.187988350030537e-08,1.0274661779403687,0.21695704758167267,0.018945002928376198,0.1978996843099594,0.21115732192993164,1.0
478.15634126488567,0.0,500.0,296,5920000,0.0072783297,7.3094317580484285,122.46854498796402,1.1301040991895661e-08,51.021180868148804,6.3530213832855225,57.37420320510864,-1.0108947456899386e-08,-3.051757735406113e-09,1.090907096862793,0.23606456816196442,0.016805607825517654,0.17241418361663818,0.21639291942119598,1.0
378.5438596745003,0.0,500.0,297,5940000,0.006009078,5.773346725998411,113.22223827094788,-2.412796007433826e-08,51.19736838340759,6.178368091583252,57.37573766708374,-3.051757735406113e-09,6.866454960174906e-09,1.2084674835205078,0.2728297710418701,0.013694927096366882,0.12873722612857819,0.22576509416103363,1.0
387.02704294587016,0.0,500.0,298,5960000,0.0064468207,5.204521407898824,120.90708660927548,1.6403197022896165e-08,50.60780334472656,6.224212408065796,56.832016706466675,8.678436635989328e-09,-4.1961669694501325e-09,1.1493834257125854,0.2714700400829315,0.01513909362256527,0.1396140456199646,0.23618753254413605,1.0
452.1058898034169,0.0,500.0,299,5980000,0.0066939215,7.2061390442453375,137.3674147247509,2.6893614446521497e-08,50.378937005996704,6.318784236907959,56.69772243499756,2.38418573772492e-09,-1.2969970875076342e-08,1.165693998336792,0.26415130496025085,0.01471839752048254,0.17433805763721466,0.22660432755947113,1.0
456.5462060865092,0.0,500.0,300,6000000,0.0064742737,6.042483764848892,122.09093670693173,2.7656556156330225e-08,50.52895927429199,6.2799248695373535,56.80888557434082,-1.277923544762416e-08,3.509521562250484e-08,1.330251932144165,0.2636335492134094,0.011302169412374496,0.16362152993679047,0.1981831192970276,1.0
417.5602821617078,0.0,500.0,301,6020000,0.0073244097,7.515504581305631,154.4222182450021,3.623962641086109e-08,51.46521019935608,6.244935750961304,57.710147857666016,9.536743617033494e-10,2.956390332542469e-08,1.0451397895812988,0.23324339091777802,0.018309691920876503,0.33344486355781555,0.22316960990428925,1.0
460.5596076282239,0.0,500.0,302,6040000,0.006331054,12.492730826481132,151.0981671521618,-8.411407748099009e-08,50.30867123603821,6.218862056732178,56.52753400802612,-2.2888184680880386e-09,-6.027221388649195e-08,1.3271116018295288,0.2643809914588928,0.011355720460414886,0.11901383846998215,0.19921539723873138,1.0
437.25346160694005,0.0,500.0,303,6060000,0.006012137,7.119536484882331,131.82051737111087,-1.0552406592978514e-07,50.25306057929993,6.179332733154297,56.43239426612854,-1.8596648665436533e-09,-1.5869140668200998e-07,1.3177788257598877,0.27670806646347046,0.011517137289047241,0.09218692034482956,0.20998068153858185,1.0
432.87261355910766,0.0,500.0,304,6080000,0.0069209184,9.193893567923528,119.64113506633005,-1.3971329337891802e-07,51.50356864929199,6.119717597961426,57.623286962509155,1.3160705414350105e-08,-2.9373168786150927e-08,1.0874279737472534,0.2719862163066864,0.016913313418626785,0.22192218899726868,0.25011885166168213,1.0
451.68368220433115,0.0,500.0,305,6100000,0.006835915,12.04878167240483,126.69984748986117,1.0967255548166577e-08,50.43783259391785,6.068808555603027,56.50664210319519,-4.76837147544984e-09,3.662109548940862e-08,1.1195991039276123,0.2642594277858734,0.015955287963151932,0.18792769312858582,0.23603036999702454,1.0
470.4578297744394,0.0,500.0,306,6120000,0.00662753,11.01696427248086,111.46834409191351,-4.568099853941021e-08,51.372429847717285,6.239879846572876,57.612311124801636,-8.916854810081531e-09,-7.2479249269008506e-09,1.1715080738067627,0.2560177743434906,0.014572670683264732,0.19121453166007996,0.21853692829608917,1.0
472.8210860277471,0.0,500.0,307,6140000,0.0064028017,7.9311848562993825,136.87246717708126,-8.13961023027332e-08,50.80589437484741,6.315644264221191,57.12154030799866,-9.489059316081239e-09,-6.103515914901436e-08,1.2371923923492432,0.26736927032470703,0.013066377490758896,0.14988934993743896,0.2161097228527069,1.0
428.23717757712,0.0,500.0,308,6160000,0.006542941,8.040787685752674,111.99558832448,-1.9645691295977485e-08,51.43999433517456,6.422307729721069,57.862303018569946,-4.863739189175931e-09,4.0435789827597546e-08,1.2154498100280762,0.2669124901294708,0.013538033701479435,0.15329690277576447,0.21959975361824036,1.0
478.47268550057635,0.0,500.0,309,6180000,0.0068909577,9.216087915942927,109.89602936665723,2.6655197160607713e-08,50.97584342956543,6.241752624511719,57.217597007751465,5.102157807357344e-09,8.85009754370003e-08,1.2678807973861694,0.2489549219608307,0.012441501021385193,0.19170115888118744,0.1963551640510559,1.0
415.07503012621066,0.0,500.0,310,6200000,0.007301927,6.791979219351605,107.6182427132965,-3.437995843569297e-08,50.48176431655884,6.226160526275635,56.70792603492737,1.2207030941624453e-08,4.577636936176077e-09,1.1190910339355469,0.24748291075229645,0.0159697774797678,0.14337605237960815,0.22114640474319458,1.0
392.2127761262415,0.0,500.0,311,6220000,0.0071504586,4.527008777059567,107.6362024392292,-4.215240423377509e-08,50.39984059333801,6.168072938919067,56.567914724349976,1.907348590179936e-08,-3.585815377959989e-08,1.1087915897369385,0.25426337122917175,0.016267837956547737,0.14272530376911163,0.22931571304798126,1.0
389.57720025235244,0.0,500.0,312,6240000,0.007440933,7.828775131322776,103.61223180005504,-1.3971328094442015e-08,49.645824670791626,5.924227476119995,55.57005310058594,5.245208711812666e-10,-3.852844088214624e-08,0.997437059879303,0.2189965695142746,0.020102903246879578,0.22141870856285095,0.21955928206443787,1.0
445.1933856663104,0.0,500.0,313,6260000,0.0066064172,6.526402834570332,101.9741530740337,-1.1444092340440193e-09,49.85883665084839,6.237013578414917,56.09585118293762,1.0871887390351276e-08,-6.866454960174906e-09,1.2320480346679688,0.26076963543891907,0.01317572221159935,0.12888425588607788,0.21165545284748077,1.0
462.22775997887265,0.0,500.0,314,6280000,0.0065972726,5.092693238197619,157.2201800984182,-1.2397766369076635e-08,49.99280309677124,6.15282130241394,56.1456253528595,1.907348723406699e-09,9.155273872352154e-09,1.4554696083068848,0.25921696424484253,0.009441113099455833,0.147565558552742,0.17809852957725525,1.0
489.20874702939864,0.0,500.0,315,6300000,0.0067219604,7.330029480016915,100.16912581814323,-5.540847780594049e-08,50.43572926521301,6.21796441078186,56.65369534492493,9.107589349355294e-09,-2.1362303925798187e-08,1.1768468618392944,0.23688770830631256,0.014440750703215599,0.19998717308044434,0.20129013061523438,1.0
430.0080674313149,0.0,500.0,316,6320000,0.007052199,5.21228375510805,95.00462811706932,1.184463513936862e-07,49.754700660705566,6.1666624546051025,55.921364068984985,-3.2424927187690855e-09,9.078979701371281e-08,1.1941561698913574,0.23435841500759125,0.014025146141648293,0.2866908609867096,0.1962544023990631,1.0
408.32733266445223,0.0,500.0,317,6340000,0.0061831223,10.834210445926448,119.69945738482627,7.96318033735588e-08,49.694743156433105,6.306695461273193,56.001439332962036,-1.2302399099439754e-08,2.8228759774151513e-08,1.373456597328186,0.26786041259765625,0.01060228981077671,0.14298610389232635,0.1950264722108841,1.0
421.0648053668556,0.0,500.0,318,6360000,0.006672342,6.031535260996241,93.64586725903165,-3.98159016867794e-08,49.700977087020874,6.180872201919556,55.881850242614746,2.231597839852384e-08,-3.128051773160223e-08,1.0953980684280396,0.2591659128665924,0.016668088734149933,0.2143196314573288,0.23659521341323853,1.0
470.5682006322089,0.025,500.0,319,6380000,0.0065892725,5.458275736820926,101.49287011213363,8.578300736417077e-08,49.6954505443573,6.157983779907227,55.85343527793884,-9.63211022053656e-09,2.1362303925798187e-08,1.001631498336792,0.2519989013671875,0.019934888929128647,0.18538212776184082,0.2515884339809418,1.0
434.22277214415925,3.3,500.0,320,6400000,0.0076046996,6.005057265044777,104.07577071949176,-3.2138824934691e-08,49.955552101135254,6.277729272842407,56.233283281326294,2.3651123726153855e-08,2.39372255350645e-08,1.1997989416122437,0.22311058640480042,0.013893533498048782,0.21708528697490692,0.18595662713050842,1.0
458.78072803070955,2.2,500.0,321,6420000,0.00738828,11.847091734940838,90.83028804025832,3.7240983630226765e-08,50.358229637145996,6.311234951019287,56.6694655418396,4.4345855876315454e-09,4.539489850685641e-08,0.989035964012146,0.2318354845046997,0.020445872098207474,0.2914174795150757,0.2344054877758026,1.0
496.501877355483,0.0,500.0,322,6440000,0.0063697444,8.09750324510465,104.59510848415886,6.980896216646215e-08,49.679606199264526,6.124525547027588,55.80413246154785,-6.1988831845383174e-09,3.051757957450718e-08,1.1656286716461182,0.2624533772468567,0.014720048755407333,0.22999632358551025,0.2251603752374649,1.0
466.01819950558547,0.0,500.0,323,6460000,0.0076305647,8.169621441015012,101.92767643047746,-7.820130321078977e-09,50.42904210090637,6.376872301101685,56.80591678619385,-1.3065338144713223e-08,-3.509521562250484e-08,1.0130095481872559,0.23002631962299347,0.0194895900785923,0.27529415488243103,0.22707220911979675,1.0
456.61369784571633,0.0,500.0,324,6480000,0.0059556197,9.431317377090455,97.75058930026498,-3.0088425972962796e-08,49.8858323097229,6.21680760383606,56.102640867233276,-6.055831835993786e-09,6.103515470812226e-09,1.3255623579025269,0.277067095041275,0.01138227991759777,0.13396206498146057,0.2090185582637787,1.0
458.99401335266566,0.0,500.0,325,6500000,0.0075288727,6.504935322597528,106.584981065495,-5.669593505785997e-08,49.60307216644287,6.151286602020264,55.75435972213745,1.907348723406699e-09,-2.7465819840699623e-08,1.3177056312561035,0.24107661843299866,0.011518415994942188,0.13134799897670746,0.18295180797576904,1.0
460.2904651623832,0.0,500.0,326,6520000,0.0066596963,6.283539460874667,93.24614760283453,4.148483334631692e-09,49.708693742752075,5.995625019073486,55.70431971549988,-2.3603439203156995e-09,-3.280639759850601e-08,1.1396148204803467,0.2561412751674652,0.015399745665490627,0.1464427262544632,0.2247612476348877,1.0
455.3640589461368,8.8,500.0,327,6540000,0.0072098672,8.111801708579822,117.55975658149477,-1.3351444394515966e-09,50.059566259384155,6.08853006362915,56.14809703826904,-1.4019012617438875e-08,1.525878978725359e-08,1.0311028957366943,0.23936611413955688,0.018811602145433426,0.21676753461360931,0.23214566707611084,1.0
481.11167949461407,0.0,500.0,328,6560000,0.007166796,7.638067914422151,87.50944741607472,-5.378723244575667e-08,50.453885078430176,6.102016925811768,56.55590319633484,-2.6226043559063328e-09,-4.1961669694501325e-08,1.2782338857650757,0.23745094239711761,0.012240776792168617,0.22604289650917053,0.1857648491859436,1.0
395.1338460565724,0.0,500.0,329,6580000,0.0057337563,6.72269604676848,91.43392252830942,-3.5524370112227643e-09,49.57441186904907,6.070810794830322,55.64522337913513,7.3909758313561724e-09,-3.814697446813398e-09,1.1899164915084839,0.29229405522346497,0.014125268906354904,0.16067296266555786,0.24564246833324432,1.0
430.2767542071189,0.0,500.0,330,6600000,0.006651658,8.779908480765712,93.33713741423978,3.1709671333146616e-08,50.08341193199158,6.068651437759399,56.15206432342529,-1.0776520120714395e-08,1.3732909920349812e-08,1.4203089475631714,0.27127039432525635,0.009914342314004898,0.1392313688993454,0.19099389016628265,1.0
439.9174645790921,0.0,500.0,331,6620000,0.006141297,9.098476309077755,90.41614427991733,9.09805280002729e-08,49.96119809150696,6.139195442199707,56.1003942489624,3.6239624634504253e-09,6.294250454175199e-08,1.365127682685852,0.27674490213394165,0.010732058435678482,0.11430954933166504,0.20272454619407654,1.0
531.6676489683211,0.0,500.0,332,6640000,0.0072230096,12.399052898595288,79.32912286649085,7.677078528445236e-09,50.1070601940155,5.885192632675171,55.99225354194641,6.008148201175345e-09,1.678466787780053e-08,1.3624176979064941,0.2374175488948822,0.010774795897305012,0.17381775379180908,0.1742619276046753,1.0
500.01739666263455,0.4800000000000001,500.0,333,6660000,0.006318848,11.83884152014544,95.05146923186673,-4.234313877304885e-08,50.0273871421814,6.098485231399536,56.12587332725525,5.62667867853861e-09,-7.629394360719743e-08,1.3338311910629272,0.2576289176940918,0.011241593398153782,0.23942607641220093,0.19314958155155182,1.0
451.85255101211567,4.220000000000001,500.0,334,6680000,0.006790258,8.256654427005987,81.49500621139623,8.77380390562621e-09,50.05661916732788,6.104400157928467,56.16102051734924,3.814697446813398e-09,-6.103515470812226e-09,1.2158949375152588,0.25462308526039124,0.013528123497962952,0.19522354006767273,0.20941206812858582,1.0
509.2472354196676,0.375,500.0,335,6700000,0.0073534944,10.83799501209502,84.50400783271546,2.0122527644161892e-08,50.01458978652954,6.092294216156006,56.10688495635986,5.722046170220096e-10,1.1444092340440193e-09,1.0852482318878174,0.24643222987651825,0.016981326043605804,0.31632670760154724,0.2270745187997818,1.0
446.51870796674893,0.0,500.0,336,6720000,0.0067831795,11.2304973620518,80.2741515432953,-1.0967254659988157e-08,50.488728284835815,6.067167282104492,56.555896520614624,6.771087690538025e-09,-4.577636936176077e-09,1.314919352531433,0.26016342639923096,0.011567283421754837,0.18426313996315002,0.19785502552986145,1.0
454.01048352537055,0.0,500.0,337,6740000,0.0058388403,8.585545390578591,81.73731524716517,-5.4073332478310476e-08,49.700056314468384,6.034674406051636,55.734731674194336,1.0585784693262212e-08,-3.433227391269611e-08,1.1866683959960938,0.29116004705429077,0.01420269813388586,0.17129266262054443,0.2453591674566269,1.0
493.7915683367113,8.95,500.0,338,6760000,0.0072107124,9.087637871997371,79.99784405459265,-1.1730193705261627e-08,49.75859713554382,6.093249320983887,55.851847410202026,2.0980834847250662e-09,1.9359589487066842e-08,1.1991487741470337,0.24561168253421783,0.01390860415995121,0.21965649724006653,0.20482173562049866,1.0
538.4693195606234,0.0,500.0,339,6780000,0.0070390054,11.7598880365396,77.13327042889443,6.103515914901436e-09,49.951204776763916,6.079917907714844,56.031123876571655,-2.2888184680880386e-09,-1.2207030941624453e-08,1.2233988046646118,0.248317688703537,0.01336267963051796,0.15196585655212402,0.2029736191034317,1.0
526.005540031703,863.875,500.0,340,6800000,0.0067939493,23.889355465105385,5504.045379740721,-2.2001268007443286e-06,50.58816409111023,6.248384237289429,56.83654999732971,1.5258788677030566e-09,1.025390588438313e-06,0.8987639546394348,0.2584460377693176,0.024759309366345406,0.16891103982925415,0.2973509430885315,3.0
467.03533801852217,0.0,500.0,341,6820000,0.006822887,9.36273692732404,191.60187077127443,-3.6716469864472856e-09,50.23914074897766,6.294052839279175,56.53319454193115,1.3923645347801994e-08,8.544921570319275e-08,1.0424115657806396,0.24875757098197937,0.01840565912425518,0.20702813565731049,0.23863665759563446,1.0
438.29049146440354,0.0,500.0,342,6840000,0.0063030226,8.324474066989437,552.8279366560043,-2.8614996949727356e-07,50.23885941505432,6.025139093399048,56.263999223709106,-8.630753001170888e-09,-2.4414063659605745e-07,1.3704694509506226,0.28061458468437195,0.010648559778928757,0.15616759657859802,0.20475801825523376,1.0
394.36271181983017,0.0,500.0,343,6860000,0.006132656,5.686916231957211,306.8634214219014,6.713867151120212e-08,49.593708753585815,5.966844081878662,55.56055426597595,-7.534026735811494e-09,4.577636936176077e-09,0.9839341044425964,0.2740758955478668,0.020658452063798904,0.1672915816307068,0.2785510718822479,1.0
454.06546794929307,0.0,500.0,344,6880000,0.006573486,7.199937601453939,121.49180233220386,1.8596647777258113e-08,49.506657123565674,5.961541652679443,55.468199729919434,1.1920929132713809e-08,6.484985437538171e-09,1.0127638578414917,0.26215285062789917,0.019499044865369797,0.21676117181777954,0.2588489055633545,1.0
438.98933098582893,0.0,500.0,345,6900000,0.006868882,7.083083598780784,92.28486292164797,-7.295608384083607e-08,49.2565975189209,5.996917724609375,55.25351619720459,5.054473728449693e-09,-6.713867151120212e-08,1.269538164138794,0.24768301844596863,0.012409038841724396,0.13816875219345093,0.195096954703331,1.0
500.70297614574673,0.0,500.0,346,6920000,0.007869246,15.886005575641706,87.47166384557251,-6.87599239768133e-08,49.38660669326782,6.032170534133911,55.41877841949463,7.915496702537439e-09,1.7929076889799944e-08,1.4015604257583618,0.23944039642810822,0.010181362740695477,0.23049089312553406,0.17083843052387238,1.0
459.1556848899336,143.55749999999998,500.0,347,6940000,0.004207006,11.571633440521872,7883.735697606567,7.743358878542494e-07,50.0818407535553,6.17032265663147,56.25216484069824,-5.006790093631253e-09,1.708984314063855e-07,0.8086398839950562,0.23122335970401764,0.03058577887713909,0.15762323141098022,0.35667884349823,2.0
419.4458551969624,334.9675,500.0,348,6960000,0.006313955,5.916201663320991,126.81136299667844,1.1825561330169876e-07,49.6101861000061,6.021000385284424,55.63118767738342,-3.8146971692576415e-10,6.256103546320446e-08,1.026774525642395,0.2765869200229645,0.018970537930727005,0.22478392720222473,0.2656652629375458,1.0
385.0932778606802,0.0,500.0,349,6980000,0.0076897833,7.529736690156779,141.87882049463357,1.279830996736564e-07,49.233826637268066,6.01099705696106,55.24482488632202,9.059906158626063e-10,1.0070800726680318e-07,1.2660720348358154,0.23375244438648224,0.012477075681090355,0.14505527913570404,0.18462806940078735,1.0
443.87133585401443,0.0,500.0,350,7000000,0.0072890176,6.032586324290865,98.11158974034012,-1.08909603113716e-07,49.13230109214783,5.936442136764526,55.06874394416809,-9.012222079718413e-09,-5.7983399415206804e-08,0.9626538157463074,0.2446296364068985,0.021581891924142838,0.26818233728408813,0.2541200518608093,1.0
396.5789025018828,0.0,500.0,351,7020000,0.0077259294,5.641024580123318,124.3744830574959,6.380081174484076e-08,48.8855504989624,5.957130193710327,54.842681646347046,-8.392333938900265e-09,-1.0681151962899094e-08,1.0452498197555542,0.2364705204963684,0.018305836245417595,0.3088833689689636,0.22623354196548462,1.0
425.1638289375034,0.0,500.0,352,7040000,0.007163699,6.912286238609606,88.0677029166252,1.0142326090090137e-07,49.41163396835327,5.888009786605835,55.29964470863342,-9.679794743533421e-09,6.103515470812226e-09,1.2874091863632202,0.2410212755203247,0.012066920287907124,0.1912112981081009,0.1872142106294632,1.0
456.15047591610056,0.0,500.0,353,7060000,0.0065841544,6.234618979198918,82.95082490277139,1.1072158656588726e-07,49.11073875427246,5.962600231170654,55.07334017753601,-3.1471252270875993e-08,1.1444091896350983e-08,1.032331109046936,0.26074323058128357,0.018766865134239197,0.24966475367546082,0.25257715582847595,1.0
478.0993598066475,0.0,500.0,354,7080000,0.0076995385,7.639679671245016,79.13696041714614,8.1682202335287e-08,49.564619302749634,5.96064829826355,55.52526879310608,-2.1791457527342573e-08,2.2888183792701966e-08,1.0953654050827026,0.24152591824531555,0.016669083386659622,0.15823900699615479,0.22049805521965027,1.0
498.0017374674341,0.0,500.0,355,7100000,0.007154364,7.573638299164498,75.5980661817417,-4.577636492086867e-09,49.28378129005432,5.983824968338013,55.26760721206665,8.678436635989328e-09,1.754760781125242e-08,1.3275011777877808,0.2607138752937317,0.011349055916070938,0.1650855392217636,0.1963944286108017,1.0
411.1210655357815,0.0,500.0,356,7120000,0.007205092,7.4449208475222255,76.46371877876817,7.152557657263969e-09,49.18707799911499,5.990296363830566,55.177375078201294,-5.62667867853861e-09,1.4877318932349226e-08,1.0852391719818115,0.21274235844612122,0.016981609165668488,0.3486827313899994,0.19603270292282104,1.0
390.869095646959,0.0,500.0,357,7140000,0.006991166,5.97691975748463,73.90633647942998,4.482269666539196e-09,48.77831792831421,5.964299201965332,54.742618560791016,-4.625320570994518e-09,2.1362303925798187e-08,0.9207302927970886,0.24011313915252686,0.023592010140419006,0.33045950531959534,0.2607854902744293,1.0
435.27616710869006,0.0,500.0,358,7160000,0.0075549944,11.403522743237247,71.58905727605152,8.144378682573006e-08,48.92723250389099,5.936751127243042,54.86398458480835,1.0299682884351569e-08,5.226135257885289e-08,1.2914303541183472,0.23746374249458313,0.011991890147328377,0.17171283066272736,0.18387654423713684,1.0
418.72991063096003,0.0,500.0,359,7180000,0.0072708023,5.904443898170617,74.85444020556797,1.2397765480898215e-08,49.17421317100525,6.09001088142395,55.264225006103516,-1.7166137400437265e-09,-3.814697446813398e-09,0.9377117156982422,0.22119452059268951,0.022745274007320404,0.24779431521892548,0.2358875572681427,1.0
460.10070039791924,0.0,500.0,360,7200000,0.007653245,9.897550160565954,70.97825686946796,3.671645210090446e-09,49.57976317405701,6.025857448577881,55.605621576309204,5.7220459481754915e-09,-3.051757735406113e-09,1.1240665912628174,0.2315252125263214,0.015828711912035942,0.14905598759651184,0.20597109198570251,1.0
405.8282234489349,0.0,500.0,361,7220000,0.0069602784,6.678088922105777,70.13345074744741,7.362366005736476e-08,49.502630949020386,5.99906849861145,55.50170040130615,1.0108947456899386e-08,2.6702881683604573e-08,0.6307192444801331,0.2645270824432373,0.05027564615011215,0.2072175294160843,0.41940543055534363,1.0
396.9602186836402,0.0,500.0,362,7240000,0.0073453444,6.014220165750783,71.48405447795892,5.698204219584113e-08,49.42473387718201,5.958755016326904,55.38348960876465,-7.343292196537732e-09,5.6457519548303026e-08,1.035793662071228,0.24043716490268707,0.018641602247953415,0.26123514771461487,0.23212848603725433,1.0
429.3950037572489,0.0,500.0,363,7260000,0.007988662,7.608687111982115,69.76162899284606,-5.25474526114067e-08,49.47470140457153,6.000616788864136,55.475319623947144,3.6239624634504253e-09,-5.6457519548303026e-08,1.0606106519699097,0.21985016763210297,0.017779428511857986,0.24996885657310486,0.20728643238544464,1.0
425.4981387315519,0.0,500.0,364,7280000,0.0070553054,8.97062367831066,68.24050221048343,-3.2424927187690855e-09,49.64851784706116,6.028428077697754,55.67694711685181,-5.62667867853861e-09,-8.392333938900265e-09,1.371954083442688,0.24012383818626404,0.010625524446368217,0.1623190939426422,0.17502325773239136,1.0
401.80440651303644,0.0,500.0,365,7300000,0.0075542955,6.632192672134205,68.89820404295709,3.118515223832219e-08,48.822805404663086,5.962079048156738,54.78488540649414,-2.717971847587819e-09,1.125335735707722e-08,0.9194324016571045,0.2088741809129715,0.023658663034439087,0.20187869668006897,0.22717729210853577,1.0
436.7830458176098,0.0,500.0,366,7320000,0.0074168504,7.67284599504653,65.5263731719582,-4.66346747884927e-08,49.06181859970093,5.9442408084869385,55.0060601234436,-5.722046170220096e-10,-5.340575981449547e-09,1.0648456811904907,0.21679843962192535,0.01763828471302986,0.27867570519447327,0.20359614491462708,1.0
395.6778156480541,0.0,500.0,367,7340000,0.0070119062,5.3722454648108995,65.6540742594725,-3.910064272361069e-09,49.085484981536865,6.173691511154175,55.25917720794678,-9.012222079718413e-09,-1.287460360543946e-08,1.0254497528076172,0.27067404985427856,0.019019581377506256,0.16524195671081543,0.2639564573764801,1.0
384.6742901194856,0.0,500.0,368,7360000,0.0071238596,5.007221886306811,61.87021090270607,-3.9720536193499356e-08,48.7363817691803,6.00676965713501,54.743152141571045,4.768371461572052e-11,-5.7220459481754915e-09,1.1619367599487305,0.25132206082344055,0.01481373980641365,0.24496933817863464,0.2162957787513733,1.0
424.2887058771207,0.0,500.0,369,7380000,0.0075539374,6.405490808426195,58.03960145598005,3.3998489357145445e-08,49.22988772392273,5.932478666305542,55.16236734390259,-9.107589349355294e-09,-3.051757735406113e-09,1.0619169473648071,0.2178284376859665,0.017735712230205536,0.322132408618927,0.20512755215168,1.0
425.470259045988,0.0,500.0,370,7400000,0.00730518,6.048756659562421,60.99833217790932,-9.60826884721655e-09,49.02220821380615,6.040067434310913,55.06227684020996,2.00271599304358e-09,3.814697446813398e-09,0.9307008981704712,0.22455409169197083,0.02308923564851284,0.34722673892974854,0.24127419292926788,1.0
432.0169164470184,0.0,500.0,371,7420000,0.0068874075,6.490574173866563,58.91732409531903,2.2888182460434336e-09,49.3682119846344,6.0052313804626465,55.37344408035278,-4.4345855876315454e-09,-6.103515470812226e-09,1.134909987449646,0.2491491138935089,0.015527687035501003,0.20737479627132416,0.21953201293945312,1.0
447.5074302232964,0.0,500.0,372,7440000,0.0065592453,7.092013889816916,58.56696045019065,-2.555847089524832e-08,49.29116129875183,5.9870500564575195,55.27821207046509,2.0980834847250662e-09,-1.831054774470431e-08,1.2842504978179932,0.2500954866409302,0.012126351706683636,0.14392216503620148,0.19474045932292938,1.0
448.23461847791475,0.0,500.0,373,7460000,0.0072766542,6.856974187170624,56.10936578884246,4.7683719195390495e-09,49.01007294654846,5.976217985153198,54.9862916469574,-8.964538444899972e-09,-1.907348590179936e-08,1.1896857023239136,0.22686924040317535,0.014130747877061367,0.2891746163368225,0.1906968355178833,1.0
403.1516232384822,0.0,500.0,374,7480000,0.007310822,7.208174411202692,58.08619507710645,-5.531311408901729e-09,49.18885803222656,6.013442754745483,55.20230174064636,-3.051757735406113e-09,3.051757735406113e-09,0.9715173840522766,0.2427617460489273,0.021189887076616287,0.19262920320034027,0.24987897276878357,1.0
478.9495988232382,0.0,500.0,375,7500000,0.007238392,6.039597301118693,52.69395794959585,3.032684148251974e-08,49.28677415847778,5.869772672653198,55.15654802322388,1.3351440841802287e-08,3.204345588869728e-08,0.9883303046226501,0.22484928369522095,0.020475078374147415,0.3464268147945404,0.22750423848628998,1.0
425.1371895931958,0.0,500.0,376,7520000,0.007116259,5.728687180531253,52.92377531695518,2.00271599304358e-09,49.66026043891907,6.024695634841919,55.6849570274353,-8.82148754044465e-09,4.959106458812812e-09,1.04081130027771,0.23440665006637573,0.018462300300598145,0.17138619720935822,0.22521533071994781,1.0
442.29698505753913,0.0,500.0,377,7540000,0.007799593,5.539000475482577,53.27312715129488,2.088546757761378e-08,49.12640118598938,5.97661018371582,55.103012561798096,7.629394338515283e-10,-1.4877318932349226e-08,1.2054457664489746,0.22989527881145477,0.013763673603534698,0.20677338540554047,0.19071391224861145,1.0
399.3132010335665,0.0,500.0,378,7560000,0.006538913,6.060277555854457,51.25737360085651,1.8024444159436825e-08,48.93080472946167,6.027415037155151,54.95822095870972,4.4345855876315454e-09,-1.525878978725359e-08,0.8741270303726196,0.24067620933055878,0.026174642145633698,0.266839861869812,0.2753331959247589,1.0
404.93109531387864,0.0,500.0,379,7580000,0.0074422075,4.918198818917487,50.69595929771472,-3.19957749184141e-08,49.0805926322937,5.979910135269165,55.0605034828186,-1.2540817273531957e-08,-2.3841858265427618e-08,1.0722438097000122,0.21619872748851776,0.017395727336406708,0.3096294403076172,0.2016320675611496,1.0
507.2293929817803,0.0,500.0,380,7600000,0.0068576164,5.7543462944638195,47.45117394028196,-7.677078528445236e-09,49.21547174453735,5.943085670471191,55.15855813026428,2.8610229740877458e-09,-4.76837147544984e-09,1.0715556144714355,0.22379164397716522,0.01741808094084263,0.5130112767219543,0.20884741842746735,1.0
475.7075592424734,0.0,500.0,381,7620000,0.0071622133,8.193095004027057,47.041755175742374,-4.644394024921894e-08,49.19410967826843,6.086157560348511,55.28026795387268,2.317428560161261e-08,-8.201599399626502e-09,1.455802083015442,0.21751102805137634,0.009436801075935364,0.14618203043937683,0.14940974116325378,1.0
453.8425867323373,0.0,500.0,382,7640000,0.007625708,7.004274552339202,45.88943728064276,3.19480886190604e-09,49.64495539665222,6.077343225479126,55.722299575805664,-1.2445450003895075e-08,-1.506805347162299e-08,1.010360836982727,0.22165927290916443,0.019591907039284706,0.2160114198923111,0.2193862348794937,1.0
402.51151912275475,0.0,500.0,383,7660000,0.0076575507,7.397978625024201,43.39999874868211,2.6702882127693783e-09,49.17004632949829,6.02373480796814,55.193782329559326,-1.0299682884351569e-08,5.149841442175784e-09,0.972592294216156,0.20390237867832184,0.021143075078725815,0.21931956708431244,0.20964840054512024,1.0
496.9159628031033,0.0,500.0,384,7680000,0.0077300216,7.6303302637331045,41.92354850283094,6.484984993448961e-09,48.65935707092285,6.068416357040405,54.727774143218994,-3.910064716450279e-09,-3.6239624634504253e-09,1.0404263734817505,0.21685606241226196,0.018475960940122604,0.31660693883895874,0.20843002200126648,1.0
476.0442998494382,0.0,500.0,385,7700000,0.0067059975,7.221489182399337,43.6744227852791,1.9454956756703723e-08,49.20033884048462,6.018563270568848,55.21890330314636,4.386901952813105e-09,0.0,1.0693819522857666,0.24112309515476227,0.017488963901996613,0.20100615918636322,0.22547893226146698,1.0
434.087020170488,0.0,500.0,386,7720000,0.006186235,5.6350634571852956,40.823303652720845,-2.8944015184606542e-08,49.07984685897827,6.084388732910156,55.1642370223999,5.245208711812666e-10,-6.055831835993786e-09,0.8618435263633728,0.2749204933643341,0.02692607045173645,0.19247311353683472,0.31899121403694153,1.0
424.03592492911304,0.0,500.0,387,7740000,0.0065475577,5.738367550084545,40.718808692883535,-2.5177001816700795e-08,49.38070583343506,6.006755828857422,55.3874626159668,-8.106232129989621e-09,-2.4509429152885787e-08,1.2324784994125366,0.25878462195396423,0.013166519813239574,0.16136522591114044,0.2099708765745163,1.0
456.10941834527966,0.0,500.0,388,7760000,0.008134519,8.047834096896421,39.6201205794219,-1.9359587710710002e-08,49.2670955657959,6.074131011962891,55.341227531433105,1.8596648665436533e-09,-7.820129432900558e-09,1.221964716911316,0.21969641745090485,0.013394063338637352,0.1950354278087616,0.1797894835472107,1.0
455.35821909365404,0.0,500.0,389,7780000,0.0068855262,8.31865732442042,37.395377704596065,1.0967254659988157e-08,49.105610609054565,6.031428575515747,55.137040853500366,-1.3351439953623867e-09,4.100799699813251e-09,1.1351044178009033,0.24513088166713715,0.015522371977567673,0.18460030853748322,0.21595445275306702,1.0
435.1527287297,0.0,500.0,390,7800000,0.00783641,9.892924068080392,41.676374600647364,1.597404342135178e-08,49.11614513397217,5.945780515670776,55.06192636489868,7.152557435219364e-10,1.1444092340440193e-09,1.1045705080032349,0.22249120473861694,0.016392409801483154,0.31499961018562317,0.20142780244350433,1.0
417.8637315303889,0.0,500.0,391,7820000,0.007093506,6.204403391309604,37.798094949904524,-4.413127996372168e-08,49.36905550956726,6.045376539230347,55.414432764053345,2.145767119543507e-09,-7.629394893626795e-09,1.1038362979888916,0.23545148968696594,0.016414223238825798,0.21169857680797577,0.213302880525589,1.0
450.62782512231496,0.0,500.0,392,7840000,0.0073224623,4.539039726925504,36.31741510136112,7.915497590715859e-09,49.22824025154114,5.8332366943359375,55.06147837638855,1.2445450003895075e-08,2.6130676289426447e-08,1.1531798839569092,0.23655655980110168,0.015039574354887009,0.29912373423576355,0.20513418316841125,1.0
475.0306841092911,0.0,500.0,393,7860000,0.0067754425,6.911921991967851,34.49786864602642,1.0013580187262505e-08,49.39457035064697,6.061481714248657,55.456053018569946,3.910064716450279e-09,4.76837147544984e-09,1.2475783824920654,0.24130555987358093,0.01284972857683897,0.15883471071720123,0.19341914355754852,1.0
413.41367303970276,0.0,500.0,394,7880000,0.0077329734,5.186767889739602,32.885168180040495,-3.862380637542628e-09,49.227128744125366,5.982310056686401,55.209439754486084,8.201599399626502e-09,1.7166137400437265e-09,1.1784204244613647,0.2168954759836197,0.014402208849787712,0.1581634134054184,0.1840561032295227,1.0
455.30812512642234,0.0,500.0,395,7900000,0.006853221,9.339292965876828,32.54227782814366,5.769729582993932e-09,49.35267496109009,6.041199684143066,55.39387583732605,3.2424927187690855e-09,2.7656554824062596e-09,1.4453284740447998,0.2521328330039978,0.00957406498491764,0.15209218859672546,0.174446702003479,1.0
425.90625813554743,0.0,500.0,396,7920000,0.0066668526,5.336891052221796,31.430526438184604,6.341934088993639e-09,49.33658289909363,5.968312978744507,55.30489683151245,-1.2969970875076342e-08,8.583068700218632e-10,1.007868766784668,0.2610253691673279,0.019688915461301804,0.13963162899017334,0.2589874565601349,1.0
422.4752284087246,0.0,500.0,397,7940000,0.0055245706,7.516346007091984,36.776887410157805,-1.8024444159436825e-08,49.129918575286865,5.966070890426636,55.0959906578064,-2.1934509764065524e-09,-2.880096516832964e-08,0.7748743891716003,0.2932119369506836,0.03330942988395691,0.19038048386573792,0.3783993124961853,1.0
449.1353823020143,0.0,500.0,398,7960000,0.007285699,6.046551789144043,32.74669888004376,4.496574135259834e-08,49.44690775871277,5.971096038818359,55.41800498962402,2.8610229740877458e-09,1.8024444159436825e-08,1.0386278629302979,0.23389467597007751,0.018540004268288612,0.154995858669281,0.22519582509994507,1.0
385.47286023187655,0.0,500.0,399,7980000,0.006579663,4.442778737377968,29.760058381147445,-3.528594971768939e-09,48.992096185684204,6.036174058914185,55.028271198272705,4.1961669694501325e-09,-7.820129432900558e-09,1.0920186042785645,0.24043798446655273,0.016771413385868073,0.2862209379673004,0.22017750144004822,1.0
409.8603051752836,0.0,500.0,400,8000000,0.0077871964,4.85409908993229,31.072841712319928,1.7833709620163063e-08,49.12184929847717,6.054965972900391,55.17681622505188,3.051757735406113e-09,-5.912780931538464e-09,1.0432194471359253,0.2176198959350586,0.018377160653471947,0.2229076474905014,0.2086041122674942,1.0
452.3716917003343,0.0,500.0,401,8020000,0.007398236,8.108362951855751,29.63029749439021,1.907345392737625e-10,49.485350370407104,6.051166772842407,55.53651785850525,7.438659466174613e-09,1.2397766369076635e-08,1.0667428970336914,0.2199994921684265,0.017575601115822792,0.20667627453804016,0.20623478293418884,1.0
488.91981385171465,0.0,500.0,402,8040000,0.0076172096,6.648456434990949,29.20089586464463,4.3630599577682005e-08,49.40022540092468,6.000006198883057,55.40023231506348,-1.2254714576442893e-08,2.7465819840699623e-08,1.157441258430481,0.21978406608104706,0.014929035678505898,0.3276347219944,0.1898878812789917,1.0
464.96302050456404,0.0,500.0,403,8060000,0.0072086495,8.800244563248507,28.502633865016282,-1.1444091896350983e-08,49.42988586425781,5.991112470626831,55.42099952697754,1.239776614703203e-09,-3.433227480087453e-09,1.1417317390441895,0.22944357991218567,0.015342690981924534,0.24904020130634308,0.20096108317375183,1.0
420.62839929258115,0.0,500.0,404,8080000,0.007409639,7.452040596524621,29.33994636049696,1.0871886502172856e-08,49.25351881980896,5.969754934310913,55.22327470779419,-1.1444092340440193e-09,-7.629394338515283e-10,1.0526204109191895,0.22574198246002197,0.01805037260055542,0.3004850447177887,0.214457169175148,1.0
492.9331602232689,0.0,500.0,405,8100000,0.006965648,7.665053323879364,27.63753991461104,3.280639759850601e-08,49.096893310546875,5.951816082000732,55.048710346221924,2.0503998499066256e-09,2.2697449253428204e-08,0.9495864510536194,0.24962709844112396,0.02217996120452881,0.20878306031227112,0.2628798186779022,1.0
482.28075672885245,0.0,500.0,406,8120000,0.007256436,8.622280462532286,26.27144989451026,-3.113746771532533e-08,49.097697734832764,5.956159830093384,55.05385875701904,1.9073485846288207e-10,-8.440017573718706e-09,1.2035162448883057,0.2400059998035431,0.013807840645313263,0.18488216400146484,0.19942061603069305,1.0
480.35935473843637,0.0,500.0,407,8140000,0.0075284964,7.885090847379843,25.417721302494122,-1.6450880657714606e-09,48.883385181427,5.943275451660156,54.826661348342896,-3.767013367905747e-09,-1.039505015398845e-08,1.3119635581970215,0.2450665384531021,0.011619462631642818,0.18021035194396973,0.18679369986057281,1.0
534.8012264936756,0.0,500.0,408,8160000,0.0073157395,9.679830684024058,24.308569932439525,-2.2697449253428204e-08,49.286025047302246,5.929178953170776,55.21520471572876,-7.629394338515283e-10,-1.8787384092888715e-08,1.0824612379074097,0.21665412187576294,0.017068881541490555,0.19816642999649048,0.2001495063304901,1.0
520.293008402606,0.0,500.0,409,8180000,0.0068271845,7.292926115139275,23.45795039158718,-3.595352282559361e-08,49.22732353210449,6.045438051223755,55.27276277542114,3.3950804834148585e-08,-1.9073485846288207e-10,1.1730210781097412,0.24844194948673248,0.014535101130604744,0.15598875284194946,0.21179670095443726,1.0
475.3569979077006,0.0,500.0,410,8200000,0.006570895,6.673581495406522,26.509970041748826,7.820129432900558e-09,48.69460153579712,6.0007100105285645,54.69531226158142,-3.9577483512687195e-09,2.3651123726153855e-08,0.9228304028511047,0.23927800357341766,0.02348475344479084,0.19519037008285522,0.25928711891174316,1.0
486.45477861716415,0.0,500.0,411,8220000,0.007348288,8.567305569739858,25.689311062758136,-2.7656557044508645e-09,49.10634803771973,5.961251974105835,55.06760096549988,2.2888184680880386e-09,-4.959106458812812e-09,1.3357118368148804,0.23381304740905762,0.011209959164261818,0.17272748053073883,0.17504751682281494,1.0
413.84788010245956,0.0,500.0,412,8240000,0.0068624266,4.64531018339145,23.196238625884817,-3.2234190427971043e-08,48.945624351501465,6.008118152618408,54.95374345779419,1.835823049134433e-09,-5.340575981449547e-09,1.3045111894607544,0.2383459061384201,0.011752600781619549,0.2496689260005951,0.1827089637517929,1.0
481.82236533752655,0.0,500.0,413,8260000,0.006959517,8.049962394404563,21.804535569354986,-1.0204315614714687e-08,49.20001673698425,6.178513765335083,55.37853169441223,-3.6239624634504253e-09,3.1471252270875993e-09,1.2688206434249878,0.24207910895347595,0.01242307759821415,0.137070432305336,0.19079063832759857,1.0
456.60340886809956,0.0,500.0,414,8280000,0.0076764473,7.508523857365748,21.46618563536626,2.8133391172247e-09,49.79168963432312,6.114078998565674,55.90576958656311,8.583068478174027e-09,3.8146971692576415e-10,1.1031806468963623,0.22587452828884125,0.01643374189734459,0.23101502656936646,0.20474842190742493,1.0
412.3131616207312,0.0,500.0,415,8300000,0.0065184585,4.673528123357493,21.223427963256835,1.0204315614714687e-08,49.14315414428711,5.985694408416748,55.12884998321533,6.36577590640286e-09,3.6239624634504253e-09,1.2457871437072754,0.25257647037506104,0.012886706739664078,0.1608944684267044,0.2027445137500763,1.0
440.8589159855357,0.0,500.0,416,8320000,0.007820102,7.217637098822624,19.746468192908413,-1.7976761412796805e-08,49.12449026107788,6.049827337265015,55.17431831359863,8.392333938900265e-09,1.3828277412031298e-09,1.1089913845062256,0.20308659970760345,0.016261978074908257,0.1959744244813919,0.18312731385231018,1.0
436.3873040238606,0.0,500.0,417,8340000,0.007125872,6.186641392890055,19.9320804134296,1.120567416634799e-09,48.93820929527283,6.235166072845459,55.1733763217926,-2.2172927938157727e-09,1.9073485846288207e-10,0.829839289188385,0.21674199402332306,0.029043028131127357,0.25438112020492554,0.26118552684783936,1.0
455.67367182441865,0.0,500.0,418,8360000,0.007384636,6.804015849350364,18.558325410344796,4.97818000155803e-08,48.82526087760925,6.153065204620361,54.97832679748535,-4.7874451070129e-08,1.5258788677030566e-09,0.9391647577285767,0.228470578789711,0.02267494611442089,0.3729103207588196,0.24326997995376587,1.0
510.6150058107025,0.0,500.0,419,8380000,0.006098898,8.458441547679294,18.273574153632875,5.853176165970808e-09,49.27281403541565,6.1463024616241455,55.41911721229553,5.0783155458589135e-09,8.01086397217432e-09,1.222021460533142,0.28579092025756836,0.013392818160355091,0.14142271876335144,0.23386740684509277,1.0
403.7425541228937,0.0,500.0,420,8400000,0.0064694257,6.210793559718284,17.69709084626216,-1.6212462483622403e-09,49.31333923339844,6.223872661590576,55.53721284866333,3.910064716450279e-09,-2.8610229740877458e-09,1.138633131980896,0.257320761680603,0.015426309779286385,0.1446860432624817,0.22599093616008759,1.0
427.3111087410172,0.0,500.0,421,8420000,0.0063807894,5.975082243172227,17.61258414323163,-6.1035150267230165e-09,49.14245581626892,6.092180013656616,55.23463678359985,-4.768371461572052e-11,4.1961669694501325e-09,1.0195318460464478,0.2675832509994507,0.019241023808717728,0.16150282323360443,0.2624570429325104,1.0
498.6450937171953,0.0,500.0,422,8440000,0.00642803,7.441261653231967,16.44170711906093,6.055831835993786e-09,48.973477602005005,6.126829385757446,55.10030770301819,-1.1777878228258487e-08,-2.169609158997332e-09,1.168809413909912,0.26970532536506653,0.014640040695667267,0.19000490009784698,0.2307521551847458,1.0
428.22603307241843,0.0,500.0,423,8460000,0.006484984,5.166981760711427,16.378207504977087,2.5129317293703934e-08,48.9557671546936,6.143552541732788,55.09932065010071,-4.100799699813251e-09,1.239776614703203e-09,0.9488653540611267,0.2295597493648529,0.022213686257600784,0.25115445256233215,0.2419307678937912,1.0
443.71181751496914,0.0,500.0,424,8480000,0.0070479265,4.303531587655377,15.654776352074496,-2.2840499269705106e-08,48.80436897277832,6.1348583698272705,54.93922829627991,2.3460387410523253e-08,4.768371461572052e-11,0.9151744842529297,0.25615233182907104,0.02387932315468788,0.18600313365459442,0.27989456057548523,1.0
427.47732443659095,0.0,500.0,425,8500000,0.0069214883,4.656309688167208,15.065656852722167,6.675720531923446e-10,48.850181341171265,6.0946807861328125,54.944863080978394,3.7193297330873065e-09,-4.482269222449986e-09,0.9673299193382263,0.24468347430229187,0.021373741328716278,0.26071441173553467,0.25294730067253113,1.0
430.0061111030053,0.0,500.0,426,8520000,0.0071727373,3.9710090417011528,14.680063640084237,1.0585784693262212e-08,48.85839056968689,6.0249433517456055,54.88333463668823,9.918212917625624e-09,9.155273872352154e-09,0.8514500856399536,0.2529330551624298,0.027587439864873886,0.2531607151031494,0.297061562538147,1.0
477.1873093691247,0.0,500.0,427,8540000,0.006205273,5.614393411624204,13.79512471241556,1.0037422448760935e-08,49.14799904823303,6.1263158321380615,55.27431583404541,2.1934509764065524e-09,1.8596648665436533e-09,1.0266324281692505,0.25937581062316895,0.018975788727402687,0.2609621286392212,0.25264719128608704,1.0
447.51364170279186,0.0,500.0,428,8560000,0.0069096778,8.283850639337187,13.677853567888782,5.817413661901583e-09,48.84216928482056,6.1262311935424805,54.96840167045593,1.525878978725359e-08,6.675719976811934e-10,1.1058741807937622,0.2540436089038849,0.0163537859916687,0.1710813045501709,0.22972191870212555,1.0
445.18735543092373,0.0,500.0,429,8580000,0.007107866,7.745532955181827,13.381559655620794,-1.3113020891353244e-08,48.840691328048706,6.106102228164673,54.94679498672485,-3.4809113369504985e-09,-1.9454956756703723e-08,1.0260728597640991,0.23692739009857178,0.01899649202823639,0.1656225025653839,0.23090697824954987,1.0
419.55446478259853,0.0,500.0,430,8600000,0.0070437333,5.045261482372405,12.35857791110968,-5.149841442175784e-09,48.952768087387085,6.176913499832153,55.129682779312134,-6.38961772381208e-09,-1.5258788677030566e-09,0.8202865719795227,0.23365768790245056,0.029723413288593292,0.24910086393356323,0.28484880924224854,1.0
456.27508727133466,0.0,500.0,431,8620000,0.0071337507,7.323509391098265,12.220407561283961,-1.2159347306806012e-08,49.32875871658325,6.147865295410156,55.476624727249146,2.479553229406406e-09,-1.4257430791531078e-08,1.0389683246612549,0.2430809885263443,0.01852785423398018,0.20889663696289062,0.23396381735801697,1.0
447.80283958059465,0.0,500.0,432,8640000,0.006250738,6.689508212144208,11.52851238918912,-7.748603536583687e-09,49.114654779434204,6.190540313720703,55.305196046829224,2.9802322831784522e-09,-5.245208711812666e-10,0.9513038396835327,0.2296697497367859,0.022099949419498444,0.24409887194633484,0.24142630398273468,1.0
412.4163415038656,0.0,500.0,433,8660000,0.0066770515,6.134766738126232,11.111592776912033,4.863739189175931e-09,49.40275502204895,5.904587030410767,55.30734300613403,-7.534026735811494e-09,-2.574920721087892e-09,1.1941263675689697,0.2691129744052887,0.014025848358869553,0.11679477244615555,0.22536391019821167,1.0
445.1829201166938,0.0,500.0,434,8680000,0.007191969,5.610624021633416,10.64161176013339,-6.628036786082703e-09,48.96659326553345,6.103900909423828,55.07049536705017,1.044273378880689e-08,-2.6702879907247734e-09,1.1294519901275635,0.2345142364501953,0.015678126364946365,0.25581735372543335,0.20763538777828217,1.0
432.22015154586535,0.0,500.0,435,8700000,0.006849412,8.919131299948237,10.227400875698988,-2.5033948247710214e-09,48.80300259590149,6.05395770072937,54.856961250305176,1.0490417423625331e-09,3.1471252270875993e-09,1.231137752532959,0.24738003313541412,0.013195209205150604,0.1414465457201004,0.20093610882759094,1.0
478.5293647067192,0.0,500.0,436,8720000,0.007443556,6.232966327515378,9.787586997572783,-2.9087068309507913e-09,48.92490029335022,5.981554746627808,54.90645623207092,3.8146971692576415e-10,-2.861023085110048e-10,1.2429958581924438,0.2384001910686493,0.01294464897364378,0.1694384515285492,0.19179488718509674,1.0
460.4965267777845,0.0,500.0,437,8740000,0.0067129,8.665503074257238,9.352989861312185,-1.0204314726536268e-08,49.12907838821411,5.929944276809692,55.05902338027954,4.482269222449986e-09,1.9073485846288207e-10,1.1257930994033813,0.2599465847015381,0.01578020304441452,0.16990059614181519,0.2309008240699768,1.0
450.0625387638296,0.0,500.0,438,8760000,0.006239371,5.805383591743032,8.876378724529484,1.0061263822080946e-08,48.958107709884644,6.108137607574463,55.06624627113342,-9.63211022053656e-09,1.6212463593845428e-09,1.3225103616714478,0.26839354634284973,0.011434875428676605,0.17357414960861206,0.20294249057769775,1.0
469.5849109836183,0.0,500.0,439,8780000,0.007142809,8.837616214478851,8.503494534826583,-8.01086397217432e-09,48.93487358093262,5.960436820983887,54.89531111717224,3.19480886190604e-09,-5.722046170220096e-10,1.080456018447876,0.23800814151763916,0.017132297158241272,0.20718827843666077,0.22028492391109467,1.0
411.8819914196871,0.0,500.0,440,8800000,0.006823995,5.425673734610248,8.065834754287817,-4.2080881001993475e-09,48.94045281410217,6.0810277462005615,55.02148175239563,-7.96318033735588e-09,-4.887580895562849e-10,1.0534532070159912,0.26326245069503784,0.018021848052740097,0.185753732919693,0.24990427494049072,1.0
508.25628496372804,0.0,500.0,441,8820000,0.006971199,8.703956135215273,7.62212128517734,-6.1988831845383174e-09,48.94569396972656,6.160069227218628,55.10576391220093,1.2969970875076342e-08,8.106231796922714e-10,1.214626431465149,0.24987025558948517,0.013556396588683128,0.21856077015399933,0.20571786165237427,1.0
469.48226491494853,0.0,500.0,442,8840000,0.006097121,7.075745208551929,7.1897955569492025,-3.4213065713828428e-09,48.98119378089905,6.005935907363892,54.987130641937256,7.2479249269008506e-09,-4.053115898461357e-10,1.1192749738693237,0.2871069610118866,0.015964530408382416,0.10607220232486725,0.2565115690231323,1.0
476.4336180798738,0.0,500.0,443,8860000,0.0048897634,6.198251881720913,7.108972955813074,-2.1934509764065524e-09,49.19331765174866,5.9844396114349365,55.17775797843933,-6.008148201175345e-09,-1.9073485846288207e-10,0.6052785515785217,0.31414759159088135,0.05459078401327133,0.1856113225221634,0.5190132260322571,1.0
415.74548617511766,0.0,500.0,444,8880000,0.006576685,7.576232156328335,11.239046936885567,1.4114379887075756e-08,49.22418975830078,6.033544540405273,55.25773525238037,3.2424927187690855e-09,1.0967254659988157e-08,0.8961580991744995,0.26875603199005127,0.02490350976586342,0.24602393805980682,0.29989805817604065,1.0
414.0028932457908,0.0,500.0,445,8900000,0.006059925,6.9566784471463246,6.442873069738886,5.2452087118126656e-09,49.02933740615845,6.095807075500488,55.12514543533325,3.910064716450279e-09,1.0490417423625331e-09,1.0618789196014404,0.2675294578075409,0.01773698255419731,0.18228286504745483,0.25193971395492554,1.0
448.0224547974509,0.0,500.0,446,8920000,0.0066332566,8.054972496609778,6.152925183363021,3.671646098268866e-09,48.94636082649231,5.97137975692749,54.91774129867554,6.294250454175199e-09,2.0980834847250662e-09,1.1722290515899658,0.2612229287624359,0.014554750174283981,0.16479730606079102,0.22284291684627533,1.0
471.7536806967513,0.0,500.0,447,8940000,0.007519461,6.590419258585402,5.731406430833658,9.095669106784499e-09,49.19244194030762,5.96622371673584,55.158666133880615,2.324581194201869e-09,-2.384185730786026e-11,1.0168533325195312,0.2251289188861847,0.01934252306818962,0.2169540524482727,0.22139762341976166,1.0
444.0811435824333,13.45375,500.0,448,8960000,0.0067544198,8.912534955200876,5144.985262338979,-9.403228773408046e-08,49.006345987319946,5.966237545013428,54.97258424758911,-9.155273872352154e-09,3.1738281336401997e-07,0.898525059223175,0.24974879622459412,0.02477247640490532,0.27171608805656433,0.2779541313648224,1.0
475.42635136229393,255.62124999999997,500.0,449,8980000,0.006983389,11.848839619508974,1308.1922364933475,4.825592014867652e-08,48.959052085876465,5.838958978652954,54.798012256622314,-4.1961669694501325e-09,-9.765624753299562e-08,1.0608917474746704,0.23917484283447266,0.017770009115338326,0.2036207765340805,0.2064978927373886,1.0
427.8677909087611,0.0,500.0,450,9000000,0.0063429405,6.082383947463552,51.94750293136402,3.2138824934691e-08,48.934640884399414,5.953956127166748,54.88859820365906,3.051757735406113e-09,-7.629394893626795e-09,0.9019876718521118,0.25998565554618835,0.024582646787166595,0.26611268520355225,0.2882364094257355,1.0
421.25417009203375,0.0,500.0,451,9020000,0.0065171225,5.650973157670088,22.294342973429686,-7.638931265319115e-08,49.072609424591064,6.150254964828491,55.22286534309387,8.964538444899972e-09,-6.866454960174906e-09,0.9959570169448853,0.2593124210834503,0.02016269788146019,0.19474609196186066,0.2603650391101837,1.0
424.75032699829336,16.445,500.0,452,9040000,0.006243429,7.339439395886318,43.47848127450153,5.1498410869044164e-08,48.95889449119568,6.015421390533447,54.97431683540344,-7.057189943537878e-09,-1.1291503909660605e-07,0.8391439318656921,0.25397372245788574,0.028402525931596756,0.23298996686935425,0.3026581406593323,1.0
405.90343016911464,65.78,500.0,453,9060000,0.0059378603,5.418793093930384,13.324382436958848,8.716583010937029e-08,48.9313485622406,6.035152196884155,54.966501235961914,-5.912780931538464e-09,1.0681151962899094e-08,1.0862276554107666,0.2781185507774353,0.016950715333223343,0.20503264665603638,0.21326930820941925,1.0
425.3812328586384,0.0,500.0,454,9080000,0.0070382585,8.257992508305106,12.884281833915953,-4.081725890614507e-08,48.80600929260254,6.067966461181641,54.87397646903992,-1.907348723406699e-09,-2.250671471415444e-08,1.1525908708572388,0.23761369287967682,0.015054948627948761,0.23449523746967316,0.2061561495065689,1.0
429.65695527768605,0.0,500.0,455,9100000,0.00698995,5.929543756375647,11.609772538835076,-9.250641141989036e-09,48.94474649429321,6.07410454750061,55.01885223388672,-5.054473728449693e-09,-3.757476818577743e-08,1.086060881614685,0.25014352798461914,0.016955921426415443,0.18323418498039246,0.23032186925411224,1.0
427.6404805748447,0.0,500.0,456,9120000,0.0063905846,4.528418927283804,8.909940502749887,-4.777908202413528e-08,49.132381439208984,6.287022829055786,55.41940498352051,9.918212917625624e-09,-2.6893616222878336e-08,1.2682284116744995,0.26162436604499817,0.012434681877493858,0.19726942479610443,0.20629113912582397,1.0
437.0289621358352,0.0,500.0,457,9140000,0.007451886,8.302247174378413,8.704876919157186,-1.2969971763254762e-08,49.235387086868286,6.047446966171265,55.282835483551025,-1.287460360543946e-09,-5.035400363340159e-08,1.156561017036438,0.25857821106910706,0.014951769262552261,0.1760191023349762,0.22357507050037384,1.0
512.6396373025144,0.0,500.0,458,9160000,0.006764645,10.390374692989763,8.27719014921006,-3.1614305839866574e-08,48.928678035736084,5.939239025115967,54.86791777610779,9.918212917625624e-09,-2.555847089524832e-08,1.0895649194717407,0.2489367127418518,0.01684703677892685,0.1938822716474533,0.228473499417305,1.0
462.25582035578844,0.0,500.0,459,9180000,0.00631504,7.413231750810223,7.843103171913487,-2.1171569386524425e-08,49.03482127189636,6.045758247375488,55.08058023452759,-5.340575981449547e-09,-2.4604798198879507e-08,1.4162284135818481,0.25894808769226074,0.00997155625373125,0.17942161858081818,0.18284344673156738,1.0
500.9340191605781,0.0,500.0,460,9200000,0.0068579116,7.93772210361092,7.347908895030902,-3.3950804834148585e-08,48.94730496406555,6.011455535888672,54.95876145362854,8.106232129989621e-09,-2.8991699707603402e-08,1.1345462799072266,0.24079503118991852,0.015537649393081665,0.18924501538276672,0.2122390866279602,1.0
480.30802076997895,0.0,500.0,461,9220000,0.00776259,6.4894129598216646,7.081371084140365,6.256103546320446e-08,49.445317029953,6.029169082641602,55.47448706626892,3.8146971692576415e-10,5.054473817267535e-08,1.0410810708999634,0.23135246336460114,0.018452730029821396,0.20946361124515533,0.22222329676151276,1.0
450.3378048532255,0.0,500.0,462,9240000,0.0073747477,11.072223141238947,6.8853458936047405,4.00543198608716e-09,49.05978965759277,6.065499544143677,55.12529015541077,-9.059905714536853e-09,3.051757735406113e-09,1.2737382650375366,0.24140745401382446,0.012327335774898529,0.24125972390174866,0.18952676653862,1.0
518.6116436887169,0.0,500.0,463,9260000,0.007037972,6.2910810241274016,6.542381103479179,-3.33786012163273e-08,49.0772340297699,5.975396156311035,55.05263090133667,2.317428560161261e-08,-2.2220611128886958e-08,1.0143934488296509,0.2397424727678299,0.019436446949839592,0.2263505905866623,0.23634073138237,1.0
516.4965016790026,0.0,500.0,464,9280000,0.007036226,5.788948586032649,6.2693016714351195,-3.056526054479036e-08,49.33656120300293,5.968648195266724,55.30521011352539,8.344650304081824e-09,-2.4604798198879507e-08,0.9798230528831482,0.23280282318592072,0.02083216980099678,0.29909953474998474,0.237596794962883,1.0
479.99240046508885,0.0,500.0,465,9300000,0.007370645,6.923856561502833,6.068205810656213,8.511543470035576e-09,48.97228169441223,5.994479179382324,54.96676158905029,-1.3089180406211653e-08,3.433227480087453e-09,0.9790595173835754,0.24092532694339752,0.02086467295885086,0.29642486572265625,0.24607829749584198,1.0
423.7081986824278,0.027500000000000004,500.0,466,9320000,0.0068297614,5.95458962173219,5.874557985621653,1.7166136956348055e-08,48.918009996414185,5.976477146148682,54.8944878578186,-8.964538444899972e-09,8.392333938900265e-09,1.0780085325241089,0.23511920869350433,0.017210176214575768,0.1759645938873291,0.21810518205165863,1.0
487.11402920348536,0.0225,500.0,467,9340000,0.00691332,9.689613500522201,5.68165300697278,4.572868306240707e-08,49.14059925079346,6.061936140060425,55.2025363445282,-8.77380390562621e-09,3.609657284187051e-08,1.0048483610153198,0.2472667098045349,0.01980745419859886,0.337740421295166,0.2460736483335495,1.0
503.7061534169564,0.0,500.0,468,9360000,0.003804213,9.019307527420628,5.42118745244992,-3.914832902296439e-08,49.23785853385925,5.9417197704315186,55.17957925796509,2.9325486039510906e-08,-8.630753001170888e-09,0.7511991262435913,0.31631046533584595,0.03544212132692337,0.24943876266479492,0.42107412219047546,1.0
453.20635628946695,0.0,500.0,469,9380000,0.0067472793,4.946541279288614,5.1709242283159,-2.002716215088185e-09,49.35535168647766,6.118145704269409,55.47349834442139,-8.77380390562621e-09,-1.3446808111439168e-08,1.047293782234192,0.2441839724779129,0.018234452232718468,0.285726398229599,0.23315712809562683,1.0
427.19955980276507,0.0,500.0,470,9400000,0.0069173896,6.083071572006128,4.940351040955561,-5.340575981449547e-09,48.85847449302673,6.045094728469849,54.90356993675232,-8.77380390562621e-09,-6.151199549719877e-09,1.2112371921539307,0.23963426053524017,0.013632365502417088,0.12003077566623688,0.197842538356781,1.0
436.4685890714898,0.0,500.0,471,9420000,0.0070210462,5.903799043643247,4.736231590380335,-3.790855629404177e-09,49.1827552318573,6.070183753967285,55.25294017791748,-6.723404055719584e-09,-1.3864040582234338e-08,0.9883745312690735,0.2339896261692047,0.02047324739396572,0.33419370651245117,0.23674188554286957,1.0
435.9747581889595,0.0,500.0,472,9440000,0.005737281,4.437544136745915,4.48640713600596,9.19103637642138e-09,48.845948696136475,6.0129780769348145,54.85892724990845,3.910064716450279e-09,1.4406442261361008e-08,1.0530897378921509,0.2872161567211151,0.01803429052233696,0.22428341209888458,0.27273663878440857,1.0
395.90892824322,0.0,500.0,473,9460000,0.0064629815,4.486894644445674,4.272114291768165,1.5497207961345794e-09,49.11826229095459,6.055271148681641,55.17353415489197,-6.699562238310364e-09,1.9788741756343597e-09,0.7966229319572449,0.2609078884124756,0.03151550143957138,0.20300383865833282,0.3275173306465149,1.0
419.46686045730695,0.0,500.0,474,9480000,0.0062869494,6.0904928776868585,4.034969458002953,4.732608971380614e-09,48.94836354255676,6.008215427398682,54.95658016204834,-4.148483334631692e-09,2.4437905032925755e-09,1.1703366041183472,0.2739972770214081,0.014601858332753181,0.19860728085041046,0.23411831259727478,1.0
396.236886684168,0.0,500.0,475,9500000,0.0072487174,6.920684002159508,3.842859603189359,8.583068478174027e-09,49.090253591537476,6.019940376281738,55.11019468307495,7.0095063087194376e-09,1.3303756318805426e-08,1.0755369663238525,0.2368769645690918,0.01728936657309532,0.2784918546676636,0.22024063766002655,1.0
467.43700752393033,0.0,500.0,476,9520000,0.006970932,5.352737185605772,3.6383195126891894,-1.1789798470829282e-08,49.09872555732727,6.046048879623413,55.14477562904358,1.4114379887075756e-08,8.171796572753465e-09,1.2693170309066772,0.24993681907653809,0.01241336204111576,0.20086008310317993,0.19690655171871185,1.0
468.2796762820941,0.0,500.0,477,9540000,0.00715422,7.783519526347993,3.4680866690957624,1.3017654509894783e-08,49.645137548446655,6.184340000152588,55.82948017120361,7.1525572131747595e-09,1.1587142800806305e-08,0.9202467799186707,0.25023484230041504,0.023616807535290718,0.22961705923080444,0.2719215154647827,1.0
469.3709822223401,0.0,500.0,478,9560000,0.0068078507,7.473099189655037,3.3255121165779746,2.3508071933520114e-08,48.93377137184143,6.285345792770386,55.21911835670471,-6.38961772381208e-09,9.441375681262798e-09,1.0490248203277588,0.2639625072479248,0.018174324184656143,0.22250516712665558,0.25162652134895325,1.0
501.94613130800263,0.0,500.0,479,9580000,0.0063810823,6.142371680022805,3.1677285034945055,2.366304263645702e-09,48.75336933135986,6.022466659545898,54.7758367061615,-7.2479249269008506e-09,-1.907348723406699e-09,1.1025397777557373,0.2584238350391388,0.016452854499220848,0.22901760041713715,0.2343895584344864,1.0
486.7731090933732,0.0,500.0,480,9600000,0.006732068,14.100198263575317,3.055347954847251,7.20024129208241e-09,49.07453536987305,6.105433464050293,55.17996954917908,-6.008148201175345e-09,9.536743617033494e-10,1.171801209449768,0.26040172576904297,0.014565378427505493,0.24506807327270508,0.22222349047660828,1.0
380.76386905043927,0.0,500.0,481,9620000,0.006100008,4.601507543150786,2.8855968815505886,-4.6014787535852975e-09,48.66541123390198,6.088410139083862,54.753822326660156,-1.4305114870438729e-09,6.198883073516015e-10,0.9254879355430603,0.282807856798172,0.023350074887275696,0.16442769765853882,0.30557703971862793,1.0
437.5873901839981,0.0,500.0,482,9640000,0.006414955,6.917027059937738,2.759772590770843,-1.1563301427486294e-08,48.97405028343201,6.182082176208496,55.15613317489624,5.4836273299940785e-09,7.152557435219364e-10,0.8587427735328674,0.25989145040512085,0.027120869606733322,0.2000858634710312,0.3026418387889862,1.0
495.995010592599,0.0,500.0,483,9660000,0.006122626,9.261247840504737,2.61117951809221,1.683235240079739e-08,49.29971528053284,6.272875785827637,55.572594165802,-1.3923645347801994e-08,4.1961669694501325e-09,1.1052865982055664,0.26137667894363403,0.01637117564678192,0.31155040860176086,0.23647862672805786,1.0
472.29192149345664,0.0,500.0,484,9680000,0.006437364,6.0351749505207035,2.4777788399131433,1.8978118632162477e-08,48.87604761123657,6.151054859161377,55.027104139328,-2.7656554824062596e-09,7.22408310949163e-09,0.9898012280464172,0.2722424566745758,0.020414268597960472,0.1860339194536209,0.27504763007164,1.0
435.13360440164405,0.0,500.0,485,9700000,0.0067364853,9.144244998427713,2.336733664828501,-3.4093856626782326e-09,48.888572216033936,6.120872974395752,55.00944638252258,9.536743617033494e-10,-1.674890559577591e-09,1.215293288230896,0.2583078145980835,0.01354152150452137,0.1735514998435974,0.21254771947860718,1.0
468.91106745670476,0.0,500.0,486,9720000,0.00726947,8.868370575813731,2.2075670079820475,-8.344650304081824e-09,49.08341598510742,6.1300458908081055,55.21346306800842,5.340575981449547e-09,2.8610229740877458e-09,1.217248797416687,0.23465216159820557,0.01349804736673832,0.16223971545696259,0.19277261197566986,1.0
459.96096131342165,0.0,500.0,487,9740000,0.007047525,5.918426179885865,2.0782845785663384,-2.894401696096338e-08,49.27662181854248,6.152954578399658,55.429577350616455,2.2649764730431343e-08,1.5020370502938363e-09,1.099208950996399,0.24027259647846222,0.01655271276831627,0.22190913558006287,0.2185867875814438,1.0
466.94597964363874,0.0,500.0,488,9760000,0.0064616334,5.4787438711542995,1.9378375309288123,-5.2452087118126656e-09,49.24795913696289,6.01975679397583,55.26771688461304,9.53674295089968e-09,-1.1801719601578498e-09,1.2902668714523315,0.2574557662010193,0.012013526633381844,0.22388269007205963,0.1995367854833603,1.0
438.40701914757847,0.0,500.0,489,9780000,0.0062870104,7.3229966666288435,1.8347948808578929,1.0907649894420501e-08,48.964035511016846,5.977686882019043,54.941723108291626,-9.155273872352154e-09,-8.344650526126429e-10,0.9202864766120911,0.24821080267429352,0.02361477166414261,0.22940222918987274,0.26971033215522766,1.0
409.68363731545367,0.0,500.0,490,9800000,0.0068503525,5.5053307874946835,1.717908126988988,1.368522717370979e-08,49.02246975898743,6.14450740814209,55.166977882385254,-8.296966669263384e-09,2.8491020653831356e-09,1.1363253593444824,0.2541305124759674,0.015489032492041588,0.18193167448043823,0.22364240884780884,1.0
471.80995509592503,0.0,500.0,491,9820000,0.007231611,6.928657944642814,1.6261813367248341,1.2415647177022038e-08,49.61261987686157,6.060365915298462,55.67298650741577,-5.984306383766125e-09,2.622604355906333e-10,1.108017086982727,0.23758909106254578,0.016290590167045593,0.2566547691822052,0.21442730724811554,1.0
467.9657353180872,0.0,500.0,492,9840000,0.0066816155,8.185565735883774,1.5303493511904578,1.8203257567961373e-08,49.080522298812866,6.04302191734314,55.12354493141174,-5.7220459481754915e-09,1.1682510514532396e-09,1.1646448373794556,0.24271537363529205,0.01474492996931076,0.27782052755355835,0.20840293169021606,1.0
416.9037728610823,0.0,500.0,493,9860000,0.006602725,5.559729276341238,1.4130601191216974,-7.036328408815962e-09,49.25789952278137,6.042047739028931,55.2999484539032,-1.1444092340440193e-09,8.9406971409689e-12,1.0054025650024414,0.25736647844314575,0.019785627722740173,0.18641845881938934,0.25598353147506714,1.0
419.47380074563523,0.0,500.0,494,9880000,0.006391129,6.987895802783359,1.3164979022019987,-6.890297221673336e-09,48.781548500061035,6.1398890018463135,54.921438455581665,6.628036341993493e-09,8.732080614137772e-10,1.2079439163208008,0.29085344076156616,0.013706800527870655,0.1118016168475151,0.24078388512134552,1.0
489.5455700986989,0.0,500.0,495,9900000,0.0058914516,11.817370704784516,1.2467372232941305,1.4996528463484537e-08,49.237072229385376,6.01821494102478,55.25528836250305,-9.918212917625624e-09,5.722046170220096e-10,1.3238344192504883,0.2750760018825531,0.011412013322114944,0.2199622094631195,0.20778734982013702,1.0
461.07397555363895,0.0,500.0,496,9920000,0.0066911536,6.8920976597792025,1.1613083077084487,1.9234418502378503e-08,48.963940382003784,5.990132570266724,54.954073667526245,-2.3651123726153855e-08,2.861023085110048e-10,1.1410715579986572,0.27224475145339966,0.015360450372099876,0.1555042415857315,0.23858696222305298,1.0
451.68816598445284,0.0,500.0,497,9940000,0.006958505,7.840272545358937,1.0728358574733612,-3.6239624634504253e-09,49.36248993873596,6.106849908828735,55.46934151649475,-6.008148201175345e-09,-6.318092160562117e-10,0.9688353538513184,0.25280168652534485,0.02130736969411373,0.21321196854114532,0.2609335482120514,1.0
435.9073539287294,0.0,500.0,498,9960000,0.0064314604,7.75635285590105,1.005043118356899,-8.249283034444943e-09,48.9892897605896,6.140078783035278,55.12936997413635,1.3065338144713223e-08,-5.245208711812666e-10,1.0599679946899414,0.2649702727794647,0.017800994217395782,0.23143647611141205,0.24997948110103607,1.0
483.21294524255865,0.0,500.0,499,9980000,0.0061884527,8.159712392661222,0.9316601373207797,-2.6476383752083166e-08,49.12643122673035,6.169021368026733,55.29545331001282,1.7166136956348055e-08,1.430511542555024e-10,1.1815189123153687,0.266704797744751,0.014326769858598709,0.17244118452072144,0.22573047876358032,1.0
484.31041992330177,0.0,500.0,500,10000000,0.0064381226,5.86568042077836,0.8538986260723915,2.9474496177073206e-09,49.040067195892334,6.051905632019043,55.091973543167114,-2.0980834847250662e-09,6.586313161527357e-10,1.0379928350448608,0.26238584518432617,0.018562696874141693,0.1893061101436615,0.25278201699256897,1.0
464.665447470455,0.0,500.0,501,10020000,0.0070245042,9.568501030107972,0.8013586737168064,-1.3828277412031298e-09,49.24980354309082,6.071918964385986,55.32172346115112,9.346008411625917e-09,-3.337859988405967e-10,1.176707148551941,0.2498818337917328,0.014444178901612759,0.29758375883102417,0.21235685050487518,1.0
396.3843796126997,0.0,500.0,502,10040000,0.0064278007,5.7727485360613295,0.7373744186702048,2.7418134429524343e-10,49.565805196762085,6.086396217346191,55.652202129364014,-3.051757735406113e-09,-1.5497207683790037e-10,1.0961363315582275,0.2535231113433838,0.0166456438601017,0.15561148524284363,0.23128794133663177,1.0
460.73579646234504,0.0,500.0,503,10060000,0.005892786,6.087217645432539,0.6804580399944524,-1.7404557794975517e-09,48.92971062660217,6.184059143066406,55.113770961761475,2.2888184680880386e-09,2.1219253021342865e-09,1.069553017616272,0.28948768973350525,0.017483368515968323,0.15532635152339935,0.2706623077392578,1.0
455.17050084459896,0.0,500.0,504,10080000,0.006256304,11.0084169677868,0.6252478062347242,-1.2713671004860316e-08,49.543843030929565,6.06249213218689,55.60633635520935,1.2111663671987571e-08,-1.1324882698282579e-10,1.2807834148406982,0.269979327917099,0.012192092835903168,0.16710419952869415,0.21079234778881073,1.0
492.13472063811594,0.0,500.0,505,10100000,0.006770124,6.124608497558885,0.5658397307441493,1.6939640801183486e-08,48.86127185821533,6.21864128112793,55.079913854599,-9.346008411625917e-09,-5.602836528062483e-10,1.0255498886108398,0.27653804421424866,0.019015870988368988,0.20291683077812195,0.26964858174324036,1.0
391.8469144260609,0.0,500.0,506,10120000,0.006406741,7.392855734278442,0.5183337142892704,-1.645088176793763e-09,49.675233602523804,6.202659606933594,55.877893924713135,2.3841859042583735e-10,-2.3841859042583735e-10,1.0131820440292358,0.260092556476593,0.019482949748635292,0.20456983149051666,0.25670862197875977,1.0
479.2407892879414,0.0,500.0,507,10140000,0.0069165938,7.934987547291312,0.46812634652207613,-1.1390447696157935e-08,49.12014937400818,6.071925163269043,55.19207572937012,5.62667867853861e-09,2.622604355906333e-10,1.0189110040664673,0.2531576454639435,0.019264478236436844,0.23080092668533325,0.24845901131629944,1.0
501.42781145331793,23.25,500.0,508,10160000,0.0068855966,6.4494820335108765,4.714799361775635,-7.343292196537732e-08,48.98226499557495,6.055642366409302,55.03790807723999,1.0490417423625331e-08,-3.3950804834148585e-08,1.0123218297958374,0.2511288523674011,0.019516078755259514,0.2406061887741089,0.24807208776474,1.0
424.33970768195195,0.0,500.0,509,10180000,0.0066058226,5.331079546205557,1.358014872841015,7.152558545442389e-09,48.982378005981445,6.054561138153076,55.03694009780884,-1.1897086871215379e-08,-3.8146971692576415e-10,1.097906231880188,0.26059237122535706,0.01659201830625534,0.18535031378269196,0.23735399544239044,1.0
473.064636481594,0.1375,500.0,510,10200000,0.006502473,7.7275972431632365,1.1640797714139246,-7.390976719534592e-09,49.26151943206787,5.992778301239014,55.2542986869812,1.7833709620163063e-08,3.19480886190604e-09,1.018892526626587,0.2666652798652649,0.019265178591012955,0.19824916124343872,0.2617207169532776,1.0
441.47540508379626,0.1125,500.0,511,10220000,0.0058232797,4.970537334338875,0.8839804104558981,1.4305134854453172e-10,48.882269620895386,6.012364625930786,54.89463520050049,8.821487429422348e-10,-2.9087066089061864e-09,1.125998854637146,0.28558358550071716,0.0157744362950325,0.13118764758110046,0.25362688302993774,1.0
428.9073175908373,0.0,500.0,512,10240000,0.006898964,6.452999253181895,0.580641375871221,1.0156631091717827e-08,48.850340366363525,5.944182395935059,54.79452347755432,-4.00543198608716e-09,3.3378602104505717e-09,1.1095223426818848,0.24696336686611176,0.01624641939997673,0.2317977249622345,0.2225852757692337,1.0
482.737526526329,0.0,500.0,513,10260000,0.0067528985,6.005547080829644,0.5265891098862241,1.2207030941624453e-08,49.09912705421448,6.016092538833618,55.11522030830383,-7.1525572131747595e-09,8.678436635989328e-09,1.1492578983306885,0.26680710911750793,0.015142399817705154,0.16801898181438446,0.23215599358081818,1.0
483.5492559699922,0.0,500.0,514,10280000,0.006444968,8.58909186344997,0.43331448612319434,1.5020371613161387e-09,48.97077512741089,6.012547016143799,54.983323097229004,-8.964538444899972e-09,-1.0728835597717534e-09,1.0758380889892578,0.25827839970588684,0.017279688268899918,0.19488848745822906,0.2400718629360199,1.0
476.73472809811,0.0,500.0,515,10300000,0.006183415,8.28834072905741,0.39283842434928673,-2.741811222506385e-10,49.25727462768555,5.93641471862793,55.19369053840637,-4.8398973717667104e-09,-3.433227480087453e-09,1.1338071823120117,0.28114429116249084,0.015557908453047276,0.1543806940317154,0.24796487390995026,1.0
502.36354775287526,0.0,500.0,516,10320000,0.006458621,7.882568396276729,0.3436972039330537,8.833408671193865e-09,49.061206340789795,5.936461448669434,54.997668743133545,-6.484985437538171e-09,-1.7225741943960315e-09,1.370761513710022,0.26879751682281494,0.010644021444022655,0.144738107919693,0.1960935890674591,1.0
461.5972472002235,0.0,500.0,517,10340000,0.0056303074,8.208042468994286,0.31311504656721834,-5.376338929607982e-09,48.915393114089966,6.062881231307983,54.978275299072266,5.149841442175784e-09,-2.1100043934296764e-09,1.0853960514068604,0.2954866588115692,0.016976699233055115,0.11232881247997284,0.2722385823726654,1.0
394.0216959013824,4.26,500.0,518,10360000,0.0061888327,8.129102552772327,1.1759458127484959,3.0040741005876725e-09,48.98816251754761,5.960657596588135,54.9488205909729,8.535384843355587e-09,-3.933906533859499e-10,0.9795952439308167,0.2734544575214386,0.02084185928106308,0.16241198778152466,0.27915042638778687,1.0
584.5965289912339,0.09,500.0,519,10380000,0.006094243,11.551442520026189,1.7849611698252381,-2.0170212167158752e-08,49.045674085617065,5.9331629276275635,54.978837728500366,1.444816621898326e-08,-4.577636936176077e-09,1.225783109664917,0.27692320942878723,0.013310744427144527,0.10449770092964172,0.2259153574705124,1.0
457.4499750248657,0.0,500.0,520,10400000,0.005614051,6.9199728924757355,0.4852103959413091,3.743171994585737e-09,48.88341236114502,6.00683331489563,54.890246629714966,-8.344650526126429e-10,-1.3351439953623867e-09,1.1011563539505005,0.29237255454063416,0.01649421826004982,0.14541789889335632,0.2655141055583954,1.0
456.5995947081341,0.0,500.0,521,10420000,0.0059452867,6.39550606202168,0.36774322529127645,2.1886824796979454e-08,48.5940146446228,6.057227373123169,54.65124297142029,-2.1266936656161306e-08,1.1444092340440193e-09,1.2758980989456177,0.27544915676116943,0.012285636737942696,0.13903379440307617,0.21588647365570068,1.0
472.66808329050383,0.0,500.0,522,10440000,0.0063539674,8.961269093774686,0.32845101181868536,9.107590237533714e-09,49.03804421424866,6.000104665756226,55.03814959526062,-1.2111663671987571e-08,-2.861023085110048e-10,1.0282639265060425,0.27703410387039185,0.01891561970114708,0.16894598305225372,0.26941928267478943,1.0
446.4695846219538,0.0,500.0,523,10460000,0.0059315492,5.425372308226907,0.26065918238489494,-8.916854810081531e-09,49.10187363624573,5.962551116943359,55.0644257068634,3.814697446813398e-09,-2.336502102906479e-09,0.9144450426101685,0.27892428636550903,0.023917436599731445,0.2189343124628067,0.3050202429294586,1.0
425.0866371487094,0.0,500.0,524,10480000,0.0066728625,6.852925949795231,0.22423240771149375,-1.081228262478362e-08,49.035258293151855,6.0747740268707275,55.1100332736969,5.125999624766564e-09,-1.037120833657923e-09,0.9737629294395447,0.258090078830719,0.02109226956963539,0.189387708902359,0.2650439739227295,1.0
436.2393027420412,0.0,500.0,525,10500000,0.006225359,5.032185525195613,0.18996232250693498,-2.0486117691120853e-08,48.632752418518066,6.020036458969116,54.6527898311615,1.120567283408036e-08,3.039836826701503e-09,1.033252477645874,0.26890477538108826,0.01873341016471386,0.15195204317569733,0.2602507472038269,1.0
444.45267940764677,0.0,500.0,526,10520000,0.0063408236,4.746027204185534,0.16077634092349155,-2.1147728901382834e-08,49.20246934890747,6.018047094345093,55.22051739692688,2.0503998499066256e-08,2.1934509764065524e-09,1.086328148841858,0.2601553499698639,0.016947578638792038,0.16917434334754944,0.2394813597202301,1.0
484.4166193336969,0.0,500.0,527,10540000,0.0065694824,7.455971187846676,0.13305399555499386,1.8119811429073707e-08,49.22953486442566,6.145666599273682,55.37520241737366,-1.9454956756703723e-08,-2.384185730786026e-11,1.0610712766647339,0.25941964983940125,0.01776399463415146,0.14631712436676025,0.2444884479045868,1.0
458.8980323066022,0.0,500.0,528,10560000,0.0061600334,6.289571451381513,0.10400911447159045,-1.0585784693262212e-08,48.98257327079773,6.100757360458374,55.083331823349,0.0,-4.458427405040766e-09,1.007670283317566,0.26885393261909485,0.0196966752409935,0.17822949588298798,0.2668074071407318,1.0
497.10180793020936,0.0,500.0,529,10580000,0.0061047445,9.09910299428709,0.07660014195142278,1.0430813546236095e-08,49.11388158798218,6.130404949188232,55.244287729263306,-9.250641141989036e-09,1.5735626135437997e-09,1.0986835956573486,0.26660671830177307,0.01656854897737503,0.1502675563097,0.24266017973423004,1.0
470.88083393127874,0.0,500.0,530,10600000,0.005548098,12.045654784949722,0.05550993027485859,-6.258487950105973e-09,48.87521457672119,6.0512402057647705,54.92645573616028,9.441375681262798e-09,1.7166137400437265e-09,1.0873165130615234,0.2987535297870636,0.016916781663894653,0.14306731522083282,0.27476227283477783,1.0
513.4054688691916,0.0,500.0,531,10620000,0.0060743247,6.056819270826449,0.03552174978076842,3.4856796560234216e-08,48.984349727630615,6.013213634490967,54.99756407737732,-3.752708366278057e-08,4.887580895562849e-10,1.094482183456421,0.28452110290527344,0.01669599674642086,0.13689376413822174,0.25995954871177673,1.0
446.9139107903728,0.0,500.0,532,10640000,0.0066366517,10.209743341366956,0.02059974188257934,4.494190353199201e-09,48.79556345939636,6.038981199264526,54.834545612335205,-6.1988831845383174e-09,2.7775763911108697e-09,1.222169041633606,0.2721252143383026,0.013389583677053452,0.1943454146385193,0.22265759110450745,1.0
530.5207109488387,0.0,500.0,533,10660000,0.0065097967,8.07789173976631,0.011418326447011939,1.4662742131577033e-09,49.15178632736206,6.001950979232788,55.153738260269165,-3.6239624634504253e-09,1.2993812692485562e-09,1.1198288202285767,0.25553131103515625,0.015948744490742683,0.1732233315706253,0.22818787395954132,1.0
476.583070940071,0.0,500.0,534,10680000,0.0066202865,6.556584730117944,0.005947373643114119,2.0205974671227978e-09,48.94265174865723,5.957565784454346,54.90021848678589,-3.814697446813398e-09,3.3020972622921363e-09,1.1533139944076538,0.2656903862953186,0.015036076307296753,0.2597665786743164,0.23037128150463104,1.0
482.6286745718844,0.0,500.0,535,10700000,0.0061882036,8.227045573398566,0.003022057839793859,6.139278418970662e-09,48.97557306289673,6.009958982467651,54.98553276062012,-2.8610229740877458e-09,1.1086463969078864e-09,1.017090916633606,0.27270981669425964,0.01933348923921585,0.15409895777702332,0.2681272625923157,1.0
572.2799750061838,0.0,500.0,536,10720000,0.0058012228,7.934903072399698,0.0009625137419140287,-8.392333938900265e-09,49.265148878097534,6.014451503753662,55.27960157394409,7.057189943537878e-09,-8.523464156695582e-10,1.3335527181625366,0.28652119636535645,0.011246288195252419,0.11219015717506409,0.21485553681850433,1.0
522.130010725619,0.0,500.0,537,10740000,0.0057413457,8.583173000281024,0.0002006595472417398,1.819431716398867e-08,48.83568334579468,5.964431047439575,54.80011510848999,-1.6403198799253005e-08,1.051276954378011e-09,1.1833301782608032,0.2858375310897827,0.014282945543527603,0.16761063039302826,0.24155348539352417,1.0
453.41319952601805,0.0,500.0,538,10760000,0.0068919295,6.99960848222113,9.989878816650973e-05,1.1559576407194072e-08,48.72403311729431,6.061718940734863,54.78575301170349,-6.103515470812226e-09,-2.1383166071142767e-10,1.0589133501052856,0.25593653321266174,0.017836470156908035,0.1817505806684494,0.24169735610485077,1.0
467.1986476305157,0.0,500.0,539,10780000,0.0064526596,7.853752375408343,1.0966201559087124e-05,-7.112697097966247e-09,48.97589707374573,6.070240020751953,55.046138286590576,3.862381081631838e-09,5.185604168289615e-10,1.1285591125488281,0.2772429287433624,0.015702946111559868,0.16018728911876678,0.24566097557544708,1.0
482.4017516047705,0.0,500.0,540,10800000,0.0066352836,10.340784704609282,7.464550542133522e-06,2.7939677238464355e-09,49.13940119743347,5.951344013214111,55.09074592590332,8.82148754044465e-09,-7.897615200702646e-11,1.14056396484375,0.2676141560077667,0.01537412405014038,0.12948507070541382,0.234633207321167,1.0
499.0350633424085,0.0,500.0,541,10820000,0.0065683457,6.93435368355672,5.173442122022433e-06,9.603053463536071e-09,49.33162307739258,6.013471841812134,55.34509587287903,-1.1062621929625038e-08,8.326023759330781e-10,1.0254945755004883,0.2553488612174988,0.019017919898033142,0.16053535044193268,0.24900071322917938,1.0
531.7186611108142,0.0,500.0,542,10840000,0.006046963,8.190271029654582,3.59390563273777e-06,-1.1506676500516733e-08,49.34277129173279,5.972812652587891,55.315584897994995,6.675720420901143e-09,3.278255444882916e-11,1.1971558332443237,0.28366219997406006,0.0139549495652318,0.18595147132873535,0.23694679141044617,1.0
550.2719974179198,0.0,500.0,543,10860000,0.006420404,10.707043527493811,2.529949436402198e-06,-6.0638414289826414e-09,48.8356237411499,6.018048048019409,54.85367274284363,9.298324776807476e-09,-2.97650681879702e-10,1.1598082780838013,0.2621767520904541,0.01486816257238388,0.15858176350593567,0.22605179250240326,1.0
540.1442681344878,0.0,500.0,544,10880000,0.006318899,9.793004374898922,1.7545255533457366e-06,2.9855780070420224e-08,49.18993330001831,5.995333194732666,55.18526744842529,-2.956390332542469e-08,9.139999868068571e-10,1.1175494194030762,0.26961973309516907,0.016013866290450096,0.17922981083393097,0.24125979840755463,1.0
478.9520066087997,0.0,500.0,545,10900000,0.00655408,7.693870248308607,1.2293871783652083e-06,-2.350844408027797e-09,48.820154428482056,5.985133409500122,54.80528903007507,5.769729582993932e-09,5.550682691257691e-10,1.0289570093154907,0.25542911887168884,0.018890144303441048,0.19465498626232147,0.24824084341526031,1.0
484.89124704424484,0.0,500.0,546,10920000,0.006446389,6.309346221966349,8.435061015548437e-07,2.5405363146546733e-08,49.22364521026611,6.033359050750732,55.25700545310974,-2.5177001816700795e-08,-3.449618923845321e-10,1.0002247095108032,0.2572532594203949,0.01999100297689438,0.20253044366836548,0.25719547271728516,1.0
487.25681628239255,0.0,500.0,547,10940000,0.0068631517,8.368663615785586,5.97749380293121e-07,-7.000379387278599e-09,49.06244874000549,6.028303384780884,55.09075331687927,1.6403198799253005e-08,3.334134704435776e-11,1.0568397045135498,0.26249197125434875,0.017906535416841507,0.23674795031547546,0.24837446212768555,1.0
562.0847110315339,0.0,500.0,548,10960000,0.005931277,10.831393360939755,4.4060858843463133e-07,-3.946386328834706e-09,49.07355308532715,6.051337957382202,55.12489199638367,-5.7220459481754915e-09,1.0542571676763757e-10,0.9832854866981506,0.2863868772983551,0.020685715600848198,0.18900974094867706,0.29125502705574036,1.0
552.9450162739672,0.0,500.0,549,10980000,0.0055397903,11.767062793112105,3.006633884796759e-07,3.1013973611493384e-09,49.11477518081665,6.18215012550354,55.29692721366882,1.907348723406699e-09,2.391636333420877e-10,1.197341799736023,0.29868701100349426,0.013950616121292114,0.12789024412631989,0.2494584172964096,1.0
532.1157820617748,0.0,500.0,550,11000000,0.00626023,7.275764519697542,2.2322269507247684e-07,-3.5695730815632487e-09,48.97168183326721,5.951954364776611,54.92363691329956,5.7220459481754915e-09,-4.1164457259545983e-11,1.046572208404541,0.2760263979434967,0.018259603530168533,0.13305877149105072,0.2637433111667633,1.0
448.02388437755434,0.0,500.0,551,11020000,0.0062235557,7.69402070075843,1.562529006519303e-07,-3.6499927524857867e-09,49.19444727897644,5.98069429397583,55.175142765045166,2.8610229740877458e-09,-1.2135133176105484e-10,0.9580371975898743,0.2754351794719696,0.021790392696857452,0.176340252161026,0.28749939799308777,1.0
415.73629767093746,0.0,500.0,552,11040000,0.006282753,6.667837683410402,1.0606481460817481e-07,-7.51013828903524e-09,48.932669162750244,6.041545391082764,54.974215269088745,7.915496702537439e-09,-1.6707926708825482e-10,0.8840482831001282,0.27102023363113403,0.025590447708964348,0.2528929114341736,0.3065672516822815,1.0
513.2094953319386,0.0,500.0,553,11060000,0.005444426,6.487838699863215,1.0474016840483238e-07,-1.611048294769546e-09,49.107765197753906,5.991114139556885,55.09888029098511,3.290176353587526e-09,-1.3923272257354569e-11,1.1355500221252441,0.29691076278686523,0.015510189346969128,0.1281551569700241,0.2614687383174896,1.0
417.2064540931291,0.0,500.0,554,11080000,0.006711612,9.087541008451183,5.807512146709961e-08,2.0236079478763713e-08,49.028072118759155,5.949294328689575,54.97736740112305,-1.199245414085226e-08,-2.942979193676365e-11,1.0291025638580322,0.2604807913303375,0.018884804099798203,0.1844363957643509,0.2531144917011261,1.0
474.5711580573734,0.0,500.0,555,11100000,0.0059576854,10.61867877131055,6.582083247132671e-08,1.307052954757637e-08,49.0408980846405,5.984879732131958,55.02577877044678,-6.246566819356758e-09,7.636845322789299e-11,1.0824562311172485,0.2837972342967987,0.01706903800368309,0.15887759625911713,0.2621789276599884,1.0
446.61219337716847,0.0,500.0,556,11120000,0.006507988,8.045846725725065,5.276684529320619e-08,-7.460359441324727e-09,49.035927534103394,6.011381387710571,55.04731011390686,6.103515470812226e-09,2.5704502762402548e-11,0.9703208208084106,0.27318838238716125,0.021242182701826096,0.19966310262680054,0.28154435753822327,1.0
475.5955237190681,0.0,500.0,557,11140000,0.007423364,9.717198370824194,4.69974732235235e-08,9.669596678918424e-09,48.955979108810425,5.997450590133667,54.95343041419983,-1.6689301052252858e-09,-5.783513251644834e-11,0.8560221791267395,0.2411540001630783,0.02729354053735733,0.24762362241744995,0.28171461820602417,1.0
384.0028130500559,0.0,500.0,558,11160000,0.0066281324,8.826284277666906,3.5098265924200424e-08,-1.0588264487410015e-08,48.83300423622131,5.983877420425415,54.816882610321045,0.0,-2.7939677481325642e-12,0.8558002710342407,0.2626219689846039,0.027307694777846336,0.30820414423942566,0.3068729341030121,1.0
449.09557745389685,0.0,500.0,559,11180000,0.0063001374,9.530879046203225,1.681873766032296e-08,5.418272053248074e-09,48.785496950149536,5.988829851150513,54.77432823181152,-6.675719976811934e-10,-1.768348661945751e-11,1.0956255197525024,0.27088385820388794,0.01666116714477539,0.17715401947498322,0.2472413033246994,1.0
455.965806580165,0.0,500.0,560,11200000,0.007011515,7.262217936090603,2.2655926041383225e-08,5.929032820262137e-10,48.663660764694214,5.932096004486084,54.595757722854614,3.1471252270875993e-09,2.0908191844526414e-11,0.8982042074203491,0.2411399781703949,0.02479017898440361,0.253854900598526,0.268468976020813,1.0
502.58152358059596,0.0,500.0,561,11220000,0.0064,8.514083018272546,2.6224174387861928e-08,-2.2964179891005188e-08,49.351624488830566,6.046895980834961,55.39852166175842,1.275539407430415e-08,-4.5401976449255255e-12,1.089030385017395,0.2641420066356659,0.01686357706785202,0.14730937778949738,0.24254785478115082,1.0
444.4148813646002,0.0,500.0,562,11240000,0.006509849,5.10769183590154,7.2925722147492594e-09,1.4169024842303202e-09,48.8728232383728,5.989277362823486,54.862101554870605,-3.671646098268866e-09,3.394088829433706e-11,1.005030870437622,0.26777583360671997,0.01980026438832283,0.17431671917438507,0.2664353549480438,1.0
433.4547666540393,0.0,500.0,563,11260000,0.00632724,6.810058526172759,1.3134116529752864e-08,4.376552453777549e-09,48.86262607574463,6.03760290145874,54.900230169296265,-7.629394338515283e-10,-1.0291114314886496e-11,1.0087476968765259,0.2658364772796631,0.019654620438814163,0.14200423657894135,0.26353123784065247,1.0
458.0461031540182,0.0,500.0,564,11280000,0.007039415,5.66644281961356,7.185375801361507e-09,2.3560307482739518e-08,48.86852240562439,6.023036003112793,54.8915593624115,-1.0490417423625331e-08,4.423782087176198e-12,0.9663705825805664,0.24796724319458008,0.02141619846224785,0.19274204969406128,0.2565964162349701,1.0
534.3079203166809,0.0,500.0,565,11300000,0.0069526266,9.027691465578261,1.793030243041727e-08,1.1827825829868743e-08,49.00419902801514,6.033466577529907,55.03766632080078,-7.2479249269008506e-09,2.4214387005921933e-12,0.977274477481842,0.25264641642570496,0.020940963178873062,0.27536770701408386,0.2585214078426361,1.0
424.46779425007037,0.0,500.0,566,11320000,0.005890148,8.366237057242424,1.3185905923191864e-08,9.777819443002045e-09,48.82984375953674,6.036636114120483,54.86648082733154,-4.339218317994664e-09,2.721208241379669e-12,1.0870320796966553,0.2704639732837677,0.016925636678934097,0.16886252164840698,0.2488095611333847,1.0
493.5352547797526,0.0,500.0,567,11340000,0.0063472237,8.424156769217959,1.8235352805009757e-08,-1.2398919224665406e-08,49.51521158218384,6.116042375564575,55.63125467300415,1.125335735707722e-08,-1.1757947046553419e-12,1.1544876098632812,0.2699643671512604,0.015005525201559067,0.13695012032985687,0.23383915424346924,1.0
524.9411651244931,0.0,500.0,568,11360000,0.006924445,9.63587197255177,2.0294632072941722e-08,-1.3448326896536855e-08,49.570796489715576,6.139126539230347,55.70992398262024,1.0204315614714687e-08,-1.4988472702565092e-12,0.9844881892204285,0.25015726685523987,0.020635204389691353,0.2657381296157837,0.2540987730026245,1.0
430.39411526758215,0.0,500.0,569,11380000,0.0060388236,6.834706813514612,6.84342391558753e-09,8.103321569308264e-09,49.145873069763184,6.001474857330322,55.14734888076782,-5.435943695175638e-09,-2.904562224417817e-12,1.1223831176757812,0.2769734859466553,0.01587623357772827,0.15489725768566132,0.2467726618051529,1.0
461.5222373418559,0.0,500.0,570,11400000,0.0064515565,8.500465853199078,1.826339016953111e-08,-1.1418263001772289e-09,48.910852909088135,6.01213812828064,54.92299175262451,-4.339218317994664e-09,2.572778578721624e-12,0.9979947209358215,0.267707496881485,0.02008044347167015,0.19550153613090515,0.2682453393936157,1.0
448.98452595324636,0.0,500.0,571,11420000,0.006122413,8.665286225270314,1.2242654421047318e-08,-2.3823827355329286e-09,48.87588286399841,5.966077089309692,54.84196090698242,5.054473728449693e-09,1.839361996047728e-12,1.1756986379623413,0.2826729416847229,0.014468973502516747,0.13409066200256348,0.24042978882789612,1.0
483.3612513562683,0.0,500.0,572,11440000,0.007289546,8.146367820812639,1.782560474596913e-08,-2.268350396406049e-09,49.140422344207764,5.826957941055298,54.9673810005188,-2.622604355906333e-10,-3.372406303867037e-12,0.9361764192581177,0.24432970583438873,0.02281993441283703,0.31443554162979126,0.26098689436912537,1.0
468.9393748978388,0.0,500.0,573,11460000,0.005998945,8.244832770232183,2.2237297665323887e-08,1.0204758815746118e-08,48.82918906211853,5.8962719440460205,54.72546172142029,-4.863739189175931e-09,4.409230413508075e-13,1.0671347379684448,0.2787712514400482,0.01756269857287407,0.21653200685977936,0.2612334191799164,1.0
467.70894654074027,0.0,500.0,574,11480000,0.0063034683,6.817639081797023,8.925891348811766e-09,-5.0534185724870895e-09,48.641459941864014,6.1802918910980225,54.82175278663635,-1.287460360543946e-09,1.0331860150411543e-12,1.0199699401855469,0.2695488929748535,0.0192245002835989,0.18002834916114807,0.26427140831947327,1.0
462.8760177127422,0.0,500.0,575,11500000,0.0062278304,7.218300509908397,1.4568990288495946e-08,4.005557219244338e-09,49.673845052719116,6.086737632751465,55.76058340072632,-3.6239624634504253e-09,1.207808945089331e-13,0.9638616442680359,0.2719043493270874,0.021527834236621857,0.17949026823043823,0.2820989191532135,1.0
467.0934889761344,0.0,500.0,576,11520000,0.0061397115,9.153050021305205,2.271343996323059e-08,7.05733382844187e-09,49.36365866661072,6.032785654067993,55.39644527435303,-1.0776520120714395e-08,1.4042598735306694e-13,1.05025315284729,0.2781873047351837,0.018131835386157036,0.21036788821220398,0.2648763954639435,1.0
492.01725798948763,0.0,500.0,577,11540000,0.006183597,7.275351439312005,9.212258917662781e-09,2.1456322940593964e-08,49.09619688987732,6.075862407684326,55.17206025123596,-1.840591501434119e-08,-1.3478711419559475e-12,1.09087336063385,0.26740822196006775,0.016806649044156075,0.15702173113822937,0.2451322078704834,1.0
460.2302634875123,0.0,500.0,578,11560000,0.0063566044,6.6188414149982915,1.0677588113559605e-08,9.536162082213195e-09,49.031501054763794,6.013560056686401,55.04506230354309,-7.629394338515283e-10,-5.802576301394691e-13,1.0444210767745972,0.2691884934902191,0.018334899097681046,0.17203205823898315,0.25773942470550537,1.0
443.03069497106827,0.0,500.0,579,11580000,0.006771615,5.972244885620798,9.09685028097162e-09,1.7261537976764885e-08,48.702746629714966,6.074504613876343,54.777252197265625,-1.0681151962899094e-08,3.1650416066220793e-14,0.8208426833152771,0.23863689601421356,0.029683148488402367,0.3090521991252899,0.2907218337059021,1.0
500.78689169697157,0.0,500.0,580,11600000,0.0067471834,8.713560871713481,1.6203099885849964e-08,1.0825514706880313e-08,49.7599720954895,6.10424280166626,55.86421585083008,-1.5497207073167374e-08,1.3053067741269908e-12,1.0094202756881714,0.2571203410625458,0.019628437235951424,0.19047556817531586,0.2547207772731781,1.0
489.20551766646366,0.0,500.0,581,11620000,0.006298191,11.706334115289579,3.637783911163208e-08,-9.25030363418955e-09,49.22071599960327,6.031561374664307,55.25227880477905,3.051757735406113e-09,3.3687684803176965e-13,1.1152859926223755,0.28363558650016785,0.01607893407344818,0.16421811282634735,0.2543164789676666,1.0
517.777864843418,0.0,500.0,582,11640000,0.006320558,15.063205848377981,3.506454560223381e-08,6.389922813099247e-09,49.21497440338135,5.9395058155059814,55.154481410980225,7.152557435219364e-10,3.048626347028349e-13,0.9849369525909424,0.2754116356372833,0.020616404712200165,0.17462274432182312,0.2796235680580139,1.0
492.93232892857907,0.0,500.0,583,11660000,0.005607162,10.799206337199848,4.745155398041835e-08,2.575462954013119e-09,49.24626660346985,6.172615051269531,55.418883085250854,-9.53674295089968e-09,5.456968427478004e-13,1.0949134826660156,0.29237475991249084,0.01668284460902214,0.11471691727638245,0.2670300304889679,1.0
495.37199381599567,0.0,500.0,584,11680000,0.00673119,8.930766632298756,1.7623268367814122e-08,4.1485170854116404e-09,49.05212712287903,6.180102586746216,55.23223114013672,-9.441375681262798e-09,3.2014213328934726e-14,0.9523179531097412,0.26410824060440063,0.022052910178899765,0.2327762395143509,0.27733200788497925,1.0
467.5552650147436,0.0,500.0,585,11700000,0.0063992697,9.565302239709599,4.3325532491793335e-08,8.297545761593028e-09,48.86894369125366,6.086282968521118,54.9552276134491,-8.583068478174027e-09,5.81348988046293e-13,1.0127288103103638,0.27196595072746277,0.01950039342045784,0.2156132161617279,0.2685476541519165,1.0
476.0394323824333,0.0,500.0,586,11720000,0.007193722,6.193962697010891,7.530318083177232e-09,4.7903174482666344e-11,49.12219309806824,6.136500120162964,55.25869417190552,-4.243850604268573e-09,2.1482265293894243e-13,0.8630669116973877,0.24548090994358063,0.026849791407585144,0.35057035088539124,0.28442859649658203,1.0
537.5331483372765,0.0,500.0,587,11740000,0.005837946,9.354345586041736,4.505208477522147e-08,1.31602453379287e-08,49.137446880340576,6.129823446273804,55.26727294921875,-1.506805347162299e-08,-4.591129451440856e-13,1.0568419694900513,0.28641796112060547,0.01790645718574524,0.14397920668125153,0.271013081073761,1.0
448.4732388073914,7.275,500.0,588,11760000,0.006168356,7.022128603564706,2.0599863623642616,-8.950233620907966e-08,48.96467113494873,6.094321966171265,55.05899381637573,-1.0251999249533128e-08,-1.086235030811622e-07,0.8996300101280212,0.27590417861938477,0.024711662903428078,0.16903607547283173,0.30668625235557556,1.0
420.4857529869554,0.0,500.0,589,11780000,0.006371584,6.814162717351488,1.9818727852242768,-6.027222099191931e-08,49.1771125793457,6.0424113273620605,55.21952486038208,-6.1988831845383174e-09,-6.942749308791463e-08,0.9001895189285278,0.2617288827896118,0.024680951610207558,0.29728102684020996,0.29074856638908386,1.0
563.0529587656586,0.0,500.0,590,11800000,0.0069192145,16.903046133867495,2.3868264777075714,1.2922287240257901e-08,49.48519253730774,6.146698474884033,55.63189196586609,-4.00543198608716e-09,-3.814697446813398e-09,1.078416347503662,0.24440844357013702,0.01719716563820839,0.22534555196762085,0.22663640975952148,1.0
474.8035527215005,0.0,500.0,591,11820000,0.0057840482,8.295322568097692,0.7135216710958511,-3.2520294013238527e-08,49.09839463233948,6.197316408157349,55.29571342468262,8.01086397217432e-09,-3.051757735406113e-09,0.9755558371543884,0.27472826838493347,0.02101481333374977,0.1503225415945053,0.2816120386123657,1.0
468.28483566913474,0.0,500.0,592,11840000,0.0070792204,9.644512102102778,1.1868365629653264,1.1062621929625038e-08,49.10092639923096,6.119727849960327,55.2206552028656,-1.6498566068889886e-08,-8.01086397217432e-09,0.8453285694122314,0.2531925141811371,0.027988441288471222,0.2551889419555664,0.2995196282863617,1.0
591.9460419645875,0.0,500.0,593,11860000,0.006553147,14.308042758893055,0.30282037700437436,1.7452240541615538e-08,49.11686849594116,6.224920034408569,55.34178972244263,-1.506805347162299e-08,-6.484985437538171e-09,0.9689706563949585,0.2682679295539856,0.021301420405507088,0.1653338372707367,0.27685868740081787,1.0
532.8408571259979,0.0,500.0,594,11880000,0.005990101,11.527544234512717,0.0675039268413167,1.3780593555168252e-08,49.21186709403992,6.086554765701294,55.29842281341553,-1.749992328825556e-08,0.0,1.0172265768051147,0.2793065309524536,0.01932833157479763,0.19497904181480408,0.2745765745639801,1.0
533.1701254924886,0.0,500.0,595,11900000,0.00645653,14.009377688966739,0.026559538949447074,2.0313262183435654e-08,49.10515522956848,6.201953172683716,55.307111501693726,-2.2697449253428204e-08,2.8371811566785254e-09,1.0497636795043945,0.2628781199455261,0.018148750066757202,0.15793479979038239,0.25041642785072327,1.0
548.052239824288,0.0,500.0,596,11920000,0.0067642587,14.396798816152439,0.01313038647269747,1.1122226695192694e-08,48.97911596298218,6.128299236297607,55.1074161529541,-1.0681151962899094e-08,1.7642974858844696e-09,1.051451563835144,0.249885693192482,0.01809052936732769,0.19183187186717987,0.2376578003168106,1.0
507.74707556716965,0.0,500.0,597,11940000,0.0065202005,13.98897154073047,0.007139733991627196,-1.5127657349012225e-08,48.87256217002869,6.087670564651489,54.96023392677307,7.2479249269008506e-09,4.1723249855074585e-11,0.8888519406318665,0.2659936845302582,0.02531459368765354,0.21185016632080078,0.29925525188446045,1.0
504.31056883772044,0.0,500.0,598,11960000,0.0060317763,8.308707691150106,0.004510806482374241,2.3263693194053303e-08,48.960819721221924,6.078393220901489,55.03921461105347,-1.516342251761671e-08,3.337859988405967e-10,0.9517996311187744,0.2711685001850128,0.022076934576034546,0.1420913189649582,0.28490087389945984,1.0
460.1922943164357,0.0,500.0,599,11980000,0.0064218673,8.715129708180761,0.002483008616562387,4.142522769257084e-09,48.88652944564819,6.188053607940674,55.074584007263184,-3.0040741005876725e-09,1.308322006288165e-09,0.8248007297515869,0.26820996403694153,0.029398947954177856,0.22784051299095154,0.3251814544200897,1.0
479.0925851282921,0.0,500.0,600,12000000,0.0066941194,8.973109049857802,0.0013543097156983842,-1.0508299119749154e-08,48.937922954559326,6.0087432861328125,54.946667194366455,4.8398973717667104e-09,-7.718801708911371e-10,0.9833971261978149,0.26593950390815735,0.020681016147136688,0.17524027824401855,0.2704293727874756,1.0
427.19989897052363,0.0,500.0,601,12020000,0.0059084445,5.8431575711365715,0.0007642134857233495,-1.1026859425555813e-09,49.05192422866821,6.096420049667358,55.14834499359131,7.629394338515283e-10,-2.145767175054658e-10,0.8688369989395142,0.28402990102767944,0.02649434469640255,0.21553093194961548,0.3269082307815552,1.0
519.9461788184494,0.0,500.0,602,12040000,0.006555604,9.454435854201105,0.0005007205761051114,-1.0757148061202315e-08,49.12200307846069,5.866431951522827,54.98843598365784,8.106232129989621e-09,-1.2218952238907121e-10,0.9935232400894165,0.2625933885574341,0.020261600613594055,0.19741615653038025,0.2643052339553833,1.0
531.6648409613442,0.0,500.0,603,12060000,0.006719261,7.456157410676313,0.0003752516072271629,-4.795193575546364e-09,49.11302876472473,6.261962175369263,55.37499189376831,2.145767119543507e-09,-1.4603138143165495e-10,0.9557008743286133,0.24698877334594727,0.02189706079661846,0.2005213499069214,0.2584373652935028,1.0
522.4603628392231,0.0,500.0,604,12080000,0.005860117,13.443121246775245,0.0002558150095123632,4.519522533996678e-09,49.16522789001465,6.172897100448608,55.33812618255615,-9.059905714536853e-09,4.783272666841754e-10,1.0387917757034302,0.2830164432525635,0.018534153699874878,0.16695138812065125,0.27244770526885986,1.0
572.4615966888468,0.0,500.0,605,12100000,0.0058040526,10.403752164324377,0.00019474365259261186,2.0563602376455492e-08,49.31086087226868,6.067239761352539,55.37810158729553,-1.120567283408036e-08,-2.0861626315316073e-10,1.2216626405715942,0.29532554745674133,0.013400686904788017,0.15269900858402252,0.24174071848392487,1.0
542.1607288749622,0.0,500.0,606,12120000,0.0067020417,11.500037195120647,0.00013146955380605527,6.573274369259252e-09,48.77931880950928,6.026901006698608,54.80622124671936,-9.822845647988743e-09,-4.9918888467281874e-11,1.0920103788375854,0.2597564458847046,0.016771666705608368,0.19611941277980804,0.23786993324756622,1.0
475.3741944985437,0.0,500.0,607,12140000,0.005946185,7.488123458206274,5.115656748072579e-05,-1.639127722441458e-09,48.6875786781311,6.118910551071167,54.80649018287659,5.817413217812373e-09,3.1040980896790415e-10,0.8406820893287659,0.277648001909256,0.02829868160188198,0.28686845302581787,0.3302651643753052,1.0
509.4133026541907,0.0,500.0,608,12160000,0.0060114427,12.876232130816028,6.295906250829975e-07,-4.885159388123839e-09,49.11194896697998,6.165567636489868,55.27751803398132,2.1934509764065524e-09,-6.491318593759843e-11,1.1494544744491577,0.2857160270214081,0.015137221664190292,0.14997442066669464,0.2485666126012802,1.0
490.44714865686745,0.0,500.0,609,12180000,0.0066659385,10.353924191377725,4.450073448058114e-07,1.3735052206698128e-08,48.75327014923096,6.0440778732299805,54.797348737716675,-1.3923645347801994e-08,-1.8849968808076767e-10,1.0005801916122437,0.2674136757850647,0.01997680403292179,0.15521281957626343,0.2672586143016815,1.0
483.7427718477596,0.0,500.0,610,12200000,0.0066300263,8.634048745131038,3.16934452941487e-07,9.669922640398454e-10,48.92094826698303,6.0605058670043945,54.98145508766174,-8.106231796922714e-10,1.0766088714975197e-10,0.8730165362358093,0.257763147354126,0.026241272687911987,0.31872570514678955,0.29525575041770935,1.0
464.74043474967556,0.0,500.0,611,12220000,0.005866495,9.506736893259037,2.3538941582155008e-07,-1.9516794846907715e-09,48.99717593193054,6.012293815612793,55.00947046279907,2.1219253021342865e-09,-2.3441390495371195e-10,0.9694784879684448,0.2929137945175171,0.02127910777926445,0.1387319415807724,0.30213549733161926,1.0
504.5258786009543,0.0,500.0,612,12240000,0.0059415777,10.764639748433593,1.928779553533488e-07,-6.305053701360919e-11,49.08472204208374,6.158635854721069,55.243359088897705,2.861023085110048e-10,-6.37490268906582e-11,1.1573295593261719,0.2855702340602875,0.014931917190551758,0.14191140234470367,0.2467493712902069,1.0
559.4420594191461,0.0,500.0,613,12260000,0.006131452,10.409688999090985,1.2805167016589893e-07,6.020767884251654e-09,49.11653780937195,6.03961443901062,55.156152963638306,-6.008148201175345e-09,1.0691583035571384e-10,1.1040441989898682,0.27582070231437683,0.016408046707510948,0.18881672620773315,0.24982760846614838,1.0
467.72192441470133,0.0,500.0,614,12280000,0.006692907,10.902826164330646,1.0047640616078167e-07,2.851709701712224e-10,49.46325445175171,6.036222696304321,55.499478340148926,-9.918212917625624e-09,9.471550627138114e-11,1.0004491806030273,0.2586013972759247,0.01998203434050083,0.19285672903060913,0.2584853172302246,1.0
524.3485251788949,532.975,500.0,615,12300000,0.0046662376,18.315573287162053,46920.02654730628,1.3663292293131235e-06,48.90593457221985,5.995767116546631,54.901702642440796,4.4345855876315454e-09,-2.4902344648580765e-06,0.6921286582946777,0.2587590217590332,0.041749972850084305,0.32156476378440857,0.393991619348526,1.0
447.90385055674926,532.975,500.0,616,12320000,0.0055567445,9.656215468181927,5.655360286630643,9.679793855355001e-09,48.91723704338074,6.143327951431274,55.06056594848633,-3.051757735406113e-09,-4.959106458812812e-09,0.858860969543457,0.29600054025650024,0.027113407850265503,0.1844971477985382,0.33467257022857666,1.0
479.46254265606046,0.0,500.0,617,12340000,0.00698979,14.363454053811965,3.706955765121302,2.2888183792701966e-08,49.06454610824585,6.045696973800659,55.11024355888367,-5.912780931538464e-09,2.0980834847250662e-08,0.9956297874450684,0.25277069211006165,0.020175952464342117,0.15672117471694946,0.25388020277023315,1.0
513.1316024031669,0.0,500.0,618,12360000,0.0066787545,12.046568299099139,4.167299461592535,2.336502191724321e-08,48.9861900806427,5.986788988113403,54.97298002243042,-1.00135799652179e-09,2.5939941750152684e-08,1.0290497541427612,0.26607322692871094,0.018886739388108253,0.22227920591831207,0.2585621178150177,1.0
486.19002148830987,0.0,500.0,619,12380000,0.006387057,12.068703354999517,1.1613219520848268,-7.629394893626795e-09,49.19212579727173,6.206547260284424,55.39867401123047,-2.0980834847250662e-09,-8.77380390562621e-09,0.8658156991004944,0.26594629883766174,0.026679575443267822,0.20982012152671814,0.30716273188591003,1.0
518.4057307770098,0.0,500.0,620,12400000,0.006644495,13.00074466565612,0.5780057759421646,-1.688003514743741e-08,49.17627286911011,6.065876483917236,55.24215078353882,1.3780593555168252e-08,-2.38418573772492e-09,0.9937740564346313,0.2471824735403061,0.020251372829079628,0.2199893742799759,0.24873101711273193,1.0
480.94721832282283,0.0,500.0,621,12420000,0.006157121,7.77453543562798,0.5065517605300163,9.727478378351861e-09,49.225619077682495,6.029807806015015,55.255428075790405,-7.629394893626795e-09,7.343292196537732e-09,1.014565110206604,0.26979637145996094,0.019429871812462807,0.20267532765865326,0.2659232020378113,1.0
433.46714882772056,0.0,500.0,622,12440000,0.0059582023,7.570278003261348,0.47271810113244755,-3.671645876224261e-09,48.87646174430847,6.008113145828247,54.884575605392456,-2.2888184680880386e-09,3.814697446813398e-09,1.0921763181686401,0.2870120108127594,0.016766570508480072,0.1580340415239334,0.2627891004085541,1.0
448.79438085354207,0.0,500.0,623,12460000,0.0066742217,11.81839717148216,0.6964601794815367,-1.1396408261532542e-08,48.911736726760864,6.166995048522949,55.07873272895813,-1.1444092340440193e-09,-1.3160705414350105e-08,0.838342010974884,0.264840304851532,0.028456885367631912,0.24921569228172302,0.31590956449508667,1.0
430.3971702582465,0.0,500.0,624,12480000,0.0066751586,6.674180352308189,0.5037607182363036,4.76837014318221e-10,49.14710283279419,6.016381025314331,55.16348481178284,-3.433227480087453e-09,-2.574920721087892e-09,0.84440678358078,0.2585911154747009,0.028049584478139877,0.274590402841568,0.3062400221824646,1.0
480.348993779622,0.0,500.0,625,12500000,0.0061009903,10.172363856036192,0.411903225103761,5.6266782344494e-09,49.18126654624939,6.051403760910034,55.23267126083374,-3.862381081631838e-09,-4.386901952813105e-09,1.0364251136779785,0.2764997184276581,0.01861889474093914,0.18798309564590454,0.26678216457366943,1.0
491.63439305027634,0.0,500.0,626,12520000,0.0062687006,8.814566347401612,0.3205134280927622,1.199245502903068e-08,49.18469285964966,6.104793071746826,55.28948736190796,-1.8024444159436825e-08,-2.813339339269305e-09,0.9955155849456787,0.2651216685771942,0.020180581137537956,0.17969323694705963,0.26631590723991394,1.0
430.68689132705293,0.0,500.0,627,12540000,0.006559537,4.983245030785822,0.2679977908066124,-1.0293722318976961e-08,48.873342752456665,6.161931753158569,55.03527545928955,1.5807151143576448e-08,-2.1636485936227245e-09,0.91447514295578,0.2592932879924774,0.023915862664580345,0.2143222987651825,0.28354328870773315,1.0
511.28942945862,0.0,500.0,628,12560000,0.0064219236,9.68624298192893,0.23271886341890713,-2.70843507621521e-08,49.4401593208313,6.114269495010376,55.55442976951599,2.3412704663883233e-08,4.768371461572052e-11,0.9581250548362732,0.27139413356781006,0.021786397323012352,0.1723976582288742,0.2832554578781128,1.0
486.968612811905,0.0,500.0,629,12580000,0.0068425285,10.138948062726646,0.20052105118134977,7.724762163263676e-09,49.19919967651367,6.030510902404785,55.22971153259277,-6.866454960174906e-09,-1.20401377756707e-09,1.0013208389282227,0.2560036778450012,0.01994726061820984,0.17963464558124542,0.25566601753234863,1.0
518.5418621251977,0.0,500.0,630,12600000,0.0061449297,11.074140578622272,0.15467102547549896,-5.723536311563748e-09,48.804890394210815,6.1733973026275635,54.978288412094116,5.769729582993932e-09,-2.458691583662187e-10,1.120415210723877,0.2823691666126251,0.015932053327560425,0.192294180393219,0.2520218789577484,1.0
458.89752524357425,0.0,500.0,631,12620000,0.0051112804,9.299686204096314,0.10319434588027608,-1.287460360543946e-08,49.08676218986511,6.207611560821533,55.29437470436096,5.173683259585005e-09,1.3351439953623867e-09,0.7875784635543823,0.3120388388633728,0.032243501394987106,0.17002861201763153,0.3962002992630005,1.0
503.9269632734742,0.0,500.0,632,12640000,0.005450433,11.596749864566098,0.04755591078169027,3.501772871672415e-09,49.10923433303833,6.106780290603638,55.21601581573486,-7.629394893626795e-09,-8.344649971014917e-11,1.107860803604126,0.2992340922355652,0.016295187175273895,0.11265481263399124,0.2701007127761841,1.0
445.67327715166596,0.0,500.0,633,12660000,0.0065245484,6.374589194613657,0.010795270680645659,4.7966839389346205e-09,49.10490703582764,5.901522397994995,55.00643062591553,-1.361370127739292e-08,1.7732382229240784e-10,1.0031700134277344,0.2495587021112442,0.019873790442943573,0.27158913016319275,0.24877002835273743,1.0
472.62858264014193,0.0,500.0,634,12680000,0.005888353,9.650563585226703,0.0017583989346574896,6.961822229811787e-09,49.06200289726257,6.041173219680786,55.103177070617676,-7.867813067718998e-09,-7.718801708911371e-10,1.0366355180740356,0.2843976318836212,0.01861133798956871,0.17341578006744385,0.27434682846069336,1.0
433.46634570585763,0.0,500.0,635,12700000,0.0066295853,10.165325483243176,0.0006154062722662796,1.19209286886246e-09,49.099899768829346,6.036978721618652,55.136879444122314,3.051757735406113e-09,-3.241002605181009e-11,1.0641536712646484,0.25406017899513245,0.017661234363913536,0.16685084998607635,0.23874391615390778,1.0
534.5934042998895,0.0,500.0,636,12720000,0.007044122,8.383005161042426,0.0003470277114531061,2.8334556922970933e-09,49.52794885635376,6.0320634841918945,55.56001329421997,-7.629394338515283e-10,-3.5017727606501126e-10,1.0444916486740112,0.24984069168567657,0.01833242177963257,0.15327978134155273,0.23919838666915894,1.0
522.9730133301416,0.0,500.0,637,12740000,0.006293435,14.617899035192599,0.00026310810957928517,-1.2789667103163538e-08,49.19114327430725,5.9836108684539795,55.174755334854126,6.628036341993493e-09,1.1324882698282579e-10,0.8838728666305542,0.26862382888793945,0.025600604712963104,0.19339153170585632,0.3039168119430542,1.0
465.1738598417627,0.0,500.0,638,12760000,0.0062332638,11.966754278255875,0.00019745071541672204,-4.785507989879534e-09,49.121092796325684,6.003049612045288,55.12414360046387,3.2424927187690855e-09,-3.799796241543696e-11,1.0256739854812622,0.26943981647491455,0.01901126652956009,0.16916817426681519,0.2626953423023224,1.0
479.50767005823445,0.0,500.0,639,12780000,0.0063283546,10.889432078713824,0.00012939633655318825,2.2087247586455305e-09,49.20517086982727,6.087433099746704,55.29260516166687,-2.6702879907247734e-09,-1.3820826427757282e-10,1.0851905345916748,0.26980456709861755,0.01698312908411026,0.16297602653503418,0.24862413108348846,1.0
474.0021447330813,0.0,500.0,640,12800000,0.0064561036,6.611916183210482,7.177947648351561e-05,-6.026774634904086e-09,49.040663957595825,6.1326165199279785,55.17328119277954,7.724762163263676e-09,1.5273690298633902e-11,1.0649110078811646,0.26426321268081665,0.017636125907301903,0.16148193180561066,0.24815523624420166,1.0
465.2582461822714,0.0,500.0,641,12820000,0.0064732856,7.7049579334866465,6.129944925821181e-06,2.1469312438959776e-10,49.02326011657715,6.1253345012664795,55.148595571517944,-3.5762786065873797e-09,-2.149725397693203e-10,0.8838945627212524,0.26595327258110046,0.025599345564842224,0.2172360122203827,0.30088797211647034,1.0
479.2973685448968,0.0,500.0,642,12840000,0.0061696335,8.378824788749597,2.308493155558197e-07,2.504046969775686e-09,48.54785418510437,5.966654300689697,54.51450967788696,-6.675720420901143e-09,2.4959444233640937e-11,1.173858642578125,0.2813858389854431,0.01451436523348093,0.14510364830493927,0.23971013724803925,1.0
497.41861631216517,0.0,500.0,643,12860000,0.0061891414,10.166010870143866,1.6096228517645833e-07,3.1665898791999325e-09,49.22270607948303,5.988751411437988,55.21145844459534,-7.772445798082117e-09,-2.644956198505355e-10,0.9988470077514648,0.27621346712112427,0.020046191290020943,0.19108626246452332,0.2765323519706726,1.0
615.232082314387,0.0,500.0,644,12880000,0.006742357,9.923483110537195,1.1793079903138457e-07,-9.58791890326438e-09,48.9954788684845,5.9246556758880615,54.920135498046875,1.4114379887075756e-08,-5.122274132629556e-11,0.9418530464172363,0.2648753225803375,0.022545689716935158,0.2664390206336975,0.28122782707214355,1.0
533.5200110225999,0.0,500.0,645,12900000,0.006226822,8.897554336535704,9.237469710598315e-08,-2.0777946474481723e-08,49.07501554489136,6.131516695022583,55.206533432006836,2.546310362561144e-08,1.136213519103979e-11,1.0242408514022827,0.2739182412624359,0.019064508378505707,0.23126594722270966,0.26743537187576294,1.0
451.2280945866436,0.0,500.0,646,12920000,0.0068675736,11.432798670507541,6.985257527053161e-08,-3.1932256838729245e-09,49.2487895488739,6.080902338027954,55.32969284057617,4.482269222449986e-09,-4.619360102764425e-11,0.8632276654243469,0.24654848873615265,0.026839792728424072,0.3212732970714569,0.2856123745441437,1.0
504.64865880308923,0.0,500.0,647,12940000,0.005999161,6.815659942292863,4.524017903338843e-08,-9.683193136211798e-10,49.4063766002655,6.132084846496582,55.5384624004364,-3.8146971692576415e-10,-1.0933726840578473e-10,0.9554556012153625,0.2830851674079895,0.02190830558538437,0.1848224699497223,0.29628288745880127,1.0
462.96590428957643,0.0,500.0,648,12960000,0.0062694047,9.288432335398,5.781560858486154e-08,-4.188623059508956e-10,48.949509620666504,6.121230125427246,55.07074046134949,6.675719976811934e-10,-8.59610715941983e-11,1.0065439939498901,0.26365360617637634,0.01974077895283699,0.2182716727256775,0.26193952560424805,1.0
463.0394076360155,0.0,500.0,649,12980000,0.0049274466,12.671759481642656,4.26997005578176e-08,-8.25058632525355e-10,49.100024461746216,6.034409046173096,55.13443422317505,1.5258788677030566e-09,3.320164976283735e-11,1.2939457893371582,0.3224238157272339,0.011945310980081558,0.0910179615020752,0.24917878210544586,1.0
461.55595027251877,0.0,500.0,650,13000000,0.004877037,8.56336720217565,2.3057889287935293e-08,9.140605605750807e-09,49.202839374542236,6.125992059707642,55.328832387924194,-1.2922287240257901e-08,-1.4388933620990141e-11,1.1284891366958618,0.3200356066226959,0.015704892575740814,0.09303050488233566,0.28359654545783997,1.0
587.8342357118286,0.0,500.0,651,13020000,0.0050678253,14.882900068866219,3.787618631529903e-08,-9.394134359297368e-09,49.26780605316162,6.069169521331787,55.336976289749146,1.6212463593845428e-09,-6.984919641381954e-14,1.281712532043457,0.31139442324638367,0.012174422852694988,0.12473081052303314,0.24295185506343842,1.0
536.0739273681082,0.0,500.0,652,13040000,0.005220908,10.588237737394442,2.986701286741992e-08,-2.6932567287474285e-09,48.88136076927185,6.152950286865234,55.03431177139282,4.1961669694501325e-09,-2.3061875326080283e-11,1.0783538818359375,0.30703413486480713,0.017199154943227768,0.13191713392734528,0.2847248315811157,1.0
467.7429552156742,0.0,500.0,653,13060000,0.0058733933,13.96908379512228,3.4206111134523914e-08,4.808790698973553e-09,48.9831383228302,6.065846681594849,55.048985958099365,-4.76837147544984e-09,4.068715503402487e-11,1.0311287641525269,0.2846633493900299,0.018810655921697617,0.15720871090888977,0.27606967091560364,1.0
481.7785778794467,0.0,500.0,654,13080000,0.006338691,12.257053475471059,1.6577569335239176e-08,-3.8131369173299845e-09,49.18999719619751,5.993303060531616,55.18330097198486,-3.528594971768939e-09,-4.6100467193666006e-11,1.135086178779602,0.2737945318222046,0.015522872097790241,0.16669557988643646,0.24121037125587463,1.0
505.36050832500786,0.0,500.0,655,13100000,0.0056147166,7.438097329200453,1.8786247310359317e-08,6.8509717898734834e-09,49.10098433494568,6.222726345062256,55.32371163368225,-1.19209286886246e-09,-1.5733530797645834e-11,1.075617790222168,0.2990420460700989,0.017286766320466995,0.1208416223526001,0.27801889181137085,1.0
457.44117552004116,0.0,500.0,656,13120000,0.006115616,7.4871017323937386,1.0667034881722012e-08,-8.225912395687374e-09,49.29421520233154,6.182054281234741,55.47627019882202,6.484985437538171e-09,2.3283064712331658e-11,0.9298040270805359,0.2747012972831726,0.02313379943370819,0.1673872470855713,0.2954399883747101,1.0
509.98598602892537,0.0,500.0,657,13140000,0.0059994827,12.129423845497666,2.534786429953256e-08,5.885478060463356e-08,49.16111660003662,6.048413276672363,55.20953059196472,-5.893707211157562e-08,1.3120006817080032e-11,1.1576329469680786,0.2867777645587921,0.014924093149602413,0.13636188209056854,0.24772775173187256,1.0
547.9379394267387,0.0,500.0,658,13160000,0.0055346116,10.048422670060662,1.1669585701826102e-08,3.2325566667879002e-09,49.271806478500366,5.991898775100708,55.26370644569397,7.438659466174613e-09,-9.941868509000251e-12,0.7709724307060242,0.30418673157691956,0.03364745154976845,0.185720294713974,0.3945494592189789,1.0
504.05236123359026,0.0,500.0,659,13180000,0.00598037,7.8163635644183795,1.5794842160196823e-08,-6.493990234446301e-09,49.06814956665039,6.070379734039307,55.138530015945435,6.246566819356758e-09,-9.06002269734918e-12,1.179355502128601,0.28748440742492676,0.014379380270838737,0.11851920187473297,0.24376405775547028,1.0
532.5743568447813,0.0,500.0,660,13200000,0.00702986,8.956387723327442,1.3826776008129174e-08,-2.285707179083829e-09,48.67354893684387,6.031646728515625,54.70519661903381,1.8119812317252126e-09,3.0908268566082198e-12,0.8434544205665588,0.24386242032051086,0.02811296284198761,0.34069356322288513,0.28912338614463806,1.0
484.20459805663506,0.0,500.0,661,13220000,0.0065630875,7.518454225503715,9.102764253211711e-09,6.230402305185123e-10,49.002424001693726,6.025371789932251,55.02779674530029,1.8119812317252126e-09,3.151944850954269e-12,0.879767656326294,0.2782355546951294,0.02584007941186428,0.20702770352363586,0.3162602186203003,1.0
482.9727526198385,0.0,500.0,662,13240000,0.0063400855,9.534033565460497,3.811459577689837e-08,2.3872315235706765e-09,49.03178334236145,6.042124032974243,55.07390832901001,-3.337859988405967e-10,3.0966475043914254e-12,0.8589317202568054,0.2629154324531555,0.027108939364552498,0.22498343884944916,0.3060959279537201,1.0
474.3726075178585,0.0,500.0,663,13260000,0.005902147,8.277199106914981,1.8025285837376132e-08,-5.866414021227229e-09,48.937403202056885,6.04370903968811,54.98111367225647,9.012222079718413e-09,-1.2907548294083249e-12,0.9768661856651306,0.29027900099754333,0.020958472043275833,0.15153563022613525,0.2971533536911011,1.0
524.4061372543281,0.0,500.0,664,13280000,0.0068497076,9.830490978811957,1.4479520828373361e-08,-1.0114579396258705e-08,49.15976309776306,6.085310459136963,55.2450749874115,1.363754265071293e-08,-5.665060434645319e-12,0.9122740626335144,0.25458264350891113,0.02403140440583229,0.17980708181858063,0.27906376123428345,1.0
513.0709232543372,0.0,500.0,665,13300000,0.0059834365,10.64499249746845,2.41961451156651e-08,4.958996768777979e-09,49.04337024688721,6.021773815155029,55.065144777297974,-8.869171175263091e-09,-9.022187700711767e-14,1.066583275794983,0.2814866900444031,0.01758086308836937,0.12792806327342987,0.26391443610191345,1.0
471.73967707677195,0.0,500.0,666,13320000,0.0058537866,10.692232221858516,2.9480025605103306e-08,1.2494089318693113e-08,49.007293939590454,6.005289077758789,55.01258420944214,-1.8119812317252126e-09,9.34960550820485e-13,1.005551815032959,0.2893839180469513,0.0197797529399395,0.14868953824043274,0.2877861559391022,1.0
519.2877694419093,0.0,500.0,667,13340000,0.005462069,9.2572377119854,1.2382381663960262e-08,-1.0012747075904826e-08,49.00456357002258,5.93049955368042,54.93506383895874,1.2397766369076635e-08,8.27276398426835e-13,0.9838480949401855,0.3033876121044159,0.020662063732743263,0.13219547271728516,0.3083683252334595,1.0
423.92590561300665,0.0,500.0,668,13360000,0.00617294,7.858597166523053,1.2907328925341216e-08,3.1465301475464003e-09,49.48239183425903,6.0205371379852295,55.50292992591858,-4.100799699813251e-09,-6.006302768514493e-13,0.9828791618347168,0.28809916973114014,0.020702820271253586,0.17377837002277374,0.29311758279800415,1.0
472.0787330355952,0.0,500.0,669,13380000,0.0059928573,9.07866276844292,1.584243164557914e-08,6.294682552976383e-09,48.88761639595032,6.046767234802246,54.93438458442688,3.671646098268866e-09,4.270987047100966e-13,1.0559778213500977,0.281939834356308,0.017935775220394135,0.15858936309814453,0.26699408888816833,1.0
465.2897694376264,0.0,500.0,670,13400000,0.0059125987,10.764711827685119,1.5956408605102075e-08,4.577326073729182e-09,49.164270639419556,6.012608528137207,55.1768798828125,-1.0013580187262505e-08,-3.179593361605365e-13,1.0429805517196655,0.2765882909297943,0.018385576084256172,0.21037991344928741,0.2651902735233307,1.0
572.3448810086401,0.0,500.0,671,13420000,0.004846494,11.38696875086256,2.0994693065709516e-08,2.717957059417131e-08,49.29273986816406,6.12112832069397,55.41386890411377,-9.918212917625624e-09,-1.3351381903271148e-13,0.9140042662620544,0.31685593724250793,0.02394050732254982,0.15435640513896942,0.34666791558265686,1.0
509.3905062258344,0.0,500.0,672,13440000,0.006171223,8.943882966497142,1.8331279557941655e-08,1.3351315608645109e-08,49.067803382873535,6.08300518989563,55.1508092880249,-1.8119812317252126e-09,-1.2951204236659464e-13,0.9291420578956604,0.26900625228881836,0.023166775703430176,0.16575218737125397,0.28952109813690186,1.0
507.66659537182204,0.0,500.0,673,13460000,0.0061968523,11.170471739617122,1.7904955334006872e-08,1.5831572497404522e-08,49.49354791641235,6.1104044914245605,55.60395359992981,-7.22408310949163e-09,5.79530022061514e-13,0.8802343606948853,0.27304741740226746,0.02581268548965454,0.1754903495311737,0.3101985454559326,1.0
436.40036621057743,0.0,500.0,674,13480000,0.006284295,8.791122823460087,1.8157684779146957e-08,-1.5010452880659386e-09,48.93255829811096,6.140773057937622,55.0733323097229,-1.907348723406699e-09,9.964424034156205e-13,0.972442626953125,0.2619127333164215,0.021149583160877228,0.19188278913497925,0.26933494210243225,1.0
510.9199704609837,0.0,500.0,675,13500000,0.0061860424,8.620969543487403,2.121363942213314e-08,-9.536401890386514e-09,49.063725233078,6.148977518081665,55.21270394325256,1.1634826435624745e-08,3.354216589809139e-13,0.9608669281005859,0.2813546061515808,0.021662235260009766,0.2102811485528946,0.29281336069107056,1.0
499.54177621202325,0.0,500.0,676,13520000,0.00604393,11.240897857307628,3.666417057262166e-08,-2.289329392723971e-09,49.09879398345947,6.070679426193237,55.16947412490845,5.674362313357051e-09,-5.076799440908997e-13,1.107383370399475,0.2812519669532776,0.016309238970279694,0.11901463568210602,0.2539788782596588,1.0
549.2311944465357,0.0,500.0,677,13540000,0.005996428,11.698279358930648,3.0333300315707424e-08,8.249356753253778e-09,49.1685516834259,6.053297281265259,55.2218496799469,-9.679794743533421e-09,7.221388200959189e-14,0.9474842548370361,0.28286197781562805,0.022278491407632828,0.2155902087688446,0.2985400855541229,1.0
487.0328632453549,0.0,500.0,678,13560000,0.005892581,7.951371218900013,1.6168389477551913e-08,-3.2423030926764795e-09,48.9032187461853,6.028024673461914,54.93124437332153,5.054473728449693e-09,1.9326762954775811e-13,1.0820707082748413,0.28489065170288086,0.017081202939152718,0.16499440371990204,0.26328280568122864,1.0
479.35272981888204,0.0,500.0,679,13580000,0.0061778245,8.676548871113237,2.610870903840752e-08,5.817648585093593e-09,49.05552268028259,5.9946513175964355,55.0501754283905,3.814697446813398e-09,2.3337633366614374e-13,0.9830083250999451,0.28586867451667786,0.02069738134741783,0.1666990965604782,0.2908100485801697,1.0
557.1822004805898,0.0,500.0,680,13600000,0.005846835,8.67874686581314,1.1245147777898447e-08,-2.3364250534285702e-09,49.2919225692749,6.021808624267578,55.31373190879822,6.532669072356612e-09,7.385097307993638e-14,0.966474175453186,0.2873258590698242,0.021411608904600143,0.1560766100883484,0.2972928285598755,1.0
493.7894631349491,0.0,500.0,681,13620000,0.0061409967,9.13491378908704,1.776652135486467e-08,-4.768437644742107e-09,48.95851254463196,6.019092082977295,54.97760534286499,4.1961669694501325e-09,-6.521076945575563e-14,0.9975869655609131,0.2740383446216583,0.020096860826015472,0.15452629327774048,0.27470117807388306,1.0
455.85416183335826,0.0,500.0,682,13640000,0.0057706065,7.743127123109854,1.4504502777512761e-08,-4.887783067175633e-09,49.42352104187012,6.039668560028076,55.46319031715393,3.4570693530078245e-10,-2.002707353253308e-13,1.049055814743042,0.28779807686805725,0.018173249438405037,0.16375169157981873,0.27434006333351135,1.0
433.2410321065694,0.0,500.0,683,13660000,0.0059803254,5.979716712046581,1.0758716286794164e-08,-1.2413697625390796e-08,49.02127408981323,6.031137466430664,55.05241274833679,7.677078528445236e-09,-1.5797559441144138e-11,0.7329098582267761,0.28048649430274963,0.03723306208848953,0.24427345395088196,0.38270264863967896,1.0
504.2041147187753,0.0,500.0,684,13680000,0.006695102,11.064820030844135,4.373149318912344e-08,1.62557753924375e-08,49.24856734275818,6.075406074523926,55.32397413253784,-1.0061263822080946e-08,-4.400499062362506e-12,0.8986355066299438,0.25238561630249023,0.024766389280557632,0.21894650161266327,0.2808542251586914,1.0
555.223266932808,0.0,500.0,685,13700000,0.0066444715,10.70207322281637,3.407888922455318e-08,-5.518377310664846e-09,48.967352867126465,6.11269998550415,55.08005380630493,2.8610229740877458e-09,1.2898817430828657e-11,1.0920313596725464,0.2698872685432434,0.016771018505096436,0.21478508412837982,0.24714241921901703,1.0
501.8710903563489,0.0,500.0,686,13720000,0.0051763826,7.9972333346202875,8.575943895579936e-09,-1.5580368994960736e-08,49.03156089782715,5.996588945388794,55.02815103530884,1.5640258865801115e-08,1.2270175327178112e-11,0.9712311029434204,0.3080936074256897,0.02120238170027733,0.14092087745666504,0.31721967458724976,1.0
518.683706799475,0.0,500.0,687,13740000,0.006032666,14.041032501694502,5.03061261365389e-08,-1.0466509436923843e-08,49.344961643218994,5.890218734741211,55.23518109321594,6.508827254947391e-09,4.656612755441457e-14,1.012361764907837,0.2816448211669922,0.0195145420730114,0.14473536610603333,0.2782057225704193,1.0
527.715754287177,0.0,500.0,688,13760000,0.005585965,13.005607792678152,1.5241106661593627e-08,1.3680587329645277e-08,49.14032530784607,5.962491512298584,55.10281777381897,-1.0108947456899386e-08,-4.6071362870547805e-12,1.0473021268844604,0.2997073829174042,0.01823415979743004,0.12384577840566635,0.2861708402633667,1.0
469.8314658825892,0.0,500.0,689,13780000,0.0062732096,7.798156682549009,8.157361777736362e-09,-3.2409226413676606e-09,49.196014404296875,5.959739446640015,55.15575456619263,4.911422823994371e-09,1.538137455944777e-12,1.0471819639205933,0.2844792902469635,0.01823834702372551,0.16658180952072144,0.27166181802749634,1.0
478.7871272333943,0.0,500.0,690,13800000,0.005713946,9.989980941365479,2.5571107125960148e-08,-6.605875402243555e-09,49.09857225418091,5.971771478652954,55.07034492492676,4.506111039859206e-09,-1.6851117940266946e-12,1.0129940509796143,0.2924814224243164,0.019490186125040054,0.1433807760477066,0.2887296676635742,1.0
560.8798419812878,0.0,500.0,691,13820000,0.0060081715,12.90480872445805,2.3685797508446246e-08,2.190188475026389e-09,49.0929000377655,6.050160646438599,55.14306163787842,-4.529952857268427e-09,-3.262539327239522e-12,1.0468257665634155,0.2860693335533142,0.018250759690999985,0.15090607106685638,0.27327316999435425,1.0
489.10168522788047,0.0,500.0,692,13840000,0.0065193055,11.370594086312943,1.4024941262946874e-08,-2.1905770530850077e-09,49.038830518722534,5.972527742385864,55.011358976364136,-5.57899459963096e-09,2.8514478105090557e-12,0.9565961956977844,0.259506493806839,0.021856091916561127,0.23733708262443542,0.2712811529636383,1.0
500.9940207827205,0.0,500.0,693,13860000,0.006155877,10.743265008167096,2.5049423710208735e-08,-5.337504216385014e-09,49.286214113235474,5.9864606857299805,55.27267575263977,-5.722046170220096e-10,3.068271331452266e-12,0.9353280663490295,0.2759414613246918,0.02286135032773018,0.2573166489601135,0.29502105712890625,1.0
523.5405401933804,0.0,500.0,694,13880000,0.006298252,14.70707792901689,2.9734309750418112e-08,-2.1435260233459985e-09,49.26372051239014,5.9878716468811035,55.25159311294556,5.817413217812373e-09,2.2555468777440968e-12,1.0233477354049683,0.26824328303337097,0.019097797572612762,0.1889047920703888,0.26212331652641296,1.0
508.1715238950434,0.0,500.0,695,13900000,0.005626933,11.374181266347314,4.105033649960009e-08,4.289881339047952e-09,49.28158712387085,5.994037389755249,55.275625467300415,-1.6212463593845428e-09,-1.6683771334943809e-12,0.9459015130996704,0.2977057993412018,0.02235311269760132,0.13548272848129272,0.31473231315612793,1.0
558.020166719908,0.0,500.0,696,13920000,0.006405958,9.604396713311505,3.155243806131995e-08,-4.028489986040995e-09,49.203797817230225,6.015517234802246,55.21931576728821,5.0783155458589135e-09,7.836206184809458e-13,0.9127880930900574,0.25924941897392273,0.024004347622394562,0.23712092638015747,0.28401926159858704,1.0
487.6275171173435,0.0,500.0,697,13940000,0.0061426125,10.913909888571235,2.2368828912340092e-08,3.6236540434941844e-09,49.179219245910645,5.99031925201416,55.16953921318054,6.484985437538171e-09,-3.030436416130017e-13,1.0636649131774902,0.2782993018627167,0.017677467316389084,0.19013774394989014,0.26164188981056213,1.0
442.6307294944989,0.0,500.0,698,13960000,0.0064359987,8.475994499929392,2.2334186618505155e-08,1.7547050035204848e-08,49.08297514915466,6.0547027587890625,55.13767910003662,-1.6498566068889886e-08,-5.446054306308679e-13,0.8993238210678101,0.2729572653770447,0.02472849003970623,0.21149057149887085,0.30351391434669495,1.0
563.4394422394325,0.0,500.0,699,13980000,0.0064125787,10.758535351722863,2.7246648970743978e-08,6.2951839296943035e-09,49.34510159492493,5.99880576133728,55.343908071517944,5.912780931538464e-09,9.3714337505435e-13,0.8533026576042175,0.25757214426994324,0.02746778354048729,0.1901060789823532,0.3018531799316406,1.0
511.7636859089891,0.0,500.0,700,14000000,0.0065730135,9.29763122850163,1.06759182883429e-08,2.0383875920515493e-08,48.957828760147095,6.118085861206055,55.075915575027466,-2.231597839852384e-08,-9.065843236712168e-13,0.765194296836853,0.2718409299850464,0.03415752202272415,0.19607597589492798,0.35525721311569214,1.0
521.2512017174334,0.0,500.0,701,14020000,0.0057006357,9.736348577365753,4.006827994648254e-08,-6.576815092529387e-09,49.487648725509644,6.095559120178223,55.58320903778076,-5.722046170220096e-10,3.491004360589578e-12,0.9805489778518677,0.28762325644493103,0.020801333710551262,0.1638757884502411,0.29332879185676575,1.0
522.3176846332206,0.0,500.0,702,14040000,0.005555979,9.557689867201884,2.291058005911297e-08,-9.538482004245452e-09,49.27097225189209,6.120570421218872,55.39154362678528,2.4318695945879654e-09,-1.7374987082777182e-12,1.145501732826233,0.2966763377189636,0.015241868793964386,0.14461156725883484,0.258992463350296,1.0
489.1382230036355,0.0,500.0,703,14060000,0.0057859137,8.01670140445612,9.236158137959072e-09,1.3352485339623854e-08,49.133137226104736,6.041692495346069,55.17483067512512,-1.1587142800806305e-08,1.051375891729378e-12,0.9770207405090332,0.2822945713996887,0.02095184475183487,0.1332705020904541,0.2889341115951538,1.0
548.2304422336381,0.0,500.0,704,14080000,0.0063271965,10.736812981526564,2.6365596743807033e-08,-2.6700006650060004e-09,49.36704897880554,6.039128065109253,55.40617775917053,3.1471252270875993e-09,2.7648638044851237e-13,0.9683670401573181,0.2716422379016876,0.02132798358798027,0.17442557215690613,0.28051578998565674,1.0
501.69793492150876,0.0,500.0,705,14100000,0.006051384,7.923437541305639,8.086619729618154e-09,1.6691094728571443e-08,49.34542798995972,6.0663628578186035,55.41179180145264,-7.96318033735588e-09,1.7957063787321648e-12,0.9820889830589294,0.2794799506664276,0.020736150443553925,0.21387536823749542,0.28457701206207275,1.0
470.310739314742,0.0,500.0,706,14120000,0.005542308,10.576799840228572,2.2653534526164e-08,-3.022980976652434e-08,49.57393836975098,6.055894613265991,55.629833936691284,2.23636629215207e-08,1.6705598493080287e-12,1.0273793935775757,0.29532936215400696,0.018948204815387726,0.17850488424301147,0.2874588668346405,1.0
468.5586974843566,0.0,500.0,707,14140000,0.0054247,7.152362590382813,7.785083074896288e-09,-7.578485394788004e-09,48.80355739593506,6.006108999252319,54.809667110443115,1.6689301052252858e-09,3.2181559934257864e-12,0.9576109051704407,0.3024287521839142,0.02180979773402214,0.1485087275505066,0.31581589579582214,1.0
531.802775036602,0.0,500.0,708,14160000,0.0059089377,11.433937545035295,3.8566615896025006e-08,2.6321163915099532e-08,49.43490505218506,6.00430154800415,55.439207792282104,-2.479553273815327e-08,-2.608430778230225e-13,1.0403741598129272,0.2845420241355896,0.01847781613469124,0.1841450333595276,0.27349966764450073,1.0
574.8758159493616,0.0,500.0,709,14180000,0.005821969,10.314949557583803,3.223345640970368e-08,1.2779666214157714e-08,49.33478021621704,5.997258901596069,55.33203983306885,-8.77380390562621e-09,4.180037663659847e-13,1.0783705711364746,0.2905823588371277,0.017198622226715088,0.15282908082008362,0.2694642245769501,1.0
498.8679303007584,0.0,500.0,710,14200000,0.0063854414,11.37155016546796,3.077101505186637e-08,-2.107580066024184e-08,49.09130358695984,6.065354108810425,55.15665864944458,2.326965287124949e-08,4.0545274386169505e-13,0.9590201377868652,0.2673484981060028,0.021745746955275536,0.231336310505867,0.2787725627422333,1.0
505.59013541135,0.0,500.0,711,14220000,0.0070367325,11.988692269963064,3.814541877491014e-08,6.866724966414495e-09,49.35933208465576,6.031980752944946,55.391313791275024,-3.433227480087453e-09,2.712113303035557e-13,0.8066970705986023,0.25606247782707214,0.03073328174650669,0.2849368453025818,0.3174208700656891,1.0
542.5604047055552,0.0,500.0,712,14240000,0.006137047,14.268044106368047,3.7805660352339295e-08,5.9129625640252925e-09,49.167035818099976,6.010308504104614,55.177345514297485,1.4305114870438729e-09,1.8462741914731379e-13,0.9164243936538696,0.27189937233924866,0.023814227432012558,0.2218688428401947,0.29669591784477234,1.0
512.7573566055,0.0,500.0,713,14260000,0.0058412375,7.968874024585554,5.732241455092097e-09,1.5640285511153706e-08,48.82360911369324,6.045813798904419,54.869423627853394,-1.196861276753225e-08,2.4465408269159356e-14,0.9902236461639404,0.2839224338531494,0.02039685659110546,0.16789202392101288,0.2867255210876465,1.0
527.4765066740242,0.0,500.0,714,14280000,0.0062177344,9.924276618896776,2.733792631155274e-08,8.964534892186293e-09,49.22409129142761,5.932711362838745,55.156803607940674,-8.201599399626502e-09,-4.001776666116841e-15,1.0723727941513062,0.28204676508903503,0.017391545698046684,0.15430186688899994,0.2630118727684021,1.0
581.6458890147804,0.0,500.0,715,14300000,0.0058646174,13.164647002736475,4.1920391261427855e-08,-1.3637557749746065e-08,49.37755250930786,6.0479936599731445,55.42554712295532,1.7118454209708034e-08,-1.6825652199639607e-14,1.020545244216919,0.2745470404624939,0.019202832132577896,0.1866534799337387,0.2690199017524719,1.0
571.3332045160371,0.0,500.0,716,14320000,0.006578595,8.884336764645425,1.668035610398307e-08,-1.0919726456393164e-08,49.04630756378174,6.051102876663208,55.097413063049316,5.9604645663569045e-09,-1.5634214300778992e-13,0.9401552081108093,0.26669204235076904,0.022627193480730057,0.16298137605190277,0.28366807103157043,1.0
564.7428032947194,0.0,500.0,717,14340000,0.0057530226,12.12432709985478,4.892335353619757e-08,-7.534796786501374e-09,49.103527307510376,6.242211580276489,55.3457396030426,6.294250454175199e-09,-7.59609985589299e-13,1.1167407035827637,0.28572046756744385,0.016037072986364365,0.14548036456108093,0.2558521032333374,1.0
463.1039516786544,0.0,500.0,718,14360000,0.005604989,10.133115342620073,1.5016823997487937e-08,-7.249907785222831e-09,48.94514441490173,6.177830219268799,55.12297558784485,6.103515470812226e-09,-1.993612306488979e-12,0.9816139340400696,0.29298096895217896,0.020756226032972336,0.13710421323776245,0.2984686493873596,1.0
396.32877976094994,0.0,500.0,719,14380000,0.0067247725,6.005587422012524,6.039538777544133e-09,3.1475844153305843e-09,48.92508101463318,6.129952430725098,55.055034160614014,-5.269050529221886e-09,4.4383341945251897e-13,0.8032496571540833,0.25679436326026917,0.03099764697253704,0.2334420531988144,0.3196943402290344,1.0
500.25533050694105,0.0,500.0,720,14400000,0.006485321,9.20586075463872,2.0882227259903948e-08,2.6696957977634383e-09,49.14027643203735,6.102818250656128,55.2430956363678,-4.386901952813105e-09,-5.83531812280158e-13,0.9298513531684875,0.2680196464061737,0.023131445050239563,0.18610650300979614,0.2882392704486847,1.0
465.81019035294975,0.0,500.0,721,14420000,0.005778229,9.165322812347656,2.9237738110064652e-08,3.3349198957921544e-09,49.12429213523865,6.124577760696411,55.248870611190796,-2.8610229740877458e-09,-2.930755681543329e-12,0.9959546327590942,0.2843708097934723,0.02016279101371765,0.18363778293132782,0.28552594780921936,1.0
486.138593777319,0.0,500.0,722,14440000,0.005726242,8.115229963041415,9.902678905493898e-09,6.007677910702114e-09,49.14443874359131,6.057017803192139,55.20145773887634,-7.629394338515283e-10,-4.794855918560659e-13,1.0733827352523804,0.29366442561149597,0.01735883392393589,0.13054578006267548,0.27358782291412354,1.0
554.0577533733194,0.0,500.0,723,14460000,0.007109593,16.357154350220018,7.792007255452052e-08,-1.1921245324231222e-08,49.36279654502869,6.050973653793335,55.41377115249634,9.012222079718413e-09,-3.1468515401984753e-13,0.9157629609107971,0.2513550817966461,0.0238486435264349,0.29632869362831116,0.2744761109352112,1.0
510.01996133502763,0.0,500.0,724,14480000,0.0058905534,9.420777563380588,3.759759743123804e-09,-2.337458893109101e-09,49.01271629333496,6.055539608001709,55.068257093429565,-3.767013367905747e-09,-9.5278667767984e-13,0.7595846056938171,0.28630030155181885,0.034663908183574677,0.2174104005098343,0.3769168555736542,1.0
572.8620368861059,0.0,500.0,725,14500000,0.0064939545,12.558053057360802,3.150053025997671e-08,-2.2673688704344386e-08,49.21176600456238,6.134783029556274,55.34654998779297,1.7380713757120247e-08,-8.203642165539524e-14,1.0118478536605835,0.26911720633506775,0.019534368067979813,0.2086600810289383,0.2659660875797272,1.0
574.0473578684175,0.0,500.0,726,14520000,0.006534016,11.089034257876646,1.706044327186687e-08,8.79696315791989e-09,48.85850381851196,5.980503559112549,54.83900833129883,-1.354217538107605e-08,-6.790287191034416e-13,1.0008376836776733,0.27018752694129944,0.019966524094343185,0.16357779502868652,0.269961416721344,1.0
497.92882537956905,0.0,500.0,727,14540000,0.0062079025,6.8588089098596265,5.438641149024744e-09,-9.823206248427141e-09,49.162559270858765,6.097764015197754,55.260324001312256,4.1961669694501325e-09,-3.556124307784597e-13,0.8506720066070557,0.27315354347229004,0.02763793244957924,0.19963444769382477,0.32110315561294556,1.0
446.61421474828074,0.0,500.0,728,14560000,0.005636638,12.002545954771103,3.223043566967227e-08,9.532334921402708e-10,49.1833131313324,5.959521532058716,55.14283561706543,3.910064716450279e-09,-4.369212511321635e-13,1.125122308731079,0.29885607957839966,0.01579902321100235,0.17301054298877716,0.26562100648880005,1.0
521.9995374731142,0.0,500.0,729,14580000,0.006568702,10.147209228375914,2.4150149128117352e-08,-5.6384541480269945e-09,49.256316900253296,5.955414772033691,55.21173286437988,-2.956390465769232e-09,-1.1821975690051723e-11,0.900754988193512,0.2617731988430023,0.024649973958730698,0.21770599484443665,0.29061535000801086,1.0
539.0450510365841,0.0,500.0,730,14600000,0.0058499943,10.475028883271916,3.171226382242719e-08,8.62538662715906e-09,49.07384943962097,6.066323518753052,55.14017367362976,-4.00543198608716e-09,-5.448236913702109e-12,0.8891242146492004,0.28890153765678406,0.025299090892076492,0.18222647905349731,0.32492825388908386,1.0
488.5206615475216,0.0,500.0,731,14620000,0.006395749,11.845415453698225,3.371841101870455e-08,8.206064272542335e-09,48.932342767715454,6.069707632064819,55.00205111503601,-8.106232129989621e-09,4.435423816423478e-12,0.794803261756897,0.2656446397304535,0.03165997564792633,0.26759183406829834,0.33422690629959106,1.0
521.4312134123534,0.0,500.0,732,14640000,0.0068186615,9.049555294680747,1.3950875734696377e-08,2.38421504761277e-10,49.22509050369263,6.062936067581177,55.28802824020386,-1.6689301052252858e-09,-4.3655746064571316e-14,0.8856867551803589,0.24607157707214355,0.025495851412415504,0.23008839786052704,0.27783137559890747,1.0
500.28679159047545,0.0,500.0,733,14660000,0.006184757,8.371194242368079,1.4368521836554778e-08,-1.3905447460160758e-08,49.503517866134644,6.021161317825317,55.5246798992157,6.628036341993493e-09,-5.6577845707062036e-12,0.8826928734779358,0.27957671880722046,0.025669097900390625,0.2148447483778,0.3167315423488617,1.0
499.7912681178914,0.0,500.0,734,14680000,0.006344494,6.357676487211968,7.968968348473687e-09,-1.706704999548947e-08,49.00774049758911,6.0478835105896,55.05562496185303,1.4114379887075756e-08,3.699097018278197e-12,0.87190181016922,0.26912516355514526,0.026308417320251465,0.21752698719501495,0.3086645305156708,1.0
441.3185596284011,0.0,500.0,735,14700000,0.0056921854,7.289258421910037,1.435072646466428e-08,2.0012127510682376e-09,49.42905807495117,6.063142776489258,55.49220156669617,4.00543198608716e-09,-1.514854322710868e-12,0.8696613311767578,0.28798186779022217,0.026444142684340477,0.2254990041255951,0.3311425745487213,1.0
545.331732214474,0.0,500.0,736,14720000,0.0058915624,8.21238071842558,4.3991657947287364e-08,1.4594514929910929e-08,49.17048692703247,5.99474835395813,55.16523623466492,-1.1444091896350983e-08,3.3098330933650777e-12,0.9262123703956604,0.29103362560272217,0.02331356145441532,0.198886439204216,0.3142191469669342,1.0
451.5175147607177,0.0,500.0,737,14740000,0.005758989,7.254141959111402,1.76367114670181e-08,-9.727460614783467e-09,48.850030183792114,5.949892282485962,54.79992341995239,9.250641141989036e-09,5.093170148324534e-15,0.9144912362098694,0.2887555658817291,0.023915015161037445,0.20002971589565277,0.3157554268836975,1.0
468.5142244364917,0.0,500.0,738,14760000,0.005638192,7.824453640591567,1.2863922845606627e-08,-1.7181147615730197e-09,48.75524044036865,5.973625421524048,54.72886657714844,-2.6702879907247734e-09,-1.5003024864124193e-12,1.0503865480422974,0.29810258746147156,0.018127230927348137,0.11342225223779678,0.2838027775287628,1.0
508.18739941148425,0.0,500.0,739,14780000,0.0066604456,11.354801285494664,2.034327282322012e-08,-5.232613786709805e-10,48.635990619659424,5.93095064163208,54.56694221496582,7.343292196537732e-09,1.2620147982200791e-12,0.8662140965461731,0.2621796727180481,0.026655038818717003,0.2638497054576874,0.3026730418205261,1.0
501.21885693304046,0.0,500.0,740,14800000,0.006021177,9.254347635530362,2.2645076812156345e-08,1.192074883249461e-08,48.92154908180237,5.89716362953186,54.818713426589966,-1.4209747156712638e-08,-1.8662831425663579e-13,0.9560599327087402,0.28344103693962097,0.0218806192278862,0.19071997702121735,0.2964679002761841,1.0
470.56722131519643,0.0,500.0,741,14820000,0.0068677827,9.0115808174109,1.4673968267981089e-08,7.200102736248937e-09,48.8755841255188,5.988213300704956,54.86379861831665,-3.337859988405967e-10,-1.2732925879031104e-13,0.818920910358429,0.25561589002609253,0.02982262894511223,0.2725781202316284,0.31213751435279846,1.0
441.95185100431553,0.0,500.0,742,14840000,0.0063064178,8.025803453451509,1.3813272840825829e-08,-3.3378555475138683e-09,48.51611375808716,5.933736085891724,54.44985103607178,-1.3351439953623867e-09,-3.274180870139554e-15,0.8827669620513916,0.26471877098083496,0.025664787739515305,0.19735099375247955,0.29987388849258423,1.0
563.4456048722359,0.0,500.0,743,14860000,0.0064785033,7.452222122963827,7.745140260456653e-09,1.5592226176863733e-08,48.95056748390198,5.902155876159668,54.85272407531738,-1.039505015398845e-08,-3.48882164477593e-13,0.9669486880302429,0.2715242803096771,0.021390600129961967,0.24763330817222595,0.2808053493499756,1.0
444.8374968166148,0.0,500.0,744,14880000,0.0056586335,6.545246153272641,2.155433104194109e-08,3.2903708646614405e-09,48.58426237106323,5.937697410583496,54.521960973739624,9.536743617033494e-10,1.9063009092275263e-13,0.8673322796821594,0.2937346398830414,0.02658635564148426,0.19466859102249146,0.3386644721031189,1.0
488.7451156736004,0.0,500.0,745,14900000,0.005940987,11.41928074025804,4.018839093756444e-08,-2.0265551015086203e-08,48.9727725982666,5.985012769699097,54.957786083221436,1.4638900758257023e-08,3.192326570732214e-14,0.9323303699493408,0.28745269775390625,0.023008596152067184,0.16014757752418518,0.3083164095878601,1.0
537.6341566899456,0.0,500.0,746,14920000,0.0066651893,13.111368590099797,2.4743667930656308e-08,3.910140655705163e-09,48.913636445999146,5.95229959487915,54.86593675613403,-9.536743617033494e-10,7.621565867570873e-14,1.000255823135376,0.2663927674293518,0.019989758729934692,0.2198454737663269,0.26632460951805115,1.0
424.77810066976855,0.0,500.0,747,14940000,0.0065597594,9.647008613720061,1.0788398627491318e-08,-1.1824210055522144e-08,48.79285287857056,5.949737071990967,54.74259114265442,1.1825561863076928e-08,1.3329554474084127e-12,1.0614650249481201,0.2664288282394409,0.0177508182823658,0.20301620662212372,0.2510010600090027,1.0
581.7302669936395,0.0,500.0,748,14960000,0.0061717057,9.618315120867104,2.339896588451924e-08,1.0535436523184671e-08,49.21303963661194,6.025566577911377,55.23860740661621,-3.051757735406113e-09,-2.6571798147217995e-12,1.0133143663406372,0.27370283007621765,0.01947786659002304,0.16401919722557068,0.2701064944267273,1.0
511.22934888712354,0.0,500.0,749,14980000,0.00556252,11.098830638265914,8.900550695717645e-09,1.2400848348192994e-08,48.833791971206665,6.101948976516724,54.935741901397705,-1.440048258416482e-08,3.061722967170888e-12,1.010780930519104,0.3005135655403137,0.019575629383325577,0.13633376359939575,0.2973083257675171,1.0
515.4803627196294,0.0,500.0,750,15000000,0.005875616,9.480027291121756,1.885092970406711e-08,-2.8587185951778338e-09,48.72193264961243,5.8363964557647705,54.558330059051514,-4.482269222449986e-09,2.259912526211827e-12,1.0002490282058716,0.280794620513916,0.01999002881348133,0.16844914853572845,0.28072476387023926,1.0
