Metrics/EpRet,Metrics/EpCost,Metrics/EpLen,Metrics/EpSuccess,Train/Epoch,Train/TotalSteps,Train/StopIter,Train/KL,Train/LR,Loss/Loss_reward_critic,Loss/Loss_cost_critic,Loss/Loss_actor,Loss/Loss_ewc,Time/Rollout,Time/Update,Time/Total,Value/RewardAdv,Value/CostAdv
1019.9124015220389,0.0,500.0,0.0,1,20000,37,0.006160099525004625,0.00029949999999999996,49.57496216849706,0.0030655735910569935,-0.0025450778381146126,0.0,72.4071295261383,74.33947038650513,146.74660205841064,1.8367767040672334e-07,0.0
1255.962925745612,995.5450000000001,500.0,0.025,2,40000,37,0.008551912382245064,0.00029899999999999995,50.95380465890262,36700.69342044655,-0.004424321335218393,0.0,77.81598973274231,84.77165055274963,162.58764266967773,-2.0475387429996772e-07,1.0620117336657131e-06
1521.130296577394,54.6675,500.0,0.06,3,60000,37,0.01002480462193489,0.00029849999999999994,18.51576503749215,146.83788475052762,-0.004901186038547217,0.0,86.15420603752136,92.94214797019958,179.09635543823242,-6.248951223142285e-08,1.1444091541079615e-07
1675.8858393865332,2009.5425000000002,500.0,0.05625,4,80000,37,0.007937025278806686,0.0002979999999999999,49.00508426263248,47451.522306423816,-0.005957383907174659,0.0,89.9063880443573,83.36907577514648,173.27546525001526,8.382797034300893e-08,-3.8818361645098776e-06
1807.724118807843,4222.86875,500.0,0.07875,5,100000,37,0.007705375552177429,0.0002974999999999999,64.48348552918621,199173.78999313724,-0.005603868403503289,0.0,74.91250777244568,85.03716802597046,159.9496774673462,1.4219284594219062e-07,-2.3925781533762347e-06
1994.815029959705,3920.155,500.0,0.22625,6,120000,37,0.008956143632531166,0.0002969999999999999,101.53877027664106,102443.61982061282,-0.005775500890377395,0.0,77.54282188415527,78.13849449157715,155.68131732940674,1.6212463593845428e-09,4.39453117451194e-07
2230.1169060326015,6320.785,500.0,0.24749999999999997,7,140000,37,0.009566016495227814,0.0002964999999999999,132.12885077392258,361203.0780872015,-0.006636511399349949,0.0,71.59111452102661,76.91182160377502,148.50293827056885,7.648468169918488e-08,-2.4902343284338713e-05
2458.371209627964,1419.33125,500.0,0.42750000000000005,8,160000,37,0.009060649201273918,0.0002959999999999999,239.8563651822822,13092.141599211953,-0.007576257437034925,0.0,70.35886240005493,85.36596345901489,155.72482776641846,2.2006034328114765e-08,1.025390588438313e-06
2602.4658414163705,218.40500000000003,500.0,0.48625000000000007,9,180000,37,0.012850809842348099,0.00029549999999999986,239.06618196220455,6025.4498032323745,-0.009005323021405115,0.0,69.03808188438416,71.92199182510376,140.9600749015808,5.8889387588578757e-08,4.1503906800244295e-07
2866.333588413962,2457.0637500000003,500.0,0.52125,10,200000,37,0.00982634723186493,0.00029499999999999985,253.54602532155792,87071.72560708979,-0.00856660990779979,0.0,67.41011810302734,70.68177223205566,138.0918915271759,6.75678251127465e-08,3.5400389606365934e-06
3077.567393196926,1181.7225000000003,500.0,0.66625,11,220000,37,0.010165395215153694,0.00029449999999999984,383.73766685580046,20587.2042333051,-0.009429754533002942,0.0,66.4985773563385,71.03619527816772,137.53477358818054,-5.340576336720915e-08,-2.3193359766082722e-07
3366.3511006210015,1449.55875,500.0,0.7887500000000001,12,240000,37,0.011179235763847828,0.00029399999999999983,248.01795860786592,29551.91173883716,-0.011689628198117696,0.0,80.92470216751099,80.30671095848083,161.23141527175903,9.074211249071595e-08,-1.977539113795501e-06
3049.9118070860436,667.505,500.0,0.61625,13,260000,37,0.0096924789249897,0.00029349999999999987,218.95662771260714,3744.483658294111,-0.010093000524537972,0.0,73.35021352767944,70.34839797019958,143.6986129283905,8.106232129989621e-09,-5.126952942191565e-07
3530.7366208883104,0.0,500.0,0.7725,14,280000,37,0.010307221673429012,0.00029299999999999986,219.56559159572276,3173.540404353773,-0.009953543268604604,0.0,65.59521412849426,71.30475115776062,136.89996695518494,-4.892349281249153e-08,1.2207031829802872e-07
3611.706488683069,858.6400000000001,500.0,0.75875,15,300000,37,0.012875117361545563,0.00029249999999999985,236.23255036649448,4994.307331510451,-0.011223476050455693,0.0,67.69678831100464,78.94466805458069,146.64145755767822,-9.598731764981494e-08,6.591797045985004e-07
3379.9593012020705,385.46,500.0,0.6862499999999999,16,320000,37,0.012460330501198769,0.00029199999999999983,218.76328142207475,5770.0936521176545,-0.011287975436434061,0.0,67.5005898475647,73.00460124015808,140.50519227981567,1.4305114870438729e-09,-9.765624753299562e-08
3652.0385414720195,559.1212499999999,500.0,0.80625,17,340000,37,0.012159629724919796,0.0002914999999999998,213.2452099123784,3897.4221370082046,-0.010194934583284741,0.0,62.033793926239014,70.00707983970642,132.04087471961975,-2.250671471415444e-08,1.56249996052793e-06
3764.343363247889,895.3087499999999,500.0,0.84375,18,360000,37,0.012897660955786705,0.0002909999999999998,191.37944884119477,2945.6802267923267,-0.00972487724335251,0.0,62.167151927948,67.65830540657043,129.82545828819275,9.822845647988743e-09,3.295898522992502e-07
3692.847876945218,299.82,500.0,0.805,19,380000,37,0.012358364649116993,0.0002904999999999998,249.87755451082165,2420.290410290748,-0.009124215422639671,0.0,62.58127045631409,66.50633120536804,129.08760261535645,5.769729582993932e-09,5.615234499600774e-07
3918.943674767761,1355.6,500.0,0.8725000000000002,20,400000,37,0.014850448817014694,0.0002899999999999998,393.2524576522291,8976.92298723805,-0.010033107614657751,0.0,65.1569573879242,66.62135887145996,131.7783179283142,-1.440048258416482e-08,-2.1118164568179054e-06
3838.5048301532283,1399.1149999999998,500.0,0.83375,21,420000,37,0.013533847406506538,0.0002894999999999998,336.6028774796079,28155.84161341642,-0.010000530389377132,0.0,65.82079744338989,70.53249740600586,136.3532955646515,-2.965927059506157e-08,2.4902344648580765e-06
3840.7020260503427,807.8850000000002,500.0,0.7875,22,440000,37,0.011607646010816097,0.0002889999999999998,128.43961594597002,4146.496651535752,-0.010632431976599787,0.0,67.94001579284668,73.84228134155273,141.78229880332947,-2.5939941750152684e-08,-1.9531249506599124e-07
4246.598930540985,32.08125,500.0,0.9324999999999999,23,460000,37,0.015500341542065144,0.0002884999999999998,93.87565807991103,6236.046662847362,-0.012711992848710522,0.0,66.56990003585815,68.64469480514526,135.21459674835205,1.9073485846288207e-10,-1.4404297417058842e-06
3991.4082433423273,887.3400000000001,500.0,0.8400000000000001,24,480000,37,0.014117982238531113,0.0002879999999999998,228.16830465384135,11363.444987966466,-0.01019308165881991,0.0,67.32656455039978,69.37763214111328,136.7041985988617,1.287460360543946e-08,7.324218813664629e-07
3999.377935323816,2552.97375,500.0,0.8524999999999998,25,500000,37,0.014879167079925537,0.0002874999999999998,175.43429324001283,12931.375066126251,-0.012146713861257694,0.0,61.776721715927124,72.49004697799683,134.2667715549469,-1.0967254659988157e-08,-2.6367188183940016e-06
4280.844302568142,2106.2799999999997,500.0,0.92125,26,520000,37,0.01524035632610321,0.00028699999999999977,101.80598812780174,27008.677773683412,-0.01185571825692771,0.0,72.33238363265991,70.99345684051514,143.32584190368652,-2.813339339269305e-09,-1.0131835779247922e-06
4247.424582110995,970.16375,500.0,0.9512499999999999,27,540000,37,0.01432934869080782,0.00028649999999999975,151.62529192661725,7611.320570606877,-0.01150405313341159,0.0,62.89496827125549,69.79800391197205,132.69297337532043,2.5844574480515803e-08,3.1005859000288183e-06
4416.348567863943,51.06125,500.0,0.9537500000000001,28,560000,37,0.013665766455233097,0.00028599999999999974,71.41069962992569,2582.120735083474,-0.01047777208007773,0.0,62.06173300743103,67.8790385723114,129.94077372550964,1.907348590179936e-08,2.5634764710957825e-07
4144.660548847409,1040.3,500.0,0.9049999999999999,29,580000,37,0.0167036522179842,0.00028549999999999973,112.3977616132824,8574.875691888123,-0.00986394439768437,0.0,65.25013875961304,67.66144728660583,132.91158866882324,6.1988831845383174e-09,3.906249901319825e-07
4394.324353432016,0.0,500.0,0.9712500000000002,30,600000,37,0.014249335043132305,0.0002849999999999997,52.111609444841804,2396.996332433246,-0.010434939119909833,0.0,60.98791241645813,67.08202195167542,128.06993627548218,-1.9550323582251394e-09,3.033447228517616e-06
4403.982753517643,3120.225,500.0,0.9625000000000001,31,620000,37,0.014522098936140537,0.0002844999999999997,144.99953526983649,55604.55724855487,-0.010356690245863462,0.0,67.23921918869019,64.98518204689026,132.2244029045105,-7.20024129208241e-09,1.0156250027648639e-05
4466.9086772581195,944.1700000000001,500.0,0.9712499999999998,32,640000,37,0.015109824016690254,0.0002839999999999997,82.70865755235168,37054.43968599776,-0.010564432994680241,0.0,67.80993390083313,70.581289768219,138.39122557640076,-1.8787384092888715e-08,4.321288997743977e-06
4437.590675474673,1152.9299999999998,500.0,0.9850000000000001,33,660000,37,0.016754599288105965,0.0002834999999999997,49.16174319321376,2320.7072105476886,-0.012021423668014612,0.0,65.16144490242004,65.27362632751465,130.4350724220276,1.907348723406699e-09,1.2023925819448777e-06
4332.7874610510125,810.65,500.0,0.945,34,680000,37,0.014239566400647163,0.0002829999999999997,114.27279804247195,14561.368119120156,-0.010282788437987953,0.0,65.29783701896667,67.27957081794739,132.57740926742554,1.4305114870438729e-09,-1.8066406255456968e-06
4422.67289230088,937.43125,500.0,0.9800000000000001,35,700000,37,0.014704371802508831,0.0002824999999999997,63.77892641440213,23384.479303798573,-0.008343991884350869,0.0,64.05207681655884,71.73437356948853,135.7864511013031,7.438659466174613e-09,1.4648438195763447e-07
4405.940084023974,19.66875,500.0,0.9649999999999999,36,720000,37,0.014111836440861225,0.0002819999999999997,66.25570208305173,2716.837277351065,-0.010173812067107539,0.0,64.79455065727234,67.54911637306213,132.34366869926453,3.8146971692576415e-10,-2.9296875254658516e-06
4283.731519594208,0.0,500.0,0.8862500000000001,37,740000,37,0.015321827493607998,0.0002814999999999997,133.37689887698104,3133.003331976165,-0.010269286058815875,0.0,61.573974609375,64.04647397994995,125.62044978141785,-5.531310964812519e-09,-1.9531249506599124e-07
4511.861487496913,0.0,500.0,0.9487500000000001,38,760000,37,0.017561187967658043,0.0002809999999999997,44.608560144299105,2753.5576268004975,-0.01216031175549707,0.0,60.227888345718384,71.93006777763367,132.15795731544495,6.484985437538171e-09,-6.591797045985004e-07
4392.650490011515,1036.375,500.0,0.9112500000000001,39,780000,33,0.02210036851465702,0.00028049999999999966,115.01882618285411,12371.653593327972,-0.012993547371395242,0.0,65.01188039779663,57.75055384635925,122.76243495941162,6.294250454175199e-09,-3.41796862812771e-07
4490.261574501195,1038.775,500.0,0.9637499999999999,40,800000,16,0.020165665075182915,0.00027999999999999965,294.16937718338096,12252.870515244456,-0.006563614605572268,0.0,63.346275806427,28.032555103302002,91.3788321018219,1.206398003716913e-08,4.7302245320679503e-07
4557.243232220882,8.15,500.0,0.975,41,820000,30,0.021332060918211937,0.00027949999999999964,58.40431894865026,2516.7773170999317,-0.011169557921743145,0.0,72.19178676605225,56.1629958152771,128.35478520393372,-3.433227480087453e-09,-2.2460937998403097e-06
4340.226574171523,447.45,500.0,0.9162500000000001,42,840000,37,0.017664996907114983,0.0002789999999999996,199.64682707190772,19288.659622783973,-0.009438689498358037,0.0,66.17491841316223,69.26024651527405,135.4351668357849,4.76837147544984e-09,2.7832031719299266e-06
4486.103154482693,1250.175,500.0,0.9587499999999999,43,860000,34,0.020053992047905922,0.0002784999999999996,31.751158866459345,1320.6619206833404,-0.01453376805109704,0.0,62.22645568847656,62.72660827636719,124.95306539535522,-3.5762786065873797e-09,-3.033447228517616e-06
4315.273233734613,760.2475000000002,500.0,0.9587499999999999,44,880000,37,0.015466776676476002,0.0002779999999999996,141.15136549837405,13338.974712206142,-0.012628493560256138,0.0,63.73086977005005,67.01094341278076,130.74181509017944,-1.5258788677030566e-09,-1.9653321032819804e-06
4407.19101363739,742.0424999999999,500.0,0.9337500000000001,45,900000,37,0.01699446514248848,0.0002774999999999996,175.57551312526883,13810.768585205078,-0.009210108448419949,0.0,61.12524056434631,68.59383916854858,129.7190809249878,7.557868997309924e-09,9.765624753299562e-08
4507.663337827776,1411.1899999999998,500.0,0.96875,46,920000,37,0.017065731808543205,0.0002769999999999996,66.79177069937809,3027.8571893210938,-0.008826651181021248,0.0,66.55682468414307,72.56400656700134,139.1208324432373,4.482269222449986e-09,2.90527350443881e-06
4476.887639242987,470.745,500.0,0.9862500000000001,47,940000,37,0.01740180142223835,0.00027649999999999957,43.559644975292485,945.6323216890138,-0.011039256364890485,0.0,64.78472471237183,74.86778116226196,139.6525068283081,-4.1961669694501325e-09,-9.887695568977506e-07
4477.259275912287,0.0,500.0,0.9775,48,960000,31,0.022094953805208206,0.00027599999999999955,51.50707437239467,1367.1040423119127,-0.01213068615533686,0.0,72.6231575012207,56.50697445869446,129.13013315200806,5.60283641704018e-09,5.432128773463774e-07
4425.683194108698,2334.425,500.0,0.9475,49,980000,37,0.0183000098913908,0.00027549999999999954,323.649209983937,23107.241828285365,-0.00960747317625159,0.0,67.74474120140076,65.53859615325928,133.28333854675293,-2.479553229406406e-09,-1.6113281162688509e-06
4436.392915797761,938.775,500.0,0.9337499999999999,50,1000000,36,0.02004234679043293,0.00027499999999999953,49.15911953729393,3776.834593981769,-0.012410531718978003,0.0,70.67601656913757,63.69032049179077,134.36633825302124,-6.246566819356758e-09,2.3193358629214345e-06
4667.513198664195,0.0,500.0,0.99375,51,1020000,32,0.024242237210273743,0.0002744999999999995,24.344026569265147,1601.9407738572872,-0.012719041388893307,0.6274773200126118,61.25210404396057,65.83224678039551,127.08435201644897,-5.817413217812373e-09,-8.544921570319275e-08
4630.379759532672,0.95,500.0,1.0,52,1040000,20,0.02006145566701889,0.0002739999999999995,32.803622664125584,1390.4384229276127,-0.01088637626384379,1.6660916708528806,71.24212217330933,45.37472367286682,116.61684727668762,9.059905714536853e-09,7.080078034960025e-07
4575.327429096977,13.309999999999999,500.0,0.9649999999999999,53,1060000,27,0.021727709099650383,0.0002734999999999995,62.700340622403246,2759.2640706004654,-0.012185329245965442,2.8593518439728385,74.17387008666992,61.904646158218384,136.07851815223694,-1.9550323582251394e-09,-5.493163826031378e-07
4485.0276358132705,989.8149999999999,500.0,0.96875,54,1080000,37,0.02000678889453411,0.0002729999999999995,62.40933161051139,2420.0081505913386,-0.012569069131244129,4.407725589405676,67.41444659233093,73.38626289367676,140.800710439682,3.1471252270875993e-09,3.3203125440195436e-06
4529.0712431738775,0.0,500.0,0.9412499999999999,55,1100000,23,0.02346990443766117,0.00027249999999999947,43.353122573939444,945.037458586981,-0.006242254386029973,6.023659513367267,69.43365240097046,45.35786437988281,114.79151821136475,1.9073485846288207e-10,7.598877118653036e-07
4588.999804150216,0.0,500.0,0.975,56,1120000,23,0.023377081379294395,0.0002719999999999995,35.53123540675612,986.9891157207232,-0.011035403480541398,7.093297121143619,68.40391182899475,50.96420168876648,119.36811470985413,-2.336502102906479e-09,1.4923095932317665e-06
4657.791768379255,1.73125,500.0,0.99875,57,1140000,27,0.020134838297963142,0.0002714999999999995,227.6545510574736,1454.589287117464,-0.005402316914254972,8.079764477699667,72.61568784713745,55.75131177902222,128.36700081825256,-2.3841859042583735e-10,-7.324218813664629e-07
4385.2114478323365,1016.37625,500.0,0.9262500000000001,58,1160000,6,0.022289898246526718,0.0002709999999999995,162.88772134201977,11755.50603471295,-0.0024748760789059525,8.677714737840354,65.77571511268616,13.079821586608887,78.85553789138794,-4.291534350109316e-10,3.8330076677084435e-06
4694.698787906916,0.5175,500.0,1.0,59,1180000,25,0.02097298763692379,0.0002704999999999995,24.878866292325835,1647.7106825290473,-0.014947080420592009,9.449099857708136,68.04458403587341,50.349796772003174,118.39438247680664,-3.1471252270875993e-09,2.4414063659605745e-07
4632.172541175498,1064.575,500.0,0.975,60,1200000,19,0.02072526142001152,0.00026999999999999946,44.49245662795048,7224.507870692254,-0.0066306442283656135,10.303765041639329,71.8116385936737,39.76364254951477,111.57528257369995,-9.536742923144104e-11,-4.479980361793423e-06
4655.639969914517,1483.5587500000001,500.0,0.9825000000000002,61,1220000,14,0.020009031519293785,0.00026949999999999945,235.15397492612894,19970.146219048962,-0.004643407745586707,10.62964626971253,64.31720852851868,28.93021011352539,93.24741959571838,8.153915764808062e-09,1.025390588438313e-06
4434.062238530043,2997.81625,500.0,0.9087499999999998,62,1240000,34,0.02083095721900463,0.00026899999999999944,186.64647490009062,27421.11416547116,-0.009026923595748778,11.448849166073627,65.91530656814575,70.13818788528442,136.05349564552307,5.7220459481754915e-09,7.568359592369234e-07
4590.633979837583,246.59624999999997,500.0,0.98375,63,1260000,32,0.02016536332666874,0.0002684999999999994,53.26356256693697,5099.182823577247,-0.008999154271078877,12.90596936828793,72.82808446884155,75.78216314315796,148.610249042511,5.769729582993932e-09,1.4404297417058842e-06
4623.561462327809,12.97875,500.0,0.975,64,1280000,30,0.020135946571826935,0.0002679999999999994,23.37627187978726,3424.021090288741,-0.010575282352163701,14.292425277108709,87.06496143341064,74.2461793422699,161.31114292144775,-3.0994415922691587e-09,-6.103515488575795e-07
4559.543248330754,0.0,500.0,0.95,65,1300000,30,0.021463900804519653,0.0002674999999999994,24.43141597995616,1757.6451603898606,-0.00865908875152433,15.973584049070478,85.86517262458801,61.716463804244995,147.58163738250732,5.2452087118126656e-09,6.103515914901436e-08
4707.407077872727,0.0,500.0,1.0,66,1320000,24,0.021586285904049873,0.0002669999999999994,24.14079110068889,2389.4022542000835,-0.013352621101630895,17.995099972104367,68.25209927558899,53.935234785079956,122.18733716011047,-2.2029876589613195e-08,-1.1840820661745965e-06
4644.770750325591,46.275,500.0,1.0,67,1340000,31,0.022076543420553207,0.0002664999999999994,74.41109939487917,4367.893248017764,-0.010177945130201649,20.24903501565464,68.62278532981873,71.45732569694519,140.08011174201965,-1.907348723406699e-09,5.37109372089617e-07
4606.30600666652,46.275,500.0,0.9862500000000001,68,1360000,15,0.02217569202184677,0.00026599999999999936,69.65493801795382,1273.919019178689,-0.007680006868665179,21.53477878143993,80.83095955848694,34.71013903617859,115.54110050201416,4.76837147544984e-09,2.368164132349193e-06
4645.287640166085,0.0,500.0,0.97625,69,1380000,14,0.021048184484243393,0.00026549999999999935,27.80075861470768,954.6025022074057,-0.009479370210092347,21.92738676702307,75.24784731864929,33.262802839279175,108.51065111160278,-9.536742923144104e-11,-7.65991217122064e-07
4673.076319222955,18.475,500.0,0.9875,70,1400000,24,0.021718908101320267,0.00026499999999999934,35.3455918327815,2413.7593472108038,-0.009382729290119081,22.208785656795968,72.9048125743866,65.03443455696106,137.9392488002777,1.3351439953623867e-09,-3.509521548039629e-06
4712.350391724662,0.0,500.0,1.0,71,1420000,17,0.021684085950255394,0.00026449999999999933,20.0783949337425,1443.4989106411817,-0.010986875321688416,22.830421239848963,77.46723818778992,43.13252854347229,120.5997679233551,1.7738342350526182e-08,-1.9531250927684596e-06
4606.3499307487855,0.0,500.0,0.975,72,1440000,37,0.018214834854006767,0.0002639999999999993,21.010053114450077,642.543259730272,-0.010737334690146408,23.78133502532324,72.87363982200623,88.06916832923889,160.942809343338,1.907348723406699e-09,-7.324219097881723e-08
4656.394936802409,0.0,500.0,0.975,73,1460000,10,0.020585613325238228,0.0002634999999999993,24.48336441539728,1298.5574190182426,-0.0075683290227360955,24.774738784643787,72.96623110771179,21.072493314743042,94.03872561454773,3.862381081631838e-09,-2.075195425277343e-06
4704.635489913964,0.0,500.0,0.975,74,1480000,23,0.02053694985806942,0.0002629999999999993,18.184379638971794,880.3420189636121,-0.012930153061995825,25.517920301331134,73.69066548347473,55.9058780670166,129.5965449810028,-6.866454960174906e-09,-1.2939452744831215e-06
4592.845115753966,839.5,500.0,0.9887500000000001,75,1500000,25,0.02212361805140972,0.0002624999999999993,63.67607064000334,7434.219146217614,-0.010321401435935412,25.783083283299455,82.26543927192688,67.20178294181824,149.46722435951233,9.53674295089968e-09,2.5390625069121597e-06
4572.001806616672,239.525,500.0,0.9550000000000001,76,1520000,13,0.022417278960347176,0.00026199999999999927,77.2312210572384,7017.697551353232,-0.0046528938102118654,25.964360744544756,75.89913010597229,32.01604390144348,107.91517639160156,-1.1444092340440193e-09,2.4414061883248905e-08
4574.763606834298,1150.575,500.0,0.95625,77,1540000,19,0.02234043926000595,0.00026149999999999925,119.7061790416917,9608.217394330872,-0.005407851126361485,26.760147649579956,67.96005988121033,48.489882469177246,116.44994354248047,2.0503998499066256e-09,9.094238180296088e-07
4610.898769195102,1078.15,500.0,0.975,78,1560000,10,0.020705033093690872,0.00026099999999999924,249.98399012629596,9681.960993465143,-0.004251573222671477,27.651402831763125,77.18198895454407,28.23492932319641,105.41691946983337,1.1444092340440193e-09,1.30615239868348e-06
4625.754334361112,1291.5012499999998,500.0,0.9762500000000001,79,1580000,8,0.02040255069732666,0.00026049999999999923,381.3567590877271,22133.950353311655,-0.0020212435300057284,28.20706282713162,70.65696215629578,21.489205837249756,92.14616990089417,-5.62667867853861e-09,-1.0009765674112714e-06
4498.885951230081,1091.2587500000002,500.0,0.9525,80,1600000,10,0.020169422030448914,0.0002599999999999992,130.8829766885922,11315.794522903978,-0.0030766444053863897,28.420117011390175,79.32679152488708,26.343895196914673,105.67068934440613,3.051757735406113e-09,-4.882812376649781e-08
4670.270628376837,471.4575000000001,500.0,0.9850000000000001,81,1620000,21,0.02038024365901947,0.0002594999999999992,110.85951687563106,14664.81808983324,-0.0032440243469988744,29.58763174065422,82.52828598022461,48.4477813243866,130.97606945037842,1.19209286886246e-09,-1.56249996052793e-06
4559.609789985839,1941.3075000000001,500.0,0.9612499999999999,82,1640000,17,0.02096238173544407,0.0002589999999999992,150.38029124839395,26490.31605773249,-0.0055017612820664995,30.836756284513367,85.23858690261841,42.67884564399719,127.9174337387085,8.583068700218632e-10,1.7333984487777343e-06
4644.133135653186,0.0,500.0,0.975,83,1660000,27,0.023782189935445786,0.0002584999999999992,23.095631674469864,2374.3208665325296,-0.008107992562429774,32.093189225734555,82.09851360321045,75.04698657989502,157.14550185203552,-5.340575981449547e-09,4.882812376649781e-08
4713.934691051177,0.0,500.0,1.0,84,1680000,21,0.02148452028632164,0.00025799999999999917,17.064049329312265,1202.3673004238606,-0.012970716790945781,34.0140220041999,81.02476716041565,69.79408812522888,150.81885862350464,3.1471252270875993e-09,-2.593994281596679e-07
4575.6709287174135,0.0,500.0,0.9550000000000001,85,1700000,33,0.02151678502559662,0.00025749999999999916,33.53865272750212,1185.0819618416406,-0.0074915906520289345,36.21249380673983,92.46526837348938,88.80902862548828,181.27429914474487,2.2888184680880386e-09,-3.503417929096031e-06
4708.016936158971,0.0,500.0,0.99,86,1720000,19,0.020397650077939034,0.00025699999999999915,29.014210758879543,1784.077723129629,-0.00615821324012596,37.96066762764794,96.03748321533203,62.860830783843994,158.8983166217804,-3.051757735406113e-09,-2.1789551283291075e-06
4640.500648447654,0.0,500.0,0.9800000000000001,87,1740000,17,0.020087117329239845,0.00025649999999999913,18.0032036248465,1609.3127519578509,-0.00792373395335889,38.50336343671702,99.02773070335388,52.67517709732056,151.7029104232788,-2.861023085110048e-10,2.661132839421043e-06
4713.810535571764,972.0375,500.0,1.0,88,1760000,21,0.02083420939743519,0.0002559999999999991,145.29316827497507,10671.182889008911,0.002398288787332548,38.92805780712263,87.64196300506592,54.366514921188354,142.00848078727722,-2.9087066089061864e-09,5.004882837056357e-07
4519.39875919387,1420.9625,500.0,0.9199999999999999,89,1780000,36,0.020785566419363022,0.0002554999999999991,120.64255811349695,16293.35927542787,-0.00848466326097601,40.015417160613765,93.43551325798035,102.25716209411621,195.69267773628235,3.3378602104505717e-09,-1.7089844277506927e-06
4495.733480615102,0.0,500.0,0.93,90,1800000,26,0.020863834768533707,0.00025499999999999915,34.75682731341542,2157.6288510236086,-0.009851675569925536,41.635353349004575,76.33865261077881,62.6264910697937,138.96514511108398,2.2888184680880386e-09,-1.4282226175055257e-06
4487.459046156992,2046.15,500.0,0.9787500000000001,91,1820000,16,0.020347237586975098,0.00025449999999999914,435.7887310328575,11156.577410926453,-0.0043753547251341954,42.880332012907765,87.94792580604553,48.472496032714844,136.4204239845276,1.7166137400437265e-09,-9.020996003528126e-06
4652.929221880142,0.0,500.0,0.9962500000000001,92,1840000,6,0.03567271679639816,0.0002539999999999991,43.94804972403854,2977.342219148581,-0.0017357786988548903,43.249392884227035,88.21552062034607,18.183696508407593,106.39921927452087,3.1471252270875993e-09,-8.056640581344254e-07
4526.918228475102,54.36125,500.0,0.9625,93,1860000,22,0.020064083859324455,0.0002534999999999991,132.6721308938369,20124.025111583716,-0.009518578719302272,44.835244007315566,94.22062969207764,65.77467656135559,159.99530792236328,-6.294250454175199e-09,9.521484116703505e-07
4526.1201306893345,2201.3875,500.0,0.9625,94,1880000,13,0.021254850551486015,0.0002529999999999991,56.01017517690783,18460.790776111888,-0.0029816134393001862,46.0240326555861,97.80161809921265,41.70428729057312,139.50590801239014,6.771087690538025e-09,3.4667968975554686e-06
4678.8565822984665,61.501250000000006,500.0,1.0,95,1900000,11,0.02163453958928585,0.0002524999999999991,24.22863935503266,3160.780219050088,-0.004933995749049956,45.63277519064312,82.2548897266388,31.156397581100464,113.41128945350647,1.1205673056124965e-09,1.220703097715159e-06
4733.56299254929,0.0,500.0,1.0,96,1920000,17,0.02081332542002201,0.0002519999999999991,18.06056246554083,2742.2889116269666,-0.006924664105786288,46.354611697714034,86.92118716239929,43.34687662124634,130.26806497573853,6.9141385949933465e-09,5.859375278305379e-07
4703.866430274873,0.0,500.0,1.0,97,1940000,5,0.022239094600081444,0.00025149999999999907,25.590936587032036,3501.5145068671377,-0.0035113851405894412,46.94798036764224,73.81104850769043,13.757327556610107,87.56837773323059,-9.059905714536853e-09,-6.83593725625542e-07
4711.308926425355,0.0,500.0,1.0,98,1960000,12,0.02009139023721218,0.00025099999999999905,19.01628315156768,2493.389152729981,-0.005869581255118568,47.46647353776601,99.31279230117798,37.47200345993042,136.7847979068756,-6.484985437538171e-09,-9.338378959000693e-07
4665.8748286024365,0.0,500.0,0.975,99,1980000,12,0.0214277021586895,0.00025049999999999904,20.94258876248036,3865.2030349991446,-0.0049659210720041985,48.29306768634703,85.27914500236511,26.35566234588623,111.63480854034424,8.201599399626502e-09,4.882812376649781e-08
4734.346906875719,0.0,500.0,1.0,100,2000000,17,0.022527281194925308,0.00024999999999999903,14.997815351516675,2851.2570322456495,-0.01017696833485845,49.25767770232036,93.15185713768005,51.13695931434631,144.28881907463074,4.768371808516747e-10,-3.295898522992502e-07
1310.695828879337,4204.084999999999,500.0,0.3125,101,2020000,17,0.021018924191594124,0.000249499999999999,594.2043782531532,75684.82339499907,-0.002914517093051643,49.82473867725013,86.24245429039001,53.311192989349365,139.55364871025085,1.3179779045913165e-07,-3.12499992105586e-06
250.05736130468267,1124.665,500.0,0.0,102,2040000,1,0.02126029133796692,0.000248999999999999,1409.5595591974716,7867.460532288963,0.011020692767569432,49.80799592721957,80.50296664237976,3.29315447807312,83.79612326622009,-4.539489850685641e-08,6.103515488575795e-07
270.41289540035643,1108.475,500.0,0.04,103,2060000,1,0.020067811012268066,0.000248499999999999,2210.529872613974,34498.90150836786,0.006467881783569297,49.904379250523384,75.51167035102844,2.222046136856079,77.73371767997742,5.0735472711949114e-08,-1.6357421372958925e-06
349.8287863983975,0.0,500.0,0.06,104,2080000,1,0.025208989158272743,0.000247999999999999,1971.8332756456857,8123.97346901208,0.008918525270236947,49.976878266745864,87.1235830783844,4.1097118854522705,91.23329710960388,-1.9454956756703723e-08,-1.5136719184738467e-06
300.96676395171755,1075.14,500.0,0.075,105,2100000,3,0.025103289633989334,0.00024749999999999897,2197.0096569772218,28913.75100867258,0.00512814541526845,50.07181829385483,101.00512790679932,11.875439882278442,112.88056945800781,8.087157965519509e-08,-3.3203125440195436e-06
347.6670981752609,1555.5000000000002,500.0,0.075,106,2120000,6,0.020935114473104477,0.00024699999999999896,2186.2449536145814,50391.84958090493,0.0011253632068003233,50.30136704774964,83.14757657051086,18.179065704345703,101.32664442062378,6.084442105702692e-08,-9.765624753299562e-08
348.13539115186126,2646.5950000000003,500.0,0.11374999999999999,107,2140000,9,0.020564189180731773,0.00024649999999999894,2340.566462745978,34552.71668249637,0.0007466932118631949,50.2557923936827,76.6153724193573,25.15879511833191,101.7741687297821,1.201629640235069e-08,-1.5869140952418093e-06
320.91915545686453,1282.3425,500.0,0.19375,108,2160000,1,0.020132334902882576,0.00024599999999999893,2937.0386712314985,29215.132092558157,0.003531168021571141,50.13251279642026,87.17625665664673,2.4610393047332764,89.63729763031006,-4.692077482104651e-08,7.324218813664629e-07
392.5572691610798,61.572500000000005,500.0,0.1425,109,2180000,5,0.022528445348143578,0.0002454999999999989,2010.6202634671245,5063.161830407286,0.0006995963852126568,50.38945984764221,87.73319816589355,15.941368341445923,103.67456841468811,2.7847290695603988e-08,9.765624753299562e-08
389.8066538507485,919.9549999999999,500.0,0.16499999999999998,110,2200000,10,0.021236300468444824,0.0002449999999999989,1633.7516497090983,14684.303345721066,-0.0028462621588304566,50.83353864651519,72.64617419242859,33.075268030166626,105.72144389152527,-1.2397766369076635e-08,4.760742285725428e-06
482.94523994990595,162.34499999999997,500.0,0.27625,111,2220000,16,0.021504756063222885,0.0002444999999999989,1888.8055064198309,5586.21735436924,-0.0034106633888230996,51.743520586635356,85.55066347122192,44.73765254020691,130.28831720352173,2.8610229740877458e-09,-2.685546860448085e-07
518.0790473297727,0.0,500.0,0.26749999999999996,112,2240000,20,0.02115114964544773,0.0002439999999999989,1598.530346612656,4868.799477686288,-0.003985923812605631,52.9905643664229,75.35517835617065,60.598806381225586,135.95398616790771,-4.1961669694501325e-09,1.6357421372958925e-06
349.73386300763366,0.35,500.0,0.26749999999999996,113,2260000,15,0.020858988165855408,0.00024349999999999893,1776.1429174356185,3979.151915749904,-0.0039757788209076,53.5994358586808,88.88398051261902,41.591047048568726,130.47502851486206,3.128051773160223e-08,6.347656267280399e-07
725.9839493951201,1397.9724999999999,500.0,0.42750000000000005,114,2280000,6,0.02157912589609623,0.00024299999999999894,1795.6503193604426,27117.554811227816,-0.0010688275329895612,53.6726955275693,80.79750609397888,16.03581404685974,96.83332109451294,2.174377478070255e-08,1.9531250927684596e-06
575.6997393219093,73.5775,500.0,0.44250000000000006,115,2300000,10,0.021404925733804703,0.00024249999999999893,1264.9562193410466,4162.362910476051,-0.002218658251452822,54.25102445340385,80.10133361816406,33.493510246276855,113.59484553337097,3.051757735406113e-09,1.1718750556610757e-06
616.2364595340207,0.0,500.0,0.46875,116,2320000,19,0.02133934386074543,0.00024199999999999894,1384.8982465380639,3954.4626211035206,-0.005431210687201566,56.39602284666388,94.76439309120178,58.497111082077026,153.26150631904602,-1.7166136956348055e-08,-1.025390588438313e-06
655.7337073999425,0.0,500.0,0.6224999999999999,117,2340000,4,0.020351819694042206,0.00024149999999999893,1513.7659665921244,2465.0884392589046,0.0004985511716538534,57.496376305723345,83.64295697212219,10.758562326431274,94.40152096748352,2.2697449253428204e-08,-4.180908035777975e-06
643.9461743442738,1135.7,500.0,0.465,118,2360000,17,0.022130530327558517,0.00024099999999999892,1680.5653665044706,15823.655844639845,-0.003982197894215769,58.663719080462755,87.34473299980164,53.90362071990967,141.24835562705994,-1.0681151962899094e-08,4.6386719532165444e-07
1008.1371786021142,0.0,500.0,0.65625,119,2380000,37,0.015890944749116898,0.00024049999999999893,886.3544510147257,3631.4651129192025,-0.006454770422574622,61.84334512527264,85.5538079738617,131.5799696445465,217.13377976417542,-1.5830993405074878e-08,-1.2207030941624453e-08
851.4554549267244,0.0,500.0,0.56875,120,2400000,19,0.022173408418893814,0.00023999999999999895,1126.0421489807304,4256.2623891719795,-0.0048750143231407785,64.62288745439452,82.5942656993866,58.02867078781128,140.6229383945465,-2.0408631229429375e-08,-8.78906234902388e-07
936.0870624380766,0.0,500.0,0.6050000000000001,121,2420000,3,0.02694135345518589,0.00023949999999999896,875.9210535847722,3794.1451787166575,0.0018976757132286588,65.52228519330009,77.91770625114441,9.282343864440918,87.2000515460968,-1.5354157056890472e-08,-1.5747070847282885e-06
1090.816899574696,0.0,500.0,0.76625,122,2440000,11,0.021127386018633842,0.00023899999999999898,901.3970472306455,5416.092799993023,-0.0035345695928797327,66.46828958387815,80.85114550590515,31.73348903656006,112.58463597297668,1.4305114426349519e-08,2.4719238354009576e-06
1470.2576786863215,0.0,500.0,0.8012499999999999,123,2460000,37,0.016063256189227104,0.000238499999999999,305.86038956651623,2071.6367025992154,-0.008891573048264847,68.682212242612,77.04765152931213,119.1780436038971,196.22569727897644,2.4318695945879654e-09,8.911133022593276e-07
1167.6893199700294,0.0,500.0,0.6525,124,2480000,22,0.02278229035437107,0.00023799999999999898,588.2299269366812,3872.53224819426,-0.007408433417140986,70.61701268094451,99.62115406990051,65.01492834091187,164.6360845565796,-1.115798919926192e-08,1.6723632825232926e-06
1322.9242987796415,0.0,500.0,0.755,125,2500000,32,0.021089725196361542,0.000237499999999999,242.43269486739612,1548.7961934519271,-0.008907777029942289,73.20136754200482,80.70969104766846,89.50038528442383,170.21007823944092,1.8692016823251834e-08,8.78906234902388e-07
1342.425426197688,0.0,500.0,0.7587499999999999,126,2520000,25,0.020765280351042747,0.000236999999999999,346.0167835155158,2088.2781320863182,-0.008702937752192918,75.6978401978709,85.75578761100769,74.16810512542725,159.92389392852783,3.8909913513407446e-08,3.0273438369476935e-06
1238.5196588440492,0.0,500.0,0.6325000000000001,127,2540000,37,0.01859799586236477,0.00023649999999999903,202.97355446512037,2448.7544971752964,-0.009758098207164211,79.27771047413138,86.93024373054504,112.07016563415527,199.00041127204895,-2.7513504363696484e-08,-2.8564452350110514e-06
1738.0369460950437,0.0,500.0,0.81125,128,2560000,37,0.013848378323018551,0.00023599999999999901,171.6756879033928,1984.2274488405124,-0.009358228676240801,83.41305303907119,90.20363998413086,101.67704486846924,191.880686044693,-1.3732909920349812e-08,-2.0812988168472657e-06
1681.81729156964,0.0,500.0,0.8387499999999999,129,2580000,30,0.02052006497979164,0.00023549999999999903,221.68022235468172,2272.3261806825226,-0.006495969749305742,86.33138790679054,76.84593796730042,80.71770739555359,157.56364679336548,1.1348724626714102e-08,2.2094727682997473e-06
1572.1492017847195,0.0,500.0,0.8175000000000001,130,2600000,28,0.02255920134484768,0.00023499999999999904,290.65761745449396,2085.3155586211337,-0.00920446919855827,89.73553855666174,78.04067850112915,60.505295753479004,138.54597544670105,-4.673004205812958e-09,-1.794433615032176e-06
1836.3459693963473,0.0,500.0,0.7975,131,2620000,37,0.0153648741543293,0.00023449999999999906,193.90702278928407,1494.241061256171,-0.010322918563514406,93.93247436017491,62.723363637924194,79.6538028717041,142.37716841697693,-6.484985437538171e-09,1.0498047231521923e-06
2158.7311716806917,0.0,500.0,0.8237500000000001,132,2640000,31,0.022749904543161392,0.00023399999999999905,215.99031457642508,2126.0732884026183,-0.008196869165128177,97.9753616059378,65.27164506912231,61.987839221954346,127.25948572158813,-8.106232129989621e-09,1.1718750556610757e-06
2046.6494726347478,0.0,500.0,0.905,133,2660000,25,0.02007105015218258,0.00023349999999999906,232.3080313666103,2733.311931635945,-0.009650386720003125,100.52819575593114,66.25356936454773,60.23114061355591,126.48471093177795,1.7833709620163063e-08,-1.6601562720097718e-06
2589.986394040591,0.0,500.0,0.9462499999999998,134,2680000,30,0.020935894921422005,0.00023299999999999905,168.7195252062033,2237.1282470573124,-0.00801751954794422,104.09730029933877,55.850321531295776,67.23345160484314,123.08377408981323,-4.291534239087014e-09,-2.807617249800387e-07
2403.0894316989265,0.0,500.0,0.92875,135,2700000,37,0.017821764573454857,0.00023249999999999904,223.49009539234692,3850.3120422969364,-0.009365946568632154,107.9317486309015,59.485844135284424,73.40189218521118,132.88773822784424,4.291534350109316e-10,2.4414061883248905e-08
2485.0999728090455,0.0,500.0,0.8575000000000002,136,2720000,15,0.020407775416970253,0.00023199999999999903,246.97319057818038,3389.9064907346165,-0.005601563315176037,110.91997329500664,61.7341525554657,29.415255546569824,91.14940929412842,2.479553229406406e-09,3.784179796184617e-07
2704.6916128053936,0.0,500.0,0.8949999999999999,137,2740000,32,0.02118721604347229,0.000231499999999999,203.92420254157375,3204.543563760508,-0.008933357307834316,115.39868376049371,59.47657346725464,63.34511685371399,122.82169127464294,5.388260060357197e-09,2.1240234673314262e-06
2517.610193201072,0.0,500.0,0.9175000000000001,138,2760000,37,0.017424317076802254,0.000230999999999999,193.99583882110414,1870.9508436074705,-0.009558007344226377,119.59590750001644,57.867361068725586,65.39791512489319,123.26527714729309,1.4472007592303271e-08,-1.434326122762286e-06
2607.3903994516268,0.0,500.0,0.9550000000000001,139,2780000,37,0.015654681250452995,0.00023049999999999902,208.87837914685164,3148.575881614122,-0.01000494548437578,124.30735698239131,52.081018924713135,71.95888495445251,124.03990507125854,1.3351439953623867e-09,-1.4404297417058842e-06
2540.972726924917,0.0,500.0,0.8975000000000002,140,2800000,37,0.019266212359070778,0.00022999999999999903,149.95445650952354,2369.683809881702,-0.011776831926776834,128.21835790538137,62.14223766326904,74.19629406929016,136.3385329246521,1.5258788677030566e-09,-2.593994167909841e-06
2572.19758500539,0.0,500.0,0.9800000000000001,141,2820000,26,0.023678384721279144,0.00022949999999999905,168.67313723026257,2412.3213665301982,-0.00954297203666735,132.84718379379052,59.63910889625549,50.79092597961426,110.4300365447998,-6.008148201175345e-09,-1.2207031829802872e-07
2928.6552166139472,0.0,500.0,0.9787500000000001,142,2840000,37,0.018005598336458206,0.00022899999999999903,139.45201118547635,1924.7695615304153,-0.009877682290480728,137.9122776064104,56.392202377319336,68.12714552879333,124.51934909820557,3.8146971692576415e-10,-2.1728515093855094e-06
2749.7904258791477,0.0,500.0,0.9662500000000002,143,2860000,31,0.020949896425008774,0.00022849999999999905,172.73358504472168,894.7593899156511,-0.011335985770404506,141.73938232660907,52.89988899230957,57.99134659767151,110.89123749732971,-3.051757735406113e-09,-8.911133022593276e-07
2722.2606891096016,0.0,500.0,0.8787499999999999,144,2880000,36,0.023039840161800385,0.00022799999999999906,212.48304285375116,2137.354677903809,-0.010245291705995092,144.95830748899633,52.5799458026886,64.57072043418884,117.15066719055176,2.8610229740877458e-09,-1.3916015859649633e-06
3050.2627048499917,0.0,500.0,0.9412499999999999,145,2900000,29,0.02127704955637455,0.00022749999999999908,155.72258909712335,1368.7297918999052,-0.007634109163867577,148.11779938635092,52.822707176208496,50.289828062057495,103.11253595352173,-6.294250454175199e-09,2.8747558644681703e-06
3024.1479786724026,0.0,500.0,0.9324999999999999,146,2920000,33,0.02047978714108467,0.0002269999999999991,178.37992479891432,1627.0511471448003,-0.010294387160375446,149.6027333214064,51.96981167793274,56.832375288009644,108.80218839645386,-5.722046170220096e-10,1.8310547034161573e-07
3094.4366092174305,0.0,500.0,0.92875,147,2940000,27,0.023389194160699844,0.00022649999999999908,177.4210558593266,1157.6334044781822,-0.010590967533790583,151.03113425637036,51.38261103630066,46.652082681655884,98.03469514846802,-9.536743617033494e-10,4.132079993723892e-06
2841.272915272836,0.0,500.0,0.8912499999999998,148,2960000,37,0.016815250739455223,0.00022599999999999907,133.2095577110539,1000.1751104087556,-0.010721168770921973,152.23303393676957,51.555171966552734,65.10171175003052,116.65688586235046,5.722046170220096e-10,-2.3132324713515118e-06
3169.200772516814,0.0,500.0,0.9512499999999999,149,2980000,27,0.022465532645583153,0.00022549999999999908,174.04225345115495,1315.429626172343,-0.010953354945608208,154.18089981810354,51.658881187438965,45.24876379966736,96.90764665603638,-8.296966669263384e-09,3.1677245715400204e-06
2968.672872375514,0.0,500.0,0.9199999999999999,150,3000000,37,0.017017805948853493,0.0002249999999999991,171.3324260206052,943.2186305437482,-0.011615557116996338,157.16965738053912,51.02757740020752,61.831883668899536,112.85946226119995,6.1988831845383174e-09,3.143310550512979e-06
3091.5019507333404,0.0,500.0,0.9550000000000001,151,3020000,24,0.022692374885082245,0.0002244999999999991,172.0752529270225,708.4277882357629,-0.0098660814513738,68.90704829141863,50.39753842353821,40.107205390930176,90.5047447681427,-6.580352707175052e-09,1.7333984487777343e-06
3025.670606386038,0.0,500.0,0.97625,152,3040000,29,0.0201349426060915,0.0002239999999999991,200.94314909091642,849.4947321590143,-0.008847176507153326,72.01845318721861,51.40512180328369,49.91715383529663,101.32227659225464,8.583068700218632e-10,-9.887695568977506e-07
3093.4047884424126,0.0,500.0,0.9475000000000001,153,3060000,29,0.02070333994925022,0.0002234999999999991,179.7059461655196,772.215616257926,-0.011552594190749069,74.418716839997,50.25746440887451,48.60380959510803,98.86127471923828,1.6593933338526767e-08,-1.968383685380104e-06
3212.0699001278945,0.0,500.0,0.975,154,3080000,25,0.02270766906440258,0.00022299999999999908,326.0906767219324,1003.0388977674783,-0.008616678665240352,76.44182048273544,50.109776735305786,41.905964851379395,92.01574230194092,5.435943695175638e-09,6.103515488575795e-07
3329.2054476153767,0.0,500.0,0.97,155,3100000,21,0.020551016554236412,0.00022249999999999907,195.68933524429644,963.7744948344925,-0.009385752928551361,78.21113515389885,50.47749066352844,35.159953117370605,85.63744473457336,9.441375681262798e-09,-5.889892804589181e-07
3001.161606327128,0.0,500.0,0.93125,156,3120000,30,0.02006973884999752,0.00022199999999999908,178.9679111960089,919.5683693882756,-0.012096279934276772,80.36122036366163,50.6380250453949,51.3762993812561,102.01432514190674,1.8119812317252126e-09,-1.9409180822549388e-06
3222.9146070852403,0.0,500.0,0.9737500000000001,157,3140000,19,0.020259417593479156,0.0002214999999999991,244.8365661732706,953.9810195340416,-0.008967323196847985,82.2755850392148,50.105565786361694,31.75295352935791,81.8585205078125,2.0980834847250662e-09,5.798339657303586e-07
3082.354269743708,0.0,500.0,0.975,158,3160000,24,0.020496778190135956,0.0002209999999999991,283.1898785800345,823.6245928958328,-0.009728205272619424,83.05263545388739,50.84339261054993,42.46880793571472,93.3122022151947,-4.863739189175931e-09,8.361816412616463e-07
3305.6368350703874,0.0,500.0,0.9400000000000001,159,3180000,31,0.02089490182697773,0.00022049999999999913,185.25164838521786,715.7226567689529,-0.011925772726571311,85.81679338024509,52.35371541976929,56.396129846572876,108.7498459815979,9.441375681262798e-09,-9.063720654012286e-07
2931.3160270603944,0.0,500.0,0.9024999999999999,160,3200000,26,0.020271560177206993,0.0002199999999999991,158.3244566787341,632.6327487573368,-0.01158924481332985,89.83873925217249,50.39046907424927,45.33841514587402,95.72888493537903,4.768371808516747e-10,3.4484862680983497e-06
3435.4918848481966,0.0,500.0,0.9824999999999999,161,3220000,19,0.020420990884304047,0.0002194999999999991,319.016230175069,862.508515522984,-0.008018666480373318,92.44333015828047,51.52850794792175,33.394094705581665,84.92260432243347,-1.120567283408036e-08,-9.552002211421495e-07
3226.2870920028518,0.0,500.0,0.95,162,3240000,26,0.020223630592226982,0.00021899999999999912,239.27348761278455,940.966307416247,-0.011919650266149088,95.3263639495542,51.132962226867676,45.36574053764343,96.49870371818542,-4.1961669694501325e-09,9.765624753299562e-08
3301.929802914303,0.0,500.0,0.9800000000000001,163,3260000,20,0.020099284127354622,0.00021849999999999913,315.92138870166133,1272.3344869839116,-0.00994257965465835,97.65021360720309,51.36145639419556,34.92167639732361,86.28313446044922,-3.3855438452690123e-09,-5.065917889623961e-07
3162.5124063319945,0.0,500.0,0.9125,164,3280000,27,0.022505586966872215,0.00021799999999999915,227.37481714414994,1033.378834240649,-0.012666761937196678,100.42780821067512,51.37949848175049,47.01533913612366,98.39483904838562,2.861023085110048e-10,1.2207030941624453e-08
3078.494185637709,0.0,500.0,0.9324999999999999,165,3300000,20,0.020397689193487167,0.00021749999999999913,345.81949032670775,1029.9807930650802,-0.009834978548280252,102.9822319725451,51.30167889595032,34.884406328201294,86.18608689308167,2.336502102906479e-09,4.753112818889349e-07
3384.1321651231324,0.0,500.0,0.9574999999999999,166,3320000,15,0.02036072313785553,0.00021699999999999912,501.0772352346597,1194.0910201425115,-0.007626290570327633,105.30097817937914,51.39032435417175,25.640680074691772,77.031005859375,5.531310964812519e-09,-4.2114257325920335e-07
3377.641083750657,0.0,500.0,0.9675,167,3340000,16,0.021073654294013977,0.0002164999999999991,518.2073514910933,1964.699784787699,-0.007865396240447535,106.9543087947102,51.00690960884094,27.657910108566284,78.6648211479187,1.592636067471176e-08,9.582519169271109e-07
3502.642295078552,0.0,500.0,0.975,168,3360000,20,0.023275673389434814,0.00021599999999999912,261.98914455925694,1177.3995901040757,-0.009492839049710074,109.40236356448823,51.49028253555298,34.93988037109375,86.43016409873962,1.6975402417074292e-08,1.9165038338542217e-06
3600.2277122855885,0.0,500.0,0.9625,169,3380000,17,0.020771844312548637,0.00021549999999999914,268.27765282077286,1416.054651097995,-0.00797592912459481,111.09170403182115,51.53638434410095,28.818427801132202,80.35481286048889,-2.8514861583062157e-08,-4.943847784488753e-07
3319.869147023772,0.0,500.0,0.9125,170,3400000,22,0.022418702021241188,0.00021499999999999915,238.18675310376977,1918.3540154866205,-0.01044763891764024,112.93359623404045,51.26583170890808,37.283299922943115,88.54913258552551,-5.054473728449693e-09,-1.3427734302240424e-07
3438.688655305322,0.0,500.0,0.9550000000000001,171,3420000,28,0.020475013181567192,0.00021449999999999914,191.0827458985371,1399.891153959747,-0.01129175509023937,115.41807104778421,50.472707986831665,47.176979064941406,97.64968800544739,1.5783310658434857e-08,-6.591797045985004e-07
3334.5521221854847,0.0,500.0,0.9700000000000001,172,3440000,23,0.024087315425276756,0.00021399999999999913,236.11167124162566,2030.653961228271,-0.008481405169095941,118.98823305096357,50.406816244125366,38.497371673583984,88.90418910980225,-4.76837147544984e-09,1.708984314063855e-07
3274.24334065211,0.0,500.0,0.93875,173,3460000,19,0.02001851238310337,0.00021349999999999912,166.79419861301687,1891.734587540281,-0.009765644993837244,121.11111269691561,50.85796880722046,31.88913583755493,82.74710583686829,-1.1062621929625038e-08,-1.4770507732464466e-06
3257.609828836558,0.0,500.0,0.9112500000000001,174,3480000,19,0.020276615396142006,0.00021299999999999913,183.86166741047384,2196.123120872558,-0.009166960424786033,124.4937978218198,50.47427415847778,32.78736710548401,83.26164269447327,-2.861023085110048e-10,4.6386719532165444e-07
3246.68841921817,0.0,500.0,0.8862500000000001,175,3500000,10,0.021919922903180122,0.00021249999999999912,285.326864359554,2936.0029736893625,-0.006252822147819181,128.1655999278108,51.94377040863037,16.986530780792236,68.9303023815155,1.8215178698710588e-08,-1.708984314063855e-07
3280.0521709945074,0.0,500.0,0.9199999999999999,176,3520000,19,0.021008316427469254,0.00021199999999999914,264.2057273765963,2382.641997706014,-0.008389667219388244,129.5257014686247,50.96548819541931,32.874696254730225,83.84018564224243,7.629394893626795e-09,-5.859375278305379e-07
3297.076799519867,0.0,500.0,0.93875,177,3540000,26,0.020130017772316933,0.00021149999999999912,310.7411941566758,2971.815408946197,-0.009961648078341908,133.13180826055415,51.4771773815155,44.78483486175537,96.26201319694519,1.1634826435624745e-08,-3.0517577442878974e-07
3128.2782942773547,0.0,500.0,0.89375,178,3560000,18,0.02052583172917366,0.0002109999999999991,299.60674227253105,2206.0104489988325,-0.007145392516562448,137.10814739873234,50.850279331207275,30.206571340560913,81.05685210227966,-5.769729582993932e-09,-1.1352539104336756e-06
3216.306642504796,0.0,500.0,0.8975,179,3580000,8,0.02095625177025795,0.00021049999999999913,386.5348991327011,3217.0351577490665,-0.004805824851591926,138.5730253652262,49.86653280258179,13.191792964935303,63.058326721191406,8.583068478174027e-09,1.074218744179234e-06
3127.706918955034,0.0,500.0,0.89,180,3600000,16,0.0244046188890934,0.00020999999999999911,272.94324295208474,3566.382721300704,-0.009591408473359177,140.14338103041482,49.97397994995117,27.854602575302124,77.82858324050903,-6.38961772381208e-09,-2.685546860448085e-07
3304.8343528571468,0.0,500.0,0.925,181,3620000,28,0.020522592589259148,0.00020949999999999913,137.13021545941186,1784.5119531266714,-0.012003755014654782,140.8062601825082,50.28193283081055,47.6185028553009,97.90043640136719,1.4209747156712638e-08,2.0263671558495844e-06
3297.764034139663,0.0,500.0,0.9675,182,3640000,14,0.020057495683431625,0.00020899999999999912,237.13080994585562,1928.0930849229403,-0.008270822063731118,141.23017181298985,51.25517272949219,24.608118057250977,75.86329245567322,1.239776614703203e-09,-4.2114257325920335e-07
3182.6209396841846,0.0,500.0,0.8712499999999999,183,3660000,22,0.020068202167749405,0.00020849999999999913,222.73460153296628,1307.2186094135038,-0.01203716896929338,144.16876645050803,52.97570252418518,38.07304334640503,91.04874753952026,-8.368492565580254e-09,-5.920410330872983e-07
3057.7470097135383,0.0,500.0,0.9237500000000001,184,3680000,20,0.020428037270903587,0.00020799999999999915,223.88112546293118,1494.8041899318512,-0.009492053594008778,146.45849341249314,52.358306646347046,34.846362590789795,87.20467066764832,-6.294250454175199e-09,-1.5136719184738467e-06
3306.3734382019147,0.0,500.0,0.9012499999999999,185,3700000,13,0.020495861768722534,0.00020749999999999916,315.5140406725066,2021.8270143746568,-0.007495811839539235,148.79357744030824,51.356826066970825,23.086530208587646,74.44335794448853,6.675719976811934e-10,-1.2268066029719193e-06
3316.5245958260857,0.0,500.0,0.925,186,3720000,21,0.02052634209394455,0.00020699999999999918,314.53800040772745,2191.9623017467065,-0.010535133564924073,150.15932960806236,50.91646480560303,36.64639091491699,87.56285667419434,-4.00543198608716e-09,4.028320290672127e-07
3288.2286581294966,0.0,500.0,0.9350000000000002,187,3740000,22,0.022664790973067284,0.00020649999999999916,393.6804677690145,2902.6403260420757,-0.0103490279221,152.7919855707785,50.99499201774597,37.17676258087158,88.17175555229187,7.1525572131747595e-09,5.37109372089617e-07
3372.214565037705,0.0,500.0,0.9337500000000001,188,3760000,20,0.020497946068644524,0.00020599999999999915,218.37897679508686,2049.3348356886795,-0.01185597635168856,155.26802014969408,50.067339181900024,33.7003915309906,83.76773166656494,-2.6702879907247734e-09,-2.90527350443881e-06
3178.235572543685,0.0,500.0,0.9112500000000001,189,3780000,15,0.020862577483057976,0.00020549999999999917,256.118287874817,2734.208840692132,-0.007960152801689598,155.12732817921014,50.1228301525116,25.321064472198486,75.44389533996582,1.2493133638713516e-08,8.544921570319275e-08
3353.258348101225,0.0,500.0,0.9487500000000001,190,3800000,22,0.022551540285348892,0.00020499999999999918,226.24223808379426,1434.2790058544822,-0.011241439354749066,156.04746145292177,50.18664216995239,38.66559290885925,88.85223603248596,1.6689301052252858e-09,-2.1667481178155867e-06
3349.2072882985144,0.0,500.0,0.95625,191,3820000,18,0.022373642772436142,0.0002044999999999992,279.0184426509111,2000.77819270634,-0.011649057694919404,158.5912502940174,52.04527282714844,31.15542697906494,83.20070171356201,2.8610229740877458e-09,-3.0517577442878974e-07
3188.158952738416,0.0,500.0,0.91375,192,3840000,10,0.023306583985686302,0.0002039999999999992,381.95947090612054,1733.6150799443546,-0.0077828869550896525,160.47845346859089,50.02660822868347,16.871233701705933,66.89784336090088,5.865096852630813e-09,1.1230468999201548e-06
3410.574889249148,0.0,500.0,0.9800000000000001,193,3860000,20,0.023509416729211807,0.00020349999999999923,298.3813262628671,1678.1107124450489,-0.00853698303775725,162.32257579766903,50.58581519126892,33.92483305931091,84.51064991950989,-2.3651123726153855e-08,-3.356933575560106e-07
3427.875599754511,0.0,500.0,0.96,194,3880000,20,0.020746465772390366,0.00020299999999999924,256.63962457918893,1651.7349599771226,-0.0109495787170549,166.73239368280284,52.2220573425293,35.22491812705994,87.44697737693787,9.53674295089968e-09,-6.347656267280399e-07
3428.174798679234,0.0,500.0,0.9800000000000001,195,3900000,11,0.02148253098130226,0.00020249999999999923,232.51810029312654,1125.7370125235702,-0.007077529499912648,170.7177987255193,51.07372856140137,19.3377046585083,70.41143417358398,-1.044273378880689e-08,7.507323971367441e-07
3280.4644326706643,0.0,500.0,0.89875,196,3920000,17,0.02108543924987316,0.00020199999999999925,204.05706344845376,1732.5498808638715,-0.010061824763980652,174.1636786931351,51.663196325302124,28.899961233139038,80.5631594657898,9.250641141989036e-09,1.4648438195763447e-07
3309.3997588061166,0.0,500.0,0.9337500000000001,197,3940000,20,0.020746741443872452,0.00020149999999999926,250.14151532779488,1602.5581729730477,-0.009126435558701428,176.43024564992885,50.23037838935852,32.875070571899414,83.10544991493225,-3.1471252270875993e-09,-9.399414011568297e-07
3469.5817275085,0.0,500.0,0.9587499999999999,198,3960000,14,0.02239970490336418,0.00020099999999999925,309.1804202840188,2360.5346114952126,-0.00913275842941041,177.90458243582032,51.43717575073242,24.61510992050171,76.05228686332703,1.0490417423625331e-09,-2.3193359766082722e-07
3583.580691414508,0.0,500.0,1.0,199,3980000,23,0.023123111575841904,0.00020049999999999924,184.46016380478565,1571.9368664645738,-0.011945858954747327,180.63010514698223,51.63149285316467,40.09780406951904,91.72929883003235,-2.9754637864698452e-08,-2.6977538709616056e-06
3411.5974061699803,0.0,500.0,0.93875,200,4000000,22,0.02035197801887989,0.00019999999999999925,195.5167279045422,1743.2378332186258,-0.011105846712546169,185.38367837312572,51.966360092163086,37.166651248931885,89.13301348686218,8.583068700218632e-10,-2.685546860448085e-07
1809.1576073097426,0.0,500.0,0.4887499999999999,201,4020000,15,0.026518579572439194,0.00019949999999999927,2189.498590666392,11492.32736731906,0.0022360573121057914,55.8169406634931,51.02874207496643,24.921837091445923,75.95058059692383,9.269714240645044e-08,-1.9531250927684596e-06
3079.753649299428,0.0,500.0,0.7425,202,4040000,1,0.022018782794475555,0.00019899999999999928,2324.9044049052764,8963.03236657286,0.0071810030530150325,55.90927626149723,50.451719522476196,1.6782145500183105,52.12993502616882,1.0967254659988157e-08,-1.6357421372958925e-06
3208.487699597973,0.0,500.0,0.7799999999999999,203,4060000,2,0.03131759166717529,0.0001984999999999993,1357.896817557728,6539.62063657133,0.011715107148114485,56.0265553325129,50.2582528591156,3.327662229537964,53.58591628074646,3.614425736486737e-08,-2.0996094463043846e-06
3549.9462756263783,0.0,500.0,0.8175000000000001,204,4080000,3,0.022848771885037422,0.0001979999999999993,1087.7281783066364,4212.1672421781395,0.0065234104107918574,56.38613284662509,50.729485273361206,4.995687484741211,55.72517371177673,2.479553229406406e-09,1.56249996052793e-06
3350.8747133317725,0.0,500.0,0.76875,205,4100000,2,0.020095260813832283,0.00019749999999999933,1286.1640102886163,4452.447393057826,0.004984907807407383,56.81016683121459,50.6411497592926,3.331730842590332,53.97288179397583,5.0830841757942835e-08,1.1474609209471964e-06
3348.3342504530387,0.0,500.0,0.7550000000000001,206,4120000,10,0.02438846044242382,0.0001969999999999993,719.7409189023149,2191.3524083536654,0.0002019527594383342,57.164577169692556,50.590625047683716,16.477234601974487,67.0678608417511,2.4414061883248905e-08,1.0620117336657131e-06
2856.893558511845,0.0,500.0,0.71875,207,4140000,9,0.02062382735311985,0.00019649999999999933,1081.4001504223017,1763.1880994315345,-0.0010010998937101982,57.75380115691846,50.71299338340759,15.006240606307983,65.71923470497131,-3.910064716450279e-09,-3.295898522992502e-06
3181.764947620254,0.0,500.0,0.7162499999999999,208,4160000,5,0.0204571932554245,0.00019599999999999934,638.3907372715374,1716.1041463151146,-0.0009367836728549232,57.82682654286345,50.66693997383118,8.362447738647461,59.029388666152954,-2.155304024142879e-08,7.690429697504442e-07
3658.834348044885,0.0,500.0,0.83625,209,4180000,10,0.020383330062031746,0.00019549999999999936,820.0426531246295,1368.6847174696268,-0.0037291496387346626,58.32536923588275,50.33584642410278,17.04285502433777,67.37870216369629,1.00135799652179e-09,-1.8310546465727384e-06
3727.6470922185667,0.0,500.0,0.8337500000000002,210,4200000,13,0.02056688815355301,0.00019499999999999935,629.4863952942344,1035.6206432163467,-0.005043844757869411,58.85884530083147,50.78148603439331,21.744269847869873,72.52575707435608,-2.7465819840699623e-08,-1.452636752219405e-06
3761.978518667417,0.0,500.0,0.8074999999999999,211,4220000,14,0.02295825257897377,0.00019449999999999936,392.0473966324291,1136.9733480490925,-0.005849428200522129,59.23347870370995,50.94978642463684,23.385040998458862,74.3348286151886,3.592968056409518e-08,2.0416259758349042e-06
3520.007898283498,0.0,500.0,0.8,212,4240000,12,0.020032420754432678,0.00019399999999999935,660.6614000667779,1068.2381252658506,-0.004287420538131592,60.11431109740204,50.123252868652344,20.06454586982727,70.18779969215393,-1.354217538107605e-08,-1.3580322502093622e-06
3446.7720349123897,0.0,500.0,0.8125,213,4260000,5,0.022261565551161766,0.00019349999999999936,959.8445002449206,1377.3636688524923,-0.0015741875789428766,60.77096090590992,49.98341202735901,8.377599477767944,58.36101222038269,3.910064716450279e-09,3.6621094068323146e-07
3867.1103532469338,0.0,500.0,0.8274999999999999,214,4280000,7,0.020037520676851273,0.00019299999999999938,813.8689769952061,1882.720155285026,-0.0018864358317945194,61.45296271779884,50.41796278953552,11.71692180633545,62.13488578796387,-2.6702879907247734e-09,-4.089355343239731e-07
3788.5450834007934,0.0,500.0,0.8649999999999999,215,4300000,9,0.0222969688475132,0.00019249999999999937,487.457167842433,1224.2539709901657,-0.0035678772900463803,62.422824576597584,50.271713972091675,15.064276456832886,65.3359911441803,-7.295608561719291e-09,-6.164550541143399e-07
3930.545628760413,0.0,500.0,0.85,216,4320000,19,0.021043656393885612,0.00019199999999999938,270.212583358095,1062.8888758096011,-0.008881404982704831,64.18572618116626,50.305530071258545,31.780754327774048,82.08628535270691,-8.678436635989328e-09,3.6010743542647106e-07
3991.5282018251264,0.0,500.0,0.8574999999999999,217,4340000,15,0.020125359296798706,0.0001914999999999994,346.0278429407154,1413.9013540834665,-0.006057481249274649,65.99501885037326,50.40266537666321,25.118005990982056,75.52067232131958,-3.523826563878174e-08,-8.056640581344254e-07
4303.89291150419,0.0,500.0,0.96,218,4360000,16,0.022515855729579926,0.00019099999999999938,275.302475357208,929.7004435054791,-0.00663996478613353,67.42478948355483,50.47321534156799,26.742112636566162,77.21532893180847,-9.536742923144104e-11,4.028320290672127e-07
3545.7951956374877,0.0,500.0,0.8,219,4380000,20,0.020582055673003197,0.0001904999999999994,462.8940933282383,1544.6449977740692,-0.009422188003498394,69.03601235459787,50.20748472213745,33.365479469299316,83.57296538352966,2.9325484263154067e-09,7.324219097881723e-08
4060.7552586353463,0.0,500.0,0.915,220,4400000,8,0.021973028779029846,0.00018999999999999941,463.8573235734202,2250.5096844804175,-0.004072477984146926,70.11409672685325,50.39337205886841,13.365676641464233,63.75904989242554,-2.5272369086337676e-08,7.324219097881723e-08
4476.023073864301,0.0,500.0,0.9412500000000001,221,4420000,7,0.020433098077774048,0.0001894999999999994,296.02303636830345,1536.1523670386312,-0.0053326550002721195,70.31058869216062,51.47259473800659,12.263168811798096,63.735764265060425,2.956390465769232e-09,5.493163968139925e-08
4563.031947282366,0.0,500.0,0.9712500000000001,222,4440000,7,0.020370982587337494,0.0001889999999999994,307.00572248639065,1087.2085260681124,-0.0036576309672585296,70.51614747598039,52.068679094314575,12.567189455032349,64.63586974143982,-4.482269222449986e-09,8.483886517751671e-07
4616.94092200287,0.0,500.0,0.9712500000000001,223,4460000,25,0.020529456436634064,0.00018849999999999938,151.80566696361993,852.2088875416521,-0.00828413838836046,71.44989176692292,52.4051673412323,44.21824812889099,96.62341642379761,3.671646098268866e-08,-5.157470468475367e-07
4474.234516511022,0.0,500.0,1.0,224,4480000,17,0.02138988859951496,0.00018799999999999937,195.59216304077194,859.4482242531894,-0.006224963822727787,73.47248219054705,51.77273344993591,29.736222982406616,81.508957862854,4.100799699813251e-09,-4.7607420583517523e-07
4724.807005237256,0.0,500.0,0.9962500000000001,225,4500000,5,0.021075990051031113,0.00018749999999999938,250.39920934853842,1468.5072617405901,-0.0025977827688923086,75.15451981907074,52.05331301689148,8.736481428146362,60.78979539871216,-2.8419494313425275e-08,-6.83593725625542e-07
4451.866746674932,0.0,500.0,0.9324999999999999,226,4520000,20,0.02532944642007351,0.00018699999999999937,137.6720495175249,1174.2749120694,-0.010726989951794044,76.20782533347035,51.54623866081238,35.019057512283325,86.56529760360718,-2.5367736355974557e-08,-1.4648438195763447e-07
4642.310816955435,0.0,500.0,0.9962500000000001,227,4540000,7,0.02224683202803135,0.00018649999999999936,178.65521100251874,1475.393558796439,-0.0025073499671710185,78.00992951943742,51.799323081970215,12.268914937973022,64.06823968887329,3.385543934086854e-08,1.3427734302240424e-07
4455.617992207604,0.0,500.0,1.0,228,4560000,19,0.022549845278263092,0.00018599999999999934,161.53887014868522,1019.8868351499033,-0.009402978647896798,79.8460305693251,51.44970679283142,33.67188739776611,85.12159538269043,1.1086464191123468e-08,4.882812376649781e-08
4588.704088948715,0.0,500.0,1.0,229,4580000,13,0.020097501575946808,0.00018549999999999936,161.47523513910195,941.4488003614289,-0.00422691235295434,83.53400202517018,51.523465394973755,22.781010150909424,74.30447626113892,-1.7356873271978657e-08,-1.336669924967282e-06
4662.601827188302,0.0,500.0,0.975,230,4600000,22,0.021755121648311615,0.00018499999999999935,131.92120887053903,1118.6854246628689,-0.009878508767452294,85.00859836530726,51.67238211631775,38.75428795814514,90.4266710281372,2.8324127043788394e-08,-1.0223388926533516e-06
4593.741224384064,0.0,500.0,1.0,231,4620000,5,0.02039474807679653,0.00018449999999999936,248.55739325623924,1356.3776050116687,-0.002125145294391119,85.29298245366009,51.53234124183655,8.71810793876648,60.25045037269592,-6.675719976811934e-10,1.1840820661745965e-06
4565.470681029021,0.0,500.0,0.975,232,4640000,18,0.020140886306762695,0.00018399999999999935,124.52778648441465,867.3424718421446,-0.00610805844036693,86.0773203236692,51.51210331916809,31.801557540893555,83.31366205215454,-3.061294506778722e-08,-5.065917889623961e-07
4663.913211094188,0.0,500.0,1.0,233,4660000,7,0.021360164508223534,0.00018349999999999936,185.475699002968,1883.3335060666327,-0.0020012217488808073,87.80059772667303,51.40036392211914,12.3396635055542,63.740028619766235,1.2159347306806012e-08,2.4414061883248905e-08
4637.395760313322,0.0,500.0,1.0,234,4680000,20,0.021967671811580658,0.00018299999999999935,187.72147078955896,1025.179125362311,-0.009053129992859153,89.5704423203636,51.89853501319885,34.687159299850464,86.58569550514221,-6.675719976811934e-10,-1.110839889406634e-06
4602.976469602215,0.0,500.0,1.0,235,4700000,36,0.020348837599158287,0.00018249999999999934,93.74629345251644,966.9693351260812,-0.010287527453744791,91.37065425882282,51.24547266960144,60.615649700164795,111.86112332344055,3.452301200468355e-08,5.493163826031378e-07
4553.984337681701,0.0,500.0,0.975,236,4720000,26,0.02230723202228546,0.00018199999999999936,135.09216249765475,730.4912680763963,-0.008660731051142588,93.329458003725,50.91358208656311,43.59509348869324,94.50867676734924,-2.00271599304358e-09,-3.967285238104523e-07
4501.2544292471985,0.0,500.0,0.98125,237,4740000,6,0.021040072664618492,0.00018149999999999937,280.96073231275597,1011.4267369311965,-0.002674999016042525,95.32527679020858,51.67674255371094,10.195883750915527,61.87262725830078,1.287460360543946e-09,2.3742675239191158e-06
4483.11620209885,0.0,500.0,0.96875,238,4760000,16,0.022648073732852936,0.00018099999999999936,213.15885266099875,1077.1942486564953,-0.005121234779379304,96.17075768827249,50.83597445487976,27.6764919757843,78.51246738433838,2.38418573772492e-09,-4.6539307163584454e-07
4542.525110912296,0.0,500.0,0.975,239,4780000,16,0.02624850533902645,0.00018049999999999935,130.37131246057942,956.5543771932681,-0.008109849921683185,96.50380831861648,51.788185596466064,27.8153076171875,79.60349416732788,2.7656554379973386e-08,3.479003964912408e-07
4785.983628070242,0.0,500.0,1.0,240,4800000,4,0.020179713144898415,0.00017999999999999936,242.36917107249982,1239.4951873389296,-0.0007757332976371906,97.11087975791467,51.7673180103302,7.096934795379639,58.86425471305847,-1.4114379887075756e-08,2.807617249800387e-07
4633.7223019885905,0.0,500.0,0.975,241,4820000,21,0.020465483888983727,0.00017949999999999938,130.18093599069613,773.5537778876713,-0.006527107367233954,98.66603904247066,51.445971965789795,36.73720669746399,88.18317985534668,-3.1471252270875993e-09,1.708984314063855e-07
4758.278033750255,0.0,500.0,1.0,242,4840000,25,0.02184375189244747,0.0001789999999999994,219.84550452040406,816.3932334748777,-0.008906289294850045,101.47262651534888,51.34365129470825,44.083377838134766,95.42702984809875,-1.3923645347801994e-08,8.544921570319275e-08
4444.408996002034,0.0,500.0,0.9600000000000002,243,4860000,27,0.020399542525410652,0.00017849999999999938,127.48483991594713,715.1224340859312,-0.011361694093199638,104.26245393618763,51.4040687084198,47.01652789115906,98.42059826850891,3.3378602104505717e-09,-2.0446776716198656e-07
4656.983190287383,0.0,500.0,0.99,244,4880000,12,0.021248461678624153,0.0001779999999999994,196.7313825497612,1112.9411241411528,-0.006744245941965435,106.26192656568826,50.94892930984497,20.342193126678467,71.29112315177917,-5.2452087118126656e-09,-3.1738281336401997e-07
4617.409517671957,0.0,500.0,0.975,245,4900000,16,0.021084068343043327,0.0001774999999999994,146.58312379057034,918.6059565132799,-0.006987815478020876,107.00293737326186,51.163280963897705,27.302024364471436,78.4653069972992,-4.1961669694501325e-09,3.662109548940862e-08
4499.679526088821,0.0,500.0,0.9787500000000001,246,4920000,13,0.02077140100300312,0.00017699999999999942,176.46645354568358,1189.606284017087,-0.006573297596875551,108.01113921226639,51.96296811103821,21.891989707946777,73.85495853424072,1.3160705414350105e-08,-2.4719238922443765e-07
4745.149641840186,0.0,500.0,0.9962500000000001,247,4940000,12,0.020113177597522736,0.0001764999999999994,135.32536626801578,705.449012130721,-0.005076809206105178,108.85443011843485,51.70478963851929,20.769875049591064,72.47466659545898,-6.532669072356612e-09,1.365661574936894e-07
4715.621935338164,0.0,500.0,1.0,248,4960000,24,0.0215662382543087,0.0001759999999999994,130.5527807140249,660.3450511042684,-0.006789772426919055,111.878516160642,50.64034104347229,42.09033751487732,92.73068022727966,2.231597839852384e-08,-3.0517577442878974e-07
4504.9155411356405,0.0,500.0,1.0,249,4980000,21,0.02271122671663761,0.00017549999999999941,186.80072463543542,739.6716453033406,-0.00919332866290992,112.82710106862874,51.897146463394165,36.0108208656311,87.90796828269958,-4.1961669694501325e-09,4.058837816955929e-07
4543.436485166699,0.0,500.0,0.95,250,5000000,14,0.020899636670947075,0.00017499999999999943,141.64458715333507,1078.0926750040337,-0.004063139967463098,113.27138287027586,52.19019627571106,24.437349796295166,76.62754726409912,1.3494491746257609e-08,1.1199950904483558e-06
4781.145136620915,0.0,500.0,1.0,251,5020000,26,0.02333131432533264,0.00017449999999999942,90.31830203969697,674.329492958502,-0.010776983199981686,40.364009466707984,51.882181882858276,45.17253804206848,97.05472087860107,2.4986267277427032e-08,-1.5258788721439487e-07
4618.148985788891,0.0,500.0,0.9775,252,5040000,30,0.02425999566912651,0.00017399999999999943,122.43919190964378,627.5566106339232,-0.006760185218542116,42.65352756390556,52.075642108917236,51.86439609527588,103.94003939628601,-9.489059316081239e-09,5.615234499600774e-07
4611.732174360082,0.0,500.0,0.9724999999999999,253,5060000,17,0.026180660352110863,0.00017349999999999942,132.88396270757687,725.4567054385777,-0.003290781515731489,43.90915678497814,51.86742854118347,29.870409965515137,81.73783946037292,1.0681151962899094e-08,-3.41796862812771e-07
4577.62544841819,0.0,500.0,0.975,254,5080000,20,0.02014853246510029,0.0001729999999999994,174.1853095843769,779.5756162503276,-0.008333514148433405,45.346213493712796,51.94825100898743,34.10166096687317,86.04991269111633,-1.239776614703203e-09,1.525878978725359e-08
4597.173159093542,0.0,500.0,1.0,255,5100000,16,0.02249860391020775,0.0001724999999999994,256.4571383174616,951.2081978648615,-0.00824517797357544,46.93255589412043,50.479212284088135,27.269586086273193,77.74879908561707,3.814697446813398e-09,-1.1291504051769152e-06
4546.172222467203,0.0,500.0,0.98375,256,5120000,19,0.02414265088737011,0.0001719999999999994,298.5780999443602,712.1656731528075,-0.00809218338207184,48.83517403712448,51.28736352920532,33.01269578933716,84.3000602722168,-4.100799699813251e-09,-1.7700194803182967e-06
4733.046575632741,0.0,500.0,0.9912500000000002,257,5140000,20,0.022838717326521873,0.0001714999999999994,249.19684659695855,882.8531529386966,-0.00936861147723955,50.44110312172399,50.547789573669434,33.247424364089966,83.79521489143372,9.346008411625917e-09,-3.0517577442878974e-07
4775.544997555155,0.0,500.0,1.0,258,5160000,22,0.020323732867836952,0.0001709999999999994,239.44488525667614,743.7766058237927,-0.0061924142107975325,52.324914526738574,50.68941688537598,36.59898900985718,87.28840661048889,1.3303756318805426e-08,-9.765624753299562e-08
4663.258959473828,0.0,500.0,1.0,259,5180000,22,0.021445050835609436,0.00017049999999999943,213.6045546225604,1221.3693399110784,-0.00647653780661598,54.01882735968952,50.60232615470886,37.08987641334534,87.69220352172852,2.7656554824062596e-09,4.028320290672127e-07
4675.17381793445,0.0,500.0,0.99,260,5200000,8,0.021008361130952835,0.00016999999999999944,200.26730158991708,1367.772216016873,-0.00597605016928675,55.43706643771821,50.48998546600342,13.562061071395874,64.05204749107361,1.0800361494034405e-08,-2.9907226917202934e-07
4680.484436090801,0.0,500.0,0.9850000000000001,261,5220000,17,0.02026941440999508,0.00016949999999999946,128.40390897169078,652.7007082326367,-0.009207455152734972,56.426564989984314,51.26583933830261,29.28382396697998,80.54966449737549,1.76429750808893e-08,-6.347656267280399e-07
4625.164785939729,0.0,500.0,0.975,262,5240000,27,0.02491764910519123,0.00016899999999999945,95.98076160824972,710.4074774631423,-0.0092106718912063,58.68180143450889,52.14418911933899,45.6859974861145,97.83018732070923,-2.55107881486083e-08,-7.202148708529421e-07
4532.113924911118,0.0,500.0,0.95,263,5260000,18,0.02220195159316063,0.00016849999999999943,108.59788649616235,752.3351685588649,-0.008270055874286204,60.71172012840978,50.447991132736206,30.462072610855103,80.91006445884705,-8.392333938900265e-09,-8.239746307481255e-08
4671.999440782648,0.0,500.0,1.0,264,5280000,19,0.021936120465397835,0.00016799999999999945,134.12489702370019,664.6821086518561,-0.010574056873222045,62.72527080193996,50.5126006603241,32.05332136154175,82.56592297554016,1.7952919151298374e-08,1.4068604059502832e-06
4774.638466011106,0.0,500.0,1.0,265,5300000,37,0.01727883890271187,0.00016749999999999946,81.54749630551791,713.2114984215712,-0.010400128452958617,65.73444404071728,51.06673288345337,62.52228260040283,113.58901643753052,-9.727478378351861e-09,-1.3427734302240424e-07
4763.924401562636,0.0,500.0,1.0,266,5320000,12,0.023143969476222992,0.00016699999999999945,181.32654290509046,749.3593612687148,-0.0045856679065690575,68.0237912329368,52.17682361602783,20.848358392715454,73.0251829624176,1.0681151962899094e-08,9.765624753299562e-08
4767.656811508836,0.0,500.0,1.0,267,5340000,14,0.02092844620347023,0.00016649999999999947,100.43026679860354,755.3824859577355,-0.007491263811846762,68.609796011301,52.02350950241089,24.505239725112915,76.52875113487244,7.104873578356319e-09,-4.333496121944336e-07
4591.813905687938,0.0,500.0,1.0,268,5360000,20,0.020290333777666092,0.00016599999999999945,133.30664251589548,1003.9082357680836,-0.006771472791141381,69.84531873270346,51.511871337890625,35.187426805496216,86.69929933547974,-2.5272368642248466e-09,3.906249901319825e-07
4718.0151942482935,0.0,500.0,1.0,269,5380000,33,0.02037316933274269,0.00016549999999999944,70.57541953131263,651.7042201080308,-0.012075973391962628,74.30263795759409,51.5391058921814,58.05694508552551,109.59605169296265,-7.438659466174613e-09,4.6997070057841484e-07
4724.166471514105,0.0,500.0,1.0,270,5400000,15,0.022645585238933563,0.00016499999999999946,130.14836627606766,687.2470666399906,-0.007461166773110438,77.10031953919302,51.53189563751221,26.413875102996826,77.94577169418335,-8.106232129989621e-09,8.392333938900265e-09
4545.972929229048,0.0,500.0,1.0,271,5420000,16,0.02004380151629448,0.00016449999999999944,227.6301801341791,820.152994643385,-0.007031921262721927,78.73484966473076,51.94438457489014,27.8546621799469,79.79904747009277,4.768371461572052e-11,-1.4892577837599674e-06
4686.10534427249,0.0,500.0,1.0,272,5440000,34,0.020917465910315514,0.00016399999999999946,92.68810063272328,732.3853485961982,-0.01150891380597223,80.83041265409169,52.119874477386475,59.17821502685547,111.29809093475342,-3.2424927187690855e-09,1.2207031829802872e-07
4543.240106443392,0.0,500.0,1.0,273,5460000,13,0.021987462416291237,0.00016349999999999945,138.75975197121505,1155.0408555670901,-0.005883028700709266,82.87679098208491,51.99911594390869,22.596441745758057,74.59555840492249,-1.1110305564443479e-08,7.568359592369234e-07
4768.052828702001,0.0,500.0,1.0,274,5480000,30,0.020896831527352333,0.00016299999999999944,66.3442330272053,1278.5383768392446,-0.013584614347932311,86.34574856174132,51.977705240249634,52.09851789474487,104.07622456550598,-8.296966669263384e-09,-3.540039017480012e-07
4547.582920885782,0.0,500.0,0.975,275,5500000,37,0.01937609165906906,0.00016249999999999945,115.20291867662553,795.413319471679,-0.009375461513019665,88.63507204390943,51.56524395942688,64.52880001068115,116.09404492378235,-1.239776614703203e-09,3.051757957450718e-08
4637.315411480662,0.0,500.0,1.0,276,5520000,21,0.02229931578040123,0.00016199999999999944,123.34356771515836,604.9000787077729,-0.011032899421522564,90.9771142748054,51.489248275756836,36.21881985664368,87.70806908607483,-6.818771325356465e-09,1.6510009572812123e-06
4560.0006652696675,0.0,500.0,0.9625,277,5540000,23,0.020058784633874893,0.00016149999999999943,121.43869485867025,520.5858747988613,-0.006059556941776445,92.55836691884866,50.32792043685913,38.6421434879303,88.97006487846375,4.577636936176077e-09,1.6662597772665322e-06
4585.686165140692,0.0,500.0,0.9875,278,5560000,22,0.02512325905263424,0.00016099999999999941,112.8403008372639,508.07834020521,-0.00954368023518711,93.3305104732375,50.48408842086792,36.87341833114624,87.35750770568848,8.201599399626502e-09,1.3305664197105216e-06
4565.094104473037,0.0,500.0,0.975,279,5580000,11,0.020079709589481354,0.00016049999999999943,183.05895881863344,584.9895919990373,-0.007127333847379013,94.16311747883074,51.246174812316895,18.395366191864014,69.64154195785522,-3.337859988405967e-10,2.410888555459678e-07
4394.267685277447,0.0,500.0,0.95625,280,5600000,29,0.022049643099308014,0.00015999999999999944,115.5617730776434,436.96568966552763,-0.010438938542151485,95.26208464658325,50.470274686813354,48.53779721260071,99.00807285308838,-2.0647048515343158e-08,-5.432128773463774e-07
4233.13381912466,0.0,500.0,0.96875,281,5620000,23,0.02002962864935398,0.00015949999999999943,174.91894042053096,522.0470355320414,-0.012969077373698927,96.47101976341929,50.484543323516846,38.595908880233765,89.08045315742493,3.3378602104505717e-09,-9.155273517080786e-08
4595.38827935238,0.0,500.0,1.0,282,5640000,18,0.02015284262597561,0.00015899999999999942,141.00562394575147,534.5231282400416,-0.009591998233379553,98.37254185620715,50.250890016555786,30.279733896255493,80.53062510490417,3.7193297330873065e-09,-3.662109548940862e-08
4530.344827158702,0.0,500.0,0.95,283,5660000,17,0.022781802341341972,0.00015849999999999943,140.99211315319204,450.9529547760348,-0.004412308841353197,99.0646441982465,51.05609107017517,29.237764596939087,80.29385662078857,1.239776614703203e-09,5.447387820822769e-07
4651.719425416117,0.0,500.0,0.99,284,5680000,17,0.020165808498859406,0.00015799999999999945,185.25431729241257,544.0687701951693,-0.009083186850916847,99.34945119948478,52.652302265167236,30.24529242515564,82.89759588241577,-3.027915917996893e-09,2.9296876391526894e-07
4476.587236603853,0.0,500.0,0.9850000000000001,285,5700000,28,0.02031209133565426,0.00015749999999999944,123.47853092775122,411.873708654462,-0.012095907687766172,99.33389685111523,52.95239758491516,47.699058055877686,100.65145683288574,1.4019012617438875e-08,-2.395629792317777e-07
4578.978184097896,0.0,500.0,0.9974999999999999,286,5720000,18,0.02130153961479664,0.00015699999999999945,182.37544551046344,592.446903286989,-0.010597027531012703,101.49893483143984,50.853063344955444,30.7831289768219,81.63619351387024,-3.814697446813398e-09,3.1433106073563977e-07
4373.127023947876,0.0,500.0,0.9775,287,5740000,28,0.021909335628151894,0.00015649999999999947,136.77914726086698,589.8829368163003,-0.010604048652020451,104.68731623640457,51.40710973739624,46.67160749435425,98.07871842384338,-1.2445450003895075e-08,1.3427734302240424e-07
4585.107640319649,0.0,500.0,0.975,288,5760000,23,0.020298033952713013,0.00015599999999999946,96.58797639024674,553.7757926905945,-0.008742777073659093,107.76689085845798,50.65575075149536,40.280632734298706,90.93638443946838,-1.7189979217846485e-08,-2.685546860448085e-07
4388.816838509056,0.0,500.0,0.9337500000000001,289,5780000,37,0.020329413935542107,0.00015549999999999947,113.47487229199908,487.5890864919128,-0.01137282179053186,111.0599830383032,53.24317669868469,62.664926290512085,115.90810489654541,1.4305114870438729e-09,-1.770019508740006e-07
4506.230574310683,0.0,500.0,0.9912500000000002,290,5800000,36,0.021017000079154968,0.00015499999999999948,82.5246523544642,465.33489289857584,-0.013071921617079481,114.56136861387448,50.65888023376465,62.74934387207031,113.40822553634644,1.6307831529616124e-08,-3.662109548940862e-08
4605.539200440117,0.0,500.0,1.0,291,5820000,24,0.020665984600782394,0.0001544999999999995,101.38352791163614,477.40177155759767,-0.011536080123445305,116.60756039137023,51.58529210090637,41.28104543685913,92.86633849143982,7.629394338515283e-10,2.5939941750152684e-08
4594.381611160068,0.0,500.0,1.0,292,5840000,7,0.02254972606897354,0.00015399999999999951,134.61567794542125,734.4256428832172,-0.004723353547331869,118.1991596961881,51.21384906768799,11.836758136749268,63.05060815811157,1.0299682884351569e-08,2.5634764710957825e-07
4371.360376586099,0.0,500.0,0.975,293,5860000,33,0.02073073387145996,0.0001534999999999995,103.21127124039982,439.1356891562279,-0.009273851684933285,119.93403727641952,50.53091311454773,57.432798862457275,107.96371293067932,-1.0013580187262505e-08,-6.103515914901436e-08
4467.723986283758,0.0,500.0,1.0,294,5880000,13,0.020002935081720352,0.0001529999999999995,192.86420922737562,567.2583134562824,-0.009846668208187775,121.72436682625407,51.587905168533325,22.01123023033142,73.59913635253906,-1.3351440841802287e-08,-7.934570334100499e-08
4786.644970468789,0.0,500.0,1.0,295,5900000,18,0.020158691331744194,0.0001524999999999995,170.21289163385674,564.4459025660939,-0.008882441330774838,124.12172728360102,50.3610098361969,30.181655168533325,80.54266595840454,3.3378602104505717e-09,-4.1503906800244295e-07
4680.684516819061,0.0,500.0,0.975,296,5920000,11,0.020296640694141388,0.00015199999999999952,137.18501417573856,472.6646809618105,-0.004189439523586965,125.24717819874209,51.20281648635864,19.14323878288269,70.34605741500854,-1.3732909920349812e-08,-9.155273872352154e-09
4629.499763967937,0.0,500.0,1.0,297,5940000,19,0.020997008308768272,0.00015149999999999954,223.1444748108259,458.3963511999222,-0.009867535382637647,125.66136023568089,51.31704115867615,31.91424584388733,83.23128819465637,-4.386901952813105e-09,1.9226074243761104e-07
4673.287117746236,0.0,500.0,1.0,298,5960000,21,0.020794779062271118,0.00015099999999999952,152.76614403735553,405.782551066545,-0.008909295721868812,127.2577681420293,50.99022054672241,35.58393335342407,86.5741548538208,1.3351439953623867e-09,-7.324219097881723e-08
4639.767572907302,0.0,500.0,1.0,299,5980000,17,0.020139699801802635,0.0001504999999999995,130.6347611435731,470.6232564489189,-0.010280365735541674,128.96598239232668,53.09673094749451,30.596468448638916,83.69320154190063,2.00271599304358e-09,1.770019508740006e-07
4667.6745600826935,0.0,500.0,1.0,300,6000000,27,0.020582929253578186,0.0001499999999999995,84.28348456308159,430.79535247221344,-0.009900104344395762,131.0250786819792,50.602240324020386,47.57120418548584,98.17344570159912,2.861023085110048e-10,2.19726558725597e-07
2014.0489449560046,0.0,500.0,0.2375,301,6020000,21,0.02106940932571888,0.00014949999999999951,610.0023741937565,1880.014110533266,-0.01316204290977605,45.2835748040765,52.662750244140625,36.14555835723877,88.80830931663513,-4.806518560940276e-08,1.0620117336657131e-06
1198.8905338928714,0.0,500.0,0.0,302,6040000,11,0.023644937202334404,0.00014899999999999953,490.3416798547573,1355.0718968701924,-0.008809536009025551,46.48605576137661,49.800668478012085,18.999864101409912,68.80053400993347,-9.059905892172537e-08,-1.7700194803182967e-06
1150.8144512804047,0.0,500.0,0.0,303,6060000,12,0.020058853551745415,0.00014849999999999952,397.587056536771,761.1017251385414,-0.007615839728130438,47.28659425375942,49.54645085334778,20.33901572227478,69.8854672908783,3.4904481083231076e-08,-2.3803710291758762e-07
1139.6106781630915,0.0,500.0,0.0,304,6080000,16,0.022501975297927856,0.00014799999999999953,409.37933543619636,672.180693958514,-0.009610436527631633,48.435026217573366,50.68172335624695,27.92706036567688,78.6087851524353,6.923675499592719e-08,2.19726558725597e-07
1123.256581531576,0.0,500.0,0.0,305,6100000,20,0.020883100107312202,0.00014749999999999952,289.9978381141687,668.4250539663882,-0.011163586849598185,50.761893813526285,50.63534617424011,34.43011474609375,85.06546211242676,4.625320570994518e-08,1.1138916278241595e-07
1124.0716788768846,0.0,500.0,0.0,306,6120000,20,0.021020635962486267,0.00014699999999999953,220.00258505032085,714.6891428499557,-0.010673219897596838,52.813890597919304,49.575806856155396,34.40917110443115,83.98497867584229,-1.0871887390351276e-08,-4.272461069376732e-07
1150.546283240072,0.0,500.0,0.0,307,6140000,20,0.02302776277065277,0.00014649999999999952,256.0116504693564,945.2577111874906,-0.010347042116224944,56.119307710568364,49.45192527770996,34.12353229522705,83.57545852661133,1.2207030941624453e-08,4.852295205637347e-07
1128.639615706959,0.0,500.0,0.0,308,6160000,12,0.02181791327893734,0.0001459999999999995,230.49190740920486,812.0692789486042,-0.007971098940225399,57.67069938159979,49.36047554016113,20.39657187461853,69.75704860687256,-2.9277801516514046e-08,-2.9907226917202934e-07
1084.844972653535,0.0,500.0,0.0,309,6180000,16,0.02087567374110222,0.0001454999999999995,263.77917251038474,954.8878063591906,-0.009336724364297866,59.10050216498085,49.951509952545166,28.173595905303955,78.12510681152344,-1.7929076889799944e-08,3.784179796184617e-07
1139.916864543164,0.0,500.0,0.0,310,6200000,4,0.021555384621024132,0.0001449999999999995,443.61069319728085,1267.5782889222946,-0.002233015240196841,60.81678791168018,49.29817581176758,6.766723394393921,56.064900636672974,-1.5258788677030566e-09,-1.8920898980923084e-07
1121.4990802399834,0.0,500.0,0.0,311,6220000,15,0.02372104488313198,0.0001444999999999995,257.3796921190743,787.2996432140866,-0.010662912534444699,62.775001888254835,49.56787633895874,25.694739818572998,75.26261758804321,-5.531310964812519e-09,-1.2817382355478912e-07
1139.4298011810265,0.0,500.0,0.0,312,6240000,15,0.020343346521258354,0.0001439999999999995,203.8776327724274,706.921351202659,-0.010383942115782136,64.5528069127482,49.34643793106079,25.2572762966156,74.60371518135071,1.0299682884351569e-08,-4.1046143905987265e-07
1187.2674533586346,0.0,500.0,0.0,313,6260000,22,0.020668428391218185,0.0001434999999999995,179.84141714698245,989.2441034641095,-0.011696077037431979,67.27661222778639,49.41864776611328,39.179888010025024,88.59853720664978,8.678436635989328e-09,5.187988350030537e-08
1111.3522291277652,0.0,500.0,0.0,314,6280000,17,0.02006811462342739,0.00014299999999999952,182.76749182795922,641.5675334217091,-0.010980974887479344,69.98866617525012,49.41851735115051,29.973591566085815,79.39211058616638,-1.125335735707722e-08,-5.249023615760962e-07
1127.6914740022196,0.0,500.0,0.0,315,6300000,12,0.02074081264436245,0.0001424999999999995,178.53220512158575,780.0123155165277,-0.008641417938556335,71.8541746088745,50.20312166213989,21.021097660064697,71.22422099113464,2.861023085110048e-10,2.60925304473858e-07
1133.181568405154,0.0,500.0,0.0,316,6320000,13,0.023123785853385925,0.0001419999999999995,176.3159062940326,840.8125694126777,-0.009308853640826911,73.4344882397899,49.55978870391846,22.904148817062378,72.46393871307373,-2.2888184680880386e-09,1.5869140668200998e-07
1151.110472739982,0.0,500.0,0.0,317,6340000,21,0.02196050062775612,0.0001414999999999995,142.84959574179547,843.4014656256091,-0.010509566186645156,75.19693355307847,50.215625286102295,36.8261513710022,87.0417788028717,6.103515470812226e-09,2.5634764710957825e-07
1154.6221165775485,0.0,500.0,0.0,318,6360000,10,0.02035929635167122,0.0001409999999999995,151.07102921336605,1022.3044534896509,-0.007719216284345086,77.07088352727433,49.664332151412964,17.449302673339844,67.11363554000854,7.057189943537878e-09,-9.765624753299562e-08
1152.851072252388,0.0,500.0,0.0,319,6380000,13,0.021711474284529686,0.0001404999999999995,136.09691774748444,716.8739759698785,-0.010080455194354885,78.47817721475867,49.810856342315674,22.712043046951294,72.52290034294128,-1.0204315614714687e-08,4.2724607851596375e-08
1139.3895863968764,0.0,500.0,0.0,320,6400000,19,0.02229180373251438,0.00013999999999999953,161.82288219412777,704.0292050092385,-0.01171521420048887,80.167525127713,49.36787128448486,32.65096378326416,82.01883625984192,1.0681151962899094e-08,9.765624753299562e-08
1156.307231533254,0.0,500.0,0.0,321,6420000,21,0.0204018484801054,0.00013949999999999954,117.29815742832766,780.6973487369985,-0.010883335391234929,82.81821914294457,48.25827693939209,35.22632670402527,83.48460459709167,3.2424927187690855e-09,2.0141601453360636e-07
1134.0968493811306,0.0,500.0,0.0,322,6440000,9,0.02035284787416458,0.00013899999999999953,167.3798646720369,969.604579049389,-0.00685965698329751,85.50992280081904,48.61069464683533,15.107039213180542,63.717734813690186,1.8596649553614952e-08,4.516601563864242e-07
1168.1310848414093,0.0,500.0,0.0,323,6460000,6,0.02407851628959179,0.00013849999999999954,200.23923628728863,1163.5693719800922,-0.004981474192412342,86.62938092590267,48.43355870246887,10.069817781448364,58.50337767601013,-2.2888184680880386e-09,1.0375976700061074e-07
1157.2640691661825,0.0,500.0,0.0,324,6480000,12,0.020932354032993317,0.00013799999999999953,240.81148725678239,1075.5749373512147,-0.006580907289961331,88.47161191060773,48.296406269073486,20.101419925689697,68.39782738685608,2.00271599304358e-09,6.103515488575795e-07
1154.0242815185188,0.0,500.0,0.0,325,6500000,5,0.02244562655687332,0.00013749999999999952,153.45171178263217,1131.2983294697235,-0.0029674672859366803,89.82890530912259,48.3639452457428,8.37420105934143,56.738147497177124,1.6307831529616124e-08,4.028320290672127e-07
1178.909483297057,0.0,500.0,0.0,326,6520000,9,0.024165797978639603,0.0001369999999999995,204.139194206858,1149.2107047127374,-0.00640604247118885,91.5071050517306,48.46159386634827,15.07603907585144,63.53763389587402,2.0980834847250662e-09,-1.9836426190522616e-07
1136.2055019871582,0.0,500.0,0.0,327,6540000,16,0.0210911612957716,0.0001364999999999995,188.89605678613194,664.5839670930808,-0.008548731919372091,94.49071704998565,48.32755160331726,26.829411029815674,75.15696382522583,-5.531310964812519e-09,8.666992243888672e-07
1184.1329145996965,0.0,500.0,0.0,328,6560000,18,0.025319913402199745,0.0001359999999999995,179.02610760933547,691.0820489354619,-0.008586115577632749,96.59736890728523,48.54258418083191,30.237508535385132,78.78009366989136,-3.7193297330873065e-09,9.460449490461542e-08
1190.7369739379124,0.0,500.0,0.0,329,6580000,17,0.020076116546988487,0.00013549999999999953,117.91026306510801,511.9899848202435,-0.00927196944137173,97.84350904533903,48.86580491065979,28.5046706199646,77.37047624588013,9.918212917625624e-09,2.258300781932121e-07
1195.425835803678,0.0,500.0,0.025,330,6600000,11,0.022810744121670723,0.00013499999999999954,243.70128410997484,620.5377267997625,-0.006368597680251075,99.72714080278728,48.52285146713257,18.566179752349854,67.08903193473816,-5.340575981449547e-09,-1.708984314063855e-07
1216.0894032890578,0.0,500.0,0.0,331,6620000,6,0.020474886521697044,0.00013449999999999956,372.51089470226543,832.7639419506914,-0.001155856832503852,101.51249809793264,48.58807373046875,10.056029558181763,58.64410400390625,-7.438659466174613e-09,1.220703097715159e-06
1163.1088232708432,0.0,500.0,0.0,332,6640000,9,0.021868372336030006,0.00013399999999999954,252.55357675819818,663.1942396614202,-0.005596850259542957,102.29206246622158,48.60285019874573,15.171151876449585,63.77400350570679,-3.051757735406113e-09,3.2348631862078037e-07
1157.9159691354366,0.0,500.0,0.0,333,6660000,6,0.02271660417318344,0.00013349999999999956,296.0441325373543,743.5485600968138,-0.0008074826795480852,102.88436502491196,48.44262647628784,10.048773288726807,58.491400480270386,-1.2969970875076342e-08,1.0375976700061074e-07
1226.6845008907396,0.0,500.0,0.0,334,6680000,12,0.021410362794995308,0.00013299999999999955,195.81426145271246,605.7295073487888,-0.008398092298791272,105.01925399585274,48.76303291320801,20.13920283317566,68.9022364616394,-6.1988831845383174e-09,4.577636616431846e-07
1222.3658840211242,0.0,500.0,0.0,335,6700000,8,0.0205621849745512,0.00013249999999999953,345.35793612940245,809.5915631303391,-0.005248131988753829,106.86942232454928,49.14175367355347,13.490562915802002,62.632317543029785,-5.340575981449547e-09,-2.777099723516585e-07
1243.1194700725082,0.0,500.0,0.0,336,6720000,10,0.020582862198352814,0.00013199999999999955,207.24707217597353,614.7582474681135,-0.005643541385202457,108.50170372911154,48.607932329177856,16.826606273651123,65.43453931808472,1.3351439953623867e-09,-7.278442240021832e-07
1258.3018288742812,0.0,500.0,0.0,337,6740000,7,0.020617328584194183,0.00013149999999999956,334.011317538214,901.0436435074416,-0.00373117333543302,109.36522980989903,52.55266976356506,11.50247573852539,64.05514621734619,-8.392333938900265e-09,-1.678466787780053e-07
1217.4811344730037,0.0,500.0,0.0,338,6760000,5,0.020605111494660378,0.00013099999999999955,332.34549494002954,643.3616188122442,-0.0008711536251270353,110.26170852222381,48.69385504722595,8.200950622558594,56.89480638504028,-1.8692016823251834e-08,7.629394644936838e-07
1219.6600997002847,0.0,500.0,0.0,339,6780000,12,0.020110953599214554,0.00013049999999999957,274.2730758035272,585.2921112271797,-0.006051901149309585,111.1624898636303,48.67193293571472,20.195760011672974,68.86769390106201,9.918212917625624e-09,-3.7078856962580176e-07
1276.6654464968592,0.0,500.0,0.0,340,6800000,10,0.021146371960639954,0.00012999999999999955,214.11643251169224,564.5904801633792,-0.006983532989843966,113.13779089443219,48.8704571723938,17.11233353614807,65.98279166221619,-4.959106458812812e-09,-2.0141601453360636e-07
1290.4651329512396,0.0,500.0,0.0,341,6820000,18,0.020062880590558052,0.00012949999999999957,145.8145923749919,463.77463359514536,-0.009260109437062257,114.9010191535882,51.2099187374115,32.32820796966553,83.53812766075134,-2.479553229406406e-09,1.1322021009618766e-06
1269.5040728302044,0.0,500.0,0.0,342,6840000,23,0.020386118441820145,0.00012899999999999958,119.40399504125176,465.15981102705103,-0.00964665102651714,116.68218406701621,49.0890109539032,39.20963215827942,88.29864430427551,-1.7023086940071153e-08,-7.766723797431041e-07
1314.3146932450513,0.0,500.0,0.0,343,6860000,15,0.021805407479405403,0.00012849999999999957,185.2808845357519,526.0658675091208,-0.00811946726794909,118.02646514112575,49.29260849952698,25.97252321243286,75.26513266563416,-1.4495849853801701e-08,4.455566511296638e-07
1350.499855675948,0.0,500.0,0.0,344,6880000,11,0.020208915695548058,0.0001279999999999996,103.49356170286455,517.1022858011698,-0.008375184054613858,119.33538230034006,49.333500623703,18.876779079437256,68.21028065681458,-2.4318694613612024e-08,-9.155273517080786e-08
1285.2567931877606,0.0,500.0,0.0,345,6900000,11,0.022439133375883102,0.0001274999999999996,146.01921159653963,440.1186970520463,-0.006933094739344273,119.38164026779454,49.04222226142883,19.265172719955444,68.30739641189575,5.435943695175638e-09,4.531860327006143e-07
1268.7257492322212,0.0,500.0,0.0,346,6920000,11,0.025860309600830078,0.00012699999999999962,181.09750109164824,490.1805945093674,-0.00534228149451469,119.80242413142169,49.232911586761475,19.157886743545532,68.39079928398132,0.0,1.5869140668200998e-07
1275.6697170455368,0.0,500.0,0.0,347,6940000,16,0.023047151044011116,0.00012649999999999963,127.16048424083965,437.47422464510885,-0.007351042225556344,121.55568176336563,48.14340281486511,26.873151779174805,75.01655578613281,2.8228759774151513e-08,1.1230468999201548e-06
1342.9984951955973,0.0,500.0,0.0,348,6960000,13,0.0205775648355484,0.00012599999999999965,202.66155497639323,479.4523133779222,-0.009135492860357206,124.02892000278521,48.8697783946991,21.890441417694092,70.7602207660675,4.1961669694501325e-09,5.126952942191565e-07
1418.4960073320908,0.0,500.0,0.0,349,6980000,17,0.020340988412499428,0.00012549999999999966,149.4735660284136,405.4701114189264,-0.0091556546509247,127.11013511051206,50.913859367370605,30.132230520248413,81.04609155654907,-1.6403198799253005e-08,-2.593994281596679e-07
1360.9519738479444,0.0,500.0,0.0,350,7000000,22,0.020686868578195572,0.00012499999999999968,178.69357124470432,409.5677059527022,-0.009607607939980075,128.8714463308458,52.19256544113159,38.2186963558197,90.41126298904419,-5.149841442175784e-09,8.239746307481255e-08
1365.4026294277944,0.0,500.0,0.0,351,7020000,11,0.0211652759462595,0.00012449999999999967,133.05528446189754,489.4577022733087,-0.006059236262689366,42.587457535539016,52.44331955909729,20.000874757766724,72.44419574737549,-1.4543533044530932e-09,-5.157470468475367e-07
1359.621806790477,0.0,500.0,0.0,352,7040000,21,0.02566790208220482,0.00012399999999999965,120.62423730081535,409.39444593960303,-0.00996909471095956,44.458372731559194,50.90674805641174,38.160950899124146,89.06770014762878,-8.583068478174027e-09,-3.204345588869728e-08
1376.2832594080708,0.0,500.0,0.0,353,7060000,9,0.021539047360420227,0.00012349999999999967,137.68372480929384,460.5947717267823,-0.005826004177634761,46.26689701669386,50.663094997406006,16.028494119644165,66.69158983230591,1.440048258416482e-08,-1.5258788721439487e-07
1370.9259015217472,0.0,500.0,0.0,354,7080000,15,0.021158361807465553,0.00012299999999999966,118.03155781966302,380.9474702000237,-0.00936581405212942,48.53071452294168,50.55539083480835,25.696003913879395,76.25139570236206,-8.153915764808062e-09,-1.4953613458601467e-07
1412.462394871019,0.0,500.0,0.0,355,7100000,18,0.020162563771009445,0.00012249999999999967,116.91796251675487,366.75440098522483,-0.009272330169234375,49.93334798911044,49.331170082092285,30.392716884613037,79.72388863563538,1.907348590179936e-08,3.051757735406113e-09
1401.7852981561246,0.0,500.0,0.0,356,7120000,15,0.021853124722838402,0.00012199999999999967,99.1715493719164,420.86619150895024,-0.009963479142981216,51.57535025583415,49.277729988098145,25.524499654769897,74.80223083496094,-1.668930060816365e-08,-8.544921570319275e-08
1426.0664296676848,0.0,500.0,0.0,357,7140000,15,0.021561063826084137,0.00012149999999999967,89.27095196594954,442.27179689580004,-0.008453364194498752,53.02797411186373,49.17273497581482,25.03339457511902,74.20613074302673,8.440017573718706e-09,5.493163968139925e-08
1415.2705215012581,0.0,500.0,0.0,358,7160000,8,0.02101229876279831,0.00012099999999999967,121.08732018150842,416.7866815195297,-0.004436900410741663,54.063721243946695,49.465543270111084,13.448191165924072,62.91373586654663,-5.149841442175784e-09,6.256103546320446e-08
1413.5085247331062,0.0,500.0,0.0,359,7180000,5,0.02071494795382023,0.00012049999999999968,136.20508846733898,449.9578623518776,-0.0008191186946611435,54.425593252456224,49.4317524433136,8.44719409942627,57.878947496414185,1.4972686201986107e-08,2.8915405891893897e-07
1492.4571663668016,0.0,500.0,0.02125,360,7200000,6,0.022842124104499817,0.00011999999999999968,139.83363169222213,511.4198707848692,-0.00486910553288044,54.920194891948924,51.89999866485596,10.672573328018188,62.57257318496704,-4.100799699813251e-09,-1.831054774470431e-08
1457.6463079019227,878.825,500.0,0.0037500000000000007,361,7220000,9,0.026345426216721535,0.00011949999999999968,133.80916229155963,19140.855304765413,-0.0064236105583015705,55.31839631811541,51.12254810333252,15.672640800476074,66.79519033432007,3.051757735406113e-09,1.1962890766881173e-06
1421.7500903416556,0.0,500.0,0.02125,362,7240000,5,0.020504551008343697,0.00011899999999999968,112.18382704859724,1813.792518318347,-0.00319767300955975,56.43438135214126,50.51610207557678,8.852732419967651,59.36883616447449,1.430511542555024e-10,-4.882812731921149e-07
1479.3932762634472,0.0,500.0,0.0037500000000000007,363,7260000,19,0.021535513922572136,0.00011849999999999968,65.74032262747922,1331.5570816648133,-0.011800694276201467,58.098556111234565,50.91219782829285,34.256319522857666,85.16851830482483,2.555847089524832e-08,5.004882837056357e-07
1431.5167666496025,0.0,500.0,0.0,364,7280000,13,0.02901042252779007,0.00011799999999999968,85.99121873001995,827.3023788140898,-0.00779289579267059,60.1734628515649,49.99412274360657,23.35900592803955,73.35312986373901,-1.4162063521894197e-08,3.0822752705716994e-07
1477.6414718297897,0.0,500.0,0.0,365,7300000,9,0.021267978474497795,0.00011749999999999968,89.8544978506395,976.4976911074226,-0.005910381157695718,61.66482026787739,50.46478223800659,15.78006911277771,66.24485230445862,3.814697446813398e-09,2.3803710291758762e-07
1519.858431538781,0.0,500.0,0.0,366,7320000,15,0.02067718282341957,0.00011699999999999969,96.22048475287846,876.5967960312978,-0.008346444566925557,63.38730604844098,50.682082653045654,26.450297355651855,77.13238143920898,-6.008148201175345e-09,-1.831054774470431e-08
1563.3697701376436,0.0,500.0,0.0,367,7340000,12,0.020750878378748894,0.00011649999999999969,74.53083526440703,823.4533136304829,-0.009024886883913289,64.59730892567335,50.576873540878296,21.530433177947998,72.10730791091919,-3.933906533859499e-09,1.098632793627985e-07
1623.4765442057828,0.0,500.0,0.025,368,7360000,16,0.02001410722732544,0.00011599999999999969,75.27452958429964,593.0438614561916,-0.009593667501381735,66.2629474237704,50.28692126274109,28.52856206893921,78.8154845237732,8.726120270807769e-09,0.0
1520.8264726499478,0.0,500.0,0.025,369,7380000,12,0.02102595753967762,0.00011549999999999969,69.7314410590516,705.2925502058035,-0.008351911214605287,68.32331682800358,49.935728788375854,20.9814453125,70.91717481613159,-9.059905714536853e-09,-1.2817382355478912e-07
1506.1104532513648,0.0,500.0,0.0,370,7400000,14,0.020310338586568832,0.00011499999999999969,65.62206656396361,620.8380964062411,-0.009983134664686942,69.99082719566941,49.87988543510437,24.79418420791626,74.67407083511353,5.817413217812373e-09,7.934570334100499e-08
1539.0585765723886,0.0,500.0,0.0,371,7420000,8,0.020445551723241806,0.00011449999999999969,65.94201854547373,568.9088163650074,-0.005987802500867794,71.75143242187012,49.91238451004028,14.106952667236328,64.01933813095093,1.688003514743741e-08,1.1596679883041361e-07
1508.3630353602828,0.0,500.0,0.0,372,7440000,5,0.020869633182883263,0.0001139999999999997,79.65245189483934,704.8298008927903,-0.0033960630656026613,73.45490827469018,50.52790307998657,8.533122062683105,59.061025857925415,8.964538444899972e-09,-1.3732909565078444e-07
1607.4178080222248,0.0,500.0,0.0,373,7460000,7,0.020477958023548126,0.0001134999999999997,68.69338663850729,680.0393218367353,-0.005525898924994311,74.94917348899128,50.86409854888916,12.020011901855469,62.884111166000366,4.673004205812958e-09,6.103515914901436e-08
1548.1458503088543,0.0,500.0,0.0,374,7480000,12,0.020150085911154747,0.0001129999999999997,72.03971869597673,509.79752474978835,-0.0085447145360884,76.51755783276055,49.87311029434204,20.7194344997406,70.59254574775696,-5.149841442175784e-09,-1.8920898980923084e-07
1562.0584391465065,0.0,500.0,0.0,375,7500000,12,0.020560478791594505,0.0001124999999999997,60.16835622614819,549.4136006738178,-0.009648892866086544,78.68428010097581,49.38425135612488,20.624011039733887,70.0082631111145,-3.2424927187690855e-09,4.882812376649781e-08
1586.691551686607,0.0,500.0,0.0,376,7520000,13,0.020222146064043045,0.0001119999999999997,59.281435098598855,575.2879309196031,-0.010029931619999582,81.01886751892584,49.61619997024536,22.58940625190735,72.20560717582703,3.862381081631838e-09,4.028320290672127e-07
1597.7466375332588,0.0,500.0,0.0,377,7540000,16,0.02292434312403202,0.0001114999999999997,53.243665370697414,549.185363361249,-0.009564796202394296,82.765061430276,48.88348937034607,26.918516635894775,75.80200719833374,-7.140636526514754e-09,-4.2724607851596375e-08
1457.1105235629634,0.0,500.0,0.0,378,7560000,20,0.020222501829266548,0.0001109999999999997,57.95396851487815,593.3651637799443,-0.011046156244458089,84.90106996773912,51.47353959083557,35.22896909713745,86.70251083374023,4.291534239087014e-09,1.3427734302240424e-07
1586.9226142935736,0.0,500.0,0.0,379,7580000,18,0.02070537954568863,0.0001104999999999997,53.45340892072684,523.6196497496367,-0.011783796627437157,87.15627379954009,51.95390295982361,30.992403268814087,82.94630718231201,-9.536743617033494e-10,-1.831054774470431e-08
1598.2481198793528,0.0,500.0,0.0,380,7600000,17,0.021332666277885437,0.0001099999999999997,64.6807882627628,530.6631075481436,-0.0104720825260287,89.89695707484982,51.97691559791565,29.92094922065735,81.89786672592163,2.479553229406406e-09,9.002685885661776e-08
1599.220946948417,0.0,500.0,0.01,381,7620000,13,0.02002301812171936,0.00010949999999999971,71.41160155432497,543.7721534967129,-0.007564251201088147,91.31777200537134,49.73443531990051,22.191145658493042,71.92558193206787,-2.1934509764065524e-09,-2.3803710291758762e-07
1621.3639430239182,0.0,500.0,0.015000000000000003,382,7640000,8,0.021715696901082993,0.00010899999999999971,82.29800644621682,515.8767058399919,-0.005143128238587131,92.53319443833713,50.0767867565155,13.540122270584106,63.616910219192505,1.9550323582251394e-09,2.9907226917202934e-07
1660.5848663933655,130.425,500.0,0.025,383,7660000,13,0.021268367767333984,0.00010849999999999971,59.497898546182775,665.4878951340115,-0.009556106242158286,94.01135466531794,48.42673420906067,22.600814819335938,71.0275502204895,-9.298324332718266e-10,7.324219097881723e-08
1573.9840513170013,0.0,500.0,0.0,384,7680000,12,0.023477738723158836,0.00010799999999999971,71.59078014239716,533.9353711145501,-0.009430701466075405,96.33179763127694,49.687641859054565,20.600158214569092,70.28780102729797,-1.239776614703203e-09,-9.918212917625624e-09
1553.419260902135,1163.22,500.0,0.0,385,7700000,19,0.020808590576052666,0.00010749999999999971,74.29717299924972,54191.504573854734,-0.011608789430322649,97.39198249469229,50.28619122505188,33.411659955978394,83.69785213470459,5.912780931538464e-09,3.1005859000288183e-06
1654.08260429234,290.805,500.0,0.027500000000000004,386,7720000,13,0.021657923236489296,0.00010699999999999971,80.64131423301444,1064.16491009967,-0.009733764546790358,99.53476798713105,50.03737115859985,22.919525384902954,72.95689797401428,8.201599399626502e-09,6.103515914901436e-08
1691.5640481710348,0.0,500.0,0.0225,387,7740000,15,0.02138800360262394,0.00010649999999999972,106.8969052356399,1080.9236581430648,-0.0100129883370389,101.13038148727661,49.79702568054199,26.372632265090942,76.16965913772583,6.866454960174906e-09,9.155273872352154e-09
1621.3860106886634,0.0,500.0,0.0,388,7760000,11,0.02157132513821125,0.00010599999999999972,81.25619979822943,775.2862118408841,-0.007968019562492901,102.77056809867706,49.935389280319214,19.129425287246704,69.06481552124023,2.2888184680880386e-09,1.0375976700061074e-07
1645.4240005277256,0.0,500.0,0.0,389,7780000,13,0.02009490132331848,0.00010549999999999972,75.07112944709138,666.8797475196536,-0.0095273138350757,104.55965637897033,49.909823417663574,22.778214931488037,72.68803930282593,1.9073485846288207e-10,9.460449490461542e-08
1690.0480322849435,0.0,500.0,0.0,390,7800000,13,0.020448412746191025,0.00010499999999999972,69.82074865705407,640.7735267127284,-0.010529231879359826,106.64203256797838,49.82305431365967,22.559333324432373,72.38238859176636,6.103515470812226e-09,-4.882812376649781e-08
1722.8757076269496,0.0,500.0,0.0,391,7820000,14,0.020336098968982697,0.00010449999999999972,62.95639330412579,667.6339453066499,-0.009431077998823523,107.81463997378191,49.85519790649414,24.636694192886353,74.49189376831055,-4.76837147544984e-09,1.2207031829802872e-07
1703.6134426187746,0.0,500.0,0.0,392,7840000,14,0.020071201026439667,0.00010399999999999972,56.27247051080576,644.7555962566479,-0.009373995647835831,109.20083718798249,48.56459021568298,23.614328622817993,72.17892003059387,3.910064716450279e-09,2.822876012942288e-07
1647.3241840753715,0.0,500.0,0.0,393,7860000,10,0.021389076486229897,0.00010349999999999972,85.67881525057955,729.1667489048772,-0.009029801445194899,110.5202024977809,48.305389404296875,16.894617080688477,65.20000743865967,1.7929076889799944e-08,-2.0294189084779646e-07
1639.4225865670498,0.0,500.0,0.0,394,7880000,8,0.020099878311157227,0.00010299999999999973,50.20742526374305,790.0251005861325,-0.00574118508075843,111.38946255022725,48.2719144821167,13.484142065048218,61.75605773925781,-1.1444092340440193e-09,-2.5024414185281785e-07
1689.8976236774292,0.0,500.0,0.0,395,7900000,12,0.020884310826659203,0.00010249999999999973,61.87929263637977,716.7602961319831,-0.008531757076102268,114.7909796291266,48.80396294593811,19.891268730163574,68.69523358345032,1.0728836485895954e-08,4.577636758540393e-08
1636.0794833970576,0.0,500.0,0.0,396,7920000,12,0.020667003467679024,0.00010199999999999973,61.3743224108435,788.6309444439678,-0.00948903781637853,117.91501319446503,49.36785316467285,21.105297803878784,70.47315168380737,-3.433227480087453e-09,-3.9672851670502496e-08
1696.7044298614703,0.0,500.0,0.0,397,7940000,17,0.02032230608165264,0.00010149999999999973,54.82929956184879,648.7558410334825,-0.011473679025010747,118.73502599912979,49.47566866874695,29.338883638381958,78.8145534992218,2.6702879907247734e-09,-1.9836426190522616e-07
1720.7912713350845,0.0,500.0,0.01125,398,7960000,15,0.02001253142952919,0.00010099999999999973,49.680670889142476,530.2842023140579,-0.010162825890666983,120.43642208111552,49.640339374542236,25.720935583114624,75.36127614974976,3.0040741005876725e-09,1.2207030941624453e-08
1740.6602278681262,0.0,500.0,0.013750000000000002,399,7980000,10,0.02031780406832695,0.00010049999999999973,47.216190044415264,502.28650327444836,-0.007697898143985734,122.32927291187616,48.772494316101074,16.865910053253174,65.63840532302856,1.6307831529616124e-08,-6.103515488575795e-07
1680.344921595083,0.0,500.0,0.0,400,8000000,6,0.020393729209899902,9.999999999999973e-05,54.849416602787755,616.6186553175077,-0.003037940040558053,123.40701752196486,48.93754577636719,10.207022428512573,59.144569635391235,3.433227480087453e-09,5.523681920749368e-07
1660.1385434121723,0.0,500.0,0.47375,401,8020000,28,0.02050533890724182,9.949999999999974e-05,199.86248518483708,1975.8337376366899,-0.013376221563501283,39.5452954759341,51.46675777435303,47.64036703109741,99.10712599754333,1.0681151962899094e-08,2.514648485885118e-06
1763.6919453862981,0.0,500.0,0.5725,402,8040000,30,0.02051575295627117,9.899999999999974e-05,167.36701196501937,1343.7301272488758,-0.01307387758944981,42.2512318185597,50.106364011764526,51.25163388252258,101.35799860954285,-8.01086397217432e-09,7.507323971367441e-07
2062.005816982384,0.0,500.0,0.625,403,8060000,32,0.02033434621989727,9.849999999999974e-05,172.36711027599372,920.7663529947542,-0.012910952328095441,45.05156615062263,50.10022211074829,54.49885129928589,104.59907460212708,-2.150535571843193e-08,1.0375976700061074e-07
1692.8325835726191,0.0,500.0,0.5575,404,8080000,31,0.02029731124639511,9.799999999999974e-05,156.9526689496591,558.3323330997647,-0.012779049306720539,47.30593758647643,49.96632194519043,52.355295181274414,102.32161808013916,-2.9087066089061864e-09,-2.8991699707603402e-08
1564.3952751275033,0.0,500.0,0.49250000000000005,405,8100000,33,0.02214447781443596,9.749999999999974e-05,140.79611263373016,509.2624131984823,-0.014083413136100509,50.223206241890935,49.90793585777283,55.21056532859802,105.11850214004517,7.486343100993054e-09,1.4648438195763447e-07
1624.7468560298423,0.0,500.0,0.7150000000000001,406,8120000,28,0.020948659628629684,9.699999999999974e-05,181.68414748525686,579.5031880596792,-0.01298128811043767,53.80028137840783,50.59727644920349,47.346328020095825,97.94360542297363,1.4543533044530932e-09,3.295898522992502e-07
1579.7629738989622,0.0,500.0,0.55375,407,8140000,23,0.022092927247285843,9.649999999999974e-05,187.87152218252342,512.0172939202507,-0.012118739594305266,56.2194308129793,50.43459224700928,39.621092557907104,90.0556857585907,5.435943695175638e-09,-1.4953613458601467e-07
1374.957248622235,0.0,500.0,0.49000000000000005,408,8160000,20,0.020340999588370323,9.599999999999974e-05,211.40209326881188,644.9055315986609,-0.012380829740340967,58.346933447134,49.62703466415405,33.61420941352844,83.24124479293823,1.850128228397807e-08,4.39453117451194e-07
1670.4694845877711,0.0,500.0,0.56125,409,8180000,16,0.020106522366404533,9.549999999999975e-05,172.93431123605552,457.626427848499,-0.007942633478423973,61.69633407714649,49.483948707580566,26.96092391014099,76.4448733329773,2.00271599304358e-09,-9.460449490461542e-08
1458.3731290316132,0.0,500.0,0.5700000000000001,410,8200000,21,0.0204794742166996,9.499999999999975e-05,214.05389846646221,540.9858367562421,-0.010779039528692433,65.18264296877136,49.48482537269592,35.51770305633545,85.00252914428711,-1.199245414085226e-08,2.0141601453360636e-07
1723.5446338879963,0.0,500.0,0.6537499999999999,411,8220000,17,0.021553216502070427,9.449999999999975e-05,332.11848735540485,757.971095402916,-0.009675014218902876,67.61844761186559,49.514801025390625,28.653961181640625,78.16876292228699,5.197525076994225e-09,-1.098632793627985e-07
1744.5911797754184,0.0,500.0,0.69625,412,8240000,21,0.02012345753610134,9.399999999999975e-05,189.21724419337727,479.98336830063715,-0.01175286642338944,71.08447844590768,49.68738794326782,35.405638456344604,85.09302759170532,-3.337859988405967e-10,1.5411376352858497e-07
1175.556520813128,0.0,500.0,0.475,413,8260000,20,0.02054288238286972,9.349999999999975e-05,208.5944307705084,474.41565953946343,-0.013994732127932553,73.88296071500443,49.92557382583618,33.68680787086487,83.61238265037537,5.102157807357344e-09,3.7231444593999186e-07
1607.861303192953,0.0,500.0,0.57125,414,8280000,20,0.020021282136440277,9.299999999999975e-05,191.42319034783603,463.0352028916819,-0.012850197608219668,76.08540459654202,50.21768927574158,34.33762454986572,84.55531477928162,-2.2888184680880386e-09,6.103515914901436e-08
1700.483591905701,0.0,500.0,0.5912499999999999,415,8300000,25,0.020193105563521385,9.249999999999975e-05,193.13871669196473,438.5083589459989,-0.012751541656885333,78.62367265207699,50.32658267021179,43.54818248748779,93.87476658821106,-1.3351439953623867e-09,3.051757735406113e-09
1963.0218761693861,0.0,500.0,0.6900000000000001,416,8320000,17,0.02070656418800354,9.199999999999976e-05,242.6742161336955,427.41432259625407,-0.010044444204664974,80.78693344727021,49.89755654335022,28.420994520187378,78.31855201721191,8.583068700218632e-10,-2.5329589448119805e-07
1746.6981264387857,0.0,500.0,0.6375,417,8340000,20,0.022320043295621872,9.149999999999976e-05,189.50671881654392,392.31048533284246,-0.012170254062048901,82.82298054679895,49.51460409164429,33.411439418792725,82.92604446411133,4.291534350109316e-10,1.3427734302240424e-07
1653.3765079320572,0.0,500.0,0.6025,418,8360000,18,0.021362394094467163,9.099999999999976e-05,223.2210371622093,444.2571109261206,-0.010801388970124948,84.93382725768112,49.98034930229187,31.363479137420654,81.34382915496826,6.103515470812226e-09,-4.028320290672127e-07
1714.8519181476963,0.0,500.0,0.4987500000000001,419,8380000,24,0.020510537549853325,9.049999999999976e-05,234.60255229612764,368.4562320912354,-0.013793671830902937,86.30550513303064,50.35316300392151,40.22345566749573,90.57661986351013,4.100799699813251e-09,6.713867151120212e-08
1657.2764330260784,0.0,500.0,0.5525,420,8400000,26,0.021283239126205444,8.999999999999976e-05,203.63398864176094,402.2161766590373,-0.013284117346306776,89.14450268336437,49.38281178474426,43.67966866493225,93.06248140335083,-7.677078528445236e-09,-3.6010743542647106e-07
1973.3124591990695,0.0,500.0,0.70375,421,8420000,25,0.022018518298864365,8.949999999999976e-05,224.77902900427677,345.5404342134616,-0.012130684097842001,91.32931248673997,49.61469626426697,41.99266195297241,91.60735940933228,7.343292196537732e-09,2.9907226917202934e-07
1980.046128184595,0.0,500.0,0.6,422,8440000,24,0.020376672968268394,8.899999999999976e-05,206.2419132038681,352.978576268124,-0.011612721756599047,94.56547644597907,49.45542335510254,40.348198652267456,89.80362296104431,2.791881570374244e-08,4.2114257325920335e-07
1894.8095035941067,0.0,500.0,0.66625,423,8460000,27,0.021953685209155083,8.849999999999977e-05,243.07559323313674,395.0599715368605,-0.013569497129202256,97.666797522835,49.66923379898071,45.42236638069153,95.09160089492798,-2.7012825754013647e-08,2.258300781932121e-07
1547.250085416661,0.0,500.0,0.52,424,8480000,21,0.02133757248520851,8.799999999999977e-05,181.91059476491725,341.6948902890977,-0.013029593975981307,99.31051484500729,49.93006110191345,35.47861433029175,85.40867638587952,2.336502102906479e-09,-6.103515470812226e-09
1366.322552124639,0.0,500.0,0.5399999999999999,425,8500000,15,0.021162983030080795,8.749999999999977e-05,233.1130807001116,415.65978763730635,-0.011164627546152939,101.59558164293901,49.413668632507324,25.299299001693726,74.71296882629395,8.296966669263384e-09,2.9296876391526894e-07
1803.503878299182,0.0,500.0,0.6900000000000001,426,8520000,11,0.021354904398322105,8.699999999999977e-05,304.7617630428123,481.2623337106652,-0.009047474396462933,102.56167829448734,49.762362003326416,18.500772714614868,68.26313591003418,-6.628036341993493e-09,7.019043124500968e-08
1652.468273004421,0.0,500.0,0.63375,427,8540000,24,0.021068023517727852,8.649999999999977e-05,186.51614892927094,384.3500346467137,-0.013034218880290877,103.06118798382875,49.80012226104736,41.28914499282837,91.08926820755005,1.3351440841802287e-08,1.9531249506599124e-07
1565.8055969911616,0.0,500.0,0.52125,428,8560000,25,0.020117521286010742,8.599999999999977e-05,233.5008282831454,379.31332056015066,-0.01355113846916384,104.15810741095497,51.077759742736816,43.95736074447632,95.03512287139893,-5.817413217812373e-09,-6.347656267280399e-07
1726.0006989600952,0.0,500.0,0.64875,429,8580000,27,0.021458948031067848,8.549999999999977e-05,169.36446374792303,339.59368555955723,-0.015530064722641892,107.0798259270627,51.08745813369751,46.669318437576294,97.7567777633667,-1.1348724626714102e-08,1.525878978725359e-08
1731.1089022031858,0.0,500.0,0.6875,430,8600000,28,0.02042873576283455,8.499999999999978e-05,230.44739060552084,317.2523836512807,-0.013950371142223457,109.18421789697729,50.97027802467346,48.53320860862732,99.50348806381226,-5.7220459481754915e-09,-7.278442240021832e-07
1751.1479048463214,0.0,500.0,0.6125,431,8620000,25,0.02155524678528309,8.449999999999978e-05,224.45499615897768,331.8858310219274,-0.012455307133436299,111.32155764058756,50.22150731086731,41.766234397888184,91.98774266242981,4.911422823994371e-09,-2.4414061883248905e-08
1629.5396156513139,0.0,500.0,0.5762499999999999,432,8640000,22,0.020557472482323647,8.399999999999978e-05,167.76726674022558,335.80442073710117,-0.0138086996908453,113.51252386385086,49.71073889732361,36.74096393585205,86.45170402526855,-3.2544136274736957e-09,2.4414061883248905e-08
1713.6652691065556,0.0,500.0,0.6087499999999999,433,8660000,19,0.020225711166858673,8.349999999999978e-05,178.80407272051497,300.39484800265296,-0.011204735043901673,116.44801064878226,49.82060217857361,31.761258125305176,81.5818612575531,1.0776520120714395e-08,8.544921570319275e-08
1708.1763184013762,0.0,500.0,0.5025000000000001,434,8680000,30,0.021524695679545403,8.299999999999978e-05,177.02499592692706,273.53129479973967,-0.014975759172112869,120.83273235966985,49.923452377319336,52.00368571281433,101.92713904380798,-3.814697446813398e-09,-5.7983399415206804e-08
1810.1878554177033,0.0,500.0,0.6300000000000001,435,8700000,29,0.020115917548537254,8.249999999999978e-05,190.3779933833204,293.0396975023153,-0.014359625530896744,124.88760186271335,51.52350854873657,51.16451621055603,102.6880259513855,-5.865096852630813e-09,7.019043124500968e-08
1764.4321789297787,0.0,500.0,0.6387499999999999,436,8720000,25,0.02056344971060753,8.199999999999978e-05,269.93769725373,271.03302103548384,-0.013834914465051014,127.60441734923342,51.05508899688721,42.08200716972351,93.13709712028503,5.340575981449547e-09,-5.584716973316972e-07
1754.2801214197257,0.0,500.0,0.7112499999999999,437,8740000,32,0.020119791850447655,8.149999999999979e-05,235.9344668654969,269.8033268185088,-0.015733289575368275,130.5113439651343,50.17785286903381,58.40761876106262,108.58547353744507,1.2969970875076342e-08,9.155273517080786e-08
1919.44303068111,0.0,500.0,0.76875,438,8760000,25,0.02024221234023571,8.099999999999979e-05,238.9222681707315,255.8598833273013,-0.014430703926182831,133.35270160906612,50.84465312957764,42.38592052459717,93.23057460784912,-1.7929076889799944e-08,5.325317147253372e-07
1429.0853479242965,0.0,500.0,0.4699999999999999,439,8780000,24,0.020738067105412483,8.049999999999979e-05,189.92190996399574,251.98409893819954,-0.014466489443196682,135.34967050359398,50.571820974349976,41.35408067703247,91.92590308189392,-7.104873578356319e-09,-6.713867151120212e-08
1633.2074518404524,0.0,500.0,0.59125,440,8800000,34,0.02127055451273918,7.999999999999979e-05,154.47051303034056,260.03846198305826,-0.015050956834339725,139.34980203119173,49.65361666679382,57.18207263946533,106.83569073677063,3.8146971692576415e-10,-2.9411316404548415e-07
1801.912065384011,0.0,500.0,0.5975,441,8820000,23,0.021267132833600044,7.949999999999979e-05,208.18348146044625,250.53669650595393,-0.013314802528100647,143.18363038677856,49.69216561317444,38.77776098251343,88.4699273109436,-3.814697446813398e-09,-1.5411376352858497e-07
1787.591830206028,0.0,500.0,0.6300000000000001,442,8840000,21,0.02071835845708847,7.899999999999979e-05,216.55228018633727,261.32193354379274,-0.01377908637515932,146.48583533552417,49.98525929450989,35.82899188995361,85.81425189971924,9.822845647988743e-09,9.765624753299562e-08
1785.809416407191,0.0,500.0,0.5775,443,8860000,27,0.020515110343694687,7.84999999999998e-05,172.90013526507545,245.86333623833522,-0.015645773305660488,148.23732494949633,49.9824481010437,45.34290385246277,95.3253526687622,-1.516342251761671e-08,-6.942749308791463e-08
1838.0243763348226,0.0,500.0,0.7074999999999999,444,8880000,28,0.020729077979922295,7.79999999999998e-05,197.60344221035893,231.72881559844652,-0.01455232610235085,147.8733564017299,49.434866189956665,46.97895264625549,96.41381978988647,3.337859988405967e-10,-1.5869140668200998e-07
1970.471490426197,0.0,500.0,0.67875,445,8900000,26,0.021940184757113457,7.74999999999998e-05,200.81217681526638,236.77119001237142,-0.01487966152638175,149.60228575310154,49.740710973739624,44.11512589454651,93.85583806037903,-6.38961772381208e-09,-6.713867151120212e-08
1752.3929263268885,0.0,500.0,0.655,446,8920000,25,0.023255081847310066,7.69999999999998e-05,160.6993802435634,231.1027471553327,-0.012953159922730927,151.65389331366688,49.91716957092285,41.7395236492157,91.65669393539429,-1.4305114870438729e-09,6.561279519701202e-08
1810.4769764133162,0.0,500.0,0.6525000000000001,447,8940000,37,0.017910495400428772,7.64999999999998e-05,134.98598574760325,229.09353734273262,-0.013451667726708161,152.81056504430327,49.553165674209595,61.76523470878601,111.31840133666992,-4.148483334631692e-09,1.9531249506599124e-07
1807.2668279449063,0.0,500.0,0.53125,448,8960000,28,0.02007581852376461,7.59999999999998e-05,210.87666526117155,229.71868087406412,-0.015420029555287575,154.53723137915162,49.53831958770752,46.901845932006836,96.44016671180725,-1.592636067471176e-08,-1.3427734302240424e-07
2016.3564771094839,0.0,500.0,0.7300000000000001,449,8980000,31,0.02205921709537506,7.54999999999998e-05,201.22463634836544,229.59879237008587,-0.015546401526827312,157.34792441500102,49.98700714111328,52.12483310699463,102.11184120178223,-1.6975402417074292e-08,-1.8005371771323553e-07
1999.181639385184,0.0,500.0,0.74375,450,9000000,22,0.020421916618943214,7.49999999999998e-05,346.4822321672132,223.2695770263672,-0.014189064761920205,161.0662692333424,49.548272371292114,37.098402976989746,86.64667630195618,6.580352707175052e-09,-4.2724607851596375e-08
1754.4416026817628,0.0,500.0,0.4925,451,9020000,26,0.021187828853726387,7.44999999999998e-05,239.40362253186743,217.76519295576895,-0.01430480997009456,65.79899434698802,49.396305084228516,43.76082158088684,93.15712809562683,2.38418573772492e-09,-6.256103546320446e-08
1714.6471310594775,0.0,500.0,0.47625,452,9040000,21,0.02023337595164776,7.39999999999998e-05,203.26124310954128,218.0477798626736,-0.014170235443648326,66.64286074340207,49.87400221824646,36.465466260910034,86.33946967124939,5.006790093631253e-09,1.525878978725359e-08
1761.405110775464,0.0,500.0,0.6112500000000001,453,9060000,27,0.020781856030225754,7.349999999999981e-05,184.39725609624645,220.61439192951002,-0.014428159510682633,68.14456831724767,52.03161883354187,45.68932223320007,97.72094345092773,3.910064716450279e-09,-4.2724607851596375e-08
2089.915792258881,0.0,500.0,0.68875,454,9080000,35,0.022655989974737167,7.299999999999981e-05,132.17734502203004,207.04222826903293,-0.014502954341229756,70.536269027313,52.27276802062988,61.57042050361633,113.84319019317627,-2.2649764730431343e-08,2.7465819840699623e-08
2141.346076017124,0.0,500.0,0.8175000000000001,455,9100000,37,0.02160711959004402,7.249999999999981e-05,156.21822268077,203.61115294867318,-0.016125707262143456,73.29097005219752,52.17863750457764,62.813697814941406,114.99233627319336,-1.0490417423625331e-09,-1.754760781125242e-08
1988.2898828350123,0.0,500.0,0.7474999999999999,456,9120000,23,0.021492650732398033,7.199999999999981e-05,211.13420705348852,205.70873355348834,-0.012831136360571744,75.25048973103632,50.98940443992615,40.335012435913086,91.32441759109497,6.1988831845383174e-09,3.204345588869728e-08
2093.2980197051133,0.0,500.0,0.6887500000000001,457,9140000,16,0.021132363006472588,7.149999999999981e-05,230.8809567099562,210.99363767300932,-0.011754323739168671,76.63306666639285,51.03979134559631,27.814202308654785,78.853994846344,4.673004205812958e-09,6.103515470812226e-09
2000.1929536912025,0.0,500.0,0.6174999999999999,458,9160000,27,0.020250733941793442,7.099999999999981e-05,180.67210603812617,213.14322272442794,-0.013389473768702052,78.25555831228483,50.32046294212341,45.10035467147827,95.420818567276,-9.202957507170595e-09,6.103515470812226e-09
1730.3014928639107,0.0,500.0,0.6075,459,9180000,19,0.020768385380506516,7.049999999999982e-05,198.915937427234,203.39354440635526,-0.013549093320273264,80.53257783280715,50.20615911483765,33.29450058937073,83.50066113471985,5.102157807357344e-09,-7.629394893626795e-09
1892.9307228356677,0.0,500.0,0.6475,460,9200000,34,0.020247379317879677,6.999999999999982e-05,188.71646621329873,198.0864751579573,-0.016359702521756402,82.3087427095909,49.99253273010254,57.27393960952759,107.26647329330444,2.717971847587819e-09,-9.155273872352154e-09
1673.1663888187716,0.0,500.0,0.5825000000000001,461,9220000,36,0.020947890356183052,6.949999999999982e-05,169.4168031216514,198.17971787268192,-0.017057266089542715,85.66642178734186,49.535534381866455,60.56085467338562,110.09639000892639,-2.6702879907247734e-09,2.4414061883248905e-08
1710.4521371849514,0.0,500.0,0.595,462,9240000,31,0.021260995417833328,6.899999999999982e-05,205.43010526262188,189.70173037372814,-0.015978494264096355,89.48267921275556,49.44926834106445,52.26159429550171,101.71086359024048,-8.201599399626502e-09,-7.629394893626795e-09
1816.8535022714634,0.0,500.0,0.6537499999999999,463,9260000,25,0.021791350096464157,6.849999999999982e-05,250.39821314071315,199.41267513579834,-0.013299603547942572,90.83834908384866,49.6990020275116,42.07744884490967,91.77645182609558,3.767013367905747e-09,-7.629394893626795e-09
1894.3291849954724,0.0,500.0,0.6425,464,9280000,29,0.020613741129636765,6.799999999999982e-05,188.22120849274847,196.62975258578732,-0.015273320126162867,92.30055875611146,49.66852331161499,48.95555329322815,98.62407755851746,7.96318033735588e-09,-3.9672851670502496e-08
1891.1091905234075,0.0,500.0,0.7262500000000001,465,9300000,28,0.020789049565792084,6.749999999999982e-05,208.45948239191108,204.86377787970886,-0.015577348345256866,96.17894658602737,49.85452628135681,47.200507164001465,97.05503439903259,-1.3780593555168252e-08,9.155273872352154e-09
1838.9182908452058,0.0,500.0,0.7212500000000001,466,9320000,33,0.021811841055750847,6.699999999999983e-05,146.9123077990875,189.94832200622707,-0.017054768444603997,99.8556268075069,49.76601958274841,55.621007442474365,105.3870279788971,-3.2424927187690855e-09,1.0681151962899094e-08
2011.4626298278781,0.0,500.0,0.6599999999999999,467,9340000,27,0.020879145711660385,6.649999999999983e-05,180.07618754139426,192.93954386523228,-0.01545985640038641,104.0865368882011,49.736384868621826,45.51248836517334,95.2488739490509,-1.6689301052252858e-09,-1.754760781125242e-08
1852.9622937121471,0.0,500.0,0.645,468,9360000,25,0.02038685977458954,6.599999999999983e-05,214.20589482365324,194.020603908746,-0.014543699378730913,106.53887571779684,49.5769362449646,42.05100750923157,91.62794494628906,6.675719976811934e-10,3.280639759850601e-08
1848.368715325037,0.0,500.0,0.5599999999999999,469,9380000,27,0.02065962739288807,6.549999999999983e-05,171.59455503292895,188.51363990033482,-0.015213269649618765,108.29262127174934,49.64606785774231,45.25392484664917,94.8999936580658,4.911422823994371e-09,-1.1596679883041361e-07
1753.6171735126832,0.0,500.0,0.6837500000000001,470,9400000,37,0.0183258093893528,6.499999999999983e-05,181.42146041181027,183.23175673224995,-0.016914791939635365,109.58939463091106,50.346855878829956,64.17353844642639,114.52039551734924,-4.1961669694501325e-09,-1.4114379887075756e-08
1675.9144233885024,0.0,500.0,0.50875,471,9420000,22,0.021378153935074806,6.449999999999983e-05,240.5647981063661,177.44479782498925,-0.014934215296899471,111.95925858891222,50.32348656654358,37.04227042198181,87.3657579421997,1.2397766369076635e-08,-1.4495849853801701e-08
2105.445242091526,0.0,500.0,0.75875,472,9440000,14,0.02051379159092903,6.399999999999983e-05,307.3286474028552,190.41191633147008,-0.011176186554229106,113.92757543044132,50.256998777389526,23.515960931777954,73.7729606628418,1.0013580187262505e-08,4.730224745230771e-08
1943.8821679527289,0.0,500.0,0.68375,473,9460000,33,0.02029475010931492,6.349999999999984e-05,231.81475379804246,172.28023419660408,-0.016843973709268916,117.14312891055773,51.246535778045654,60.94896721839905,112.19550442695618,4.959106458812812e-09,-1.365661574936894e-07
1854.5446387396084,0.0,500.0,0.6425,474,9480000,37,0.01992507092654705,6.299999999999984e-05,164.70333131118693,168.59403128294983,-0.016045106396927637,120.3543780061435,52.9756977558136,65.62234044075012,118.5980396270752,2.1934509764065524e-09,1.0681151962899094e-08
1858.6520022525951,0.0,500.0,0.64,475,9500000,34,0.020565252751111984,6.249999999999984e-05,163.81003844453483,170.18172558212925,-0.017339150008190304,123.06901772536185,51.648276567459106,60.78272724151611,112.4310052394867,8.583068700218632e-10,-5.6457519548303026e-08
1776.20369087695,0.0,500.0,0.65125,476,9520000,20,0.020575081929564476,6.199999999999984e-05,220.98736551790572,169.03262474133183,-0.012351606779556257,124.91656622719078,51.85155439376831,36.08231830596924,87.93387413024902,-5.9604645663569045e-09,4.7683716530855236e-08
1954.1983082909078,0.0,500.0,0.7474999999999999,477,9540000,30,0.02023080363869667,6.149999999999984e-05,267.97544092456627,166.3774988663971,-0.017481474869034556,128.37319171487079,51.21552228927612,55.17872905731201,106.39425277709961,-2.088546757761378e-08,-4.0435789827597546e-08
1575.3791871577384,0.0,500.0,0.5512500000000001,478,9560000,26,0.02013351395726204,6.099999999999984e-05,347.10236738377927,158.91142494012286,-0.015048582256832506,130.0767505502314,52.68058371543884,45.39172577857971,98.07231044769287,-2.861023085110048e-10,-3.509521562250484e-08
2205.7319154244624,0.0,500.0,0.79125,479,9580000,37,0.019623015075922012,6.0499999999999844e-05,187.55834368294092,161.35103188651325,-0.017580677364545865,133.71504916326234,53.49353528022766,65.6960244178772,119.18956112861633,6.9141385949933465e-09,-2.2888183792701966e-08
2086.503304015346,0.0,500.0,0.6950000000000001,480,9600000,37,0.018443970009684563,5.9999999999999846e-05,174.1605109664486,156.792787859368,-0.01757120523744432,137.01191247509053,51.527859687805176,65.30446338653564,116.83232426643372,-8.01086397217432e-09,4.1961669694501325e-08
1865.8732996188785,0.0,500.0,0.74875,481,9620000,37,0.02105759270489216,5.949999999999985e-05,188.64442641680932,156.66037800114202,-0.0183091804460336,139.91708184293222,53.34776496887207,65.34090280532837,118.68866848945618,8.201599399626502e-09,-1.831054774470431e-08
2113.0727951058907,0.0,500.0,0.75,482,9640000,31,0.020472198724746704,5.899999999999985e-05,179.2535128923196,150.85731311189897,-0.017037885724400348,143.67340206778027,50.88716411590576,53.002620697021484,103.88978600502014,1.749992328825556e-08,-1.0681151962899094e-08
1959.3697403315878,0.0,500.0,0.7237500000000001,483,9660000,33,0.020199419930577278,5.849999999999985e-05,230.0120167384617,153.0635583977095,-0.01665136467768268,146.7505988746013,50.97722911834717,57.53221130371094,108.50944137573242,-7.438659466174613e-09,3.128051773160223e-08
2001.429718226574,0.0,500.0,0.70375,484,9680000,33,0.02093481831252575,5.799999999999985e-05,190.23405124008028,146.59768710735173,-0.016487166135771975,148.92882960269014,51.05136466026306,56.522462129592896,107.57382774353027,-1.044273378880689e-08,3.814697180359872e-08
2049.521899676094,0.0,500.0,0.7,485,9700000,32,0.020347585901618004,5.749999999999985e-05,203.38914375069044,152.28573874086618,-0.01313121634442136,150.11240869589128,51.050087213516235,54.958123207092285,106.00821161270142,1.4209747156712638e-08,1.907348590179936e-08
1788.3836128771577,0.0,500.0,0.6737499999999998,486,9720000,34,0.02027565985918045,5.6999999999999854e-05,230.54255130483207,141.85875365385053,-0.018124598095910594,152.1152265850168,51.91822385787964,58.1037278175354,110.02195286750793,-3.433227480087453e-09,-4.15802006159538e-08
2114.955123060935,0.0,500.0,0.7175,487,9740000,17,0.02021600864827633,5.6499999999999855e-05,249.40178963815868,139.33553467198345,-0.011706016002108428,153.31181557118904,51.54691529273987,29.523249864578247,81.07016682624817,2.479553229406406e-09,-2.70843507621521e-08
2137.7162430708095,0.0,500.0,0.7362500000000001,488,9760000,31,0.020354824140667915,5.599999999999986e-05,171.0492040061538,137.44397074716994,-0.017146900399896827,155.35877709544516,50.99574136734009,53.07105731964111,104.06680011749268,-1.9741058565614367e-08,-7.095336940210473e-08
1987.3126283873494,0.0,500.0,0.7525000000000001,489,9780000,36,0.020741093903779984,5.549999999999986e-05,239.0396537344042,135.70400113453456,-0.0178443905397394,159.20438814010865,51.2489697933197,61.07580351829529,112.3247742652893,-1.4305114870438729e-09,2.8228759774151513e-08
1883.4883525810087,0.0,500.0,0.6275,490,9800000,27,0.020178453996777534,5.499999999999986e-05,194.5897071291294,134.63880032074547,-0.016063238312511774,161.84738019609887,50.93521785736084,46.07703924179077,97.01225781440735,-8.583068700218632e-10,2.4414061883248905e-08
2008.4973726657377,0.0,500.0,0.73125,491,9820000,32,0.021425681188702583,5.449999999999986e-05,173.7719687947069,131.05401954254785,-0.016656129498765753,164.30799161283352,53.28903150558472,56.36976170539856,109.65879464149475,-7.569789794992232e-10,-4.8446654687950286e-08
2108.4103129651003,536.35,500.0,0.745,492,9840000,13,0.02360391803085804,5.399999999999986e-05,283.340189836511,20301.261127917238,-0.009356836019311367,166.44714512594152,53.4620304107666,23.4224271774292,76.8844587802887,1.4305114870438729e-09,2.0812988168472657e-06
2010.0472749225087,0.0,500.0,0.6725,493,9860000,37,0.018547222018241882,5.3499999999999864e-05,193.3885504255928,136.44622761033256,-0.018859551662815447,169.84994259527872,50.922751665115356,65.41927528381348,116.34202861785889,6.38961772381208e-09,-1.0681151962899094e-08
2047.078873873013,403.79625,500.0,0.7875,494,9880000,27,0.020146071910858154,5.2999999999999865e-05,200.8146943054091,30470.92373722407,-0.01577867731157086,172.96073217891882,50.849690437316895,47.4836483001709,98.33334016799927,-4.291534239087014e-09,4.6386719532165444e-07
1739.728656592012,217.42875000000004,500.0,0.5775,495,9900000,34,0.02021717093884945,5.249999999999987e-05,138.95257809421574,154.34276696592093,-0.017685436113019735,177.3372867041525,51.02485013008118,60.19799089431763,111.22284269332886,8.726120270807769e-09,5.41687015243042e-08
2207.4166913459426,0.0,500.0,0.7625,496,9920000,37,0.0179754588752985,5.199999999999987e-05,143.5037995175308,143.33580583842985,-0.015974610301308662,182.4581696681846,50.02345657348633,62.34883904457092,112.37229681015015,-6.771087690538025e-09,-1.4495849853801701e-08
1902.0289830594022,0.0,500.0,0.80375,497,9940000,37,0.019329765811562538,5.149999999999987e-05,147.69978720774748,131.94993082989726,-0.01645310120159298,186.99415879166813,50.77204394340515,63.85343074798584,114.62547564506531,-1.2302399099439754e-08,4.653930574249898e-08
1852.723895318665,0.0,500.0,0.68125,498,9960000,37,0.018301283940672874,5.099999999999987e-05,176.75080976559497,127.6698640474702,-0.019406414925677344,190.82563048773568,51.27678084373474,64.55016040802002,115.8269419670105,5.435943695175638e-09,-4.730224745230771e-08
1801.5867627765115,0.0,500.0,0.75625,499,9980000,37,0.01768375001847744,5.049999999999987e-05,179.6575829990375,129.78625538019554,-0.017464929330076255,194.7341884833401,50.79077506065369,64.85355305671692,115.6443293094635,-1.1444091896350983e-08,4.15802006159538e-08
1965.0737667693477,27.982499999999998,500.0,0.73875,500,10000000,35,0.020827285945415497,4.9999999999999874e-05,173.95115714898017,946.389530196858,-0.018428639109496797,197.89208387952044,51.14185428619385,61.81125354766846,112.95310878753662,4.291534239087014e-09,3.051757735406113e-09
3447.1639695106633,745.4174999999999,500.0,0.905,501,10020000,23,0.02018282562494278,4.9499999999999875e-05,904.5384964252085,42378.72635158153,-0.013978081351759437,66.06750158793993,52.793328523635864,39.82974576950073,92.62307524681091,-1.516342251761671e-08,1.8066406255456968e-06
4028.4954961160556,610.14,500.0,0.945,502,10040000,15,0.021507862955331802,4.8999999999999876e-05,631.9434910734622,12040.108658538917,-0.013610951815105982,66.84806661880054,51.269418716430664,25.60289692878723,76.87231683731079,-1.4781951662712345e-08,-4.882812376649781e-08
3555.527895085355,276.96000000000004,500.0,0.9324999999999999,503,10060000,28,0.021342797204852104,4.849999999999988e-05,336.410683505669,673.787817521054,-0.01630315694517283,68.90360810363853,50.801997423172,47.46185517311096,98.26385354995728,6.942749308791463e-08,-2.136230534688366e-07
3983.0460123033395,549.79,500.0,1.0,504,10080000,23,0.02004491351544857,4.799999999999988e-05,397.61977656189976,29512.27729557428,-0.015645050029568546,70.26983846056906,50.813260316848755,40.10585975646973,90.91912078857422,-4.291534239087014e-09,1.3427734302240424e-07
4171.01032576158,392.06499999999994,500.0,0.95,505,10100000,25,0.020077038556337357,4.749999999999988e-05,379.51826324755393,16410.057173255213,-0.015840938169086657,71.96819418130211,51.35715389251709,44.38777041435242,95.7449266910553,-9.679794743533421e-09,-4.6386719532165444e-07
3742.002370009094,344.21999999999997,500.0,1.0,506,10120000,30,0.020713869482278824,4.699999999999988e-05,355.36647198060575,4523.986048357784,-0.01980445820263451,74.77662676891453,51.50605773925781,52.094902992248535,103.60096144676208,-3.347397026232102e-08,-3.906249901319825e-07
3939.437631664508,937.65,500.0,1.0,507,10140000,19,0.020255809649825096,4.6499999999999883e-05,536.3674467762559,48028.46087141023,-0.014845541649299472,76.59562724158205,52.041810512542725,32.74060773849487,84.7824194431305,1.9836425835251248e-08,-1.2207030941624453e-08
4143.017962013783,1043.0975000000003,500.0,1.0,508,10160000,17,0.0200446005910635,4.5999999999999885e-05,460.26312632955927,49354.25177332307,-0.01584128098588789,77.55880908360272,51.094351291656494,28.758056163787842,79.85240840911865,-8.401870843499637e-08,-4.39453117451194e-07
4369.011844449538,61.20250000000001,500.0,0.975,509,10180000,28,0.0202674251049757,4.5499999999999886e-05,296.86044658737495,9923.16581617431,-0.019689758321515184,79.1065699822388,51.12388062477112,47.63805341720581,98.76193475723267,5.054473728449693e-09,-1.4648438195763447e-07
3936.2199181399856,143.045,500.0,0.9912500000000002,510,10200000,22,0.020974330604076385,4.499999999999989e-05,530.9896617294431,10548.74911877945,-0.018189696647075874,80.42580385233059,51.43623733520508,39.6303334236145,91.06657218933105,-2.6702879907247734e-09,-4.882812376649781e-08
3898.964840335118,96.175,500.0,0.9587499999999999,511,10220000,33,0.02286776341497898,4.449999999999989e-05,538.1621926283949,9238.566707024975,-0.01836040389097153,81.96569997946467,51.98904466629028,58.09247922897339,110.08152484893799,-6.1988831845383174e-09,4.882812731921149e-07
3773.251891674434,119.67999999999999,500.0,0.9762500000000001,512,10240000,37,0.02131384238600731,4.399999999999989e-05,474.14144307683245,8308.329204763879,-0.019383685663603836,84.4265464978374,53.31603693962097,64.53065371513367,117.84669137001038,-1.3256072683986986e-08,-5.126952942191565e-07
3843.060021876826,0.075,500.0,0.99875,513,10260000,29,0.020259633660316467,4.349999999999989e-05,727.6346917870524,4071.2256797983005,-0.0176767679641108,86.40043376465785,54.011719942092896,50.37010645866394,104.38182854652405,2.479553229406406e-09,-1.098632793627985e-07
3527.9854922057216,0.075,500.0,0.9,514,10280000,30,0.020382246002554893,4.299999999999989e-05,551.6611722424134,3002.969154288035,-0.019193607472633115,87.66608742580881,53.3182430267334,50.557562828063965,103.87580680847168,-4.100799699813251e-09,-2.5634764710957825e-07
4110.405585311199,440.34125000000006,500.0,0.975,515,10300000,36,0.020570438355207443,4.2499999999999895e-05,540.2316192008097,18699.28138666962,-0.019111397456501557,88.53994384402708,51.777668714523315,61.55453658103943,113.33220601081848,-7.629394338515283e-10,-7.324218813664629e-07
4054.8422117270384,1078.5487500000002,500.0,1.0,516,10320000,25,0.022289680317044258,4.1999999999999896e-05,552.1650651535668,27178.81150737726,-0.013688965712081844,89.59937266486902,52.668328046798706,43.068126916885376,95.73645663261414,1.1062621929625038e-08,1.1718750556610757e-06
4380.353276428961,86.56,500.0,1.0,517,10340000,32,0.020047588273882866,4.14999999999999e-05,597.4234897945636,7448.048797342343,-0.017689961281936274,90.35697882015484,51.72486996650696,55.60655236244202,107.33142399787903,6.1988831845383174e-09,1.708984314063855e-07
4288.980211403305,1575.05,500.0,0.93875,518,10360000,21,0.02111588977277279,4.09999999999999e-05,792.1588654941064,25819.385826242,-0.015274595299599077,91.16339631793743,51.845762491226196,36.38370442390442,88.22946786880493,1.907348723406699e-09,8.300781360048859e-07
4133.910650170263,407.875,500.0,0.96125,519,10380000,32,0.020177798345685005,4.04999999999999e-05,641.3111519912561,22621.45287628905,-0.017527658209935897,92.56567093282462,51.64271426200867,54.031779050827026,105.67449426651001,-1.0681151962899094e-08,1.4648438195763447e-07
4232.870556818703,196.3,500.0,1.0,520,10400000,28,0.02050947956740856,3.99999999999999e-05,548.5155668306546,22889.472835545996,-0.017327307052732863,95.61484677668632,50.65582609176636,47.490811586380005,98.1466383934021,-1.2493133638713516e-08,-1.367187451251084e-06
4410.193956317916,1006.0350000000001,500.0,1.0,521,10420000,22,0.02030332386493683,3.94999999999999e-05,583.7081256337959,50187.53727397315,-0.016820541757371004,98.9805297319743,50.286720514297485,37.237298011779785,87.52401947975159,-1.157522167005709e-08,9.765624753299562e-08
4106.168512535951,20.115,500.0,0.9862500000000001,522,10440000,25,0.02037697285413742,3.8999999999999904e-05,461.45507947635343,19568.76949966772,-0.019339382569201456,101.80655888664074,50.38034796714783,41.04720139503479,91.42755031585693,-5.340575981449547e-09,9.765625463842298e-07
4172.068484040571,14.425,500.0,0.9887499999999999,523,10460000,37,0.019832061603665352,3.8499999999999906e-05,438.3324117970975,14589.886125063074,-0.019935879183107404,104.66616997184784,50.80026841163635,64.21536159515381,115.01563143730164,7.438659466174613e-09,-6.347656267280399e-07
4290.336032695121,144.94250000000002,500.0,1.0,524,10480000,37,0.021045569330453873,3.799999999999991e-05,389.0460768840379,28883.01257881288,-0.020035150555551037,107.83740902844616,50.737913370132446,65.17583155632019,115.91374635696411,-5.817413217812373e-09,-4.39453117451194e-07
3812.665127499102,708.5800000000002,500.0,1.0,525,10500000,35,0.020402410998940468,3.749999999999991e-05,358.32033787235065,30792.274893602156,-0.021428355822666532,110.6302614839694,51.63870620727539,62.0981662273407,113.73687314987183,2.38418573772492e-09,3.906249901319825e-07
4267.4038138559035,195.92749999999998,500.0,1.0,526,10520000,37,0.017840083688497543,3.699999999999991e-05,295.69529340510314,14697.545297103394,-0.018954926792181744,114.78717926093904,52.23369312286377,67.2552182674408,119.4889132976532,-9.441375681262798e-09,1.220703097715159e-06
4139.678902579924,1119.75625,500.0,1.0,527,10540000,33,0.020109644159674644,3.649999999999991e-05,390.4617619514004,47514.413103008905,-0.019220136279786294,118.03227057204448,53.471850872039795,56.63812232017517,110.10997462272644,1.60694124673455e-08,1.2695312534560799e-06
4246.9626815010315,728.905,500.0,1.0,528,10560000,26,0.020257143303751945,3.599999999999991e-05,621.3556131858385,57207.510686192356,-0.01813450249691436,119.55699991154478,52.18624925613403,45.256375312805176,97.44262552261353,-1.7452240541615538e-08,-9.765624753299562e-08
4320.345289816239,160.76375,500.0,1.0,529,10580000,37,0.01978217251598835,3.5499999999999914e-05,400.90064203136996,20992.516504499683,-0.019991532365975496,119.90226984546959,50.468449115753174,64.30923891067505,114.77768898010254,1.8882751362525596e-08,1.7089844277506927e-06
3992.91711243374,144.94375,500.0,0.96,530,10600000,31,0.02124868892133236,3.4999999999999916e-05,578.9285030881978,35083.56983471104,-0.01889463587126611,120.8047865917053,51.891279220581055,55.54513907432556,107.43642020225525,6.38961772381208e-09,-3.906249901319825e-07
4197.956279869479,1220.48125,500.0,0.9550000000000001,531,10620000,37,0.021501490846276283,3.449999999999992e-05,384.4269970570314,44811.06994434433,-0.020209523163785405,123.14722182011421,50.09589195251465,61.95308804512024,112.0489809513092,1.4686584393075464e-08,-8.300781360048859e-07
3910.1260019504093,0.0,500.0,0.96,532,10640000,36,0.02056831121444702,3.399999999999992e-05,565.7660512555183,34249.647706053125,-0.0200608184685194,126.90848809385452,50.583951473236084,60.86561989784241,111.44957208633423,5.912780931538464e-09,-7.81249980263965e-07
3867.0653536937257,924.825,500.0,0.975,533,10660000,36,0.020029595121741295,3.349999999999992e-05,773.5298582225308,61720.243184277555,-0.018430036631273784,130.29736838105472,50.65217137336731,61.67814922332764,112.33032155036926,-2.2888184680880386e-09,-1.4648437627329258e-06
4293.058304275277,14.375,500.0,1.0,534,10680000,37,0.01972278207540512,3.299999999999992e-05,692.22940218917,54572.85456872783,-0.016983952334504674,131.94633037098413,51.17558574676514,65.13527250289917,116.31085896492004,-1.3351439953623867e-09,-1.757812469804776e-06
3947.6917244851147,55.735,500.0,0.9524999999999999,535,10700000,32,0.020194360986351967,3.249999999999992e-05,415.1868453696132,35047.37839038227,-0.01873542406260945,132.87762250991676,50.848618030548096,54.51378417015076,105.36240291595459,1.602172794434864e-08,-1.6601562720097718e-06
4273.415645136038,716.6625,500.0,0.9974999999999999,536,10720000,33,0.020721929147839546,3.1999999999999924e-05,442.3612038930626,65273.10557955756,-0.01894518194971441,135.0507618873368,51.15687155723572,56.743356704711914,107.90022945404053,-1.2302399099439754e-08,-5.37109372089617e-07
3683.6654192878277,509.32875,500.0,1.0,537,10740000,31,0.021017801016569138,3.1499999999999925e-05,439.31856032065554,20899.787305230984,-0.020404416627762344,136.65895635374278,50.621320724487305,51.92064189910889,102.54196357727051,2.956390465769232e-09,2.4902344648580765e-06
3873.2598871347204,259.02375,500.0,1.0,538,10760000,28,0.02032148838043213,3.099999999999993e-05,412.25282777449354,65386.79965746212,-0.017911805422842292,136.76217672434205,50.00724744796753,47.12762951850891,97.1348786354065,2.6941300301785986e-09,4.882812731921149e-07
3674.0272602684076,49.6,500.0,0.9875,539,10780000,37,0.01971910335123539,3.0499999999999928e-05,508.39199474378523,42347.43910703074,-0.02002655759868892,137.9651169720508,50.433149337768555,61.470317363739014,111.9034674167633,-8.249283034444943e-09,-8.300781360048859e-07
4073.9831853700925,1170.8,500.0,0.9875,540,10800000,37,0.020171301439404488,2.999999999999993e-05,670.7697116445665,89995.14764489149,-0.018839296722993244,139.59761371353974,50.417898178100586,61.68292713165283,112.10082602500916,-2.1934509764065524e-09,3.2226562325377017e-06
3714.2476471663203,355.85,500.0,1.0,541,10820000,29,0.02068563550710678,2.9499999999999928e-05,613.749797474751,49469.64989990961,-0.0194068677533388,141.20473098544753,50.22754883766174,52.43366599082947,102.66121554374695,9.918212917625624e-09,3.808593646681402e-06
4245.983136380312,0.0,500.0,1.0,542,10840000,30,0.02128317579627037,2.899999999999993e-05,839.0480854314737,21387.538731571152,-0.01666436220630329,143.35059479539768,50.46521329879761,50.617087602615356,101.0823016166687,4.1961669694501325e-09,-8.251952749560587e-06
4260.567372775862,596.925,500.0,1.0,543,10860000,37,0.01761285774409771,2.849999999999993e-05,611.6763984292152,32842.31333091821,-0.018200616808552686,145.28332137699192,50.0470085144043,63.300705909729004,113.34771537780762,1.678466787780053e-08,-2.3437501113221515e-06
4244.779855711893,247.8875,500.0,0.975,544,10880000,37,0.0181126706302166,2.799999999999993e-05,448.6868792040527,66006.56511264831,-0.020124009867786542,146.22301523537845,52.936466693878174,64.4312334060669,117.3677008152008,1.1062621929625038e-08,-2.9296876391526894e-07
4497.3119718417665,247.8875,500.0,1.0,545,10900000,37,0.016562627628445625,2.749999999999993e-05,580.3913016873066,44536.706987374884,-0.016245051542100465,147.5775548883716,53.00333499908447,64.25672578811646,117.2600622177124,1.3160705414350105e-08,-3.2226562325377017e-06
3997.2278290539252,711.2137500000001,500.0,1.0,546,10920000,37,0.018429972231388092,2.699999999999993e-05,518.767464212428,108549.0353226961,-0.019696350901594065,148.92103523825563,49.73995232582092,61.89246940612793,111.63242268562317,4.4345855876315454e-09,1.074218744179234e-06
3959.3535513050083,451.23874999999987,500.0,1.0,547,10940000,37,0.017382577061653137,2.6499999999999933e-05,310.14046246411937,17306.070484964766,-0.020260056232313473,150.28197301705362,50.17243027687073,61.73595476150513,111.90838599205017,-7.128715395765539e-09,-2.90527350443881e-06
4082.1241611644714,25.547500000000003,500.0,0.98125,548,10960000,37,0.016621872782707214,2.5999999999999934e-05,453.7921793790856,16925.07904248789,-0.018909560545286433,151.89025908024567,50.490174293518066,63.95812010765076,114.44829535484314,-8.869171175263091e-09,-1.3427734302240424e-06
4364.712392110177,0.0,500.0,0.99375,549,10980000,37,0.016267327591776848,2.5499999999999935e-05,566.656834404638,17353.9027219034,-0.018457914033897273,152.64877914746245,50.992037296295166,65.31400895118713,116.3060474395752,7.629394338515283e-10,-6.298828338913154e-06
4343.988007273375,624.9925000000001,500.0,0.9737500000000001,550,11000000,37,0.016173485666513443,2.4999999999999937e-05,712.4316748653748,26385.923328834127,-0.01710906067761619,152.89214535696644,51.53251552581787,63.95613384246826,115.48865056037903,-9.536742923144104e-11,-1.904296823340701e-06
4008.237652049805,244.15625,500.0,0.9512499999999999,551,11020000,37,0.016707567498087883,2.4499999999999938e-05,405.96679342988136,40137.768983272246,-0.018515450636244355,44.88534709507809,52.61228370666504,64.55448985099792,117.16677522659302,-1.5735626135437997e-08,-6.933593795110937e-06
4159.239332601149,498.35125000000005,500.0,0.95375,552,11040000,37,0.017382025718688965,2.399999999999994e-05,400.0225297051507,24520.42436578354,-0.019231213244995785,46.87044888763125,50.68640494346619,62.18140363693237,112.86781001091003,-9.870529282807183e-09,-1.708984314063855e-07
4462.629286773168,0.0,500.0,0.9962500000000001,553,11060000,37,0.014822696335613728,2.349999999999994e-05,743.0719656621882,31014.09462641657,-0.01563942355308696,48.67600440139052,50.77312254905701,63.89426946640015,114.66739320755005,2.555847089524832e-08,4.199218892608769e-06
4253.871447545166,6.95,500.0,0.975,554,11080000,37,0.018616894260048866,2.2999999999999942e-05,849.3176575800616,37960.59661939545,-0.020943694578603685,49.82769414870276,50.0383141040802,61.76829791069031,111.80661273002625,-8.583068700218632e-10,9.765624753299562e-08
4120.277115757597,0.0,500.0,0.975,555,11100000,37,0.018595015630126,2.2499999999999944e-05,799.0258190977523,38635.60705031473,-0.01842882680066069,50.80615519760866,49.99090242385864,61.86405348777771,111.85495686531067,-1.7166137400437265e-09,2.9296876391526894e-07
4485.121749100433,567.4225,500.0,1.0,556,11120000,37,0.016407085582613945,2.1999999999999945e-05,534.6545670992475,25383.442314088,-0.01832124428053104,51.80793048412974,49.86788058280945,61.762577533721924,111.63045930862427,-1.239776614703203e-09,1.367187451251084e-06
4201.205112095167,448.95874999999995,500.0,0.9662500000000002,557,11140000,37,0.018687628209590912,2.1499999999999947e-05,397.3357554268481,48604.20842305816,-0.01709066735084665,52.87475622895365,50.194257497787476,61.97165393829346,112.16591238975525,1.0967254882032762e-09,9.765625463842298e-07
4322.984194464766,802.6475,500.0,0.9800000000000001,558,11160000,37,0.015217926353216171,2.0999999999999948e-05,487.54662533974096,79737.62811794203,-0.01645748324037002,53.865698799322374,50.12826442718506,61.810943603515625,111.939208984375,3.910064716450279e-09,-2.6367188183940016e-06
3842.7590471555413,618.64625,500.0,0.9787500000000001,559,11180000,37,0.013313231989741325,2.049999999999995e-05,329.1330310919363,27399.32425534685,-0.017724311262821587,55.784000588435084,50.23626184463501,61.97385334968567,112.21011638641357,3.1471252270875993e-09,-1.9531249506599124e-07
4233.533644433211,41.0,500.0,1.0,560,11200000,37,0.015230259858071804,1.999999999999995e-05,778.5136898387622,88891.81790313708,-0.015087891594022603,56.6823739444702,50.726378202438354,65.45582389831543,116.1822030544281,4.577636936176077e-09,-3.3203125440195436e-06
4549.207674475224,0.0,500.0,1.0,561,11220000,37,0.014189794659614563,1.9499999999999952e-05,947.5418615984325,49527.79143673121,-0.016022646721366347,57.826475455861626,52.022416830062866,66.40986847877502,118.43228673934937,3.6239624634504253e-09,2.197265530412551e-06
4247.004117670354,0.0,500.0,0.95,562,11240000,37,0.014699503779411316,1.8999999999999954e-05,604.1296444668814,40789.14530684604,-0.018686549921483303,59.325038056784926,52.68745183944702,64.94382643699646,117.63127899169922,-4.291534350109316e-10,-2.294921841894393e-06
4232.972999736313,279.375,500.0,1.0,563,11260000,37,0.015708792954683304,1.8499999999999955e-05,690.5017034551886,58491.740142229355,-0.01774284438989727,60.27541973969446,52.45046067237854,63.51249718666077,115.96295857429504,1.5258788677030566e-09,-4.296874976716936e-06
4290.352362269884,0.0,500.0,1.0,564,11280000,37,0.014795643277466297,1.7999999999999956e-05,580.6943498991404,30791.608374795007,-0.01953159508790492,61.53805521075749,50.24415373802185,61.720091104507446,111.96424555778503,-6.1988831845383174e-09,-2.3925781533762347e-06
3609.2371477085326,1.51125,500.0,0.945,565,11300000,37,0.013795689679682255,1.7499999999999958e-05,372.53254364418166,36888.05133781305,-0.017696147530388954,62.619963199690254,49.97904562950134,61.529829025268555,111.50887560844421,3.6239624634504253e-09,2.9296875254658516e-06
4123.852397884652,437.485,500.0,0.9800000000000001,566,11320000,37,0.013529402203857899,1.699999999999996e-05,701.0049480052513,66839.15586780956,-0.01653503847861573,63.95027740869834,50.74060344696045,64.53775691986084,115.27836179733276,3.051757735406113e-09,-6.640625088039087e-06
4524.234082907821,373.80375000000004,500.0,1.0,567,11340000,37,0.013741748407483101,1.649999999999996e-05,747.012976298667,18745.662395714786,-0.01782717192638215,65.38228910416686,50.968878984451294,64.84059739112854,115.80947732925415,1.2969970875076342e-08,4.39453117451194e-07
4120.4343706800455,0.0,500.0,1.0,568,11360000,37,0.014176531694829464,1.5999999999999962e-05,556.014505305816,10752.429958972316,-0.01968683363210679,66.77323109131281,52.63886880874634,66.76534676551819,119.40421748161316,8.392333938900265e-09,1.977539113795501e-06
4287.54325862269,505.88125,500.0,1.0,569,11380000,37,0.014031733386218548,1.5499999999999963e-05,538.4725349959227,25371.094646048376,-0.01840304928341125,67.71641257117834,54.936259269714355,61.54577898979187,116.48203897476196,1.0967254659988157e-08,-1.074218744179234e-06
4201.102303173209,724.9187499999999,500.0,1.0,570,11400000,37,0.013784646987915039,1.4999999999999965e-05,535.0601605510127,20972.04403520773,-0.01809104420702675,68.96052788827572,50.13648319244385,61.120901346206665,111.25738549232483,1.3160705414350105e-08,-4.638671725842869e-06
4235.377935998969,447.60875,500.0,0.975,571,11420000,37,0.012917080894112587,1.4499999999999966e-05,752.5959740972984,25373.954226236332,-0.016290275270003346,69.7514698992697,50.203547954559326,61.00844979286194,111.21199870109558,9.727478378351861e-09,6.005859177093953e-06
4224.218814429507,609.0662500000001,500.0,1.0,572,11440000,37,0.013031579554080963,1.3999999999999968e-05,584.9287145212929,15482.674992451899,-0.018431502413517705,70.19513693960124,50.21010708808899,61.859391927719116,112.06949996948242,2.956390465769232e-09,4.5410156417347025e-06
4182.6203394124295,159.8725,500.0,0.9850000000000001,573,11460000,37,0.011916748248040676,1.3499999999999969e-05,1004.7524676173475,38411.09822799146,-0.017443210440893305,71.04759746169748,50.4769287109375,61.78545117378235,112.26238059997559,-9.536743617033494e-10,-2.8808594834117685e-06
4262.628425260392,323.97749999999996,500.0,0.9649999999999999,574,11480000,37,0.013249794021248817,1.299999999999997e-05,807.240686575558,42562.304381191105,-0.01669014909453211,71.89419417253235,50.30263376235962,61.860987186431885,112.16362166404724,1.7166137400437265e-09,7.81249980263965e-07
4205.899835904291,1.9337499999999999,500.0,0.9787500000000001,575,11500000,37,0.012786004692316055,1.2499999999999972e-05,414.6163881102762,31229.812578400742,-0.01885379080912913,72.65857488093481,50.93696594238281,62.79259157180786,113.72955870628357,-7.629394338515283e-10,-3.271484274591785e-06
4496.113196337921,565.06125,500.0,0.9962500000000001,576,11520000,37,0.013267675414681435,1.1999999999999973e-05,508.03634564269856,47748.891784072424,-0.017214801610249558,73.6907758529132,50.792346477508545,65.00765061378479,115.79999828338623,-1.1444092340440193e-09,1.4648437627329258e-06
4132.261889764728,117.80500000000002,500.0,0.975,577,11540000,37,0.01131924893707037,1.1499999999999975e-05,465.7017356362659,21651.692732411502,-0.018101861823495588,74.21979444375485,50.89840221405029,63.229466915130615,114.12787079811096,-9.059905714536853e-09,-9.326171493739821e-06
3934.5988121221853,361.09499999999997,500.0,0.96875,578,11560000,37,0.01124873012304306,1.0999999999999976e-05,551.9014910210518,27359.32084797664,-0.016180810376323195,74.34943355899247,50.56913375854492,64.90974521636963,115.47887992858887,8.296966669263384e-09,1.8310546465727384e-06
4266.641556280747,178.23,500.0,0.95625,579,11580000,37,0.01219626422971487,1.0499999999999977e-05,463.61058427187953,12764.500661789532,-0.017132245295893925,74.71640367032785,51.369370222091675,64.99197506904602,116.36134624481201,5.912780931538464e-09,-8.911132681532763e-06
4560.622458759006,138.445,500.0,1.0,580,11600000,37,0.012263966724276543,9.999999999999977e-06,544.6279888553288,14401.174294592545,-0.016629885289759023,75.38923053430179,51.55492091178894,63.75424289703369,115.30916476249695,7.629394893626795e-09,-2.0996094463043846e-06
4439.320783961415,79.94500000000001,500.0,0.9762500000000001,581,11620000,37,0.01148558035492897,9.499999999999979e-06,438.3386988579306,27318.531684123813,-0.017213970419125934,75.75732084972111,51.98018932342529,62.05886483192444,114.03905534744263,2.546310362561144e-08,1.4648437627329258e-06
4310.293132445955,506.48,500.0,0.99875,582,11640000,37,0.012015856802463531,8.99999999999998e-06,664.6039387915647,31988.777175153624,-0.015413221888569523,76.08755384859731,50.07742404937744,62.080219745635986,112.15764451026917,-3.2424927187690855e-09,4.638671725842869e-06
4225.663744115111,303.23625000000004,500.0,1.0,583,11660000,37,0.01120727602392435,8.499999999999981e-06,920.3213415868067,32085.808882635334,-0.01660591740812648,76.78025146041671,50.33063554763794,62.12191438674927,112.4525511264801,6.484985437538171e-09,7.71484337747097e-06
4448.650280273553,1118.99375,500.0,1.0,584,11680000,37,0.009105849079787731,7.999999999999983e-06,1165.420035462132,58986.872197062825,-0.012612042777936216,77.41960442538665,50.369133710861206,61.923774003982544,112.29290866851807,-9.536743617033494e-10,5.761718966823537e-06
4267.3634548183345,0.0,500.0,0.9724999999999999,585,11700000,37,0.009612271562218666,7.499999999999984e-06,901.3981020727899,24396.932253263865,-0.014554012400419737,78.05929505480209,49.63240385055542,61.079543113708496,110.71194815635681,7.343292196537732e-09,-2.83203121398401e-06
4136.112035370613,0.0,500.0,0.9537500000000001,586,11720000,37,0.009167276322841644,6.9999999999999855e-06,383.98735275907575,14432.625150492953,-0.013290660758577167,78.93726285172399,49.27699875831604,60.9706072807312,110.24760699272156,-3.452301200468355e-08,7.81249980263965e-07
4033.953457665261,16.38625,500.0,0.9737500000000001,587,11740000,37,0.00959080457687378,6.499999999999987e-06,604.3883312723713,23972.580954267512,-0.015166608354767696,79.68878363097191,50.46030044555664,59.82947516441345,110.28977680206299,2.574920721087892e-09,1.6601562720097718e-06
4284.794076559954,1083.72875,500.0,1.0,588,11760000,37,0.009570689871907234,5.999999999999988e-06,581.3588242550175,27366.36391196594,-0.01529562831686628,80.30348872323181,49.899879455566406,60.079758405685425,109.97963857650757,1.850128228397807e-08,-3.0273438369476935e-06
4415.832463762738,397.85625000000005,500.0,1.0,589,11780000,37,0.009255821816623211,5.499999999999989e-06,794.034757661733,35068.982940333895,-0.01448899766897247,80.47758944773034,49.90784502029419,59.77353096008301,109.68137693405151,-4.863739189175931e-09,-2.3925781533762347e-06
4309.8607317293045,748.45375,500.0,1.0,590,11800000,37,0.008183830417692661,4.999999999999989e-06,1254.2181054232146,37282.61091095042,-0.012085890230340658,80.77931676505092,49.465545415878296,61.42026972770691,110.88581609725952,9.918212917625624e-09,1.757812469804776e-06
4204.875076016305,30.872500000000002,500.0,0.975,591,11820000,37,0.009217783808708191,4.499999999999991e-06,457.5112292536202,32196.408375985036,-0.015851106446454467,81.15376482404335,49.31061410903931,61.38566565513611,110.69628119468689,1.5735626135437997e-09,1.416015606992005e-06
4373.242258438009,469.67749999999995,500.0,1.0,592,11840000,37,0.008065178990364075,3.999999999999991e-06,800.9133065766122,42836.1856219133,-0.011841075243518418,81.30144670172045,49.612736225128174,61.26031517982483,110.87305212020874,2.1171569386524425e-08,8.78906234902388e-07
4298.402835759036,740.8700000000001,500.0,1.0,593,11860000,37,0.008261091075837612,3.4999999999999923e-06,712.3754764639563,22702.04425007193,-0.01149361124369974,81.7205844191049,49.64704155921936,61.53508973121643,111.18213200569153,4.577636936176077e-09,-1.8554687812866177e-06
4557.09415439241,229.55499999999998,500.0,1.0,594,11880000,37,0.008009937591850758,2.9999999999999937e-06,837.3129308964241,33462.78810867351,-0.013319543031949089,81.9856435737712,49.5997269153595,61.42722821235657,111.02695608139038,-1.3923645347801994e-08,4.882812731921149e-07
4218.038719083694,222.2225,500.0,1.0,595,11900000,37,0.007023831829428673,2.4999999999999947e-06,1152.6270438964148,46130.821636690416,-0.010801434018655997,82.04819321523274,49.535582542419434,62.390830278396606,111.92641353607178,9.441375681262798e-09,1.757812469804776e-06
4096.832929109158,54.696250000000006,500.0,1.0,596,11920000,37,0.007287562359124422,1.9999999999999957e-06,757.1887536720438,36874.69818965331,-0.011567856363395104,82.19102156474156,50.692845582962036,64.30257797241211,114.99542498588562,-9.775162013170302e-09,2.050781176876626e-06
3881.4698985812,790.1474999999999,500.0,0.975,597,11940000,37,0.006382544990628958,1.4999999999999966e-06,767.579676296826,63575.711368472184,-0.010300371494204033,82.28952731070005,50.914745807647705,61.91645050048828,112.83119702339172,-1.287460360543946e-09,1.4648437627329258e-06
4239.8828162284335,863.88375,500.0,0.975,598,11960000,37,0.005856175906956196,9.999999999999978e-07,1043.7599247236674,93117.06710820964,-0.008585898625119097,82.39576598591431,50.14561748504639,62.00160360336304,112.14722204208374,4.482269222449986e-09,1.1718750556610757e-06
3973.999956087448,370.89625,500.0,1.0,599,11980000,37,0.004229653626680374,4.999999999999989e-07,673.9605158387601,73374.91388031683,-0.006997186875972965,82.53474345041283,48.40075492858887,59.62659978866577,108.02735567092896,-5.7220459481754915e-09,-3.4179688555013854e-06
3944.2724259523484,1241.8049999999998,500.0,0.9724999999999999,600,12000000,37,0.0033751854207366705,0.0,1161.5160872045446,161028.1766943899,-0.004168074694612904,82.54074079880658,48.326308727264404,59.24388241767883,107.57019209861755,1.9645691295977485e-08,-4.589843683788786e-06
