Metrics/EpRet,Metrics/EpCost,Metrics/EpLen,Metrics/EpSuccess,Train/Epoch,Train/TotalSteps,Train/KL,Loss/Loss_reward_critic,Loss/Loss_cost_critic,Loss/Loss_actor,Time/Rollout,Time/Update,Time/Total,Value/RewardAdv,Value/CostAdv,Misc/Alpha,Misc/FinalStepNorm,Misc/xHx,Misc/gradient_norm,Misc/H_inv_g,Misc/AcceptanceStep
842.8922243393812,0.0,500.0,0.0,1,20000,0.006098979,157.39465474717937,0.003531555482927876,-7.69913199860639e-08,47.166972160339355,7.025471448898315,54.192445516586304,7.429122916846609e-08,1.1801719601578498e-09,1.4010488986968994,0.2776111364364624,0.010188798420131207,0.061667174100875854,0.19814521074295044,1.0
1183.4033725700388,3277.1274999999996,500.0,0.013750000000000002,2,40000,0.0029319678,341.50780473453983,230239.189379997,-6.687784207315417e-06,48.09009528160095,6.51603102684021,54.60612726211548,-5.221366805585603e-08,-6.24999984211172e-06,0.9003149271011353,0.35890838503837585,0.024674078449606895,0.08343219012022018,0.3727080821990967,1.0
1363.6853063046863,1353.975,500.0,0.08375,3,60000,0.00258232,323.3123014437925,27990.55566022958,1.2674807976509328e-06,48.44985556602478,6.972594499588013,55.42245101928711,-3.280639759850601e-08,9.643554221838713e-07,1.0291779041290283,0.3698458969593048,0.018882034346461296,0.07803204655647278,0.29164937138557434,1.0
1144.755561386226,2896.0462500000003,500.0,0.027500000000000004,4,80000,0.0055523682,133.05759548746096,162351.41344097405,-8.943748980527744e-06,48.28189396858215,6.425487279891968,54.70738244056702,5.7315826751391796e-08,-7.812500371073838e-06,0.9283967614173889,0.31207630038261414,0.023203985765576363,0.10905586928129196,0.2614205777645111,1.0
1144.4899292860373,839.8012499999999,500.0,0.0,5,100000,0.0057289726,92.99090013078823,1045.2317887032866,-6.685257289973379e-07,48.387218713760376,6.87066388130188,55.25788402557373,8.039474153065385e-08,-5.493163826031378e-07,0.7309839129447937,0.2877219021320343,0.03742951899766922,0.14332039654254913,0.29728779196739197,1.0
832.1896222834388,0.0,500.0,0.0,6,120000,0.008071276,99.2286063771339,256.238369036632,-2.784728891924715e-08,48.42002987861633,6.399419069290161,54.81945013999939,-1.754760781125242e-08,-2.4414061883248905e-08,0.7171269655227661,0.19551222026348114,0.03888998180627823,0.16958342492580414,0.2726326286792755,1.0
1243.6308916146097,3122.70625,500.0,0.0075000000000000015,7,140000,0.0047981953,177.1220486707748,148756.2860333291,2.992439249283052e-06,50.03876090049744,6.294969320297241,56.333731174468994,3.3950804834148585e-08,2.197265530412551e-06,1.0444128513336182,0.29845309257507324,0.018335189670324326,0.08007563650608063,0.28408458828926086,1.0
1439.212729927515,3452.0737499999996,500.0,0.05125,8,160000,0.0048148516,253.48933529094526,151760.1319257311,-2.957248625534703e-06,49.28779935836792,6.351641893386841,55.639442682266235,-1.6164779736982382e-08,-3.0273438369476935e-06,1.0174946784973145,0.30378779768943787,0.019318146631121635,0.07945658266544342,0.29054349660873413,1.0
1459.9587846198742,4000.345,500.0,0.09125000000000001,9,180000,0.005669909,245.0610172429662,177779.5791326632,-5.169248652237002e-06,49.54478049278259,6.42792010307312,55.97270131111145,4.138946607668004e-08,-5.029296971770236e-06,0.8306474089622498,0.2913060486316681,0.02898654341697693,0.09556692093610764,0.33932462334632874,1.0
1277.306272930363,1256.095,500.0,0.026250000000000002,10,200000,0.0037210716,187.64583402257057,98814.94534148199,3.2679556625225814e-06,49.23050498962402,6.450350522994995,55.680856466293335,4.100799699813251e-09,3.3691405860736268e-06,0.8755250573158264,0.34372419118881226,0.026091117411851883,0.09690452367067337,0.31123191118240356,1.0
1246.8137484829713,850.5300000000001,500.0,0.02375,11,220000,0.007086039,66.398892610392,1380.1367309764692,-4.811287226402783e-07,49.2996985912323,6.312854290008545,55.61255383491516,5.2547456164120376e-08,-2.685546860448085e-07,0.6603754758834839,0.2619785666465759,0.04586147516965866,0.15895842015743256,0.33693376183509827,1.0
1154.277337376953,0.0,500.0,0.0,12,240000,0.0076204054,59.446205040755544,736.7244790970141,1.466751200496219e-07,49.32572102546692,6.331318616867065,55.65704083442688,1.7166137400437265e-09,5.493163968139925e-08,0.7011226415634155,0.23456768691539764,0.040685705840587616,0.1380666196346283,0.3345601558685303,1.0
1498.8882078722484,2479.3925000000004,500.0,0.0375,13,260000,0.006431589,257.18595148681834,158554.11183973178,3.611755346355494e-06,50.411540031433105,6.157125949859619,56.56866693496704,1.8119812317252126e-09,4.785156306752469e-06,1.1303515434265137,0.2598862946033478,0.015653181821107864,0.08531548827886581,0.22416645288467407,1.0
1628.1905756010594,3015.36,500.0,0.085,14,280000,0.0051314645,269.22574086280383,62104.487432880764,-1.304101942878333e-06,50.45234942436218,6.403757572174072,56.85610818862915,-1.4734268027893904e-08,-1.2329101082286797e-06,1.3205647468566895,0.30588796734809875,0.011468594893813133,0.06264898180961609,0.21939919888973236,1.0
1424.942492507441,4109.4375,500.0,0.09874999999999999,15,300000,0.0063661695,193.84283713079563,239423.68269569738,2.0416259758349042e-06,49.855541467666626,6.342363357543945,56.19790601730347,9.155273872352154e-09,1.9531249506599124e-07,1.141302227973938,0.25434476137161255,0.015354241244494915,0.08420714735984802,0.23493993282318115,1.0
1409.2251840881231,1369.2725,500.0,0.07875,16,320000,0.0052442886,90.67993340461877,36748.492272113384,-7.365226792899193e-07,49.08444261550903,6.314258575439453,55.398701906204224,5.62667867853861e-09,-3.41796862812771e-07,1.058466911315918,0.30491212010383606,0.01785152032971382,0.09196321666240692,0.26100489497184753,1.0
1349.4093565505548,1732.2625,500.0,0.01625,17,340000,0.004126777,86.92087846743833,38392.943418981464,-1.954555500560673e-06,49.16372776031494,6.374154806137085,55.537883281707764,3.0040741005876725e-09,-1.59912110575533e-06,1.0558143854141235,0.32982778549194336,0.017941325902938843,0.08747486770153046,0.2802436649799347,1.0
1407.054453086342,12.525,500.0,0.06999999999999999,18,360000,0.0063916915,125.40085347291011,1194.8959927698609,-3.246784103794198e-07,49.16518592834473,6.4237000942230225,55.588887214660645,-7.20024129208241e-09,-2.868652302367991e-07,1.3867955207824707,0.2646768093109131,0.010399313643574715,0.06998274475336075,0.19085495173931122,1.0
1436.8404791964663,2161.7025000000003,500.0,0.05625,19,380000,0.0045680953,217.5227221106268,141493.4292365396,-5.670928658219054e-06,50.05465030670166,6.366045236587524,56.42069673538208,6.055831835993786e-09,-6.347656380967237e-06,1.0975422859191895,0.30739355087280273,0.016603022813796997,0.08658702671527863,0.25797224044799805,1.0
1373.1306997139309,3890.6287500000008,500.0,0.06499999999999999,20,400000,0.004373208,150.01201294091098,86826.86017712635,2.2459030333266128e-06,49.18237805366516,6.361392498016357,55.543771266937256,6.675720420901143e-09,1.7822266045186552e-06,1.2797598838806152,0.3385631740093231,0.012211602181196213,0.07054036110639572,0.21938717365264893,1.0
1490.5200232419484,1576.55875,500.0,0.07375000000000001,21,420000,0.0048603485,342.93214613313125,75637.25563859878,-4.033279310533544e-06,49.8614661693573,6.376992225646973,56.23845934867859,3.433227480087453e-09,-4.07714833272621e-06,1.2488203048706055,0.2933206856250763,0.012824183329939842,0.07051415741443634,0.22057490050792694,1.0
1568.6628728920145,1019.6850000000001,500.0,0.09625,22,440000,0.0040468415,121.09234749253389,42924.69669925179,-2.0756721141879098e-07,49.51733160018921,6.652933120727539,56.170265436172485,4.911422823994371e-09,-3.967285238104523e-07,1.3906925916671753,0.28714698553085327,0.01034111250191927,0.06654136627912521,0.19835010170936584,2.0
1369.6119939667144,668.7,500.0,0.0475,23,460000,0.006600149,86.30146295340957,496.4824503224367,1.0166168067371473e-06,50.87371253967285,6.2854180335998535,57.15913200378418,1.3017654509894783e-08,8.605957191321068e-07,1.0414750576019287,0.26176711916923523,0.01843877322971821,0.10429328680038452,0.2243717759847641,1.0
1071.3843919048218,0.0,500.0,0.0,24,480000,0.0072958036,63.91284431044463,479.2431287243108,-2.752304055775312e-07,49.25631666183472,6.42626690864563,55.6825852394104,4.76837147544984e-09,-2.4414063659605745e-07,0.869225800037384,0.22692109644412994,0.02647065371274948,0.13458456099033356,0.2610611617565155,1.0
1375.3311957999092,0.0,500.0,0.052500000000000005,25,500000,0.0064597987,122.35446946089435,426.789983878166,-3.820419181010948e-07,49.97628569602966,6.33646821975708,56.31275463104248,-1.0490417423625331e-09,-2.868652302367991e-07,1.1426799297332764,0.2604449391365051,0.015317237004637718,0.0923616886138916,0.22792470455169678,1.0
1545.8129417981922,1068.6299999999999,500.0,0.11750000000000001,26,520000,0.004229986,213.57970123291017,106292.02252807617,-2.580451791800442e-06,50.048659324645996,6.620835065841675,56.66949510574341,-8.964538444899972e-09,-3.4179688555013854e-06,0.8676879405975342,0.3271057605743408,0.026564568281173706,0.09936510771512985,0.33939990401268005,1.0
1807.8777026196992,2543.4700000000003,500.0,0.15625,27,540000,0.0060761445,211.59291947723193,45397.034096687465,-1.9740105017262977e-06,49.697925090789795,6.241184234619141,55.93911147117615,-7.2479249269008506e-09,-1.8798828023136593e-06,1.1701956987380981,0.25739145278930664,0.01460537314414978,0.08034177124500275,0.22674331068992615,1.0
1938.6210581206426,709.3,500.0,0.195,28,560000,0.0045842757,217.93508913562556,16752.475293299194,-2.005004944294342e-06,49.55027651786804,6.315848350524902,55.86612629890442,2.38418573772492e-09,-1.5747070847282885e-06,1.4784356355667114,0.22101420164108276,0.009150076657533646,0.06471594423055649,0.18281619250774384,2.0
1583.0606401966218,974.1,500.0,0.0975,29,580000,0.0048840684,165.32682954824654,29534.92227237969,4.243087460054085e-06,49.54472804069519,6.2796289920806885,55.824357986450195,-6.866454960174906e-09,4.858398369833594e-06,1.3731567859649658,0.3103008568286896,0.010606920346617699,0.07036568224430084,0.19034862518310547,1.0
1656.8793760986948,2333.175,500.0,0.12125000000000001,30,600000,0.005697632,154.55709082002093,82892.96450164211,2.639246076796553e-06,48.73131346702576,6.256222486495972,54.987536668777466,-2.9087066089061864e-09,2.8564452350110514e-06,1.1054505109786987,0.289272278547287,0.016366325318813324,0.09247347712516785,0.22289040684700012,1.0
1508.0675403651908,0.0,500.0,0.075,31,620000,0.006567258,65.4217865306101,1072.2038873563147,-5.969524181637098e-07,49.693520069122314,6.459000110626221,56.15252137184143,-1.115798919926192e-08,-4.7607420583517523e-07,1.211332082748413,0.252495139837265,0.013630230911076069,0.09484008699655533,0.20844422280788422,1.0
1618.2811857284755,0.0,500.0,0.06625,32,640000,0.007494925,213.12329583988068,722.3542086267167,8.69083407906146e-07,49.839863300323486,6.292297840118408,56.13216209411621,8.535384843355587e-09,9.185790759147494e-07,1.7046080827713013,0.24470673501491547,0.006883039139211178,0.06666659563779831,0.14355599880218506,1.0
1626.9220083720124,1208.675,500.0,0.085,33,660000,0.005582726,135.21949716920307,43406.80975995884,3.3503531540191034e-06,49.62758135795593,6.354807138442993,55.98238945007324,-5.531310964812519e-09,2.3071288524079137e-06,1.7101190090179443,0.24339565634727478,0.006838749162852764,0.06533562391996384,0.15418946743011475,1.0
1421.0154786621274,109.875,500.0,0.04125,34,680000,0.0056216433,118.39125821544866,36310.23338444218,-2.543163418522454e-06,49.27890610694885,6.4859747886657715,55.76488184928894,3.433227480087453e-09,-2.4902344648580765e-06,1.3578072786331177,0.27131637930870056,0.010848090052604675,0.07261083275079727,0.1925862431526184,1.0
1562.9196725682216,1003.15,500.0,0.0425,35,700000,0.0064098,57.05458474128869,773.0436062855325,8.375644711122732e-08,49.53201961517334,6.378121852874756,55.91014218330383,4.577636936176077e-09,0.0,1.1471303701400757,0.2740202248096466,0.015198620036244392,0.10390739887952805,0.2088848501443863,1.0
1395.0876145804373,0.0,500.0,0.045000000000000005,36,720000,0.004991729,80.44077511927125,631.2959474016907,-7.251739475577779e-07,49.56639623641968,6.290111303329468,55.85650849342346,-1.115798919926192e-08,-6.942748882465821e-07,1.330012321472168,0.3105121850967407,0.01130624208599329,0.05941694974899292,0.23346561193466187,1.0
1713.7550421969404,0.0,500.0,0.17250000000000001,37,740000,0.0073406342,154.41441467187965,496.9717958389574,1.0568141988187563e-06,49.253002882003784,6.346996784210205,55.600001096725464,6.294250454175199e-09,1.0986327652062755e-06,1.6557472944259644,0.20774605870246887,0.0072952681221067905,0.07760743796825409,0.12546966969966888,1.0
1731.9225018858983,0.0,500.0,0.1875,38,760000,0.0059984857,111.69266523737816,568.0725387767621,-7.669448791602917e-07,49.95105028152466,6.354274749755859,56.305325984954834,1.6212463593845428e-09,-9.12475570657989e-07,1.8059852123260498,0.2823990285396576,0.006131982430815697,0.04933798313140869,0.1563684195280075,1.0
1587.2737534147243,0.0,500.0,0.06999999999999999,39,780000,0.0066697067,72.6298357167821,318.07871075283947,1.3469696114043472e-06,49.726481437683105,6.373795986175537,56.10027861595154,-1.9073485846288207e-10,1.3092040944684413e-06,1.2956945896148682,0.26386070251464844,0.011913086287677288,0.07801663130521774,0.20364417135715485,1.0
1661.5231187616678,2.2,500.0,0.12249999999999998,40,800000,0.0069054198,103.61813288403165,708.8205196599292,8.611202702013543e-07,49.73389387130737,6.42511773109436,56.15901279449463,-4.911422823994371e-09,8.666992243888672e-07,1.5901094675064087,0.26517361402511597,0.007909980602562428,0.06659326702356339,0.16676437854766846,1.0
2082.59531692112,8.7625,500.0,0.22374999999999998,41,820000,0.0065701623,179.86228643283724,1234.6620362300023,-7.276535285427599e-08,49.87841033935547,6.676618337631226,56.55502986907959,1.6117095213985522e-08,-1.739501982456204e-07,1.6248362064361572,0.2674202620983124,0.0075754811987280846,0.06356712430715561,0.16458290815353394,1.0
1440.5651679817431,3297.0799999999995,500.0,0.0037500000000000007,42,840000,0.0061210985,170.31786421028673,47996.78313695823,-1.8562317336545675e-06,49.18841195106506,6.418490648269653,55.606903314590454,-1.5258788677030566e-09,-2.221679778813268e-06,0.7806423306465149,0.26014378666877747,0.03281902149319649,0.1377442628145218,0.35359781980514526,1.0
1777.8077835648357,4881.905000000001,500.0,0.12125,43,860000,0.007440187,293.1633077609311,132614.9750891813,-1.2568426427606028e-05,50.12467908859253,6.502570629119873,56.62725114822388,-2.6798248953241455e-08,-1.1865234228025656e-05,1.4540934562683105,0.22684702277183533,0.009458992630243301,0.060009922832250595,0.2017042189836502,1.0
2037.7708719110938,805.265,500.0,0.13874999999999998,44,880000,0.006553836,139.71328938721092,1339.7541953505984,5.244255021352728e-07,49.7910532951355,6.485820293426514,56.276875257492065,-2.326965287124949e-08,5.126952942191565e-07,1.5279593467712402,0.277004599571228,0.008566548116505146,0.0654616728425026,0.16802720725536346,1.0
1915.1946801146091,61.675,500.0,0.10500000000000001,45,900000,0.0053196335,119.59700828479353,1868.2994421989295,1.0613441645546118e-06,49.66647267341614,6.364363431930542,56.03083682060242,7.581711258808355e-09,1.0467529136803932e-06,1.5567195415496826,0.30063575506210327,0.008252939209342003,0.06708672642707825,0.15914416313171387,1.0
2054.5646469582016,67.3875,500.0,0.1925,46,920000,0.0049376003,159.62449661667938,1378.0472409582442,-4.4221877715244773e-07,48.78385639190674,6.335362672805786,55.11922025680542,-5.62667867853861e-09,-4.39453117451194e-07,1.6935032606124878,0.2975752055644989,0.006973604671657085,0.051616135984659195,0.16354480385780334,1.0
1640.96253678755,0.0,500.0,0.0675,47,940000,0.007043763,85.58783528151785,790.9758172782364,-1.523017800764137e-07,49.79123497009277,6.517286062240601,56.30852222442627,-2.5272368642248466e-09,0.0,1.191396951675415,0.2549434304237366,0.01409018412232399,0.08696476370096207,0.21398696303367615,1.0
2691.8724551716737,0.0,500.0,0.41,48,960000,0.006199589,233.3298421483131,683.3756447858871,5.188941827327653e-07,49.08146953582764,6.402081727981567,55.48355317115784,-6.294250454175199e-09,1.647949261496251e-07,1.7028343677520752,0.27234628796577454,0.006897387094795704,0.05550064146518707,0.15993700921535492,1.0
2622.6200959091925,520.65,500.0,0.34875,49,980000,0.0035073848,178.4688216336973,8938.175735454195,-1.350164438918e-06,48.23089003562927,6.3207738399505615,54.55166554450989,1.0061263822080946e-08,-1.4282226175055257e-06,1.3364825248718262,0.33112868666648865,0.011197034269571304,0.08939709514379501,0.21442848443984985,1.0
2714.140027033276,1060.875,500.0,0.36375,50,1000000,0.004704126,399.5804061014941,32022.40184030715,1.4665603202956845e-06,47.97036027908325,6.278808116912842,54.24916958808899,3.3378602104505717e-09,-4.1503906800244295e-07,1.2779873609542847,0.3090803325176239,0.012245498597621918,0.0608036145567894,0.2632473409175873,1.0
2557.0294144056948,601.5,500.0,0.375,51,1020000,0.005701543,379.98366341074563,3184.10100933488,3.4341812238380953e-07,48.07960391044617,6.6016151905059814,54.6812219619751,-1.4877318932349226e-08,2.9296876391526894e-07,1.3464597463607788,0.2959674298763275,0.011031709611415863,0.08020371198654175,0.18384601175785065,1.0
2975.0482871076424,0.0,500.0,0.5262499999999999,52,1040000,0.0075002396,400.4900812185494,1771.2657481005238,9.412765678007418e-08,49.20618391036987,6.561252117156982,55.76743721961975,-2.3460387410523253e-08,1.9531249506599124e-07,1.4056278467178345,0.25830167531967163,0.010122524574398994,0.07657480984926224,0.18376252055168152,1.0
2998.713601242177,659.525,500.0,0.5387500000000001,53,1060000,0.0042572096,531.5377846250109,19011.774192508772,1.595115691088722e-06,49.55329370498657,6.674602270126343,56.22789716720581,-7.724762163263676e-09,6.347656267280399e-07,1.117038607597351,0.26715320348739624,0.016028517857193947,0.07914582639932632,0.24645519256591797,1.0
3423.320974607629,1027.215,500.0,0.69375,54,1080000,0.004817169,533.9468525831867,22402.346324828322,3.020572648892994e-06,49.502549171447754,6.627220869064331,56.12977123260498,-4.568099853941021e-08,3.442382876528427e-06,1.04819655418396,0.3335929811000824,0.01820305548608303,0.0672578290104866,0.3313356041908264,1.0
2942.602527042999,63.335,500.0,0.48125,55,1100000,0.005868522,373.3712939171275,5967.011027808706,-1.4957905705159646e-06,49.36571383476257,6.609401702880859,55.97511672973633,-1.3828277189986693e-08,-1.2695312534560799e-06,1.5403589010238647,0.2804473638534546,0.00842918548732996,0.07085820287466049,0.16137149930000305,1.0
3034.190268425816,318.73125,500.0,0.5037499999999999,56,1120000,0.00093728944,436.7565184429193,8865.969112556604,-3.0117035976218176e-07,48.495941162109375,6.49535059928894,54.99129271507263,7.20024129208241e-09,-5.615234499600774e-07,0.9883925318717957,0.3390156328678131,0.02047250047326088,0.10097707808017731,0.3066096007823944,1.0
2977.5112824863777,475.69875,500.0,0.5575,57,1140000,0.0024619335,357.93861611724657,13619.3304622966,-6.831168661847187e-07,48.10159134864807,6.554670572280884,54.65626287460327,0.0,-6.347656267280399e-07,1.3472480773925781,0.34714391827583313,0.011018803343176842,0.0669388622045517,0.22074821591377258,1.0
2989.4920655358765,19.445,500.0,0.5349999999999999,58,1160000,0.0071353745,365.25217358048553,3967.6383928626965,-3.296852071343892e-07,49.1539306640625,6.583629608154297,55.73756170272827,1.201629640235069e-08,-4.272461069376732e-07,1.2302227020263672,0.23217903077602386,0.013214848935604095,0.09483883529901505,0.18872925639152527,1.0
3013.7784452044425,0.0,500.0,0.4175000000000001,59,1180000,0.0078117815,275.9644150582089,2994.311660960981,9.342193720840442e-07,48.69980430603027,6.464792251586914,55.164597511291504,6.103515470812226e-09,1.110839889406634e-06,1.2444076538085938,0.2461901158094406,0.012915292754769325,0.0835384875535965,0.19783717393875122,1.0
3825.396236380338,0.0,500.0,0.635,60,1200000,0.0070692305,276.3841178529581,1870.2979257765849,-3.895759732586157e-07,48.2072389125824,6.449272155761719,54.65651202201843,2.4223327343975143e-08,-2.4414063659605745e-07,1.56545090675354,0.25017377734184265,0.008161135017871857,0.06837764382362366,0.159809410572052,1.0
3959.811367090026,0.0,500.0,0.6425,61,1220000,0.006427789,381.72799276364077,2283.0902357550945,-1.6727446450204297e-07,49.10353350639343,6.5204596519470215,55.62399411201477,-2.8324127043788394e-08,-1.2207030941624453e-08,1.3329782485961914,0.2834114730358124,0.011255983263254166,0.06980083882808685,0.2126152217388153,1.0
4025.2067924860335,0.0,500.0,0.75125,62,1240000,0.007907286,345.9798778558233,1656.8449169571993,-3.804206869517657e-07,48.49256777763367,6.384854316711426,54.87742304801941,-1.7356873271978657e-08,-8.483886517751671e-07,1.5960420370101929,0.24604444205760956,0.007851285859942436,0.08025329560041428,0.15415915846824646,1.0
3993.466890814735,0.0,500.0,0.7474999999999999,63,1260000,0.0072386963,280.9995009501269,1029.0244715307929,-2.455711410220829e-06,48.441287994384766,6.309293031692505,54.750582218170166,2.1076202116887544e-08,-2.362060513405595e-06,1.4512600898742676,0.24445073306560516,0.009495962411165237,0.0875939279794693,0.1684403121471405,1.0
4323.1052799364825,0.0,500.0,0.8600000000000001,64,1280000,0.007038537,502.4807469167527,1053.15138888025,-2.870559789869276e-08,48.88480591773987,6.188779354095459,55.07358646392822,-1.6307831529616124e-08,-1.098632793627985e-07,1.6820865869522095,0.2560372054576874,0.007068588864058256,0.06385811418294907,0.15221402049064636,1.0
4465.840922184032,0.0,500.0,0.9512499999999999,65,1300000,0.006627349,320.9480975205731,754.2151482162961,-7.42912334317225e-07,47.81191444396973,6.168250560760498,53.98016571998596,-8.964538444899972e-09,-6.317138740996597e-07,1.3078677654266357,0.26399022340774536,0.011692353524267673,0.07989512383937836,0.20184780657291412,1.0
4413.301174787831,0.0,500.0,0.9487500000000001,66,1320000,0.0073451186,514.3415315105657,791.675087606831,7.608413739035313e-07,47.743741512298584,6.160103797912598,53.90384602546692,-3.757476818577743e-08,7.568359592369234e-07,1.7219754457473755,0.2472173422574997,0.006744899787008762,0.09181291610002518,0.14356611669063568,1.0
4216.1185800152525,1169.025,500.0,0.8262499999999999,67,1340000,0.0049043153,430.87814741681336,14260.45297534724,-4.2915345943583816e-07,47.87851166725159,6.137260913848877,54.01577377319336,2.861023085110048e-10,9.155273232863692e-07,0.9593044519424438,0.27266785502433777,0.021732861176133156,0.12262257188558578,0.2657231092453003,1.0
3909.3352439212526,1017.54375,500.0,0.71,68,1360000,0.005066663,448.593856218666,52102.5029395231,-2.1614073375531007e-06,48.504398822784424,6.374628305435181,54.879029512405396,-1.1014938294806598e-08,-2.0996094463043846e-06,1.1197617053985596,0.264620304107666,0.015950653702020645,0.08773393929004669,0.23698142170906067,1.0
3584.604404587312,339.18125,500.0,0.62625,69,1380000,0.0064870375,268.8425904729564,1834.033163646528,5.922556169934978e-07,49.530025482177734,6.392010927200317,55.922038555145264,-4.410743770222325e-09,4.6386719532165444e-07,1.1628186702728271,0.235785573720932,0.0147912772372365,0.11524748057126999,0.1846410185098648,1.0
4094.377012359,0.0,500.0,0.79625,70,1400000,0.0075608063,325.7181818822387,1049.0529818200762,-3.555774810592993e-06,48.278942823410034,6.696000814437866,54.97494673728943,2.479553229406406e-09,-3.4484862680983497e-06,1.5291647911071777,0.23144614696502686,0.008553046733140945,0.09159822762012482,0.1513546258211136,1.0
4458.780842364273,0.0,500.0,0.8850000000000001,71,1420000,0.006561309,198.85995327894855,714.6640792555111,-2.113437858497491e-06,49.10423040390015,6.531035661697388,55.63526701927185,2.5939941750152684e-08,-2.1942139483144274e-06,1.6112263202667236,0.2671021819114685,0.007704000920057297,0.0751969963312149,0.16577573120594025,1.0
4348.4369060220815,0.0,500.0,0.8724999999999999,72,1440000,0.007484491,265.1921067158887,746.3655962026803,2.488422296664794e-06,48.99815845489502,6.577930450439453,55.576090574264526,-2.1362303925798187e-08,2.4780274543445557e-06,1.5548933744430542,0.23783890902996063,0.008272337727248669,0.07909037917852402,0.15296153724193573,1.0
4477.718467333446,0.0,500.0,0.9199999999999999,73,1460000,0.006767321,300.1207617547102,1018.6037856278147,-9.851456184151175e-08,48.6265344619751,6.435720443725586,55.062255859375,3.185272134942352e-08,-7.934570334100499e-08,1.802796483039856,0.2567136883735657,0.006153694353997707,0.08921516686677933,0.14239747822284698,1.0
4510.228269169465,0.0,500.0,0.9574999999999999,74,1480000,0.0071115554,176.66566310080754,575.8780717691798,-7.3304175884914e-07,49.23616099357605,6.458208799362183,55.69437074661255,-1.3017654509894783e-08,-8.911133022593276e-07,1.236125111579895,0.24744130671024323,0.013088949024677277,0.11998969316482544,0.2001749575138092,1.0
4503.101372191134,0.0,500.0,0.95625,75,1500000,0.007154466,148.57699424597868,548.2073423543553,-2.1944046579847054e-07,50.3419394493103,6.465818166732788,56.80776047706604,3.113746771532533e-08,-3.6010743542647106e-07,1.5430973768234253,0.24815237522125244,0.008399294689297676,0.08612227439880371,0.16081444919109344,1.0
4557.898398589647,1304.9,500.0,0.9375,76,1520000,0.004509292,282.9703401091752,30135.758956209414,-2.5988103971030796e-06,49.06274628639221,6.6304826736450195,55.69323134422302,-1.0538101058443772e-08,-2.770996161416406e-06,1.083385944366455,0.19153977930545807,0.01703975349664688,0.12937986850738525,0.20509213209152222,1.0
4301.133945417739,0.0,500.0,0.7837500000000001,77,1540000,0.007517702,201.12682901856246,1284.458620185609,9.063720654012286e-07,49.02252531051636,6.504207134246826,55.5267333984375,-3.3378602104505717e-09,8.422851465184067e-07,1.398740530014038,0.24747437238693237,0.010222455486655235,0.08128340542316437,0.17692655324935913,1.0
4366.287689345973,0.0,500.0,0.8574999999999999,78,1560000,0.0074447966,174.33118043887387,860.3050697569635,9.864806997939013e-07,48.85218167304993,6.384129285812378,55.2363121509552,1.3923645347801994e-08,9.94873062154511e-07,1.4297189712524414,0.24155503511428833,0.009784264490008354,0.09133563935756683,0.16895277798175812,1.0
4607.828807764962,0.0,500.0,0.9574999999999999,79,1580000,0.006689013,133.3472341258055,829.0841203240072,7.616043262714811e-07,49.509297370910645,6.4015984535217285,55.91089701652527,-4.796981656340904e-08,5.493163826031378e-07,1.4542633295059204,0.24058565497398376,0.009456783533096313,0.11955605447292328,0.16543474793434143,1.0
4483.804249315426,0.0,500.0,0.9099999999999999,80,1600000,0.0069560776,305.4763551384021,1327.9492853638474,2.1867751343052078e-07,48.9725296497345,6.3944642543792725,55.366995096206665,1.8119812317252126e-09,1.739501982456204e-07,1.4107922315597534,0.25170499086380005,0.010048551484942436,0.09128692001104355,0.17841392755508423,1.0
4349.8979311602825,0.0,500.0,0.9,81,1620000,0.0075542587,210.46430396304768,536.0335144237348,1.8006325035457849e-06,48.82509517669678,6.3521082401275635,55.17720413208008,-1.2397766369076635e-08,1.7517089645480155e-06,1.074903130531311,0.21407829225063324,0.0173097625374794,0.1390818953514099,0.19916051626205444,1.0
4621.191912933688,354.53125,500.0,0.9787500000000001,82,1640000,0.0059137414,279.95958993024885,42892.29816070362,-3.544044602676877e-06,48.87233638763428,6.335690021514893,55.2080283164978,-1.8119811429073707e-08,-1.6113281162688509e-06,0.7850543260574341,0.2126436084508896,0.03245117887854576,0.16676011681556702,0.2648674249649048,1.0
4698.011338818954,2009.1487499999998,500.0,1.0,83,1660000,0.0056671305,322.32383146832706,60000.596418596986,-4.6005249032532447e-07,48.61998391151428,6.312775611877441,54.93276023864746,2.2792816523065085e-08,3.906249901319825e-07,0.783333957195282,0.22540143132209778,0.03259386867284775,0.13473628461360931,0.3141901195049286,1.0
4694.741191731764,1741.3949999999998,500.0,1.0,84,1680000,0.0068449317,73.6010199139832,1159.1646419841013,1.3689995626009477e-07,48.073710203170776,6.308998346328735,54.38270974159241,9.207725781834597e-08,1.8310547034161573e-07,1.291711449623108,0.2522088289260864,0.011986671015620232,0.11956313997507095,0.18739210069179535,1.0
4696.566524165183,0.0,500.0,1.0,85,1700000,0.007252673,74.47475844583694,775.4898664438041,2.5725364594109124e-07,48.07149863243103,6.299149990081787,54.37064981460571,-8.869171175263091e-09,1.1596679883041361e-07,1.355823278427124,0.2464880794286728,0.010879862122237682,0.09635715931653976,0.18179956078529358,1.0
4172.70619172407,0.0,500.0,0.8324999999999999,86,1720000,0.0073449295,209.17763320048144,905.8460708715354,6.151199016812825e-08,48.35013794898987,6.432929277420044,54.78306818008423,2.479553229406406e-09,1.8310547034161573e-07,1.3094911575317383,0.23300282657146454,0.011663381941616535,0.09027121961116791,0.17793384194374084,1.0
4636.631163477301,4965.8099999999995,500.0,0.9925,87,1740000,0.0056015677,488.86491264051693,133891.18602127756,-6.804466323728775e-08,48.54770874977112,6.457054376602173,55.00476408004761,1.2683868177987279e-08,-2.4414063659605745e-07,1.0289382934570312,0.264857679605484,0.018890835344791412,0.0943543091416359,0.3138268291950226,1.0
4685.768109148091,1757.4650000000001,500.0,1.0,88,1760000,0.006947232,185.15392859392105,45296.67944893806,-1.7436505004297942e-06,48.19452881813049,6.323623895645142,54.51815390586853,9.727478378351861e-09,-2.429199184916797e-06,1.1497576236724854,0.26571086049079895,0.015129238367080688,0.09689855575561523,0.21363304555416107,1.0
4692.755097982653,3767.31875,500.0,1.0,89,1780000,0.00555027,489.8753235276338,147851.40547030504,-1.4607381672249176e-05,48.66575574874878,6.4794323444366455,55.14518928527832,-1.835823049134433e-08,-1.4575195564248133e-05,1.021836280822754,0.2952471673488617,0.01915433444082737,0.11292389780282974,0.26297926902770996,1.0
4638.3703411557935,3560.1325000000006,500.0,0.9850000000000001,90,1800000,0.0057545053,198.8297316946042,40624.85567776625,3.0241012609621976e-06,49.444454193115234,6.3955979347229,55.84005427360535,-9.536743617033494e-10,1.8554687812866177e-06,0.8352041244506836,0.2556149661540985,0.02867111749947071,0.19100360572338104,0.26943445205688477,1.0
4555.869176631977,3527.52875,500.0,0.9649999999999999,91,1820000,0.006304803,247.4062401935553,105654.49062328946,-6.146049599919934e-06,49.41112732887268,6.414301872253418,55.825429916381836,-7.057189943537878e-09,-6.640625088039087e-06,0.9781041145324707,0.22757023572921753,0.020905455574393272,0.15909139811992645,0.25460025668144226,1.0
4667.352441942052,4610.955,500.0,1.0,92,1840000,0.006920111,201.41480745935135,77060.97652113605,1.362347688882437e-06,49.14170169830322,6.4731972217559814,55.61490082740784,1.6522408330388316e-08,1.1596679314607172e-06,0.9651027321815491,0.24096691608428955,0.021472502499818802,0.1108592227101326,0.2525990903377533,1.0
4597.240138547774,2501.3537499999998,500.0,0.98125,93,1860000,0.005901111,167.97395712251117,51320.936744291466,1.8111228428097093e-06,49.06725764274597,6.428966522216797,55.496225118637085,-3.051757735406113e-09,2.441406195430318e-06,0.7403850555419922,0.2963532507419586,0.03648501634597778,0.13618125021457672,0.4317643642425537,1.0
4550.277703215602,568.36375,500.0,0.9725000000000001,94,1880000,0.0053294473,162.10784356184067,47854.80096489973,-1.3719081835006364e-06,48.59584951400757,6.409055233001709,55.00490593910217,1.5735626135437997e-09,-8.78906234902388e-07,1.2963154315948486,0.3030107021331787,0.011901677586138248,0.08673586696386337,0.21710214018821716,1.0
4547.626955956879,975.0474999999999,500.0,0.9712499999999998,95,1900000,0.0067165312,150.8913415410716,1602.0207842201185,1.926422044107312e-08,49.22248125076294,6.381921291351318,55.604403495788574,-6.484985437538171e-09,3.1738281336401997e-07,1.3990944623947144,0.25336024165153503,0.01021728478372097,0.12008178234100342,0.16311593353748322,1.0
4522.895254954225,1719.1149999999998,500.0,0.96,96,1920000,0.005162815,202.49144735154073,47216.01071349709,2.999305763751181e-07,48.77226209640503,6.362909555435181,55.13517236709595,-4.768371808516747e-10,-2.4414063659605745e-07,0.8401567339897156,0.30799680948257446,0.028334088623523712,0.14976343512535095,0.32794660329818726,1.0
4572.98493112516,3554.4612499999994,500.0,0.9649999999999999,97,1940000,0.0061772065,279.90927546798804,81184.900173542,-9.691380910226144e-06,48.846381425857544,6.398792743682861,55.2451753616333,-2.6655197160607713e-08,-9.643555131333414e-06,0.7576188445091248,0.263662189245224,0.03484402596950531,0.15364110469818115,0.33614876866340637,1.0
4515.160585756004,1531.1637500000002,500.0,0.93125,98,1960000,0.0070602624,179.8741711391765,64221.22857907046,-3.51123799191555e-06,49.21431875228882,6.528636455535889,55.74295735359192,-9.63211022053656e-09,-4.443359557626536e-06,1.0828622579574585,0.2349676936864853,0.017056241631507874,0.08831170946359634,0.2734025716781616,1.0
4593.026797405786,2763.61,500.0,0.96125,99,1980000,0.0058763595,168.25670284587108,35195.76790565442,9.91249066828459e-07,48.57878088951111,6.410444974899292,54.98922681808472,-4.959106458812812e-09,7.202148708529421e-07,1.4448837041854858,0.2197539210319519,0.009579961188137531,0.07096734642982483,0.17875657975673676,1.0
4499.849222268007,0.0,500.0,0.9475000000000001,100,2000000,0.00728225,143.18199564939852,1972.2690695987385,-1.7240524812223157e-06,49.05563998222351,6.301326751708984,55.35696744918823,-3.8146971692576415e-10,-1.6601562720097718e-06,1.1296907663345337,0.2270725816488266,0.01567150093615055,0.1100413128733635,0.20100419223308563,1.0
1058.5746183811862,9756.4825,500.0,0.19750000000000004,101,2020000,0.00704347,1448.5722342521522,362048.86023089173,8.183765203284565e-06,50.316230058670044,6.42345404624939,56.73968505859375,1.3351440841802287e-08,8.593749953433871e-06,0.7565000653266907,0.2575702667236328,0.03494716063141823,0.5435301661491394,0.31366705894470215,1.0
213.03267218710548,11909.755000000001,500.0,0.05,102,2040000,0.0053221956,1410.2596738098534,342847.14689490444,-1.074123338185018e-05,49.01113820075989,6.517709493637085,55.52884888648987,-1.0261535976496816e-07,-1.000976590148639e-05,0.8043404221534729,0.28955310583114624,0.030913636088371277,0.25706806778907776,0.3215177357196808,1.0
244.15193464753617,4793.140000000001,500.0,0.00625,103,2060000,0.0064647715,1103.0461333548187,109751.77625553592,-2.4351120373466983e-06,48.84414482116699,6.484325885772705,55.32847309112549,1.9092560421540838e-07,-2.197265530412551e-06,0.8630118370056152,0.2897419035434723,0.02685321681201458,0.24552185833454132,0.3186720013618469,1.0
234.58813922766973,8650.43375,500.0,0.01875,104,2080000,0.006682319,1130.267739528,210039.49748955015,-5.490112471306929e-06,48.91030478477478,6.485339164733887,55.395644664764404,-7.610321262063735e-08,-5.468749805004336e-06,0.7749273180961609,0.2538394033908844,0.033304885029792786,0.19082441926002502,0.33117684721946716,1.0
223.3634694265454,5045.402499999999,500.0,0.0,105,2100000,0.0062185847,1050.9562275297324,105170.74476730444,3.5476684701052363e-08,48.71455526351929,6.538888931274414,55.25344634056091,-3.414153937342235e-08,-9.765625463842298e-07,0.818129301071167,0.2759830057621002,0.029880370944738388,0.16250869631767273,0.33868154883384705,1.0
228.5304218130713,1926.29375,500.0,0.005,106,2120000,0.004379636,840.4013773632657,128176.00391806827,1.7694472944640438e-06,48.92611908912659,6.417706251144409,55.34382677078247,-1.4495849853801701e-08,2.9296875254658516e-06,1.0724093914031982,0.3001466691493988,0.017390357330441475,0.2094944268465042,0.2354123890399933,1.0
235.61274764965054,1397.6425,500.0,0.06999999999999999,107,2140000,0.0044446695,701.5831700221748,41220.95497067202,8.457183753307618e-07,48.892433404922485,6.488258123397827,55.38069248199463,-1.0681151962899094e-08,5.37109372089617e-07,1.0997761487960815,0.2996456027030945,0.016535647213459015,0.13555307686328888,0.2717908024787903,1.0
220.02336256290727,58.725,500.0,0.025,108,2160000,0.002566998,441.1098209842755,23567.45113066655,7.234573331516003e-07,48.83630132675171,6.496816873550415,55.33311986923218,-1.2588500908350397e-08,2.685546860448085e-07,0.8646777868270874,0.3940018117427826,0.02674984186887741,0.1506461650133133,0.41102343797683716,1.0
213.75627546889186,28.725,500.0,0.0,109,2180000,0.0061608832,314.1998906882705,12793.002974472533,-2.304840108990902e-06,47.956193923950195,6.335656404495239,54.29185104370117,-3.929138259195497e-08,-2.294921841894393e-06,1.4751830101013184,0.2545994520187378,0.009190469980239868,0.17726759612560272,0.1562410295009613,1.0
204.21989955694826,0.0,500.0,0.036250000000000004,110,2200000,0.0066425577,259.8625866981069,9055.473324837654,2.70271300450986e-07,47.67032599449158,6.372347116470337,54.04267406463623,4.940033093703278e-08,4.882812731921149e-07,1.5690391063690186,0.2593468129634857,0.0081238504499197,0.104575015604496,0.1652902066707611,1.0
214.22364250672643,422.93625000000003,500.0,0.017499999999999998,111,2220000,0.0040266095,466.45318235166513,28322.317885089073,1.4133452452824713e-07,48.02208352088928,6.400030851364136,54.42211651802063,2.880096516832964e-08,-1.025390588438313e-06,1.0971498489379883,0.2566194236278534,0.01661490648984909,0.12156067788600922,0.25505414605140686,1.0
209.82258497861204,70.78875000000001,500.0,0.061250000000000006,112,2240000,0.0066075562,388.1928156032684,3829.9334233958252,1.5411376352858497e-06,48.3574104309082,6.131809949874878,54.4892213344574,-5.931854119012314e-08,9.399414011568297e-07,1.6427949666976929,0.25167718529701233,0.007410758640617132,0.1475234180688858,0.14548204839229584,1.0
230.83197883005968,0.0,500.0,0.13499999999999998,113,2260000,0.0067403563,157.11980128683103,1986.9581448889082,-6.508827254947391e-07,48.764023303985596,6.456645488739014,55.22067046165466,-2.4414061883248905e-08,-1.2451172324290383e-06,1.1982768774032593,0.23248405754566193,0.01392885111272335,0.23537778854370117,0.1940152794122696,1.0
264.85667065017776,935.8175000000001,500.0,0.08875,114,2280000,0.004847361,393.73788370995004,33589.50601829966,-1.3244629144537612e-06,48.965855836868286,6.4122314453125,55.37808871269226,4.653930574249898e-08,-1.4282226175055257e-06,1.0611406564712524,0.321118026971817,0.01776167005300522,0.1364697962999344,0.25968533754348755,1.0
270.684553552795,684.5825000000001,500.0,0.21875,115,2300000,0.007370798,208.30309933704936,10205.425894689864,1.935958806598137e-07,48.909733057022095,6.4292309284210205,55.33896517753601,1.5258788677030566e-09,4.882812376649781e-08,1.5856701135635376,0.2453882247209549,0.00795433297753334,0.2116534411907196,0.16201601922512054,1.0
247.41370892609638,0.0,500.0,0.1525,116,2320000,0.0070371544,196.3898147315736,7315.048414563222,2.1076203893244383e-07,48.46349000930786,6.463512659072876,54.92700409889221,-6.380081174484076e-08,2.19726558725597e-07,1.5140973329544067,0.21420758962631226,0.008724125102162361,0.20198315382003784,0.14147545397281647,1.0
250.50266239022602,0.0,500.0,0.07375000000000001,117,2340000,0.0065748566,178.90058347131037,6611.880734505623,-5.288123929858557e-07,49.06233811378479,6.558385610580444,55.62072443962097,-8.01086397217432e-09,-6.347656267280399e-07,1.9263112545013428,0.2559124231338501,0.005389844998717308,0.07567747682332993,0.1328510195016861,1.0
294.6623899184392,0.0,500.0,0.175,118,2360000,0.0072306306,180.78447661187238,5389.7561068978275,-6.748199439243763e-07,48.93069505691528,6.6644463539123535,55.59514284133911,3.757476818577743e-08,-1.2207031829802872e-07,1.8258737325668335,0.23916426301002502,0.005999123211950064,0.10822181403636932,0.13098619878292084,1.0
297.1957252431927,0.0,500.0,0.03125000000000001,119,2380000,0.0076802764,137.49623331932506,5898.427051170009,2.479553415923874e-07,49.31802988052368,6.264418601989746,55.582449436187744,-4.1961669694501325e-09,5.37109372089617e-07,1.334295630455017,0.22335106134414673,0.011233767494559288,0.16270053386688232,0.16739244759082794,1.0
315.06093047175057,65.4275,500.0,0.10124999999999999,120,2400000,0.0054908507,131.04077836783827,15017.155501094745,7.749557653369266e-07,49.85541892051697,6.315362453460693,56.1707820892334,-1.4734268027893904e-08,1.1230468999201548e-06,0.9836127758026123,0.2994838058948517,0.02067195251584053,0.16785146296024323,0.3004559576511383,1.0
327.89976536549193,588.8475000000001,500.0,0.10875000000000001,121,2420000,0.00626715,77.26668879029098,4913.021559522106,-1.0057449344458291e-06,49.49147176742554,6.274456739425659,55.765929222106934,5.435943695175638e-09,-1.2695312534560799e-06,1.4247288703918457,0.25837910175323486,0.009852922521531582,0.1621229201555252,0.16250117123126984,1.0
304.32113125607805,2.35,500.0,0.19,122,2440000,0.0076324814,95.89523864065765,8398.689366898263,-1.0500908729227376e-06,48.6310179233551,6.357585430145264,54.98860430717468,7.257461476228855e-08,-1.0498047231521923e-06,1.2034746408462524,0.22427935898303986,0.013808793388307095,0.18480461835861206,0.18635986745357513,1.0
337.64274637255056,596.375,500.0,0.17875000000000002,123,2460000,0.0034818032,169.945452827405,28978.6737760313,-7.856368711145478e-07,49.14165425300598,6.478001594543457,55.61965775489807,6.866454960174906e-09,-4.1503906800244295e-07,0.9094036817550659,0.35502541065216064,0.024183345958590508,0.13032418489456177,0.35756629705429077,1.0
331.3735626078214,0.0,500.0,0.0925,124,2480000,0.0067684236,98.87274871874767,4946.69158441823,8.988380386654171e-07,49.56090569496155,6.417967796325684,55.97887444496155,4.959106458812812e-09,8.544922138753464e-07,1.583000898361206,0.25669366121292114,0.00798118021339178,0.1123543530702591,0.162156343460083,1.0
408.6105746623651,1.95,500.0,0.09375,125,2500000,0.0074512176,75.71446059646121,4971.912485577042,2.390289409959223e-06,49.16320276260376,6.5405051708221436,55.70370888710022,-4.48703758593183e-08,2.6367188183940016e-06,1.046208143234253,0.22185494005680084,0.018272314220666885,0.1893714815378189,0.2120562493801117,1.0
440.18146487201193,3.4200000000000004,500.0,0.06999999999999999,126,2520000,0.0073200935,111.58165865612638,2663.397507044312,3.4706115457083797e-06,49.4250328540802,6.398972272872925,55.824007511138916,-3.986358620977626e-08,3.1738281904836185e-06,1.5701026916503906,0.2446024864912033,0.008112847805023193,0.131021186709404,0.15578758716583252,1.0
489.7300957392072,958.6525000000001,500.0,0.11500000000000002,127,2540000,0.0044431086,258.41490148799437,24795.377251458624,-3.993034624727443e-06,49.454575061798096,6.4364824295043945,55.891059160232544,1.3446808111439168e-08,-2.514648485885118e-06,0.9533237218856812,0.33179885149002075,0.022006399929523468,0.11802177876234055,0.2749437391757965,1.0
511.35886793335914,513.9024999999999,500.0,0.13625,128,2560000,0.0072021782,119.23515130547202,12982.710294414934,-1.053142568707699e-06,48.98411679267883,6.547215700149536,55.531333684921265,6.103515470812226e-09,-6.83593725625542e-07,1.549307942390442,0.24756819009780884,0.008332090452313423,0.17809386551380157,0.14884284138679504,1.0
461.1742194868385,5.6175,500.0,0.07375000000000001,129,2580000,0.005879544,72.62716746239145,15105.858843955264,1.9631386294349795e-07,49.37352657318115,6.649856328964233,56.02338457107544,-4.630088668022836e-08,-2.19726558725597e-07,1.3484553098678589,0.27316853404045105,0.010999083518981934,0.10908953100442886,0.2025788277387619,1.0
542.1443894220836,2.5575,500.0,0.07875000000000001,130,2600000,0.0074869124,78.39620679138572,7942.2605541059165,3.5080907423434837e-07,49.88609504699707,6.5365118980407715,56.422608852386475,-1.0490417423625331e-08,1.1230468999201548e-06,1.08291494846344,0.20659974217414856,0.01705458015203476,0.21000340580940247,0.1907811313867569,1.0
645.1601646217271,0.0,500.0,0.14375000000000002,131,2620000,0.0067655626,96.58068721552563,6900.767307859773,-8.122921144604334e-07,50.58567762374878,6.412734508514404,56.998414516448975,1.8119812317252126e-09,-7.81249980263965e-07,1.4236871004104614,0.2521287202835083,0.009867347776889801,0.11257050931453705,0.17709559202194214,1.0
804.9349118152196,18.6,500.0,0.3175,132,2640000,0.006073731,161.07364560509941,13680.983200636943,-2.0962953328762524e-07,50.57743430137634,6.529857873916626,57.107293367385864,1.1312961234466457e-08,-5.859375278305379e-07,1.0627129077911377,0.2763025462627411,0.0177091546356678,0.1333599090576172,0.25999733805656433,1.0
904.71844857836,931.7949999999998,500.0,0.28500000000000003,133,2660000,0.0037264945,217.56265398256338,26886.817080435783,-3.970909347117413e-06,49.66240048408508,6.431246042251587,56.093647480010986,-9.322166150127487e-09,-4.394531060825102e-06,0.9852099418640137,0.3044179677963257,0.02060498297214508,0.14709970355033875,0.2875526249408722,1.0
915.4574733776392,79.6375,500.0,0.39499999999999996,134,2680000,0.0050157546,145.55249444512046,12364.815055390376,1.1211395758436993e-06,50.69010925292969,6.705729722976685,57.39583992958069,3.6239624634504253e-09,8.300781360048859e-07,1.1604702472686768,0.32085931301116943,0.014851201325654984,0.1806713491678238,0.23541125655174255,1.0
866.8533904141075,259.93375000000003,500.0,0.49375,135,2700000,0.0052317446,167.8942198808026,25453.75651653314,9.379386511909615e-08,50.595847845077515,6.528810739517212,57.12465953826904,2.6702879907247734e-09,1.4648438195763447e-07,1.1835017204284668,0.3170003294944763,0.014278805814683437,0.1598975956439972,0.2601030170917511,1.0
893.8615219447016,1670.85875,500.0,0.5275000000000001,136,2720000,0.0039459574,225.77297619862162,33706.00860743431,2.9406550083876937e-07,51.24540615081787,6.518246650695801,57.76365375518799,1.5258788677030566e-09,-1.2695312534560799e-06,0.6810359358787537,0.3469029366970062,0.0431210957467556,0.2111787647008896,0.42036566138267517,1.0
878.4379327415252,0.0,500.0,0.44000000000000006,137,2740000,0.008336466,157.21068543841125,22302.098675964746,-2.049827571681817e-06,51.10623502731323,6.567828416824341,57.67406463623047,-4.291534239087014e-09,-1.367187451251084e-06,1.0505945682525635,0.1878821700811386,0.01812005043029785,0.27451184391975403,0.17883414030075073,1.0
951.921771739705,311.125,500.0,0.6325000000000001,138,2760000,0.0033188805,252.26377183950632,27605.950870897814,-2.38313668887713e-06,50.98496460914612,6.515901565551758,57.50086784362793,-7.057189943537878e-09,-1.904296823340701e-06,1.1478533744812012,0.33206355571746826,0.015179479494690895,0.1801270842552185,0.2548564374446869,1.0
1044.2398271757522,990.775,500.0,0.76875,139,2780000,0.0043415525,337.8511823520539,64228.545071702705,-6.903171083649795e-07,51.44295883178711,6.550927400588989,57.99388861656189,1.1014938294806598e-08,-1.4648437627329258e-06,0.8424668312072754,0.3293581008911133,0.02817891165614128,0.1915498673915863,0.37661826610565186,1.0
1062.03909333661,0.0,500.0,0.8087500000000001,140,2800000,0.0077418513,155.35613067529763,10221.466243593253,-1.821327145989926e-06,51.44183564186096,6.437198162078857,57.87903547286987,-4.386901952813105e-09,-1.8066406255456968e-06,1.3123865127563477,0.22231070697307587,0.011611975729465485,0.2064950168132782,0.16939420998096466,1.0
1247.5347055381803,195.59,500.0,0.77125,141,2820000,0.004369855,224.6819356444535,44372.36240086646,-2.5832175651885336e-06,51.32216668128967,6.462474346160889,57.78464341163635,-4.768371808516747e-10,-2.4169921744032763e-06,0.9677176475524902,0.31886497139930725,0.021356619894504547,0.1953745037317276,0.298343300819397,1.0
1341.682429584238,293.38500000000005,500.0,0.80375,142,2840000,0.0069191973,188.058365635963,17527.180224764877,-2.1558762455242686e-06,50.7485773563385,6.503851413726807,57.25243043899536,7.438659466174613e-09,-1.2695312534560799e-06,1.591874599456787,0.24292346835136414,0.007892448455095291,0.1258985847234726,0.15328264236450195,1.0
1274.797367332673,0.0,500.0,0.68125,143,2860000,0.0064196107,157.3714898516418,10237.64951996044,2.6270868147548754e-06,51.456379652023315,6.441759347915649,57.89813995361328,-1.2302399099439754e-08,3.0273438369476935e-06,1.6311936378479004,0.2525469660758972,0.007516548037528992,0.09622170776128769,0.1548234075307846,1.0
1455.6564389036873,626.975,500.0,0.72625,144,2880000,0.0046213577,265.5365242490343,27818.22677530665,-2.746581913015689e-07,51.60040092468262,6.464331865310669,58.06473398208618,5.149841442175784e-09,-3.6621094068323146e-07,1.5179845094680786,0.2777911126613617,0.008679501712322235,0.12672187387943268,0.17086130380630493,1.0
1660.6946416137707,0.0,500.0,0.8300000000000001,145,2900000,0.006809358,304.7190701332821,21677.91957727906,1.3277411881063017e-06,51.39889645576477,6.4628846645355225,57.86178374290466,-7.510185362491484e-09,1.367187451251084e-06,1.6029729843139648,0.24765326082706451,0.007783537730574608,0.15127074718475342,0.1544962376356125,1.0
1604.789876330134,0.0,500.0,0.8087499999999999,146,2920000,0.0071836067,226.9153977023568,9450.600219260052,-3.9601563912583515e-06,51.170639991760254,6.50993800163269,57.68057942390442,-2.3841859042583735e-10,-4.174804871581728e-06,1.5157746076583862,0.2433927059173584,0.008704829029738903,0.10046689212322235,0.16057315468788147,1.0
1685.221533852048,0.0,500.0,0.78,147,2940000,0.0075573656,290.9646460514919,11519.304334506867,3.3884049344123923e-07,51.429861307144165,6.521193027496338,57.95105528831482,2.794265796524087e-08,4.6386719532165444e-07,1.4105602502822876,0.23367060720920563,0.010051855817437172,0.11754055321216583,0.16565802693367004,1.0
1945.8161526968179,0.0,500.0,0.8887500000000002,148,2960000,0.007170302,283.40581987709,12207.107558679278,4.5890809019510925e-07,51.813392877578735,6.436056137084961,58.24944996833801,2.574920721087892e-09,7.568359592369234e-07,1.7315740585327148,0.2647894024848938,0.006670328788459301,0.08686818182468414,0.15291829407215118,1.0
2132.8222999531376,0.0,500.0,0.85,149,2980000,0.008245382,275.6827468531906,9035.194004870373,7.821083158887632e-07,51.32857131958008,6.58868932723999,57.91726207733154,-2.484321548479329e-08,1.1962890766881173e-06,1.4323124885559082,0.2085418701171875,0.00974886305630207,0.19944602251052856,0.14559802412986755,1.0
2246.5000083585232,0.0,500.0,0.8675,150,3000000,0.0072210203,269.9062357957196,8419.370932492784,2.73990650612177e-07,51.84978771209717,6.512365102767944,58.36215353012085,-2.7561187110336505e-08,2.19726558725597e-07,1.6796326637268066,0.2541790306568146,0.0070892577059566975,0.08339910954236984,0.1513301432132721,1.0
2052.4430048561826,0.0,500.0,0.8012499999999999,151,3020000,0.008210832,349.3276790643194,11012.584768424065,2.651214714433081e-08,52.24962615966797,6.50599479675293,58.75562334060669,3.7193297330873065e-09,-4.882812731921149e-07,0.9524464011192322,0.20057514309883118,0.02204696089029312,0.3108651340007782,0.2105894535779953,1.0
2324.5817924147705,0.0,500.0,0.8825,152,3040000,0.007423776,308.50185310217984,12687.047068368705,4.62770458398154e-07,51.610023975372314,6.59550666809082,58.20553207397461,4.00543198608716e-09,6.83593725625542e-07,1.2561635971069336,0.23388506472110748,0.012674687430262566,0.22332195937633514,0.18618997931480408,1.0
2312.677322002598,0.0,500.0,0.9412499999999999,153,3060000,0.0072112917,242.37944488768366,5407.463432166227,-1.1085987807746278e-06,50.93966197967529,6.39433741569519,57.33400011062622,-1.2207030941624453e-08,-1.1718750556610757e-06,1.2829478979110718,0.2571268379688263,0.01215098612010479,0.1336977630853653,0.20041875541210175,1.0
2163.5249594152565,0.0,500.0,0.9387500000000001,154,3080000,0.007944464,250.43558296640967,6766.489202103341,2.9702187021030113e-06,50.566394329071045,6.4193971157073975,56.98579263687134,-1.0967254659988157e-08,3.4179688555013854e-06,1.2429225444793701,0.2081507444381714,0.012946177273988724,0.2669059634208679,0.16746877133846283,1.0
2241.7559156355187,531.0225,500.0,0.9,155,3100000,0.0056515997,388.23724036733057,30332.07529988866,1.8630028080224292e-06,51.55071806907654,6.374414443969727,57.92513370513916,-1.9359589487066842e-08,2.9602051654364914e-06,0.9702368974685669,0.27745386958122253,0.02124585583806038,0.22671760618686676,0.32217511534690857,1.0
2244.9431618883114,59.0025,500.0,0.85625,156,3120000,0.007178292,288.64975576218524,8837.97306355276,1.2023448334730347e-06,51.380634784698486,6.574258327484131,57.954894065856934,3.6478042808596456e-09,1.56249996052793e-06,1.2960841655731201,0.2517908215522766,0.011905926279723644,0.2334367036819458,0.16339761018753052,1.0
2163.3088982549407,0.0,500.0,0.8525,157,3140000,0.007419106,248.83045260678432,8002.834846486863,1.5792845715623116e-06,51.27916598320007,6.572649002075195,57.85181665420532,-1.5354157056890472e-08,9.643554221838713e-07,1.4230996370315552,0.22570152580738068,0.009875495918095112,0.11777642369270325,0.15859851241111755,1.0
2381.17075144461,0.0,500.0,0.9225000000000001,158,3160000,0.008423915,259.6307862397212,7122.239335331036,-1.691913553258928e-06,51.42407298088074,6.612223386764526,58.03629732131958,5.369186339976295e-08,-1.1962890766881173e-06,1.432856559753418,0.21756717562675476,0.009741460904479027,0.12411501258611679,0.15184155106544495,1.0
2271.1327047512414,0.0,500.0,0.9925,159,3180000,0.007503897,284.086439013633,10112.682156041625,-1.467227974671914e-07,50.928694009780884,6.642145395278931,57.57084059715271,4.100799699813251e-09,6.83593725625542e-07,1.4511808156967163,0.21212726831436157,0.009497000835835934,0.17878516018390656,0.14617560803890228,1.0
2312.8516280003523,182.2625,500.0,0.8787500000000001,160,3200000,0.0018883265,322.84575041752714,17055.16412936654,1.2913703812955646e-06,50.27304744720459,6.674671173095703,56.94771981239319,-1.6975402417074292e-08,1.367187451251084e-06,0.8210699558258057,0.293283075094223,0.02966671995818615,0.20655705034732819,0.3591892719268799,1.0
2384.075002492067,172.5875,500.0,0.8699999999999999,161,3220000,0.008467554,247.12203839053015,3620.4747456350146,1.5907764918665634e-06,51.291255235672,6.818563461303711,58.10982155799866,-6.43730180271973e-09,1.5869140952418093e-06,1.2684690952301025,0.21175351738929749,0.012429963797330856,0.26935654878616333,0.18590085208415985,1.0
2533.7439277338863,0.0,500.0,0.845,162,3240000,0.0069906516,377.6422580986266,6027.404129864152,-1.740550942486152e-06,50.429503202438354,6.672578811645508,57.1020827293396,-2.0980834847250662e-09,-1.5502929500144091e-06,1.3994710445404053,0.24174901843070984,0.010211785323917866,0.1708698570728302,0.17274311184883118,1.0
2568.187256403792,0.0,500.0,0.9075000000000001,163,3260000,0.0075956816,295.46903958654707,3214.386687843663,-5.334806246537482e-06,50.173391819000244,6.615544319152832,56.78893709182739,-1.0538101058443772e-08,-5.053710992797278e-06,1.283721685409546,0.2108951061964035,0.012136343866586685,0.28448057174682617,0.1642840951681137,1.0
2495.9467003448704,0.0,500.0,0.9412499999999999,164,3280000,0.007699071,351.9872951094512,3777.802597143088,4.989147441847308e-07,51.22422218322754,6.6157708168029785,57.83999800682068,-4.1961669694501325e-09,2.19726558725597e-07,1.462738275527954,0.21525175869464874,0.009347517043352127,0.1927068829536438,0.1471567302942276,1.0
2424.194693168577,0.0,500.0,0.79375,165,3300000,0.007912678,237.23808583059127,2044.6971919940536,-4.026413080282509e-06,51.06927561759949,6.290946006774902,57.36022329330444,-1.2683868177987279e-08,-3.8757325455662794e-06,1.2862331867218018,0.21937130391597748,0.01208899449557066,0.16376475989818573,0.1705532670021057,1.0
2558.9085249031477,0.0,500.0,0.99,166,3320000,0.008054774,328.1026133543367,4738.989051031611,3.849315817205934e-06,49.702155351638794,6.450102090835571,56.152260065078735,-7.1525572131747595e-09,3.662109293145477e-06,1.250490665435791,0.20547787845134735,0.012789946049451828,0.2707873582839966,0.16431781649589539,1.0
2618.5798378304885,0.0,500.0,1.0,167,3340000,0.0073984917,257.57509524108497,3240.813204042471,1.2430667766238912e-06,51.06031036376953,6.533403158187866,57.59371495246887,1.8072128682433686e-08,2.1728515093855094e-06,1.424465537071228,0.2168506681919098,0.009856566786766052,0.23634955286979675,0.1522330343723297,1.0
2658.7268204307848,0.0,500.0,0.975,168,3360000,0.007930498,291.03986247360325,2826.0856048778364,3.511619524942944e-06,51.04401636123657,6.519859790802002,57.56387758255005,1.3828277412031298e-09,2.9418945359793724e-06,1.3402520418167114,0.22141654789447784,0.011134138330817223,0.2068609595298767,0.165205180644989,1.0
2496.4575197507597,0.0,500.0,0.9649999999999999,169,3380000,0.006973007,281.41632610734104,3615.7086465434663,-5.314350346452557e-07,50.71693396568298,6.3444600105285645,57.061394929885864,5.459785512584858e-09,-9.155273232863692e-07,1.491450309753418,0.23439686000347137,0.008991082198917866,0.11331117898225784,0.15716035664081573,1.0
2693.4718721478766,0.0,500.0,0.9337499999999999,170,3400000,0.0072160065,287.6212608774756,3825.575154998196,2.2330284537019907e-06,50.92076277732849,6.334809064865112,57.25557279586792,-1.1062621929625038e-08,2.2460937998403097e-06,1.2631304264068604,0.21926912665367126,0.012535257264971733,0.1756671816110611,0.17359182238578796,1.0
2451.7421927764,0.0,500.0,0.8975,171,3420000,0.007954336,360.37573117298683,3810.6736743319566,-1.3408183576757438e-06,49.647817611694336,6.408243417739868,56.05606198310852,-1.4686584393075464e-08,-1.2695312534560799e-06,1.4906871318817139,0.2218387871980667,0.009000290185213089,0.20181818306446075,0.14881645143032074,1.0
2682.5469440845363,0.0,500.0,0.9724999999999999,172,3440000,0.0077752136,324.7854193523431,3284.067754815946,-6.861686756565177e-07,49.916916608810425,6.480499982833862,56.397417306900024,3.910064716450279e-09,-4.455566511296638e-07,1.4397046566009521,0.2329682558774948,0.009649008512496948,0.15769946575164795,0.16181671619415283,1.0
2723.5638501944723,0.0,500.0,0.9775,173,3460000,0.0074279495,395.20247656949766,3522.8495204658266,-2.6678085305320565e-06,49.912598848342896,6.5377197265625,56.45031952857971,-1.6212463593845428e-09,-2.5024414753715973e-06,1.5966696739196777,0.22300855815410614,0.007845114916563034,0.18031564354896545,0.13967105746269226,1.0
2576.833285793823,0.0,500.0,0.9787500000000001,174,3480000,0.0073391213,326.1275632092907,2584.477400897567,1.2317181017351686e-06,50.76406526565552,6.515010833740234,57.279077768325806,2.9087066089061864e-09,2.5634764710957825e-07,1.387673020362854,0.22952605783939362,0.010386166162788868,0.2011084109544754,0.1654035896062851,1.0
2811.8210141319464,0.0,500.0,1.0,175,3500000,0.0075582527,194.47599734652573,1668.3766723632812,-1.8048286847260897e-06,50.08011054992676,6.340973615646362,56.42108511924744,-1.9073485846288207e-10,-1.6510009572812123e-06,1.3487800359725952,0.23630067706108093,0.01099378615617752,0.22073857486248016,0.1751958578824997,1.0
2786.3848444846994,0.0,500.0,1.0,176,3520000,0.007672258,241.7037071325217,1706.003960598502,9.249210393136309e-07,49.60592007637024,6.295526027679443,55.90144681930542,-1.1587142800806305e-08,1.1810302567027975e-06,1.385820746421814,0.21898259222507477,0.010413948446512222,0.23649366199970245,0.15801654756069183,1.0
2796.920741665876,0.0,500.0,0.975,177,3540000,0.006962494,215.11044110340677,1680.3664620369104,-3.2401084126831847e-07,49.63336944580078,6.400650501251221,56.03402090072632,1.4638900758257023e-08,-2.5634764710957825e-07,1.5773522853851318,0.24134561419487,0.008038445375859737,0.14187796413898468,0.15300677716732025,1.0
2899.6581529098926,0.0,500.0,1.0,178,3560000,0.0067392257,239.39424320876978,2394.321323428792,-1.9082547169091413e-06,49.79288172721863,6.332719802856445,56.12560296058655,-3.76939759405559e-08,-1.9653321032819804e-06,1.8746751546859741,0.2522411644458771,0.005690850783139467,0.09766954183578491,0.13455194234848022,1.0
2606.9511272073178,0.0,500.0,0.975,179,3580000,0.0076114372,254.87171842247056,1663.1432138236464,-3.2489776913280366e-06,49.96977925300598,6.3436503410339355,56.31343054771423,-2.9087066089061864e-09,-3.6987305520597147e-06,1.371558427810669,0.23570804297924042,0.010631656274199486,0.20355793833732605,0.1718541979789734,1.0
2952.137145779459,0.0,500.0,1.0,180,3600000,0.0068806643,238.9459437570754,1900.5534655139704,-1.8051624692816404e-06,49.87728142738342,6.37274694442749,56.250030517578125,7.724762163263676e-09,-1.2023925819448777e-06,1.5049148797988892,0.2729516327381134,0.008830913342535496,0.09108781814575195,0.1813735067844391,1.0
3078.5897297444803,0.0,500.0,0.9912500000000002,181,3620000,0.00761217,196.95986911263435,2566.223974609375,1.9136427908961195e-06,50.41234302520752,6.535355091094971,56.9477002620697,4.76837147544984e-09,1.9165038338542217e-06,1.3073399066925049,0.24314363300800323,0.0117017962038517,0.1696462482213974,0.18598346412181854,1.0
3060.620455060615,0.0,500.0,0.98375,182,3640000,0.006382045,222.1371346491917,2911.1576651214796,-5.686092663381714e-06,50.9177827835083,6.492330074310303,57.41011381149292,-1.7070769686711174e-08,-5.273437636788003e-06,1.86952543258667,0.2671548128128052,0.005722246132791042,0.120816171169281,0.14289981126785278,1.0
2733.3868784449855,0.0,500.0,1.0,183,3660000,0.0074067763,259.9152696743133,2287.210633684875,-1.7911434042616747e-06,50.28769135475159,6.143574476242065,56.43126654624939,4.1961669694501325e-09,-1.2084960872016381e-06,1.3692803382873535,0.23604731261730194,0.010667061433196068,0.1934918463230133,0.17238785326480865,1.0
2732.2514754058648,0.0,500.0,0.9974999999999999,184,3680000,0.0066089784,259.5656205001151,2294.9330597895723,-2.7358053102943813e-06,50.04668068885803,6.090355157852173,56.13703680038452,1.8596648665436533e-09,-2.6855468604480848e-06,1.4355406761169434,0.24867375195026398,0.009705066680908203,0.12504935264587402,0.17322655022144318,1.0
2959.3891896531145,0.0,500.0,0.9775,185,3700000,0.0060379948,254.50335977153415,2543.1993135294338,-2.166056674468564e-06,50.14103293418884,6.11153507232666,56.25256896018982,-5.149841442175784e-09,-1.8920898128271801e-06,1.3295702934265137,0.2735217213630676,0.01131376065313816,0.12387461215257645,0.20572185516357422,1.0
2827.6008889018085,0.0,500.0,0.98375,186,3720000,0.0071946215,304.5825030089943,2683.246953296054,-3.0703546372023993e-07,49.85693407058716,6.148425102233887,56.00535988807678,6.294250454175199e-09,-1.1962890766881173e-06,1.3546696901321411,0.2400437444448471,0.010898400098085403,0.22004234790802002,0.17719726264476776,1.0
2850.445686581347,0.0,500.0,0.9912500000000002,187,3740000,0.0075178454,345.5020454455333,2314.234680953299,-4.225254031098302e-07,50.15204906463623,6.292563199996948,56.444612979888916,-1.2135505933486002e-08,-3.6621094068323146e-07,1.3974686861038208,0.22766239941120148,0.01024107076227665,0.1890026181936264,0.1629105657339096,1.0
2939.0391955428,0.0,500.0,1.0,188,3760000,0.007451134,315.3735180314179,2205.6944803614524,-2.779269152597408e-06,49.47579336166382,6.302507400512695,55.77830171585083,-2.1386146187296617e-08,-2.722167891988647e-06,1.392173171043396,0.21598601341247559,0.010319128632545471,0.23512297868728638,0.15514305233955383,1.0
2802.5413520106763,0.0,500.0,0.9850000000000001,189,3780000,0.007652713,296.2622985013731,2422.3551221713897,5.828380835737335e-07,50.28503632545471,6.2205328941345215,56.50557088851929,5.0783155458589135e-09,7.324218813664629e-07,1.445931077003479,0.22150175273418427,0.009566087275743484,0.1519826203584671,0.15318970382213593,1.0
2699.7416540107115,0.0,500.0,0.99,190,3800000,0.007850862,339.4853555472793,4244.780028713737,2.6493548830330838e-06,49.27249526977539,6.272831678390503,55.54532790184021,-4.148483334631692e-09,2.1240234673314262e-06,1.2151004076004028,0.22849975526332855,0.013545820489525795,0.19077417254447937,0.18805009126663208,1.0
2872.442038777375,0.0,500.0,1.0,191,3820000,0.007126793,397.2955404779714,3897.7255056976514,-5.338191613191157e-07,50.1433424949646,6.321268320083618,56.46461248397827,-1.9645691295977485e-08,-7.81249980263965e-07,1.5572099685668945,0.2379891723394394,0.008247743360698223,0.12238707393407822,0.15283052623271942,1.0
2922.230855082883,0.0,500.0,1.0,192,3840000,0.007938025,362.93053151027414,2881.2302987457083,1.359176621917868e-06,50.05827617645264,6.322069406509399,56.38034677505493,4.76837147544984e-09,1.0864257546927547e-06,1.5227428674697876,0.22359633445739746,0.008625342510640621,0.1233854740858078,0.14683787524700165,1.0
2847.663541455636,0.0,500.0,1.0,193,3860000,0.008421149,393.5362223096714,3501.681613139742,5.568981009673735e-07,49.89129614830017,6.289603233337402,56.18090033531189,6.628036341993493e-09,7.873535423641442e-07,1.261828064918518,0.19364969432353973,0.012561146169900894,0.25449225306510925,0.1534675806760788,1.0
3052.272327356538,0.0,500.0,1.0,194,3880000,0.0076535675,392.7773026095834,4916.648604160965,-2.3250581193678954e-07,49.41926670074463,6.495166301727295,55.91443371772766,-1.0490417423625331e-08,2.4414063659605745e-07,1.4904512166976929,0.2307625561952591,0.009003140032291412,0.21246324479579926,0.154827281832695,1.0
2845.5356008936374,0.0,500.0,1.0,195,3900000,0.007178595,359.7525522997425,3091.62813087026,1.6129494042615988e-06,50.97385215759277,6.4149298667907715,57.38878297805786,-5.149841442175784e-09,1.30615239868348e-06,1.5255415439605713,0.23585833609104156,0.008593723177909851,0.12591786682605743,0.15460626780986786,1.0
2881.494930847034,0.0,500.0,1.0,196,3920000,0.008266979,353.78343408669633,4452.610040516459,-1.0595321953132952e-07,50.0604784488678,6.269608020782471,56.330087423324585,-1.4209747156712638e-08,-3.662109548940862e-08,1.1346957683563232,0.2022586613893509,0.01553355623036623,0.2939338684082031,0.17824925482273102,1.0
2696.5102062461983,0.0,500.0,0.9024999999999999,197,3940000,0.00771096,460.6378861153961,4420.506201210751,-7.013320555415703e-07,50.22805309295654,6.307590961456299,56.53564476966858,1.8119812317252126e-09,-8.300781360048859e-07,1.3557467460632324,0.19922207295894623,0.0108810905367136,0.1868571639060974,0.14694637060165405,1.0
2705.766593937738,0.0,500.0,0.9487500000000001,198,3960000,0.0075123785,463.54738438114236,3389.791095009579,-1.6923904695431702e-06,50.134642601013184,6.323548316955566,56.458192110061646,-1.4305114426349519e-08,-1.2695312534560799e-06,1.1160749197006226,0.22957885265350342,0.016056207939982414,0.2787088453769684,0.20570199191570282,1.0
2650.9734337825507,0.0,500.0,0.9737500000000001,199,3980000,0.007967183,433.138461284273,3484.194181988953,-3.604888831887365e-07,50.57664346694946,6.248999834060669,56.82564449310303,9.441375681262798e-09,4.272461069376732e-07,1.4108504056930542,0.20964635908603668,0.010047722607851028,0.20263300836086273,0.14859578013420105,1.0
2644.96237652704,0.0,500.0,1.0,200,4000000,0.0069733323,429.1173536944541,2439.9437267522144,-2.6451589292264543e-06,50.25233554840088,6.300110101699829,56.552446603775024,5.292892346631106e-09,-2.9541015464928932e-06,1.349421739578247,0.24745690822601318,0.010983332991600037,0.1226508766412735,0.18337997794151306,1.0
620.6438053648332,0.0,500.0,0.2375,201,4020000,0.009315744,1839.6056802543105,28122.140486290806,1.3572692978414125e-06,49.39491653442383,6.385849237442017,55.78076648712158,-3.4713746543957313e-08,0.0,1.3092296123504639,0.12024223804473877,0.011668041348457336,0.8901297450065613,0.09184197336435318,2.0
3.2401473103217493e-11,0.0,500.0,0.0,202,4040000,0.007959026,852.8535285998302,12276.73747263137,1.7177582094518584e-06,48.15260076522827,6.404430866241455,54.55703258514404,-5.7220459481754915e-09,1.4648437627329258e-06,1.5621001720428467,0.16529488563537598,0.008196184411644936,0.26674318313598633,0.1058158203959465,4.0
1.0581285294763946e-11,0.0,500.0,0.0,203,4060000,0.009993074,569.2236828506373,9660.938381549811,2.0866395971097518e-06,47.76049470901489,6.4163923263549805,54.17688822746277,-1.4305114426349519e-08,2.441406195430318e-06,1.373544692993164,0.13917206227779388,0.010600930079817772,0.5396372675895691,0.10132326930761337,1.0
2.78039267657722e-09,0.0,500.0,0.0,204,4080000,0.009624563,474.525666838239,6085.405536160803,-2.5978087592193333e-07,48.25303339958191,6.414176940917969,54.66721153259277,-6.866454960174906e-09,-3.906249901319825e-07,1.7647087574005127,0.1607571393251419,0.006422191858291626,0.46063724160194397,0.09109552949666977,1.0
1.3517279218477679e-05,0.0,500.0,0.0,205,4100000,0.0064468263,513.7769652737175,4027.1203512981438,8.251190024566313e-07,48.348473072052,6.42045783996582,54.768932819366455,-7.629394338515283e-10,1.708984314063855e-07,1.7252073287963867,0.18010127544403076,0.006719652563333511,0.10748263448476791,0.10439396649599075,3.0
108.50020602259922,0.0,500.0,0.025,206,4120000,0.009657073,432.505262080879,3695.8328951112785,1.0681151962899094e-07,48.50172209739685,6.537538528442383,55.03926229476929,-2.403259280470138e-08,2.4414061883248905e-08,1.2124032974243164,0.2188185751438141,0.013606155291199684,0.404909610748291,0.18048328161239624,3.0
0.021186225552752968,0.0,500.0,0.0,207,4140000,0.009997401,359.7805744244035,3120.0610080597507,-1.8310547034161573e-07,48.14318513870239,6.529656171798706,54.67284297943115,-4.577636936176077e-09,-9.155273517080786e-08,1.1492663621902466,0.16491743922233582,0.015142176300287247,0.36303094029426575,0.1434979885816574,1.0
11.908371881009675,0.0,500.0,0.0025,208,4160000,0.009918059,230.62876993896094,1972.7877073640277,-3.408432007745432e-07,48.813878536224365,6.493511438369751,55.30739212036133,-6.103515470812226e-09,-6.469726372415607e-07,1.227815866470337,0.20263239741325378,0.013266706839203835,0.3423265814781189,0.16503483057022095,1.0
225.35191527327828,0.0,500.0,0.0475,209,4180000,0.0075139315,336.77146390927066,3200.4886064468674,-2.852058514690725e-06,48.542279958724976,6.331881046295166,54.87416172027588,5.006790093631253e-09,-3.955078227591002e-06,1.6585702896118164,0.17769432067871094,0.007270456291735172,0.4377037286758423,0.1071370542049408,2.0
288.908963910319,0.0,500.0,0.061250000000000006,210,4200000,0.009355842,346.44288416576995,2790.415083497649,-9.547710533297504e-07,47.991737365722656,6.3512303829193115,54.3429696559906,-6.055831835993786e-09,-8.056640581344254e-07,1.666130781173706,0.20515063405036926,0.007204622495919466,0.22851410508155823,0.12312997132539749,1.0
630.7928074571807,0.0,500.0,0.13374999999999998,211,4220000,0.009008323,366.4464096603879,3098.1196030926553,2.3426055122399703e-06,48.039533376693726,6.339395761489868,54.37892985343933,-1.7166137400437265e-09,1.3305664197105216e-06,1.3856394290924072,0.18367739021778107,0.010416675359010696,0.24745269119739532,0.13255783915519714,1.0
852.5530344811712,0.0,500.0,0.20500000000000002,212,4240000,0.008012301,418.83877378816055,2689.39155751611,-8.287429409392644e-08,48.66000509262085,6.383913993835449,55.043919801712036,-4.172325152040912e-09,5.126952942191565e-07,1.0680148601531982,0.19740980863571167,0.017533764243125916,0.18978272378444672,0.18483807146549225,1.0
1715.4923723007942,0.0,500.0,0.5037499999999999,213,4260000,0.007821443,901.1412706605947,3233.12565016048,1.2702942058240296e-06,48.87258791923523,6.348557949066162,55.221147298812866,1.907348590179936e-08,1.6113281162688509e-06,1.1034213304519653,0.19307059049606323,0.01642657443881035,0.33248066902160645,0.1749744862318039,1.0
3203.5215418474554,0.0,500.0,0.8400000000000001,214,4280000,0.009470671,724.5406645708024,2353.765335996591,1.5201568714928726e-07,48.855109453201294,6.314881086349487,55.16999125480652,-2.1266936656161306e-08,7.751464750072046e-07,0.9721142053604126,0.18627914786338806,0.021163877099752426,0.5270286798477173,0.19162270426750183,1.0
2958.52918552647,0.0,500.0,0.7849999999999999,215,4300000,0.008426002,904.4921500041986,3862.9751489335563,-5.991935836391349e-07,48.63382816314697,6.256486177444458,54.890316009521484,-1.7261506002341775e-08,-7.324218813664629e-07,1.3515417575836182,0.24675986170768738,0.010948902927339077,0.309375137090683,0.18257655203342438,1.0
3518.0586709578347,0.0,500.0,0.845,216,4320000,0.008311413,907.923538139975,2150.3569375979673,-2.5242804895242443e-06,48.725459814071655,6.341062307357788,55.06652474403381,-1.5449524326527353e-08,-2.667236230990966e-06,1.33089280128479,0.20060499012470245,0.011291286908090115,0.2470199465751648,0.15072959661483765,1.0
4220.269820831371,0.0,500.0,0.9637499999999999,217,4340000,0.00944426,809.727277957406,2821.3008950008707,3.12232987198513e-06,48.62110710144043,6.482030153274536,55.10313844680786,2.70843507621521e-08,2.5390625069121597e-06,1.3837779760360718,0.21179914474487305,0.010444717481732368,0.31178367137908936,0.15305861830711365,1.0
3781.2248134363194,0.0,500.0,0.96875,218,4360000,0.0077064163,606.395922866141,2685.1759005989998,-2.3415088890033076e-07,48.65238070487976,6.356249094009399,55.00863075256348,-4.1961669694501325e-08,3.6621094068323146e-07,1.1651259660720825,0.18854980170726776,0.014732751995325089,0.3191916346549988,0.16182783246040344,1.0
3150.6286037270593,0.0,500.0,0.95625,219,4380000,0.007885381,779.6218293694175,3364.547822910965,1.3269424243844696e-06,48.48429989814758,6.323190689086914,54.80749177932739,1.0204315614714687e-08,1.1474609209471964e-06,1.356583833694458,0.20706431567668915,0.010867666453123093,0.5657457113265991,0.1526365727186203,1.0
3900.5222809161583,0.0,500.0,0.9850000000000001,220,4400000,0.007978653,925.825235597647,2221.8279224177077,-3.7412644360301783e-07,48.510185956954956,6.409774541854858,54.91996169090271,5.817413217812373e-09,-2.685546860448085e-07,1.8013811111450195,0.2148328274488449,0.006163368001580238,0.2794857919216156,0.11926007270812988,1.0
3667.7467105156225,0.0,500.0,0.9649999999999999,221,4420000,0.007712245,574.1815313885926,1823.8797529281326,1.496219624641526e-06,48.86673188209534,6.321496486663818,55.18822932243347,-3.0040741449965935e-08,1.3427734302240424e-06,1.5110688209533691,0.2366999387741089,0.008759130723774433,0.24316512048244476,0.1566440612077713,1.0
3395.6276173814476,0.0,500.0,0.99875,222,4440000,0.00702283,674.829263334821,2742.5077505318222,-1.192092824453539e-08,49.1230309009552,6.2960710525512695,55.41910409927368,3.8146971692576415e-10,-3.0517577442878974e-07,1.595444917678833,0.22302624583244324,0.00785716250538826,0.17940102517604828,0.13978934288024902,1.0
3881.1036791132456,0.0,500.0,0.97625,223,4460000,0.008563802,544.0434925783971,2368.574336816095,1.1575698408705648e-06,49.260648250579834,6.3746442794799805,55.63529396057129,-3.8146971692576415e-10,7.446288918799837e-07,1.4551634788513184,0.19510412216186523,0.009445086121559143,0.28018978238105774,0.13407713174819946,1.0
3940.235604184624,0.0,500.0,1.0,224,4480000,0.006991078,552.142281064562,3607.1286521960214,-9.216308853865485e-07,49.44007897377014,6.29798698425293,55.73806715011597,-8.296966669263384e-09,-4.1503906800244295e-07,1.3611456155776978,0.20495657622814178,0.010794945061206818,0.45373740792274475,0.15057648718357086,2.0
3585.015590631636,0.0,500.0,1.0,225,4500000,0.008977213,487.91460339491533,2948.363841218402,-1.6300201650665258e-06,48.942118644714355,6.265923976898193,55.208043336868286,2.946853605578781e-08,-1.6601562720097718e-06,1.4376081228256226,0.1947791874408722,0.009677172638475895,0.238935649394989,0.1354883760213852,1.0
3803.2391052831167,0.0,500.0,1.0,226,4520000,0.008985555,424.4953282350188,2862.0004477336906,-1.496887307439465e-06,49.02216696739197,6.3633763790130615,55.385544538497925,-1.850128228397807e-08,-1.7089844277506927e-06,1.3948630094528198,0.1938195824623108,0.010279369540512562,0.23937618732452393,0.13895244896411896,1.0
4065.940901558428,0.0,500.0,1.0,227,4540000,0.0075036744,495.1126993507337,2917.8065218591387,1.2586593811647617e-06,49.29877591133118,6.309958457946777,55.60873532295227,6.294250454175199e-09,6.347656267280399e-07,1.675825834274292,0.18997347354888916,0.0071215033531188965,0.29359060525894165,0.11336111277341843,1.0
3785.3665138636743,0.0,500.0,1.0,228,4560000,0.0075119124,475.6749684667891,2314.329066885201,-3.640175009422819e-06,49.863245487213135,6.487517833709717,56.35076665878296,1.5258788677030566e-09,-3.5461425795801915e-06,1.7146284580230713,0.2540093958377838,0.006802825257182121,0.11689124256372452,0.14814254641532898,1.0
3645.6292326986236,0.0,500.0,1.0,229,4580000,0.008361333,422.0973956357142,1586.9468545512789,-1.225471493171426e-07,49.70483756065369,6.349611520767212,56.054450273513794,-2.1934509764065524e-09,-5.340576194612368e-07,1.5523017644882202,0.2351958006620407,0.008299983106553555,0.19467243552207947,0.1515142321586609,1.0
3801.8118205966794,0.0,500.0,1.0,230,4600000,0.0071587884,572.579213369576,2269.2763881804835,-1.1062622888857732e-06,49.73033332824707,6.2801454067230225,56.010480880737305,-7.629394338515283e-10,-1.434326122762286e-06,1.598607063293457,0.19628790020942688,0.00782611034810543,0.3107014000415802,0.12278680503368378,1.0
3883.971166344483,0.0,500.0,1.0,231,4620000,0.0067185625,499.9607040502463,2498.344152210017,9.54675670072902e-07,49.79225015640259,6.385982036590576,56.17823314666748,-6.675720420901143e-09,2.685546860448085e-07,1.6038624048233032,0.2288600504398346,0.0077749076299369335,0.3637547791004181,0.14269308745861053,1.0
3832.4408679191574,0.0,500.0,1.0,232,4640000,0.009119969,369.13490837242955,1879.7243211879852,-3.705978315338143e-07,49.66370224952698,6.4058918952941895,56.06959676742554,-6.675719976811934e-10,-4.028320290672127e-07,1.3141158819198608,0.24994690716266632,0.01158143300563097,0.3313148319721222,0.1902015656232834,1.0
3766.6279999606877,0.0,500.0,1.0,233,4660000,0.00746523,426.6765467261053,2130.794216938383,2.733230530793662e-07,49.50258827209473,6.536604881286621,56.039194107055664,8.153915764808062e-09,1.098632793627985e-07,1.28882896900177,0.20453666150569916,0.01204034686088562,0.3067488670349121,0.1586996465921402,1.0
3517.017785767936,0.0,500.0,1.0,234,4680000,0.006790799,465.3565991881547,2144.3803671672845,8.324146278937405e-07,49.87672305107117,6.586786508560181,56.46351099014282,-7.534026735811494e-09,6.469726372415607e-07,1.729053258895874,0.23887531459331512,0.006689792033284903,0.10737096518278122,0.1381538063287735,1.0
3851.3221075542256,0.0,500.0,1.0,235,4700000,0.008501272,573.9721592702683,4078.749904870683,-1.0854721494979458e-06,49.6505331993103,6.477359771728516,56.127893686294556,1.1062621929625038e-08,-5.615234499600774e-07,1.3946497440338135,0.21983982622623444,0.010282513685524464,0.25568687915802,0.15763084590435028,1.0
4434.798911441674,0.0,500.0,1.0,236,4720000,0.007623192,604.276438388703,2309.4533485752763,-6.961822123230377e-07,49.57373094558716,6.481727838516235,56.055460691452026,4.959106458812812e-09,-8.666992243888672e-07,1.3653258085250854,0.20555414259433746,0.010728943161666393,0.3198915421962738,0.1505531668663025,1.0
4373.213999321572,0.0,500.0,1.0,237,4740000,0.008793185,741.7490118038883,2831.435708248843,-5.050659410699154e-07,50.03733730316162,6.472424030303955,56.50976324081421,1.3351440841802287e-08,-4.1503906800244295e-07,1.5362046957015991,0.23450422286987305,0.008474836125969887,0.28678783774375916,0.15265165269374847,1.0
4259.613098627948,0.0,500.0,1.0,238,4760000,0.008841576,879.5703858296582,3041.8650657702406,-1.1038780485250754e-06,49.98996376991272,6.508005619049072,56.49797177314758,-2.0980834847250662e-09,-1.8310547034161573e-07,1.4951907396316528,0.21989016234874725,0.008946151472628117,0.3444029688835144,0.1470649540424347,1.0
4260.557821776968,0.0,500.0,1.0,239,4780000,0.0067149154,833.2022363504786,2136.7598880451956,-1.0242462167298072e-06,50.219345569610596,6.3990232944488525,56.61837124824524,7.438659466174613e-09,-1.61437992574065e-06,1.444091558456421,0.2194669097661972,0.009590473026037216,0.3197621703147888,0.15197575092315674,1.0
4502.355556146902,0.0,500.0,1.0,240,4800000,0.0077026985,709.4048499672276,2236.657498577142,5.557060376304435e-07,49.901259899139404,6.4179112911224365,56.319172382354736,-1.4114379887075756e-08,1.0009765674112714e-06,1.2954908609390259,0.23279312252998352,0.01191683392971754,0.1648009717464447,0.17969496548175812,1.0
4724.624282355582,0.0,500.0,1.0,241,4820000,0.008235332,1570.539776261445,2229.580476253048,-6.713867151120212e-07,50.405322790145874,6.382812023162842,56.78813576698303,-3.814697446813398e-09,-3.6621094068323146e-07,1.83851158618927,0.24216723442077637,0.005916931666433811,0.17239484190940857,0.1317191869020462,1.0
4492.871745016253,0.0,500.0,0.975,242,4840000,0.008484969,1396.850763746128,2518.7807637791725,1.7320633105555316e-06,49.897703409194946,6.396760940551758,56.29446530342102,2.956390465769232e-09,1.6418457562394906e-06,1.679294466972351,0.2106683850288391,0.007092113606631756,0.26352423429489136,0.12545055150985718,1.0
4477.184234477549,0.0,500.0,1.0,243,4860000,0.008920364,779.4838347513964,2010.374717138983,2.5668146008683834e-06,49.57380390167236,6.4390869140625,56.012892961502075,-1.115798919926192e-08,2.142334096788545e-06,1.4025888442993164,0.2147960662841797,0.010166437365114689,0.25364458560943604,0.15314258635044098,1.0
4360.163389869153,0.0,500.0,1.0,244,4880000,0.008008487,903.6170067659609,3083.406778517802,-3.694534314035991e-07,50.12560701370239,6.445763349533081,56.571372747421265,-8.964538444899972e-09,-9.033203127728484e-07,1.525746464729309,0.22860407829284668,0.008591416291892529,0.1344453990459442,0.14983098208904266,1.0
4235.43118611428,0.0,500.0,1.0,245,4900000,0.0073047318,725.0515638557969,2526.0345745110967,-8.273124763036321e-07,49.94645714759827,6.435124158859253,56.381582260131836,-5.2452087118126656e-09,-5.615234499600774e-07,1.2843137979507446,0.21380509436130524,0.01212515588849783,0.2766471803188324,0.16647416353225708,1.0
4486.101471416742,0.0,500.0,1.0,246,4920000,0.0073591094,911.8275604831185,2757.4057746644235,-2.3815155145712197e-06,50.03079557418823,6.217104196548462,56.24790096282959,9.346008411625917e-09,-1.8066406255456968e-06,1.4625028371810913,0.21795323491096497,0.009350527077913284,0.2622612416744232,0.14902757108211517,1.0
4662.304395626454,0.0,500.0,1.0,247,4940000,0.007041349,822.2878989833176,2675.319754553145,1.5649794704586384e-07,49.435627937316895,6.180537700653076,55.61616802215576,-2.560615541824518e-08,5.615234499600774e-07,1.3036305904388428,0.22131222486495972,0.011768482625484467,0.16742432117462158,0.16976605355739594,1.0
4553.026403938548,0.0,500.0,1.0,248,4960000,0.006313044,536.6385464613604,2284.158189557312,1.051139861374395e-06,49.80928826332092,6.3167784214019775,56.12606883049011,-1.1062621929625038e-08,3.6621094068323146e-07,1.442460060119629,0.2509051561355591,0.009612180292606354,0.24594774842262268,0.17394253611564636,1.0
4767.8053528511355,0.0,500.0,1.0,249,4980000,0.007653389,464.5959847614264,2028.311510763958,8.31604012319076e-08,49.672452211380005,6.281885623931885,55.954339027404785,-1.916885317143624e-08,5.37109372089617e-07,1.607866883277893,0.2272317111492157,0.007736228406429291,0.35246625542640686,0.1413249373435974,1.0
4676.120366720596,0.0,500.0,1.0,250,5000000,0.00807359,787.4615607535004,3836.4267195586185,1.0895729474214022e-06,49.43331551551819,6.261717796325684,55.695034980773926,-1.592636067471176e-08,6.591797045985004e-07,1.490199327468872,0.21865779161453247,0.009006183594465256,0.19902640581130981,0.14673058688640594,1.0
4676.797549625572,0.0,500.0,1.0,251,5020000,0.007812077,538.4763574296502,2336.665117319678,-5.459308454192069e-07,49.61746168136597,6.378976821899414,55.9964394569397,-7.486343100993054e-09,-1.0986327652062755e-06,1.5579566955566406,0.2089402824640274,0.008239838294684887,0.1618344783782959,0.13411176204681396,1.0
4479.138506158189,0.0,500.0,1.0,252,5040000,0.007836323,583.0632529046126,2860.8250744473403,4.839897087549616e-07,49.64475870132446,6.3584465980529785,56.00320649147034,-1.358985901589449e-08,1.2817382639696007e-06,1.352298617362976,0.24803249537944794,0.01093665137887001,0.17427533864974976,0.1834154725074768,1.0
4816.253447112793,0.0,500.0,1.0,253,5060000,0.0073425383,255.92244819106568,2075.2361479352235,2.666282625796157e-06,50.02067184448242,6.4949235916137695,56.515596866607666,9.727478378351861e-09,1.9531250927684596e-06,1.4220168590545654,0.21235232055187225,0.00989054050296545,0.47080278396606445,0.14933177828788757,1.0
4452.752794447006,0.0,500.0,1.0,254,5080000,0.0070560942,374.43587891888467,2187.3681143013537,-2.2043466287868796e-06,49.937854528427124,6.496905326843262,56.43476104736328,-1.1467933269670993e-08,-1.4892577837599674e-06,1.4796420335769653,0.23262320458889008,0.009135160595178604,0.3299955725669861,0.15721584856510162,1.0
4830.949878404707,0.0,500.0,1.0,255,5100000,0.007556876,311.4889698198646,2010.9009535479697,5.230903639130702e-07,50.33325982093811,6.298584222793579,56.63184571266174,-1.9645691295977485e-08,1.0009765674112714e-06,1.4039206504821777,0.21954280138015747,0.010147157125175,0.153460294008255,0.156378373503685,1.0
4817.956907642297,0.0,500.0,1.0,256,5120000,0.007730624,612.0770027889567,4118.958483420208,-1.7414092212675314e-07,49.93583631515503,6.399887561798096,56.33572459220886,4.1961669694501325e-09,-6.347656267280399e-07,1.4160223007202148,0.2287275493144989,0.009974459186196327,0.29647770524024963,0.16152819991111755,1.0
4400.304606132717,0.0,500.0,0.975,257,5140000,0.007094528,690.2719955298552,3826.638547005623,1.013946530292742e-06,49.59907913208008,6.440464496612549,56.03954482078552,-4.577636936176077e-09,6.469726372415607e-07,1.25752854347229,0.2302762120962143,0.012647186405956745,0.1725691705942154,0.1831180602312088,1.0
4650.696540944479,0.0,500.0,1.0,258,5160000,0.0074330093,564.2253111869667,2303.539639845927,-1.5005588238636847e-06,49.98954176902771,6.330888509750366,56.32043266296387,1.3828277189986693e-08,-1.452636752219405e-06,1.4458892345428467,0.23199769854545593,0.009566640481352806,0.21905402839183807,0.16045328974723816,1.0
4685.568140891,0.0,500.0,1.0,259,5180000,0.0065665785,730.8265857769426,3105.7459359138634,-4.5928956637908414e-07,50.00648379325867,6.296742677688599,56.3032283782959,-6.294250454175199e-09,-7.446288918799837e-07,1.565393328666687,0.24911265075206757,0.008161735720932484,0.10644520074129105,0.15913744270801544,1.0
4706.378001959844,0.0,500.0,1.0,260,5200000,0.0078873,593.7205431506892,2048.518993829618,3.009796216701943e-07,50.11759662628174,6.440800666809082,56.55839920043945,-1.8215178698710588e-08,4.272461069376732e-07,1.4062738418579102,0.20424270629882812,0.010113227181136608,0.24836106598377228,0.1452367603778839,1.0
4812.943424166086,0.0,500.0,1.0,261,5220000,0.0069029555,534.3640052941195,1843.7697211976265,-6.397247602762945e-07,49.823105335235596,6.343343257904053,56.16645073890686,1.754760781125242e-08,-1.3427734302240424e-07,1.3024691343307495,0.2338290959596634,0.011789483018219471,0.2225528061389923,0.17952752113342285,1.0
4834.9570853896175,0.0,500.0,1.0,262,5240000,0.0073485533,620.7174576583182,2057.1856190286626,1.4930725455997162e-06,50.20791006088257,6.431629419326782,56.639540910720825,1.754760781125242e-08,1.3916015859649633e-06,1.5669721364974976,0.24912779033184052,0.008145296946167946,0.21582230925559998,0.15898671746253967,1.0
4832.5740809643,0.0,500.0,1.0,263,5260000,0.008509145,743.2934934239479,2200.296625572253,5.868911898687657e-07,49.793285608291626,6.377488851547241,56.17077684402466,4.577636936176077e-09,4.821777110919356e-07,1.4383881092071533,0.2005753070116043,0.009666679427027702,0.2653426229953766,0.139444500207901,1.0
4829.832943093661,0.0,500.0,1.0,264,5280000,0.007921926,493.3805322003213,1864.0640224189515,-3.2208442917180946e-06,50.00902962684631,6.375608205795288,56.384639263153076,-2.7799606172607128e-08,-3.1585693704982987e-06,1.5926947593688965,0.20750752091407776,0.007884320802986622,0.24066191911697388,0.1302870661020279,1.0
4742.654114508386,0.0,500.0,1.0,265,5300000,0.0071532167,408.8834445005769,2166.9920338235843,-8.848190304888703e-07,49.86415147781372,6.351273536682129,56.215426206588745,1.2969970875076342e-08,-8.78906234902388e-07,1.5912648439407349,0.2425784170627594,0.007898498326539993,0.14811429381370544,0.1524437814950943,1.0
4580.571897821089,0.0,500.0,1.0,266,5320000,0.0072610197,380.91579740487845,3401.2840003141173,-5.470752739711315e-07,49.85330247879028,6.347115516662598,56.20042014122009,-9.059906158626063e-10,-1.1474609209471964e-06,1.556723713874817,0.23316612839698792,0.00825289636850357,0.15124914050102234,0.1497800499200821,1.0
4696.145530096472,0.0,500.0,1.0,267,5340000,0.00732108,643.6369693877591,2520.2757229361564,-1.99375153897563e-06,50.236252307891846,6.375911474227905,56.61216640472412,-5.7220459481754915e-09,-1.977539113795501e-06,1.3367042541503906,0.2267054319381714,0.011193320155143738,0.21973900496959686,0.16960027813911438,1.0
4757.29730978079,0.0,500.0,1.0,268,5360000,0.00697314,400.53101151095836,1826.757355125087,-1.2836457585763128e-07,50.25330710411072,6.391911268234253,56.64522075653076,3.6239624634504253e-09,-7.568359592369234e-07,1.4209344387054443,0.2390822470188141,0.009905614890158176,0.13624019920825958,0.16825707256793976,1.0
4834.46383674683,0.0,500.0,1.0,269,5380000,0.007316833,412.4111248235034,2063.8519186032045,1.0688781912904233e-06,49.30282020568848,6.266463994979858,55.569286584854126,4.634857120322522e-08,1.220703097715159e-06,1.4414221048355103,0.21819272637367249,0.00962602999061346,0.22170746326446533,0.1513732522726059,1.0
4832.275983422862,0.0,500.0,1.0,270,5400000,0.0071501276,328.01793234758316,1687.9236832734125,2.603244865895249e-06,49.0508599281311,6.360838413238525,55.41170072555542,4.2724607851596375e-08,2.3193358629214345e-06,1.519312858581543,0.23324264585971832,0.008664330467581749,0.21376092731952667,0.15351852774620056,1.0
4834.614270606275,0.0,500.0,1.0,271,5420000,0.008067078,294.16756179226434,1642.3054979846736,-2.0224572381266626e-06,49.181161880493164,6.2372283935546875,55.418392181396484,1.8978118632162477e-08,-1.486206087975006e-06,1.3420345783233643,0.19616514444351196,0.011104580946266651,0.3016246557235718,0.14616996049880981,1.0
4798.667727917266,0.0,500.0,1.0,272,5440000,0.0069811065,360.4855081934838,1607.5266847841299,-4.6911239337532606e-07,49.56395721435547,6.328337669372559,55.892295837402344,4.577636936176077e-09,-9.399414011568297e-07,1.1792588233947754,0.24317018687725067,0.014381740242242813,0.3514195382595062,0.20620590448379517,1.0
4771.721084540262,0.0,500.0,1.0,273,5460000,0.007913759,327.59208315223646,1467.6234302302075,6.511688184218656e-07,49.60789394378662,6.188399076461792,55.79629445075989,2.8514861583062157e-08,5.981445383440587e-07,1.3440207242965698,0.2036159634590149,0.011071784421801567,0.2721095383167267,0.15149763226509094,1.0
4836.858125151901,0.0,500.0,1.0,274,5480000,0.0069992384,173.0263300610196,1370.44482270259,1.107907337427605e-06,49.39573264122009,6.206599235534668,55.602333307266235,-4.572868306240707e-08,1.3793945754514425e-06,1.1754285097122192,0.2403634935617447,0.014475624077022076,0.18847690522670746,0.2044900506734848,1.0
4833.347619418388,0.0,500.0,1.0,275,5500000,0.00761355,298.3068876278628,2017.2267587455215,5.025863458740787e-08,49.345144748687744,6.342498540878296,55.68764519691467,-2.8610228852699038e-08,-2.9296876391526894e-07,1.406217336654663,0.21568229794502258,0.010114039294421673,0.2250833809375763,0.1533776968717575,1.0
4832.887576034458,0.0,500.0,1.0,276,5520000,0.00523071,130.92514635316886,1081.9827307051155,1.2039183729939396e-06,49.5489068031311,6.405529260635376,55.95443677902222,-5.021095361712469e-08,9.338378959000693e-07,1.5116840600967407,0.2961185872554779,0.008752001449465752,0.09017691016197205,0.19588656723499298,1.0
4831.973714057688,0.0,500.0,1.0,277,5540000,0.0079783555,214.55150855969472,1825.4411878840938,-4.774093440573779e-07,49.32257342338562,6.353710651397705,55.6762855052948,-2.5177001816700795e-08,-8.666992243888672e-07,1.7685788869857788,0.21527767181396484,0.006394114810973406,0.16418412327766418,0.12172354757785797,1.0
4831.844422358183,0.0,500.0,1.0,278,5560000,0.007903374,293.91721372179165,1661.3791924154682,-1.1100769370386843e-07,49.95635271072388,6.2803425788879395,56.23669648170471,2.7847290695603988e-08,-5.493163826031378e-07,1.3908765316009521,0.22715461254119873,0.010338377207517624,0.17283476889133453,0.16331760585308075,1.0
4834.270724631356,0.0,500.0,1.0,279,5580000,0.0066848327,304.89093347780266,1899.623832245845,6.999969173193676e-07,50.00258445739746,6.476797342300415,56.47938394546509,-1.3351440841802287e-08,4.1503906800244295e-07,1.2581536769866943,0.254207581281662,0.012634621001780033,0.15661391615867615,0.20204812288284302,1.0
4832.83003961715,0.0,500.0,1.0,280,5600000,0.007500142,495.0470746471624,1658.641781596773,9.809494940782315e-07,49.753055572509766,6.426522970199585,56.179579734802246,-3.433227480087453e-09,5.004882837056357e-07,1.3917698860168457,0.24417613446712494,0.010325109586119652,0.1473492681980133,0.17544294893741608,1.0
4834.218442866855,0.0,500.0,1.0,281,5620000,0.0065327757,749.9447851338964,1675.8119532882788,1.813888559354382e-07,50.233537673950195,6.370553016662598,56.60409164428711,1.1825561863076928e-08,4.882812376649781e-08,1.3028168678283691,0.2370528131723404,0.011783188208937645,0.27181491255760193,0.1819540560245514,1.0
4836.230634903579,0.0,500.0,1.0,282,5640000,0.0066547897,288.45632937486005,1399.1635241465963,7.392883389911731e-07,49.89107918739319,6.410708427429199,56.30178880691528,2.9182434246877165e-08,9.765625463842298e-07,1.411186933517456,0.25588977336883545,0.010042930021882057,0.17239698767662048,0.1813294142484665,1.0
4832.883888100927,0.0,500.0,1.0,283,5660000,0.0073034423,411.53056996825393,1648.7945733137192,-7.364272960330709e-07,49.59339380264282,6.113339424133301,55.706735610961914,8.01086397217432e-09,-2.3803710291758762e-07,1.4657881259918213,0.24112564325332642,0.00930865854024887,0.14395178854465485,0.16450238227844238,1.0
4830.790389985804,0.0,500.0,1.0,284,5680000,0.007105683,517.824603966391,2230.663728478304,3.8394927059925976e-07,49.09914541244507,6.332319498062134,55.43146586418152,2.6702879907247734e-09,-1.098632793627985e-07,1.0149387121200562,0.2573488652706146,0.01941557228565216,0.2408139705657959,0.25356099009513855,1.0
4737.052326668477,0.0,500.0,1.0,285,5700000,0.006764932,363.8225259137002,1218.5234180231762,2.9905318115197588e-06,49.30530619621277,6.291559219360352,55.596866607666016,-5.7220459481754915e-09,2.673339849934564e-06,1.6246472597122192,0.2575700581073761,0.007577243726700544,0.16838859021663666,0.1585390865802765,1.0
4833.682908434805,0.0,500.0,1.0,286,5720000,0.0069461623,322.5433941737861,954.7951423402045,2.1368027773860376e-06,49.684865951538086,6.50573992729187,56.19060754776001,-1.3828277189986693e-08,2.2491456093121087e-06,1.424022912979126,0.2602105438709259,0.009862695820629597,0.20464040338993073,0.18272915482521057,1.0
4833.977774356884,0.0,500.0,1.0,287,5740000,0.00768638,342.7920750684799,1503.5653416724722,1.4689445606563822e-06,49.657559633255005,6.49159049987793,56.14915204048157,-2.7847290695603988e-08,1.4465332469626446e-06,1.1782740354537964,0.21280136704444885,0.014405789785087109,0.24295201897621155,0.18060433864593506,1.0
4833.017163817179,0.0,500.0,1.0,288,5760000,0.0070875967,312.7878493582367,1748.6876171330737,1.8444060856381839e-07,50.205389976501465,6.291198492050171,56.49659037590027,8.678436635989328e-09,6.103515470812226e-09,1.577685832977295,0.24180202186107635,0.008035046048462391,0.10327065736055374,0.15326370298862457,1.0
4833.101460148313,0.0,500.0,1.0,289,5780000,0.0065236986,468.5568842748168,1303.276196094683,5.685806172550656e-07,49.55803608894348,6.473621368408203,56.03165936470032,1.6593933338526767e-08,5.493163826031378e-07,1.052064299583435,0.2747425138950348,0.01806946098804474,0.28398749232292175,0.26114606857299805,1.0
4772.323938973583,0.0,500.0,1.0,290,5800000,0.00614451,450.0173375706764,1194.3325924235544,-2.445220843583229e-07,49.72370171546936,6.328157663345337,56.051860332489014,4.76837147544984e-09,4.455566511296638e-07,1.5510655641555786,0.27163830399513245,0.008313218131661415,0.08505667001008987,0.17513009905815125,1.0
4745.193225723391,0.0,500.0,1.0,291,5820000,0.007281315,422.86097518046193,1544.9556695440012,1.0149001354875509e-06,49.60659098625183,6.313575983047485,55.92016792297363,1.8024444159436825e-08,6.347656267280399e-07,1.3881136178970337,0.2445598840713501,0.010379575192928314,0.1487867832183838,0.17618146538734436,1.0
4772.420697066074,0.0,500.0,1.0,292,5840000,0.006239574,291.92085965393454,1341.1220225729,-1.300144276683568e-06,49.5918550491333,6.307737588882446,55.89959383010864,7.629394893626795e-09,-1.3153075997252017e-06,1.3823004961013794,0.2754894495010376,0.01046705711632967,0.11899660527706146,0.19929780066013336,1.0
4835.352665705249,0.0,500.0,1.0,293,5860000,0.006477963,230.00598384346932,1625.9550053881992,2.0046233828452387e-07,49.69597244262695,6.362006187438965,56.05798077583313,1.5783310658434857e-08,5.065917889623961e-07,1.2849092483520508,0.24307498335838318,0.012113918550312519,0.23179124295711517,0.1891767680644989,1.0
4833.907159685114,0.0,500.0,1.0,294,5880000,0.0075835465,220.12568265829876,1567.0866228431653,-1.9262315618107095e-06,49.24371266365051,6.368528366088867,55.612242221832275,-1.1062621929625038e-08,-1.6235351267823717e-06,1.056098222732544,0.21354497969150543,0.017931684851646423,0.320445716381073,0.20220182836055756,1.0
4833.458670402384,0.0,500.0,1.0,295,5900000,0.006624069,292.06332179269975,1897.4270697138113,-3.513335968818865e-07,49.04590344429016,6.2881762981414795,55.334080934524536,1.0299682884351569e-08,-3.6621094068323146e-07,1.27349853515625,0.24638895690441132,0.012331977486610413,0.2506435811519623,0.19347408413887024,1.0
4807.170529800942,0.0,500.0,1.0,296,5920000,0.0072828825,259.3965860451862,1827.0070475390003,-6.119727800069086e-07,49.411208152770996,6.353609561920166,55.76481890678406,3.6239624634504253e-09,4.6386719532165444e-07,1.505414366722107,0.2512121796607971,0.00882505439221859,0.17417989671230316,0.16687245666980743,1.0
4766.735434708748,0.0,500.0,1.0,297,5940000,0.007731904,299.36862743401986,1764.9365667452478,-7.457733204319084e-07,49.0322744846344,6.315964460372925,55.34823966026306,-2.0599365768703137e-08,-3.1738281336401997e-07,1.2625856399536133,0.2181023508310318,0.012546075507998466,0.29925405979156494,0.172742560505867,1.0
4833.760185671911,0.0,500.0,1.0,298,5960000,0.00760371,214.1306399497257,2425.3844726173743,2.9373168786150927e-07,49.73219275474548,6.49496865272522,56.22716236114502,-3.833770634287248e-08,7.324219097881723e-08,1.2002792358398438,0.21952009201049805,0.013882416300475597,0.26152342557907104,0.18289083242416382,1.0
4834.681722408466,0.0,500.0,1.0,299,5980000,0.006795857,300.5192899303072,1789.4093118266694,-8.769989108259324e-07,49.73038101196289,6.468134880065918,56.1985182762146,5.054473728449693e-09,-8.544922138753464e-07,1.391044020652771,0.2627093493938446,0.010335887782275677,0.2626093029975891,0.18885761499404907,1.0
4833.604194391229,0.0,500.0,1.0,300,6000000,0.0068631615,227.85535534658248,1522.4906361573821,-1.9016265468962956e-06,50.014753341674805,6.391357183456421,56.40611243247986,2.174377478070255e-08,-1.6967773035503342e-06,1.6220200061798096,0.24520066380500793,0.007601810619235039,0.13158181309700012,0.15116992592811584,1.0
1997.729322342954,3915.31125,500.0,0.2375,301,6020000,0.006869461,1430.966674279863,29931.137668099374,6.9869515755272005e-06,49.84501004219055,6.449807167053223,56.29482054710388,-1.7166137400437265e-09,3.6132812510913936e-06,0.7044448852539062,0.2446107417345047,0.040302857756614685,0.28577715158462524,0.3762771487236023,1.0
1035.8866053127392,5936.19375,500.0,0.0,302,6040000,0.0050186133,1357.2343355798419,54323.5457640824,9.717178727441933e-06,49.64068126678467,6.3020360469818115,55.94271945953369,-2.4986267277427032e-08,1.904296823340701e-06,0.7028422951698303,0.27348509430885315,0.040486861020326614,0.16680790483951569,0.41149428486824036,1.0
997.6452398966118,6074.01,500.0,0.0,303,6060000,0.00595557,713.0234280920332,96310.04871709544,5.71365353607689e-06,49.15963125228882,6.322507381439209,55.482139587402344,3.0040741449965935e-08,-7.81249980263965e-07,0.722375214099884,0.27991676330566406,0.03832694888114929,0.24693486094474792,0.39207369089126587,1.0
1096.2371346119423,5413.6137499999995,500.0,0.025,304,6080000,0.009261299,483.3819162551005,75237.90208001592,9.069919997273246e-07,49.50188088417053,6.250736713409424,55.75261926651001,2.6035309019789565e-08,5.51757830180577e-06,0.6018896102905273,0.25741836428642273,0.055207259953022,0.2781475782394409,0.42845964431762695,1.0
1097.3788522081516,2656.6099999999997,500.0,0.0,305,6100000,0.0063879197,399.84602308820007,69532.53130162718,-3.882980308844708e-06,49.51340126991272,6.368610858917236,55.88201403617859,1.4781951662712345e-08,-2.6367188183940016e-06,0.8207523822784424,0.2545759975910187,0.02968968078494072,0.29203513264656067,0.29838523268699646,1.0
1092.4675672024532,5351.68,500.0,0.0,306,6120000,0.0059773237,480.1806660208732,106281.11640998209,4.657363660953706e-06,49.35907602310181,6.422363996505737,55.78144073486328,-1.039505015398845e-08,-1.8554687812866177e-06,0.7864332795143127,0.25668081641197205,0.03233747184276581,0.27054455876350403,0.3290056884288788,1.0
1150.189625507114,3200.2275,500.0,0.02,307,6140000,0.005471796,231.93789172810355,79467.715364998,-2.1806715722050285e-06,48.2620370388031,6.26918888092041,54.53122806549072,2.9277801516514046e-08,-2.9296876391526894e-07,0.8321723937988281,0.27966949343681335,0.02888040617108345,0.18398086726665497,0.32974421977996826,1.0
1163.5666171037778,5406.54625,500.0,0.05125,308,6160000,0.0061957436,421.4846861043553,145646.0326134554,-5.546140982914949e-06,49.339425802230835,6.436096668243408,55.7755241394043,-2.574920721087892e-08,-1.367187451251084e-06,0.6691371202468872,0.24856214225292206,0.04466831684112549,0.3498958647251129,0.3450714647769928,1.0
1118.21099325508,6602.865,500.0,0.027500000000000004,309,6180000,0.0064117876,463.14658745929694,187451.6470740446,6.984329047554638e-06,48.95257616043091,6.398252487182617,55.35082983970642,4.253387331232261e-08,4.0039062696450856e-06,0.8347631096839905,0.26163432002067566,0.02870141714811325,0.2711876630783081,0.3060680031776428,1.0
1189.6534449618023,2064.69375,500.0,0.026250000000000002,310,6200000,0.0054013534,213.99727810416252,114719.08955140326,-4.897451162833022e-06,49.0058376789093,6.339144706726074,55.34498310089111,1.1825561863076928e-08,-2.2460937998403097e-06,0.8278000354766846,0.31083425879478455,0.029186297208070755,0.18361252546310425,0.35099321603775024,1.0
1084.1710779954792,2374.4875,500.0,0.0,311,6220000,0.0065356735,298.47621288907,131346.03607745323,3.429126763876411e-06,49.36090278625488,6.379591464996338,55.74049639701843,-1.0490417423625331e-08,1.4648437627329258e-06,0.9249131083488464,0.19860966503620148,0.023379109799861908,0.26173898577690125,0.23533429205417633,1.0
1048.6144014074623,5690.805,500.0,0.0,312,6240000,0.0062034517,211.23827557654897,79417.27516980992,1.3696669611817924e-06,48.42109942436218,6.364368200302124,54.78546977043152,4.00543198608716e-09,1.757812469804776e-06,0.8072264790534973,0.29851824045181274,0.03069297969341278,0.2799954116344452,0.3095156252384186,1.0
1085.6992174177672,2736.235,500.0,0.02,313,6260000,0.006725097,186.15932427910482,114596.11030180135,-5.9498784139577765e-06,48.9290132522583,6.667224884033203,55.59623908996582,-6.771087690538025e-09,-1.6601562720097718e-06,0.7003912925720215,0.27268505096435547,0.040770724415779114,0.30255138874053955,0.37432625889778137,1.0
1108.1229474054003,1791.5175,500.0,0.005,314,6280000,0.006102516,125.50753538532622,117227.94182921975,2.6138307021028595e-06,48.65627193450928,6.466911792755127,55.12318468093872,1.0013580187262505e-08,2.6367188183940016e-06,0.5883708596229553,0.2801688015460968,0.057773347944021225,0.2392156571149826,0.45882293581962585,1.0
1052.3540775189135,6057.867499999999,500.0,0.0,315,6300000,0.0066240793,186.85404599912607,154685.7007327329,-4.869747044722317e-06,48.462188959121704,6.440999984741211,54.90319061279297,-6.38961772381208e-09,-2.441406195430318e-06,0.6707904934883118,0.2403264343738556,0.04444839805364609,0.23217949271202087,0.4110163748264313,1.0
1031.6320912985527,5669.8150000000005,500.0,0.0,316,6320000,0.0054477705,163.24266026247838,238256.12093824643,-1.9946098461787187e-07,49.87042856216431,6.312227249145508,56.182658195495605,1.0299682884351569e-08,1.4648438195763447e-07,0.5768024325370789,0.26098552346229553,0.060114018619060516,0.22541220486164093,0.5516119003295898,1.0
1081.8476619098278,5559.56625,500.0,0.0,317,6340000,0.007626927,178.12527744754865,238510.06486365446,-2.13603971133125e-06,49.7923858165741,6.609622478485107,56.40201115608215,-1.358985901589449e-08,-2.734374902502168e-06,0.8542290329933167,0.24471871554851532,0.027408242225646973,0.32913610339164734,0.2828969359397888,1.0
1041.107161649806,3010.77375,500.0,0.025,318,6360000,0.0065089203,136.4556554684973,161012.10503956012,2.3375630462396657e-06,50.14641523361206,6.377538204193115,56.52395439147949,-4.017353116836375e-09,-3.41796862812771e-07,0.7574666738510132,0.2541762590408325,0.03485802561044693,0.3252179026603699,0.3322004973888397,1.0
1069.2575291624762,5982.72125,500.0,0.025,319,6380000,0.0077393227,225.58103510376753,202836.01775726513,7.5160978667554446e-06,50.320953130722046,6.1209821701049805,56.441936016082764,1.478195232884616e-09,-8.300781360048859e-07,0.529579222202301,0.22945930063724518,0.07131288945674896,0.33232370018959045,0.5263968706130981,1.0
1029.046231123137,8534.9725,500.0,0.01,320,6400000,0.0068557863,153.90636217153755,287672.2569068471,2.0502088773355354e-06,48.70833683013916,6.0749900341033936,54.78332805633545,2.6702879907247734e-09,6.4453124650754035e-06,0.6072417497634888,0.24731728434562683,0.05423837900161743,0.2906319797039032,0.4358190894126892,1.0
1159.9935429263485,2249.1225,500.0,0.036250000000000004,321,6420000,0.0065002153,144.70798310929803,64340.02176459246,-4.8801421144162305e-06,49.05231308937073,6.091136455535889,55.14345073699951,-5.2452087118126656e-09,-8.78906234902388e-07,0.7825918793678284,0.2681621313095093,0.03265571594238281,0.23083540797233582,0.31931155920028687,1.0
1136.424892025355,2357.5075,500.0,0.05375,322,6440000,0.0051543084,189.38129946957727,129041.08524830813,-4.025840553367743e-06,48.53518080711365,6.130507707595825,54.66568922996521,1.3160705414350105e-08,2.734374902502168e-06,0.8602581024169922,0.27379274368286133,0.027025409042835236,0.3551296591758728,0.2913503646850586,1.0
1085.0038442605785,3207.1325,500.0,0.04625,323,6460000,0.008458544,183.24215507021376,168979.77721748108,-2.0421980480023194e-06,48.9125874042511,6.02011513710022,54.93270421028137,-8.964538444899972e-09,-1.4648437627329258e-06,0.9768002033233643,0.24891385436058044,0.020961303263902664,0.24619069695472717,0.2648511230945587,1.0
1114.159735915803,2233.2625,500.0,0.05375,324,6480000,0.005573792,163.1961586946135,102776.21428082703,1.6614914102319744e-06,49.019580125808716,6.43801736831665,55.45759892463684,-1.1920929132713809e-08,2.148437488358468e-06,0.9860941767692566,0.23891565203666687,0.02056804671883583,0.2227882295846939,0.24406033754348755,1.0
1052.8619733375876,916.29375,500.0,0.027500000000000004,325,6500000,0.0063610054,212.6744757658357,73775.49790039062,4.823684776056325e-07,48.80337715148926,6.434995174407959,55.23837375640869,-1.7166137400437265e-09,9.765625463842298e-07,1.0154826641082764,0.23066546022891998,0.019394773989915848,0.1683686226606369,0.28348490595817566,1.0
1129.258632198569,557.0325,500.0,0.05625,326,6520000,0.0070637153,192.65654245607413,61212.26984194616,-3.713417072503944e-06,49.2444589138031,6.410444736480713,55.654905557632446,-9.536743617033494e-10,-2.0996094463043846e-06,1.009453296661377,0.25279855728149414,0.019627153873443604,0.22408679127693176,0.2503221035003662,1.0
1121.230357531667,1762.54375,500.0,0.06625,327,6540000,0.0058600637,202.97886029140204,114974.65181068372,2.2998808617558097e-06,48.99584650993347,6.402651071548462,55.39849829673767,1.7166137400437265e-09,-7.81249980263965e-07,0.7272191643714905,0.2771347165107727,0.0378180593252182,0.2653656303882599,0.3571847677230835,1.0
1053.9060755354722,4284.7387499999995,500.0,0.03125,328,6560000,0.00677722,169.58452287418828,106200.34652293989,6.206702892086469e-06,48.78928089141846,6.317178726196289,55.10646057128906,1.4305114870438729e-09,4.5410156417347025e-06,0.7856420874595642,0.2756708860397339,0.032402634620666504,0.24264951050281525,0.33006131649017334,1.0
1050.5457457337493,1493.9862500000002,500.0,0.01875,329,6580000,0.008292645,134.11675900258837,88658.43466050457,2.445030077069532e-06,48.199302673339844,6.403168201446533,54.60247206687927,3.3378602104505717e-09,3.906249901319825e-07,0.9227256178855896,0.2274678647518158,0.023490089923143387,0.28866249322891235,0.24334028363227844,1.0
989.1557028942461,2404.4387500000003,500.0,0.0,330,6600000,0.006651152,222.6244337045463,189799.1932113356,-4.789161721419077e-06,48.07794713973999,6.249129772186279,54.327077865600586,6.484985437538171e-09,-4.492187599680619e-06,0.8520331382751465,0.2640840709209442,0.02754969894886017,0.25725871324539185,0.2863445580005646,1.0
1055.6962750742944,2313.7487499999997,500.0,0.01,331,6620000,0.006682739,150.53058601185015,80628.86055682723,-2.504634949218598e-06,47.99890208244324,6.232390403747559,54.23129439353943,8.869171175263091e-09,-9.765624753299562e-08,0.7828630208969116,0.2520524263381958,0.03263309597969055,0.36246198415756226,0.29283687472343445,1.0
1070.747612843978,1573.4675000000002,500.0,0.015000000000000003,332,6640000,0.0065842955,187.92495686962346,125453.66569839769,-1.1693955457303673e-06,48.151057958602905,6.3371498584747314,54.48820996284485,9.536742923144104e-11,-1.4648437627329258e-06,0.8360204100608826,0.26825159788131714,0.028615154325962067,0.3375418484210968,0.2539377212524414,1.0
1110.8130753744995,114.755,500.0,0.00625,333,6660000,0.008317961,188.09530625555925,80774.87019898239,-4.88643627249985e-06,48.28296089172363,6.392765522003174,54.67572832107544,5.722046170220096e-10,1.9531249506599124e-07,0.8974976539611816,0.21175070106983185,0.02482922375202179,0.2444571703672409,0.24940462410449982,1.0
1195.7921978216746,902.1612499999999,500.0,0.030000000000000006,334,6680000,0.006105681,172.48048124131122,135930.03828778115,-5.465793492476223e-06,48.755539655685425,6.257205963134766,55.01274657249451,6.103515470812226e-09,-3.906249901319825e-07,0.8588911890983582,0.30383536219596863,0.02711149863898754,0.2750866711139679,0.27613791823387146,1.0
1167.690321354523,3595.5799999999995,500.0,0.016250000000000004,335,6700000,0.0067210547,248.7613960752062,154452.04554948746,4.881954282609513e-06,49.465551137924194,6.414335489273071,55.87988781929016,-3.910064716450279e-09,3.906249901319825e-07,0.7643625736236572,0.27043581008911133,0.03423190116882324,0.27601170539855957,0.32768145203590393,1.0
1143.7175273635635,4032.72125,500.0,0.06625,336,6720000,0.005077006,398.9559627411472,163270.03456036028,-7.230472419905709e-06,48.76131987571716,6.304512977600098,55.065833568573,-3.2424927187690855e-09,2.9296876391526894e-07,0.7770546078681946,0.28098243474960327,0.03312277793884277,0.33058589696884155,0.3102721571922302,1.0
1248.5591854390445,1393.4225,500.0,0.08125,337,6740000,0.006659781,375.9208327906906,184112.20418584545,-3.404998778933077e-06,48.77787160873413,6.253965139389038,55.031838178634644,-1.0871887390351276e-08,-2.050781176876626e-06,0.8605776429176331,0.22404716908931732,0.02700534649193287,0.2379034459590912,0.2793256640434265,1.0
1244.3869940171257,2063.2200000000003,500.0,0.08625,338,6760000,0.005046148,525.9004751995111,194175.4520314988,6.03923808739637e-06,48.71794509887695,6.363433361053467,55.08137917518616,8.583068478174027e-09,3.12499992105586e-06,0.841247022151947,0.24159885942935944,0.028260692954063416,0.3417072594165802,0.29964837431907654,1.0
1222.7518959226352,2045.5887500000001,500.0,0.03875,339,6780000,0.0072372407,294.07339018317543,129934.08794785032,6.361007649502426e-07,48.170461893081665,6.407878160476685,54.578341007232666,1.5258788677030566e-09,2.4414063659605745e-07,1.0626821517944336,0.24007262289524078,0.017710182815790176,0.23360536992549896,0.21408499777317047,1.0
1191.8980177396916,142.5275,500.0,0.025,340,6800000,0.0061590485,338.26945380435626,103450.41000758858,5.091476396046346e-06,48.74572443962097,6.4039788246154785,55.14970421791077,-2.2888184680880386e-09,3.906249901319825e-07,0.8734567761421204,0.2867148220539093,0.026214826852083206,0.3014545440673828,0.257527232170105,1.0
1190.8156390830154,1131.09125,500.0,0.025,341,6820000,0.0063588745,291.23116611067655,92200.70575845317,-1.8262862511164712e-07,48.26515054702759,6.405609846115112,54.67076110839844,-1.6212464259979242e-08,1.56249996052793e-06,0.8244310617446899,0.2682563364505768,0.02942531742155552,0.2929559051990509,0.2656518816947937,1.0
1196.464327813194,4918.985,500.0,0.02375,342,6840000,0.006754727,416.29150914963645,246874.48104349125,-4.892921424470842e-06,49.487263679504395,6.308183431625366,55.795449018478394,1.0299682884351569e-08,5.859375278305379e-07,0.8036315441131592,0.2628644108772278,0.03096819669008255,0.21621742844581604,0.32810044288635254,1.0
1222.4614066183694,3647.6324999999997,500.0,0.04625,343,6860000,0.0069541372,331.52250899782604,163877.73556055932,-6.8392755565582775e-06,48.77905488014221,6.410619497299194,55.18967628479004,-2.6702879907247734e-09,-9.765624753299562e-08,0.9260756969451904,0.2974207401275635,0.023320447653532028,0.2253902405500412,0.29381704330444336,1.0
1258.8366951834164,3091.2575,500.0,0.05500000000000001,344,6880000,0.0044517186,433.73242670047057,171578.6557113356,-1.600074710950139e-06,48.63639211654663,6.313913583755493,54.95030641555786,-1.0490417423625331e-09,-1.757812469804776e-06,0.8773265480995178,0.2986813485622406,0.02598407492041588,0.24908463656902313,0.30523571372032166,1.0
1093.1878608742147,3223.0662500000003,500.0,0.0,345,6900000,0.0053288885,385.5014732020676,204641.42400353303,1.8592834294395288e-06,48.94581365585327,6.463882207870483,55.40969753265381,-1.9073485846288207e-10,1.56249996052793e-06,0.866072952747345,0.2724405527114868,0.026663731783628464,0.31740596890449524,0.2801061272621155,1.0
1238.5480333192536,2857.0112500000005,500.0,0.0,346,6920000,0.006679046,255.32531272742398,95697.55238604697,-2.974128619825933e-06,48.68151807785034,6.463089466094971,55.14460849761963,6.675720420901143e-09,-5.419921762950253e-06,0.7408730983734131,0.24691219627857208,0.03643696382641792,0.34222421050071716,0.34436488151550293,1.0
1237.104677771957,762.63,500.0,0.0,347,6940000,0.0066372133,211.5344936565229,128661.24332703026,-2.4411201593466103e-06,48.73059058189392,6.348386526107788,55.0789794921875,-1.00135799652179e-09,1.1718750556610757e-06,0.8455665707588196,0.25474119186401367,0.027972688898444176,0.16332080960273743,0.32655054330825806,1.0
1202.9618663993786,3.9274999999999998,500.0,0.0,348,6960000,0.0077228523,153.10691942591575,80531.02438513884,6.370163191604661e-06,48.080469369888306,6.249726057052612,54.330196380615234,-1.363754265071293e-08,1.1718750556610757e-06,1.209240198135376,0.22192062437534332,0.013677427545189857,0.24284915626049042,0.18352076411247253,1.0
1342.7572090574197,2114.0825000000004,500.0,0.05,349,6980000,0.008798877,198.81633417894886,163868.80952428345,2.140235892511555e-06,48.88376212120056,6.467591285705566,55.351354360580444,-4.768371461572052e-11,3.906250185536919e-06,0.8673827648162842,0.23802755773067474,0.026583263650536537,0.25679388642311096,0.2831607162952423,2.0
1323.687674915931,1311.3650000000002,500.0,0.0325,350,7000000,0.0050179455,205.43421817463675,125551.04226525179,5.085802058601985e-06,48.58175539970398,6.419512510299683,55.00126886367798,-2.8610229740877458e-09,7.81249980263965e-07,0.9371390342712402,0.2656310200691223,0.022773081436753273,0.32695525884628296,0.2457597851753235,1.0
1333.6957129890684,644.865,500.0,0.0175,351,7020000,0.006706471,141.42213118972293,107738.40760163714,7.770252523187082e-06,48.259265184402466,6.503474473953247,54.76274037361145,4.491806038231516e-08,3.4179688555013854e-06,0.9827341437339783,0.2627357542514801,0.020708931609988213,0.20075617730617523,0.2521224021911621,1.0
1163.456154215732,3959.6575,500.0,0.005,352,7040000,0.006380909,283.45553598100213,245139.5964806429,4.670715497923084e-06,48.907392501831055,6.70632529258728,55.613720178604126,1.5830993405074878e-08,2.2460937998403097e-06,0.8052950501441956,0.275542676448822,0.03084038384258747,0.32630622386932373,0.30833813548088074,1.0
1245.1753460908517,2409.47375,500.0,0.05125,353,7060000,0.005512652,300.7790402892289,166302.89537967756,1.1832714790216414e-06,48.33296179771423,6.440692186355591,54.77365469932556,-9.107589349355294e-09,1.757812469804776e-06,0.7738527655601501,0.273593932390213,0.03339743986725807,0.3009014129638672,0.2864408791065216,1.0
1379.7627050597716,2578.8125,500.0,0.05875000000000001,354,7080000,0.008451492,393.24905334764225,220737.50360457305,-6.530093742185272e-06,48.81307625770569,6.401746988296509,55.21482443809509,-1.6975402417074292e-08,-5.66406242796802e-06,0.7262198328971863,0.2636426091194153,0.0379222109913826,0.2767251133918762,0.37226739525794983,2.0
1285.5904706615452,3410.2300000000005,500.0,0.035,355,7100000,0.0051524825,447.26123312202986,185748.43473701234,5.076789875602117e-06,49.029918909072876,6.3478474617004395,55.377768993377686,-1.907348723406699e-09,5.175781097932486e-06,0.7563312649726868,0.2871168255805969,0.03496276214718819,0.31564992666244507,0.2907320261001587,1.0
1319.6858030980052,5158.35625,500.0,0.06375,356,7120000,0.009127033,727.5310683620963,307394.74073074246,-6.349277555273147e-06,48.65101766586304,6.167521953582764,54.81854033470154,2.00271599304358e-09,-8.78906234902388e-07,0.758072018623352,0.2474958896636963,0.034802377223968506,0.2790842652320862,0.31004199385643005,2.0
1285.6787455338713,1088.0275,500.0,0.011250000000000001,357,7140000,0.0062739523,281.0003884139334,136179.76817339272,2.3511888684879523e-06,48.060736894607544,6.521582841873169,54.58232092857361,-5.340575981449547e-09,1.367187451251084e-06,0.7584432363510132,0.26651903986930847,0.03476832062005997,0.17018096148967743,0.36190277338027954,1.0
1234.9162778108673,1162.0400000000002,500.0,0.0,358,7160000,0.0067590065,326.05429929016503,158339.4481463973,-2.2340775558404857e-06,49.18827676773071,6.375382900238037,55.563661098480225,-8.77380390562621e-09,3.906249901319825e-07,0.940252423286438,0.27700576186180115,0.02262251451611519,0.30948808789253235,0.251407653093338,1.0
1371.255523760188,1383.0674999999999,500.0,0.025,359,7180000,0.0061716973,386.5028040017292,142855.4767658987,2.8363226647343254e-06,48.758267402648926,6.480131149291992,55.238399505615234,-5.435943695175638e-09,1.367187451251084e-06,0.9085744619369507,0.26700064539909363,0.024227509275078773,0.3330575227737427,0.2778097987174988,1.0
1291.3107447294226,760.955,500.0,0.02,360,7200000,0.005796637,388.6645888456114,158422.97202925954,-4.7082903620321304e-07,48.895400047302246,6.457660913467407,55.353062868118286,-2.1839142050339433e-08,-2.2460937998403097e-06,0.7604011297225952,0.25403282046318054,0.034589506685733795,0.45736783742904663,0.2631424367427826,1.0
1211.2057946379198,849.39625,500.0,0.005,361,7220000,0.006284555,399.1473212977124,96954.540798542,-3.6176681987853954e-06,48.80999827384949,6.299949645996094,55.10994911193848,-3.6239624634504253e-09,-1.9531249506599124e-07,0.8396915197372437,0.26355111598968506,0.028365490958094597,0.3750077784061432,0.25763630867004395,1.0
1197.970113062774,3937.7675000000004,500.0,0.0,362,7240000,0.006164193,427.57047998464793,227490.85525913117,-1.8556595478003146e-06,48.83111047744751,6.216363430023193,55.047476291656494,1.1444092340440193e-09,-1.757812469804776e-06,0.6892014145851135,0.22353152930736542,0.04210537299513817,0.3311513364315033,0.31144067645072937,1.0
1350.3436299287691,1234.2412499999998,500.0,0.025,363,7260000,0.0071013323,325.8472102074107,118850.01320474224,-1.506805347162299e-08,48.8081955909729,6.2734692096710205,55.081665992736816,1.4114379887075756e-08,-2.441406195430318e-06,0.9296402335166931,0.25375157594680786,0.023141950368881226,0.27963513135910034,0.2500208616256714,1.0
1252.483778150517,1617.4775,500.0,0.0,364,7280000,0.008223914,317.2736413117427,136491.16258023985,-1.0662078864243085e-07,48.178762674331665,6.434716701507568,54.61348032951355,1.602172794434864e-08,-4.394531060825102e-06,0.811316192150116,0.2634159326553345,0.030384324491024017,0.255997896194458,0.3013330399990082,1.0
1262.6755253783756,2595.22,500.0,0.0,365,7300000,0.006632074,239.8364591926526,111540.77318216312,1.5449524326527353e-08,48.459163188934326,6.430433750152588,54.88959813117981,-1.3160705414350105e-08,-9.765624753299562e-08,0.8137526512145996,0.26639455556869507,0.030202645808458328,0.23050978779792786,0.2974303066730499,1.0
1216.049002358475,636.29375,500.0,0.0,366,7320000,0.0073157675,621.1352453924288,210301.35213848526,5.478477305587148e-06,48.344176292419434,6.500840663909912,54.84501814842224,-3.2424927187690855e-09,4.882812731921149e-07,1.1985324621200562,0.2602977752685547,0.013922909274697304,0.2568800449371338,0.187280535697937,1.0
1243.8981664575185,678.5225,500.0,0.0,367,7340000,0.0069629806,338.4655553295354,112903.2861589371,1.6440392300864914e-06,48.01320695877075,6.26748514175415,54.28069281578064,1.2493133638713516e-08,2.734374902502168e-06,0.969586193561554,0.22806090116500854,0.02127438224852085,0.3527480363845825,0.2254977971315384,1.0
1219.0974384265855,45.785000000000004,500.0,0.0,368,7360000,0.006502713,315.54539661771935,100752.67092331807,2.832698783095111e-06,48.294769287109375,6.441465139389038,54.736236333847046,6.866454960174906e-09,9.765624753299562e-08,0.9444013237953186,0.2729223966598511,0.022424183785915375,0.23866522312164307,0.2438667267560959,1.0
1241.642582525406,379.22,500.0,0.0,369,7380000,0.0061927196,214.69142179792854,96975.3255423965,1.2520789596237591e-06,48.87857747077942,6.415081739425659,55.293659925460815,7.534026735811494e-09,3.4179688555013854e-06,0.7081294655799866,0.2857818901538849,0.0398845374584198,0.30587396025657654,0.324367880821228,1.0
1256.479514411276,1057.74375,500.0,0.0,370,7400000,0.006359713,202.04043040913382,132689.09281324642,1.6816139805087005e-06,49.033615589141846,6.394391298294067,55.42800831794739,-2.150535571843193e-08,5.859375278305379e-07,1.0035858154296875,0.2592422664165497,0.01985732465982437,0.23194946348667145,0.23459190130233765,1.0
1219.5645207575985,60.55375,500.0,0.0,371,7420000,0.007318322,195.47707563023658,113395.98728416103,2.2594451820623362e-06,48.87482786178589,6.420555830001831,55.29538607597351,-1.0681151962899094e-08,9.765625463842298e-07,0.9797754883766174,0.23287808895111084,0.020834192633628845,0.21959616243839264,0.2447192370891571,1.0
1152.581026320131,3115.4225,500.0,0.0,372,7440000,0.0070227105,243.71189524899623,188806.74421588873,5.019283435103716e-06,48.25797939300537,6.285382509231567,54.54336357116699,-3.7956237264324955e-08,1.9531250927684596e-06,0.8895820379257202,0.270534485578537,0.02527306042611599,0.26180458068847656,0.2576003074645996,1.0
1189.6441907723754,1854.2575000000002,500.0,0.0,373,7460000,0.00647911,169.12107221761326,153797.47046551554,2.5393962914677104e-06,48.88701605796814,6.338479995727539,55.22549748420715,6.866454960174906e-09,-4.882812731921149e-07,0.9296090602874756,0.24250224232673645,0.023143505677580833,0.31480827927589417,0.24271388351917267,1.0
1225.5157939432233,2209.4950000000003,500.0,0.0,374,7480000,0.0056904955,222.28810491865607,124921.74917178792,-1.0213851453499956e-07,49.366817235946655,6.319623708724976,55.68644189834595,2.8610229740877458e-09,-2.9296876391526894e-07,0.7894383668899536,0.2976701259613037,0.03209175169467926,0.2903907001018524,0.33670297265052795,1.0
1230.2772336004177,151.49875000000003,500.0,0.0,375,7500000,0.006219197,181.22422837664368,117620.37764698199,3.901481591128686e-07,49.43505144119263,6.274882793426514,55.70993518829346,-6.103515470812226e-09,3.906249901319825e-07,1.0631738901138306,0.27450457215309143,0.01769380271434784,0.23763778805732727,0.232270285487175,1.0
1178.5613240914693,3366.86875,500.0,0.0,376,7520000,0.0055801407,152.21601978472083,159432.83880747412,2.354240450586076e-06,49.16048312187195,6.432202100753784,55.59268617630005,-6.771087690538025e-09,2.6367188183940016e-06,0.8619656562805176,0.29996803402900696,0.02691844291985035,0.2489442676305771,0.2719581723213196,1.0
1126.3190787425888,4305.0025000000005,500.0,0.0,377,7540000,0.0071861753,236.70712603186345,210181.98484275478,-8.024216185731348e-06,49.10513710975647,6.4079413414001465,55.51307964324951,2.155304024142879e-08,-8.056640581344254e-06,0.681313693523407,0.26292842626571655,0.04308594763278961,0.3868868052959442,0.3681141436100006,1.0
1145.7908416344198,2035.3400000000001,500.0,0.0,378,7560000,0.005818973,131.19846359301525,120609.64014542695,2.3347856767941266e-06,49.21301889419556,6.345582723617554,55.55860352516174,1.2302399099439754e-08,-3.906249901319825e-07,0.7901928424835205,0.26165762543678284,0.03203049302101135,0.23881696164608002,0.306853711605072,1.0
1139.391275068239,2071.4175000000005,500.0,0.0,379,7580000,0.006051584,104.56667197889583,175016.7274438943,-1.7482757357356604e-06,49.189966917037964,6.451732873916626,55.641701221466064,-1.2493133638713516e-08,1.074218744179234e-06,0.9421800971031189,0.25492268800735474,0.02253003790974617,0.29438990354537964,0.23552021384239197,1.0
1130.6847747084307,1300.76875,500.0,0.0,380,7600000,0.006148106,93.50124705612279,102213.7980683345,-1.3889311958337203e-06,48.88373851776123,6.439590692520142,55.32333016395569,2.155304024142879e-08,0.0,0.9858174920082092,0.2568880021572113,0.020579589530825615,0.20290417969226837,0.2563058137893677,1.0
1213.3365256167222,185.3425,500.0,0.0,381,7620000,0.0060439967,80.06114801783471,80847.27057343502,5.622864023280272e-07,49.04658555984497,6.4045021533966064,55.45108890533447,2.956390332542469e-08,1.1718750556610757e-06,0.9572651982307434,0.3000849187374115,0.021825551986694336,0.2539571523666382,0.2561991810798645,1.0
1105.972864558597,2392.1875,500.0,0.0,382,7640000,0.0054437965,128.63663365795355,167993.87784447154,5.396842652771738e-07,49.17285442352295,6.534163475036621,55.707019090652466,-7.534026735811494e-09,-3.906249901319825e-07,0.8712834715843201,0.278255432844162,0.026345770806074142,0.2619612216949463,0.29138240218162537,1.0
1211.9071058101429,187.63375000000002,500.0,0.0,383,7660000,0.005672899,106.0434027434914,90485.10912650528,-1.148033220488287e-06,49.02064371109009,6.491537570953369,55.51218295097351,-2.5081634547063913e-08,-9.765624753299562e-08,1.0189025402069092,0.2868194282054901,0.019264796748757362,0.2462874799966812,0.2259988635778427,1.0
1179.0285422648508,1253.64125,500.0,0.0,384,7680000,0.007958197,131.27792539171352,141528.9840412893,-2.5561332677170867e-06,48.31615710258484,6.39788556098938,54.71404409408569,1.2397766369076635e-08,-2.148437488358468e-06,0.6465126872062683,0.2665376365184784,0.047849319875240326,0.2792549431324005,0.38917532563209534,1.0
1144.323842673384,1970.675,500.0,0.0,385,7700000,0.0057555083,152.36772944942402,124610.5214626045,5.4630277190881316e-06,49.126861572265625,6.170968770980835,55.2978310585022,-2.6702879907247734e-09,7.226562502182787e-06,1.012679934501648,0.2723824381828308,0.01950227841734886,0.18709638714790344,0.25017276406288147,1.0
1199.5026369585698,1342.7712500000002,500.0,0.0,386,7720000,0.006500703,88.81907843814534,112757.01977756768,8.787155252321099e-07,49.47291922569275,6.311887979507446,55.78480935096741,7.629394338515283e-10,-2.9296876391526894e-07,0.8726591467857361,0.2782031297683716,0.026262769475579262,0.2194669544696808,0.2844194173812866,1.0
1160.9876684394544,2476.1887500000003,500.0,0.0,387,7740000,0.005933163,103.15020667398052,138281.04481924264,-6.027030849509174e-06,49.163060903549194,6.233030557632446,55.39609241485596,1.0919571025169716e-08,-6.347656267280399e-07,0.9319049715995789,0.2648499310016632,0.02302960678935051,0.25689417123794556,0.26471179723739624,1.0
1253.5440697318759,20.91625,500.0,0.0,388,7760000,0.007092981,112.9754986635439,98200.27351680683,-3.6193848700349918e-06,48.71822500228882,6.2986228466033936,55.01684927940369,8.01086397217432e-09,-3.5644532090373104e-06,1.02313232421875,0.23679889738559723,0.01910584047436714,0.3037842810153961,0.23144502937793732,1.0
1243.7227662076373,126.71875,500.0,0.0,389,7780000,0.006616774,97.95781206750566,68546.71674431479,2.0181655600026716e-06,48.82479500770569,6.484403610229492,55.3091995716095,-7.820129432900558e-09,5.859375278305379e-07,1.1439132690429688,0.2562868893146515,0.015284227207303047,0.12019960582256317,0.23232589662075043,1.0
1186.2720056037754,2627.6899999999996,500.0,0.0,390,7800000,0.006386362,101.46541799557437,91741.05076445562,1.3730049204241368e-06,49.174362897872925,6.582598686218262,55.75696349143982,-2.861023085110048e-10,1.7089844277506927e-06,0.6702681183815002,0.27770477533340454,0.04451770707964897,0.328178346157074,0.40149185061454773,1.0
1329.8586340531128,1691.3700000000001,500.0,0.0,391,7820000,0.0050880928,112.32417178548825,54148.39660504578,-1.5192032378763543e-06,49.12629413604736,6.633920192718506,55.76021599769592,5.149841442175784e-09,-9.765625463842298e-07,0.7580276131629944,0.3136894404888153,0.03480645641684532,0.2926926910877228,0.32317671179771423,1.0
1231.7500461153654,751.1875,500.0,0.0,392,7840000,0.0056938063,119.54093556252255,150861.33033750497,-9.572029284754535e-07,49.286283016204834,6.542313814163208,55.82859754562378,-1.4591217123438582e-08,-7.81249980263965e-07,1.1414366960525513,0.289707213640213,0.015350623987615108,0.2509531080722809,0.215755894780159,1.0
1212.524844180327,988.44625,500.0,0.0,393,7860000,0.006754982,94.20093774977762,86903.31144661873,4.026412909752253e-07,48.77089047431946,6.413479804992676,55.18437123298645,-6.294250454175199e-09,1.367187451251084e-06,0.9702761173248291,0.2594704329967499,0.021244138479232788,0.25576651096343994,0.24970978498458862,1.0
1187.4716759473322,1190.74875,500.0,0.0,394,7880000,0.0062206467,121.55456145219742,139529.15403531797,-2.4222372303484008e-06,48.77350902557373,6.246239900588989,55.019749879837036,-2.088546757761378e-08,-8.78906234902388e-07,0.9279532432556152,0.2567315697669983,0.023226169869303703,0.3041698932647705,0.26910415291786194,1.0
1156.200261422345,79.8775,500.0,0.0,395,7900000,0.0061551756,119.44110910938045,104664.93525390625,4.419708147906931e-06,47.87411642074585,6.322520971298218,54.196638345718384,-2.3651123726153855e-08,3.906249901319825e-07,1.1672589778900146,0.28267890214920044,0.014678957872092724,0.14125771820545197,0.23643170297145844,1.0
1194.6917836039381,835.69375,500.0,0.0,396,7920000,0.0042603645,130.211505829149,86455.70276734176,3.211212060705293e-06,47.927125692367554,6.290874242782593,54.218000650405884,1.0490417423625331e-08,4.785156306752469e-06,1.0159497261047363,0.30522310733795166,0.019376950338482857,0.2763749063014984,0.24675866961479187,1.0
1181.4197469149422,1618.4575,500.0,0.0,397,7940000,0.0061167534,102.8841272050408,131483.7324688371,7.865905899961945e-06,49.20141386985779,6.417799949645996,55.61921525001526,-1.3351439953623867e-09,3.2226562325377017e-06,0.9524347186088562,0.2543622851371765,0.0220475010573864,0.19742617011070251,0.2668549120426178,1.0
1176.3745146693666,3830.343750000001,500.0,0.0,398,7960000,0.0074342345,128.12183792697397,133523.2133279011,-2.529859557398595e-06,48.3883376121521,6.229248285293579,54.61758780479431,-4.911422823994371e-09,-3.515624939609552e-06,1.1793864965438843,0.23957979679107666,0.014378625899553299,0.1923929750919342,0.1952822506427765,1.0
1089.8117781530855,120.095,500.0,0.0,399,7980000,0.0057032104,103.41357994565539,83173.97488337231,5.180358584766509e-06,49.04083490371704,6.279043674468994,55.31988024711609,4.291534239087014e-09,9.765625463842298e-07,1.1181535720825195,0.27841439843177795,0.015996567904949188,0.1943170577287674,0.21548877656459808,1.0
1210.6814821078788,165.93249999999998,500.0,0.0,400,8000000,0.0064550187,87.36438818524597,65287.454133596235,1.2839317378166015e-06,48.04249310493469,6.277334451675415,54.319828510284424,-8.869171175263091e-09,-1.1718750556610757e-06,0.9251440167427063,0.27159392833709717,0.023367438465356827,0.2556307315826416,0.28210142254829407,1.0
516.4433069445746,16962.532499999998,500.0,0.05625,401,8020000,0.0064894347,425.2179574711308,359841.0169374502,3.215312972315587e-05,49.777029514312744,6.419095993041992,56.19612741470337,-2.632141082870021e-08,2.3925780624267645e-05,0.762690544128418,0.2572881877422333,0.034382160753011703,0.2348204404115677,0.36396437883377075,1.0
492.2833177357691,9066.482500000002,500.0,0.0875,402,8040000,0.007611908,378.06970976811306,280337.3936940187,-5.095052529213717e-06,48.916927337646484,6.482026100158691,55.39895462989807,1.358985901589449e-08,-7.812500371073838e-06,0.8491955995559692,0.25080010294914246,0.027734119445085526,0.21148350834846497,0.331908255815506,1.0
574.374867786392,18308.77125,500.0,0.04375,403,8060000,0.0069730408,392.658347743332,386740.3503246915,5.468368271976942e-06,49.345847606658936,6.413364887237549,55.7592134475708,2.574920721087892e-09,5.859375050931703e-06,0.7544300556182861,0.250630259513855,0.03513920307159424,0.2293120175600052,0.34288156032562256,1.0
557.2613837485677,18558.951250000002,500.0,0.07375000000000001,404,8080000,0.006820724,283.4134242987177,351690.4655590665,1.4059257409826387e-05,50.238582611083984,6.417733430862427,56.65631699562073,5.62667867853861e-09,7.812500371073838e-06,0.9132764339447021,0.2743135988712311,0.023978684097528458,0.23958298563957214,0.2894115149974823,1.0
512.4351595450402,18309.451250000002,500.0,0.125,405,8100000,0.006242672,321.79666751448514,600968.2552348726,1.3690376363229007e-05,49.325119733810425,6.331291675567627,55.656412839889526,-1.1730193705261627e-08,1.6796875570435077e-05,0.8367667198181152,0.2434495985507965,0.028564132750034332,0.2961668372154236,0.310870885848999,1.0
362.87664208305625,21867.33125,500.0,0.08249999999999999,406,8120000,0.0068762894,241.72340557317065,404476.5385798169,-3.868102851356525e-07,48.897807359695435,6.318246126174927,55.21605563163757,-7.057189943537878e-09,3.3203125440195436e-06,0.748405396938324,0.2581806182861328,0.03570721670985222,0.2336132824420929,0.3451487720012665,1.0
604.4376738930459,12170.85,500.0,0.1025,407,8140000,0.007083948,172.89184942063252,223653.86792645304,2.344417680433253e-06,49.35292911529541,6.328487396240234,55.68141722679138,-8.583068700218632e-10,-8.78906234902388e-07,1.0868126153945923,0.2784974277019501,0.016932472586631775,0.16458319127559662,0.24151994287967682,1.0
495.30351830882137,14281.903750000001,500.0,0.02375,408,8160000,0.007171509,326.4066314454291,544639.9383509156,3.905678113369504e-06,49.27592444419861,6.33202862739563,55.60795474052429,0.0,2.734374902502168e-06,0.8772972226142883,0.25240883231163025,0.02598581463098526,0.20388491451740265,0.2996229827404022,1.0
701.3818264696972,11287.477499999999,500.0,0.14375,409,8180000,0.0051632626,229.62850050470632,286606.0029607882,-1.0061263822080946e-08,49.2515652179718,6.296536445617676,55.54810357093811,2.8610229740877458e-09,-5.859375278305379e-07,1.087920069694519,0.28110069036483765,0.01689801923930645,0.20435093343257904,0.2427518516778946,1.0
433.4258126347395,18201.365,500.0,0.061250000000000006,410,8200000,0.0069789076,375.3736094140703,550718.3405279658,-7.610321063111769e-06,49.05266785621643,6.243790626525879,55.29645919799805,-1.907348723406699e-09,-1.542968675494194e-05,0.8600637912750244,0.26846960186958313,0.027037620544433594,0.2396407127380371,0.29885849356651306,1.0
398.4093045983936,17134.90625,500.0,0.06124999999999999,411,8220000,0.0082468055,215.96559778930276,535280.9434315286,2.171134838135913e-06,48.90411949157715,6.368097305297852,55.27221870422363,-2.250671471415444e-08,-3.12499992105586e-06,0.7010945677757263,0.22907856106758118,0.04068896919488907,0.23395586013793945,0.3733329474925995,1.0
462.5256049467986,18494.901250000003,500.0,0.06999999999999999,412,8240000,0.0072861146,281.8036277090668,638725.606899383,1.5556335029032198e-06,49.24070644378662,6.432410478591919,55.673118352890015,-5.7220459481754915e-09,1.9531249506599124e-07,0.8473769426345825,0.24122466146945953,0.02785329520702362,0.27181476354599,0.29042619466781616,1.0
476.5947762887762,17758.078749999997,500.0,0.0775,413,8260000,0.005866758,266.67980747587364,562141.3534832803,6.912231356182019e-07,49.21150827407837,6.587361097335815,55.7988715171814,-4.00543198608716e-09,-4.394531060825102e-06,0.8259447813034058,0.27794644236564636,0.02931756153702736,0.20439110696315765,0.33461371064186096,1.0
421.62872431036067,12663.311249999999,500.0,0.06625,414,8280000,0.006199823,253.62474775861023,421622.9376978006,-6.267547632887727e-06,49.47630000114441,6.502380609512329,55.97868275642395,1.6212464259979242e-08,-3.3203125440195436e-06,0.6995164752006531,0.27061450481414795,0.040872760117053986,0.21824325621128082,0.39603739976882935,1.0
365.8314208719272,16360.351249999998,500.0,0.05,415,8300000,0.0055941283,254.66435814632732,663709.7239326234,-2.9237746730359504e-06,49.330804109573364,6.427260637283325,55.75806546211243,-6.771087690538025e-09,-1.367187451251084e-06,0.845559298992157,0.2531715929508209,0.027973175048828125,0.2200952172279358,0.30361688137054443,1.0
517.7117216084091,13194.0,500.0,0.036250000000000004,416,8320000,0.006139166,195.55081500885592,363526.2967705016,8.006286407180596e-06,49.57832193374634,6.403968572616577,55.98229146003723,3.051757735406113e-09,4.687500222644303e-06,0.8551149964332581,0.2683170437812805,0.02735147997736931,0.19106663763523102,0.30975541472435,1.0
434.72286318965763,16065.80125,500.0,0.0825,417,8340000,0.0065200147,192.08403026556513,575827.3492436305,-5.271720965538407e-06,49.30084800720215,6.4539618492126465,55.75481081008911,-3.8146971692576415e-10,-9.765625463842298e-07,0.8348735570907593,0.2567635476589203,0.028693825006484985,0.2556793987751007,0.2966955602169037,1.0
484.8145188224682,11806.375,500.0,0.08124999999999999,418,8360000,0.0063204914,187.15807854476247,461481.4574728802,3.907299287675414e-06,48.80034613609314,6.42780876159668,55.22815680503845,-4.386901952813105e-09,3.12499992105586e-06,0.909392237663269,0.22445999085903168,0.024183955043554306,0.215857595205307,0.27944323420524597,1.0
400.04602848450327,14268.201250000002,500.0,0.0375,419,8380000,0.0072223074,181.20182848158916,516250.83928829123,1.374816861243744e-06,49.733641624450684,6.472337961196899,56.205981969833374,-2.0980834847250662e-09,0.0,0.9233154058456421,0.2526758313179016,0.023460090160369873,0.22390028834342957,0.2740146517753601,1.0
489.1269350231032,9403.647500000001,500.0,0.125,420,8400000,0.0062769316,147.74131216547292,220743.8804168118,-2.049970589723671e-06,49.63470673561096,6.533517837524414,56.16822576522827,-1.239776614703203e-09,8.78906234902388e-07,0.9077683687210083,0.2678506076335907,0.02427055686712265,0.21870958805084229,0.289747416973114,1.0
490.3727601158433,11462.55875,500.0,0.13625000000000004,421,8420000,0.007714545,201.23404965491812,502778.4954219745,-7.225990430015372e-06,49.072853326797485,6.384487152099609,55.45734143257141,-3.051757735406113e-09,-2.6367188183940016e-06,0.8212042450904846,0.2610255479812622,0.029657015576958656,0.15366606414318085,0.3585210144519806,1.0
457.49415979197113,7825.25,500.0,0.026250000000000002,422,8440000,0.006724237,151.4658262240659,225562.81642739847,6.747627139702672e-06,48.73056674003601,6.459824562072754,55.1903920173645,-9.536743617033494e-10,7.031249879219104e-06,0.9131207466125488,0.23926231265068054,0.023986859247088432,0.19504877924919128,0.2927146852016449,1.0
551.7646861401075,12071.945,500.0,0.05500000000000001,423,8460000,0.0064301253,168.00090566501495,391565.16151348525,-2.7322769255988533e-06,48.780840158462524,6.471276760101318,55.25211811065674,-7.820129432900558e-09,-7.81249980263965e-07,0.8476453423500061,0.2563028335571289,0.027835655957460403,0.18114261329174042,0.3345820903778076,1.0
496.7469479383364,13555.06875,500.0,0.02,424,8480000,0.0057875947,184.0871461224404,469405.14009753184,-1.1793136991400388e-06,49.03238606452942,6.545119047164917,55.57750630378723,6.103515470812226e-09,2.050781176876626e-06,0.7829474210739136,0.28419047594070435,0.03262605890631676,0.23326092958450317,0.34457409381866455,1.0
437.3503430237821,18163.83625,500.0,0.01875,425,8500000,0.005628151,176.9853530324948,506044.71246267913,-5.276441697787959e-06,49.88463306427002,6.4471800327301025,56.33181428909302,6.914138706015649e-10,-6.835937711002771e-06,0.7875398397445679,0.27138105034828186,0.0322466604411602,0.2440832108259201,0.31028592586517334,1.0
683.7900025495135,9160.05125,500.0,0.14375,426,8520000,0.006183047,164.73261050327568,271882.8811678941,-1.354217538107605e-08,48.83686971664429,6.444335222244263,55.2812066078186,1.3256072683986986e-08,-7.81249980263965e-07,1.1516149044036865,0.2661947011947632,0.01508047990500927,0.14242814481258392,0.23595848679542542,1.0
512.1937177895068,13608.77125,500.0,0.058750000000000004,427,8540000,0.00782674,164.67260637951506,467340.56800980296,-9.779930678632809e-07,48.49366116523743,6.490579843521118,54.98424220085144,-3.3378602104505717e-09,1.367187451251084e-06,0.8669989109039307,0.23911675810813904,0.026606803759932518,0.2306527942419052,0.3134576976299286,1.0
501.0695216910341,8895.07625,500.0,0.0075000000000000015,428,8560000,0.005290776,108.93643705525976,273738.3413913217,-7.710599675192498e-06,49.076475620269775,6.336789131164551,55.41326594352722,-7.772445798082117e-09,-1.9531250927684596e-06,0.97225421667099,0.29031693935394287,0.021157778799533844,0.17030799388885498,0.2766679525375366,1.0
504.2867938782303,6986.71375,500.0,0.0475,429,8580000,0.006226082,137.00071166457644,235787.32302323845,1.4690399439132307e-06,49.00281572341919,6.476145029067993,55.47896337509155,-1.8119812317252126e-09,-2.441406195430318e-06,0.8223174214363098,0.27627459168434143,0.029576780274510384,0.36422744393348694,0.2883005738258362,1.0
535.7379644112782,7893.8512500000015,500.0,0.07375000000000001,430,8600000,0.0057326867,175.6813457610501,491027.9255112958,-2.6407242330606095e-06,49.13321828842163,6.366234540939331,55.49945521354675,2.1934509764065524e-09,-9.765624753299562e-08,0.9319557547569275,0.2831408381462097,0.023027097806334496,0.16009169816970825,0.3076472282409668,1.0
482.861872659175,8046.4450000000015,500.0,0.035,431,8620000,0.0056276275,121.88182942335773,287010.1794131917,-5.06973265146371e-06,48.93127799034119,6.349138498306274,55.28041744232178,-2.8610229740877458e-09,-3.6132812510913936e-06,0.8227568864822388,0.2811075747013092,0.029545193538069725,0.2311815321445465,0.3266894817352295,1.0
506.42192137216426,3045.87375,500.0,0.04,432,8640000,0.0055188606,103.71246465938107,176660.48781722732,2.450084593874635e-06,49.29095387458801,6.534716606140137,55.82567262649536,-3.433227480087453e-09,-2.2460937998403097e-06,1.1150058507919312,0.2856868505477905,0.016087014228105545,0.16789044439792633,0.22902721166610718,1.0
592.4670352659239,7038.486249999999,500.0,0.0,433,8660000,0.005627644,126.2497263598594,374371.8449703921,5.271244390314678e-06,50.04155611991882,6.601080894470215,56.64263963699341,7.724762163263676e-09,1.9531249506599124e-07,0.5991653800010681,0.2851724326610565,0.05571042373776436,0.2501451373100281,0.4775506556034088,1.0
559.6084998843756,9675.42875,500.0,0.05,434,8680000,0.006037038,138.61716528485536,313579.2094782544,1.2836766472901218e-05,49.72023129463196,6.485856771469116,56.20608925819397,6.985664491310217e-09,1.103515660361154e-05,0.9081226587295532,0.28937220573425293,0.024251623079180717,0.20661385357379913,0.2663874328136444,1.0
505.60874010430945,8314.866250000001,500.0,0.06625,435,8700000,0.0062837875,171.78978520290107,237310.4527561455,1.010894763453507e-07,50.09981369972229,6.346800088882446,56.44661498069763,-2.1934509764065524e-09,-2.148437488358468e-06,1.152042031288147,0.28411972522735596,0.015069298446178436,0.16974368691444397,0.24716544151306152,1.0
398.06027350443475,12412.336250000002,500.0,0.058750000000000004,436,8720000,0.0061531784,171.11330687407477,419946.2588885848,-6.068897619115887e-06,49.514435052871704,6.38564133644104,55.90007758140564,7.295608561719291e-09,-1.4648437627329258e-06,0.8084917068481445,0.27838075160980225,0.030596990138292313,0.22774618864059448,0.3079579472541809,1.0
340.0981928457859,9187.26125,500.0,0.0,437,8740000,0.0059548104,128.82715156457985,253332.02005374205,-9.705544243843178e-07,49.691253423690796,6.47049355506897,56.16174817085266,1.907348723406699e-09,-1.6601562720097718e-06,0.9362147450447083,0.28216686844825745,0.02281806617975235,0.20151710510253906,0.27915558218955994,1.0
415.76093393676945,8322.72,500.0,0.00875,438,8760000,0.0060608583,142.96785131563806,283808.98156100715,2.7437208700575866e-06,49.3793523311615,6.459156274795532,55.83850979804993,-9.536743617033494e-10,1.56249996052793e-06,0.8971328735351562,0.27477291226387024,0.02484942227602005,0.232892245054245,0.2710113227367401,1.0
498.4075796088193,8104.7387499999995,500.0,0.06625,439,8780000,0.0065863677,110.30284164331522,296765.56031859573,2.820587042151601e-06,49.62487745285034,6.4946489334106445,56.11952757835388,4.959106458812812e-09,-1.2695312534560799e-06,1.0707365274429321,0.26590198278427124,0.01744474284350872,0.16558682918548584,0.2528175115585327,1.0
492.58822532318464,9304.9075,500.0,0.04875,440,8800000,0.0066054626,154.59453003512826,216816.9066145004,-7.826805017430161e-07,49.584208488464355,6.487740993499756,56.07195234298706,1.3351439953623867e-09,-5.322265678842086e-06,1.00844144821167,0.2646767795085907,0.019666558131575584,0.2120075821876526,0.25034990906715393,1.0
507.61581291674065,10373.43125,500.0,0.15625000000000003,441,8820000,0.0058944784,178.74535045745267,289203.7497673666,5.478858838614542e-06,49.63599419593811,6.402278900146484,56.03827452659607,-7.057189943537878e-09,9.765624753299562e-08,0.9531273245811462,0.2899264395236969,0.022015471011400223,0.3595718443393707,0.2072245478630066,1.0
421.2256574131314,10007.320000000002,500.0,0.045000000000000005,442,8840000,0.005826448,162.7954915064915,341821.12417645304,-1.9836424769437144e-07,49.30546283721924,6.440287828445435,55.74575161933899,2.6702879907247734e-09,-2.3437501113221515e-06,0.8272630572319031,0.24369625747203827,0.029224198311567307,0.22486265003681183,0.32956716418266296,1.0
531.2944814720456,8574.71875,500.0,0.005,443,8860000,0.00526122,170.88102929668062,322347.7867423865,-4.2038918763864785e-06,49.72091269493103,6.442141771316528,56.163055181503296,1.7642974858844696e-09,5.859375278305379e-07,1.0883467197418213,0.2913983464241028,0.01688477024435997,0.1646411418914795,0.24421042203903198,1.0
441.2202098730371,7326.921249999999,500.0,0.07250000000000001,444,8880000,0.0052240165,221.63150154648312,333119.7632986664,6.995773219387047e-06,49.30546855926514,6.38670015335083,55.69216990470886,-2.479553229406406e-09,3.6132812510913936e-06,0.8551657199859619,0.28578686714172363,0.027348235249519348,0.23045648634433746,0.3083234429359436,1.0
441.34561500639876,5170.2125,500.0,0.0225,445,8900000,0.0064885435,136.61082754438848,183238.71710352806,1.8495560425435542e-06,49.091025590896606,6.400586843490601,55.491615295410156,-1.9073485846288207e-10,2.9296875254658516e-06,0.9942547082901001,0.25938889384269714,0.02023179829120636,0.16465908288955688,0.23455168306827545,1.0
479.6130838933662,9849.0,500.0,0.025,446,8920000,0.0072082314,168.35814450500877,336934.94815759355,2.2453309611591976e-06,49.943429946899414,6.4861485958099365,56.42958116531372,-1.9073485846288207e-10,5.175781097932486e-06,0.804132342338562,0.2636880874633789,0.03092963807284832,0.24484042823314667,0.31008124351501465,1.0
583.6141104534756,4321.04375,500.0,0.03875000000000001,447,8940000,0.0055600493,119.87101143029085,131187.59330090566,-5.018234219278384e-07,49.60192346572876,6.495866775512695,56.09779214859009,1.506805347162299e-08,-1.367187451251084e-06,1.0908875465393066,0.28581440448760986,0.016806207597255707,0.1540442705154419,0.2508479952812195,1.0
416.9829524132654,4975.585000000001,500.0,0.01125,448,8960000,0.0057676397,143.9329862315184,375208.1492361664,1.2006854376522824e-05,49.55274319648743,6.3887834548950195,55.941527366638184,1.0299682884351569e-08,1.9531249506599124e-07,0.8062596917152405,0.2978864312171936,0.03076663240790367,0.22321487963199615,0.3455507457256317,1.0
383.1077551224489,6039.3412499999995,500.0,0.0,449,8980000,0.0067760553,158.36935026326756,259131.20029732285,-2.6447296477272175e-06,49.79616618156433,6.453598976135254,56.2497661113739,-4.768371808516747e-10,-2.83203121398401e-06,1.0489524602890015,0.2738734483718872,0.018176831305027008,0.2141820788383484,0.2407713532447815,1.0
496.08056414681505,3303.2225,500.0,0.025,450,9000000,0.00560258,92.08655123133568,136646.9043149134,-5.4805755098641384e-06,49.76484417915344,6.409118175506592,56.17396330833435,-6.675719976811934e-10,1.8554687812866177e-06,1.0408984422683716,0.30535662174224854,0.018459206447005272,0.1443272978067398,0.28019753098487854,1.0
486.22518782378904,8151.727500000001,500.0,0.041249999999999995,451,9020000,0.005314464,169.08782147693026,396081.2913540008,1.299600535276113e-05,49.590076208114624,6.427659034729004,56.0177366733551,-3.2424927187690855e-09,6.7382811721472535e-06,0.8772612810134888,0.3085559010505676,0.02598794363439083,0.1830865740776062,0.2945193350315094,1.0
549.5353499143202,4392.57125,500.0,0.025,452,9040000,0.005850654,105.01623747029882,97062.4784244999,-8.765220513851091e-07,49.68598937988281,6.507512807846069,56.193504333496094,3.3378602104505717e-09,-9.277343906433089e-07,1.1931926012039185,0.299018919467926,0.014047807082533836,0.15697097778320312,0.22738060355186462,1.0
543.1178796427223,3997.1150000000002,500.0,0.05,453,9060000,0.0064402334,128.51121077810882,216765.5062450239,-2.9256821107992437e-06,49.82789874076843,6.454300403594971,56.28220009803772,-1.6212463593845428e-09,-2.2460937998403097e-06,0.9016634821891785,0.2709118127822876,0.024600327014923096,0.18563488125801086,0.2957126796245575,1.0
379.3995816714877,6152.460000000001,500.0,0.035,454,9080000,0.0064891404,106.61307116951912,226627.5368879379,-3.315925596325542e-06,49.76390266418457,6.3803722858428955,56.14427614212036,4.768371808516747e-10,-3.2226562325377017e-06,0.825951874256134,0.27536842226982117,0.029317056760191917,0.18561619520187378,0.3550819158554077,1.0
540.4443517235393,5999.3325,500.0,0.052500000000000005,455,9100000,0.0067913015,102.54399587546185,258033.62338898287,2.7347564355295617e-06,50.142581939697266,6.3767478466033936,56.519331216812134,8.153915764808062e-09,6.24999984211172e-06,1.0351438522338867,0.2695116102695465,0.018665015697479248,0.19641278684139252,0.22357530891895294,1.0
461.1108522208386,2758.16125,500.0,0.058750000000000004,456,9120000,0.005628353,117.36164701182372,227413.49713251393,1.3616561318485765e-06,49.42060947418213,6.433346509933472,55.853957653045654,1.5735626135437997e-09,2.4902344648580765e-06,1.1254316568374634,0.2860816419124603,0.015790341421961784,0.22483961284160614,0.21633075177669525,1.0
473.82344605191776,6255.633749999999,500.0,0.03250000000000001,457,9140000,0.0055384613,100.65279229522511,266129.3778730842,-4.5470237637346145e-06,49.71088528633118,6.37299370765686,56.08387994766235,5.531310964812519e-09,-4.882812731921149e-07,0.9406324625015259,0.2918614447116852,0.022604238241910934,0.17645075917243958,0.29431620240211487,1.0
494.3599257492653,3175.8337500000002,500.0,0.0075000000000000015,458,9160000,0.005315447,90.61390538792702,95402.64105792198,1.843261770773097e-06,49.97306823730469,6.44672155380249,56.419790506362915,7.2479249269008506e-09,-2.148437488358468e-06,0.8377544283866882,0.31948450207710266,0.028496818616986275,0.2036038041114807,0.3452765941619873,1.0
527.6299458486701,3316.5625,500.0,0.05,459,9180000,0.005645177,79.39229121117076,217649.6694702926,-7.911825377959758e-06,49.839622259140015,6.409723281860352,56.2493462562561,2.2888184680880386e-09,-5.859375278305379e-07,0.9196128249168396,0.2737739086151123,0.02364937961101532,0.18645863234996796,0.2756692171096802,1.0
635.719665189276,1278.2024999999999,500.0,0.1075,460,9200000,0.0052724583,90.99014314056203,66363.57402592555,2.709793989197351e-06,49.911959409713745,6.448693752288818,56.36065411567688,-3.6239624634504253e-09,4.589843683788786e-06,1.1443631649017334,0.3103896677494049,0.015272213146090508,0.2689951956272125,0.21025268733501434,1.0
479.7824415469043,1207.62375,500.0,0.09625000000000002,461,9220000,0.0057876133,81.81064140902963,63141.243564328724,-3.917026788258227e-06,49.625664949417114,6.494001150131226,56.119667530059814,7.820129432900558e-09,-2.587890548966243e-06,1.2499274015426636,0.26927605271339417,0.012801477685570717,0.14730548858642578,0.20856812596321106,1.0
450.6411779102344,3223.5837500000002,500.0,0.08499999999999999,462,9240000,0.0057847863,84.29717308336002,136803.25760257017,-7.67373990129272e-07,49.783130407333374,6.395632982254028,56.17876434326172,-1.530647253389361e-08,3.906249901319825e-07,0.9839251637458801,0.30288612842559814,0.0206588264554739,0.1977052539587021,0.26243171095848083,1.0
502.3136601518374,3037.25875,500.0,0.14875,463,9260000,0.0056608473,105.31233899304821,111585.9357334793,2.8889658096886706e-06,49.67742991447449,6.4529314041137695,56.13036298751831,-1.6212463593845428e-09,2.3925781533762347e-06,0.9048421382904053,0.284382164478302,0.024427790194749832,0.18964581191539764,0.2471684217453003,1.0
409.63885118378096,2644.3775,500.0,0.0475,464,9280000,0.0049475767,110.20919748294126,161378.43388734077,-1.4780044921280933e-06,49.61020350456238,6.399372100830078,56.00957679748535,6.675720420901143e-09,1.9531249506599124e-07,0.8740297555923462,0.288319855928421,0.026180468499660492,0.25574710965156555,0.28411391377449036,1.0
571.028568504246,4425.693749999999,500.0,0.1625,465,9300000,0.005792429,91.99995496470457,164965.88465615048,-7.75623277604609e-07,49.60300803184509,6.487245559692383,56.09025454521179,3.8146971692576415e-10,-1.4648437627329258e-06,0.9469844102859497,0.3013865053653717,0.022302016615867615,0.27244800329208374,0.2427453100681305,1.0
611.4563326920737,3209.67375,500.0,0.07125,466,9320000,0.0052360743,85.32887983868835,127843.69412134256,2.83365238828992e-06,49.17157506942749,6.341647624969482,55.513224601745605,-1.6212463593845428e-09,-2.9296876391526894e-07,1.0376073122024536,0.31712621450424194,0.018576491624116898,0.14474248886108398,0.28265857696533203,1.0
498.133737575375,2058.8049999999994,500.0,0.04125,467,9340000,0.005487741,90.82744261626226,150072.88478428542,1.128912003878213e-06,49.84419369697571,6.41597318649292,56.260167837142944,2.574920721087892e-09,-1.9531250927684596e-06,0.7565262913703918,0.2880014181137085,0.03494473546743393,0.2894918620586395,0.36062902212142944,1.0
516.9179054751792,2462.36625,500.0,0.0375,468,9360000,0.004626891,71.53620505363318,145551.4334718352,-2.5424481009395095e-06,49.53652262687683,6.5452611446380615,56.08178448677063,1.0967254882032762e-09,1.1718750556610757e-06,0.8553171157836914,0.266702800989151,0.027338553220033646,0.2066413313150406,0.30386269092559814,1.0
407.63440277051967,3613.9125,500.0,0.075,469,9380000,0.0051899357,72.61079228638084,112489.94732969247,2.9192685815360164e-06,49.33884644508362,6.328341245651245,55.66718864440918,8.153915764808062e-09,3.808593646681402e-06,0.7586343288421631,0.229055255651474,0.0347508043050766,0.227858304977417,0.3316098749637604,1.0
395.43710982404644,475.075,500.0,0.0975,470,9400000,0.006391271,74.48776149385294,83494.7482596039,2.1415232822619146e-06,48.95790934562683,6.36886739730835,55.32677745819092,-8.583068700218632e-10,-5.859375278305379e-07,1.007577896118164,0.2775484621524811,0.01970028504729271,0.16563810408115387,0.25020071864128113,1.0
450.4719370098928,3002.5099999999998,500.0,0.053750000000000006,471,9420000,0.0051970794,79.33024015244405,99876.19001324891,-6.49127969154506e-06,49.319273471832275,6.1006083488464355,55.419883251190186,3.2424927187690855e-09,-1.56249996052793e-06,0.867457926273346,0.3139110803604126,0.02657865546643734,0.16074062883853912,0.3387455344200134,1.0
402.09915718574683,450.31499999999994,500.0,0.06,472,9440000,0.0061295372,49.21082311375126,40831.826139530254,4.866027666139416e-06,49.016629219055176,6.190890073776245,55.20752024650574,1.1920929132713809e-08,9.277343906433089e-07,0.8880584836006165,0.27939918637275696,0.025359850376844406,0.28453436493873596,0.2519720792770386,1.0
379.9911445124088,332.10499999999996,500.0,0.03875,473,9460000,0.0038638385,68.28237336274165,115183.97018592009,4.392528353491798e-06,49.149401903152466,6.286240816116333,55.43564414978027,1.4305114870438729e-09,3.1738281904836185e-06,0.7171429991722107,0.34993645548820496,0.038888245820999146,0.1872863620519638,0.466412752866745,1.0
345.25885869752517,28.07375,500.0,0.0,474,9480000,0.01936375,55.23760284132259,83147.72853024234,-8.719443940208293e-07,49.309537410736084,6.694192886352539,56.0037317276001,-1.3446808111439168e-08,-5.37109372089617e-07,1.2218151092529297,0.0,0.013397342525422573,0.20948904752731323,0.22078214585781097,0.0
369.1287872664849,237.32125000000002,500.0,0.04625,475,9500000,0.00502015,61.07817577920902,53380.65014461833,8.831977424961224e-07,49.09992265701294,6.386983633041382,55.48690891265869,-9.894370656127194e-09,-2.9296876391526894e-07,1.1027748584747314,0.3099387586116791,0.016445839777588844,0.15418998897075653,0.2391180843114853,1.0
402.86772279612916,473.3,500.0,0.07874999999999999,476,9520000,0.005925973,65.12239337605276,111995.52876567477,-5.132817932462785e-06,49.17360544204712,6.334301710128784,55.507909297943115,-5.9604645663569045e-09,-2.2460937998403097e-06,1.1057897806167603,0.2740525007247925,0.01635628193616867,0.21251611411571503,0.24198956787586212,1.0
457.1887480991165,56.25375000000001,500.0,0.095,477,9540000,0.0037907704,72.32945738142463,86047.99853329021,3.8352010278686066e-07,49.450271129608154,6.415406227111816,55.86567831039429,8.678436635989328e-09,7.81249980263965e-07,1.0008864402770996,0.3529757261276245,0.01996457763016224,0.21730442345142365,0.25934362411499023,1.0
365.5721221847949,192.96875,500.0,0.02,478,9560000,0.0050760256,75.90171044222109,59036.97169959196,-2.204513521064655e-06,49.18274140357971,6.3841331005096436,55.56687569618225,4.959106458812812e-09,-1.4648438195763447e-07,0.9175816178321838,0.3042984902858734,0.023754198104143143,0.17267465591430664,0.29898038506507874,1.0
446.1685825815621,123.2775,500.0,0.085,479,9580000,0.0059221126,84.44975922213997,45986.54820113455,5.4107663345348556e-06,49.49968981742859,6.370682239532471,55.87037420272827,-8.630753001170888e-09,3.1738281904836185e-06,1.0458133220672607,0.2852690815925598,0.01828611269593239,0.14790993928909302,0.2616317570209503,1.0
345.7769684634079,24.009999999999998,500.0,0.04,480,9600000,0.007303238,85.16232973086606,54501.495616354,2.4090290935419034e-06,49.21940326690674,6.306601524353027,55.52600574493408,2.717971847587819e-09,2.514648485885118e-06,0.9531645178794861,0.27763816714286804,0.022013751789927483,0.15195848047733307,0.27617427706718445,1.0
423.04723427928695,380.21999999999997,500.0,0.12625000000000003,481,9620000,0.0010141856,72.99127072619784,74070.6309072701,3.33366392624157e-06,49.537692070007324,6.494251489639282,56.03194522857666,-7.534026735811494e-09,2.9296875254658516e-06,1.2000136375427246,0.2852192521095276,0.013888563960790634,0.11103787273168564,0.25081580877304077,6.0
339.47954047033653,1753.1649999999997,500.0,0.03375,482,9640000,0.0059422655,75.3869974464368,91463.23002711982,1.8522263189879595e-06,48.86132264137268,6.179929733276367,55.04125356674194,1.3351439953623867e-09,1.367187451251084e-06,0.9935787320137024,0.2808507978916168,0.02025933563709259,0.29662075638771057,0.26046255230903625,1.0
393.0845376469591,148.24875000000003,500.0,0.025,483,9660000,0.003911667,73.89751682038519,49566.20322965391,-9.130478133556608e-07,49.57814836502075,6.33767294883728,55.915823221206665,-1.7833709620163063e-08,-2.6855468604480848e-06,0.7691271305084229,0.2993119955062866,0.03380909562110901,0.21679528057575226,0.3514299690723419,1.0
421.48905463821103,587.08125,500.0,0.013750000000000002,484,9680000,0.0033776409,62.35932321973667,84926.68337853304,-2.6069164960063063e-06,49.47970390319824,6.4014811515808105,55.881186962127686,7.152557435219364e-10,-4.467773578653578e-06,0.8082273006439209,0.32916271686553955,0.030617013573646545,0.1706525832414627,0.3868471682071686,1.0
454.1384224626252,751.44,500.0,0.12250000000000001,485,9700000,0.0059141414,54.6959982477176,37788.154860419985,-1.0861873533940525e-06,49.46381402015686,6.395386457443237,55.85920286178589,3.0994415922691587e-09,2.685546860448085e-07,1.0866185426712036,0.2832285165786743,0.016938522458076477,0.17701837420463562,0.22912590205669403,1.0
499.08451560864296,2035.8862500000002,500.0,0.19375,486,9720000,0.0056210635,76.46298025337754,59685.22851655802,4.04467573389411e-06,49.71487784385681,6.407212257385254,56.1220908164978,5.197525076994225e-09,3.4179688555013854e-06,1.4297969341278076,0.29310956597328186,0.00978319626301527,0.13942493498325348,0.17756396532058716,1.0
447.37231852260646,1671.6212500000001,500.0,0.045,487,9740000,0.0062951585,67.18411185513636,54556.22320455563,1.273584416594531e-06,49.66077971458435,6.356334686279297,56.01711583137512,-1.6689301052252858e-09,2.050781176876626e-06,1.0333726406097412,0.2821601927280426,0.01872905343770981,0.24547316133975983,0.23709732294082642,1.0
428.87383973584474,3100.0275,500.0,0.06999999999999999,488,9760000,0.0053946464,59.81511932664616,35638.35553499452,-7.3185919973184355e-06,49.6196026802063,6.414306640625,56.033910274505615,-4.8398973717667104e-09,-5.66406242796802e-06,1.0767871141433716,0.2920786142349243,0.017249243333935738,0.23242251574993134,0.2283504158258438,1.0
411.43926725134327,21.345,500.0,0.030000000000000006,489,9780000,0.0060335165,59.46082326075074,64480.1608246044,-8.695602105035505e-07,49.40204834938049,6.37717866897583,55.77922821044922,-4.100799699813251e-09,-9.765624753299562e-08,0.9826372861862183,0.2842835783958435,0.020713014528155327,0.23550741374492645,0.2893067002296448,1.0
390.49422150017006,2336.6050000000005,500.0,0.005,490,9800000,0.0058267843,48.830005730792976,65719.02464047572,-3.21350103149598e-06,49.506821632385254,6.4423651695251465,55.949187994003296,-4.577636936176077e-09,-4.492187599680619e-06,0.9500754475593567,0.28549474477767944,0.022157136350870132,0.19665966928005219,0.27114275097846985,1.0
418.3147552528907,0.0,500.0,0.08499999999999999,491,9820000,0.0071096113,45.63727925780473,25599.288520881022,2.0841123387072003e-06,49.50729990005493,6.379094839096069,55.88639712333679,-1.4543533488620142e-08,7.568359592369234e-07,0.9867052435874939,0.24297484755516052,0.020542576909065247,0.2221183031797409,0.24624866247177124,1.0
409.071566496032,26.092499999999994,500.0,0.0875,492,9840000,0.009165081,50.510122271252285,45729.2340969596,-1.5426159052367439e-06,49.57087588310242,6.442309141159058,56.01318597793579,2.6702879907247734e-09,-1.0986327652062755e-06,1.1118346452713013,0.3434041738510132,0.016178913414478302,0.22262053191661835,0.2235458940267563,2.0
380.7241678438704,102.25625,500.0,0.11375000000000002,493,9860000,0.006440703,53.47732492070289,51729.52158047621,2.761840960374684e-07,49.4634485244751,6.414283037185669,55.87773251533508,1.0251999249533128e-08,-2.9296876391526894e-07,1.166109323501587,0.2869711220264435,0.014707916416227818,0.19122394919395447,0.22232109308242798,1.0
496.42352966425625,1460.4475,500.0,0.23125,494,9880000,0.004689811,84.97031917572022,45243.81815193322,-8.277177698801097e-07,49.61089634895325,6.390503883361816,56.00140118598938,1.0490417423625331e-09,3.7597656046273187e-06,1.2665655612945557,0.3043241798877716,0.012467353604733944,0.1447155624628067,0.21827830374240875,1.0
493.2550429168591,1156.65375,500.0,0.08,495,9900000,0.006913779,56.03932119600332,25864.3669270315,3.1623840186512098e-06,49.65692663192749,6.37357497215271,56.03050422668457,1.8119812317252126e-09,4.296874976716936e-06,1.061584711074829,0.25930118560791016,0.01774681732058525,0.21074461936950684,0.23301106691360474,1.0
466.6641234477587,70.625,500.0,0.14625,496,9920000,0.006459517,82.7910799257315,32081.350891191032,3.7577151488221716e-06,49.89456534385681,6.407773971557617,56.3023419380188,2.7418136649970393e-09,3.41796862812771e-07,1.0689308643341064,0.26306450366973877,0.017503727227449417,0.3415692150592804,0.21005329489707947,1.0
470.0880359748624,464.47249999999997,500.0,0.1325,497,9940000,0.0055791023,49.35844647231375,30437.16269702304,-1.2801169759768527e-06,49.36358976364136,6.452746868133545,55.81633758544922,-3.3378602104505717e-09,-1.6723632825232926e-06,0.9115743637084961,0.26649948954582214,0.024068312719464302,0.25443965196609497,0.24415594339370728,1.0
436.7381062965513,1346.01375,500.0,0.14375,498,9960000,0.0073100235,59.50545628541594,41654.531453865195,1.866149887064239e-06,49.63087177276611,6.430879831314087,56.06175374984741,-3.4809113369504985e-09,1.5869140952418093e-06,0.6916634440422058,0.2307898998260498,0.04180615395307541,0.25606247782707214,0.3710671067237854,1.0
394.68701944509263,1659.34375,500.0,0.11625,499,9980000,0.006032371,76.16172286598545,49223.90366724099,-2.391004500168492e-06,49.59258770942688,6.463579416275024,56.0561683177948,-8.01086397217432e-09,-6.347656267280399e-07,1.0013831853866577,0.26430192589759827,0.019944779574871063,0.24234195053577423,0.2647651135921478,1.0
490.2495293751118,58.34499999999999,500.0,0.13375,500,10000000,0.006233446,60.95912169681233,28866.408752363655,2.5272369086337676e-08,50.0410041809082,6.287844181060791,56.32884931564331,3.1471252270875993e-09,3.6621094068323146e-07,0.9635553359985352,0.2743540108203888,0.021541524678468704,0.29261261224746704,0.2182959020137787,1.0
3550.4231128730244,0.0,500.0,0.7625,501,10020000,0.0067365356,577.6344571836435,72895.1021095616,-2.22460730583407e-05,50.68195819854736,6.352148532867432,57.03410792350769,-1.5888214477399742e-07,-2.2460937543655746e-05,1.106825828552246,0.24848593771457672,0.016325674951076508,0.4017398953437805,0.22450320422649384,1.0
4792.124394869579,0.0,500.0,1.0,502,10040000,0.0074153077,962.2920101773208,101411.01731625697,9.000586942420341e-06,50.04827427864075,6.348232269287109,56.396509408950806,1.8634796106198337e-07,9.082031283469405e-06,1.457993507385254,0.24707570672035217,0.009408455342054367,0.1424424648284912,0.16946280002593994,1.0
4815.946437442301,0.0,500.0,1.0,503,10060000,0.0075206603,1183.2587019513367,61254.23717593053,3.128051730527659e-06,49.61329770088196,6.330231666564941,55.94353103637695,5.340576336720915e-08,1.9531250927684596e-06,1.7125301361083984,0.26323771476745605,0.006819506641477346,0.1367611289024353,0.15371274948120117,1.0
4818.661632710365,0.0,500.0,1.0,504,10080000,0.007322015,1827.126298979741,55629.79577434564,1.4955520555304247e-06,49.28625154495239,6.208680629730225,55.494932889938354,-8.106231774718253e-08,1.074218744179234e-06,1.5109965801239014,0.22296042740345,0.008759967982769012,0.21254608035087585,0.1475585550069809,1.0
4707.582519725814,0.0,500.0,0.9762500000000001,505,10100000,0.0070087533,1847.3595040874118,47477.04077397243,7.468032890756149e-06,49.46538734436035,6.379260063171387,55.84464931488037,6.484985437538171e-09,9.033203241415322e-06,1.6570576429367065,0.2257956713438034,0.007283735554665327,0.2425718754529953,0.13626302778720856,1.0
4656.433530438206,0.0,500.0,0.9737500000000001,506,10120000,0.008207873,2485.6070019181366,55731.124150328425,-1.2207030941624453e-08,49.24088144302368,6.31425404548645,55.55513668060303,1.4686584393075464e-08,9.765624753299562e-08,1.2187169790267944,0.21080970764160156,0.013465546071529388,0.19020183384418488,0.1729767620563507,1.0
4521.548116437707,0.0,500.0,1.0,507,10140000,0.006817935,2023.754318791286,50083.951322713474,7.733536222076509e-06,49.110835313797,6.247406244277954,55.358242988586426,8.049011057664757e-08,7.71484337747097e-06,1.3070720434188843,0.24053654074668884,0.011706595309078693,0.16958025097846985,0.18402700126171112,1.0
4705.89623506017,0.0,500.0,1.0,508,10160000,0.008012645,1696.3695564804564,38800.00959114998,1.021385173771705e-06,49.059996604919434,6.232057571411133,55.29205536842346,5.912780931538464e-09,2.2460937998403097e-06,0.9983037114143372,0.19180187582969666,0.020068015903234482,0.5047488212585449,0.1921277791261673,1.0
4612.7084863864075,0.0,500.0,0.975,509,10180000,0.0070056496,2420.3528527618214,37864.25962504976,-3.546714879121282e-06,49.2352728843689,6.228718996047974,55.46399283409119,-2.2125243859250077e-08,-4.980468929716153e-06,1.5628187656402588,0.24672077596187592,0.008188648149371147,0.23166853189468384,0.15786907076835632,1.0
4573.837469701907,0.0,500.0,0.9524999999999999,510,10200000,0.00784123,2429.9041277551346,41961.46513594123,2.510070942207676e-07,49.39009499549866,6.231006860733032,55.62110257148743,-1.1062621929625038e-08,-8.300781360048859e-07,1.1414355039596558,0.21242329478263855,0.01535065658390522,0.264031320810318,0.18610188364982605,1.0
4722.143484321454,0.0,500.0,0.9974999999999999,511,10220000,0.00853761,2251.4400795031506,33088.895657717956,2.63443007497699e-06,49.630741357803345,6.236018896102905,55.86676216125488,6.866454960174906e-09,1.757812469804776e-06,1.2526966333389282,0.2308322936296463,0.01274494081735611,0.3508579432964325,0.1842682957649231,1.0
4735.589529364263,0.0,500.0,0.99,512,10240000,0.0068564867,2246.953716156589,34596.97316630175,-8.926201189751737e-06,49.62686228752136,6.278575897216797,55.90543985366821,-7.629394893626795e-09,-7.031249879219104e-06,1.6420235633850098,0.23980161547660828,0.007417723070830107,0.19609685242176056,0.14604027569293976,1.0
4441.708041973446,0.0,500.0,0.96,513,10260000,0.0060929223,2081.8489415454255,26921.644697327825,1.6334533938788809e-06,49.38352704048157,6.3211610317230225,55.70468878746033,-2.0980834847250662e-08,1.7089844277506927e-06,1.3603028059005737,0.2399587333202362,0.010808325372636318,0.3988344967365265,0.17640094459056854,1.0
4581.515016955,0.0,500.0,1.0,514,10280000,0.007870703,2122.0121536060506,21793.28407161251,1.1350631439199788e-06,49.07610869407654,6.285501003265381,55.361610651016235,-1.2588500908350397e-08,1.7089844277506927e-06,1.5288634300231934,0.2390456348657608,0.008556419983506203,0.3377205431461334,0.1563551276922226,1.0
4657.247623496859,0.0,500.0,0.9650000000000002,515,10300000,0.0066365204,2372.7474742136183,29468.36990026,5.716132818633923e-06,48.952089071273804,6.418999433517456,55.371089935302734,-5.722046170220096e-10,4.638671725842869e-06,1.2512116432189941,0.24050047993659973,0.012775211594998837,0.24206949770450592,0.19221410155296326,1.0
4755.097528997998,0.0,500.0,0.9850000000000001,516,10320000,0.0056766076,2197.3819763766733,28650.922651584893,7.5216294135316275e-06,49.446232318878174,6.341641902923584,55.78787589073181,-6.866454960174906e-09,6.054687673895387e-06,1.6334787607192993,0.25578030943870544,0.007495531812310219,0.23286619782447815,0.15658625960350037,1.0
4828.684819221931,0.0,500.0,1.0,517,10340000,0.0065473006,2720.48541530925,30697.694632638337,7.067108072078554e-06,49.5851047039032,6.523441553115845,56.108548402786255,1.0490417423625331e-08,6.005859177093953e-06,1.5647066831588745,0.26124048233032227,0.008168900385499,0.2843950390815735,0.16695812344551086,1.0
4472.385217315986,0.0,500.0,0.9762500000000001,518,10360000,0.0067228233,2876.3234350022235,42626.31380156499,-4.974937837687321e-06,49.56906533241272,6.226210594177246,55.79527807235718,-2.479553229406406e-09,-3.2226562325377017e-06,1.6052769422531128,0.23770403861999512,0.007761211134493351,0.1537555605173111,0.14807665348052979,1.0
4506.406235536924,0.0,500.0,0.9737500000000001,519,10380000,0.0073421476,3046.7420188174888,51260.74420935758,3.867149303005135e-07,49.41125845909119,6.1449456214904785,55.5562059879303,3.6239624634504253e-09,-4.882812376649781e-08,1.4504145383834839,0.23158220946788788,0.00950703863054514,0.13935305178165436,0.1596662551164627,1.0
4627.760480335836,0.0,500.0,1.0,520,10400000,0.006298603,2844.742357591763,70660.22991733429,3.078460792949045e-07,49.592902421951294,6.146025896072388,55.738930225372314,-1.3923645347801994e-08,9.765624753299562e-08,1.6510610580444336,0.2686358392238617,0.0073367394506931305,0.07611512392759323,0.1627049595117569,1.0
4577.356087607834,0.0,500.0,0.9850000000000001,521,10420000,0.0059508034,2430.711388149383,65926.60858659683,-2.5291442398156505e-06,49.202656507492065,6.068466901779175,55.271125078201294,-2.479553229406406e-09,-1.2695312534560799e-06,1.4102140665054321,0.27205267548561096,0.010056791827082634,0.13304738700389862,0.1929159015417099,1.0
4582.080530879117,0.0,500.0,0.9612499999999999,522,10440000,0.0076307417,2353.503328894354,67306.81697601512,1.077079787137336e-06,49.61260151863098,6.122125148773193,55.73472738265991,5.722046170220096e-10,-9.765624753299562e-08,1.0093369483947754,0.2202136218547821,0.019631676375865936,0.1965675801038742,0.21817652881145477,1.0
4487.546746328643,0.0,500.0,0.95375,523,10460000,0.007555053,2227.8802410927547,29163.80745390874,-6.1950681811140385e-06,49.812713861465454,6.327239274978638,56.13995409011841,-3.8146971692576415e-10,-4.150390850554686e-06,1.5502004623413086,0.2395094931125641,0.008322498761117458,0.15479125082492828,0.154502272605896,1.0
4826.723855059829,0.0,500.0,1.0,524,10480000,0.0070260977,1846.3555413458757,25990.80135630225,-2.6374816570751136e-06,50.05444407463074,6.453953981399536,56.50839972496033,1.3923645347801994e-08,6.347656267280399e-07,1.5203425884246826,0.24712704122066498,0.008652598597109318,0.1407570242881775,0.16254696249961853,1.0
4702.263458274322,0.0,500.0,1.0,525,10500000,0.0069447355,2513.049574464446,52374.94788857235,-1.081657387658197e-06,49.79588198661804,6.245914459228516,56.041797399520874,-3.814697446813398e-09,-3.808593646681402e-06,1.4457120895385742,0.25695112347602844,0.009568984620273113,0.19805650413036346,0.17773327231407166,1.0
4753.119552068316,0.0,500.0,1.0,526,10520000,0.0064666155,3017.1609306384044,56474.89409117486,2.542877155065071e-06,50.12205362319946,6.222631454467773,56.34468674659729,-7.629394338515283e-10,2.8808594834117685e-06,2.045868396759033,0.2581883668899536,0.004778303671628237,0.13484661281108856,0.1261999011039734,1.0
4742.217988307588,0.0,500.0,1.0,527,10540000,0.006899443,2285.1971081776223,62586.06730132862,-1.4427184851228958e-06,50.02260494232178,6.316775321960449,56.33938121795654,2.4986267277427032e-08,-3.4667968975554686e-06,1.5808656215667725,0.23689015209674835,0.008002755232155323,0.2285471111536026,0.14984840154647827,1.0
4741.772375642573,0.0,500.0,1.0,528,10560000,0.0076146517,2356.2800395795493,64851.764634753185,-2.8213501082063885e-06,50.04497480392456,6.244416236877441,56.28939342498779,-1.0108947456899386e-08,-1.2695312534560799e-06,1.5692692995071411,0.24753525853157043,0.008121468126773834,0.14678099751472473,0.15773919224739075,1.0
4816.6131007341555,0.0,500.0,1.0,529,10580000,0.0065289843,2494.8940324139444,48334.07220839968,2.6290895220881794e-06,49.93640732765198,6.248151779174805,56.184560775756836,5.340575981449547e-09,2.83203121398401e-06,1.7249088287353516,0.243366077542305,0.006721977144479752,0.1589762568473816,0.14108921587467194,1.0
4771.286803682192,0.0,500.0,1.0,530,10600000,0.0068511986,2265.3071007017875,56622.77345460539,4.205131517664995e-06,50.127169609069824,6.297356605529785,56.42452692985535,-9.53674295089968e-09,3.955078227591002e-06,1.366870403289795,0.2089104801416397,0.010704710148274899,0.14054585993289948,0.15283852815628052,1.0
4521.8923097467505,0.0,500.0,0.95875,531,10620000,0.0069794585,1993.2228617965795,51063.59162115595,1.0871887212715592e-07,50.53946805000305,6.408746719360352,56.94821643829346,-4.76837147544984e-09,2.5390625069121597e-06,1.4263489246368408,0.256875604391098,0.009830553084611893,0.21630503237247467,0.18009309470653534,1.0
4748.428307320182,0.0,500.0,0.9912500000000002,532,10640000,0.0071456186,1452.7201756179713,42749.25450742685,3.530311460053781e-06,49.84385824203491,6.4494616985321045,56.29332208633423,-1.2207030941624453e-08,4.150390850554686e-06,1.389442801475525,0.25290828943252563,0.01035972498357296,0.14974699914455414,0.1820213943719864,1.0
4637.425119825648,0.0,500.0,1.0,533,10660000,0.007203958,1879.882261959003,44464.00357689341,-1.4167785593599547e-06,50.45293974876404,6.431563377380371,56.88450574874878,-4.1961669694501325e-09,-2.148437488358468e-06,1.4133700132369995,0.22174715995788574,0.010011930018663406,0.12895458936691284,0.15689250826835632,1.0
4788.632615363313,0.0,500.0,1.0,534,10680000,0.0072475174,2060.4593017092175,54163.20044567327,-1.9451142634352436e-06,50.34630489349365,6.63639760017395,56.982704639434814,-6.294250454175199e-09,-1.1718750556610757e-06,1.5293571949005127,0.22419226169586182,0.008550896309316158,0.23977477848529816,0.14659246802330017,1.0
4713.550984811157,0.0,500.0,1.0,535,10700000,0.00672314,1773.750263909018,46304.14179314292,6.133460829005344e-06,50.56924796104431,6.254894018173218,56.82414269447327,1.354217538107605e-08,5.0781250138243195e-06,1.6230361461639404,0.2503475546836853,0.007592294365167618,0.103847436606884,0.15424644947052002,1.0
4711.021692097207,0.0,500.0,1.0,536,10720000,0.0069455947,1835.044170442812,54833.92725853404,-2.887725827349641e-07,49.737370014190674,6.331024169921875,56.06839632987976,9.536743617033494e-10,2.6367188183940016e-06,1.5309927463531494,0.25159358978271484,0.008532635867595673,0.18867374956607819,0.16433368623256683,1.0
4813.757593802006,0.0,500.0,1.0,537,10740000,0.00805398,2290.4787298992183,57800.39075997711,-2.9157638437027344e-06,49.72439479827881,6.3338563442230225,56.058253049850464,-8.869171175263091e-09,-4.882812731921149e-07,1.7297203540802002,0.19804349541664124,0.00668463297188282,0.15114250779151917,0.11449450999498367,1.0
4808.940095723976,0.0,500.0,1.0,538,10760000,0.0061109765,2075.5470164110707,58131.82617716212,1.809883087844355e-06,49.21754217147827,6.2717883586883545,55.48933124542236,-4.386901952813105e-09,3.41796862812771e-07,2.291835069656372,0.2528734803199768,0.0038076946511864662,0.11757934093475342,0.11033666878938675,1.0
4633.347621014199,0.0,500.0,1.0,539,10780000,0.006278603,2934.7995172488463,79625.10748376543,-1.2718201105599292e-06,49.25134539604187,6.256069660186768,55.507415771484375,2.6702879907247734e-09,1.1718750556610757e-06,1.545473575592041,0.2780519425868988,0.008373484946787357,0.13677924871444702,0.1799137443304062,1.0
4616.340445053288,0.0,500.0,1.0,540,10800000,0.0071544778,2263.7819766293665,57258.19104392665,4.598236046149395e-06,49.91608905792236,6.17941951751709,56.09550976753235,-1.4305114870438729e-09,5.81054700887762e-06,1.405112385749817,0.22839608788490295,0.010129952803254128,0.23603400588035583,0.16254647076129913,1.0
4835.558370029564,0.0,500.0,1.0,541,10820000,0.0074140783,2319.6688112878496,63712.40033184465,-3.1187057629722403e-06,50.824549436569214,6.175684690475464,57.00023603439331,1.3351439953623867e-09,-6.83593725625542e-07,2.0674681663513184,0.25239670276641846,0.004678982309997082,0.10541946440935135,0.12208009511232376,1.0
4716.693984004247,0.0,500.0,0.975,542,10840000,0.0065569743,1276.327528235563,51076.78531330862,5.903244186811207e-07,50.56261420249939,6.3026041984558105,56.86521935462952,-2.479553229406406e-09,1.1718750556610757e-06,1.8689690828323364,0.26446855068206787,0.005725652910768986,0.15492568910121918,0.14150506258010864,1.0
4837.698824594355,0.0,500.0,1.0,543,10860000,0.007585173,2100.895690840217,69508.5576604175,5.0298690439376514e-06,50.796802043914795,6.201926946640015,56.99873113632202,4.768371808516747e-10,7.226562502182787e-06,1.6503403186798096,0.2150166779756546,0.0073431506752967834,0.09952095150947571,0.13028627634048462,1.0
4608.130882623879,0.0,500.0,1.0,544,10880000,0.0074427766,1871.8229223409276,63860.77431827229,-1.366615265396831e-06,50.61140203475952,6.3017730712890625,56.913177251815796,-2.6702879907247734e-09,9.765624753299562e-08,1.3986830711364746,0.24726450443267822,0.010223294608294964,0.22372224926948547,0.17678381502628326,1.0
4732.3405612528595,0.0,500.0,1.0,545,10900000,0.0071194703,1984.6195649942774,54529.49972911276,4.886627266387222e-06,49.7147274017334,6.33063268661499,56.04536199569702,-5.722046170220096e-10,5.0781250138243195e-06,1.7155697345733643,0.24141468107700348,0.0067953625693917274,0.20994630455970764,0.14071981608867645,1.0
4777.2588889894205,0.0,500.0,0.9875,546,10920000,0.008283022,2750.888437492225,70457.30271384853,-2.534103487050743e-06,49.73937201499939,6.338870525360107,56.07824349403381,7.629394338515283e-10,-4.882812731921149e-07,1.4288768768310547,0.21518687903881073,0.009795799851417542,0.1915464699268341,0.15059860050678253,1.0
4777.007148716433,0.0,500.0,0.9875,547,10940000,0.006286248,1575.6113558823895,50096.337234088875,-4.767799509863835e-06,49.90780711174011,6.242520093917847,56.15032911300659,-2.0408631229429375e-08,-5.126953055878403e-06,1.5702379941940308,0.2579314410686493,0.008111449889838696,0.08263885974884033,0.16426265239715576,1.0
4836.171438240488,0.0,500.0,1.0,548,10960000,0.0065513626,1733.2360593370572,51330.00028830364,-2.0008086210054898e-07,50.10780572891235,6.341883182525635,56.449689865112305,1.9073485846288207e-10,9.765624753299562e-08,1.5968996286392212,0.23146797716617584,0.007842853665351868,0.20924124121665955,0.14494837820529938,1.0
4806.994510191972,0.0,500.0,1.0,549,10980000,0.0066622496,2614.974119237426,84438.18534783041,3.7101747238921234e-06,49.66941571235657,6.279025077819824,55.94844150543213,-3.8146971692576415e-10,2.5390625069121597e-06,1.5035648345947266,0.2567148804664612,0.008846779353916645,0.16398584842681885,0.17073749005794525,1.0
4827.57795430158,0.0,500.0,1.0,550,11000000,0.0070518022,1967.7465325519538,79458.78979709893,2.8366089281917084e-06,49.216360330581665,6.202488660812378,55.41884994506836,1.1444092340440193e-09,4.296874976716936e-06,1.5876024961471558,0.23497501015663147,0.007934981025755405,0.20058418810367584,0.14800618588924408,1.0
4783.908799487787,0.0,500.0,1.0,551,11020000,0.0066657485,1413.1101766890022,45258.19441431131,1.4026641110831406e-06,49.544634103775024,6.222120761871338,55.76675605773926,1.506805347162299e-08,2.050781176876626e-06,1.4475395679473877,0.24923527240753174,0.009544840082526207,0.1915755420923233,0.17217856645584106,1.0
4825.797613647718,0.0,500.0,1.0,552,11040000,0.006528282,3313.1022978667243,82969.07947694814,4.002952664450277e-06,49.04646277427673,6.31685733795166,55.36332082748413,-2.0980834847250662e-09,2.9296876391526894e-07,1.8391551971435547,0.2627418637275696,0.005912791006267071,0.10336741805076599,0.14286009967327118,1.0
4549.474380496528,0.0,500.0,1.0,553,11060000,0.006776158,2608.281806090531,80071.86404757165,-4.596614871843485e-06,49.75640034675598,6.417404413223267,56.173805475234985,6.675719976811934e-10,-2.441406195430318e-06,1.363660216331482,0.22989243268966675,0.01075516827404499,0.17808188498020172,0.16858480870723724,1.0
4680.90310811396,0.0,500.0,1.0,554,11080000,0.0067975274,2211.5042508265014,67042.14152474373,3.625869794632308e-06,49.58100891113281,6.279365062713623,55.86037540435791,-8.392333938900265e-09,4.785156306752469e-06,1.627963900566101,0.23463842272758484,0.007546400651335716,0.15955960750579834,0.14413000643253326,1.0
4720.110433565527,0.0,500.0,1.0,555,11100000,0.0067964843,2430.5616167882445,68833.26396080066,3.510284386720741e-06,50.08213019371033,6.224874973297119,56.30700659751892,9.536743617033494e-10,2.4902344648580765e-06,1.627443790435791,0.25077497959136963,0.007551225833594799,0.12534888088703156,0.15409129858016968,1.0
4775.197582317151,0.0,500.0,1.0,556,11120000,0.0066323066,3109.6723266212803,88151.37722650029,2.0256041466382158e-07,49.01085352897644,6.12586784362793,55.13672232627869,-1.125335735707722e-08,1.8554687812866177e-06,1.8077211380004883,0.26711583137512207,0.006120211444795132,0.11463012546300888,0.14776384830474854,1.0
4544.914548510618,0.0,500.0,1.0,557,11140000,0.0072006416,3693.2636191981615,100622.69940037819,-1.0768890206236392e-06,48.658453702926636,6.060145616531372,54.718600034713745,1.5258788677030566e-09,1.6601562720097718e-06,1.3983912467956543,0.27811869978904724,0.010227562859654427,0.12577269971370697,0.1988847255706787,1.0
4643.613476180969,0.0,500.0,1.0,558,11160000,0.006575012,2435.814575632666,66867.01408955762,-9.820556442718953e-06,48.78634190559387,6.148010015487671,54.9343535900116,1.0871887390351276e-08,-8.935547157307155e-06,1.7662187814712524,0.25446242094039917,0.006411215290427208,0.1662900298833847,0.14407184720039368,1.0
4742.995561584585,0.0,500.0,1.0,559,11180000,0.006937378,1955.1736722618152,76614.58295089818,-4.888152943749446e-06,49.08518362045288,6.301290273666382,55.386475801467896,7.629394893626795e-09,-5.175781097932486e-06,1.9620050191879272,0.2541629672050476,0.005195518955588341,0.13240213692188263,0.12954245507717133,1.0
4801.144181546197,0.0,500.0,1.0,560,11200000,0.0069780005,2622.977119329173,91251.68836148985,2.84414295492752e-06,48.77408981323242,6.274675369262695,55.04876732826233,-6.866454960174906e-09,3.0273438369476935e-06,1.7668181657791138,0.255282998085022,0.006406866014003754,0.16115538775920868,0.1444874256849289,1.0
4078.039022955637,0.0,500.0,1.0,561,11220000,0.0075811897,2777.9140764953227,109158.59465503086,-7.986068339960184e-07,48.81972813606262,6.340703725814819,55.16043281555176,1.4877318932349226e-08,-6.83593725625542e-07,1.6496728658676147,0.23002710938453674,0.0073490929789841175,0.1843017041683197,0.13943800330162048,1.0
4314.535876586697,0.0,500.0,1.0,562,11240000,0.006425901,1605.2293694174214,65589.5986850617,1.2718201105599292e-06,48.58411955833435,6.315019845962524,54.89914011955261,-5.722046170220096e-10,3.0273438369476935e-06,1.6330912113189697,0.25717100501060486,0.00749908946454525,0.241007998585701,0.15747499465942383,1.0
4603.185179101236,0.0,500.0,1.0,563,11260000,0.007273698,1657.7842731257153,75129.16528351413,1.3669966847373871e-06,48.706151247024536,6.3194053173065186,55.02555823326111,-7.629394338515283e-10,-1.9531249506599124e-07,1.9960663318634033,0.24684534966945648,0.005019716918468475,0.1770782768726349,0.12366591393947601,1.0
4420.191296427357,0.0,500.0,1.0,564,11280000,0.0052293716,1923.1548721313477,85895.57612708997,-4.492569132708013e-06,49.59106802940369,6.276706695556641,55.867775440216064,3.528594971768939e-09,-3.515624939609552e-06,1.2045356035232544,0.29761379957199097,0.013784479349851608,0.18974588811397552,0.24707764387130737,1.0
4563.438922896978,0.0,500.0,1.0,565,11300000,0.0070653795,1847.5479057846555,62570.033680521,-4.539489495414273e-08,49.66978621482849,6.286536693572998,55.95632481575012,-3.051757735406113e-09,1.56249996052793e-06,1.8697656393051147,0.24039596319198608,0.0057207755744457245,0.11570112407207489,0.12857010960578918,1.0
4466.03782111246,0.0,500.0,1.0,566,11320000,0.0060322825,1544.3529806052045,62177.55007215366,-5.16986847287626e-06,49.09851098060608,6.23870062828064,55.33721327781677,4.482269222449986e-09,-3.662109293145477e-06,1.9068880081176758,0.2701389789581299,0.005500203929841518,0.09943506121635437,0.1416648030281067,1.0
4414.027058058388,0.0,500.0,1.0,567,11340000,0.00745811,1585.3542591751002,62723.44470012689,3.5992622997582657e-06,49.08022880554199,6.269569635391235,55.349799156188965,5.912780931538464e-09,1.7089844277506927e-06,1.5964463949203491,0.20057252049446106,0.007847308181226254,0.1738683432340622,0.12563686072826385,1.0
4592.865323265372,0.0,500.0,0.975,568,11360000,0.007784893,2039.1952832167315,113374.73550146795,-5.369854079617653e-06,49.0918242931366,6.271504878997803,55.36332988739014,4.00543198608716e-09,-1.2695312534560799e-06,1.3307132720947266,0.23429174721240997,0.011294333264231682,0.20914852619171143,0.17606478929519653,1.0
4837.627827223549,0.0,500.0,1.0,569,11380000,0.0074546044,1706.654122079254,74951.01404757166,1.3679504036190338e-06,49.36725687980652,6.2441935539245605,55.611451864242554,-7.629394893626795e-09,-1.367187451251084e-06,1.6438770294189453,0.23748721182346344,0.0074010067619383335,0.20328950881958008,0.14446775615215302,1.0
4781.576392848865,0.0,500.0,1.0,570,11400000,0.006333006,2322.4514881401306,96999.61952534087,-1.4476776186711504e-06,49.158061027526855,6.254586935043335,55.4126501083374,-9.918212917625624e-09,2.6367188183940016e-06,1.4704481363296509,0.2769622206687927,0.009249752387404442,0.13145075738430023,0.1883523166179657,1.0
4834.072877777229,0.0,500.0,1.0,571,11420000,0.006881205,2510.1316996580476,94000.19882656996,4.484176770347403e-06,49.390506744384766,6.2878992557525635,55.678407430648804,2.2888184680880386e-09,2.5390625069121597e-06,1.5708709955215454,0.2599721848964691,0.00810491293668747,0.16907340288162231,0.16549555957317352,1.0
4731.943738261247,0.0,500.0,1.0,572,11440000,0.007074809,2027.8547261232025,62069.429790132366,2.6451111807546113e-06,49.35611963272095,6.272174596786499,55.62829518318176,-1.0871887390351276e-08,1.367187451251084e-06,1.5260322093963623,0.2353687882423401,0.008588198572397232,0.14944978058338165,0.15423578023910522,1.0
4838.744058831935,0.0,500.0,1.0,573,11460000,0.007448567,2035.4389285628204,55332.045039746714,-3.8057326037232997e-06,49.217944383621216,6.3345046043396,55.55245089530945,1.3351439953623867e-09,-2.5390625069121597e-06,1.5746468305587769,0.22084306180477142,0.008066090755164623,0.17668074369430542,0.14024926722049713,1.0
4838.43930186845,0.0,500.0,1.0,574,11480000,0.008320442,2231.602364529166,53313.59888068521,-3.5644532090373104e-06,49.598671436309814,6.290283679962158,55.888957262039185,2.2888184680880386e-09,-4.150390850554686e-06,1.640347957611084,0.22449706494808197,0.007432885468006134,0.30604493618011475,0.13685943186283112,1.0
4717.217654898475,0.0,500.0,1.0,575,11500000,0.0069844285,1895.676032893673,55172.516872760745,1.801490839170583e-06,48.99081325531006,6.255646705627441,55.24646067619324,2.0980834847250662e-09,1.1718750556610757e-06,1.6687930822372437,0.2568725645542145,0.007181652821600437,0.11081922054290771,0.15392713248729706,1.0
4826.677081971169,0.0,500.0,1.0,576,11520000,0.006665134,1922.0333561405255,82467.02268828375,-2.7217863589612534e-06,49.35772395133972,6.272873640060425,55.6305992603302,-1.0871887390351276e-08,-3.12499992105586e-06,1.7273017168045044,0.25399133563041687,0.0067033665254712105,0.1890861988067627,0.14704516530036926,1.0
4804.405545623388,0.0,500.0,1.0,577,11540000,0.0072759306,1614.444291949424,76824.74713749005,1.7966270888791769e-06,49.87457227706909,6.337189435958862,56.21176242828369,5.7220459481754915e-09,-1.1230468999201548e-06,1.5925761461257935,0.25354254245758057,0.007885496132075787,0.14536605775356293,0.15920275449752808,1.0
4835.962127972038,0.0,500.0,1.0,578,11560000,0.0072345426,1409.396652134209,56937.150573186205,5.395889388637443e-07,49.20555329322815,6.236299753189087,55.44185447692871,-6.866454960174906e-09,-2.4414063659605745e-07,1.6918683052062988,0.25265926122665405,0.006987089291214943,0.17514793574810028,0.14933742582798004,1.0
4823.832610563244,0.0,500.0,1.0,579,11580000,0.0072019477,1824.5151830296606,74223.1892752289,5.667400273523526e-06,49.462441205978394,6.252629041671753,55.71507167816162,-9.822845647988743e-09,3.4667968975554686e-06,1.7498879432678223,0.24326620995998383,0.006531437858939171,0.22068239748477936,0.13901816308498383,1.0
4731.852103613427,0.0,500.0,1.0,580,11600000,0.007601892,1744.051828654101,77197.57163365844,-2.1767616544821067e-06,49.12490940093994,6.24516487121582,55.37007546424866,1.6593933338526767e-08,-4.394531060825102e-06,1.5950337648391724,0.2385450154542923,0.007861214689910412,0.18665175139904022,0.14955481886863708,1.0
4568.12941327682,0.0,500.0,1.0,581,11620000,0.007126421,1983.960250553204,106453.24703174761,8.205222911783494e-06,49.49545192718506,6.23655366897583,55.73200702667236,-5.531310964812519e-09,5.273437636788003e-06,1.6101124286651611,0.24556563794612885,0.007714665029197931,0.10629363358020782,0.15251457691192627,1.0
4757.720598117474,0.0,500.0,1.0,582,11640000,0.007780899,1379.9772655511358,85841.45814807674,3.899192961398512e-06,49.0945770740509,6.261810302734375,55.35638952255249,3.433227480087453e-09,3.12499992105586e-06,1.3312666416168213,0.23386338353157043,0.011284945532679558,0.1795072853565216,0.1756698191165924,1.0
4833.301970670323,0.0,500.0,1.0,583,11660000,0.006509345,1450.572304432863,76290.74262353205,2.7315138595440658e-06,49.35914587974548,6.193024396896362,55.55217242240906,3.2424927187690855e-09,1.9531250927684596e-06,1.9999639987945557,0.27040159702301025,0.005000170320272446,0.11958855390548706,0.13520324230194092,1.0
4827.509559040205,0.0,500.0,1.0,584,11680000,0.007667508,1337.2044398605444,76330.91465154757,5.193328888708493e-06,49.38057899475098,6.242353677749634,55.62293338775635,-2.3841858265427618e-08,1.1718750556610757e-06,1.1785006523132324,0.24235394597053528,0.014400247484445572,0.2563931941986084,0.20564597845077515,1.0
4774.158605927267,0.0,500.0,1.0,585,11700000,0.0077188704,1512.793763791224,114798.13335427448,-7.686614935664693e-07,48.73299169540405,6.22731614112854,54.96030855178833,-9.346008411625917e-09,-2.2460937998403097e-06,1.5964161157608032,0.24631762504577637,0.007847605273127556,0.16568729281425476,0.15429413318634033,1.0
4791.3068453298165,0.0,500.0,1.0,586,11720000,0.0077678435,1423.903614748815,104744.89426938197,5.729675649490673e-07,48.998823165893555,6.314788341522217,55.31361269950867,1.6212464259979242e-08,-5.859375278305379e-07,1.3429657220840454,0.22520433366298676,0.011089187115430832,0.22185730934143066,0.16769181191921234,1.0
4838.901336920287,0.0,500.0,1.0,587,11740000,0.0070771063,1700.716057319398,68852.45582143213,-5.166244136489695e-06,49.324283838272095,6.300297498703003,55.624582290649414,-1.1062621929625038e-08,-6.24999984211172e-06,1.59650456905365,0.23389136791229248,0.00784673634916544,0.15255653858184814,0.14650215208530426,1.0
4789.438690544188,0.0,500.0,1.0,588,11760000,0.006657321,1981.5888775187693,96075.85979268262,7.133674898796016e-06,49.48384213447571,6.379019260406494,55.86286234855652,-6.103515470812226e-09,6.933593795110937e-06,1.543894648551941,0.2569538950920105,0.008390621282160282,0.11586085706949234,0.16643227636814117,1.0
4718.233674879581,0.0,500.0,1.0,589,11780000,0.006748993,1931.0495907242891,81133.55727290257,2.8297424705669982e-06,49.806384563446045,6.2013630867004395,56.00774931907654,3.2424927187690855e-09,5.3710937208961695e-06,1.4895265102386475,0.26659226417541504,0.009014319628477097,0.12728451192378998,0.17897780239582062,1.0
4783.995522122166,0.0,500.0,1.0,590,11800000,0.0074093537,1380.2838060026716,80387.5941975393,-2.7694704840541817e-07,49.25448489189148,6.0605809688568115,55.31506824493408,-2.002716037452501e-08,-1.2695312534560799e-06,1.5363364219665527,0.24381890892982483,0.008473383262753487,0.14460672438144684,0.15870149433612823,1.0
4737.361828166562,0.0,500.0,1.0,591,11820000,0.006873978,1434.5307317648724,90922.01951849871,-1.7656326463111327e-06,49.802595138549805,6.34790301322937,56.15049982070923,8.201599399626502e-09,-1.1718750556610757e-06,1.6438137292861938,0.2498231679201126,0.007401575800031424,0.13974826037883759,0.1519777923822403,1.0
4622.890929430263,0.0,500.0,1.0,592,11840000,0.0073434343,1298.6816632799282,93184.11912694068,-1.8733024944594945e-06,49.6746141910553,6.434468984603882,56.109084367752075,1.5735626135437997e-08,-2.050781176876626e-06,1.3796826601028442,0.24545809626579285,0.01050681620836258,0.39078769087791443,0.17790912091732025,1.0
4657.354580111971,0.0,500.0,1.0,593,11860000,0.0075055053,1609.6677568083355,119840.05413950537,-5.088043053547153e-06,49.59828591346741,6.190549850463867,55.78883695602417,9.346008411625917e-09,-6.4453124650754035e-06,1.2799662351608276,0.23409506678581238,0.012207666411995888,0.25118836760520935,0.1828915923833847,1.0
4562.574334507576,0.0,500.0,1.0,594,11880000,0.006360572,1684.9867938387924,103990.24732098427,-5.268955192150315e-06,49.00795650482178,6.231072902679443,55.23903131484985,2.0980834847250662e-09,-3.3203125440195436e-06,1.5171738862991333,0.28477638959884644,0.008688779547810555,0.10294973105192184,0.18770186603069305,1.0
4611.973033493536,0.0,500.0,1.0,595,11900000,0.0073927506,1351.8868691705595,63562.62896814042,-1.1131477549497504e-05,48.77861189842224,6.2203216552734375,54.998934745788574,0.0,-9.42382848734269e-06,1.3386932611465454,0.24533915519714355,0.01116008311510086,0.13330890238285065,0.18326765298843384,1.0
4757.913708660561,0.0,500.0,1.0,596,11920000,0.0078220125,1540.0822100013684,75139.81741609027,9.244346074410714e-06,49.29317855834961,6.207496404647827,55.50067615509033,-2.7465819840699623e-08,4.199218892608769e-06,1.4975489377975464,0.21572284400463104,0.008917998522520065,0.1903902292251587,0.14405058324337006,1.0
4631.1435370077315,0.0,500.0,1.0,597,11940000,0.006856514,1133.8575444069638,89209.3227473751,-3.817558081209427e-06,48.53805088996887,6.151567459106445,54.68961954116821,6.484985437538171e-09,-2.83203121398401e-06,1.320273756980896,0.239476278424263,0.011473650112748146,0.22065213322639465,0.18138381838798523,1.0
4837.5467414432005,0.0,500.0,1.0,598,11960000,0.0072303927,948.9236836378741,84446.82478944815,1.4537811239279108e-06,48.84380030632019,6.1801252365112305,55.023926734924316,1.5449524326527353e-08,2.3437501113221515e-06,1.3015563488006592,0.23569270968437195,0.011806025169789791,0.12999285757541656,0.18108533322811127,1.0
4797.389918071399,0.0,500.0,1.0,599,11980000,0.0067875977,1419.8996590292377,81710.87090248059,-5.842209134243603e-07,49.18741536140442,6.202630281448364,55.39004635810852,3.433227480087453e-09,1.9531250927684596e-06,1.6386528015136719,0.26632124185562134,0.007448272779583931,0.2799687385559082,0.1625244915485382,1.0
4823.163948983306,0.0,500.0,1.0,600,12000000,0.008222111,1783.6420657309757,58263.84171523562,-1.95159918803256e-06,48.90229320526123,6.213541507720947,55.11583590507507,-4.00543198608716e-09,-2.8808594834117685e-06,1.5100263357162476,0.2222122997045517,0.008771229535341263,0.29148268699645996,0.14715787768363953,1.0
