Metrics/EpRet,Metrics/EpCost,Metrics/EpLen,Metrics/EpSuccess,Train/Epoch,Train/TotalSteps,Train/StopIter,Train/KL,Train/LagragianMultiplier,Train/LR,Loss/Loss_reward_critic,Loss/Loss_cost_critic,Loss/Loss_actor,Time/Rollout,Time/Update,Time/Total,Value/RewardAdv,Value/CostAdv
690.2711464540973,0.0,500.0,0.0,1,20000,40,0.005573516711592674,0.0,0.00029949999999999996,129.76557694377414,0.002355220457893028,-0.004435289732534972,52.60855674743652,38.90056753158569,91.50912809371948,-6.217956638465694e-08,-7.212161978742415e-10
813.5683644802386,0.0,500.0,0.0,2,40000,40,0.007327696308493614,0.0,0.00029899999999999995,49.449794735042914,0.0007089773199953299,-0.006383422731049655,64.93487811088562,46.602707386016846,111.53758645057678,-4.3678284100678866e-08,1.6033649963276275e-09
973.6185719766748,515.05,500.0,0.0,3,60000,40,0.00675919046625495,0.019581174477934837,0.00029849999999999994,59.43365850205634,27661.192917155768,-0.018722249686074367,126.0305392742157,74.46647548675537,200.49701762199402,6.613731073912277e-08,6.286621214712795e-07
1238.050504043625,1443.65,500.0,0.01,4,80000,40,0.004173583816736937,0.043317630887031555,0.0002979999999999999,197.24457450201558,61959.532414433284,-0.03986969038749197,59.012823820114136,43.45096230506897,102.4637885093689,9.613037121880552e-08,4.882812376649781e-08
1374.0901878553136,3397.7037499999997,500.0,0.04,5,100000,40,0.004792926833033562,0.06825312972068787,0.0002974999999999999,332.7775580066025,178038.07929645345,-0.12987777812726747,59.835102796554565,43.25176811218262,103.08687281608582,1.3637543361255666e-07,-3.3203125440195436e-06
1491.8130017299507,850.0112499999999,500.0,0.015000000000000003,6,120000,40,0.00400395505130291,0.09306246787309647,0.0002969999999999999,210.45781579959166,62402.64508869511,-0.11057361627626382,62.468538999557495,38.9151656627655,101.38370704650879,-1.907348723406699e-09,1.8066406255456968e-06
1703.0208948763284,5050.14125,500.0,0.085,7,140000,40,0.004589765332639217,0.1197105124592781,0.0002964999999999999,380.1683763212459,341140.75091269426,-0.2757305435504124,70.80918335914612,36.36070799827576,107.16989278793335,1.0538101058443772e-08,-7.5683592513087206e-06
1558.5765213076488,2911.44625,500.0,0.03375,8,160000,40,0.004052743315696716,0.14802512526512146,0.0002959999999999999,222.5997551243776,152800.40350464743,-0.23318174637047348,64.44935035705566,40.35220384597778,104.80155515670776,-1.8596648665436533e-09,5.029296971770236e-06
1692.0102511667508,5236.24,500.0,0.07375,9,180000,40,0.005091661587357521,0.1780024766921997,0.00029549999999999986,235.93672737498193,252898.2574268511,-0.33397996809547115,72.97688150405884,37.8006477355957,110.77753043174744,1.9526481764842174e-08,3.906250185536919e-06
1721.4385037387954,2219.53375,500.0,0.061250000000000006,10,200000,40,0.004551467951387167,0.20794537663459778,0.00029499999999999985,189.74219635277038,81958.51135489106,-0.32146485872139596,58.32808876037598,41.90999507904053,100.23808598518372,-9.086132024549443e-08,-1.8798828023136593e-06
1746.7845015449843,3742.6462500000002,500.0,0.053750000000000006,11,220000,40,0.005906953942030668,0.23895926773548126,0.00029449999999999984,251.17312893776378,183111.92804818123,-0.5579440791041228,58.32791352272034,40.53008246421814,98.85799717903137,2.9087066977240283e-08,-3.0273438369476935e-06
1728.2736338852585,2858.8337500000002,500.0,0.05625,12,240000,40,0.00547764590010047,0.2702800929546356,0.00029399999999999983,205.82522541945147,101013.7593944914,-0.2852592110111835,59.72051405906677,50.4425094127655,110.16302442550659,5.29289252426679e-08,2.075195425277343e-06
1632.4084919865522,3755.687499999999,500.0,0.036250000000000004,13,260000,40,0.005193426739424467,0.30239632725715637,0.00029349999999999987,143.27926461225863,180208.15495207478,-0.4159040573913201,65.66046476364136,41.4966139793396,107.15707969665527,-1.835823049134433e-08,9.765624753299562e-08
1655.792874890862,2166.9625,500.0,0.05500000000000001,14,280000,40,0.005105563905090094,0.33403733372688293,0.00029299999999999986,191.72360199606342,87168.2334933044,-0.26327877403444544,60.7219295501709,43.527454137802124,104.24938559532166,-2.245903019115758e-08,-3.149414169456577e-06
1470.571309115387,2126.3887499999996,500.0,0.005,15,300000,40,0.006321487948298454,0.3652457594871521,0.00029249999999999985,83.14354293209732,76418.14273834229,-0.5137552889502922,64.34408116340637,39.92250061035156,104.26658344268799,-7.2479249269008506e-09,1.9287108443677425e-06
1393.219683761648,3344.3224999999998,500.0,0.00125,16,320000,40,0.005496078170835972,0.39705610275268555,0.00029199999999999983,214.6142897229286,128012.08843396424,-0.5838622444422003,64.45773887634277,44.53002214431763,108.98776364326477,-5.054473728449693e-09,-1.367187451251084e-06
1592.9136200159915,820.68625,500.0,0.030000000000000006,17,340000,40,0.006616274360567331,0.42698490619659424,0.0002914999999999998,173.7673240048111,66141.33653492533,-0.3309526729166128,59.20499134063721,46.11129832267761,105.31629157066345,1.0490417423625331e-09,3.906249901319825e-07
1382.983690889276,3161.4387500000003,500.0,0.01875,18,360000,40,0.006231379695236683,0.4575854539871216,0.0002909999999999998,146.5770419126863,192834.3425315468,-0.849208000568068,61.74536895751953,49.41006350517273,111.15543460845947,1.0490417423625331e-09,3.6376952721184352e-06
1347.498147265745,1753.73375,500.0,0.025,19,380000,40,0.006933601573109627,0.48751550912857056,0.0002904999999999998,217.22199058228998,14992.026718197962,-0.3118371697178312,63.22106671333313,38.724748373031616,101.94581699371338,8.964538444899972e-09,1.4648438195763447e-07
1389.8690796941087,102.30625,500.0,0.045,20,400000,40,0.009153410792350769,0.5148420929908752,0.0002899999999999998,205.60195002525475,1261.4837878913636,-0.13048181612412357,61.505613565444946,39.54878878593445,101.05440330505371,-8.487701208537146e-09,2.0751953400122147e-07
1307.8198256262137,1261.8474999999999,500.0,0.030000000000000006,21,420000,40,0.006136522628366947,0.5413237810134888,0.0002894999999999998,178.5099141667603,52702.33756699775,-0.5227990517902906,61.56952691078186,43.8053297996521,105.37485766410828,1.1920929132713809e-08,-3.5766602195508312e-06
1427.724018845699,733.53,500.0,0.06875,22,440000,40,0.011251607909798622,0.566397488117218,0.0002889999999999998,294.37404828770144,17118.457494368828,-0.42372293513458054,56.516382932662964,41.67441129684448,98.19079494476318,1.5640258865801115e-08,-3.295898522992502e-07
1324.909537648658,9.115,500.0,0.09375,23,460000,40,0.00739713292568922,0.5892044901847839,0.0002884999999999998,222.9925302365783,3139.9050696063196,-0.18048044916859288,54.457303047180176,44.30525231361389,98.76255631446838,-1.3351439953623867e-09,-5.126952942191565e-07
1043.0298015503151,0.0,500.0,0.0125,24,480000,40,0.008959103375673294,0.6099390387535095,0.0002879999999999998,125.27902228786687,1952.154377037097,-0.16212704727199273,65.10136413574219,43.06520438194275,108.16657066345215,-3.1566621316869714e-08,-1.3427734302240424e-07
1131.3931045179477,0.24,500.0,0.05,25,500000,40,0.008342674002051353,0.6287893652915955,0.0002874999999999998,190.72947611899892,2186.9763215374796,-0.16061651439578006,67.5710096359253,44.76508569717407,112.33609795570374,3.194809039541724e-08,-4.882812731921149e-07
996.9517910090965,0.06,500.0,0.045,26,520000,40,0.009115969762206078,0.6459248661994934,0.00028699999999999977,231.82582397886142,1333.0957131233945,-0.12265838301521104,62.07812762260437,47.488704204559326,109.56683421134949,-1.2540817273531957e-08,-7.324219097881723e-08
1018.9198992215827,0.0,500.0,0.065,27,540000,40,0.008939097635447979,0.6614988446235657,0.00028649999999999975,288.39685896126326,1972.5953540291755,-0.1439218423898765,64.88656330108643,43.71338725090027,108.5999526977539,-2.0122527644161892e-08,-9.765624753299562e-08
1006.2039283767274,25.015000000000004,500.0,0.015000000000000003,28,560000,40,0.008649861440062523,0.675688624382019,0.00028599999999999974,134.5911644243131,1501.3810687751527,-0.18566043517273512,63.426077365875244,44.57097101211548,107.99705028533936,3.5572053747046084e-08,-2.3193359766082722e-07
877.541095032601,643.5699999999999,500.0,0.0,29,580000,40,0.01171987596899271,0.6895588636398315,0.00028549999999999973,86.40368534227845,31215.56131676838,-0.6814261616794927,62.83027935028076,41.649932861328125,104.4802131652832,-9.059906158626063e-10,1.0498047231521923e-06
898.6044285214964,173.29000000000002,500.0,0.015000000000000003,30,600000,40,0.008202039636671543,0.7024277448654175,0.0002849999999999997,90.3189554408857,1050.2196235462359,-0.12337123433863566,68.48170399665833,42.86135697364807,111.34306287765503,1.2207030941624453e-08,2.5634764710957825e-07
864.8213418232423,89.4625,500.0,0.01,31,620000,40,0.008722797967493534,0.7142544388771057,0.0002844999999999997,67.52445109543527,2310.597306191997,-0.29794030670628285,64.86569046974182,39.72242450714111,104.58811736106873,-3.457069297496673e-08,-1.1718750556610757e-06
770.6210780635004,16.13625,500.0,0.0,32,640000,40,0.00872129201889038,0.7250145077705383,0.0002839999999999997,60.8335360906686,1019.7806592516079,-0.1419278973327938,64.7787561416626,39.198421001434326,103.9771785736084,-3.5715103763322986e-08,4.882812376649781e-08
901.5850932727337,5.86875,500.0,0.0225,33,660000,40,0.008775457739830017,0.7347851991653442,0.0002834999999999997,97.76193153417793,1052.471836855457,-0.1928525577791652,59.683669328689575,41.24695181846619,100.93062496185303,-1.4650821889006238e-08,3.540039017480012e-07
779.1166945922498,241.07,500.0,0.0025,34,680000,40,0.007573384791612625,0.7440390586853027,0.0002829999999999997,65.33516294849906,28610.434600752327,-0.4780173564911078,66.6955053806305,50.14278030395508,116.83828806877136,3.814697446813398e-09,-1.220703097715159e-06
785.8036563758393,730.8774999999999,500.0,0.0,35,700000,40,0.00843407865613699,0.7536264657974243,0.0002824999999999997,76.02790732657074,1704.287557827895,-0.16116723170693797,62.929216623306274,45.9272575378418,108.8564760684967,-1.2922287240257901e-08,-5.493163968139925e-08
841.8516971164911,1177.86,500.0,0.025,36,720000,40,0.007395138498395681,0.7642490863800049,0.0002819999999999997,126.75013712196593,49250.06371057352,-0.3256642112472824,67.2129271030426,48.04087781906128,115.25380563735962,2.7561187110336505e-08,-4.9560549086891115e-06
648.0728552536741,0.0,500.0,0.0,37,740000,40,0.006715426687151194,0.7738791108131409,0.0002814999999999997,36.60961282359567,420.3665873302776,-0.11206115054642889,67.14714431762695,42.4725239276886,109.61966967582703,3.590583830259675e-08,-6.408691177739456e-08
781.6820965866975,0.0,500.0,0.015000000000000003,38,760000,40,0.006554747000336647,0.7826036810874939,0.0002809999999999997,54.30580779397564,431.1183127530821,-0.11501918918020122,72.61660552024841,47.52115607261658,120.13776302337646,1.1301040991895661e-08,-6.042480436008191e-07
897.2796362256573,1.75,500.0,0.035,39,780000,40,0.008840197697281837,0.7905053496360779,0.00028049999999999966,98.88353966178408,425.73584184464374,-0.1413886402754386,68.76895427703857,47.366583585739136,116.1355402469635,4.243850604268573e-09,2.5634764710957825e-07
623.6430891713842,1093.55,500.0,0.0,40,800000,40,0.008701707236468792,0.7995359897613525,0.00027999999999999965,41.94996018561588,15466.998190556666,-0.49313988217692467,73.79638934135437,46.384647369384766,120.18103981018066,1.430511542555024e-10,1.5380859395008883e-06
816.8452571443759,0.0,500.0,0.03250000000000001,41,820000,40,0.008265390992164612,0.8077101111412048,0.00027949999999999964,96.24893771706114,2291.252619992396,-0.15323840720092605,69.71120262145996,45.665261030197144,115.37646532058716,-4.577636936176077e-09,-1.708984314063855e-07
940.1794954877289,1195.95,500.0,0.065,42,840000,40,0.006572563201189041,0.8171951174736023,0.0002789999999999996,111.02786999599189,63813.734045463614,-0.4187569337333464,67.3072280883789,48.873181104660034,116.18041110038757,-3.433227480087453e-09,1.30615239868348e-06
707.3740882986042,0.0,500.0,0.0025,43,860000,40,0.008610266260802746,0.8257794380187988,0.0002784999999999996,45.340628649778424,1929.5473433452048,-0.1773342936495497,66.5715217590332,46.91314649581909,113.48466944694519,-3.290176309178605e-08,-1.5869140668200998e-07
749.4692195695495,0.0,500.0,0.0,44,880000,40,0.008838875219225883,0.8335427045822144,0.0002779999999999996,40.22525125339532,1768.1229656559647,-0.19020330116069714,67.29304218292236,42.05586266517639,109.34890747070312,-4.386901952813105e-09,-2.807617249800387e-07
648.1173704889592,0.0,500.0,0.0,45,900000,40,0.009390391409397125,0.8405575752258301,0.0002774999999999996,31.01784666510904,2089.0441719152363,-0.22602145550179348,72.442214012146,54.73541855812073,127.17763376235962,5.1689148961031606e-08,-5.126952942191565e-07
690.7112662050351,0.0,500.0,0.0,46,920000,40,0.010300318710505962,0.8468903303146362,0.0002769999999999996,43.18798825938231,2347.1261059171834,-0.26563457260442197,65.64243650436401,43.11502194404602,108.75746083259583,-3.576278717609682e-10,4.882812731921149e-07
683.0388799678991,0.0,500.0,0.0,47,940000,40,0.009974236600100994,0.8526014685630798,0.00027649999999999957,30.390145290885002,1755.6776709003814,-0.19838961932309873,68.86271214485168,45.76667928695679,114.6293933391571,1.692771967043427e-08,-4.882812731921149e-07
703.1914808117451,0.0,500.0,0.0,48,960000,40,0.008194612339138985,0.8577461838722229,0.00027599999999999955,39.080765627903546,1610.116279694381,-0.1957263995483992,71.06842637062073,50.921266317367554,121.98969411849976,2.7418136649970393e-09,7.324219097881723e-08
637.107577174959,50.0225,500.0,0.0,49,980000,40,0.009090948849916458,0.8624704480171204,0.00027549999999999954,30.838736170568286,1421.7987067872552,-0.17219650051230267,72.27533793449402,53.62457799911499,125.89991760253906,1.239776614703203e-09,-1.2145995924583985e-06
605.1442283717408,8.8275,500.0,0.0,50,1000000,40,0.006991722155362368,0.8667328357696533,0.00027499999999999953,29.204362850128465,265.98961670747985,-0.14674907357781936,67.43516540527344,46.44404101371765,113.87920761108398,-1.435279806116796e-08,-3.784179796184617e-07
646.7642248235655,0.0,500.0,0.0,51,1020000,40,0.009628210216760635,0.870557427406311,0.0002744999999999995,36.83296599448866,587.9839743936138,-0.13369105790806993,67.21148872375488,46.09025454521179,113.30174589157104,6.008148201175345e-09,5.981445383440587e-07
712.4389049729232,2.07,500.0,0.0,52,1040000,40,0.0093730753287673,0.8739872574806213,0.0002739999999999995,33.68297911540718,1324.3845018957832,-0.14092477173811407,80.64014768600464,45.79082250595093,126.43097162246704,4.386901952813105e-09,-3.1127930810725957e-07
665.9063878030345,0.22999999999999998,500.0,0.0,53,1060000,40,0.007692988496273756,0.87705397605896,0.0002734999999999995,28.20901304475821,235.0221294876876,-0.1614033136143094,72.49617338180542,43.59091925621033,116.08709454536438,5.9604645663569045e-09,5.661010504809383e-07
612.4158700970602,583.1475,500.0,0.0,54,1080000,40,0.008541138842701912,0.8809539675712585,0.0002729999999999995,33.90662058113487,20261.945758837803,-0.3513785383266628,70.75652933120728,47.84071731567383,118.5972490310669,-1.0490417423625331e-09,-2.5634764710957825e-07
646.2148827678164,314.00249999999994,500.0,0.0,55,1100000,40,0.009629795327782631,0.8850786089897156,0.00027249999999999947,36.04931479988584,1836.0062722564503,-0.1710579159687374,70.1422848701477,41.64229989051819,111.78458642959595,-2.6702879907247734e-09,-6.83593725625542e-07
654.9586717403166,0.0,500.0,0.0,56,1120000,40,0.008432896807789803,0.8887732625007629,0.0002719999999999995,29.35342516990224,236.80701275479262,-0.1375435093186416,72.02547836303711,44.836382150650024,116.86186122894287,-6.8426131427656856e-09,-7.324218813664629e-07
682.9006887290052,796.49375,500.0,0.0,57,1140000,40,0.008617284707725048,0.8937040567398071,0.0002714999999999995,47.272455519172034,26166.6360171069,-0.6012251769874696,69.85328531265259,42.263936042785645,112.11722421646118,5.292892346631106e-09,-5.737304604735982e-07
659.48589963255,197.77125,500.0,0.01,58,1160000,40,0.009545180946588516,0.8985376358032227,0.0002709999999999995,62.45463479187838,9029.702792164018,-0.46737312129135156,73.15744090080261,42.448678970336914,115.606121301651,-2.479553229406406e-09,3.41796862812771e-07
731.788012398181,35.03625,500.0,0.015000000000000003,59,1180000,40,0.011560974642634392,0.9029462933540344,0.0002704999999999995,87.92048425978156,3590.346169305303,-0.25547153147376456,72.04237675666809,46.29253530502319,118.3349142074585,-3.8146971692576415e-10,1.4648438195763447e-07
720.2907094434056,16.24875,500.0,0.0,60,1200000,40,0.010659966617822647,0.9069293737411499,0.00026999999999999946,68.82085089683532,4964.099192188044,-0.33250879104350023,64.72627973556519,41.793649196624756,106.51993036270142,-5.2452087118126656e-09,1.4648438195763447e-07
786.042843117858,36.307500000000005,500.0,0.02375,61,1220000,40,0.008631319738924503,0.910568118095398,0.00026949999999999945,126.05515900994563,2099.0574573395356,-0.2841873416303402,66.19263458251953,43.39471960067749,109.58735632896423,-6.866454960174906e-09,2.4414061883248905e-08
716.0483687305955,344.41999999999996,500.0,0.00125,62,1240000,40,0.00873745046555996,0.9145522117614746,0.00026899999999999944,102.18394911638491,24026.304180427112,-0.39876567599167867,68.55745196342468,43.72552418708801,112.28297758102417,-9.536742923144104e-11,2.7832031719299266e-06
924.5888301323448,646.2925000000001,500.0,0.0725,63,1260000,40,0.009897438809275627,0.9195006489753723,0.0002684999999999994,156.57071345900275,3750.7424377247025,-0.45370773646719514,75.67661905288696,41.17729663848877,116.85391688346863,4.291534239087014e-09,4.882812731921149e-07
899.7479335718803,8.46,500.0,0.07375000000000001,64,1280000,40,0.010742666199803352,0.9239540696144104,0.0002679999999999994,137.8905112157202,3518.0279053997842,-0.3609457023880759,65.20017838478088,44.7217857837677,109.92196679115295,6.484985437538171e-09,-1.708984314063855e-07
788.0825753816864,224.93249999999998,500.0,0.0375,65,1300000,40,0.011616477742791176,0.9284308552742004,0.0002674999999999994,183.92016943852613,7021.4216366567425,-0.49609295419494437,67.12331366539001,46.293580055236816,113.41689538955688,6.866454960174906e-09,-5.737304604735982e-07
829.0518793120002,75.61250000000001,500.0,0.03250000000000001,66,1320000,40,0.008371764793992043,0.9326030015945435,0.0002669999999999994,115.75226677937113,6001.714085193804,-0.28208335820277025,68.48236513137817,55.84657669067383,124.32894444465637,1.8739699569891854e-08,3.6621094068323146e-07
933.4569832793592,1603.1512500000001,500.0,0.0925,67,1340000,40,0.006876205559819937,0.9398336410522461,0.0002664999999999994,230.28313404800025,137767.39340412116,-0.7219843298196793,70.67052960395813,41.758806228637695,112.4293372631073,-9.536742923144104e-11,1.7089844277506927e-06
980.1058339896717,1096.375,500.0,0.04875,68,1360000,40,0.009894255548715591,0.9487361311912537,0.00026599999999999936,235.2089153374836,36353.89253548786,-0.7662195634500236,71.97603058815002,43.995692014694214,115.97172403335571,-1.0919571025169716e-08,4.052734311699169e-06
813.1623866718217,323.72375,500.0,0.0425,69,1380000,40,0.007720626890659332,0.9574717283248901,0.00026549999999999935,84.42402420074318,1799.62511006495,-0.2571454738913353,70.32114362716675,45.73561239242554,116.05675745010376,1.9073485846288207e-10,3.0517577442878974e-07
779.4178590764927,21.725,500.0,0.05,70,1400000,40,0.009867563843727112,0.9653846621513367,0.00026499999999999934,158.95440937121202,4298.813293354982,-0.3810286344426453,63.92728638648987,43.27246403694153,107.19975161552429,-1.0490417423625331e-09,4.882812376649781e-08
692.9032424070571,0.15,500.0,0.0,71,1420000,40,0.010125757195055485,0.9725021123886108,0.00026449999999999933,90.80888376570051,2007.580011622921,-0.33652460618170016,66.3801646232605,43.45234251022339,109.83250832557678,2.00271599304358e-09,8.575439665037266e-07
746.4389642203236,17.225,500.0,0.025,72,1440000,40,0.008774272166192532,0.9789363741874695,0.0002639999999999993,104.4631184003915,979.1110304984318,-0.2946344109548695,74.90216970443726,46.595986127853394,121.49815726280212,2.0313262183435654e-08,1.7761230992618948e-06
666.5217142139048,2.05,500.0,0.0,73,1460000,40,0.009527668356895447,0.9847158193588257,0.0002634999999999993,65.35876204193018,1233.2115360721662,-0.3357188395847371,73.35204219818115,46.34760546684265,119.69964981079102,-1.4305114870438729e-09,7.141113087527629e-07
704.3390567462469,239.75,500.0,0.0,74,1480000,40,0.017551014199852943,0.990449070930481,0.0002629999999999993,49.71935055331819,2764.574361142687,-0.4152542132208017,68.68644690513611,46.65294075012207,115.3393907546997,9.536743617033494e-10,3.063964868488256e-06
718.5249308776177,1033.4,500.0,0.0,75,1500000,40,0.009264486841857433,0.9979646801948547,0.0002624999999999993,91.24913408164007,17170.330267402016,-0.7658675583328601,63.07782959938049,39.050785303115845,102.12861633300781,1.0824203755532835e-08,6.591797045985004e-06
719.2645886768728,0.0075000000000000015,500.0,0.0,76,1520000,40,0.009772990830242634,1.0047167539596558,0.00026199999999999927,53.029243024595225,2921.1853959636323,-0.3275209839639675,71.90216135978699,50.5324981212616,122.43466138839722,6.103515470812226e-09,6.83593725625542e-07
750.6418478712197,6.517500000000001,500.0,0.05500000000000001,77,1540000,40,0.009004388935863972,1.0107914209365845,0.00026149999999999925,105.31422063286897,1874.0435960077177,-0.3008525080207712,68.15495729446411,43.889328479766846,112.04428791999817,1.8119812317252126e-09,3.906249901319825e-07
612.759724943842,0.0,500.0,0.02,78,1560000,40,0.009792348369956017,1.0162360668182373,0.00026099999999999924,71.82858772763781,2240.834095355963,-0.2655745893734608,64.04725670814514,42.119964838027954,106.16722321510315,5.149841442175784e-09,1.2207031829802872e-07
747.2581566665843,461.125,500.0,0.025,79,1580000,40,0.015431936830282211,1.0222033262252808,0.00026049999999999923,75.91054869244812,7529.060738275613,-0.7417974645236305,67.14725399017334,40.03356051445007,107.18081617355347,-2.8181075251154653e-08,-6.774902203687816e-07
639.7612197208298,1120.0,500.0,0.0,80,1600000,40,0.008913013152778149,1.0301998853683472,0.0002599999999999992,91.82449311450789,39148.89340882514,-0.4311093503383884,67.48798394203186,38.55020356178284,106.03819012641907,2.0980834847250662e-09,-3.906249901319825e-07
656.1579512855336,0.175,500.0,0.0,81,1620000,40,0.010034744627773762,1.0373836755752563,0.0002594999999999992,119.29369236861065,2787.299418445757,-0.35482121548217954,64.40445399284363,40.38026475906372,104.78472018241882,3.671646098268866e-09,-1.1474609209471964e-06
778.6447859743251,1267.475,500.0,0.05,82,1640000,40,0.010921281762421131,1.0468448400497437,0.0002589999999999992,121.83693176318125,53934.9366437098,-0.62287201891849,66.4807722568512,38.42578649520874,104.90656089782715,-7.915496702537439e-09,3.051757857974735e-06
617.1158997644432,0.0,500.0,0.0,83,1660000,40,0.00930878333747387,1.0553531646728516,0.0002584999999999992,35.6754884167082,975.6006842643592,-0.28943810458206065,71.23408436775208,40.21461772918701,111.4487042427063,-5.030631911040473e-09,-4.1503906800244295e-07
655.3050560791553,726.4762499999999,500.0,0.041249999999999995,84,1680000,40,0.01664709858596325,1.0647512674331665,0.00025799999999999917,49.48211512444126,8746.066637206837,-1.2093209668709215,67.28158020973206,43.91644787788391,111.1980311870575,2.0980834847250662e-09,3.796386636167881e-06
726.706257710324,49.383750000000006,500.0,0.05625,85,1700000,40,0.009979752823710442,1.0733213424682617,0.00025749999999999916,109.68536903235562,4785.736287091492,-0.3970547928148584,68.87589859962463,44.11814308166504,112.99404430389404,3.337859988405967e-10,2.9296876391526894e-07
689.10489689935,0.41500000000000004,500.0,0.0025,86,1720000,40,0.010412927716970444,1.0810210704803467,0.00025699999999999915,99.77307602007677,2778.455489106391,-0.34245840152310336,68.1049747467041,43.17232084274292,111.27729749679565,2.2888184680880386e-09,4.7607420583517523e-07
712.3532269515656,9.225,500.0,0.02375,87,1740000,40,0.009847144596278667,1.0879535675048828,0.00025649999999999913,54.24563590614659,3692.323423057605,-0.41069295514066506,66.06610608100891,54.272727251052856,120.3388352394104,9.059905714536853e-09,4.882812731921149e-07
671.9851274965256,736.9612500000001,500.0,0.00125,88,1760000,40,0.01056047435849905,1.0959898233413696,0.0002559999999999991,71.34299273308675,15626.014822407133,-0.7865498596505754,64.2232620716095,42.94658803939819,107.16985177993774,-2.241134611224993e-09,-1.2695312534560799e-06
667.9633309722616,579.0137500000001,500.0,0.0,89,1780000,40,0.009470652788877487,1.1046420335769653,0.0002554999999999991,41.978912641440225,4646.665772971378,-0.41065666718871163,73.23009586334229,48.94993352890015,122.18003225326538,1.0490417423625331e-08,4.516601563864242e-07
699.1483093274173,0.22500000000000003,500.0,0.013750000000000002,90,1800000,40,0.008715327829122543,1.1124123334884644,0.00025499999999999915,63.29231596478991,6720.8811367156395,-0.42670649358184093,61.12442970275879,43.26906156539917,104.39349365234375,1.5258788677030566e-09,4.882812376649781e-08
632.5054801429993,1.8399999999999999,500.0,0.01625,91,1820000,40,0.00955523457378149,1.1193875074386597,0.00025449999999999914,49.208886629153206,10074.082387294891,-0.4295375384390354,68.79402494430542,44.22861909866333,113.02264523506165,3.576278717609682e-10,-4.39453117451194e-07
599.3732318935814,547.705,500.0,0.02,92,1840000,40,0.009159197099506855,1.1270229816436768,0.0002539999999999991,47.66771472092647,10575.20382659329,-0.576503006421077,62.745837450027466,45.19165778160095,107.93749690055847,7.3909758313561724e-09,-2.514648485885118e-06
550.3418108169398,360.38,500.0,0.0,93,1860000,40,0.008515723049640656,1.134787678718567,0.0002534999999999991,29.02972009075675,3866.7395119150733,-0.38232437554438403,58.260082721710205,48.22840714454651,106.48849105834961,-2.956390465769232e-09,6.225586162145191e-07
624.3859819796818,63.65,500.0,0.025,94,1880000,40,0.010303962975740433,1.1419143676757812,0.0002529999999999991,48.02921072054821,6665.871464499698,-0.5033011902550792,75.69273638725281,41.06807899475098,116.7608163356781,6.675719976811934e-10,2.4414063659605745e-07
545.032649446132,0.0,500.0,0.0,95,1900000,40,0.01130866352468729,1.1482994556427002,0.0002524999999999991,99.86379796410822,4556.19198043726,-0.4475460872243924,62.88201594352722,42.38359594345093,105.26561403274536,3.2424927187690855e-09,-5.126952942191565e-07
538.5856532214708,390.21750000000003,500.0,0.0,96,1920000,40,0.010793573223054409,1.1550227403640747,0.0002519999999999991,55.69113875285835,15621.52636860647,-0.8481433204167588,61.2069308757782,52.59221792221069,113.79914999008179,-1.8119812317252126e-09,1.416015606992005e-06
692.0785004453589,54.43249999999999,500.0,0.0125,97,1940000,40,0.009833653457462788,1.161183476448059,0.00025149999999999907,127.14674300570397,8222.105742931974,-0.5039797940285532,64.03076815605164,55.5926628112793,119.62343311309814,2.00271599304358e-09,1.025390588438313e-06
712.2925659953755,0.0,500.0,0.0125,98,1960000,40,0.010998998768627644,1.1666923761367798,0.00025099999999999905,84.26473668365722,5708.088996653952,-0.5036970277370256,63.12917518615723,52.16477727890015,115.29395461082458,1.3923645347801994e-08,4.882812376649781e-08
713.3740147600272,1.6425,500.0,0.01625,99,1980000,40,0.01066447701305151,1.1716153621673584,0.00025049999999999904,48.880958281353024,4219.634476937458,-0.4732073799072272,64.30851316452026,47.95524835586548,112.26376438140869,1.688003514743741e-08,-7.568359592369234e-07
793.9575224815012,2.1825,500.0,0.05,100,2000000,40,0.009746823459863663,1.176008939743042,0.00024999999999999903,87.07919030948808,4595.280751095912,-0.4550191484510329,64.09285879135132,41.20277190208435,105.29563212394714,-1.363754265071293e-08,9.765624753299562e-08
257.6037794536715,0.525,500.0,0.00875,101,2020000,40,0.009387786500155926,1.179918646812439,0.000249499999999999,172.1175117650609,9766.185162547896,-0.38111924330709845,65.76725602149963,54.139339447021484,119.90659856796265,2.1934509319976314e-08,-3.7231445730867563e-06
48.041687028935044,0.0,500.0,0.0,102,2040000,40,0.010439595207571983,1.1833887100219727,0.000248999999999999,106.3928766396395,7177.041489045939,-0.253874191345208,65.02878546714783,52.32417941093445,117.35296678543091,-1.3976097079648753e-07,-6.591797045985004e-07
46.71529375937338,0.0,500.0,0.0,103,2060000,40,0.011390291154384613,1.1864604949951172,0.000248499999999999,50.903458533013705,5829.736579535417,-0.20057383496670206,61.75173330307007,50.45005202293396,112.20178771018982,2.0313262183435654e-08,-2.6855468604480848e-06
48.431566026313725,0.0,500.0,0.0,104,2080000,40,0.010133681818842888,1.189171552658081,0.000247999999999999,38.0228383623111,6601.243787233389,-0.28810368707747597,64.70362758636475,47.80931377410889,112.51294326782227,-3.185272134942352e-08,-7.324218813664629e-07
47.11864685596222,0.0,500.0,0.0,105,2100000,40,0.008799761533737183,1.1915558576583862,0.00024749999999999897,36.35496582468604,4951.782990007339,-0.18990158472138985,68.40918183326721,43.95825552940369,112.36743998527527,4.620552118694832e-08,-4.1503906800244295e-07
46.59906664315767,0.0,500.0,0.0,106,2120000,40,0.009328045882284641,1.1936440467834473,0.00024699999999999896,30.80370936955616,5582.259787201122,-0.23401609672719886,65.82084369659424,43.83535075187683,109.65619683265686,-4.000663622605316e-08,2.294921841894393e-06
50.00889204707786,0.0,500.0,0.0,107,2140000,40,0.008909654803574085,1.1954641342163086,0.00024649999999999894,22.70624989825449,5452.766416114759,-0.21211248348900089,68.51179337501526,53.87361526489258,122.38541054725647,1.3647078844769567e-07,7.81249980263965e-07
51.12253485931737,0.0,500.0,0.0,108,2160000,40,0.009326791390776634,1.1970412731170654,0.00024599999999999893,20.929841091374684,6800.71327509789,-0.2771440303154812,66.90572142601013,52.31423997879028,119.21996426582336,-9.727478378351861e-09,1.1962890766881173e-06
47.16717825319464,0.0,500.0,0.0,109,2180000,40,0.011819814331829548,1.198398232460022,0.0002454999999999989,16.371149758016987,4077.1579807160006,-0.24882274737617202,67.3361268043518,48.78598189353943,116.1221113204956,-6.923675499592719e-08,1.2207031829802872e-07
52.41046721699492,0.0,500.0,0.0,110,2200000,40,0.009648961946368217,1.19955575466156,0.0002449999999999989,16.084442252566102,3266.956342135873,-0.24792312684522314,64.15673446655273,46.69317126274109,110.8499071598053,2.0551681245706277e-08,-3.662109548940862e-08
48.769889668193535,0.0,500.0,0.0,111,2220000,40,0.00999751128256321,1.2005324363708496,0.0002444999999999989,17.60509366670232,2692.385301961717,-0.19999901029239794,63.491780042648315,51.057323932647705,114.5491054058075,-6.027221388649195e-08,-1.904296823340701e-06
49.60272107215248,0.0,500.0,0.0,112,2240000,40,0.007211272604763508,1.2013453245162964,0.0002439999999999989,15.915034465729052,1281.9655840296655,-0.20220192759208808,62.14166736602783,44.88399577140808,107.0256655216217,-2.6130676289426447e-08,-2.679443468878162e-06
53.45186131069842,0.0,500.0,0.0,113,2260000,40,0.011329838074743748,1.202009677886963,0.00024349999999999893,18.415895682687214,1996.784182841307,-0.18719873539154316,59.715991258621216,46.95946002006531,106.675452709198,3.204345588869728e-08,-1.5014647942734882e-06
52.730552579777466,0.0,500.0,0.0,114,2280000,40,0.007560412399470806,1.202539324760437,0.00024299999999999894,15.00278661266254,1058.7661573859536,-0.1968105265431723,65.12358808517456,43.64221143722534,108.76580142974854,-8.01086397217432e-09,4.6691894795003464e-07
50.65283719508521,0.0,500.0,0.0,115,2300000,40,0.008161140605807304,1.2029469013214111,0.00024249999999999893,13.390678198929805,1360.8679025540687,-0.24185147915676142,68.23482370376587,44.04124140739441,112.27606654167175,-5.865097207902181e-08,-2.593994167909841e-06
51.35141736570991,0.0,500.0,0.0,116,2320000,40,0.009467068128287792,1.2032437324523926,0.00024199999999999894,12.652215840862056,811.5929678412759,-0.1893688959728001,63.74950575828552,50.850391149520874,114.5999002456665,-2.7561187110336505e-08,-1.96685800801788e-06
49.22677776459351,0.0,500.0,0.0,117,2340000,40,0.00913928635418415,1.2034400701522827,0.00024149999999999893,14.713532076823483,724.8763337736676,-0.16853240434982025,61.379822731018066,54.48505353927612,115.86487793922424,-7.438659466174613e-09,-1.1779785609178361e-06
56.12088086715926,0.0,500.0,0.0,118,2360000,40,0.010377172380685806,1.203545331954956,0.00024099999999999892,15.062899416723068,1207.3496292988966,-0.18642148267430295,66.33097529411316,47.128190755844116,113.45916748046875,-6.103515470812226e-09,4.882812731921149e-07
56.7258221722901,5.875,500.0,0.0,119,2380000,40,0.008546147495508194,1.203584909439087,0.00024049999999999893,16.645838962390926,1528.5586715309482,-0.2115123628490385,70.22396302223206,51.22665309906006,121.45061802864075,-5.340575981449547e-09,5.737304604735982e-07
57.5603967466815,0.0,500.0,0.0,120,2400000,40,0.010873396880924702,1.203547716140747,0.00023999999999999895,25.104435997707828,1671.7057536981667,-0.22894449114538493,62.56664156913757,44.8113272190094,107.37797045707703,-3.2424927187690855e-09,5.55419944703317e-07
57.49486808733225,0.0,500.0,0.0,121,2420000,40,0.008607372641563416,1.20344078540802,0.00023949999999999896,33.31689214584934,1082.5654460615413,-0.19645285788437078,64.26272058486938,48.74540567398071,113.00812888145447,3.2424927187690855e-09,-6.408691177739456e-08
60.39358330159898,0.0,500.0,0.0,122,2440000,40,0.008018719032406807,1.2032705545425415,0.00023899999999999898,40.98073029852217,1506.2368133544921,-0.19711612001963102,67.20345449447632,42.62755250930786,109.83100843429565,-3.8146971692576415e-10,-1.647949261496251e-07
59.677843740585764,0.0,500.0,0.0,123,2460000,40,0.009452703408896923,1.20304274559021,0.000238499999999999,25.798106588527656,1372.6107721316587,-0.22702279476816678,63.11581063270569,43.83212184906006,106.94793486595154,-5.722046170220096e-10,-1.098632793627985e-07
59.67764266932484,0.0,500.0,0.0,124,2480000,40,0.009124010801315308,1.2027626037597656,0.00023799999999999898,28.811413979226618,1766.2857672721716,-0.21432703380846674,64.42373609542847,43.46106767654419,107.88480520248413,-1.9073485846288207e-10,3.784179796184617e-07
67.47597454687737,0.0,500.0,0.025,125,2500000,40,0.010557282716035843,1.202434778213501,0.000237499999999999,35.02562094402921,2465.740462309236,-0.20286172102175795,63.39705753326416,44.14372801780701,107.54078698158264,3.2424927187690855e-09,6.103515488575795e-07
56.45368567355884,0.0,500.0,0.0,126,2520000,40,0.010919718071818352,1.2020636796951294,0.000236999999999999,26.62662719465365,1508.3341558905925,-0.2297261929827606,64.99126553535461,48.59440588951111,113.58567380905151,4.00543198608716e-09,1.3427734302240424e-07
54.59713000569826,0.0,500.0,0.0,127,2540000,40,0.009626061655580997,1.201653003692627,0.00023649999999999903,22.40690171916014,1517.2986229355927,-0.19271237161307103,62.08531618118286,51.09275937080383,113.17807793617249,-2.1934509764065524e-09,5.187988563193358e-07
54.170871403221916,0.0,500.0,0.0,128,2560000,40,0.008677417412400246,1.2012063264846802,0.00023599999999999901,16.925724854742647,1245.8628398530802,-0.19796787618428088,66.42093753814697,46.3327853679657,112.7537248134613,-1.3113021779531664e-08,6.072997962291993e-07
61.07471435262437,0.0,500.0,0.0,129,2580000,40,0.0101327421143651,1.200726866722107,0.00023549999999999903,18.175262733477695,1534.7595412770654,-0.24174541212191247,76.54397249221802,46.20107555389404,122.74505138397217,1.0490417423625331e-09,4.6386719532165444e-07
54.27692964459042,0.0,500.0,0.0,130,2600000,40,0.010296034626662731,1.2002174854278564,0.00023499999999999904,22.440323656987232,1307.4418090237175,-0.23520600228350919,69.3405373096466,40.912667989730835,110.25320792198181,3.910064716450279e-09,4.943847784488753e-07
58.00991079830003,0.0,500.0,0.0,131,2620000,40,0.01045539416372776,1.1996806859970093,0.00023449999999999906,26.93112248554351,1857.4227265959332,-0.18384597171572553,70.25227212905884,54.184709787368774,124.43698406219482,8.964538444899972e-09,-8.911133022593276e-07
59.75695602100552,0.0,500.0,0.0,132,2640000,40,0.007684916723519564,1.1991188526153564,0.00023399999999999905,17.959469546178344,1206.6787555087144,-0.19067247754532346,64.08598184585571,53.404993772506714,117.49097657203674,-8.77380390562621e-09,-1.708984314063855e-07
64.50552749751867,1143.625,500.0,0.025,133,2660000,40,0.00943063199520111,1.2020472288131714,0.00023349999999999906,25.613576949022377,4741.675435691882,-0.7671839936903327,63.800206661224365,42.57060980796814,106.37081813812256,5.62667867853861e-09,-3.0517577442878974e-07
58.598723471634784,0.0,500.0,0.0,134,2680000,40,0.01392954122275114,1.2046163082122803,0.00023299999999999905,22.999948240845068,3638.876285407194,-0.27378039942211974,74.43492984771729,45.649550914764404,120.08448314666748,-8.106232129989621e-09,1.098632793627985e-07
59.10200073115666,0.0,500.0,0.0,135,2700000,40,0.009185303002595901,1.2068603038787842,0.00023249999999999904,17.739900783824314,2717.729985658682,-0.3109161442394849,68.57759761810303,48.9527382850647,117.53033804893494,7.1525572131747595e-09,1.2207031829802872e-07
67.62691941886264,0.0,500.0,0.0,136,2720000,40,0.009985242038965225,1.2088102102279663,0.00023199999999999903,16.216566934707057,3139.921695354486,-0.31979211249809925,62.51244854927063,43.356889486312866,105.86934065818787,-5.2452087118126656e-09,1.098632793627985e-07
58.32019202885092,0.0,500.0,0.0,137,2740000,40,0.010009498335421085,1.210494041442871,0.000231499999999999,33.39242385511945,3205.088953676649,-0.26801781385638723,62.82898020744324,50.51452016830444,113.34350204467773,1.907348723406699e-09,1.9531249506599124e-07
57.10015636138877,0.0,500.0,0.0,138,2760000,40,0.0095941461622715,1.2119371891021729,0.000230999999999999,18.77705201555969,2193.5772806252644,-0.29422604361323607,64.75010466575623,53.08612942695618,117.83623504638672,3.85761254051431e-08,2.19726558725597e-07
62.08593690300201,0.0,500.0,0.0,139,2780000,40,0.010581053793430328,1.2131624221801758,0.00023049999999999902,29.736346437217325,3298.4737216293433,-0.31361388204927754,64.29567790031433,42.67488169670105,106.97056078910828,-1.0108947456899386e-08,4.39453117451194e-07
74.39925023006735,0.0,500.0,0.025,140,2800000,40,0.010403389111161232,1.2141904830932617,0.00022999999999999903,32.53167247605172,1826.560347281292,-0.281884394868449,63.77737283706665,51.76786494255066,115.54523921012878,2.6702879907247734e-09,1.1352539104336756e-06
62.262694909905996,0.0,500.0,0.0,141,2820000,40,0.00954634789377451,1.2150400876998901,0.00022949999999999905,20.17902674052366,2860.2597969929884,-0.26309602846670305,64.41252279281616,59.86845803260803,124.28098344802856,0.0,-1.0986327652062755e-06
63.3872922451482,0.0,500.0,0.0,142,2840000,40,0.009845991618931293,1.2157281637191772,0.00022899999999999903,15.852739549746179,1558.2463187977007,-0.24398393084318823,67.04901456832886,42.38551068305969,109.43452739715576,-9.059905714536853e-09,1.220703097715159e-06
71.94790101045515,0.0,500.0,0.0,143,2860000,40,0.009983706288039684,1.2162699699401855,0.00022849999999999905,13.889285835187147,2235.258274724681,-0.3083021444143953,67.08035326004028,43.94278049468994,111.02313613891602,5.62667867853861e-09,-1.4099121017352445e-06
60.32080425210377,0.0,500.0,0.0,144,2880000,40,0.008253686130046844,1.216679334640503,0.00022799999999999906,14.442783630273905,1641.1259883297478,-0.28137574014936095,69.60569167137146,43.83462309837341,113.44031739234924,1.2540817273531957e-08,5.920410330872983e-07
60.56802418247382,1084.125,500.0,0.0,145,2900000,40,0.009673736989498138,1.220440149307251,0.00022749999999999908,26.71355458080389,5708.22380434753,-0.568661157235171,63.571821212768555,50.26193857192993,113.83376240730286,-5.912780931538464e-09,-3.6254882616049144e-06
57.59106288205978,0.0,500.0,0.0,146,2920000,40,0.00862130243331194,1.223757028579712,0.0002269999999999991,25.902677640489713,3824.910556054571,-0.30080838519012093,67.04213404655457,50.012848138809204,117.05498456954956,3.8814544467413725e-08,-5.737304604735982e-07
59.92368409024564,0.0,500.0,0.0,147,2940000,40,0.008262183517217636,1.2266725301742554,0.00022649999999999908,19.42641510659722,2820.72300377621,-0.2549805965393212,70.08112573623657,44.781190633773804,114.86231899261475,-1.9454956756703723e-08,6.469726372415607e-07
63.797984384410725,0.0,500.0,0.0,148,2960000,40,0.00978232454508543,1.2292250394821167,0.00022599999999999907,17.617514432919254,2632.45525477707,-0.2895976997259411,63.8097357749939,42.96575212478638,106.77548885345459,-2.1076202116887544e-08,-1.757812469804776e-06
64.32079261443673,0.0,500.0,0.0,149,2980000,40,0.010277612134814262,1.2314493656158447,0.00022549999999999908,14.941709035217382,2969.4368333172647,-0.34945110883207836,66.21268200874329,52.705456018447876,118.9181399345398,3.6334991904141134e-08,1.5869140952418093e-06
57.23513276839661,0.0,500.0,0.0,150,3000000,40,0.009284709580242634,1.2333769798278809,0.0002249999999999991,12.93998955617285,3123.3684686405645,-0.31718867474063567,60.91903591156006,50.323485374450684,111.24252319335938,4.9066542828768434e-08,7.202148708529421e-07
61.61760404480647,0.0,500.0,0.0,151,3020000,40,0.009928375482559204,1.2350362539291382,0.0002244999999999991,16.873353230117992,2344.371292624504,-0.2740698347864732,64.00822854042053,49.06000328063965,113.06823420524597,3.2424927187690855e-09,-1.257324242942559e-06
63.83977825842195,0.0,500.0,0.0,152,3040000,40,0.009390532970428467,1.2364526987075806,0.0002239999999999991,14.234735679778323,3701.9291680111246,-0.2919728847979835,70.4057285785675,45.507726192474365,115.9134566783905,4.863739189175931e-09,4.39453117451194e-07
63.4310474028274,0.0,500.0,0.0,153,3060000,40,0.01020211074501276,1.23764967918396,0.0002234999999999991,12.29727214696301,3396.9199335863636,-0.3090116241792585,60.18789482116699,41.40599036216736,101.59388637542725,-1.5449524326527353e-08,-2.4414063659605745e-07
66.79215542744895,0.0,500.0,0.0,154,3080000,40,0.00958381686359644,1.2386479377746582,0.00022299999999999908,10.976024936566686,1939.8773706229629,-0.31639593433897206,62.40620255470276,45.138909339904785,107.54511284828186,3.867149445113682e-08,-5.737304604735982e-07
69.40818571040712,0.0,500.0,0.0,155,3100000,40,0.00888451375067234,1.2394665479660034,0.00022249999999999907,12.09583418126319,2387.4512154305817,-0.272414069926473,66.80749678611755,38.64097881317139,105.44847702980042,2.2888184680880386e-09,6.103515914901436e-08
71.59628883511502,0.0,500.0,0.0,156,3120000,40,0.009401485323905945,1.2401225566864014,0.00022199999999999908,10.360248606296102,2447.6180366321732,-0.2970549447319595,65.02493214607239,41.323124170303345,106.34805750846863,1.287460360543946e-08,1.9531249506599124e-07
73.10073840916169,0.0,500.0,0.0,157,3140000,40,0.009690426290035248,1.2406314611434937,0.0002214999999999991,14.879845829450401,2075.255050250983,-0.30828619293132975,60.86900544166565,45.1148738861084,105.9838809967041,-8.392333938900265e-09,-8.544922138753464e-07
63.1197432152555,0.0,500.0,0.0,158,3160000,40,0.010694506578147411,1.2410072088241577,0.0002209999999999991,19.120894740569362,2323.1728837760393,-0.3245278256310589,65.98869848251343,44.796794414520264,110.78549456596375,-1.506805347162299e-08,2.5024414753715973e-06
65.48096864036043,0.0,500.0,0.0125,159,3180000,40,0.012055384926497936,1.2412623167037964,0.00022049999999999913,19.491243491962457,2882.4731257493327,-0.34479876895358036,74.03649806976318,39.55433773994446,113.59083771705627,8.201599399626502e-09,-5.249023615760962e-07
82.45455157329584,0.0,500.0,0.06,160,3200000,40,0.010093032382428646,1.241408348083496,0.0002199999999999991,25.967162336817214,2898.4223049139523,-0.3630010769886386,67.86855053901672,48.89379620552063,116.76234984397888,-4.959106458812812e-09,1.1352539104336756e-06
71.43868843365235,0.0,500.0,0.027500000000000004,161,3220000,40,0.008816355839371681,1.2414554357528687,0.0002194999999999991,18.026308738881614,1874.1676562266744,-0.2587928441418394,61.561848163604736,59.361051082611084,120.92290186882019,1.1539459165987864e-08,1.0009765674112714e-06
67.22317994240376,0.0,500.0,0.0,162,3240000,40,0.009899419732391834,1.2414129972457886,0.00021899999999999912,24.3491110179075,2424.7696536118815,-0.29924009096968895,62.48010039329529,44.52144002914429,107.00154161453247,1.0299682884351569e-08,1.1474609209471964e-06
65.62996678472044,0.0,500.0,0.0,163,3260000,40,0.009828700684010983,1.2412893772125244,0.00021849999999999913,19.261008370454146,2480.754501809284,-0.304254390840911,78.2384238243103,41.338155031204224,119.57658076286316,1.7166137400437265e-09,-1.3793945754514425e-06
61.116476299117764,0.0,500.0,0.0,164,3280000,40,0.011161256581544876,1.2410922050476074,0.00021799999999999915,16.70149891710585,2094.668584286635,-0.34902782021268347,72.59322619438171,45.3688702583313,117.96209931373596,2.2888183792701966e-08,-3.906249901319825e-07
63.44384615846466,0.0,500.0,0.0,165,3300000,40,0.011354558169841766,1.240828275680542,0.00021749999999999913,11.263051205531807,2081.0024729054444,-0.3224574659494268,66.16545248031616,45.970531702041626,112.13598704338074,4.673004205812958e-09,-2.2705078208673513e-06
60.779800957779436,0.0,500.0,0.0,166,3320000,40,0.012300263158977032,1.2405037879943848,0.00021699999999999912,11.459171248545312,2539.5884897608667,-0.277363449915247,59.54448962211609,40.545636892318726,100.09012866020203,9.727478378351861e-09,-8.300781360048859e-07
73.11860063838114,0.0,500.0,0.025,167,3340000,40,0.01126672700047493,1.2401243448257446,0.0002164999999999991,11.74850158000448,1637.000967290599,-0.2428794597874686,65.86823081970215,46.564732789993286,112.43296647071838,1.7356873271978657e-08,-1.1230468999201548e-06
70.02391355937786,0.0,500.0,0.0,168,3360000,40,0.011071620509028435,1.2396950721740723,0.00021599999999999912,10.614070629921688,2434.0811287023457,-0.26272635555523594,63.64176797866821,51.68679356575012,115.32856249809265,-1.0681151962899094e-08,1.098632793627985e-07
64.31709743188874,0.0,500.0,0.0,169,3380000,40,0.009482966735959053,1.2392204999923706,0.00021549999999999914,8.92796593061678,2756.217020139269,-0.3051289697456512,62.99862241744995,45.40004873275757,108.39867281913757,1.3339519711053072e-08,-1.6723632825232926e-06
60.90588830633021,0.0,500.0,0.0,170,3400000,40,0.011514891870319843,1.238704800605774,0.00021499999999999915,8.619540035117204,2734.8494766964272,-0.3212318289894492,63.523714780807495,45.39589285850525,108.91960883140564,3.924369806895811e-08,-9.887695568977506e-07
60.460325948939364,0.0,500.0,0.0,171,3420000,40,0.00981321930885315,1.2381516695022583,0.00021449999999999914,8.170145269032497,1995.3959999230258,-0.2484196657688612,68.47473120689392,41.19801998138428,109.67275261878967,5.340575981449547e-09,-2.7648925424728077e-06
69.36490131204756,0.0,500.0,0.0,172,3440000,40,0.01219172403216362,1.2375644445419312,0.00021399999999999913,7.4927404462152225,1609.2371081406902,-0.25485622009891234,62.92021560668945,46.852001667022705,109.77221846580505,-5.62667867853861e-09,-4.39453117451194e-07
63.937247194322765,100.475,500.0,0.0,173,3460000,40,0.010312270373106003,1.237300157546997,0.00021349999999999912,7.868745778016983,2011.24510733732,-0.3944834809631679,59.776280641555786,50.044713497161865,109.82099556922913,-1.4972686201986107e-08,4.1503906800244295e-07
60.6822884992697,0.0,500.0,0.0,174,3480000,40,0.010448627173900604,1.2369731664657593,0.00021299999999999913,5.859270496125434,1579.2309598740499,-0.22961350600502103,66.50356674194336,47.32996320724487,113.83353161811829,8.325577027790132e-08,-5.004882837056357e-07
68.62233618057022,0.0,500.0,0.00625,175,3500000,40,0.00963731948286295,1.2365893125534058,0.00021249999999999912,6.650452160455619,2410.3305006282344,-0.24416692212852797,63.577056646347046,43.309115409851074,106.88617420196533,-3.1518936793872854e-08,1.4648438195763447e-07
63.24332848842196,0.0,500.0,0.01875,176,3520000,40,0.010348178446292877,1.2361538410186768,0.00021199999999999914,6.179215527340105,2392.2343515918515,-0.23554072388133426,69.75708341598511,50.63567638397217,120.3927628993988,1.916885317143624e-08,-2.19726558725597e-07
62.81172206283071,36.720000000000006,500.0,0.0,177,3540000,40,0.010650238022208214,1.2358025312423706,0.00021149999999999912,5.900641936861026,2777.539689033654,-0.38218440774021445,59.54993963241577,50.84965991973877,110.39960074424744,1.4495849853801701e-08,3.662109548940862e-08
61.76359655025933,6.480000000000001,500.0,0.0,178,3560000,40,0.010551226325333118,1.2354191541671753,0.0002109999999999991,5.070122523596332,3929.935004648585,-0.28606740603828507,73.55528402328491,43.03934121131897,116.59462761878967,-3.137588677759595e-08,-3.906249901319825e-07
63.30040182900261,0.0,500.0,0.0,179,3580000,40,0.013744394294917583,1.2349833250045776,0.00021049999999999913,4.994301721852296,2727.1854935907254,-0.3048768797035145,76.40198993682861,43.53469204902649,119.93668532371521,-2.00271599304358e-09,-3.0517577442878974e-07
61.484923645655385,0.0,500.0,0.0,180,3600000,40,0.010389122180640697,1.2344998121261597,0.00020999999999999911,6.229550058143154,2322.3089448600817,-0.2941153489065113,61.33852005004883,47.53493595123291,108.87345790863037,4.100799699813251e-09,-3.0517577442878974e-07
64.43551191642182,0.0,500.0,0.0125,181,3620000,40,0.010266118682920933,1.2339730262756348,0.00020949999999999913,4.7964732873212,2301.4875835394405,-0.26710030883669283,62.39047980308533,44.28074932098389,106.67123007774353,4.291534350109316e-10,-4.6386719532165444e-07
61.448040715180056,0.0,500.0,0.0125,182,3640000,40,0.008477779105305672,1.2334070205688477,0.00020899999999999912,5.583210048288297,3392.313516381136,-0.2976672350707802,60.06728506088257,42.18091917037964,102.2482054233551,-1.1062621929625038e-08,-8.544921570319275e-08
59.95505934408412,0.0,500.0,0.0,183,3660000,40,0.010514847934246063,1.2328052520751953,0.00020849999999999913,7.384830842124429,2430.959651645733,-0.30260823494903033,62.26561498641968,47.391387939453125,109.65700697898865,4.386901952813105e-09,1.2207031829802872e-07
60.42351662029567,0.0,500.0,0.0,184,3680000,40,0.010241975076496601,1.2321709394454956,0.00020799999999999915,4.955858546267649,1977.090206583594,-0.30475854436232214,59.403499603271484,66.73959064483643,126.14309287071228,-7.343292196537732e-09,1.9531249506599124e-07
58.757516836965785,0.0,500.0,0.0,185,3700000,40,0.010732514783740044,1.2315069437026978,0.00020749999999999916,4.425059132021704,2293.332535659887,-0.3216319200849742,66.00976204872131,55.683603048324585,121.69336724281311,-3.433227480087453e-09,4.6386719532165444e-07
64.16422097536466,0.0,500.0,0.0,186,3720000,40,0.010868349112570286,1.2308160066604614,0.00020699999999999918,4.139317761105337,1971.0669889559413,-0.28575610602808416,68.4280116558075,49.29954481124878,117.72756004333496,2.861023085110048e-10,5.37109372089617e-07
73.05817726655474,0.0,500.0,0.025,187,3740000,40,0.009447939693927765,1.230100393295288,0.00020649999999999916,7.102887878638164,1765.4551546570601,-0.20324079387340765,68.036545753479,46.24317121505737,114.2797200679779,-1.9550323582251394e-09,-5.310058668328566e-07
57.988912243111486,0.0,500.0,0.0,188,3760000,40,0.009961795061826706,1.2293622493743896,0.00020599999999999915,8.449558290022953,1382.4166486363501,-0.3090475711330866,72.37833213806152,49.71462416648865,122.09295797348022,-6.866454960174906e-09,-4.272461069376732e-07
59.201945153292726,0.0,500.0,0.0,189,3780000,40,0.009258972480893135,1.228603482246399,0.00020549999999999917,4.362179583083292,1100.0727092815812,-0.2307485152368143,65.60179376602173,48.342743158340454,113.9445378780365,2.9420853309147788e-08,-1.4770507732464466e-06
59.277986719479465,0.0,500.0,0.0,190,3800000,40,0.01086398120969534,1.2278259992599487,0.00020499999999999918,6.220913594999131,2481.8098163240275,-0.2720550752523693,61.31826329231262,52.57844948768616,113.89671540260315,-1.0299682884351569e-08,-1.110839889406634e-06
60.92397453932299,0.0,500.0,0.0,191,3820000,40,0.0112601974979043,1.2270312309265137,0.0002044999999999992,4.0935512791393665,2394.910054555516,-0.3074990626009312,73.67565321922302,40.84537315368652,114.5210280418396,3.418922389641921e-08,7.324219097881723e-08
67.25120066277887,0.0,500.0,0.0,192,3840000,40,0.010232175700366497,1.2262206077575684,0.0002039999999999992,4.561490702705019,2140.3191093250443,-0.271306181152108,72.33008050918579,42.15817618370056,114.48825860023499,7.2479249269008506e-09,-8.666992243888672e-07
64.27774473732129,0.0,500.0,0.0,193,3860000,40,0.01100444607436657,1.2253954410552979,0.00020349999999999923,3.870152345014985,1596.8858410489029,-0.24429707047974417,61.126391649246216,51.91734504699707,113.0437376499176,1.0728835597717534e-09,-5.004882837056357e-07
60.744743348853106,0.0,500.0,0.0,194,3880000,40,0.010335920378565788,1.2245569229125977,0.00020299999999999924,4.023705765510061,1424.6242428579149,-0.2387971959581041,61.230634450912476,49.70353698730469,110.93417382240295,2.470016546851639e-08,-7.01904298239242e-07
61.86575002181296,40.019999999999996,500.0,0.0,195,3900000,40,0.00976021122187376,1.2238565683364868,0.00020249999999999923,3.633380933362208,830.5880885227471,-0.26970107254993386,64.13554096221924,44.10724234580994,108.24278545379639,3.013610694324598e-08,2.5024414185281785e-07
60.52151356234002,97.60499999999999,500.0,0.0,196,3920000,40,0.01199027057737112,1.2234984636306763,0.00020199999999999925,3.381140049513738,1280.6037755492387,-0.25398812465322246,69.77699780464172,41.60569357872009,111.38269329071045,2.799034071188089e-08,-1.6357421372958925e-06
62.92212317999132,0.16,500.0,0.0,197,3940000,40,0.010402287356555462,1.2230812311172485,0.00020149999999999926,3.5163693806927676,833.7777710714158,-0.20077008284497888,63.11508250236511,55.805614709854126,118.92070007324219,5.7220459481754915e-09,3.063964868488256e-06
64.24813958681227,0.24000000000000005,500.0,0.0,198,3960000,40,0.011205331422388554,1.2226107120513916,0.00020099999999999925,2.794157445089073,679.797508089102,-0.24407471126882704,64.74163007736206,50.435375452041626,115.17700791358948,-9.63211022053656e-09,7.446288918799837e-07
57.81001056876452,0.0,500.0,0.0,199,3980000,40,0.010942255146801472,1.2220909595489502,0.00020049999999999924,2.5606716983257587,580.1460627902086,-0.1829508125037548,64.42026376724243,44.86382436752319,109.28409051895142,-2.2649764286342133e-09,-7.385253866232233e-07
64.19118367130658,0.0,500.0,0.0,200,4000000,40,0.01090161595493555,1.2215265035629272,0.00019999999999999925,2.992656780466153,559.0079076852008,-0.16694098586115724,65.93416285514832,46.62018418312073,112.55434894561768,-1.516342251761671e-08,4.028320290672127e-07
389.5474089621028,0.0,500.0,0.13625000000000004,201,4020000,40,0.011458958499133587,1.220921516418457,0.00019949999999999927,166.9442463576414,974.9055710251923,-0.007203619072368001,72.56914448738098,47.06346797943115,119.63261413574219,5.149841442175784e-09,-5.249023615760962e-07
100.30378364453819,0.0,500.0,0.035,202,4040000,40,0.014245999045670033,1.2202796936035156,0.00019899999999999928,136.60417852386547,408.0068777072202,-0.05967995462476448,63.63475728034973,44.537787199020386,108.17254686355591,-5.912780931538464e-09,-1.4709472679896862e-06
227.28206218133226,0.0,500.0,0.04875,203,4060000,40,0.00913594663143158,1.219604253768921,0.0001984999999999993,239.20801972462112,380.54066414073776,-0.05717175469027868,63.434693336486816,42.9106171131134,106.34531331062317,-1.4019012617438875e-08,6.83593725625542e-07
25.799334534861952,0.0,500.0,0.005,204,4080000,40,0.009505275636911392,1.2188982963562012,0.0001979999999999993,116.68258835054507,359.50503230732716,-0.09723193089264166,71.45966839790344,43.71196484565735,115.17163419723511,-1.7166137400437265e-09,-7.751464750072046e-07
1.5628958152792922,0.0,500.0,0.0,205,4100000,40,0.008021789602935314,1.2181645631790161,0.00019749999999999933,25.35709671731208,315.4166442652417,-0.05848347283247265,61.47904014587402,47.101234674453735,108.58027577400208,-1.0728836485895954e-08,-1.287841769226361e-06
286.0039480420044,0.0,500.0,0.10625,206,4120000,40,0.011166899465024471,1.2174054384231567,0.0001969999999999993,116.87212967265184,317.80327535981587,-0.10506408469407422,60.803576707839966,52.955039501190186,113.75861883163452,-1.0299682884351569e-08,1.1596679883041361e-07
317.2113247936203,0.0,500.0,0.06624999999999999,207,4140000,40,0.008184599690139294,1.2166231870651245,0.00019649999999999933,193.99885519355726,569.6124135448674,-0.08355408519281039,66.04644894599915,41.41970086097717,107.46615195274353,8.583068478174027e-09,5.737304604735982e-07
373.723984320355,0.0,500.0,0.0775,208,4160000,40,0.008375001139938831,1.2158198356628418,0.00019599999999999934,210.55546132576694,314.83276711239176,-0.11209026641467479,71.49952912330627,43.24432969093323,114.74386191368103,-2.0503998499066256e-09,6.973266408749623e-07
1.4976422560593279,0.0,500.0,0.0,209,4180000,40,0.01133033912628889,1.2149971723556519,0.00019549999999999936,129.5477256354253,975.1308376895395,-0.09868013878845296,70.36012196540833,41.65719151496887,112.0173168182373,2.8610229740877458e-09,-2.5024414185281785e-07
2.0622070131286954,0.0,500.0,0.0,210,4200000,40,0.010187989100813866,1.2141568660736084,0.00019499999999999935,21.203023163224483,487.0647509872534,-0.09301380948282209,64.88870000839233,42.16635513305664,107.05505728721619,1.5640258865801115e-08,-4.837036158278352e-07
19.52354342338809,0.0,500.0,0.05,211,4220000,40,0.011714878492057323,1.213300347328186,0.00019449999999999936,28.948268044222694,471.40372664336184,-0.11569533453880554,66.2446084022522,42.642685413360596,108.88729476928711,1.8119812317252126e-09,3.051757735406113e-09
235.86643085531455,0.0,500.0,0.05,212,4240000,40,0.009537193924188614,1.2124289274215698,0.00019399999999999935,33.16058630958484,652.0197566427242,-0.1390177085420271,66.90439629554749,46.10973262786865,113.01413106918335,7.629394338515283e-10,-6.469726372415607e-07
119.38676889948837,0.0,500.0,0.03375,213,4260000,40,0.009322013705968857,1.2115439176559448,0.00019349999999999936,85.34440230761363,881.887420889982,-0.1260829491837389,62.61959671974182,51.87183165550232,114.4914300441742,2.574920721087892e-09,-1.8310547034161573e-07
286.8186288502288,0.0,500.0,0.07125000000000001,214,4280000,40,0.012224608100950718,1.2106462717056274,0.00019299999999999938,239.53362132455132,962.3584576965137,-0.11208927024950742,60.5357871055603,47.851611852645874,108.38740086555481,9.918212917625624e-09,0.0
518.0279018087397,0.0,500.0,0.11000000000000001,215,4300000,40,0.010309088975191116,1.2097370624542236,0.00019249999999999937,413.45217830876635,819.0303233711583,-0.11934343027128914,64.45003175735474,46.64748215675354,111.09751558303833,-3.290176309178605e-08,3.051757957450718e-08
373.50844720716185,0.0,500.0,0.10124999999999999,216,4320000,40,0.015570469200611115,1.2088171243667603,0.00019199999999999938,154.24236913851112,629.5788419055332,-0.12493059960354096,68.0209608078003,44.976359367370605,112.99732112884521,1.277923544762416e-08,-5.7983399415206804e-08
204.95793566649908,0.0,500.0,0.06875,217,4340000,40,0.009428943507373333,1.2078872919082642,0.0001914999999999994,98.9230953577977,579.2419147418562,-0.0937314300631784,61.21732568740845,54.117682456970215,115.33500933647156,7.700919901765246e-09,-1.2512207092640892e-07
278.592224238898,0.0,500.0,0.057499999999999996,218,4360000,40,0.012983628548681736,1.2069482803344727,0.00019099999999999938,100.26833902103886,517.5256286669688,-0.14061016900417436,65.35596632957458,48.56908702850342,113.92505502700806,2.2888184680880386e-09,-2.5939941750152684e-08
352.5523115930346,0.0,500.0,0.09875,219,4380000,40,0.008889270946383476,1.2060006856918335,0.0001904999999999994,253.48737377361127,313.7972697409855,-0.10725865879742678,64.01912546157837,42.957103967666626,106.97623085975647,1.840591501434119e-08,3.120422320534999e-07
456.53441271774955,0.0,500.0,0.20375000000000001,220,4400000,40,0.013909736648201942,1.205045223236084,0.00018999999999999941,430.5920908545233,426.3192616310848,-0.12553197357412071,64.10660171508789,42.53082251548767,106.63742518424988,5.7220459481754915e-09,8.331298886332661e-07
217.34377762357636,0.0,500.0,0.0675,221,4420000,40,0.011102789081633091,1.2040822505950928,0.0001894999999999994,227.96253097072528,262.1481682917115,-0.10314648366788295,68.32737517356873,45.290892601013184,113.61826944351196,-8.01086397217432e-09,2.9449464022945904e-07
638.9296062381839,0.0,500.0,0.13874999999999998,222,4440000,40,0.009427966549992561,1.2031123638153076,0.0001889999999999994,341.13303277446965,304.59534622969903,-0.09090259550495228,63.91957426071167,48.95220327377319,112.87177920341492,1.8596648665436533e-09,1.785278271881907e-07
679.2964745115701,0.0,500.0,0.19375,223,4460000,40,0.009822746738791466,1.2021360397338867,0.00018849999999999938,456.4642592867469,448.4005291859815,-0.10087313082448807,66.45118498802185,45.42246055603027,111.87364721298218,-1.8787384092888715e-08,-1.739501982456204e-07
379.98988021360276,0.0,500.0,0.08,224,4480000,40,0.009305610321462154,1.2011535167694092,0.00018799999999999937,574.557783151736,728.3267572293615,-0.10438692881458789,61.65955829620361,48.90753793716431,110.56709742546082,-1.525878978725359e-08,3.41796862812771e-07
529.4043814650556,0.0,500.0,0.1375,225,4500000,40,0.011418609879910946,1.2001652717590332,0.00018749999999999938,538.9067672802385,431.6707396027389,-0.10684261581249488,74.78806185722351,41.324095010757446,116.11215901374817,1.7166137400437265e-09,4.577636758540393e-08
329.8442303285069,0.0,500.0,0.1125,226,4520000,40,0.010461176745593548,1.1991716623306274,0.00018699999999999937,641.2465671174845,248.45265576915378,-0.10035697625131364,66.33693766593933,48.39551043510437,114.73244953155518,-1.5258788677030566e-09,2.1362303925798187e-08
132.17470012454058,0.0,500.0,0.0425,227,4540000,40,0.008619680069386959,1.1981728076934814,0.00018649999999999936,587.1312997295598,219.30843614104447,-0.07588893036553813,66.28873777389526,52.94616985321045,119.23490953445435,4.577636936176077e-09,-3.662109548940862e-08
467.754598503371,0.0,500.0,0.15,228,4560000,40,0.009779518470168114,1.1971690654754639,0.00018599999999999934,500.68617813207544,227.56435089961738,-0.08960488895132283,75.59925532341003,46.04857802391052,121.64783549308777,3.433227480087453e-09,6.210327114786196e-07
496.45554083948446,0.0,500.0,0.15750000000000003,229,4580000,40,0.010957530699670315,1.1961606740951538,0.00018549999999999936,321.2084555510503,208.83374754425827,-0.10882447695205356,63.18880772590637,40.58035326004028,103.76916289329529,-1.6117095213985522e-08,5.584716973316972e-07
507.67359029716846,0.0,500.0,0.15375,230,4600000,40,0.0112308319658041,1.1951478719711304,0.00018499999999999935,300.99602485583847,233.4400959257867,-0.10659747564346547,63.68350887298584,47.31737947463989,111.00088930130005,4.577636936176077e-09,-7.843017328923452e-07
790.8046767438839,0.0,500.0,0.1975,231,4620000,40,0.012491329573094845,1.194130778312683,0.00018449999999999936,383.8847737026822,222.42518327798055,-0.10391563318764707,78.22564053535461,51.17557454109192,129.4012167453766,-2.307891833197573e-08,-6.408691177739456e-08
486.9380529840226,0.0,500.0,0.16875,232,4640000,40,0.010863441042602062,1.1931096315383911,0.00018399999999999935,552.7725632491386,245.70389465769384,-0.10324367338429638,66.30383539199829,42.33261251449585,108.63644933700562,1.1062621929625038e-08,1.3122559039402404e-07
264.2669043209792,0.0,500.0,0.19375,233,4660000,40,0.012228358536958694,1.192084550857544,0.00018349999999999936,300.53260032508024,295.3514490747148,-0.11910447238730919,61.06794357299805,49.67239499092102,110.74034023284912,-5.435943695175638e-09,7.324219097881723e-08
725.9376519234052,0.0,500.0,0.18375,234,4680000,40,0.010690159164369106,1.1910557746887207,0.00018299999999999935,371.9193912949532,271.6209581763881,-0.10345607723560256,67.51756811141968,44.46915936470032,111.9867296218872,-1.0585784693262212e-08,4.974365310772555e-07
704.2086431778628,1.15,500.0,0.21625,235,4700000,40,0.011354721151292324,1.1900280714035034,0.00018249999999999934,522.239254260215,229.98321904710903,-0.09451301009423889,63.01029706001282,44.047367095947266,107.05766582489014,2.317428560161261e-08,5.493163968139925e-08
803.424097715035,0.0,500.0,0.21875,236,4720000,40,0.00985093042254448,1.188996434211731,0.00018199999999999936,625.0530214904979,156.29394973949263,-0.08749878579323554,64.42025399208069,40.036092042922974,104.45634722709656,-1.8119812317252126e-09,7.629394893626795e-09
734.6695682242191,0.0,500.0,0.1875,237,4740000,40,0.009642004035413265,1.1879609823226929,0.00018149999999999937,554.6572140772631,155.80887765459195,-0.07127972694179102,69.83554434776306,44.314669370651245,114.15021586418152,1.1730193705261627e-08,3.768921033042716e-07
623.8140234495661,0.0,500.0,0.15625,238,4760000,40,0.010170558467507362,1.1869217157363892,0.00018099999999999936,344.3561946097453,144.4394387239104,-0.06390256037799179,81.6419792175293,40.924253940582275,122.5662350654602,-4.76837147544984e-09,-1.1291503909660605e-07
556.325285337238,0.0,500.0,0.15750000000000003,239,4780000,40,0.010087570175528526,1.185878872871399,0.00018049999999999935,452.51655376337135,202.89507754502023,-0.07733958312325108,68.05030083656311,48.156795501708984,116.20709800720215,7.915496702537439e-09,-2.4414063659605745e-07
721.5817040856571,0.0,500.0,0.16625,240,4800000,40,0.010802068747580051,1.1848325729370117,0.00017999999999999936,304.98660481021665,198.1072953035877,-0.04959504676709889,66.98566555976868,46.43970537185669,113.42537260055542,-2.717971847587819e-09,-1.739501982456204e-07
487.1198129015578,0.0,500.0,0.12,241,4820000,40,0.013050380162894726,1.183782935142517,0.00017949999999999938,429.192191014624,223.4999557896025,-0.06371576214078695,66.23085355758667,40.36434292793274,106.59519839286804,-1.5258788677030566e-09,-8.087157965519509e-08
452.8111092541356,0.0,500.0,0.175,242,4840000,40,0.013522636145353317,1.182729959487915,0.0001789999999999994,289.8887559599178,379.9322311158393,-0.10210325854005897,67.70685124397278,45.75626540184021,113.46311926841736,8.296966669263384e-09,-3.1127930810725957e-07
549.2738026172992,0.0,500.0,0.15,243,4860000,40,0.013462931849062443,1.1816737651824951,0.00017849999999999938,262.51623375522104,288.39426026921365,-0.0835753815038023,67.64140772819519,43.1343309879303,110.7757408618927,-9.250641141989036e-09,1.525878978725359e-08
695.2685475950027,0.0,500.0,0.24874999999999997,244,4880000,40,0.010963932611048222,1.1806144714355469,0.0001779999999999994,354.7925930351209,292.4412147849988,-0.08616851440506282,78.16557049751282,41.37699294090271,119.54256510734558,1.907348723406699e-09,5.7983399415206804e-08
849.2827924319779,228.91750000000002,500.0,0.26999999999999996,245,4900000,40,0.016993960365653038,1.1805299520492554,0.0001774999999999994,573.3519292952908,576.3471259949314,-0.321903799193063,66.57166314125061,47.566890239715576,114.13855504989624,1.8596648665436533e-09,-6.042480436008191e-07
618.626058624378,7.3575,500.0,0.20250000000000004,246,4920000,40,0.012663093395531178,1.1803781986236572,0.00017699999999999942,153.05794234184702,225.38285695458674,-0.10542016554101827,67.99047875404358,45.37845516204834,113.3689353466034,-3.3855438452690123e-09,-7.324219097881723e-08
613.0597284291587,0.0,500.0,0.15500000000000003,247,4940000,40,0.01271943747997284,1.1801340579986572,0.0001764999999999994,217.67628424820626,341.3618992714366,-0.08311452486249767,63.086392402648926,40.24730825424194,103.33370232582092,-7.629394338515283e-10,1.2512207092640892e-07
571.7173000829583,0.0,500.0,0.155,248,4960000,40,0.011395680718123913,1.1798063516616821,0.0001759999999999994,192.935065191111,322.88372559395566,-0.09588645175099372,65.0131778717041,49.493613958358765,114.50679326057434,1.6212464259979242e-08,-6.103515470812226e-09
769.0569532033131,0.0,500.0,0.24625,249,4980000,40,0.012577789835631847,1.1794029474258423,0.00017549999999999941,492.86733081052256,267.2511741018599,-0.10419274673109079,63.94073700904846,43.49316740036011,107.43390583992004,2.8610229740877458e-09,-1.3427734302240424e-07
334.17013125414786,0.0,500.0,0.07875000000000001,250,5000000,40,0.012292853556573391,1.1789311170578003,0.00017499999999999943,111.00320309742241,239.9275248849468,-0.09720084491796839,65.33056163787842,41.49720740318298,106.82777070999146,-1.3589859237939095e-09,-1.8463134665580583e-07
489.4639437411926,778.55,500.0,0.16624999999999998,251,5020000,40,0.0121946781873703,1.1817618608474731,0.00017449999999999942,380.20723266966024,19507.02449078408,-0.496095653419282,72.00723123550415,44.27423286437988,116.28146624565125,-2.6702879907247734e-09,1.2939452744831215e-06
366.0174493303392,0.0,500.0,0.215,252,5040000,40,0.009989531710743904,1.1842070817947388,0.00017399999999999943,331.29779939044056,279.7956014742517,-0.09260677535466517,65.05682301521301,54.3454430103302,119.40226721763611,2.6702879907247734e-09,2.807617249800387e-07
922.0147211027946,0.0,500.0,0.28375,253,5060000,40,0.011036993935704231,1.1863042116165161,0.00017349999999999942,570.2834605405285,195.15911092211488,-0.08063919090155726,67.08055973052979,43.76429343223572,110.84485507011414,-1.5735626135437997e-09,4.1656494431663305e-07
967.1102373456695,0.0,500.0,0.29,254,5080000,40,0.01405092142522335,1.1880871057510376,0.0001729999999999994,474.69687664372145,500.9149584824872,-0.12158940375699502,62.95897889137268,49.973992347717285,112.93297362327576,-1.430511542555024e-10,7.202148708529421e-07
1302.7109237477978,0.0,500.0,0.34875,255,5100000,40,0.011007511988282204,1.1895862817764282,0.0001724999999999994,446.3922358020855,179.8326898198219,-0.08626580340669128,67.86071062088013,48.42574405670166,116.286456823349,-1.8787384092888715e-08,7.781982702681489e-08
1034.877485486835,0.0,500.0,0.25125000000000003,256,5120000,40,0.014392589218914509,1.1908292770385742,0.0001719999999999994,379.8033885469862,353.441780621231,-0.09338623385128986,65.18950271606445,46.59466314315796,111.78416752815247,-9.53674295089968e-09,1.9226074243761104e-07
929.749828843473,774.03625,500.0,0.27875,257,5140000,1,0.0548868402838707,1.1952208280563354,0.0001714999999999994,1457.2086065012938,41878.75176943639,0.9044751278154409,67.46689200401306,0.9620747566223145,68.42896819114685,-3.1471252270875993e-09,1.0009765674112714e-06
682.6192131993528,395.61375000000004,500.0,0.165,258,5160000,40,0.008375530131161213,1.200801968574524,0.0001709999999999994,307.26125545987657,307.2926435555622,-0.0627999334225348,61.365503549575806,46.79042625427246,108.15593194961548,-6.341934088993639e-09,-6.103515470812226e-09
916.1543886923455,0.0,500.0,0.26875,259,5180000,40,0.010197999887168407,1.2057263851165771,0.00017049999999999943,531.3213759361558,253.24747419053583,-0.0900594609949714,62.64775991439819,45.5611617565155,108.20892310142517,-2.00271599304358e-09,4.577636758540393e-08
814.1876044824878,0.0,500.0,0.23500000000000004,260,5200000,40,0.010074377991259098,1.2100582122802734,0.00016999999999999944,395.47025911246135,245.96945608953,-0.06906509215789283,63.73339605331421,39.57847452163696,103.31187176704407,9.679794743533421e-09,2.1362303925798187e-08
847.1632123919677,0.0,500.0,0.22750000000000004,261,5220000,40,0.011454110033810139,1.2138551473617554,0.00016949999999999946,530.7774699059262,346.5822575696714,-0.08464162940764502,64.17196130752563,40.56491804122925,104.73688006401062,5.435943695175638e-09,8.544921570319275e-08
854.8812134097938,0.0,500.0,0.22499999999999995,262,5240000,40,0.011594614014029503,1.2171695232391357,0.00016899999999999945,448.9712931882044,407.4800055145458,-0.11973499352094616,78.70745635032654,43.07665228843689,121.78411078453064,4.768371461572052e-11,-2.166748060972168e-07
759.5405822665318,0.0,500.0,0.2725,263,5260000,40,0.011573970317840576,1.2200483083724976,0.00016849999999999943,489.251029004261,267.7493540041006,-0.07660148145755527,74.29615020751953,51.6404013633728,125.93655347824097,1.9073485846288207e-10,-1.4190673880420945e-07
1244.996521752952,0.0,500.0,0.3375,264,5280000,40,0.01033419743180275,1.222533941268921,0.00016799999999999945,688.0723091502099,219.08799563608352,-0.10894793974188198,69.81300663948059,46.46147108078003,116.27447986602783,-1.1730193705261627e-08,7.934570334100499e-08
659.9040928610866,0.0,500.0,0.17375000000000002,265,5300000,40,0.011433249339461327,1.2246646881103516,0.00016749999999999946,560.8093934599761,413.9665060796555,-0.08418331076316891,62.32124185562134,42.67604851722717,104.99729180335999,-3.6239624634504253e-09,1.831054774470431e-08
667.664076319836,0.0,500.0,0.25125000000000003,266,5320000,40,0.011233894154429436,1.2264751195907593,0.00016699999999999945,446.664940525468,291.5806180030677,-0.07705219527973443,73.20717096328735,40.958707094192505,114.16587996482849,9.346008411625917e-09,1.4648438195763447e-07
814.6095572968737,0.0,500.0,0.2125,267,5340000,40,0.00964729581028223,1.2279964685440063,0.00016649999999999947,485.0040381911454,362.1698889556204,-0.09969129803632,72.107839345932,47.09518218040466,119.20302319526672,-6.008148201175345e-09,1.0375976700061074e-07
544.2035797477812,0.0,500.0,0.17750000000000002,268,5360000,40,0.011318739503622055,1.2292567491531372,0.00016599999999999945,442.8001450265289,265.33396707522644,-0.0899727058611739,69.77859568595886,43.58872890472412,113.3673267364502,1.5449524326527353e-08,-2.1362303925798187e-08
722.5635403999134,0.0,500.0,0.26125000000000004,269,5380000,40,0.012419641017913818,1.2302813529968262,0.00016549999999999944,560.5358303458827,298.6506580255593,-0.10889002622407713,63.03802442550659,46.43186926841736,109.46989560127258,6.580352707175052e-09,3.662109548940862e-08
806.7287197542322,0.0,500.0,0.28125,270,5400000,40,0.011481908150017262,1.231093168258667,0.00016499999999999946,554.7023354682193,183.74655563816142,-0.09001611607908538,66.16651511192322,48.794599294662476,114.96111559867859,1.1444092340440193e-09,-3.1738281336401997e-07
896.9349043873237,9.3,500.0,0.2375,271,5420000,40,0.010740365833044052,1.2317547798156738,0.00016449999999999944,715.1296981337723,193.68493032151727,-0.11981622564552981,74.5588788986206,47.65989279747009,122.21877360343933,1.0919571025169716e-08,1.3885498617582925e-07
646.9344802510448,0.0,500.0,0.17124999999999999,272,5440000,40,0.0111482422798872,1.2322386503219604,0.00016399999999999946,420.47007815853044,127.12586853488995,-0.06867853015732424,69.266273021698,57.13277268409729,126.3990478515625,5.531310964812519e-09,-1.441955532754946e-07
1231.4722344863292,775.4849999999999,500.0,0.29874999999999996,273,5460000,40,0.007273354567587376,1.2360588312149048,0.00016349999999999945,671.9967754558393,44828.96628833091,-0.21262061396601853,75.54403901100159,45.687995195388794,121.23203587532043,-1.3685226285531371e-08,2.4902344648580765e-06
832.1434914766826,516.99,500.0,0.17875000000000002,274,5480000,40,0.009982859715819359,1.241722583770752,0.00016299999999999944,456.60380051728265,874.646622391719,-0.1489581567347999,69.08384990692139,50.514729738235474,119.59858179092407,6.246566819356758e-09,-4.7607420583517523e-07
801.3729505672432,13.175,500.0,0.22749999999999995,275,5500000,40,0.011653674766421318,1.246777057647705,0.00016249999999999945,609.4413636007126,303.2828396730362,-0.13150445058123225,60.709301710128784,43.36956310272217,104.07886624336243,8.01086397217432e-09,-9.155273872352154e-09
595.163667098855,0.0,500.0,0.16499999999999998,276,5520000,40,0.012698816135525703,1.2512222528457642,0.00016199999999999944,280.0258709555219,182.04854729767817,-0.08408857862743888,66.33116745948792,51.57229471206665,117.90346360206604,-8.01086397217432e-09,-1.5563965405362978e-07
138.51291458078762,0.0,500.0,0.07875,277,5540000,40,0.01061649713665247,1.2551175355911255,0.00016149999999999943,544.053014215846,134.04078543839182,-0.07572414931740351,62.58740043640137,57.25419473648071,119.84159708023071,-1.5258788677030566e-09,1.6517638812274527e-07
572.1059154599512,0.0,500.0,0.215,278,5560000,40,0.009090771898627281,1.258516788482666,0.00016099999999999941,344.3269489118248,118.80921858769314,-0.07794157071780579,64.42968416213989,50.715742349624634,115.145427942276,6.914138706015649e-10,2.288818308215923e-07
511.6201819381884,0.0,500.0,0.15375,279,5580000,40,0.0101413419470191,1.2614682912826538,0.00016049999999999943,351.579546461895,103.99712816226254,-0.058136088966397916,65.70575428009033,51.63576912879944,117.34152626991272,-3.433227480087453e-09,-3.814697446813398e-09
1305.3108618981264,0.0,500.0,0.30874999999999997,280,5600000,40,0.011574886739253998,1.264015793800354,0.00015999999999999944,426.61197124408307,125.8265959162621,-0.07070592828480539,69.83103799819946,42.512754917144775,112.34379434585571,7.534026735811494e-09,1.30462652236929e-07
862.4558308052603,7.402500000000001,500.0,0.21625,281,5620000,40,0.012216647155582905,1.2662326097488403,0.00015949999999999943,628.6000494112634,219.42745035499524,-0.08439963550208979,69.56779050827026,54.09166121482849,123.65945434570312,-5.722046170220096e-10,3.9672851670502496e-08
894.956282241162,0.8225,500.0,0.28375,282,5640000,40,0.011252415366470814,1.2681208848953247,0.00015899999999999942,478.3477465028216,364.25581656049013,-0.06547897086288947,61.98718595504761,49.58825373649597,111.57544183731079,-9.918212917625624e-09,-1.8310547034161573e-07
649.0839177228256,0.0,500.0,0.22999999999999998,283,5660000,40,0.012340540066361427,1.2697087526321411,0.00015849999999999943,372.43493830686924,382.4642834195665,-0.0941395220853934,66.41714429855347,47.3777961730957,113.79494142532349,-7.1525572131747595e-09,-4.882812376649781e-08
762.239272472481,0.0,500.0,0.17125,284,5680000,40,0.012616880238056183,1.271025538444519,0.00015799999999999945,426.240490156526,253.62319126007662,-0.07680759552427253,73.93154001235962,48.575512409210205,122.50705456733704,3.2424927187690855e-09,3.9672851670502496e-08
825.1177051592134,0.0,500.0,0.255,285,5700000,40,0.013485935516655445,1.2720975875854492,0.00015749999999999944,470.9526036548007,243.76132387537865,-0.09391754681606344,60.92467427253723,49.464375495910645,110.38905191421509,5.722046170220096e-10,3.9672851670502496e-08
1219.3902562197015,0.0,500.0,0.3125,286,5720000,40,0.012106340378522873,1.2729486227035522,0.00015699999999999945,721.7441369427238,304.31227309597523,-0.09221060241359007,64.22736763954163,45.255221366882324,109.48259115219116,-2.0980834847250662e-09,1.4648438195763447e-07
863.7739514000037,0.0,500.0,0.22125,287,5740000,40,0.012565619312226772,1.2736002206802368,0.00015649999999999947,297.6562885011078,199.7576968308467,-0.08062643263500872,64.3930652141571,46.22014403343201,110.61321210861206,8.678436635989328e-09,1.2817382355478912e-07
839.1518088279163,0.0,500.0,0.2525,288,5760000,40,0.010288253426551819,1.2740716934204102,0.00015599999999999946,577.1368637935371,203.51119877882064,-0.0884822875780356,66.67682814598083,43.35100603103638,110.02783513069153,-4.863739189175931e-09,-1.739501982456204e-07
731.0960150601784,0.0,500.0,0.28625,289,5780000,40,0.011260836385190487,1.2743804454803467,0.00015549999999999947,321.0606265693713,248.39824166510516,-0.07837182615444681,67.5831823348999,48.43560171127319,116.01878547668457,1.907348723406699e-09,1.708984314063855e-07
984.8864266458244,0.0,500.0,0.27625,290,5800000,40,0.010679670609533787,1.274542212486267,0.00015499999999999948,418.798158170615,334.0311445418437,-0.09144656502784106,68.33261919021606,43.78757643699646,112.12019801139832,-2.009868538266346e-08,2.5634764710957825e-07
843.0655298712834,0.0,500.0,0.21875,291,5820000,40,0.010853024199604988,1.2745712995529175,0.0001544999999999995,422.71704585567403,239.3380951668806,-0.0826960361785119,69.78489565849304,43.001967668533325,112.78686499595642,-4.00543198608716e-09,-4.577636616431846e-07
1226.1738104251694,0.0,500.0,0.34375,292,5840000,40,0.013260963372886181,1.2744804620742798,0.00015399999999999951,508.22461641032226,209.80554921217026,-0.09733264903555724,67.5037133693695,41.10748219490051,108.6111969947815,-1.754760781125242e-08,2.258300781932121e-07
583.0808820253278,0.0,500.0,0.23125,293,5860000,40,0.011318023316562176,1.2742812633514404,0.0001534999999999995,410.4793733098704,168.6847462113496,-0.08233241683886547,73.34854197502136,41.03754734992981,114.38609194755554,-5.7220459481754915e-09,-6.866454782539222e-08
624.4513230501615,0.0,500.0,0.25125,294,5880000,40,0.012545410543680191,1.2739840745925903,0.0001529999999999995,410.1617212623548,132.19755869093973,-0.07647279991952192,65.55242395401001,51.902066707611084,117.45449209213257,-4.720687840631399e-09,-4.959106547630654e-08
865.3674165960938,0.0,500.0,0.28,295,5900000,40,0.011507019400596619,1.273598313331604,0.0001524999999999995,386.59439710143266,119.06889189701931,-0.05806933753385214,69.22621822357178,48.083086013793945,117.30930542945862,-1.4305114870438729e-09,-9.53674295089968e-09
988.5027364371592,6.409999999999999,500.0,0.29000000000000004,296,5920000,40,0.012403376400470734,1.2731627225875854,0.00015199999999999952,661.4991933118006,237.78896571116843,-0.09639289268814502,68.1858549118042,46.13296914100647,114.3188259601593,-6.866454960174906e-09,-1.831054774470431e-08
302.92114297413553,468.25249999999994,500.0,0.09874999999999999,297,5940000,40,0.010267119854688644,1.274864912033081,0.00015149999999999954,229.9464029044862,12231.451243547574,-0.5140754601710541,64.71205806732178,48.464990854263306,113.17705154418945,-3.2424927187690855e-09,3.4790039080689894e-06
1076.356936883228,410.5625,500.0,0.32375000000000004,298,5960000,40,0.01156907994300127,1.2782235145568848,0.00015099999999999952,294.73406257993855,169.29863607443062,-0.09058773706987452,73.47296261787415,41.809441328048706,115.28240633010864,9.822845647988743e-09,1.2207030941624453e-08
1262.9621198821508,301.8012500000001,500.0,0.2975,299,5980000,40,0.009042763151228428,1.2825632095336914,0.0001504999999999995,667.1169109490266,3265.5628957651224,-0.28186879578479535,62.79198217391968,46.14971327781677,108.94169735908508,1.1920929132713809e-08,-9.765624753299562e-08
1208.8716286062074,330.39875,500.0,0.3,300,6000000,40,0.009930884465575218,1.2879250049591064,0.0001499999999999995,703.9047778913169,1734.3451690916802,-0.19590649218743394,68.09951710700989,43.83916664123535,111.93868494033813,-9.63211022053656e-09,1.1474609209471964e-06
739.3892573076482,0.0,500.0,0.07625,301,6020000,40,0.009755001403391361,1.2926409244537354,0.00014949999999999951,750.945452173804,2305.225842372627,-0.38207002742821056,75.95620918273926,40.06200075149536,116.01821255683899,2.0599365768703137e-08,4.4189455365994945e-06
496.59914094702236,0.0,500.0,0.0,302,6040000,40,0.009699029847979546,1.2967742681503296,0.00014899999999999953,423.47026768095174,1379.2824671702779,-0.2703567060030949,63.42148995399475,48.679299116134644,112.10079097747803,-1.6593933338526767e-08,-2.685546860448085e-07
490.29221307095395,2.1037500000000002,500.0,0.0,303,6060000,40,0.009456861764192581,1.3003921508789062,0.00014849999999999952,367.39352041353845,1063.312061579516,-0.24204657912301789,64.19860672950745,41.97355341911316,106.17216300964355,-3.108978319232847e-08,7.507323971367441e-07
527.1262817933695,464.03125,500.0,0.0,304,6080000,40,0.01351813692599535,1.3057507276535034,0.00014799999999999953,314.4711498886157,4842.3944264065685,-0.895947111959148,65.049800157547,44.85529685020447,109.90509843826294,2.5081634547063913e-08,-1.2207031829802872e-07
491.4440769135719,137.605,500.0,0.0,305,6100000,40,0.009506745263934135,1.3111217021942139,0.00014749999999999952,179.90252706078206,4280.851328224134,-0.30349254144035326,81.53918051719666,41.575279712677,123.11446213722229,-3.194809039541724e-08,-7.324219097881723e-08
508.03655850261777,10.059999999999999,500.0,0.0,306,6120000,40,0.011493213474750519,1.3158931732177734,0.00014699999999999953,79.06741866093532,2886.645275378379,-0.31122247556307514,69.35849475860596,44.056718826293945,113.41521549224854,5.62667867853861e-09,-2.0019531348225428e-06
459.0271758948742,196.875,500.0,0.0,307,6140000,40,0.015472128055989742,1.321021318435669,0.00014649999999999952,84.84856343907155,8466.531008060723,-0.6717230338069379,71.7174162864685,38.98428916931152,110.70170736312866,-4.76837147544984e-09,1.1962890766881173e-06
449.3862153577297,46.08,500.0,0.0,308,6160000,33,0.02221154235303402,1.3257468938827515,0.0001459999999999995,83.10493812052998,6362.171898649503,-0.5584505932832334,71.6830039024353,37.99256086349487,109.67556667327881,7.057189943537878e-09,-4.272461069376732e-07
465.50661670856937,184.32,500.0,0.0,309,6180000,40,0.010556655004620552,1.3307762145996094,0.0001454999999999995,89.47533446512405,3695.064772587673,-0.30721033120136354,64.42229151725769,50.39861822128296,114.82091164588928,1.19209286886246e-09,7.81249980263965e-07
524.6914558728025,0.0,500.0,0.0,310,6200000,40,0.009961600415408611,1.3351901769638062,0.0001449999999999995,110.85912347781431,3050.474656895923,-0.18304240846187825,66.46066474914551,51.47306776046753,117.93373513221741,4.76837147544984e-09,2.4414061883248905e-08
529.4507448870024,0.0,500.0,0.0,311,6220000,40,0.011642295867204666,1.3390491008758545,0.0001444999999999995,111.97040911692723,3369.6917930214267,-0.2417434011342799,61.54680585861206,43.40475606918335,104.95156526565552,1.430511542555024e-10,-5.249023615760962e-07
536.5179365088848,9.75,500.0,0.0,312,6240000,40,0.01109306700527668,1.3424546718597412,0.0001439999999999995,141.89035422209722,2886.263680427697,-0.2670612750895274,67.93572545051575,43.06070137023926,110.9964280128479,-4.959106458812812e-09,7.324219097881723e-08
455.1465950257296,4.755,500.0,0.0,313,6260000,40,0.012823681347072124,1.3454270362854004,0.0001434999999999995,95.40856582313586,2156.83845345078,-0.3812247321792659,63.58541297912598,46.66142988204956,110.24684524536133,-7.152557435219364e-10,8.178710686479462e-07
494.7787287028692,111.16499999999999,500.0,0.0,314,6280000,40,0.011576947756111622,1.3485265970230103,0.00014299999999999952,80.39527256838076,2976.869593470871,-0.5629171619873945,63.376582860946655,49.286677837371826,112.66326260566711,-5.364418242947977e-09,6.103515914901436e-08
435.1463008793977,30.479999999999997,500.0,0.0,315,6300000,40,0.010587112046778202,1.3513481616973877,0.0001424999999999995,131.41347258318763,1735.651406041528,-0.21420498968748625,71.83457517623901,42.220075845718384,114.05465340614319,5.912780931538464e-09,1.4648438195763447e-07
538.4554325876861,0.0,500.0,0.0,316,6320000,40,0.010071642696857452,1.3537700176239014,0.0001419999999999995,84.15972980146955,1568.8813594818116,-0.23867123511495295,64.76173615455627,42.59219431877136,107.35393261909485,-1.4305114870438729e-09,-3.906249901319825e-07
472.66136149441684,282.575,500.0,0.0,317,6340000,40,0.012283246964216232,1.357214093208313,0.0001414999999999995,129.0086255626314,10203.363989870108,-0.6539236101766775,65.49703478813171,46.84276366233826,112.33979988098145,-6.961822673900997e-09,-2.4414061883248905e-08
480.61799666009574,0.25875,500.0,0.0,318,6360000,40,0.010496535338461399,1.3601981401443481,0.0001409999999999995,222.47587894391103,2744.8768889165985,-0.21939765458724872,66.29003882408142,45.20730638504028,111.49734735488892,2.9373168786150927e-08,1.4648438195763447e-07
476.0910945975018,0.31625,500.0,0.0,319,6380000,40,0.00941560324281454,1.3627674579620361,0.0001404999999999995,149.9063908704527,2150.351264453086,-0.2317520843089149,69.72997307777405,41.59179496765137,111.32176995277405,-1.125335735707722e-08,1.098632793627985e-07
508.20166062314274,80.13999999999999,500.0,0.0,320,6400000,40,0.012527817860245705,1.3653554916381836,0.00013999999999999953,192.23111444582605,4177.841896134881,-0.3844240707315647,69.54802989959717,44.1187539100647,113.66678524017334,9.536743617033494e-10,4.882812376649781e-08
508.3282446600063,6.159999999999999,500.0,0.0,321,6420000,40,0.009022039361298084,1.3675960302352905,0.00013949999999999954,93.90902420001424,2392.3327895000484,-0.18308975652785628,71.51778364181519,52.36790204048157,123.8856885433197,-9.58442658571812e-09,-3.41796862812771e-07
452.0430904242894,0.0,500.0,0.0,322,6440000,40,0.010624993592500687,1.3694926500320435,0.00013899999999999953,126.12886105677124,2797.510950392219,-0.2391238557145142,61.231332302093506,47.001227140426636,108.23256182670593,3.910064716450279e-09,4.1503906800244295e-07
490.2329517394749,0.0,500.0,0.0,323,6460000,40,0.009294773451983929,1.3710789680480957,0.00013849999999999954,106.28642723848866,2090.0210971079055,-0.23483106459188424,71.01788544654846,43.146406173706055,114.16429376602173,-7.724762163263676e-09,1.3549804407375632e-06
481.63713640899977,3.3375,500.0,0.0,324,6480000,40,0.009893139824271202,1.3724018335342407,0.00013799999999999953,74.18147049010939,2632.4780452946948,-0.23125237369803106,87.18589448928833,43.87811470031738,131.06401109695435,-4.291534239087014e-09,-3.295898522992502e-07
503.77263373966053,3.3375,500.0,0.0,325,6500000,40,0.011022751219570637,1.3734869956970215,0.00013749999999999952,75.34135575810815,2467.069658315865,-0.24516394666164734,63.67687654495239,45.88165068626404,109.5585298538208,1.0490417423625331e-09,2.685546860448085e-07
448.41088443479146,0.0,500.0,0.0,326,6520000,40,0.011772489175200462,1.3743410110473633,0.0001369999999999995,73.59243891649186,2884.4237511701645,-0.22628068099996657,59.97374153137207,53.17889356613159,113.15263652801514,-2.956390465769232e-09,3.662109548940862e-08
498.45311310378565,183.375,500.0,0.0,327,6540000,40,0.014468496665358543,1.375900387763977,0.0001364999999999995,98.022448406098,6161.741117057071,-0.8232839511909112,67.7296793460846,47.001895904541016,114.73157811164856,1.8119812317252126e-09,-8.056640581344254e-07
482.5246025966997,0.0,500.0,0.0,328,6560000,40,0.01319436077028513,1.3771814107894897,0.0001359999999999995,175.2174587978679,4174.239885104234,-0.28367552326956563,64.70558881759644,39.54920744895935,104.25479817390442,9.727478378351861e-09,-2.9296876391526894e-07
492.31704448301355,0.0,500.0,0.0,329,6580000,40,0.011351801455020905,1.3782113790512085,0.00013549999999999953,95.63091596980004,4168.598378709927,-0.24418132276078508,69.85556769371033,47.1747932434082,117.03036236763,-9.53674295089968e-09,2.5634764710957825e-07
490.64929303507733,5.25,500.0,0.0,330,6600000,40,0.011479414999485016,1.3790409564971924,0.00013499999999999954,157.9056644925646,5765.239119560096,-0.39284945718801706,67.97563576698303,52.09942054748535,120.07505774497986,-1.4019012617438875e-08,-2.19726558725597e-07
493.5116448766069,714.21125,500.0,0.0,331,6620000,40,0.010314599610865116,1.3832411766052246,0.00013449999999999956,212.39036131512586,29020.9308218792,-0.3632058647289208,71.19890332221985,57.309974193573,128.50887870788574,1.907348723406699e-09,-9.765625463842298e-07
481.0849148270087,28.81375,500.0,0.0,332,6640000,40,0.011623941361904144,1.3870471715927124,0.00013399999999999954,206.75652706607892,6237.354725005521,-0.38923146597044483,69.34958505630493,48.318137407302856,117.66772484779358,-2.0980834847250662e-09,1.2207031829802872e-07
526.4008966712763,0.08,500.0,0.0,333,6660000,40,0.01165486965328455,1.3903533220291138,0.00013349999999999956,194.25422418254198,4557.263022404568,-0.39576032105240094,76.30733346939087,45.58329963684082,121.890634059906,-3.528594971768939e-09,3.1738281336401997e-07
495.8495012180832,28.118749999999995,500.0,0.0,334,6680000,40,0.012447034008800983,1.3933498859405518,0.00013299999999999955,70.61899642276157,4861.514482437426,-0.7702000441622867,80.74182176589966,39.38936519622803,120.13118934631348,1.239776614703203e-09,5.310058668328566e-07
479.6436913216072,159.22625,500.0,0.0,335,6700000,40,0.010820800438523293,1.3967286348342896,0.00013249999999999953,86.96204873953656,2458.641062407281,-0.2325100739895823,65.93791317939758,50.84918260574341,116.7870979309082,-7.1525572131747595e-09,-4.272461069376732e-07
486.37622739219097,0.0,500.0,0.0,336,6720000,40,0.010863862931728363,1.3996484279632568,0.00013199999999999955,70.76743900092544,2430.8181446682875,-0.2527636803573911,61.4201865196228,45.751261711120605,107.17145037651062,1.0871887390351276e-08,-6.83593725625542e-07
432.7125655725387,0.0,500.0,0.0,337,6740000,40,0.010681807063519955,1.4021542072296143,0.00013149999999999956,73.48199283605928,4277.241155296374,-0.2579883559873909,60.736926555633545,41.10194206237793,101.83887052536011,-2.1219253021342865e-09,1.2207031829802872e-07
473.51629675992206,0.0,500.0,0.0,338,6760000,40,0.013800112530589104,1.4042866230010986,0.00013099999999999955,76.08495959263698,2804.3727408488085,-0.20730704808263642,65.28130960464478,45.88942050933838,111.17073225975037,6.771087690538025e-09,1.074218744179234e-06
497.12298237121905,0.0,500.0,0.0,339,6780000,40,0.012330690398812294,1.406082034111023,0.00013049999999999957,74.42966733859603,3170.8836549406597,-0.37188738167143554,63.730873823165894,46.17766261100769,109.90853929519653,4.267692421677793e-09,4.272461069376732e-07
504.15239468463596,52.675,500.0,0.0,340,6800000,40,0.013771532103419304,1.4078415632247925,0.00012999999999999955,97.46636788131325,2478.3096191454847,-0.4633551871843019,61.026652097702026,43.836254835128784,104.86290979385376,4.00543198608716e-09,9.765624753299562e-08
508.9817407429767,70.325,500.0,0.0,341,6820000,40,0.01338549517095089,1.4096590280532837,0.00012949999999999957,86.48365753927048,5592.97121963987,-0.4889855521968358,68.9918200969696,42.55833387374878,111.55015540122986,9.059906158626063e-10,-4.7607420583517523e-07
538.7379958962176,699.4999999999999,500.0,0.0,342,6840000,40,0.014211520552635193,1.414733648300171,0.00012899999999999958,71.87159354975269,24009.582920030727,-0.9099320195923755,68.5065450668335,46.43098998069763,114.93753623962402,-4.911422823994371e-09,-8.544922138753464e-07
454.62018564641437,64.75,500.0,0.0,343,6860000,40,0.012321900576353073,1.4195116758346558,0.00012849999999999957,76.82568721346036,5867.233320705147,-0.5302760406486263,68.20209407806396,50.66759014129639,118.86968517303467,2.0980834847250662e-09,-5.37109372089617e-07
431.57735648906237,0.0,500.0,0.0,344,6880000,40,0.011323153972625732,1.4236913919448853,0.0001279999999999996,81.95042628270046,5117.991619892485,-0.33225479242006306,68.16190004348755,42.624516010284424,110.78641843795776,2.8610229740877458e-09,2.4414063659605745e-07
414.7028327641163,0.0,500.0,0.0,345,6900000,40,0.009418101981282234,1.4273314476013184,0.0001274999999999996,67.23538325455539,6129.625790784314,-0.28627880427298275,71.15567278862,40.96691012382507,112.12258529663086,-9.965896552444065e-09,-5.126952942191565e-07
454.4986144825707,22.270000000000003,500.0,0.0,346,6920000,40,0.012075853534042835,1.4305990934371948,0.00012699999999999962,77.18793247156083,5653.220329012537,-0.44147334813264905,66.39059352874756,43.81596517562866,110.20656061172485,-4.911422823994371e-09,-1.708984314063855e-07
447.4115109826406,0.8425,500.0,0.0,347,6940000,40,0.011159119196236134,1.4334207773208618,0.00012649999999999963,50.47938990835931,4106.9836551641965,-0.23839490772551222,73.10409998893738,50.48472237586975,123.58882641792297,2.2888184680880386e-09,-3.906249901319825e-07
464.5605090266352,1.8375,500.0,0.0,348,6960000,40,0.010915636084973812,1.4358452558517456,0.00012599999999999965,66.74549189190955,3994.266385480553,-0.2799246432105447,62.159711837768555,44.12733578681946,106.2870500087738,9.059905714536853e-09,-2.9296876391526894e-07
427.2646724835271,0.0,500.0,0.0,349,6980000,40,0.009798464365303516,1.4379020929336548,0.00012549999999999966,98.24730261541475,3577.8452100085606,-0.24931615525322734,75.97433590888977,39.94946622848511,115.92380404472351,-1.3351439953623867e-09,-1.2207031829802872e-07
453.4790175105174,0.0,500.0,0.0,350,7000000,40,0.016344459727406502,1.4396271705627441,0.00012499999999999968,70.06813261129294,2916.4282916366674,-0.25622623333600675,77.27380895614624,52.75348353385925,130.02729511260986,4.386901952813105e-09,1.5869140668200998e-07
459.9355362287226,0.0,500.0,0.0,351,7020000,40,0.009469068609178066,1.4410529136657715,0.00012449999999999967,92.19762744356872,2190.3955724922716,-0.2928196384850296,70.19534087181091,49.348782777786255,119.5441255569458,8.01086397217432e-09,-1.0864257546927547e-06
466.03995678709833,0.0,500.0,0.0,352,7040000,40,0.009922128170728683,1.4422085285186768,0.00012399999999999965,132.85047106894717,1618.075167929291,-0.2512617243560636,71.07927513122559,53.99348855018616,125.07276701927185,-1.6593933338526767e-08,1.6601562720097718e-06
487.20168228295154,498.5,500.0,0.0,353,7060000,21,0.02012949436903,1.445707082748413,0.00012349999999999967,140.11717393971733,13240.143333937205,-0.4549088859995604,61.43230080604553,23.33991837501526,84.77222204208374,5.531310964812519e-09,-2.441406195430318e-06
498.3075563741695,233.425,500.0,0.0,354,7080000,40,0.013355247676372528,1.4499439001083374,0.00012299999999999966,76.79302873550706,12338.179379175272,-0.679655798863928,73.38117456436157,41.369962215423584,114.75113916397095,-5.531310964812519e-09,2.3315428734349553e-06
484.62600852128764,234.775,500.0,0.0,355,7100000,40,0.01244488637894392,1.4548548460006714,0.00012249999999999967,83.60464457767024,7810.186006849738,-0.37685582970808834,65.20195412635803,46.302064418792725,111.50402021408081,2.717971847587819e-09,3.6621094068323146e-07
452.26144664165986,0.0,500.0,0.0,356,7120000,40,0.013053972274065018,1.4591517448425293,0.00012199999999999967,77.03747039509427,5514.711462227402,-0.31060120313410544,63.322591066360474,43.88247299194336,107.20506548881531,-1.0967254882032762e-09,-5.859375278305379e-07
513.4711782689722,34.807500000000005,500.0,0.0,357,7140000,40,0.012351245619356632,1.4630765914916992,0.00012149999999999967,78.97075970643645,6365.144892815268,-0.49831015934135503,71.220290184021,41.23206448554993,112.45235705375671,4.482269222449986e-09,3.0517577442878974e-07
537.911484529435,42.2675,500.0,0.0,358,7160000,40,0.012402558699250221,1.4667052030563354,0.00012099999999999967,79.54429900145075,3895.681999838276,-0.3270633894368816,64.15740442276001,45.486154317855835,109.64356136322021,1.0967254659988157e-08,-2.807617249800387e-07
513.4302703165665,76.10125000000001,500.0,0.0,359,7180000,9,0.02180730551481247,1.4702441692352295,0.00012049999999999968,80.09270749966134,27029.536261880472,-0.6031084832091409,68.03918862342834,9.598285436630249,77.63747596740723,1.907348723406699e-09,6.83593725625542e-07
515.6308605931815,1403.6487499999998,500.0,0.0,360,7200000,40,0.011353312991559505,1.4805927276611328,0.00011999999999999968,63.7699185152722,25092.44643854518,-0.5308828115486984,61.767943143844604,47.872121810913086,109.64006686210632,-4.959106458812812e-09,1.6601562720097718e-06
495.74407746491215,24.1,500.0,0.0,361,7220000,40,0.012578720226883888,1.4899171590805054,0.00011949999999999968,94.24851269570127,4945.13385887389,-0.5008817738337312,65.75486135482788,45.52309060096741,111.27795338630676,5.054473728449693e-09,-4.7607420583517523e-07
449.8254477697128,5.48125,500.0,0.0,362,7240000,40,0.012193264439702034,1.4982209205627441,0.00011899999999999968,64.09770229606872,2625.9559405235727,-0.33964131260587344,66.55046343803406,47.55362129211426,114.10408639907837,1.9073485846288207e-10,-4.882812376649781e-08
456.64809050907996,18.55,500.0,0.0,363,7260000,40,0.010928088799118996,1.505672812461853,0.00011849999999999968,48.49537096843598,4196.794906557897,-0.3881867653838578,69.6781678199768,46.341503620147705,116.0196738243103,-1.3971328982620435e-08,-3.41796862812771e-07
516.294152446192,6.3187500000000005,500.0,0.0,364,7280000,40,0.010744341649115086,1.5122926235198975,0.00011799999999999968,56.98266957125087,4014.705409483697,-0.36947401986000644,71.56825566291809,48.285653829574585,119.85391235351562,-2.1934509319976314e-08,2.9296876391526894e-07
502.93716719853853,0.0,500.0,0.0,365,7300000,40,0.011149952188134193,1.5181288719177246,0.00011749999999999968,51.48896742231527,3079.213836004172,-0.2675608294749051,70.18939518928528,43.671010971069336,113.86040782928467,1.2922287240257901e-08,-5.249023615760962e-07
501.41914441300077,0.0,500.0,0.0,366,7320000,40,0.009503168053925037,1.5232585668563843,0.00011699999999999969,46.96976799782674,2322.2248505659163,-0.3059545877787053,74.58430624008179,43.191198110580444,117.77550625801086,-2.074241667315846e-09,1.0803222494359943e-06
447.19910028206687,12.475,500.0,0.0,367,7340000,40,0.010499691590666771,1.5278167724609375,0.00011649999999999969,47.49647310159768,2588.6615008214476,-0.35685859679653764,67.11261248588562,48.89329648017883,116.00591087341309,-4.673004205812958e-09,3.1738281336401997e-07
466.07118435204376,553.7,500.0,0.0,368,7360000,40,0.013235651887953281,1.534708857536316,0.00011599999999999969,55.62810500442602,21443.950815961314,-0.7816693158381304,63.6321485042572,45.01652550697327,108.64867734909058,-3.910064716450279e-09,7.324219097881723e-08
460.5775976446381,0.0,500.0,0.0,369,7380000,40,0.011145456694066525,1.5407897233963013,0.00011549999999999969,39.367453694495424,2614.6294834938776,-0.3097283056492259,66.52240943908691,46.57500958442688,113.09742164611816,2.6702879907247734e-09,2.3193359766082722e-07
526.8282108698031,4.0,500.0,0.0,370,7400000,40,0.0143517991527915,1.546160340309143,0.00011499999999999969,55.168343437401354,2549.296110923427,-0.32303731974665145,64.88760352134705,40.20541739463806,105.09302306175232,-1.1444091896350983e-08,-4.943847784488753e-07
493.8983845488732,414.18874999999997,500.0,0.0,371,7420000,40,0.016390226781368256,1.553059458732605,0.00011449999999999969,66.21921931679842,14831.238126280961,-1.0549006244013455,65.41816353797913,40.81313729286194,106.23130202293396,-6.771087690538025e-09,1.1352539104336756e-06
490.3045431900384,56.386250000000004,500.0,0.0,372,7440000,40,0.011071305721998215,1.5594451427459717,0.0001139999999999997,44.48939139220365,4745.839306183833,-0.30039015924498724,66.29403901100159,44.394495725631714,110.68853712081909,-8.249283034444943e-09,-7.568359592369234e-07
552.5044279677809,0.0,500.0,0.0,373,7460000,40,0.013470620848238468,1.5650687217712402,0.0001134999999999997,42.48786669931594,3322.047696768402,-0.27784486204670494,69.32279658317566,40.56977367401123,109.89257192611694,-8.77380390562621e-09,3.540039017480012e-07
497.3040444934983,0.0,500.0,0.0,374,7480000,40,0.010594509541988373,1.5700050592422485,0.0001129999999999997,35.8870561693884,3501.690293563551,-0.30841235422831814,66.54194784164429,40.06562519073486,106.60757446289062,-2.479553229406406e-09,1.9531249506599124e-07
509.60601011057497,2.025,500.0,0.0,375,7500000,40,0.01177168358117342,1.574332356452942,0.0001124999999999997,45.87906789354458,2772.46147248092,-0.37457131487880924,61.52896523475647,44.59255075454712,106.12151885032654,3.862381081631838e-09,1.2329101082286797e-06
463.20425793593313,684.7,500.0,0.0,376,7520000,40,0.01249297522008419,1.581741452217102,0.0001119999999999997,55.091692992836045,20036.881681318344,-0.39620895502483766,65.22626757621765,45.60995292663574,110.8362226486206,4.00543198608716e-09,1.0131835779247922e-06
498.95111658448803,0.0,500.0,0.0,377,7540000,40,0.010993012227118015,1.5882868766784668,0.0001114999999999997,46.718065278849025,3952.3515998257194,-0.40235231943060734,75.25630187988281,45.10253643989563,120.35884046554565,-4.887580895562849e-10,-6.713867151120212e-07
468.0668171341928,38.925,500.0,0.0,378,7560000,40,0.013080270029604435,1.5942615270614624,0.0001109999999999997,45.79444143240619,3172.5396973579554,-0.526697382803081,71.76265835762024,49.43236684799194,121.19502758979797,-4.768371808516747e-10,-4.6386719532165444e-07
517.8560822656715,110.52125000000001,500.0,0.0,379,7580000,40,0.012058038264513016,1.6001049280166626,0.0001104999999999997,44.49788038897666,10104.64080582151,-0.5824186300230064,66.67382478713989,42.22536540031433,108.8991928100586,2.3603439203156995e-09,6.83593725625542e-07
516.2587430692049,19.45375,500.0,0.0,380,7600000,40,0.012148006819188595,1.6053426265716553,0.0001099999999999997,42.37473664465983,3786.6381207994596,-0.3442683893902476,71.05231499671936,43.391194581985474,114.44351148605347,8.392333938900265e-09,-1.0986327652062755e-06
500.4521283951444,0.0,500.0,0.0,381,7620000,40,0.012619990855455399,1.6099296808242798,0.00010949999999999971,57.76609229646671,3277.2644164844683,-0.33999196351357514,65.06112265586853,46.95100259780884,112.01212739944458,-4.76837147544984e-09,-5.004882837056357e-07
562.3287897395401,1.4287500000000002,500.0,0.0,382,7640000,40,0.008869314566254616,1.6139377355575562,0.00010899999999999971,56.08170553954544,3699.22209986304,-0.31590854247474365,72.83367609977722,39.992148637771606,112.82582569122314,-3.051757735406113e-09,-2.9296876391526894e-07
563.6003446723064,8.096250000000001,500.0,0.025,383,7660000,40,0.012070750817656517,1.6174596548080444,0.00010849999999999971,71.38068561766558,3428.809458685225,-0.3992158525937777,62.95107340812683,51.21598243713379,114.16705703735352,-7.688998771016031e-09,3.051757957450718e-08
608.5705400109375,36.575,500.0,0.0,384,7680000,40,0.01373610831797123,1.620696783065796,0.00010799999999999971,39.791606049325054,2399.885014246072,-0.40490223578990076,61.362470865249634,43.09585499763489,104.45832753181458,-6.580352707175052e-09,6.103515914901436e-08
472.3409076652877,0.0,500.0,0.0,385,7700000,40,0.012834004126489162,1.6234796047210693,0.00010749999999999971,31.36928769494318,2538.6277246900427,-0.33738556495707506,71.29280304908752,45.94825029373169,117.24105644226074,7.343292196537732e-09,5.249023615760962e-07
453.6258483528005,0.0,500.0,0.0,386,7720000,40,0.010160173289477825,1.6258528232574463,0.00010699999999999971,38.159349667190746,1974.7159826873974,-0.3012556072110963,81.11166954040527,49.10200524330139,130.21367716789246,6.484985437538171e-09,1.2207030941624453e-08
497.427356613168,782.2,500.0,0.0,387,7740000,40,0.012550987303256989,1.6320825815200806,0.00010649999999999972,49.941934554288345,17721.700414796087,-0.7288730348537492,60.037516593933105,54.067604541778564,114.10512185096741,4.863739189175931e-09,-4.516601563864242e-07
501.1689417237011,0.0,500.0,0.0,388,7760000,40,0.01135559193789959,1.63756263256073,0.00010599999999999972,73.63115612291227,3925.5413318609735,-0.3965818380889524,65.04544997215271,50.817041635513306,115.86249327659607,-2.2888184680880386e-09,-4.882812731921149e-07
488.3525386772718,0.0,500.0,0.0,389,7780000,40,0.01199671346694231,1.6423667669296265,0.00010549999999999972,48.295113027475445,3134.5896915508683,-0.3733263301502937,71.22907567024231,46.66780066490173,117.89687776565552,-1.3351439953623867e-09,-8.300781360048859e-07
533.4743461512141,112.51875,500.0,0.0,390,7800000,40,0.011893202550709248,1.6471725702285767,0.00010499999999999972,68.0257863725067,21099.004256089327,-0.5294180821022315,77.12502098083496,42.454551696777344,119.5795750617981,-4.577636936176077e-09,-1.4648438195763447e-07
527.3788632751921,337.55625,500.0,0.0,391,7820000,40,0.011111516505479813,1.6532031297683716,0.00010449999999999972,44.384743764901614,3498.2079660549284,-0.31919359430362276,67.3246648311615,53.161993741989136,120.48666143417358,-1.907348723406699e-09,-1.4648438195763447e-07
540.9928111776184,8.76125,500.0,0.0,392,7840000,40,0.010447145439684391,1.658550500869751,0.00010399999999999972,37.60993851218254,3913.0019651570897,-0.4077860667696519,61.41110825538635,46.24453091621399,107.65564155578613,-1.0061263822080946e-08,-2.4414063659605745e-07
550.4296418538279,0.11375000000000002,500.0,0.0,393,7860000,40,0.01247435249388218,1.6632347106933594,0.00010349999999999972,33.99839419954142,2560.8774460616387,-0.38355738801086786,63.731024742126465,41.96968960762024,105.7007155418396,1.287460360543946e-08,1.3549804407375632e-06
522.2114479610697,0.0,500.0,0.0,394,7880000,40,0.010448187589645386,1.6673203706741333,0.00010299999999999973,32.104309626597505,2752.249048575626,-0.30082908348909987,70.73829054832458,47.11502265930176,117.85331535339355,2.813339339269305e-09,-4.028320290672127e-07
469.24851053029613,0.0,500.0,0.0,395,7900000,40,0.015277566388249397,1.6708662509918213,0.00010249999999999973,31.955005162536718,3532.638324713251,-0.347506695613265,81.30473494529724,49.56061553955078,130.8653528690338,-4.625320570994518e-09,6.347656267280399e-07
438.32677739534137,0.0,500.0,0.0,396,7920000,40,0.01156562939286232,1.6739253997802734,0.00010199999999999973,46.49411641351736,3930.8015336540852,-0.29708725125024654,64.68471646308899,46.709442377090454,111.39416003227234,7.915496702537439e-09,0.0
432.679157571724,0.0,500.0,0.0,397,7940000,40,0.01278240978717804,1.6765456199645996,0.00010149999999999973,30.44197741344476,6133.654754570639,-0.42671875744156396,67.43784809112549,48.92709970474243,116.36494994163513,-6.675719976811934e-10,0.0
466.4462370222976,172.76999999999998,500.0,0.0,398,7960000,1,0.048934828490018845,1.6797196865081787,0.00010099999999999973,66.11153183469347,36598.00843140426,3.7374738902802678,64.33106827735901,1.0277693271636963,65.3588399887085,6.294250454175199e-09,-1.1962890766881173e-06
441.25404814769536,403.13,500.0,0.0,399,7980000,40,0.011460904031991959,1.6846599578857422,0.00010049999999999973,29.525703070877466,6199.591297407211,-0.34599139432120285,65.37105870246887,42.243462324142456,107.61452198028564,7.629394338515283e-10,-5.126952942191565e-07
404.69054541542613,0.0,500.0,0.0,400,8000000,40,0.0110956821590662,1.688975214958191,9.999999999999973e-05,29.776827309237923,5424.770180292798,-0.3477606280095828,69.84077954292297,46.76631164550781,116.60709261894226,-1.0013580187262505e-08,-2.19726558725597e-07
162.8227309108022,1421.9,500.0,0.0,401,8020000,40,0.01640694960951805,1.7004848718643188,9.949999999999974e-05,44.33055798627768,70791.78532118099,-1.290607884801497,65.92278385162354,53.73390293121338,119.65668892860413,-5.111694179049664e-08,2.4658202164573595e-06
62.10090850539234,0.0,500.0,0.0,402,8040000,40,0.013848129659891129,1.7107220888137817,9.899999999999974e-05,36.068067491434185,11198.113539871896,-0.976883078366518,66.39286160469055,40.32332921028137,106.71619319915771,3.8909913513407446e-08,-2.3925781533762347e-06
61.55457224141153,0.0,500.0,0.0,403,8060000,40,0.014027743600308895,1.7198121547698975,9.849999999999974e-05,31.953824095209693,8574.413083021807,-0.7961968650365141,61.79762411117554,46.17055082321167,107.96817684173584,2.7656554824062596e-09,3.4179688555013854e-06
55.76469552023913,0.0,500.0,0.0,404,8080000,40,0.011220255866646767,1.7278679609298706,9.799999999999974e-05,58.65191646017087,7035.11315072418,-0.6445198204819185,63.52547264099121,44.149983644485474,107.67545986175537,-8.049011057664757e-08,2.685546860448085e-07
66.00636263381777,1061.9,500.0,0.0,405,8100000,40,0.010826367884874344,1.7407866716384888,9.749999999999974e-05,58.279164654434105,29078.26239663871,-0.6552688188684784,61.42006230354309,43.59689664840698,105.01696014404297,2.4223327343975143e-08,9.765624753299562e-08
66.00330806612673,1065.05,500.0,0.0,406,8120000,40,0.013671441935002804,1.7580710649490356,9.699999999999974e-05,35.760071552786854,18725.240006892695,-0.9764620215317625,62.51467537879944,44.27225852012634,106.78693580627441,2.1934509319976314e-08,-6.83593725625542e-07
63.376555062206634,0.0,500.0,0.0,407,8140000,40,0.01068965531885624,1.7735133171081543,9.649999999999974e-05,20.02235973473567,8803.250506688986,-0.7334652872720532,69.21463298797607,40.5832736492157,109.79790830612183,6.027221388649195e-08,-3.41796862812771e-07
58.42853363362367,0.0,500.0,0.0,408,8160000,40,0.011073272675275803,1.7872949838638306,9.599999999999974e-05,18.666248969363558,5960.264303977626,-0.5744070417751932,62.85751461982727,50.12097954750061,112.97849583625793,-1.0633468328080653e-08,-2.5634764710957825e-07
57.054418140835296,0.0,500.0,0.0,409,8180000,40,0.011853618547320366,1.7995795011520386,9.549999999999975e-05,19.278129084398792,6590.635527942439,-0.6666770376193865,68.81695771217346,43.66994071006775,112.486900806427,6.031990018584565e-09,6.591797045985004e-07
65.33602693581221,40.1625,500.0,0.0,410,8200000,40,0.013589204289019108,1.8107354640960693,9.499999999999975e-05,19.61548360214112,8646.556239610416,-0.8496914308162252,66.41995358467102,42.25107455253601,108.67103004455566,3.991127073277312e-08,-4.39453117451194e-07
62.49982530996833,4.4625,500.0,0.01125,411,8220000,40,0.012479151599109173,1.8206775188446045,9.449999999999975e-05,16.32357168045773,5420.62876634537,-0.5366653756232588,63.28481483459473,44.11405420303345,107.39887070655823,-1.0848045128852846e-08,-4.882812731921149e-07
61.22291927611756,1449.225,500.0,0.013750000000000002,412,8240000,40,0.013443409465253353,1.8373663425445557,9.399999999999975e-05,17.720528964783735,65174.99710373605,-0.7061742580620347,61.18531155586243,41.60918879508972,102.79450154304504,-6.675719976811934e-10,1.4404297417058842e-06
56.93512856781581,0.0,500.0,0.0,413,8260000,40,0.009878509677946568,1.852271318435669,9.349999999999975e-05,16.501928749054102,3968.2197108274813,-0.6079391604230092,75.57435655593872,46.63829445838928,122.21265244483948,-4.673004205812958e-09,-2.4414063659605745e-07
64.66606394585874,1.2225000000000001,500.0,0.005,414,8280000,40,0.01285321544855833,1.8655749559402466,9.299999999999975e-05,22.166887435791597,7797.619342575559,-0.6466852080432852,67.17125129699707,50.45613622665405,117.6273889541626,3.051757735406113e-09,-2.4414061883248905e-08
63.66783377563282,2.8525,500.0,0.02,415,8300000,40,0.011311586946249008,1.8774441480636597,9.249999999999975e-05,26.055754440453402,6757.439704690921,-0.5887737896459497,69.18400979042053,43.54017186164856,112.72418427467346,-3.8146971692576415e-10,0.0
62.36676081313355,0.0,500.0,0.0,416,8320000,40,0.01155430730432272,1.8880044221878052,9.199999999999976e-05,17.093233190220634,6739.168763033144,-0.5487554442232392,67.72739815711975,47.043447971343994,114.77084803581238,-2.2888184680880386e-09,3.41796862812771e-07
60.873543633663566,0.0,500.0,0.0,417,8340000,40,0.011814608238637447,1.8973846435546875,9.149999999999976e-05,14.448462559463112,5630.3627810921635,-0.5418122650426664,73.97131705284119,48.903547525405884,122.8748664855957,-1.354217538107605e-08,2.9296876391526894e-07
66.25108892904582,0.0,500.0,0.0,418,8360000,40,0.009864994324743748,1.9057010412216187,9.099999999999976e-05,14.052928574829345,4564.058122282575,-0.4504423751157655,62.50322389602661,44.94000434875488,107.44322991371155,6.771087690538025e-09,1.8310546465727384e-06
60.919838754707236,0.0,500.0,0.0,419,8380000,40,0.00948209036141634,1.9130584001541138,9.049999999999976e-05,16.15794135370072,5642.583871333614,-0.40711007399401467,61.87570261955261,47.14149522781372,109.01720023155212,1.201629640235069e-08,0.0
61.60878648080145,624.8699999999999,500.0,0.0,420,8400000,19,0.020017795264720917,1.9229992628097534,8.999999999999976e-05,16.69152069283619,41107.03967338355,-0.7091262522176972,62.84648132324219,19.377684354782104,82.2241678237915,-2.6702879907247734e-09,1.2207031829802872e-07
58.255718242178,767.6299999999999,500.0,0.0,421,8420000,40,0.0127696068957448,1.9360456466674805,8.949999999999976e-05,19.23081766207507,6911.334173788083,-0.667423419215402,69.90256309509277,43.35668349266052,113.25924897193909,-3.814697446813398e-09,1.4648438195763447e-07
58.14437990841973,3.9,500.0,0.0,422,8440000,40,0.010794619098305702,1.9476876258850098,8.899999999999976e-05,19.190270742489275,5844.437436272688,-0.50051093510097,64.59737586975098,44.464752197265625,109.06212973594666,-5.722046170220096e-10,8.300781360048859e-07
69.41224087325618,0.0,500.0,0.0,423,8460000,40,0.011672514490783215,1.958042025566101,8.849999999999977e-05,17.351271254545566,5014.665572556417,-0.5803354042291546,67.16540122032166,39.76057314872742,106.92597675323486,-1.8119812317252126e-09,5.981445383440587e-07
62.01849517264545,0.0,500.0,0.0,424,8480000,40,0.012851987034082413,1.9672355651855469,8.799999999999977e-05,15.27275692156166,6346.381277057623,-0.47398857854686344,64.98420715332031,45.61039853096008,110.59460783004761,3.8146971692576415e-10,-2.9296876391526894e-07
64.16405025374486,0.0,500.0,0.0075000000000000015,425,8500000,40,0.012356150895357132,1.975382685661316,8.749999999999977e-05,14.676895563313915,5970.987295493351,-0.51198566779257,62.777127504348755,41.47304725646973,104.25017619132996,6.675720420901143e-09,-2.4414061883248905e-08
63.049445799345335,1116.975,500.0,0.0175,426,8520000,40,0.014232750050723553,1.9887442588806152,8.699999999999977e-05,17.89148388577115,34509.0837222154,-0.70329686390936,65.04850244522095,53.95064735412598,118.99915194511414,1.239776614703203e-09,-1.1718750556610757e-06
62.14065488105289,1325.25,500.0,0.0,427,8540000,40,0.016244271770119667,2.007878541946411,8.649999999999977e-05,24.363443108576877,57716.45701420292,-1.0943971758720221,64.61535286903381,43.2725555896759,107.88790965080261,-5.722046170220096e-10,-2.5390625069121597e-06
65.48334040485267,0.0,500.0,0.0,428,8560000,40,0.013967263512313366,2.0249862670898438,8.599999999999977e-05,20.30074020555824,7812.970287046007,-0.560774167909459,72.60444474220276,43.38245224952698,115.98689866065979,-2.479553229406406e-09,2.4414063659605745e-07
59.76592391090791,0.0,500.0,0.0,429,8580000,40,0.01360455434769392,2.040266990661621,8.549999999999977e-05,20.866020968309634,7364.395267073516,-0.566869739673225,62.33690690994263,46.85785889625549,109.19476795196533,-1.3351439953623867e-09,-5.126952942191565e-07
61.259473676028676,0.0,500.0,0.0,430,8600000,40,0.010953806340694427,2.053900718688965,8.499999999999978e-05,24.38719935189387,7448.1192321680155,-0.5391396564140821,66.62702202796936,47.29587531089783,113.92290019989014,3.6239624634504253e-09,3.6621094068323146e-07
61.65685285178275,0.0,500.0,0.025,431,8620000,40,0.012740885838866234,2.0660500526428223,8.449999999999978e-05,24.711958649507753,7915.697046646798,-0.5841133060681213,60.877614974975586,41.08758854866028,101.96520471572876,4.482269222449986e-09,2.4414061883248905e-08
61.71085114077391,0.0,500.0,0.0,432,8640000,40,0.010959496721625328,2.0768611431121826,8.399999999999978e-05,13.512201233730195,7062.138352956589,-0.6575123046542619,60.46404194831848,45.212578535079956,105.67662262916565,-3.433227480087453e-09,-5.859375278305379e-07
61.411213395838864,1069.425,500.0,0.0,433,8660000,40,0.011080250144004822,2.09234881401062,8.349999999999978e-05,14.14055023087058,23222.503077513094,-0.8385340741485547,68.98423981666565,48.23258686065674,117.2168288230896,2.1934509764065524e-09,1.4648437627329258e-06
59.81195533766463,0.0,500.0,0.0,434,8680000,40,0.01378372311592102,2.106168746948242,8.299999999999978e-05,29.445130270301917,10362.105839499698,-0.6130838641623972,67.31341886520386,53.297627210617065,120.61104917526245,1.5830993405074878e-08,-7.568359592369234e-07
59.37086846112935,0.0,500.0,0.0,435,8700000,40,0.013132350519299507,2.118485450744629,8.249999999999978e-05,36.38750534695425,9457.052440259411,-0.5925967088147144,72.33425307273865,47.01621651649475,119.35047149658203,-1.2588500908350397e-08,-6.347656267280399e-07
61.16909002114387,0.0,500.0,0.0,436,8720000,40,0.0135911013931036,2.1294472217559814,8.199999999999978e-05,48.47322567633003,9314.173053561653,-0.6216325969144607,66.05854368209839,41.404340744018555,107.46288561820984,3.8146971692576415e-10,-5.37109372089617e-07
57.91014821644912,0.0,500.0,0.0,437,8740000,40,0.01154710166156292,2.1391875743865967,8.149999999999979e-05,34.311879361359175,9606.473034667968,-0.5808163179001611,69.06942868232727,46.57804226875305,115.6474723815918,-2.479553229406406e-09,8.544922138753464e-07
58.77286423839953,0.0,500.0,0.0,438,8760000,40,0.01007073000073433,2.147826671600342,8.099999999999979e-05,29.504892025631705,10815.752302891433,-0.524142512655372,59.74298119544983,46.71122097969055,106.4542031288147,-4.959106458812812e-09,9.765624753299562e-08
60.46912613395392,0.0,500.0,0.0,439,8780000,40,0.012892785482108593,2.155473232269287,8.049999999999979e-05,27.975029974682315,7155.800733296583,-0.5779879299935642,63.85949754714966,50.485620737075806,114.34511995315552,-1.907348723406699e-09,-8.056640581344254e-07
57.15782464507619,0.0,500.0,0.0,440,8800000,40,0.012098262086510658,2.1622250080108643,7.999999999999979e-05,26.077534400429695,7423.351845778933,-0.6283056061003048,62.51561093330383,43.16259288787842,105.67820596694946,2.8610229740877458e-09,-4.1503906800244295e-07
60.60216674577846,0.0,500.0,0.0,441,8820000,40,0.011358009651303291,2.1681699752807617,7.949999999999979e-05,23.008400031108007,7216.941218304482,-0.5428799116189122,63.06875038146973,51.8758430480957,114.94459509849548,-1.5735626135437997e-08,-5.737304604735982e-07
60.32889612324745,0.0,500.0,0.0,442,8840000,40,0.012747314758598804,2.1733877658843994,7.899999999999979e-05,13.61833151009432,5973.456057603192,-0.6063962135713097,67.6302580833435,51.78357672691345,119.41383743286133,1.1348724626714102e-08,4.7607420583517523e-07
66.82012474897702,0.0,500.0,0.025,443,8860000,40,0.012708421796560287,2.177949905395508,7.84999999999998e-05,14.678530668604905,5382.699472531847,-0.6300162960911633,79.77802753448486,56.61142539978027,136.3894557952881,-1.8930435885522456e-08,-7.324219097881723e-08
63.87028796247107,0.0,500.0,0.0,444,8880000,40,0.013189337216317654,2.1819210052490234,7.79999999999998e-05,10.793443255667475,5736.995286044953,-0.5826349501492112,66.81537175178528,52.45746350288391,119.27283692359924,1.3160705414350105e-08,1.1474609209471964e-06
64.25139740366316,0.0,500.0,0.0,445,8900000,40,0.014133276417851448,2.185359001159668,7.74999999999998e-05,9.501603113769725,5994.017328551468,-0.5545229169000296,64.613272190094,43.384530544281006,107.99780368804932,4.5251844937865826e-08,9.765624753299562e-08
56.98287159312453,0.0,500.0,0.0,446,8920000,40,0.012240120209753513,2.188316583633423,7.69999999999998e-05,9.219634098915538,4695.23120263944,-0.49701696738695644,61.13933539390564,43.08101797103882,104.22035551071167,-3.051757735406113e-09,1.3427734302240424e-07
66.04658717100175,0.0,500.0,0.015000000000000003,447,8940000,40,0.01121594663709402,2.190840721130371,7.64999999999998e-05,9.166251700395232,4557.0121177430365,-0.6099022068296838,59.02991223335266,39.429584980010986,98.45949959754944,3.921985580745968e-08,-2.380371142862714e-06
59.587298715672816,0.0,500.0,0.01,448,8960000,40,0.011984070762991905,2.192974328994751,7.59999999999998e-05,9.198025832510298,5811.299369501005,-0.752331736491649,61.283262729644775,41.266188859939575,102.54945373535156,2.3555756456516974e-08,2.4414063659605745e-07
58.01110346177643,0.0,500.0,0.0,449,8980000,40,0.012250527739524841,2.1947555541992188,7.54999999999998e-05,9.94878355818949,8055.253086473987,-0.6813538624685566,65.42539358139038,38.10744118690491,103.53283619880676,1.6212463593845428e-09,3.41796862812771e-07
60.568478347930935,0.0,500.0,0.0,450,9000000,40,0.013585967943072319,2.1962192058563232,7.49999999999998e-05,9.724697169224928,6634.0041150718735,-0.5958751571762144,56.130645751953125,38.55780601501465,94.68845343589783,-5.111694179049664e-08,2.5634764710957825e-07
63.167667828084845,0.0,500.0,0.025,451,9020000,40,0.01153899822384119,2.1973962783813477,7.44999999999998e-05,8.710116998633001,5175.987718793541,-0.4893947913234306,55.91793775558472,37.27964925765991,93.19758939743042,-5.912780931538464e-09,1.074218744179234e-06
60.11929186593056,0.0,500.0,0.0,452,9040000,40,0.015472020022571087,2.198314905166626,7.39999999999998e-05,8.83432116645157,5388.851350480584,-0.45142238693442316,61.53509259223938,38.62702465057373,100.16212010383606,-1.4495849853801701e-08,3.906249901319825e-07
58.49371019671745,0.0,500.0,0.0,453,9060000,40,0.011515963822603226,2.199000358581543,7.349999999999981e-05,7.825093365854518,4352.011929923866,-0.5503868930824812,58.06847858428955,36.730337142944336,94.79881715774536,1.4591217123438582e-08,3.6621094068323146e-07
59.80240622619281,0.0,500.0,0.0,454,9080000,40,0.011502506211400032,2.1994755268096924,7.299999999999981e-05,8.076537015483638,5420.919989694,-0.5516262466135393,58.508086919784546,37.00713038444519,95.51521897315979,1.3923645347801994e-08,0.0
61.173555460665696,0.0,500.0,0.0,455,9100000,40,0.012187764048576355,2.199760913848877,7.249999999999981e-05,7.675896571320333,4149.290748722538,-0.5094464269520086,54.755772829055786,39.0294623374939,93.78523683547974,1.3875961712983553e-08,-5.615234499600774e-07
58.09821343861247,0.0,500.0,0.0,456,9120000,40,0.011543987318873405,2.1998751163482666,7.199999999999981e-05,7.212965293370994,2580.213315120624,-0.54043054817019,54.02132248878479,39.120895862579346,93.14221978187561,-2.2792816523065085e-08,2.1850585198990302e-06
62.13224315875391,0.0,500.0,0.0,457,9140000,40,0.010812895372509956,2.1998350620269775,7.149999999999981e-05,6.541561254802024,3252.717734804579,-0.4448395219767929,54.318626403808594,36.663395166397095,90.98202276229858,3.0708314113780943e-08,-2.9296876391526894e-07
65.67352149732461,0.0,500.0,0.0,458,9160000,40,0.011754071339964867,2.199655532836914,7.099999999999981e-05,6.804474654926616,3481.3677310530547,-0.45644003722792975,57.84462881088257,38.513062477111816,96.35769248008728,-4.00543198608716e-09,-8.605957191321068e-07
58.310470944079306,0.0,500.0,0.0037500000000000007,459,9180000,40,0.011206945404410362,2.199350118637085,7.049999999999982e-05,6.069075056094273,2078.176335542521,-0.5368505050493464,58.284674406051636,38.822731494903564,97.10740756988525,5.292892346631106e-09,-1.7089844277506927e-06
64.97312005929588,0.0,500.0,0.030000000000000006,460,9200000,40,0.010892271064221859,2.1989312171936035,6.999999999999982e-05,6.202077034248668,4732.094030635372,-0.5433412965576929,56.953129053115845,37.30413031578064,94.25726127624512,-4.577636936176077e-09,1.9531249506599124e-07
59.24576097086278,0.0,500.0,0.01625,461,9220000,40,0.012095540761947632,2.1984097957611084,6.949999999999982e-05,5.823639355951054,4384.988172591871,-0.5210839812020966,55.58258295059204,38.28135633468628,93.86394095420837,2.250671471415444e-08,-3.1738281336401997e-07
62.3951326506636,0.0,500.0,0.0,462,9240000,40,0.011694320477545261,2.1977956295013428,6.899999999999982e-05,5.404067669324814,3297.7946248388594,-0.3995182730779526,55.86362290382385,41.446974992752075,97.31059956550598,1.6975402417074292e-08,-1.3427734302240424e-07
60.207621792748,0.0,500.0,0.0,463,9260000,40,0.01058234367519617,2.1970977783203125,6.849999999999982e-05,5.075179708003998,3341.8669334363026,-0.402748136676753,57.41257858276367,36.46171689033508,93.87429738044739,-8.296966669263384e-09,1.2207031829802872e-07
57.77994916845266,0.0,500.0,0.0,464,9280000,40,0.010329249314963818,2.196324348449707,6.799999999999982e-05,5.14782105448899,3603.461004356822,-0.41997106847394805,56.20155692100525,39.99976468086243,96.20132350921631,-7.820129432900558e-09,1.3183594091970008e-06
61.85282589681076,10.5525,500.0,0.0,465,9300000,40,0.011369854211807251,2.1955437660217285,6.749999999999982e-05,5.395768372648082,3908.7450927539994,-0.49360285908410884,55.16988945007324,39.61173915863037,94.78162956237793,7.820129432900558e-09,1.0009765674112714e-06
72.99552051055386,12.897499999999999,500.0,0.025,466,9320000,40,0.012115124613046646,2.194770097732544,6.699999999999983e-05,5.96599862712204,3720.2670997959794,-0.4240527901573071,56.71707081794739,36.947481632232666,93.66455364227295,-7.438659466174613e-09,1.3916015859649633e-06
57.31722936431695,0.0,500.0,0.0,467,9340000,40,0.010821592062711716,2.193927764892578,6.649999999999983e-05,7.4950352150923125,3529.911489557157,-0.43870218028166114,57.92702674865723,37.527095556259155,95.45412588119507,-3.814697446813398e-09,-1.9531249506599124e-07
57.635367172552925,0.0,500.0,0.0,468,9360000,40,0.012014927342534065,2.193023443222046,6.599999999999983e-05,6.578752224004952,4508.096604608427,-0.45197684462093246,55.649595737457275,41.42811465263367,97.07771182060242,-7.534026735811494e-09,1.2207030941624453e-08
58.802864296324586,1468.1625,500.0,0.0,469,9380000,11,0.02051476202905178,2.200545310974121,6.549999999999983e-05,6.274979826889083,114956.15831727877,-0.6424102694848817,54.69503855705261,10.319192886352539,65.01423287391663,-6.055831835993786e-09,-7.71484337747097e-06
61.22179599920615,629.2125,500.0,0.0,470,9400000,40,0.010197767987847328,2.210801601409912,6.499999999999983e-05,5.40258724780599,7237.534605232773,-0.569268214925649,54.72368121147156,38.061705112457275,92.78538751602173,1.6689301052252858e-09,3.41796862812771e-07
60.48261277312914,425.29499999999996,500.0,0.0,471,9420000,40,0.015416142530739307,2.222350835800171,6.449999999999983e-05,4.747623173066765,14810.36318294258,-1.0705636660099789,54.8596076965332,40.17619705200195,95.03580641746521,1.7166137400437265e-09,1.8554687812866177e-06
55.68491834961196,519.8050000000001,500.0,0.0,472,9440000,40,0.010739686898887157,2.235607862472534,6.399999999999983e-05,4.10337282677365,7517.302777293989,-0.6172044067412236,55.237924337387085,38.199209451675415,93.43713617324829,1.363754265071293e-08,2.19726558725597e-07
62.205543005506044,0.0,500.0,0.0,473,9460000,40,0.012936396524310112,2.247410535812378,6.349999999999984e-05,4.353790880882056,5904.160144703859,-0.5266231335984294,56.01983880996704,41.154029846191406,97.17386960983276,6.866454960174906e-09,-2.685546860448085e-07
61.49939692278281,0.0,500.0,0.025,474,9480000,40,0.00983691867440939,2.257902145385742,6.299999999999984e-05,3.740591357771758,6368.8251256663325,-0.5055250525972835,56.9822301864624,36.523544788360596,93.50577712059021,-5.912780931538464e-09,-1.2451172324290383e-06
59.07470713860691,0.0,500.0,0.0,475,9500000,40,0.010974802076816559,2.2672119140625,6.249999999999984e-05,3.579710269695634,5899.609495593028,-0.4968376225418156,56.578471660614014,39.52780771255493,96.10628080368042,2.8610229740877458e-09,-9.033203127728484e-07
60.43210825616252,0.0,500.0,0.0,476,9520000,40,0.011609144508838654,2.275456666946411,6.199999999999984e-05,3.427646112555911,8352.837555903538,-0.604618175593531,53.97951030731201,38.824028730392456,92.80354118347168,3.6239624634504253e-09,3.1738281336401997e-07
62.872123414722886,0.0,500.0,0.025,477,9540000,40,0.012882509268820286,2.2827413082122803,6.149999999999984e-05,3.326353988943586,9302.83032088553,-0.5577275300244238,54.471776485443115,38.1970739364624,92.66885256767273,-2.4557114119971857e-09,-2.19726558725597e-07
68.21421324339349,0.0,500.0,0.025,478,9560000,40,0.012505270540714264,2.2891604900360107,6.099999999999984e-05,3.8121593939270944,7798.116652800931,-0.6681569167205198,58.73160004615784,39.33072471618652,98.06232619285583,7.820129432900558e-09,1.708984314063855e-07
55.61924229927223,0.0,500.0,0.0,479,9580000,40,0.010651137679815292,2.294799566268921,6.0499999999999844e-05,6.896028892059994,7341.235877981004,-0.6064075781661235,59.62801218032837,41.57713079452515,101.2051453590393,1.850128228397807e-08,4.1503906800244295e-07
57.40456593957142,0.0,500.0,0.0,480,9600000,40,0.01165440771728754,2.2997353076934814,5.9999999999999846e-05,3.14485197469687,6807.688006455731,-0.5239637204914526,52.608749866485596,46.25788164138794,98.86663293838501,3.8146971692576415e-10,-9.033203127728484e-07
60.799308460943486,0.0,500.0,0.0,481,9620000,40,0.010420200414955616,2.304037094116211,5.949999999999985e-05,3.2744962386264924,7652.962683921863,-0.5470391759221815,54.37178659439087,42.185925245285034,96.55771470069885,-1.76429750808893e-08,5.126952942191565e-07
62.63743107880369,0.0,500.0,0.0,482,9640000,40,0.010828761383891106,2.307767391204834,5.899999999999985e-05,3.1943772934804295,4442.986441924466,-0.5077255089690161,56.735748052597046,39.608274936676025,96.34402465820312,-4.1961669694501325e-09,7.324218813664629e-07
77.81829449986313,0.0,500.0,0.0,483,9660000,40,0.01038877572864294,2.3109827041625977,5.849999999999985e-05,4.5189301761851945,4054.5361714065452,-0.5090064082698078,58.26581621170044,34.8192241191864,93.08504152297974,2.1934509764065524e-09,-2.050781176876626e-06
53.674427048778554,0.0,500.0,0.0,484,9680000,40,0.010818857699632645,2.3137333393096924,5.799999999999985e-05,5.890149340811808,4529.1646367844505,-0.467015615746284,55.0576114654541,38.149314641952515,93.20692873001099,-2.0408631229429375e-08,5.126952942191565e-07
59.42380897390533,0.0,500.0,0.0,485,9700000,40,0.010089028626680374,2.3160653114318848,5.749999999999985e-05,4.119064561045094,3383.8451558009833,-0.4592129876421895,53.93644976615906,39.126256465911865,93.06270813941956,-3.8146971692576415e-10,-2.61230479736696e-06
60.405522485209985,0.0,500.0,0.0,486,9720000,40,0.010712609626352787,2.3180196285247803,5.6999999999999854e-05,3.638070380080278,5346.94767794275,-0.43353033565032256,54.15973877906799,40.084893465042114,94.24463391304016,-2.2888184680880386e-09,-8.300781360048859e-07
59.45247612613093,0.0,500.0,0.0,487,9740000,40,0.010607452131807804,2.3196334838867188,5.6499999999999855e-05,2.751456605325079,3528.743789546505,-0.5253766815587404,54.370606660842896,38.41317296028137,92.78378129005432,-6.151199549719877e-09,-1.977539113795501e-06
61.854345876610125,232.05625,500.0,0.0,488,9760000,40,0.015574660152196884,2.3223090171813965,5.599999999999986e-05,2.571931738648445,8068.117369069871,-1.0248571205196106,53.459853410720825,39.73780846595764,93.19766330718994,-5.817413217812373e-09,1.757812469804776e-06
58.88273304563734,696.16875,500.0,0.0,489,9780000,40,0.010489526204764843,2.3286733627319336,5.549999999999986e-05,2.2869177464466945,3199.182330905404,-0.47825992128390604,54.22763514518738,39.03171396255493,93.25935053825378,4.00543198608716e-09,2.9296876391526894e-07
66.36219544187493,0.0,500.0,0.0,490,9800000,40,0.010757465846836567,2.334260940551758,5.499999999999986e-05,2.240107226675483,2823.8151813774352,-0.4878272423176629,60.641886472702026,38.542218923568726,99.18410658836365,5.388260060357197e-09,1.3916015859649633e-06
65.04770262480034,0.0,500.0,0.025,491,9820000,40,0.011243324726819992,2.33914852142334,5.449999999999986e-05,2.518727059861657,3083.8384367924587,-0.4104150897259735,58.999171018600464,38.3583550453186,97.35752749443054,-1.3303756318805426e-08,6.591797045985004e-07
63.35478168384375,0.0,500.0,0.0,492,9840000,40,0.01109720766544342,2.34340500831604,5.399999999999986e-05,2.2696981562740484,2673.0045588062067,-0.3204806545500163,57.67110538482666,40.84221839904785,98.51332545280457,-3.910064716450279e-09,-3.784179796184617e-07
63.067016638425834,0.0,500.0,0.0,493,9860000,40,0.012222439981997013,2.347092628479004,5.3499999999999864e-05,2.1182678499798864,3203.988888452615,-0.4856376206941286,54.34357047080994,45.33312511444092,99.67669820785522,-2.5272368642248466e-09,5.126952942191565e-07
59.9248725907143,0.0,500.0,0.0,494,9880000,40,0.011581544764339924,2.3502674102783203,5.2999999999999865e-05,1.9848232626155684,2764.1105071729917,-0.3711407255238978,56.31884407997131,41.46948266029358,97.78832864761353,6.771087690538025e-09,3.6621094068323146e-07
62.1173155439718,0.0,500.0,0.0,495,9900000,40,0.010580673813819885,2.3529796600341797,5.249999999999987e-05,2.118304734624875,3608.361312010941,-0.4503183572713262,55.12196373939514,38.78243041038513,93.9043960571289,-1.907348723406699e-09,-5.004882837056357e-07
61.65532555915579,0.0,500.0,0.0,496,9920000,40,0.010757796466350555,2.3552751541137695,5.199999999999987e-05,1.6026673277092587,2027.4604895962273,-0.3365397305352388,54.16568470001221,39.849292039871216,94.0149781703949,1.5640258865801115e-08,6.225586162145191e-07
62.2780612409264,0.0,500.0,0.0,497,9940000,40,0.0115996478125453,2.3571949005126953,5.149999999999987e-05,1.593667977668677,2476.2982628403197,-0.3803962752673846,55.35910201072693,44.42868757247925,99.78779125213623,-9.775162013170302e-09,-4.7607420583517523e-07
85.55366076988949,0.0,500.0,0.05,498,9960000,40,0.009435794316232204,2.3587756156921387,5.099999999999987e-05,8.795217242229516,2807.671123077004,-0.38580508363450977,54.641292572021484,37.160106897354126,91.80140113830566,-4.673004205812958e-09,3.540039017480012e-07
64.95797622815394,0.0,500.0,0.025,499,9980000,40,0.010669050738215446,2.360050916671753,5.049999999999987e-05,10.530064142851312,3670.743343251222,-0.42668245345543904,54.86409616470337,37.147465467453,92.01156282424927,-2.3651123726153855e-08,1.9531249506599124e-07
59.48925391092662,0.0,500.0,0.0,500,10000000,40,0.011441536247730255,2.361050605773926,4.9999999999999874e-05,3.5551815131667315,3164.836406294707,-0.47743000955599696,57.445563316345215,39.366480588912964,96.8120470046997,-1.7166137400437265e-09,-4.028320290672127e-07
1219.960952013082,0.0,500.0,0.25625,501,10020000,40,0.01078611146658659,2.3618016242980957,4.9499999999999875e-05,436.1550227790881,33744.22251929022,-1.2370738644366432,56.94036149978638,39.83856153488159,96.77892422676086,1.831054774470431e-08,-5.419921762950253e-06
1902.6163887035032,0.0,500.0,0.45375,502,10040000,40,0.011437292210757732,2.36232852935791,4.8999999999999876e-05,1378.707368755948,17228.783304532775,-0.8807780835113138,55.15374779701233,40.12246489524841,95.27621579170227,1.1062621929625038e-08,2.758789150902885e-06
1343.4532104706439,461.09,500.0,0.30375,503,10060000,40,0.011754892766475677,2.3654186725616455,4.849999999999988e-05,1945.4227485705333,19144.360307010724,-1.267707907745413,56.477954149246216,38.58796977996826,95.06592512130737,3.7097930061236184e-08,5.7006836868822575e-06
1769.2362337012141,691.635,500.0,0.43000000000000005,504,10080000,40,0.011214612983167171,2.372194766998291,4.799999999999988e-05,1941.8812506608901,10981.884373347775,-0.9487538097865262,56.43627047538757,44.2740523815155,100.71032404899597,-3.433227391269611e-08,1.206054730573669e-05
1444.6533153438468,0.0,500.0,0.34625000000000006,505,10100000,40,0.010724443010985851,2.3781509399414062,4.749999999999988e-05,1543.476441134313,7316.201190331331,-0.6391143606963811,57.70667767524719,40.591064453125,98.29774475097656,-1.201629640235069e-08,-6.225585821084678e-06
1599.619163463322,0.0,500.0,0.41374999999999995,506,10120000,40,0.010558033362030983,2.3833680152893066,4.699999999999988e-05,1276.1020182761417,4159.359726049338,-0.6301776409813553,57.57401990890503,39.55281472206116,97.1268367767334,3.058910280628879e-08,1.0986327652062755e-06
1858.07284716378,0.0,500.0,0.53875,507,10140000,40,0.011519115418195724,2.3879189491271973,4.6499999999999883e-05,1117.2493590482482,3591.2103967946045,-0.5738480399985602,54.72518277168274,39.04391527175903,93.76910018920898,-5.7220459481754915e-09,4.4189455365994945e-06
1687.7894811146812,0.0,500.0,0.40750000000000003,508,10160000,40,0.01086077094078064,2.391869306564331,4.5999999999999885e-05,1033.1295895837675,2278.286113821625,-0.41146606912326283,54.838541746139526,37.72103261947632,92.55957627296448,9.536743617033494e-10,-2.221679778813268e-06
1781.9243255292386,0.0,500.0,0.4375,509,10180000,40,0.010399805381894112,2.395278215408325,4.5499999999999886e-05,1049.6614655585806,1874.1799637909908,-0.38376244467202647,55.77381920814514,42.504584550857544,98.27840495109558,6.294250454175199e-09,-1.1291504051769152e-06
1259.1614420216788,1296.6299999999999,500.0,0.33125,510,10200000,40,0.01183792483061552,2.405961751937866,4.499999999999989e-05,721.8343432675501,38067.37688670553,-0.7237441006502149,54.488523721694946,41.514994382858276,96.00351905822754,7.867813067718998e-09,-1.074218744179234e-06
1636.4384404911711,144.07,500.0,0.41374999999999995,511,10220000,40,0.011406846344470978,2.416303873062134,4.449999999999989e-05,1062.977154728106,5152.769305254699,-0.5435456512175548,55.51519274711609,42.1583993434906,97.67359328269958,3.02314759892397e-08,-2.661132839421043e-06
1852.075529862715,1102.8,500.0,0.465,512,10240000,17,0.0200792383402586,2.432034730911255,4.399999999999989e-05,1097.409337449315,14347.283769478196,-0.7584042707301115,57.161640882492065,15.66596508026123,72.82760787010193,7.581711258808355e-09,-1.8310547034161573e-07
1148.9151885123715,0.0,500.0,0.375,513,10260000,40,0.010999025776982307,2.4460601806640625,4.349999999999989e-05,746.040528963174,9687.713193137783,-0.5682585807505307,55.39495873451233,38.031787633895874,93.42674779891968,-1.430511542555024e-10,-3.1738281336401997e-07
2353.836578011857,0.0,500.0,0.55,514,10280000,40,0.00971648097038269,2.4585487842559814,4.299999999999989e-05,1028.0935720516618,11301.737438051261,-0.48430295648278704,58.773902893066406,39.738869428634644,98.5127739906311,1.76429750808893e-08,-4.882812376649781e-08
1646.8241007548968,0.7350000000000001,500.0,0.4,515,10300000,40,0.011604099534451962,2.4696567058563232,4.2499999999999895e-05,927.852236137876,11980.766317554644,-0.6722962621836716,60.09952926635742,39.3874626159668,99.48699259757996,9.250641141989036e-09,-6.83593725625542e-07
1878.4111004632025,0.31500000000000006,500.0,0.46624999999999994,516,10320000,40,0.011275071650743484,2.479517698287964,4.1999999999999896e-05,605.8307711497994,10271.750765194254,-0.5671883302651772,58.63836216926575,37.78237748146057,96.42074131965637,3.051757735406113e-09,-5.37109372089617e-07
948.3254762187564,0.0,500.0,0.31875,517,10340000,40,0.010380753315985203,2.488252878189087,4.14999999999999e-05,1171.1386575978272,8340.5627610322,-0.6209072674630554,56.85373520851135,39.58756160736084,96.44129824638367,-1.7166137400437265e-09,0.0
1767.404917976876,0.0,500.0,0.40375000000000005,518,10360000,40,0.01066843792796135,2.4959733486175537,4.09999999999999e-05,594.7118020233835,6256.28040651941,-0.5829001605036153,54.50903081893921,38.5204861164093,93.02951884269714,-5.197525076994225e-09,-3.41796862812771e-07
1641.4120604615541,0.0,500.0,0.42375000000000007,519,10380000,40,0.011518804356455803,2.502779483795166,4.04999999999999e-05,430.02807137556135,3818.0305979054447,-0.5312607982949277,59.24382710456848,36.89363098144531,96.13745999336243,2.8610229740877458e-09,-5.004882837056357e-07
1808.328995088498,0.0,500.0,0.43375,520,10400000,40,0.010837502777576447,2.508761167526245,3.99999999999999e-05,634.329727064728,5348.996325644718,-0.6644776415151016,57.130390882492065,38.6818630695343,95.81225562095642,1.1920929521291868e-10,-8.666992243888672e-07
1730.9328396876012,0.0,500.0,0.44749999999999995,521,10420000,40,0.0091850021854043,2.5139999389648438,3.94999999999999e-05,1023.1903736491112,3275.7793418932874,-0.46692682694359,58.139588594436646,39.78251075744629,97.92210173606873,3.051757735406113e-09,9.887695568977506e-07
2215.815166585596,0.0,500.0,0.5037499999999999,522,10440000,40,0.009656501933932304,2.518569231033325,3.8999999999999904e-05,486.2569896212049,2723.70679445206,-0.45324735357693047,54.685534715652466,39.08048462867737,93.76602172851562,7.629394893626795e-09,-4.6386719532165444e-07
1637.6439485713652,0.0,500.0,0.39625,523,10460000,40,0.010013721883296967,2.5225348472595215,3.8499999999999906e-05,613.1057154540043,3906.921653562898,-0.469823867092087,56.4088568687439,39.17469048500061,95.5835485458374,8.392333938900265e-09,4.516601563864242e-07
2258.051028794089,0.0,500.0,0.5825,524,10480000,40,0.009376637637615204,2.525956392288208,3.799999999999991e-05,744.8841308897468,3315.795573794614,-0.3548534676029234,58.45353436470032,39.91949987411499,98.37303566932678,2.6130676289426447e-08,1.0864257546927547e-06
1708.712379104348,0.0,500.0,0.4487500000000001,525,10500000,40,0.010802964679896832,2.5288872718811035,3.749999999999991e-05,744.7373247523217,2431.833983694672,-0.4241179681638149,60.829283237457275,39.4876971244812,100.31698203086853,1.8119812317252126e-09,-3.784179796184617e-07
1716.1615248015519,0.0,500.0,0.44125,526,10520000,40,0.010966912843286991,2.5313761234283447,3.699999999999991e-05,903.9919073153453,2553.6394311018053,-0.4993605152780938,56.007036447525024,41.669392347335815,97.67643094062805,-8.296966669263384e-09,-1.1474609209471964e-06
2340.1950226278045,0.0,500.0,0.54125,527,10540000,40,0.009930810891091824,2.533466339111328,3.649999999999991e-05,1041.0426424597479,2677.9736389354534,-0.4380445810337403,56.4799370765686,38.68585753440857,95.1657965183258,-9.918212917625624e-09,7.324219097881723e-08
1909.3643547968732,146.85,500.0,0.46624999999999994,528,10560000,40,0.01125093549489975,2.5360937118530273,3.599999999999991e-05,680.0425446079036,2629.350003343327,-0.5738625035876301,59.30451989173889,38.088221073150635,97.39274334907532,-1.2397766369076635e-08,-6.103515914901436e-08
895.4195625129563,0.0,500.0,0.24625000000000002,529,10580000,40,0.009614617563784122,2.5383083820343018,3.5499999999999914e-05,425.0252133460561,1906.6043606995017,-0.4090827752664021,56.129406213760376,40.014171838760376,96.14357948303223,2.7370452571062742e-08,-1.0498047231521923e-06
1371.7148399863022,0.0,500.0,0.34125000000000005,530,10600000,40,0.009063146077096462,2.5401508808135986,3.4999999999999916e-05,1108.426889217887,2007.7064087740175,-0.26076654761934737,55.52616214752197,38.12027335166931,93.64643740653992,2.5272368642248466e-09,-1.1047363841498736e-06
1620.265862224411,0.0,500.0,0.42625,531,10620000,40,0.01037270575761795,2.5416579246520996,3.449999999999992e-05,736.9019470202695,1539.0332462821036,-0.3867620175561992,59.783058166503906,37.83604454994202,97.61910438537598,-1.0490417423625331e-08,3.6010743542647106e-07
2127.6023364689295,0.0,500.0,0.5112500000000001,532,10640000,40,0.00928564090281725,2.5428626537323,3.399999999999992e-05,836.4271487983169,888.2395303519668,-0.31626535486192653,57.116557121276855,42.340622901916504,99.45718240737915,7.820129432900558e-09,1.9836426190522616e-07
1199.2124273363722,0.0,500.0,0.285,533,10660000,40,0.00973450019955635,2.543794631958008,3.349999999999992e-05,810.2594836848557,1430.403971284514,-0.3588730503727866,57.71017527580261,39.15845775604248,96.86863470077515,-2.0980834847250662e-09,2.154541107302066e-06
2218.531514781859,0.0,500.0,0.53125,534,10680000,40,0.010053861886262894,2.544480562210083,3.299999999999992e-05,1027.269023200357,2331.596798351312,-0.36872583176513574,55.47187900543213,39.73633074760437,95.20821261405945,-1.0108947456899386e-08,0.0
1554.8682326960438,1353.075,500.0,0.37875000000000003,535,10700000,40,0.009720820002257824,2.5532164573669434,3.249999999999992e-05,792.307693048951,21371.660285590104,-1.3902716840670746,55.00196552276611,38.8505117893219,93.85247802734375,1.7166137400437265e-09,3.344726565046585e-06
1837.2103823829523,0.0,500.0,0.4362500000000001,536,10720000,40,0.010678380727767944,2.5609350204467773,3.1999999999999924e-05,961.3876324198048,9576.616130950344,-0.6515245690704531,57.42912411689758,39.24604344367981,96.67516946792603,-3.414153937342235e-08,3.906249901319825e-07
2426.794292447173,0.0,500.0,0.54625,537,10740000,40,0.011801757849752903,2.567736864089966,3.1499999999999925e-05,872.2105468227605,9612.765168285978,-0.6001152396652919,55.903430223464966,38.80727958679199,94.71071100234985,-1.3256072683986986e-08,-2.4414063659605745e-07
1199.6438119794009,0.0,500.0,0.38,538,10760000,40,0.011337260715663433,2.5737123489379883,3.099999999999993e-05,674.2436786007729,12729.67221020741,-0.705084957723405,56.07019639015198,41.143576860427856,97.21377515792847,-9.536742923144104e-11,-1.9531249506599124e-07
1882.2810002045503,0.0,500.0,0.47874999999999995,539,10780000,40,0.01066759042441845,2.5789432525634766,3.0499999999999928e-05,612.5230263631055,12370.907262017317,-0.5604868521403735,56.5549738407135,39.644827365875244,96.19980239868164,-2.8610229740877458e-09,1.4648438195763447e-07
1466.9179613932627,0.0,500.0,0.35750000000000004,540,10800000,40,0.010937814600765705,2.583502769470215,2.999999999999993e-05,794.7057910020185,11100.74254791843,-0.6929799700476181,56.9486882686615,44.61581015586853,101.5644998550415,-3.862381081631838e-09,-1.708984314063855e-07
1530.2663926571631,0.0,500.0,0.44250000000000006,541,10820000,40,0.010012268088757992,2.5874574184417725,2.9499999999999928e-05,630.0595054978778,10427.74728968918,-0.5778825653277955,55.96234679222107,37.56906270980835,93.5314109325409,1.907348723406699e-09,-1.3183594091970008e-06
2272.4040336332673,0.0,500.0,0.5387500000000001,542,10840000,40,0.010101895779371262,2.5908665657043457,2.899999999999993e-05,715.208430689915,6624.150638721248,-0.53085267443898,54.87674021720886,39.269102811813354,94.14584398269653,8.03470623367275e-09,2.9296876391526894e-07
1983.234397519655,0.0,500.0,0.4574999999999999,543,10860000,40,0.009967043064534664,2.5937840938568115,2.849999999999993e-05,726.1708311809856,8787.149880689876,-0.5206929172371413,55.03318381309509,40.18250370025635,95.21568894386292,8.01086397217432e-09,1.9531249506599124e-07
1869.273445820545,0.0,500.0,0.44749999999999995,544,10880000,40,0.0114473020657897,2.5962584018707275,2.799999999999993e-05,685.4651906967163,8137.765192155777,-0.509300604097213,58.97763466835022,38.94431686401367,97.92195343971252,9.250641141989036e-09,-1.2207031829802872e-07
1496.0248350582108,0.0,500.0,0.35375,545,10900000,40,0.009132955223321915,2.5983331203460693,2.749999999999993e-05,545.6803555628296,7853.366473855182,-0.6633003208620153,57.31270956993103,42.32500672340393,99.63771891593933,1.9073485846288207e-10,5.126952942191565e-07
1824.0549500101727,0.0,500.0,0.47875000000000006,546,10920000,40,0.009565264917910099,2.6000478267669678,2.699999999999993e-05,725.7686390882844,8150.896892756566,-0.5965482649506088,55.3925724029541,39.31387686729431,94.70645117759705,1.430511542555024e-10,-6.83593725625542e-07
1635.9154303952935,0.0,500.0,0.40125,547,10940000,40,0.009629174135625362,2.60143780708313,2.6499999999999933e-05,437.61260282674414,6941.246785157805,-0.5087147068410257,53.83153247833252,36.12074637413025,89.95228028297424,1.7642974858844696e-09,3.6621094068323146e-07
1582.8924822994504,629.2650000000001,500.0,0.42125,548,10960000,40,0.008873316459357738,2.606436252593994,2.5999999999999934e-05,901.0522625686257,18298.001356613255,-0.6809139827159559,59.76715588569641,37.83597922325134,97.60313773155212,-9.870529282807183e-09,6.103515488575795e-07
1474.6342516501875,419.51000000000005,500.0,0.39375,549,10980000,40,0.009343147277832031,2.6133854389190674,2.5499999999999935e-05,559.1533772292411,9173.208715003919,-0.6315730853255387,60.07351899147034,39.476988315582275,99.55050873756409,2.6130676289426447e-08,-8.78906234902388e-07
1989.3857150415417,1061.825,500.0,0.485,550,11000000,40,0.010584625415503979,2.6260344982147217,2.4999999999999937e-05,682.1463789107693,24725.260979408216,-1.2656642716496613,54.68956971168518,41.417218923568726,96.10679006576538,-8.249283034444943e-09,2.0996094463043846e-06
2031.8097850877443,0.0,500.0,0.5287499999999999,551,11020000,40,0.010199880227446556,2.637277126312256,2.4499999999999938e-05,476.8802209854126,8601.559364697887,-0.662603677703649,55.962031841278076,42.57842659950256,98.54045963287354,1.0967254882032762e-09,-2.4414063659605745e-07
1502.3150638643704,0.0,500.0,0.40499999999999997,552,11040000,40,0.00968338642269373,2.647252321243286,2.399999999999994e-05,496.3381677870538,11479.966206563962,-0.7495562246674375,56.870760679244995,39.312931299209595,96.1836941242218,0.0,-3.1738281336401997e-07
1753.8380093031635,0.0,500.0,0.42000000000000004,553,11060000,40,0.00981928315013647,2.65608549118042,2.349999999999994e-05,578.7892772261504,10502.438670689286,-0.6994820814769549,60.39500021934509,38.05874061584473,98.45374274253845,5.7220459481754915e-09,2.19726558725597e-07
1412.2689273411602,0.0,500.0,0.45999999999999996,554,11080000,40,0.00945186149328947,2.663889169692993,2.2999999999999942e-05,577.6337525264473,9621.388922060827,-0.711875223581958,54.37440466880798,37.69809126853943,92.07249712944031,-2.574920721087892e-09,6.103515488575795e-07
1780.1052255278796,0.0,500.0,0.44875,555,11100000,40,0.010755620896816254,2.6707651615142822,2.2499999999999944e-05,611.6696539909217,9909.537181392598,-0.7030590541067586,57.71507120132446,37.715229511260986,95.4303035736084,4.577636936176077e-09,2.9296876391526894e-07
1715.9131295333314,0.0,500.0,0.41125000000000006,556,11120000,40,0.010518109425902367,2.676805019378662,2.1999999999999945e-05,540.7178872272467,8542.031361807076,-0.621748091249614,54.902955293655396,37.88027834892273,92.78323459625244,-9.059905714536853e-09,-3.1738281336401997e-07
1738.9698290987276,0.0,500.0,0.46875,557,11140000,40,0.00953085720539093,2.682091474533081,2.1499999999999947e-05,803.086473671494,7587.128455017479,-0.6938239428054566,55.80990266799927,40.682032346725464,96.49193739891052,-4.482269222449986e-09,-1.2207031829802872e-07
1928.6822761584667,0.0,500.0,0.49874999999999997,558,11160000,40,0.009266776964068413,2.6866986751556396,2.0999999999999948e-05,686.4803905231937,6795.756094428384,-0.5924610465670087,56.83357858657837,36.15996789932251,92.9935474395752,-1.9073485846288207e-10,6.347656267280399e-07
1950.0940851801006,0.0,500.0,0.5375,559,11180000,40,0.01045998651534319,2.6906936168670654,2.049999999999995e-05,825.0728772096573,5983.8172100577385,-0.6125049005956597,57.269163370132446,37.71645498275757,94.98561954498291,8.296966669263384e-09,2.4414063659605745e-07
2108.9922190795746,0.0,500.0,0.46875,560,11200000,40,0.008636705577373505,2.69413685798645,1.999999999999995e-05,757.005689494625,6290.309135563359,-0.7032957249813399,55.42189836502075,39.74099349975586,95.16289353370667,3.2424927187690855e-09,-6.591797045985004e-07
1832.6064780672336,0.0,500.0,0.43,561,11220000,40,0.009757183492183685,2.697082757949829,1.9499999999999952e-05,512.0726007303615,7748.081947569634,-0.6749911581919451,56.887635707855225,42.47504162788391,99.36267828941345,6.151199549719877e-09,-1.4648438195763447e-07
1853.1182979815753,0.0,500.0,0.39375,562,11240000,40,0.009195097722113132,2.699580192565918,1.8999999999999954e-05,547.3313262137638,7323.434634146721,-0.7086046386889782,55.11653804779053,39.40931463241577,94.52585506439209,4.625320570994518e-09,-2.9296876391526894e-07
1610.0809008085125,0.0,500.0,0.35,563,11260000,40,0.009525509551167488,2.7016735076904297,1.8499999999999955e-05,443.38390573149275,7743.676735682397,-0.5818753192616496,56.66656947135925,37.95072555541992,94.61729741096497,2.145767119543507e-09,-1.2207030941624453e-08
1903.1813205040567,0.0,500.0,0.44250000000000006,564,11280000,40,0.008066820912063122,2.703402519226074,1.7999999999999956e-05,602.9631560720455,8733.999991845782,-0.722731030082247,54.723411321640015,38.87722373008728,93.60063624382019,5.57899459963096e-09,1.794433615032176e-06
2068.4506393104557,0.0,500.0,0.4549999999999999,565,11300000,40,0.007670831400901079,2.704802989959717,1.7499999999999958e-05,766.1399319654817,9486.731285950484,-0.6484603742742614,56.19769859313965,39.22041082382202,95.41811084747314,-8.392333938900265e-09,1.220703097715159e-06
1721.169645611212,0.0,500.0,0.44000000000000006,566,11320000,40,0.008374594151973724,2.7059073448181152,1.699999999999996e-05,636.0834086655052,5769.8621263346095,-0.5845909142546403,59.88652443885803,37.65660572052002,97.54313135147095,-3.862381081631838e-09,9.765625463842298e-07
1800.729386829699,0.0,500.0,0.45625,567,11340000,40,0.008631767705082893,2.70674467086792,1.649999999999996e-05,608.5781627108337,7326.64377538596,-0.5872521464279883,59.39862108230591,40.60742735862732,100.00605082511902,5.722046170220096e-10,8.544922138753464e-07
1817.9474001390627,0.0,500.0,0.47124999999999995,568,11360000,40,0.008747566491365433,2.707341194152832,1.5999999999999962e-05,571.9684843306329,5696.038284622484,-0.5027935502742221,57.880619764328,43.80684471130371,101.68746614456177,2.0503998499066256e-09,2.5634764710957825e-07
1357.775410271718,14.9,500.0,0.37625000000000003,569,11380000,40,0.00901807751506567,2.7078146934509277,1.5499999999999963e-05,688.747289720766,7294.675410762714,-0.6245364291296833,54.77715873718262,36.793691635131836,91.5708520412445,4.00543198608716e-09,9.521484116703505e-07
1342.7111441640438,0.0,500.0,0.375,570,11400000,40,0.008352420292794704,2.708083152770996,1.4999999999999965e-05,411.22533168671237,7734.419442836494,-0.682259606744406,55.200836420059204,37.839409828186035,93.04024863243103,5.817413217812373e-09,4.882812731921149e-07
2137.157717649769,0.0,500.0,0.57875,571,11420000,40,0.008185633458197117,2.7081665992736816,1.4499999999999966e-05,912.0104374029074,6872.639069662884,-0.575005210895732,57.33589959144592,35.87626266479492,93.21216320991516,-5.435943695175638e-09,0.0
2475.8836474818117,1962.2875,500.0,0.5875,572,11440000,40,0.00917559303343296,2.7203519344329834,1.3999999999999968e-05,1046.5993848339008,24731.40129645281,-2.1503929286815557,57.35209679603577,40.2278208732605,97.57991862297058,-1.5258788677030566e-09,-1.2207031829802872e-07
2187.1474969802653,438.8125,500.0,0.52375,573,11460000,40,0.007297137286514044,2.7339119911193848,1.3499999999999969e-05,1023.8580237564768,14928.380540106706,-0.6985904614755493,54.330899477005005,38.56050658226013,92.89140772819519,3.0875206391556276e-08,-2.9296876391526894e-07
2020.2727957079962,52.25,500.0,0.495,574,11480000,40,0.009359166957437992,2.74630069732666,1.299999999999997e-05,922.3427994260363,15601.165463159647,-1.0401894692118,62.9777398109436,37.1216926574707,100.09943342208862,-1.0967254882032762e-09,2.4414063659605745e-07
1304.0378361847474,0.0,500.0,0.33125,575,11500000,40,0.008220180869102478,2.7573065757751465,1.2499999999999972e-05,655.6992276841668,12815.513976623146,-0.8778843521644735,58.47679162025452,38.20254969596863,96.67934250831604,-2.0599365768703137e-08,-1.0009765674112714e-06
1672.2332858818438,1.575,500.0,0.47874999999999995,576,11520000,40,0.007587391883134842,2.767076015472412,1.1999999999999973e-05,765.6824730271746,12826.441725576607,-0.7450116983027595,57.476155042648315,51.09724736213684,108.57340455055237,5.340575981449547e-09,-8.544922138753464e-07
1989.5393815278694,1262.8,500.0,0.48125,577,11540000,40,0.009261728264391422,2.7835559844970703,1.1499999999999975e-05,893.3352063415916,16020.608327974938,-1.216360586596902,55.13627290725708,40.108365297317505,95.24463891983032,-3.9577483512687195e-09,1.220703097715159e-06
1547.0159798283212,0.0,500.0,0.375,578,11560000,40,0.00825694389641285,2.798248529434204,1.0999999999999976e-05,633.8501257963242,21031.578857110868,-0.8771571703777191,57.12671709060669,42.29230976104736,99.41902756690979,-7.1525572131747595e-09,8.300781360048859e-07
2111.7238960509544,0.0,500.0,0.47000000000000003,579,11580000,40,0.008215254172682762,2.8113303184509277,1.0499999999999977e-05,1012.6217037128035,15781.490112926702,-0.9462746385034102,56.51866412162781,39.554057121276855,96.0727231502533,-1.1444092340440193e-09,9.765624753299562e-08
1587.4981339830836,4.975,500.0,0.41125000000000006,580,11600000,40,0.008814801461994648,2.8229918479919434,9.999999999999977e-06,1266.7066078550497,17949.45085635823,-1.2492218814458058,55.82454204559326,37.83447527885437,93.65901827812195,5.722046170220096e-10,3.906249901319825e-07
1377.848469996768,1643.4,500.0,0.45125000000000004,581,11620000,40,0.00896887294948101,2.843442678451538,9.499999999999979e-06,508.945814108393,42674.90703704251,-3.016639415369292,56.72800588607788,40.2518675327301,96.97987532615662,-5.340575981449547e-09,3.955078227591002e-06
1447.8654044534385,2024.14,500.0,0.37875000000000003,582,11640000,40,0.0066598630510270596,2.8738327026367188,8.99999999999998e-06,730.8846487191073,47186.12903702851,-1.3590549010166506,54.72487258911133,38.88318967819214,93.6080641746521,0.0,-1.1474609209471964e-06
1553.7238522596833,250.76,500.0,0.41624999999999995,583,11660000,40,0.007358320523053408,2.9025931358337402,8.499999999999981e-06,582.3577649061847,18718.112437740252,-0.8577388500664265,58.274736404418945,36.94809412956238,95.22283792495728,-4.076957882404031e-09,-2.9296876391526894e-07
1688.451567646322,0.0,500.0,0.43375,584,11680000,40,0.00808868370950222,2.9283533096313477,7.999999999999983e-06,711.5905281990197,16519.575811145565,-1.0099612496650903,54.43399405479431,40.412630558013916,94.84662556648254,1.4305114870438729e-09,8.78906234902388e-07
1475.0359945084613,0.0,500.0,0.37375,585,11700000,40,0.007499437779188156,2.9514100551605225,7.499999999999984e-06,689.5323528593512,11568.72073922127,-0.808734007972251,55.75476670265198,39.63570284843445,95.39047074317932,2.38418573772492e-09,1.2939452744831215e-06
1933.5254495280665,949.6987499999999,500.0,0.45125000000000004,586,11720000,40,0.009469940327107906,2.9777867794036865,6.9999999999999855e-06,731.1823815424731,44257.13298849118,-2.010852722949378,56.35225558280945,36.313103675842285,92.66536021232605,-3.7193297330873065e-09,-4.882812390860636e-06
1869.5371414623012,511.3762500000001,500.0,0.57625,587,11740000,40,0.006948797032237053,3.004513740539551,6.499999999999987e-06,787.9519436975953,17393.692316354158,-0.953831996023655,57.15857791900635,39.19611620903015,96.35469508171082,8.201599399626502e-09,-1.367187451251084e-06
1628.8935069071315,1.63625,500.0,0.45625,588,11760000,40,0.006850481498986483,3.028451681137085,5.999999999999988e-06,737.9133181310763,18466.296743113522,-1.038927429903797,55.58725595474243,38.29927396774292,93.88653182983398,-7.629394338515283e-10,4.882812376649781e-08
1694.4716388953518,31.088750000000005,500.0,0.45,589,11780000,40,0.007171112112700939,3.0500574111938477,5.499999999999989e-06,866.2018947042477,15280.140878976226,-0.8554414833403506,54.99339413642883,36.811662673950195,91.80505800247192,-2.634525264610943e-09,6.591797045985004e-07
1256.4516299390075,65.04875,500.0,0.30625,590,11800000,40,0.0067659178748726845,3.0697708129882812,4.999999999999989e-06,1006.9634675384327,20203.72950818493,-1.1552155181077446,58.81086754798889,35.257067918777466,94.06793761253357,-8.77380390562621e-09,7.324218813664629e-07
1233.180743130104,1337.15125,500.0,0.29625,591,11820000,40,0.007275951560586691,3.095449447631836,4.499999999999991e-06,1056.6901731308858,45517.880130257574,-1.5522623507555124,58.42817664146423,38.677197217941284,97.10537505149841,-2.1171569386524425e-08,3.5644532090373104e-06
1523.339218484823,21.75875,500.0,0.42625,592,11840000,40,0.006747674662619829,3.1185662746429443,3.999999999999991e-06,1174.9930967586056,22147.406614694777,-0.9556155719907041,57.771892786026,38.181997776031494,95.95389294624329,2.250671471415444e-08,7.324218813664629e-07
2176.0199513875436,11.71625,500.0,0.52125,593,11860000,40,0.006218879949301481,3.139313220977783,3.4999999999999923e-06,649.1134186896548,17950.53111445919,-0.9152798438575237,59.73233151435852,37.528228998184204,97.26056289672852,2.145767119543507e-09,2.4414061883248905e-08
1663.8444249626657,1274.775,500.0,0.5037499999999999,594,11880000,40,0.005750410724431276,3.1655287742614746,2.9999999999999937e-06,566.5087473911844,52343.443524830815,-1.6508878455847311,59.10614275932312,39.2614471912384,98.36759090423584,5.674362313357051e-09,-3.41796862812771e-07
1872.2576936637809,0.0,500.0,0.45625,595,11900000,40,0.005753319710493088,3.1889963150024414,2.4999999999999947e-06,780.9596154704975,21420.016136062524,-0.7909895398695568,56.39274001121521,37.274073123931885,93.66681408882141,-1.8119812317252126e-09,1.074218744179234e-06
1972.8269526398508,0.0,500.0,0.44625000000000004,596,11920000,40,0.0054746405221521854,3.2099876403808594,1.9999999999999957e-06,818.1321181667838,17212.641892704083,-0.8637725995580672,56.26416087150574,36.19826531410217,92.46242761611938,-1.8119812317252126e-09,-3.906249901319825e-07
2239.663577315002,0.5349999999999999,500.0,0.575,597,11940000,40,0.005443943198770285,3.2287509441375732,1.4999999999999966e-06,772.6014010884959,24855.708912260212,-0.8651264155200522,57.325249910354614,35.88388109207153,93.20913219451904,5.769729582993932e-09,-1.9531249506599124e-07
1900.6055971833746,4.8149999999999995,500.0,0.4725,598,11960000,40,0.004692857153713703,3.245532989501953,9.999999999999978e-07,910.6236304483596,20556.50174692725,-0.619047720668612,56.51831912994385,39.51483774185181,96.03315782546997,-1.239776614703203e-09,1.4648438195763447e-07
2107.5619670234364,0.0,500.0,0.5025000000000001,599,11980000,40,0.0035799965262413025,3.260499954223633,4.999999999999989e-07,653.4851958317362,20911.794638819603,-0.538594744174154,58.853758573532104,35.59140586853027,94.44516563415527,1.907348723406699e-09,3.906249901319825e-07
1779.1829304297266,0.0,500.0,0.41374999999999995,600,12000000,40,0.0034567660186439753,3.273831605911255,0.0,593.5599783125956,18071.14085306544,-0.3826583582789275,55.95199465751648,36.94322490692139,92.89522194862366,-4.76837147544984e-09,4.882812731921149e-07
