Metrics/EpRet,Metrics/EpCost,Metrics/EpLen,Metrics/EpSuccess,Train/Epoch,Train/TotalSteps,Train/StopIter,Train/KL,Train/LagragianMultiplier,Train/LR,Loss/Loss_reward_critic,Loss/Loss_cost_critic,Loss/Loss_actor,Time/Rollout,Time/Update,Time/Total,Value/RewardAdv,Value/CostAdv
863.97997047387,0.0,500.0,0.0,1,20000,40,0.007089326623827219,0.0,0.00029949999999999996,125.02366088779667,0.006622174381822955,-0.003806858360428434,70.07374858856201,33.193716287612915,103.26746678352356,5.817413395448057e-08,6.496906346242781e-10
848.9294990297898,47.307500000000005,500.0,0.0,2,40000,40,0.006009920500218868,0.0,0.00029899999999999995,28.99597614226462,139.34130862392956,-0.005579516947154498,62.05036401748657,39.111499309539795,101.16186428070068,-3.6334991904141134e-08,2.3193359766082722e-07
1036.0215474769925,274.58875,500.0,0.0,3,60000,40,0.009001004509627819,0.02029505930840969,0.00029849999999999994,45.77267549068113,8080.707982311068,-0.006982273755733607,65.98446488380432,49.08712124824524,115.07158851623535,1.5258788677030566e-09,-7.01904298239242e-07
1366.1846764759337,275.6825,500.0,0.025,4,80000,40,0.008450721390545368,0.04522837698459625,0.0002979999999999999,55.92283431608465,96.07503886705713,-0.009875062949840521,63.49023652076721,39.59691023826599,103.08714866638184,8.964538444899972e-09,1.91497804280516e-07
1505.2172512730674,1999.1475000000003,500.0,0.025,5,100000,40,0.004074686206877232,0.0661800354719162,0.0002974999999999999,215.92394174261938,92524.10817913104,-0.06918376068572832,67.31351232528687,34.55054545402527,101.86405920982361,-5.3119659781941664e-08,2.221679778813268e-06
1642.642988391281,3272.915,500.0,0.05874999999999999,6,120000,40,0.004575395956635475,0.08991638571023941,0.0002969999999999999,169.08970543764815,156642.21594186613,-0.17007621096895087,74.89027404785156,31.866034507751465,106.75630974769592,5.0711630450450684e-08,1.1230468999201548e-06
1574.9258070639112,1821.6762499999998,500.0,0.0475,7,140000,40,0.005081788171082735,0.11559039354324341,0.0002964999999999999,85.30381076215188,57264.011538136154,-0.132424586854545,63.95471453666687,32.76485729217529,96.71957325935364,5.936622571312e-08,1.8676757918001385e-06
1590.3044797381754,307.00750000000005,500.0,0.04375,8,160000,40,0.006985848769545555,0.139234721660614,0.0002959999999999999,65.29362759771226,436.014143107209,-0.025048795133192518,64.10617923736572,32.478851318359375,96.585031747818,1.2521743997240264e-07,-1.3427734302240424e-07
1375.73866803546,1645.355,500.0,0.0,9,180000,40,0.005292881745845079,0.16444838047027588,0.00029549999999999986,51.07954925645756,91979.2012984481,-0.20950917302147498,67.714120388031,27.56975746154785,95.28387880325317,7.629394338515283e-10,-6.005859177093953e-06
1429.6323742863053,3203.835,500.0,0.025,10,200000,40,0.005942472722381353,0.19179370999336243,0.00029499999999999985,87.587508321412,108214.72538507196,-0.3618856506068495,69.59849977493286,31.350544452667236,100.94904565811157,-3.1471252270875993e-08,-3.1005859000288183e-06
1352.944869115175,514.29375,500.0,0.0,11,220000,40,0.01121510285884142,0.21756938099861145,0.00029449999999999984,46.175550642496425,15354.581159017056,-0.09156224811744369,64.06115651130676,35.847084283828735,99.90824246406555,-2.069473303834002e-08,-1.9531249506599124e-07
1302.554933355516,1652.34375,500.0,0.0025,12,240000,40,0.007581237703561783,0.24415720999240875,0.00029399999999999983,58.96593029167079,60834.34454192632,-0.2719444883633641,67.87764406204224,38.39707350730896,106.27472043037415,3.051757735406113e-09,1.5136719184738467e-06
1263.3379030211372,0.6975,500.0,0.0225,13,260000,40,0.008397993631660938,0.2680608928203583,0.00029349999999999987,54.68194595409345,1041.4651702397987,-0.07681623193895137,55.94131135940552,34.300257205963135,90.24157047271729,-4.4345855876315454e-09,3.295898522992502e-07
1266.4524502385102,11.515,500.0,0.011250000000000001,14,280000,40,0.009266083128750324,0.2896195948123932,0.00029299999999999986,41.308456676217574,644.420677419252,-0.09222583609892504,63.22191333770752,33.31365966796875,96.5355749130249,-8.487701208537146e-09,-1.770019508740006e-07
1150.003191578479,86.405,500.0,0.03875000000000001,15,300000,40,0.009205782786011696,0.3092946410179138,0.00029249999999999985,56.62687246920187,427.5738462894778,-0.06975188292356656,63.09308195114136,32.81624889373779,95.90933227539062,2.1934509764065524e-09,-1.0375976700061074e-07
1162.7625387530534,17.555,500.0,0.0,16,320000,40,0.009161282330751419,0.32710492610931396,0.00029199999999999983,30.010409350334843,80.32941907930977,-0.05772923163220852,70.03398180007935,33.465110540390015,103.49909448623657,3.6430357397421176e-08,-6.759643724763009e-07
1158.653767186553,0.0,500.0,0.0,17,340000,40,0.009641269221901894,0.3431953489780426,0.0002914999999999998,33.367137127284764,51.206660944298854,-0.04856093465910541,69.20112657546997,35.3126323223114,104.51376032829285,-6.580352707175052e-09,-3.0975343179306947e-07
1050.8610730532182,0.0,500.0,0.0,18,360000,40,0.007703816052526236,0.3577384948730469,0.0002909999999999998,37.91524040608466,40.66019224637672,-0.045700075552810596,71.36643028259277,29.82739019393921,101.19382166862488,-3.333091669333044e-08,5.493163826031378e-07
1015.76468864458,0.0,500.0,0.0,19,380000,40,0.00875943060964346,0.3708859086036682,0.0002904999999999998,35.86279888635949,41.619164656989184,-0.03815816154296781,77.54518842697144,34.18159508705139,111.72678565979004,-2.0456313976069396e-08,1.3732909920349812e-08
1042.6205470346085,0.0,500.0,0.0,20,400000,40,0.010087830945849419,0.3827715516090393,0.0002899999999999998,23.771612209307996,25.662261636045915,-0.04477297547951199,80.01883721351624,32.96157932281494,112.98041772842407,-6.771087690538025e-09,-4.928588737129758e-07
919.2597018695611,0.0,500.0,0.0,21,420000,40,0.010156555101275444,0.39351436495780945,0.0002894999999999998,19.922312543663796,26.17182577863524,-0.04153866679378184,75.58181262016296,41.03013730049133,116.61195111274719,-6.961822673900997e-09,1.5258789289873675e-06
1056.5203693154817,47.25,500.0,0.0,22,440000,40,0.01188045833259821,0.40335696935653687,0.0002889999999999998,21.48843022313299,28.364502145368842,-0.08141395600410944,59.99553894996643,36.38190698623657,96.37744951248169,1.6307831529616124e-08,1.678466787780053e-07
970.7565963121084,5.25,500.0,0.0,23,460000,40,0.011771063320338726,0.4122610092163086,0.0002884999999999998,16.5611012409005,25.835899611666232,-0.03943330175361207,63.026890993118286,31.819836378097534,94.84672808647156,-1.3732909920349812e-08,-1.5716553036781988e-07
1040.276595293525,0.0,500.0,0.0,24,480000,40,0.012825904414057732,0.42029622197151184,0.0002879999999999998,20.777269178402573,23.490003938614567,-0.04008987159365081,71.94711446762085,33.784165143966675,105.73128128051758,2.484321548479329e-08,-3.013610978541692e-07
1055.132652021298,0.765,500.0,0.0,25,500000,40,0.011667987331748009,0.4275428354740143,0.0002874999999999998,25.26019208914117,55.59767569318603,-0.061740958738093606,59.166144371032715,39.108328104019165,98.27447390556335,1.0204315614714687e-08,-1.8920898980923084e-07
1175.6892754374069,1086.0125,500.0,0.0,26,520000,40,0.010629439726471901,0.4371948540210724,0.00028699999999999977,41.026454903807824,42261.34740300299,-0.2668506652871265,61.70635724067688,35.91773343086243,97.62409210205078,-5.054473728449693e-09,-1.403808596478484e-06
1015.8268087179782,5.0725,500.0,0.0,27,540000,40,0.010280972346663475,0.44592851400375366,0.00028649999999999975,18.978326075891903,94.34998237875443,-0.059178973991671414,69.30237483978271,34.21184849739075,103.51422429084778,1.1014938294806598e-08,2.4414061883248905e-08
981.0075255686564,2.975,500.0,0.0,28,560000,40,0.012093687430024147,0.4538186192512512,0.00028599999999999974,18.687061926533904,86.43646488310415,-0.06850811013041205,86.16146516799927,30.73989462852478,116.90136075019836,-1.2302399099439754e-08,6.713867151120212e-08
1056.014603493272,0.525,500.0,0.0,29,580000,40,0.012609109282493591,0.46093183755874634,0.00028549999999999973,21.99766067764427,33.57654130670089,-0.056318071436820716,79.85096573829651,31.85808277130127,111.70905041694641,-5.340575981449547e-09,7.705688744863437e-07
1134.0870213728401,24.294999999999998,500.0,0.0,30,600000,40,0.01235980074852705,0.4674105644226074,0.0002849999999999997,28.589330285712133,91.91022593220578,-0.08135929545800237,71.85953783988953,39.468406438827515,111.32794690132141,-2.6226043559063328e-09,-1.3732909920349812e-08
1052.2253698643788,3.0300000000000002,500.0,0.0,31,620000,40,0.01268389169126749,0.4732435345649719,0.0002844999999999997,16.361436407324636,29.874801644796058,-0.058976098904651414,63.457724809646606,35.965360164642334,99.42308616638184,6.580352707175052e-09,8.865356448950479e-07
1158.3153161868443,0.0,500.0,0.0,32,640000,40,0.011830856092274189,0.4784772992134094,0.0002839999999999997,28.823948532267462,34.50026961821544,-0.05757481315308781,63.87814235687256,33.14245319366455,97.02059674263,-6.508827254947391e-09,-3.4294129136469564e-07
1082.1919227419173,0.0,500.0,0.0,33,660000,40,0.012634679675102234,0.4831638038158417,0.0002834999999999997,20.738793590853486,30.71727713934983,-0.057335329662619415,62.918827056884766,29.66578245162964,92.58461093902588,3.5762786065873797e-09,4.882812376649781e-08
1138.4413083382976,0.0,500.0,0.0,34,680000,40,0.013554790988564491,0.4873504340648651,0.0002829999999999997,21.857965577403203,29.121031025089795,-0.05130238631810946,60.51910352706909,37.16189360618591,97.68099904060364,1.0490417423625331e-09,1.0223388358099328e-07
1039.024412878572,879.6,500.0,0.0,35,700000,40,0.011544267646968365,0.4939323961734772,0.0002824999999999997,32.653215048584755,11192.144430289087,-0.39834342165083825,60.38510179519653,37.87726831436157,98.26237177848816,1.511573799461985e-08,-1.6235351267823717e-06
1115.1979489743346,0.0,500.0,0.0,36,720000,40,0.010847018100321293,0.4998430907726288,0.0002819999999999997,19.719084395034404,77.08772574980048,-0.06371789536368148,72.1182427406311,31.01414179801941,103.13238620758057,1.1730193705261627e-08,6.713867151120212e-08
1011.270296153303,0.0,500.0,0.0,37,740000,40,0.013747140765190125,0.5051409006118774,0.0002814999999999997,20.24032418063924,51.500980533527425,-0.0646332435825651,63.442169189453125,32.31947875022888,95.7616491317749,1.287460360543946e-08,-1.3122559039402404e-07
1115.3270005861843,0.0,500.0,0.0,38,760000,40,0.011759827844798565,0.5098789930343628,0.0002809999999999997,15.852923245218737,34.56825170456609,-0.060252930297180304,71.94846105575562,34.510520696640015,106.4589831829071,-1.201629640235069e-08,8.85009754370003e-08
1231.32135886071,0.0,500.0,0.0,39,780000,40,0.01419760100543499,0.5141059756278992,0.00028049999999999966,22.37279565756834,29.98229434460024,-0.06071298141032457,62.05681538581848,36.28853154182434,98.3453483581543,-1.7213821479344915e-08,1.678466787780053e-08
1330.497853720267,0.0,500.0,0.0,40,800000,40,0.013225091621279716,0.5178661942481995,0.00027999999999999965,17.137937907025783,25.025850329821623,-0.06149926447380287,61.541221141815186,33.43369746208191,94.97491955757141,-6.675719976811934e-10,-6.713867151120212e-08
1280.1557339095584,613.265,500.0,0.0,41,820000,40,0.011847784742712975,0.5233319401741028,0.00027949999999999964,40.08187816701358,23426.940259816376,-0.4765517054667956,71.01911044120789,30.5191969871521,101.53830885887146,-4.386901952813105e-09,-1.647949261496251e-06
1231.0330688643896,321.33500000000004,500.0,0.0,42,840000,40,0.011797105893492699,0.52934730052948,0.0002789999999999996,21.72627533598791,48.06185797498196,-0.054243596307226,66.1253514289856,37.6230251789093,103.74837803840637,-1.9836425835251248e-08,-1.2207031829802872e-07
1307.095759391954,0.0,500.0,0.0,43,860000,40,0.014740169048309326,0.5347304940223694,0.0002784999999999996,20.513263071639628,42.24302531495879,-0.06835008005617493,59.95439171791077,41.33831810951233,101.29271197319031,7.724762163263676e-09,-1.4343261511839955e-07
1257.4766876118742,1940.55,500.0,0.0,44,880000,40,0.012263134121894836,0.5459694862365723,0.0002779999999999996,31.330511508712284,33269.92487182376,-0.8325315548177762,67.4762921333313,34.034756660461426,101.51104998588562,-3.6525726443414896e-08,-3.149414169456577e-06
1243.2590094049942,0.22000000000000003,500.0,0.0,45,900000,40,0.012245004996657372,0.5561053156852722,0.0002774999999999996,17.460951770860937,105.32930577797225,-0.1158008866112302,68.63695168495178,35.82004523277283,104.45699834823608,2.2983551062338847e-08,-5.7983399415206804e-08
1237.5677969093617,0.05500000000000001,500.0,0.0,46,920000,40,0.013244382105767727,0.5652349591255188,0.0002769999999999996,16.35623817685284,46.57373521599588,-0.08169821494235363,65.53092575073242,36.74382567405701,102.2747528553009,7.581711258808355e-09,-6.713867151120212e-08
1294.001852204826,12.145000000000001,500.0,0.0,47,940000,40,0.01474929228425026,0.5734903812408447,0.00027649999999999957,19.190659379959108,84.52172876913336,-0.08161016627144116,61.611788272857666,34.59283375740051,96.20462441444397,2.4318695945879654e-09,-1.4801025827182457e-07
1286.8891886349872,22.555,500.0,0.0,48,960000,40,0.014622301794588566,0.5809866786003113,0.00027599999999999955,24.323736117006856,55.84773657955701,-0.0842147728669917,60.364306926727295,36.69945812225342,97.06376671791077,5.0783155458589135e-09,3.356933575560106e-08
1180.8727261460606,0.0,500.0,0.0,49,980000,40,0.011911584064364433,0.5877101421356201,0.00027549999999999954,15.44669100317774,40.803092436850825,-0.06712700558849904,58.25925397872925,35.08198833465576,93.34124422073364,9.918212917625624e-09,-7.629394893626795e-09
1321.8608668035527,0.0,500.0,0.0,50,1000000,40,0.012540655210614204,0.5937293767929077,0.00027499999999999953,20.495969582509392,40.04427036695842,-0.0736222720746234,60.9148633480072,31.640020608901978,92.5548849105835,-6.484985437538171e-09,2.1591186794012174e-07
1238.3769879058486,0.0,500.0,0.0,51,1020000,40,0.01283190492540598,0.5991069078445435,0.0002744999999999995,16.422613270825977,31.29749956312059,-0.06446025470578218,61.60815739631653,33.13944482803345,94.74760341644287,2.479553229406406e-09,5.340576336720915e-08
1215.1009931938431,6.5,500.0,0.0,52,1040000,40,0.01483242493122816,0.6039239764213562,0.0002739999999999995,31.803842720804337,63.4542907624305,-0.08166841116904788,60.00320339202881,40.1077299118042,100.11093497276306,1.0871887390351276e-08,6.103515914901436e-08
1237.873089290831,0.0,500.0,0.0,53,1060000,40,0.013184796087443829,0.6082060933113098,0.0002734999999999995,21.11992933086202,41.545331934433946,-0.076842589403762,78.59851861000061,33.299283504486084,111.89780473709106,-1.1682510070443186e-08,-1.0681151962899094e-08
1227.2451490504147,0.0,500.0,0.0,54,1080000,40,0.013054769486188889,0.6120008826255798,0.0002729999999999995,17.25008288184299,34.52250984590265,-0.07384619921095127,64.3779616355896,33.03283762931824,97.41080093383789,2.00271599304358e-09,2.4871826553862775e-07
1270.2406776882726,0.0,500.0,0.0,55,1100000,40,0.01390895340591669,0.615351676940918,0.00027249999999999947,12.338395855698405,32.08652435254447,-0.05957522067695243,61.315661668777466,33.79525804519653,95.1109209060669,1.4781951662712345e-08,1.1672973698750866e-07
1167.2333914227427,0.0,500.0,0.0,56,1120000,40,0.012560201808810234,0.6182979345321655,0.0002719999999999995,15.980853674985186,33.15174263157422,-0.06045866690080943,60.50290608406067,39.033440589904785,99.53634762763977,1.282691997062102e-08,6.561279519701202e-08
1191.7972004587293,0.0,500.0,0.0,57,1140000,40,0.015128233470022678,0.6208757162094116,0.0002714999999999995,13.587677760365644,31.677544237692146,-0.0720776384770045,74.8835940361023,37.2631254196167,112.14672112464905,-1.3494491746257609e-08,-3.356933575560106e-08
1207.6565473485407,0.0,500.0,0.0,58,1160000,40,0.014508096501231194,0.6231177449226379,0.0002709999999999995,17.316326058212717,32.44432737434967,-0.05933132983531944,67.27374053001404,31.718016624450684,98.9917585849762,-4.482269222449986e-09,-9.841919279551803e-08
1090.718511380313,0.0,500.0,0.0,59,1180000,40,0.012895112857222557,0.6250538229942322,0.0002704999999999995,11.56551365701458,28.223068789590762,-0.06290762215628748,64.45166277885437,33.10205006599426,97.55371403694153,1.1301040991895661e-08,-8.01086397217432e-09
1267.910851547157,0.0,500.0,0.0,60,1200000,40,0.015435876324772835,0.6267111301422119,0.00026999999999999946,15.213813184635548,28.244766682009153,-0.07027619601569221,69.28267455101013,40.98298382759094,110.2656614780426,5.340575981449547e-09,2.2354126372192695e-07
1143.7291052391743,0.0,500.0,0.0,61,1220000,40,0.013880390673875809,0.6281144618988037,0.00026949999999999945,17.925819697410244,35.07901006589962,-0.06845954804286314,59.40540552139282,44.77360415458679,104.17901229858398,-3.767013367905747e-09,-2.3193359766082722e-07
1264.0180133495155,0.0,500.0,0.0,62,1240000,40,0.01430372055619955,0.6292862892150879,0.00026899999999999944,20.01244691761234,31.060078455526618,-0.0681921765152247,72.1242299079895,42.04863977432251,114.17287135124207,-1.1539459165987864e-08,-1.6899109311907523e-07
1169.4998918834858,1.2525,500.0,0.0,63,1260000,40,0.01492379792034626,0.6302521824836731,0.0002684999999999994,22.334943671769732,32.01776637487774,-0.0782551126548714,75.06388115882874,31.018994569778442,106.0828766822815,3.7193297330873065e-09,-2.4013519350774004e-07
1157.062115407416,2.9225,500.0,0.0,64,1280000,40,0.014954937621951103,0.6310372948646545,0.0002679999999999994,17.67382946391649,32.567809196061724,-0.06703972744378202,61.31380105018616,34.30271887779236,95.61652135848999,4.529952857268427e-09,-3.051757957450718e-08
1169.6619985693837,39.876250000000006,500.0,0.0,65,1300000,40,0.017566140741109848,0.6318114399909973,0.0002674999999999994,16.73953164257581,33.06474188732196,-0.15634210268094476,60.011088609695435,44.86695837974548,104.87804913520813,-5.245208711812666e-10,-3.7879942738072714e-07
1047.4419411750157,2.09875,500.0,0.0,66,1320000,40,0.013899024575948715,0.6324175000190735,0.0002669999999999994,16.181538880324062,35.02968752655802,-0.06568652110651749,56.493494510650635,40.94536232948303,97.43885803222656,3.4809112037237355e-08,1.426696769613045e-07
1106.7867137493129,0.0,500.0,0.0,67,1340000,40,0.017311064526438713,0.6328614950180054,0.0002664999999999994,19.98551404943949,31.19064632186407,-0.06745870041224776,74.62909007072449,32.995845794677734,107.62493681907654,1.3136864041030094e-08,1.4801025827182457e-07
1113.6624401592417,0.0,500.0,0.0,68,1360000,40,0.014967555180191994,0.6331576704978943,0.00026599999999999936,24.440556512150582,44.53029165630099,-0.0784339726092058,68.6947066783905,32.896888732910156,101.59159660339355,9.536742923144104e-11,-2.822876012942288e-07
1378.5738891399965,0.0,500.0,0.0,69,1380000,40,0.01547374576330185,0.6333189606666565,0.00026549999999999935,19.69514674778226,29.960187727891945,-0.06861953612422877,67.14016962051392,33.69311046600342,100.83328151702881,1.5640258865801115e-08,1.708984314063855e-07
1195.4430147800285,0.0,500.0,0.0,70,1400000,40,0.016883086413145065,0.6333571076393127,0.00026499999999999934,18.023704822757576,29.968307012244114,-0.07628641949312266,62.15899109840393,35.867390155792236,98.02638339996338,-1.6212463593845428e-09,7.019043124500968e-08
1153.0774859806843,0.0,500.0,0.0,71,1420000,40,0.01514230016618967,0.6332828402519226,0.00026449999999999933,15.032960241957555,27.27241200978243,-0.06531433355493495,73.94645357131958,32.46781063079834,106.41426539421082,-1.277923544762416e-08,7.019043124500968e-08
1356.8057891575306,0.0,500.0,0.0,72,1440000,40,0.01548220869153738,0.6331058740615845,0.0002639999999999993,21.341416954239712,39.228196969213364,-0.07205226351035453,69.44790577888489,31.251221656799316,100.69912934303284,-8.964538444899972e-09,-2.8610228852699038e-08
1170.8671162685307,21.0,500.0,0.0,73,1460000,29,0.020482845604419708,0.6329277753829956,0.0002634999999999993,23.135839221260007,90.63333580536595,-0.11999771023345587,70.60302019119263,24.077508449554443,94.68052983283997,-3.433227480087453e-09,-2.9754639285783924e-07
1284.9103303309498,0.0,500.0,0.0,74,1480000,40,0.016517024487257004,0.6326552033424377,0.0002629999999999993,15.813769988168644,29.77238643320301,-0.08156058514266734,66.52862429618835,35.217562198638916,101.74618816375732,-1.5544891596164234e-08,-1.3885498617582925e-07
1113.8683445497634,0.45999999999999996,500.0,0.0,75,1500000,40,0.016771472990512848,0.6322982311248779,0.0002624999999999993,16.556344330914413,29.11300430539288,-0.08388968173685614,60.71788835525513,33.445024490356445,94.16291379928589,6.771087690538025e-09,-2.3174285956883978e-07
1238.8081672813728,770.7149999999999,500.0,0.0,76,1520000,3,0.02174512855708599,0.6353150606155396,0.00026199999999999927,130.29163384739357,20607.946717097286,1.9958283005887445,60.77492070198059,2.5506303310394287,63.325552463531494,8.82148754044465e-09,-1.0620117336657131e-06
1211.5009112980722,85.175,500.0,0.0,77,1540000,40,0.014338196255266666,0.6383196711540222,0.00026149999999999925,22.027029107492183,78.304379867602,-0.07657110815738104,63.07979416847229,41.622093200683594,104.70188927650452,7.474422858422258e-09,-2.4414061883248905e-08
1146.9395861684056,0.0,500.0,0.0,78,1560000,40,0.013237850740551949,0.6409285068511963,0.00026099999999999924,18.32081160756606,34.25243877760972,-0.07014333281277008,68.2522656917572,34.77334523200989,103.0256118774414,8.392333938900265e-09,-4.80651863199455e-07
1137.970895836164,0.0,500.0,0.0,79,1580000,40,0.016242951154708862,0.6431778073310852,0.00026049999999999923,23.24694724414922,31.070263973067078,-0.07456314207343502,63.03559947013855,32.885255575180054,95.92085599899292,-1.9073485846288207e-10,2.550125088873756e-07
1235.367421387337,0.0,500.0,0.0,80,1600000,40,0.016281791031360626,0.645100474357605,0.0002599999999999992,23.932826117926005,40.554871555521515,-0.0668684852256475,67.54300689697266,34.88835406303406,102.43136286735535,4.577636936176077e-09,-1.647949261496251e-07
1199.2143103289739,0.0,500.0,0.0,81,1620000,40,0.016096709296107292,0.6467264294624329,0.0002594999999999992,18.037563223476653,29.017590266239793,-0.07488558467630815,62.98174524307251,35.095598459243774,98.07734560966492,-6.580352707175052e-09,2.822876012942288e-07
1177.1034678967128,0.0,500.0,0.0,82,1640000,40,0.014415972866117954,0.6480827331542969,0.0002589999999999992,22.968690331223645,25.877749251112153,-0.07512962754721506,69.04956245422363,37.824298620224,106.8738625049591,1.1396408261532542e-08,-2.5825499960774323e-07
1046.9273170853617,0.0,500.0,0.0,83,1660000,40,0.016784410923719406,0.6491940021514893,0.0002584999999999992,15.694276325913924,37.61556640697431,-0.06868311712736429,64.09468150138855,35.82801961898804,99.92270278930664,1.7642974858844696e-09,1.3427734302240424e-07
1177.9637225829492,0.0,500.0,0.0,84,1680000,40,0.01588778756558895,0.650082528591156,0.00025799999999999917,13.511464139932318,36.67054037504558,-0.07436439911982257,67.18029689788818,33.66209006309509,100.84238791465759,-6.079673653403006e-09,7.81249980263965e-07
1153.9983860781044,0.0,500.0,0.0,85,1700000,40,0.0161888524889946,0.650768518447876,0.00025749999999999916,14.487093374095386,27.4341608699364,-0.07532793530204063,62.052225828170776,33.086113691329956,95.13834071159363,-7.295608561719291e-09,9.395599249728548e-07
1228.7311718447736,0.0,500.0,0.0,86,1720000,40,0.015531486831605434,0.6512703895568848,0.00025699999999999915,23.555904804603962,41.37433702855171,-0.0758627075504488,58.449191093444824,33.32426714897156,91.77345943450928,-2.4557114119971857e-09,3.41796862812771e-07
1169.483117767659,0.0,500.0,0.0,87,1740000,40,0.016183476895093918,0.6516047716140747,0.00025649999999999913,17.14896166430244,34.25346930057188,-0.07345182438487116,63.00570487976074,32.24956703186035,95.2552740573883,-1.3256072683986986e-08,-8.85009754370003e-08
1091.659750002439,0.0,500.0,0.0,88,1760000,40,0.01732676476240158,0.6517868041992188,0.0002559999999999991,15.685848802554457,24.032322084451025,-0.08203702810355992,64.40074419975281,32.904250621795654,97.30499625205994,-1.6593933338526767e-08,4.272461069376732e-07
1181.9413395955787,0.0,500.0,0.0,89,1780000,40,0.01651328057050705,0.6518301367759705,0.0002554999999999991,25.506446736975562,28.735492164877396,-0.07407736758837076,65.56331253051758,34.10211634635925,99.6654303073883,1.4305114870438729e-09,-9.613037121880552e-08
1222.039363677221,0.0,500.0,0.0,90,1800000,40,0.017971206456422806,0.6517472267150879,0.00025499999999999915,17.91671767189533,23.430822383904758,-0.06691620238508464,61.49218225479126,32.09937262535095,93.59155583381653,-8.487701208537146e-09,2.2659301635030715e-07
1185.0119420540386,0.0,500.0,0.0,91,1820000,40,0.01700027473270893,0.6515492796897888,0.00025449999999999914,24.500920246220844,24.713109803501563,-0.07270477005572329,62.771743059158325,31.468834161758423,94.24057841300964,3.8146971692576415e-10,-5.851745754625881e-07
1150.403399124129,0.0,500.0,0.0,92,1840000,40,0.017599448561668396,0.6512465476989746,0.0002539999999999991,18.790723113772234,25.657876111284086,-0.07457067566640864,62.38765621185303,34.76298999786377,97.15064740180969,-7.629394893626795e-09,5.409240770859469e-07
1208.2469021755683,0.0,500.0,0.0,93,1860000,40,0.015975425019860268,0.6508482694625854,0.0002534999999999991,18.850625736502153,26.17000472937958,-0.0726534335266893,57.24162435531616,34.09694266319275,91.33856892585754,-5.149841442175784e-09,1.5563965405362978e-07
1250.1600238195583,0.32999999999999996,500.0,0.0,94,1880000,40,0.017769766971468925,0.6503645181655884,0.0002529999999999991,16.902116648758515,28.04571631950668,-0.06936901561898191,64.84388780593872,38.14862275123596,102.99251317977905,-1.2683868177987279e-08,-5.805969180983084e-07
1221.820582461343,6.27,500.0,0.0,95,1900000,40,0.01922566443681717,0.6498326063156128,0.0002524999999999991,18.391273416295835,20.306232565264157,-0.06075804354048252,66.23895573616028,35.086002826690674,101.32496118545532,5.817413217812373e-09,-4.928588737129758e-07
1234.641337835844,71.7,500.0,0.0,96,1920000,30,0.020399248227477074,0.6495872735977173,0.0002519999999999991,25.51063643346859,51.78803537988462,-0.14388733651363272,66.13394045829773,25.58680772781372,91.72074961662292,1.3017654509894783e-08,1.9836426190522616e-07
1232.8736737865765,0.0,500.0,0.0,97,1940000,39,0.020016713067889214,0.6492382287979126,0.00025149999999999907,17.089016039779303,23.22545284715731,-0.0746560320469736,68.3235411643982,33.774261713027954,102.09780430793762,4.291534350109316e-10,-2.868652302367991e-07
1163.0526686208946,0.0,500.0,0.0,98,1960000,40,0.017618125304579735,0.6487947106361389,0.00025099999999999905,15.34757992376255,23.761874983582317,-0.07490013217011207,66.21304631233215,41.95539593696594,108.16844367980957,8.869171175263091e-09,-2.5825499960774323e-07
1224.1033837894195,0.0,500.0,0.0,99,1980000,27,0.020080430433154106,0.64826500415802,0.00025049999999999904,17.78993033245031,20.522538770379676,-0.06798893783417907,80.47349429130554,21.97212052345276,102.4456160068512,-1.521110526425673e-08,1.9226074243761104e-07
1068.311273675988,0.0,500.0,0.0,100,2000000,40,0.019703151658177376,0.6476566791534424,0.00024999999999999903,18.900777328617966,19.936240554157692,-0.06856657988332872,63.754390001297,32.624600648880005,96.37899231910706,6.008148201175345e-09,2.071380578172466e-07
342.8558011350282,0.0,500.0,0.0,101,2020000,40,0.01219311822205782,0.6469765901565552,0.000249499999999999,45.73730113808113,46.93078214850607,-0.055270342904885736,71.6859700679779,32.9035005569458,104.58947348594666,-1.6651154055580264e-07,-1.8463134665580583e-07
77.86514264103866,0.0,500.0,0.0,102,2040000,20,0.020244736224412918,0.6462308764457703,0.000248999999999999,51.47506248256828,32.78704937922804,-0.028230407287048388,69.49437522888184,15.658468961715698,85.15284562110901,-7.743835794826737e-08,1.3694763367766427e-07
75.99877451838742,0.0,500.0,0.0,103,2060000,21,0.021663712337613106,0.6454252004623413,0.000248499999999999,42.08708240182519,24.496046452582636,-0.03777097452559911,59.68932771682739,17.420767784118652,77.1100971698761,4.386901863995263e-08,4.882812376649781e-08
87.69243803204066,0.0,500.0,0.0,104,2080000,7,0.024245189502835274,0.644564688205719,0.000247999999999999,65.23595373971122,30.97294666021254,-0.006413360215575311,65.44899249076843,8.522766828536987,73.97176170349121,-7.553100545010238e-08,-1.3275146670821414e-07
84.6628159300178,0.0,500.0,0.0,105,2100000,7,0.0200851708650589,0.6436538696289062,0.00024749999999999897,53.92825162346065,27.869715023213224,-0.017762508404998625,69.28447604179382,5.070323944091797,74.3548014163971,4.558563304613017e-08,-5.340576336720915e-08
82.16192917489283,0.0,500.0,0.0,106,2120000,27,0.02300192415714264,0.6426969766616821,0.00024699999999999896,34.758363230598405,19.31656205749154,-0.03830514361656612,70.44552063941956,23.080086946487427,93.52560997009277,-9.880066187406555e-08,-5.111694179049664e-08
89.47128725390253,0.0,500.0,0.0,107,2140000,28,0.020935367792844772,0.6416977643966675,0.00024649999999999894,25.466872885472952,20.70221928705143,-0.039384261510464584,64.64656734466553,27.84022092819214,92.4867901802063,2.3651123726153855e-08,-6.103515470812226e-09
99.85428464117646,0.0,500.0,0.0,108,2160000,17,0.020592395216226578,0.6406596302986145,0.00024599999999999893,20.972806778578995,20.076997435279328,-0.031998279372026296,60.45299577713013,14.433880805969238,74.88687872886658,-3.614425736486737e-08,1.4495849853801701e-08
91.68965525143747,0.0,500.0,0.0,109,2180000,29,0.023227425292134285,0.6395857334136963,0.0002454999999999989,16.948505357902988,19.27487812100514,-0.038923403746779765,66.97386479377747,23.466530084609985,90.44039607048035,-7.753371988883373e-08,-2.3651123726153855e-08
81.24548764964993,0.0,500.0,0.0,110,2200000,24,0.02294456586241722,0.6384788751602173,0.0002449999999999989,23.868639152261274,18.06882495367074,-0.0373383188808832,62.23009395599365,19.681000471115112,81.9110951423645,-1.1548996070587236e-07,-2.9754637864698452e-08
98.83850109512127,0.0,500.0,0.0,111,2220000,22,0.022751459851861,0.6373415589332581,0.0002444999999999989,24.08522727382471,17.90484232732424,-0.03216333652528215,62.95271444320679,18.295693397521973,81.24840998649597,3.814697180359872e-08,5.9509275729396904e-08
104.37916105812583,0.0,500.0,0.0,112,2240000,18,0.021049968898296356,0.6361761093139648,0.0002439999999999989,25.79684634416583,19.864294450494306,-0.034072411662483724,64.07934761047363,16.803375959396362,80.88272476196289,-2.0599365768703137e-08,-7.53402744635423e-08
91.4370635828632,0.0,500.0,0.0,113,2260000,28,0.021612484008073807,0.6349846720695496,0.00024349999999999893,23.702525643284886,17.37947587509914,-0.03164676060036135,55.75138330459595,27.468947887420654,83.22033262252808,-3.1661986810149756e-08,5.60760504697555e-08
104.14341268969056,0.0,500.0,0.0,114,2280000,23,0.02094348520040512,0.6337690949440002,0.00024299999999999894,22.70184579575265,17.96504819216017,-0.035581878093765805,63.53925561904907,16.449740171432495,79.98899722099304,2.651214536797397e-08,7.743835794826737e-08
99.41893928306925,0.0,500.0,0.0,115,2300000,28,0.020512547343969345,0.6325311064720154,0.00024249999999999893,22.2971951316968,17.80524201893246,-0.03621686230246045,74.30103206634521,22.715937852859497,97.01697254180908,-5.578994688448802e-08,-7.858276518390994e-08
90.84642587803401,0.0,500.0,0.0,116,2320000,19,0.02018406242132187,0.6312721967697144,0.00024199999999999894,21.30696121713942,18.295740061486107,-0.029091064185946484,62.84032869338989,17.185446977615356,80.02577757835388,-6.799697871429089e-08,8.392333938900265e-09
107.97674183750969,0.0,500.0,0.0,117,2340000,16,0.022871332243084908,0.6299938559532166,0.00024149999999999893,13.37672139006325,17.4143261969844,-0.026438259069448265,56.1825852394104,13.364837169647217,69.54742336273193,3.662109548940862e-08,2.3841858265427618e-08
113.3159673742764,0.0,500.0,0.0,118,2360000,36,0.02081078104674816,0.6286973357200623,0.00024099999999999892,19.45757036755692,16.287372785613844,-0.03658515028213446,62.46065664291382,35.545865535736084,98.0065233707428,6.103515470812226e-09,-7.247924571629483e-08
97.86435000792,0.0,500.0,0.0,119,2380000,27,0.020856669172644615,0.6273837685585022,0.00024049999999999893,17.7600418230317,17.001675261056207,-0.028668437514190404,64.28840732574463,21.82068181037903,86.10909056663513,8.583068478174027e-09,-3.433227480087453e-09
99.07061620592658,0.0,500.0,0.0,120,2400000,20,0.020778561010956764,0.6260542273521423,0.00023999999999999895,16.508084522319745,16.908076182498206,-0.02486599818037092,64.99093008041382,16.843544960021973,81.83447742462158,3.3950804834148585e-08,-1.6498565003075782e-07
120.91056903881699,0.0,500.0,0.0,121,2420000,18,0.022165780887007713,0.6247096657752991,0.00023949999999999896,13.813000694441225,16.307882044721087,-0.022229277111299114,61.3615505695343,16.022543907165527,77.38409614562988,3.662109548940862e-08,-3.4713746543957313e-08
108.83680625684433,0.0,500.0,0.0,122,2440000,33,0.020315634086728096,0.6233509182929993,0.00023899999999999898,13.484557798185886,16.02237341895065,-0.029359684634587924,62.83832097053528,27.983419179916382,90.82174134254456,4.768371461572052e-11,-4.577636758540393e-08
102.19207870040418,0.0,500.0,0.0,123,2460000,29,0.020354993641376495,0.6219788193702698,0.000238499999999999,21.19433221771227,16.11336386500358,-0.028559725144808923,63.948169231414795,29.127264261245728,93.07543540000916,1.0108947456899386e-08,-6.036758293248567e-08
96.63177377291801,0.0,500.0,0.0,124,2480000,28,0.020179154351353645,0.6205940246582031,0.00023799999999999898,10.61523282463253,15.195236832065135,-0.02315891217484575,63.40873050689697,26.513726949691772,89.92245841026306,4.386901863995263e-08,5.359649790648291e-08
101.88797519830388,0.0,500.0,0.0,125,2500000,21,0.020305726677179337,0.6191971898078918,0.000237499999999999,16.8076647769406,15.090852489092036,-0.02470355220290598,62.9386785030365,19.184046983718872,82.12272763252258,-1.0299682884351569e-08,-2.326965287124949e-08
124.08688393332052,0.0,500.0,0.0,126,2520000,29,0.021152982488274574,0.6177889108657837,0.000236999999999999,12.657238828516693,14.308356213913063,-0.02395361389424969,62.97599172592163,24.03701114654541,87.0130045413971,2.155304024142879e-08,9.856223925908125e-08
130.3082276710391,0.0,500.0,0.0,127,2540000,18,0.020465347915887833,0.6163696646690369,0.00023649999999999903,19.487595831123922,14.785918692496255,-0.019847488900877105,65.86298632621765,20.388229846954346,86.25121808052063,1.201629640235069e-08,2.4986267277427032e-08
132.06644662046978,0.0,500.0,0.0,128,2560000,19,0.02100980468094349,0.6149399876594543,0.00023599999999999901,18.13266985897697,14.960035527411657,-0.022031425808659997,61.55208134651184,17.05756163597107,78.60964393615723,1.6212464259979242e-08,-4.138946607668004e-08
123.66542072229966,0.0,500.0,0.0,129,2580000,22,0.022055571898818016,0.6135002970695496,0.00023549999999999903,23.801760336609238,15.200650177836007,-0.023790259193682613,70.5128116607666,18.01695227622986,88.52976584434509,-4.76837147544984e-09,-1.1444091896350983e-08
125.5317733057846,0.0,500.0,0.0,130,2600000,9,0.020734213292598724,0.6120510101318359,0.00023499999999999904,16.438081156520067,15.557461802969502,-0.011061602353305673,63.988744258880615,7.67052960395813,71.65927481651306,-6.446838085594209e-08,-1.6403198799253005e-08
123.57808959511729,0.0,500.0,0.0,131,2620000,21,0.020258480682969093,0.6105924248695374,0.00023449999999999906,12.082540055942363,14.669338551107986,-0.019898212070629053,59.63042116165161,17.304682970046997,76.9351053237915,-4.2819976897590095e-08,-1.4495849853801701e-08
113.72276770073665,0.0,500.0,0.0,132,2640000,38,0.021513935178518295,0.6091249585151672,0.00023399999999999905,13.98154860397405,14.719881129534858,-0.031028524029697184,58.51558232307434,34.17940664291382,92.69499111175537,1.5640258865801115e-08,5.226135257885289e-08
135.13126665023788,0.0,500.0,0.0,133,2660000,12,0.020448796451091766,0.6076488494873047,0.00023349999999999906,13.484170278919397,14.658158847551306,-0.015335904678451645,62.64112091064453,14.051432371139526,76.69255542755127,-5.092620725122288e-08,-1.2588500908350397e-08
112.87393695507429,0.0,500.0,0.0,134,2680000,26,0.023678535595536232,0.6061643362045288,0.00023299999999999905,15.04490422482848,14.974766177815379,-0.02192810012560162,74.73222994804382,21.388545274734497,96.12077641487122,2.2029876589613195e-08,2.250671471415444e-08
118.30225110874422,0.0,500.0,0.0,135,2700000,22,0.02174515090882778,0.6046717166900635,0.00023249999999999904,12.692453426376447,13.992696447668745,-0.02249677428320346,64.49676275253296,17.66797113418579,82.16473531723022,-6.484985437538171e-09,-2.9945372403972215e-08
112.24429627722641,0.0,500.0,0.0,136,2720000,22,0.021197114139795303,0.6031712293624878,0.00023199999999999903,13.008505967461748,13.976672046889645,-0.023237689758862087,62.896188735961914,21.034674167633057,83.9308648109436,-2.2888183792701966e-08,6.542205710502458e-08
113.65364770220485,0.0,500.0,0.0,137,2740000,25,0.020298795774579048,0.6016629934310913,0.000231499999999999,17.88711664682702,13.77789336820192,-0.02459652792096515,61.269697189331055,20.971946716308594,82.24164628982544,-5.455017060285172e-08,1.907348723406699e-09
108.98997628618183,0.0,500.0,0.0,138,2760000,22,0.02192029356956482,0.6001473069190979,0.000230999999999999,17.646017920710275,13.772712952797104,-0.020344983827069795,63.85238313674927,21.470762491226196,85.32314682006836,-2.9754637864698452e-08,-2.8991699707603402e-08
124.75724196527801,0.0,500.0,0.0,139,2780000,26,0.022687401622533798,0.5986242294311523,0.00023049999999999902,13.336222252803976,14.197404607013231,-0.025687538096096328,63.037718772888184,22.06482172012329,85.10254192352295,3.833770634287248e-08,2.1886824796979454e-08
117.21263904481518,0.0,500.0,0.0,140,2800000,13,0.020167283713817596,0.5970939993858337,0.00022999999999999903,13.032540335279128,14.069261367968714,-0.012029057039227246,63.844003438949585,10.98721694946289,74.83122158050537,1.912117042479622e-08,1.0871887390351276e-08
122.53937641815851,0.0,500.0,0.0,141,2820000,20,0.020034976303577423,0.5955567359924316,0.00022949999999999905,17.004437977754616,13.458462895622736,-0.017696983768616486,64.14790153503418,19.363520860671997,83.5114233493805,-2.2888183792701966e-08,2.4604798198879507e-08
122.11977689797043,0.0,500.0,0.0,142,2840000,20,0.02039702981710434,0.5940125584602356,0.00022899999999999903,16.12247644315792,12.99123526645612,-0.014603645010421029,61.20826578140259,16.758414268493652,77.96668124198914,7.629394893626795e-09,-1.5354157056890472e-08
114.58431345055888,0.0,500.0,0.0,143,2860000,20,0.024604978039860725,0.5924615859985352,0.00022849999999999905,17.042321410963808,13.535621455953091,-0.01741515002950224,64.58293414115906,17.851359367370605,82.43429493904114,-8.583068700218632e-10,-1.4877318932349226e-08
116.73604766751414,0.0,500.0,0.0,144,2880000,11,0.02387372963130474,0.5909038782119751,0.00022799999999999906,16.277052231844603,14.039577274520049,-0.006606655742467238,62.585904359817505,10.342297554016113,72.92820310592651,3.0708314113780943e-08,1.0299682884351569e-08
124.01714150275298,427.2,500.0,0.01875,145,2900000,1,0.3016505241394043,0.5920224785804749,0.00022749999999999908,48.09557963021194,9669.607046175606,-0.26429681008375144,64.67719173431396,0.8417253494262695,65.51891851425171,-1.1682510070443186e-08,2.4414061883248905e-08
120.62018387400344,142.4,500.0,0.00625,146,2920000,6,0.0260715764015913,0.5937716364860535,0.0002269999999999991,16.036594838532718,23.72295909591868,-0.007114388907273233,67.24173927307129,5.264090299606323,72.50583124160767,-3.900527900668749e-08,2.7465819840699623e-08
125.25401482285238,0.0,500.0,0.0,147,2940000,19,0.02024477906525135,0.5951937437057495,0.00022649999999999908,16.927370010416638,18.83976405624705,-0.02162011612180638,63.12226176261902,17.409321784973145,80.53158593177795,4.482269222449986e-09,1.907348590179936e-08
127.49099249757549,0.0,500.0,0.0,148,2960000,7,0.020817935466766357,0.5963197946548462,0.00022599999999999907,19.993209002462045,18.703473663674988,-0.008976196271500416,64.36012768745422,5.840920925140381,70.20105004310608,2.307891833197573e-08,-5.187988350030537e-08
132.15013760708868,0.0,500.0,0.0,149,2980000,9,0.022348677739501,0.5971778631210327,0.00022549999999999908,19.298320223678182,15.337102552003499,-0.008767185797561196,61.022053956985474,8.330501317977905,69.3525562286377,-1.506805347162299e-08,3.738403364650367e-08
125.37593188335282,0.0,500.0,0.0,150,3000000,20,0.023327503353357315,0.5977932214736938,0.0002249999999999991,15.306639045099669,15.521065734911568,-0.018484325152880784,64.10978507995605,18.1663875579834,82.27617502212524,4.491806038231516e-08,4.1961669694501325e-09
131.9739239838528,0.0,500.0,0.0,151,3020000,24,0.020727653056383133,0.5981888175010681,0.0002244999999999991,13.037148087085049,14.491492592332735,-0.020227504498227047,63.619067668914795,25.560576677322388,89.17964673042297,1.206398003716913e-08,7.076263131011729e-08
127.64564490209246,0.0,500.0,0.0,152,3040000,20,0.020091593265533447,0.5983853340148926,0.0002239999999999991,15.50567648833311,14.619485579864888,-0.01775226264873732,59.782538175582886,15.96594762802124,75.74848699569702,-1.354217538107605e-08,-7.629394338515283e-10
120.22199323430432,0.0,500.0,0.0,153,3060000,16,0.02104501985013485,0.5984014868736267,0.0002234999999999991,12.65605031274542,14.194279981564872,-0.017605374680126167,69.89791297912598,12.656338214874268,82.55425238609314,-1.1825561863076928e-08,-7.629394893626795e-09
135.14394763724908,0.0,500.0,0.0,154,3080000,21,0.023186886683106422,0.5982541441917419,0.00022299999999999908,12.589443145565703,13.950700593181516,-0.017904743433757638,60.28364419937134,18.45145845413208,78.73510456085205,-1.9073485846288207e-10,-2.6702879907247734e-09
145.55866456620282,0.0,500.0,0.0,155,3100000,13,0.020511090755462646,0.5979586243629456,0.00022249999999999907,11.469164385419509,14.485739647587643,-0.013459409329203205,68.69267201423645,11.843191862106323,80.53586459159851,-1.8262863221707448e-08,-2.6702879907247734e-09
120.62692680579251,0.0,500.0,0.0,156,3120000,17,0.02098960056900978,0.5975286364555359,0.00022199999999999908,9.714171212907168,12.998599386179704,-0.01442631628996764,63.1926543712616,15.143875122070312,78.33653044700623,-2.7608871633333365e-08,-1.3065338144713223e-08
125.17356719317453,450.2,500.0,0.0,157,3140000,1,0.2884118854999542,0.5999168157577515,0.0002214999999999991,30.36477057541473,18711.110775187044,0.33111143527151665,64.30568242073059,0.9169259071350098,65.22260975837708,-5.903244115756934e-08,-1.9470214738248615e-06
116.76479739428319,9.375,500.0,0.0,158,3160000,15,0.020034119486808777,0.6019712090492249,0.0002209999999999991,12.979761225462966,24.334978010282235,-0.028240934573899843,61.556925773620605,13.186221837997437,74.74314951896667,-3.7288664600509946e-08,1.3732909920349812e-08
127.53891279352133,0.0,500.0,0.0,159,3180000,16,0.02383727766573429,0.6036621928215027,0.00022049999999999913,10.184459097023252,17.292969615399084,-0.0187933314318107,61.50155544281006,12.616687059402466,74.11824345588684,4.229545425005199e-08,-9.346008411625917e-09
134.94824004277822,0.0,500.0,0.0,160,3200000,26,0.02250620909035206,0.6050243377685547,0.0002199999999999991,9.538215071224075,14.740509952054865,-0.024868398805615016,74.89441514015198,21.854153633117676,96.74856972694397,1.516342251761671e-08,4.2724607851596375e-08
144.1649552287813,0.0,500.0,0.0,161,3220000,11,0.021095626056194305,0.6060889959335327,0.0002194999999999991,10.842893538458576,15.046371123047226,-0.014014225288093844,62.8257794380188,12.984977722167969,75.8107590675354,2.07901003079769e-08,-2.5177001816700795e-08
147.75322083122774,0.0,500.0,0.0,162,3240000,18,0.020813802257180214,0.6068844199180603,0.00021899999999999912,9.90914605371392,15.204995811237062,-0.016446365734808534,61.56193280220032,16.0167875289917,77.57872128486633,-3.3378602104505717e-09,-5.41687015243042e-08
128.66779629499024,0.0,500.0,0.0,163,3260000,15,0.020869659259915352,0.6074361801147461,0.00021849999999999913,8.423173225579886,13.64193527125105,-0.01226762078411657,61.67159056663513,13.643102169036865,75.31469416618347,1.8978118632162477e-08,-1.1444092340440193e-09
130.03779122324156,0.0,500.0,0.0,164,3280000,13,0.02271188050508499,0.6077673435211182,0.00021799999999999915,11.220800063162027,15.072294836035026,-0.0162937166867551,61.236690282821655,10.67091417312622,71.90760564804077,7.1525572131747595e-09,7.629394893626795e-09
139.16962351747097,0.0,500.0,0.0,165,3300000,12,0.020448915660381317,0.6078987121582031,0.00021749999999999913,10.231035317549726,13.715409932760247,-0.010370548158286745,60.72404170036316,11.347996234893799,72.07203936576843,-3.433227391269611e-08,-4.005432074905002e-08
116.83347262744091,0.0,500.0,0.0,166,3320000,16,0.022398188710212708,0.6078491806983948,0.00021699999999999912,10.39668137136894,14.468451591986645,-0.014012376242722502,60.93581819534302,12.245086908340454,73.18090605735779,1.1110305564443479e-08,-1.8692016823251834e-08
123.87252125965456,0.0,500.0,0.0,167,3340000,31,0.023020878434181213,0.6076357364654541,0.0002164999999999991,9.44611149468973,13.466532303781692,-0.019019967261070546,80.30069541931152,27.95561981201172,108.25631809234619,-7.629394893626795e-09,7.019043124500968e-08
128.538222835275,0.0,500.0,0.0,168,3360000,24,0.020998679101467133,0.6072737574577332,0.00021599999999999912,11.939138657684568,13.608012506730446,-0.015859444351583908,59.17686915397644,24.49971890449524,83.67658996582031,-1.678466787780053e-08,-7.514953637155486e-08
131.07140690577984,0.0,500.0,0.0,169,3380000,14,0.020711997523903847,0.6067770719528198,0.00021549999999999914,8.42210279882062,12.736808750124995,-0.016135065703716797,64.59604811668396,10.382927894592285,74.97897696495056,3.3378602104505717e-09,8.392333938900265e-08
130.43860638780623,0.0,500.0,0.0,170,3400000,22,0.020576514303684235,0.6061582565307617,0.00021499999999999915,11.725840372924015,13.062516927444756,-0.014078929296119183,61.17630124092102,17.503025770187378,78.6793282032013,-8.77380390562621e-09,4.1961669694501325e-08
128.11655137903145,0.0,500.0,0.0,171,3420000,23,0.021089643239974976,0.6054286956787109,0.00021449999999999914,11.163110533322223,12.903725844001665,-0.018046283360209827,61.51590943336487,18.886700868606567,80.40261316299438,1.2397766369076635e-08,-5.7983399415206804e-08
127.25668875063498,0.0,500.0,0.0,172,3440000,23,0.021176133304834366,0.6045985221862793,0.00021399999999999913,10.268605311230505,12.437930806232929,-0.01822974356957473,72.75576448440552,20.725810527801514,93.48157739639282,-4.262924235831633e-08,-7.171630755919978e-08
150.26554868059387,0.0,500.0,0.0,173,3460000,13,0.020942581817507744,0.6036770343780518,0.00021349999999999912,9.3802448331207,12.851699979535097,-0.01332550323745118,61.78997850418091,11.65544867515564,73.44542932510376,4.386901952813105e-09,4.539489850685641e-08
133.77529816330554,0.0,500.0,0.0,174,3480000,18,0.020262841135263443,0.6026725769042969,0.00021299999999999913,9.928508312557987,13.031822311224314,-0.010860954301953106,71.36734700202942,14.07556676864624,85.44291472434998,-3.2138824934691e-08,-2.0217894913798773e-08
153.9527425500428,0.0,500.0,0.0,175,3500000,24,0.022485259920358658,0.6015926599502563,0.00021249999999999912,7.657516560222529,11.857026778695955,-0.01464176525185985,69.63942337036133,23.495532512664795,93.13495707511902,-1.5544891596164234e-08,5.931854119012314e-08
145.78286406716919,0.0,500.0,0.0,176,3520000,13,0.021891269832849503,0.6004441380500793,0.00021199999999999914,11.663077854483362,12.356459080882756,-0.009474172125168746,63.346680879592896,15.189226865768433,78.53590893745422,7.629394893626795e-09,8.01086397217432e-09
149.05923178613628,0.0,500.0,0.0,177,3540000,21,0.021725304424762726,0.5992331504821777,0.00021149999999999912,10.53332081295195,12.370551830749328,-0.01663719360183895,67.60221600532532,20.199994564056396,87.80221152305603,9.536742923144104e-11,2.403259280470138e-08
171.7189140079544,0.0,500.0,0.0,178,3560000,20,0.020242169499397278,0.5979652404785156,0.0002109999999999991,13.01971144495131,11.712596095966388,-0.015130172071306482,66.73985838890076,17.70193099975586,84.44179081916809,9.727478378351861e-09,-2.956390332542469e-08
137.06945187342646,0.0,500.0,0.0,179,3580000,13,0.02193577028810978,0.5966454148292542,0.00021049999999999913,9.068641634275293,12.031675309958453,-0.010348412276498662,67.23680257797241,10.302356958389282,77.53916120529175,3.2138824934691e-08,-6.103515470812226e-09
171.22300214123362,0.0,500.0,0.0,180,3600000,10,0.020810257643461227,0.595278263092041,0.00020999999999999911,8.300909431674812,11.273552736451354,-0.007697566183684747,71.00231432914734,8.546939849853516,79.54925608634949,-5.435943695175638e-09,-2.6130676289426447e-08
130.6956869582126,0.0,500.0,0.0,181,3620000,17,0.02020065300166607,0.593867838382721,0.00020949999999999913,14.825927989303578,12.081885973375766,-0.015043210143560429,57.251389026641846,16.17485499382019,73.42624521255493,9.536742923144104e-11,1.831054774470431e-08
141.52086061662573,0.0,500.0,0.0,182,3640000,25,0.02119302935898304,0.59241783618927,0.00020899999999999912,10.326412871879867,11.245667148058928,-0.013440904268476215,63.31770181655884,20.304022789001465,83.6217257976532,8.869171175263091e-09,-1.850128228397807e-08
138.23277845206954,0.0,500.0,0.0,183,3660000,28,0.020057134330272675,0.5909315943717957,0.00020849999999999913,8.829528987515468,10.903234442578086,-0.016248939507497746,60.517001152038574,26.71726703643799,87.23426938056946,-1.4972686201986107e-08,4.76837147544984e-09
149.1243994146158,0.0,500.0,0.0,184,3680000,20,0.0208919458091259,0.5894121527671814,0.00020799999999999915,10.270113298561,10.562352679650996,-0.012812073020075884,70.233722448349,15.828153848648071,86.0618793964386,-2.0980834847250662e-09,-3.3187866677053535e-08
126.03424206896193,210.8,500.0,0.0,185,3700000,1,0.035069189965724945,0.5893663167953491,0.00020749999999999916,31.044596623770797,8524.823841638203,-0.004815272892577739,64.59164762496948,1.093041181564331,65.68469071388245,-1.5449524326527353e-08,7.354736339948431e-07
147.6431123026929,0.0,500.0,0.0,186,3720000,12,0.021153585985302925,0.5891461372375488,0.00020699999999999918,10.436374934413765,15.628598883182187,-0.012960160845195096,64.29702854156494,10.366816997528076,74.66384768486023,-2.574920721087892e-09,-1.525878978725359e-08
157.21782078770042,0.0,500.0,0.0,187,3740000,17,0.021825555711984634,0.5887680649757385,0.00020649999999999916,8.538915200634671,14.455169968168326,-0.012051702120943981,69.50806713104248,14.500557661056519,84.00862765312195,3.681183002868238e-08,6.103515470812226e-09
146.62798713120452,0.0,500.0,0.0,188,3760000,13,0.02081376314163208,0.5882469415664673,0.00020599999999999915,10.445725930816591,14.060096166846582,-0.013222833114840316,59.55220174789429,12.239054203033447,71.79125738143921,-9.155273872352154e-09,2.7465819840699623e-08
150.450155675817,0.0,500.0,0.0,189,3780000,18,0.020089926198124886,0.5875961780548096,0.00020549999999999917,9.826418612744403,14.458884736824304,-0.017315575033334592,73.34331631660461,16.25574278831482,89.59906029701233,-1.4591217123438582e-08,3.051757735406113e-09
149.97153122042,0.0,500.0,0.0,190,3800000,11,0.02144988439977169,0.5868278741836548,0.00020499999999999918,9.434298243155002,13.539848798437964,-0.009606484372503155,73.74233746528625,10.29880166053772,84.04114031791687,-1.1825561863076928e-08,6.866454960174906e-09
174.28479777378158,0.0,500.0,0.0,191,3820000,22,0.021230099722743034,0.5859529972076416,0.0002044999999999992,8.623290912191393,13.281717215363532,-0.01635558615796058,59.685096979141235,18.80545973777771,78.49055790901184,4.577636936176077e-09,-1.678466787780053e-08
174.38013790211028,0.0,500.0,0.0,192,3840000,17,0.020818891003727913,0.584981381893158,0.0002039999999999992,8.52104545402953,12.94275358303749,-0.015191307145414274,66.10006594657898,16.00695514678955,82.10702204704285,1.0585784693262212e-08,-1.4114379887075756e-08
184.5506142709703,26.125,500.0,0.0,193,3860000,15,0.021335657685995102,0.5841126441955566,0.00020349999999999923,8.514740956785307,59.20116006392467,-0.0629493064510357,65.97569036483765,13.332321405410767,79.30801296234131,-1.521110526425673e-08,2.9373168786150927e-08
174.34778914873954,93.0,500.0,0.0,194,3880000,4,0.02135998010635376,0.5838263034820557,0.00020299999999999924,13.287813243986685,2023.6600019931793,-0.1423488999657993,61.47039008140564,3.5187361240386963,64.98912739753723,3.013610694324598e-08,-1.2359619461221882e-07
170.14362938484783,0.0,500.0,0.0,195,3900000,17,0.020439060404896736,0.5833843946456909,0.00020249999999999923,7.562392589500922,24.999078317444802,-0.023177139973163893,59.88977265357971,14.46165418624878,74.35142874717712,-1.239776614703203e-09,-6.866454960174906e-09
167.2136467001491,0.0,500.0,0.0,196,3920000,11,0.02067520283162594,0.5828015208244324,0.00020199999999999925,8.045617066263741,19.11717835943224,-0.011124850016074434,72.12031173706055,8.639425992965698,80.7597393989563,-1.0299682884351569e-08,4.1198731537406275e-08
176.9127879285021,232.31,500.0,0.0,197,3940000,1,0.10096774995326996,0.5838050246238708,0.00020149999999999926,22.82110551037366,20007.81493360785,3.09201313423205,74.64633774757385,1.1519017219543457,75.79824185371399,-1.8978118632162477e-08,1.989746124309022e-06
192.17994276406176,348.465,500.0,0.0,198,3960000,17,0.02210182696580887,0.587098240852356,0.00020099999999999925,8.054309123501525,32.630527936604516,-0.023192882552404547,66.31304168701172,12.655437469482422,78.96848058700562,-1.1825561863076928e-08,6.866454960174906e-09
164.76615304251192,0.0,500.0,0.0,199,3980000,17,0.02113311178982258,0.5898851752281189,0.00020049999999999924,8.034722319664745,19.681921041464502,-0.02185159219270787,78.80491065979004,14.077240467071533,92.88215255737305,-1.997947762788499e-08,3.204345588869728e-08
191.2112259887374,1.525,500.0,0.0,200,4000000,10,0.020464986562728882,0.5922260284423828,0.00019999999999999925,9.075923220115373,16.693164250820498,-0.015873862991604624,67.98594617843628,9.705003499984741,77.6909511089325,2.336502102906479e-09,-5.340575981449547e-09
177.28555898677402,0.0,500.0,0.025,201,4020000,1,0.04450630024075508,0.5941523909568787,0.00019949999999999927,290.06489113916325,102.56769880463806,0.11371705223676525,63.09352087974548,0.9171247482299805,64.01064848899841,2.069473303834002e-08,-7.629394644936838e-07
3.8013894798055623,0.0,500.0,0.0,202,4040000,1,0.023160718381404877,0.595704197883606,0.00019899999999999928,89.77107632311085,76.67098762415633,0.039509227711565884,65.98500728607178,0.9819183349609375,66.96692776679993,5.0735472711949114e-08,9.552002211421495e-07
3.820306215320957,0.0,500.0,0.0,203,4060000,13,0.025756655260920525,0.596917450428009,0.0001984999999999993,32.264310866042955,33.55277616116413,-0.006388241151744951,65.04333472251892,11.959075450897217,77.00241374969482,4.577636936176077e-09,-2.639770571022382e-07
3.3888515355143456,0.0,500.0,0.0,204,4080000,7,0.023264918476343155,0.5978246331214905,0.0001979999999999993,29.955455160917037,25.212327748483172,-0.0003194857243899842,67.62264227867126,6.516552686691284,74.1391990184784,-1.3351439953623867e-09,7.553100545010238e-08
126.86070321649223,0.0,500.0,0.025,205,4100000,36,0.020287951454520226,0.5984550714492798,0.00019749999999999933,23.1095033126206,16.306906166961927,-0.011519973143200362,62.22704362869263,29.970608711242676,92.19765424728394,1.0681151962899094e-08,5.493163968139925e-08
87.33638228026392,0.0,500.0,0.017499999999999998,206,4120000,19,0.022347649559378624,0.598835289478302,0.0001969999999999993,68.75041974758324,18.121799394021743,-0.00983968685982348,63.37079668045044,16.208477020263672,79.57927560806274,-9.536743617033494e-10,-9.155273517080786e-08
158.8969070092611,0.0,500.0,0.0325,207,4140000,9,0.038936879485845566,0.5989891886711121,0.00019649999999999933,90.20964743215826,13.960266580058553,-0.0023895949989808764,68.14252972602844,7.960800409317017,76.10333275794983,-2.6702879907247734e-09,4.482269133632144e-08
52.977190108413765,0.0,500.0,0.01,208,4160000,15,0.02163236029446125,0.5989383459091187,0.00019599999999999934,90.82621528206998,13.511374879185157,-0.006210173880838581,63.411224126815796,12.950469017028809,76.36169576644897,-1.354217538107605e-08,2.2888184680880386e-09
197.2812632216395,0.0,500.0,0.04,209,4180000,40,0.016306197270751,0.5987022519111633,0.00019549999999999936,81.58872788344758,12.366987130008166,-0.010669096335186623,60.4845027923584,34.89106273651123,95.37556767463684,1.1444092340440193e-09,2.2125243859250077e-08
127.28394744199446,0.0,500.0,0.025,210,4200000,8,0.022633345797657967,0.5982984900474548,0.00019499999999999935,148.5192292702349,11.871881341632408,-0.001841914369223663,62.368900775909424,7.215899229049683,69.5848035812378,-3.051757735406113e-09,-1.035690289086233e-07
127.17118127015729,0.0,500.0,0.025,211,4220000,23,0.022354163229465485,0.5977429151535034,0.00019449999999999936,172.91534745516066,11.00755502315557,-0.007466332928518968,68.99370336532593,18.840525150299072,87.83423209190369,1.2683868177987279e-08,8.010864149810004e-08
4.1215277293618495,0.0,500.0,0.0,212,4240000,9,0.023774413391947746,0.5970498919487,0.00019399999999999935,211.9844778197727,11.703308481036695,-0.0016737872166179236,71.95378994941711,8.499491453170776,80.4532835483551,-5.340575981449547e-09,9.155273872352154e-09
245.05721384583143,0.0,500.0,0.05,213,4260000,3,0.02071337215602398,0.5962322950363159,0.00019349999999999936,299.36535856190613,12.69779625421838,0.0037462721737926896,59.97726130485535,2.6592164039611816,62.63647985458374,1.688003514743741e-08,1.0681151962899094e-08
22.984604744443818,0.0,500.0,0.0037500000000000007,214,4280000,16,0.022881649434566498,0.5953018665313721,0.00019299999999999938,240.69761230975766,11.935632544227794,-0.00584327414907409,62.21452045440674,14.232884645462036,76.44740653038025,-1.3351439953623867e-09,7.553100545010238e-08
232.74024588242742,0.0,500.0,0.04625,215,4300000,16,0.025666167959570885,0.5942690968513489,0.00019249999999999937,293.2638591150694,12.020805745939665,-0.00645630790014262,63.77734589576721,13.032613277435303,76.80996084213257,-3.433227480087453e-09,-7.2479249269008506e-09
244.53914863112306,0.0,500.0,0.05,216,4320000,25,0.02055247500538826,0.5931434631347656,0.00019199999999999938,266.79655009788803,11.245081052659433,-0.007325131751337572,62.901362895965576,22.675201892852783,85.57656741142273,-6.580352707175052e-09,6.256103546320446e-08
10.35961343594759,0.0,500.0,0.00125,217,4340000,11,0.02169378474354744,0.5919336080551147,0.0001914999999999994,305.49375457675876,11.14332756156614,-0.0049812855328657205,64.0898985862732,9.45357871055603,73.54347920417786,9.536742923144104e-11,-3.128051773160223e-08
137.34274914693557,0.0,500.0,0.027500000000000004,218,4360000,12,0.025460144504904747,0.5906472206115723,0.00019099999999999938,292.4997150223969,11.300337343779294,-0.0005814958273389923,65.01756525039673,12.139695882797241,77.1572630405426,9.536743617033494e-10,-4.1961669694501325e-09
225.925899310658,0.0,500.0,0.04625,219,4380000,18,0.02040223591029644,0.5892913341522217,0.0001904999999999994,273.41216138847767,10.887104819763227,-0.007970056264384868,70.88985657691956,14.522587776184082,85.41244578361511,4.768371808516747e-10,8.811950635845278e-08
126.4855055448027,0.0,500.0,0.025,220,4400000,29,0.02183905430138111,0.5878722667694092,0.00018999999999999941,252.35251834183373,10.699991918869385,-0.007915420481095286,65.11221551895142,27.264859437942505,92.37707686424255,-3.6239624634504253e-09,3.1661986810149756e-08
3.5642977868117782,0.0,500.0,0.0,221,4420000,8,0.02467714622616768,0.5863956809043884,0.0001894999999999994,99.00408504280863,11.053427878814407,0.00022858767173418044,61.52382850646973,6.337853193283081,67.86168360710144,-1.2588500908350397e-08,-1.4686584393075464e-08
176.86873122524835,0.0,500.0,0.036250000000000004,222,4440000,3,0.021083205938339233,0.5848667621612549,0.0001889999999999994,329.8001693532437,11.444685235808167,0.002878013171082685,75.86031341552734,2.661104679107666,78.52142119407654,1.907348723406699e-09,-6.484985437538171e-09
291.9213483395023,0.0,500.0,0.05874999999999999,223,4460000,23,0.024238338693976402,0.5832901000976562,0.00018849999999999938,204.85450882457675,10.456684107300207,-0.00828528238281538,70.70637798309326,20.686667919158936,91.3930492401123,-6.43730180271973e-09,-9.918212917625624e-09
29.427390267225366,0.0,500.0,0.005,224,4480000,3,0.023287136107683182,0.5816699266433716,0.00018799999999999937,249.79626044744177,10.741081233769027,0.0017882128096802577,66.18540787696838,2.5835108757019043,68.76892018318176,3.8146971692576415e-10,-1.1444092340440193e-09
127.60778313265988,0.0,500.0,0.025,225,4500000,12,0.020287448540329933,0.5800099968910217,0.00018749999999999938,239.64366365183255,10.748523515991018,-0.005365190144705896,58.354252338409424,9.69067096710205,68.04492568969727,3.6239624634504253e-09,6.980896216646215e-08
4.346118178050261,0.0,500.0,0.0,226,4520000,20,0.02132646180689335,0.5783137083053589,0.00018699999999999937,115.93940465540825,10.279952667936493,-0.006224131816408679,73.17421269416809,19.362390518188477,92.53660559654236,-1.7166137400437265e-09,-5.149841442175784e-09
246.42344845413936,0.0,500.0,0.05,227,4540000,24,0.023793194442987442,0.5765841603279114,0.00018649999999999936,352.6986432588553,10.277238030473894,-0.009513069630059205,65.69618773460388,21.35413384437561,87.05032420158386,-3.8146971692576415e-10,-1.7166136956348055e-08
123.38386997128535,0.0,500.0,0.025,228,4560000,30,0.02166755683720112,0.5748241543769836,0.00018599999999999934,165.61815805877814,9.874446392059326,-0.007264119215537539,63.00980019569397,27.04757046699524,90.05737209320068,2.2888184680880386e-09,-3.2329559473964764e-08
4.529275987056954,0.0,500.0,0.0,229,4580000,35,0.02155177667737007,0.5730361342430115,0.00018549999999999936,78.41924081012526,9.037029341202748,-0.010274154807240525,63.720378398895264,31.79211926460266,95.51250100135803,-3.185272134942352e-08,-4.816055465539648e-08
268.63761527611666,0.0,500.0,0.053750000000000006,230,4600000,29,0.021874941885471344,0.5712224245071411,0.00018499999999999935,259.94548234768905,9.839377671337086,-0.010588197490230482,66.058438539505,24.11652421951294,90.1749656200409,-3.051757735406113e-09,-4.1961669694501325e-09
232.53221315006067,0.0,500.0,0.04625,231,4620000,8,0.020156340673565865,0.5693850517272949,0.00018449999999999936,176.9635765884496,9.012822237195849,-0.002865384296547987,66.7945487499237,6.420318126678467,73.21486949920654,1.3256072683986986e-08,6.103515470812226e-09
84.60383915871414,0.0,500.0,0.01625,232,4640000,21,0.02232743240892887,0.5675258636474609,0.00018399999999999935,152.5654694773908,8.903597372996655,-0.005572726054163678,63.77136039733887,17.92526626586914,81.69662857055664,-2.2888183792701966e-08,-2.007484489752187e-08
169.26216185716538,0.0,500.0,0.03375,233,4660000,16,0.02012384869158268,0.5656465291976929,0.00018349999999999936,155.72732970080799,9.298946494543099,-0.006229607938126443,61.61438822746277,14.404104232788086,76.01849603652954,3.1709670444968197e-09,2.403259280470138e-08
3.179770694191231,0.0,500.0,0.0,234,4680000,9,0.024281466379761696,0.5637485384941101,0.00018299999999999935,101.0535480697782,9.582939739468731,-0.0017992784701413495,64.87609720230103,7.6641106605529785,72.54021120071411,-5.197525076994225e-09,-2.8610228852699038e-08
3.923262948195801,0.0,500.0,0.0,235,4700000,12,0.020209873095154762,0.5618332624435425,0.00018249999999999934,155.2484085288229,9.209398610682427,-0.003022657290792666,63.51567602157593,13.85568904876709,77.37136816978455,-5.7220459481754915e-09,-8.964538444899972e-09
16.213124514518107,0.0,500.0,0.0025,236,4720000,13,0.020139401778578758,0.5599018931388855,0.00018199999999999936,142.7521128259824,9.197456975526448,-0.005168160359931071,76.03082633018494,11.689146518707275,87.71997570991516,-1.4209747156712638e-08,2.6130676289426447e-08
111.88703554545756,0.0,500.0,0.0225,237,4740000,22,0.021262869238853455,0.5579555630683899,0.00018149999999999937,102.33926616576517,9.485655389528967,-0.00712643890219373,62.710721492767334,19.73485016822815,82.44557499885559,-1.506805347162299e-08,-2.0217894913798773e-08
5.119875958672066,0.0,500.0,0.0,238,4760000,12,0.024491606280207634,0.5559952855110168,0.00018099999999999936,87.63276616832879,10.543913436841361,-0.0052046003257305625,69.06156706809998,10.26854920387268,79.33011794090271,2.2125243859250077e-08,4.1961669694501325e-09
127.41794641708756,0.0,500.0,0.025,239,4780000,37,0.022610871121287346,0.554021954536438,0.00018049999999999935,98.37920286979245,8.919814461516552,-0.009705794408099851,62.82969570159912,30.163233518600464,92.99293160438538,-3.6239624634504253e-09,3.2329559473964764e-08
33.41233519437357,0.0,500.0,0.00625,240,4800000,19,0.021776145324110985,0.5520363450050354,0.00017999999999999936,44.923941481994994,8.915077028395254,-0.006255798826247285,56.416096210479736,16.03865075111389,72.45474982261658,-1.1825561863076928e-08,-5.7983399415206804e-08
358.5772023706742,0.0,500.0,0.075,241,4820000,34,0.021937450394034386,0.5500392317771912,0.00017949999999999938,131.68723852174637,9.165969625304017,-0.00906831878392589,61.59605097770691,26.03508758544922,87.63114023208618,-6.484985437538171e-09,8.583068478174027e-09
92.64125987637614,0.0,500.0,0.01875,242,4840000,23,0.020035672932863235,0.5480312705039978,0.0001789999999999994,37.71023073758013,8.544737726105526,-0.008471029829956594,64.1864583492279,20.05377435684204,84.24023485183716,2.3365020140886372e-08,6.294250454175199e-09
5.051232336557881,0.0,500.0,0.0,243,4860000,10,0.02317534200847149,0.5460130572319031,0.00017849999999999938,30.224927260000495,8.38341221266155,-0.0032705420455777477,67.91231107711792,9.107723236083984,77.02003765106201,0.0,4.76837147544984e-09
78.4242133253782,0.0,500.0,0.015000000000000003,244,4880000,28,0.02195824682712555,0.54398512840271,0.0001779999999999994,141.71532827820528,8.519810395258029,-0.008189495361928372,65.11017560958862,24.208988904953003,89.31916666030884,-4.148483334631692e-09,4.1961669694501325e-09
177.04857452578986,0.0,500.0,0.035,245,4900000,18,0.020145529881119728,0.5419480204582214,0.0001774999999999994,83.46400519530648,8.754352542418468,-0.006540732266009378,59.42048907279968,23.36657428741455,82.78706669807434,-1.0013580187262505e-08,3.204345588869728e-08
5.820367108755326,0.0,500.0,0.0,246,4920000,10,0.020417241379618645,0.5399021506309509,0.00017699999999999942,69.41950149898288,8.821503380884097,-0.004419694060483311,69.78772473335266,8.601858854293823,78.38958668708801,9.155273872352154e-09,1.3351439953623867e-09
4.4747766727211085,0.0,500.0,0.0,247,4940000,27,0.020453667268157005,0.5378478765487671,0.0001764999999999994,39.56557146439908,8.154846329785153,-0.006946845203018069,65.12987756729126,23.80964684486389,88.93952775001526,6.484985437538171e-09,2.479553229406406e-09
16.655074810327786,0.0,500.0,0.0025,248,4960000,40,0.017809024080634117,0.5357856154441833,0.0001759999999999994,94.33984684068946,7.876694281644459,-0.008213990678954751,64.80997848510742,35.06154751777649,99.87152791023254,-2.632141082870021e-08,1.9073485846288207e-10
238.05069753490025,0.0,500.0,0.0475,249,4980000,20,0.021675994619727135,0.5337156653404236,0.00017549999999999941,120.58646554343308,7.740746883802776,-0.004135975436325173,68.7109911441803,16.85148596763611,85.56247925758362,1.0490417423625331e-09,-1.9454956756703723e-08
128.72764074299766,0.0,500.0,0.025,250,5000000,21,0.02011612057685852,0.5316382646560669,0.00017499999999999943,151.11849862340705,8.183037345706877,-0.0067723785401302295,67.83996391296387,17.269843816757202,85.10980939865112,4.76837147544984e-09,1.125335735707722e-08
225.4480447817803,0.0,500.0,0.045,251,5020000,15,0.020608866587281227,0.5295537710189819,0.00017449999999999942,150.34113072343013,8.537968295535961,-0.00527889921692424,63.49244213104248,17.884486198425293,81.37693071365356,-1.4472007592303271e-08,1.354217538107605e-08
379.35958735175336,0.0,500.0,0.07625000000000001,252,5040000,31,0.023270750418305397,0.527462363243103,0.00017399999999999943,141.92866582703036,8.148374411659661,-0.00760844434593816,64.46729803085327,24.549317598342896,89.01661777496338,-1.3828277412031298e-09,-4.577636936176077e-09
65.37055326567847,0.0,500.0,0.016250000000000004,253,5060000,11,0.022868407890200615,0.5253642797470093,0.00017349999999999942,91.00455023147705,7.583776709399646,-0.004498777511048423,66.94690656661987,8.53415298461914,75.48106217384338,7.915496702537439e-09,1.6593933338526767e-08
283.755746792373,0.0,500.0,0.0625,254,5080000,22,0.022146739065647125,0.5232597589492798,0.0001729999999999994,187.63205432562614,7.6885496275060055,-0.005193223089105112,58.795549631118774,23.74069356918335,82.53624534606934,-2.0503998499066256e-09,1.1062621929625038e-08
238.71103787839834,0.0,500.0,0.0475,255,5100000,11,0.02127767913043499,0.5211489200592041,0.0001724999999999994,225.95071356699847,8.047093567008664,-0.004360915554185817,61.508517265319824,8.50603461265564,70.01455497741699,5.722046170220096e-10,1.4495849853801701e-08
16.716465640411,0.0,500.0,0.0025,256,5120000,13,0.024583987891674042,0.5190319418907166,0.0001719999999999994,211.49947203215513,7.822823526332302,-0.003835683586502116,64.8410325050354,11.940897703170776,76.78193306922913,-7.534026735811494e-09,1.2493133638713516e-08
246.00404526002052,0.0,500.0,0.05,257,5140000,6,0.023204095661640167,0.5169090032577515,0.0001714999999999994,103.27722580422832,7.545310734696529,2.844549100531682e-05,63.64072799682617,4.429816007614136,68.07054543495178,5.7220459481754915e-09,3.98159016867794e-08
206.92047362677485,0.0,500.0,0.0425,258,5160000,8,0.02274767868220806,0.5147802233695984,0.0001709999999999994,158.65416871746885,7.568962542316582,-0.0033094831786554635,60.97797226905823,6.977335691452026,67.9553108215332,-3.862381081631838e-09,-3.118514868560851e-08
340.5322203678884,0.0,500.0,0.07250000000000001,259,5180000,19,0.02064753696322441,0.5126457214355469,0.00017049999999999943,144.28488340638305,7.913425719396501,-0.006706655505569347,61.26324939727783,14.475040197372437,75.73829245567322,-5.7220459481754915e-09,-1.3351439953623867e-09
292.1924356694237,0.0,500.0,0.06,260,5200000,11,0.02113688364624977,0.5105055570602417,0.00016999999999999944,216.26196682384565,7.931618202679177,-0.004921498288313662,78.80315232276917,9.533354997634888,88.336510181427,-9.536742923144104e-11,5.340575981449547e-09
128.76736666058133,0.0,500.0,0.025,261,5220000,3,0.020222866907715797,0.5083599090576172,0.00016949999999999946,170.94222694107248,7.987458575123976,0.004218692178071677,57.86087989807129,2.616358518600464,60.47724199295044,-1.4114379887075756e-08,2.7465819840699623e-08
373.7847599485511,0.0,500.0,0.075,262,5240000,10,0.02123401314020157,0.5062087774276733,0.00016899999999999945,380.20333085361915,7.833436194552651,-0.004859369112579505,75.016184091568,7.626204013824463,82.64239072799683,3.4809113369504985e-09,5.7220459481754915e-09
263.9392978414831,0.0,500.0,0.05500000000000001,263,5260000,13,0.020739078521728516,0.5040523409843445,0.00016849999999999943,278.3731836729412,7.639445580665417,-0.0050608579602369995,66.61459136009216,11.236144304275513,77.85073900222778,-2.0980834847250662e-09,-6.103515470812226e-09
512.6152012830669,0.0,500.0,0.10375000000000001,264,5280000,18,0.02129676192998886,0.5018905997276306,0.00016799999999999945,251.99779529544708,7.843365471071332,-0.005860579512330917,60.3184928894043,12.768373012542725,73.08686780929565,-7.15255771277512e-11,-4.262924235831633e-08
437.58805780481964,0.0,500.0,0.09125,265,5300000,17,0.022398727014660835,0.4997236430644989,0.00016749999999999946,193.03063119815874,8.00079154897251,-0.005899084183492865,58.9363112449646,12.833512783050537,71.76982641220093,-3.6239624634504253e-09,-1.2397766369076635e-08
272.3128628441452,0.0,500.0,0.057499999999999996,266,5320000,10,0.02220885083079338,0.4975515305995941,0.00016699999999999945,350.2816916429544,8.021949326841137,-0.0042625667250279,73.19475936889648,9.134821891784668,82.32958483695984,0.0,7.820129432900558e-09
599.5509717333932,0.0,500.0,0.12375000000000003,267,5340000,19,0.020464658737182617,0.49537432193756104,0.00016649999999999947,271.2339447804247,7.695289249026243,-0.006755888297177261,84.36638593673706,18.623717069625854,102.99010634422302,7.152557435219364e-10,1.5258788677030566e-09
223.635450156727,0.0,500.0,0.06875,268,5360000,9,0.02071150578558445,0.49319207668304443,0.00016599999999999945,226.26008183443093,7.530145321884906,-0.005267914809167396,58.209197998046875,8.719066143035889,66.92826652526855,1.354217538107605e-08,-3.8051606310318675e-08
175.1358055940837,0.0,500.0,0.05625,269,5380000,7,0.02026165835559368,0.4910048246383667,0.00016549999999999944,271.09031568254744,7.518286742957117,-0.002606716778535214,72.90420484542847,5.041224241256714,77.94543170928955,-9.059906158626063e-10,1.0490417423625331e-08
92.88752728235521,0.0,500.0,0.02375,270,5400000,5,0.02181214652955532,0.4888126254081726,0.00016499999999999946,91.90134187529358,7.7729752419870115,4.280317291806016e-07,66.89642810821533,4.346996307373047,71.24342632293701,-2.002716037452501e-08,2.4986267277427032e-08
141.03793135105948,0.0,500.0,0.028750000000000005,271,5420000,7,0.02098475955426693,0.48661550879478455,0.00016449999999999944,123.4579655300644,7.66977664661235,0.0007220422385924009,60.28316950798035,5.217728614807129,65.50090003013611,-9.536742923144104e-11,-2.38418573772492e-09
308.8720811919462,0.0,500.0,0.08499999999999999,272,5440000,18,0.02018583007156849,0.4844135046005249,0.00016399999999999946,315.20148661569203,7.460116644616536,-0.0066143558108484905,75.61891293525696,20.67305088043213,96.29196786880493,-1.239776614703203e-09,-1.9454956756703723e-08
412.5563342009276,0.0,500.0,0.08499999999999999,273,5460000,23,0.020819269120693207,0.48220664262771606,0.00016349999999999945,170.02034978808842,7.413414189890314,-0.006242969758136133,69.09489870071411,17.495887756347656,86.5907883644104,-4.577636936176077e-09,-7.629394893626795e-09
514.9290399865589,0.0,500.0,0.1075,274,5480000,19,0.02319580689072609,0.4799949526786804,0.00016299999999999944,254.18999761331088,7.657303040381831,-0.006695508752775184,72.97788453102112,14.113637447357178,87.09152388572693,2.8610229740877458e-09,-5.149841442175784e-09
312.5969957894518,0.0,500.0,0.06375,275,5500000,5,0.02234404906630516,0.47777846455574036,0.00016249999999999945,245.0899128249929,9.16848272975487,-0.002482197495012344,72.80931687355042,4.19913911819458,77.0084593296051,2.38418573772492e-09,-8.392333938900265e-09
370.5660190672913,0.0,500.0,0.07625,276,5520000,9,0.02029278129339218,0.47555720806121826,0.00016199999999999944,299.20339909753386,11.258159358457842,-0.003329798505862889,60.320335388183594,7.7955286502838135,68.11586618423462,-1.6212463593845428e-09,-3.051757735406113e-09
508.534761920852,0.0,500.0,0.10500000000000001,277,5540000,13,0.020801806822419167,0.4733312129974365,0.00016149999999999943,373.89022829748524,9.212466122461038,-0.0025802267971063195,75.32598996162415,11.721015930175781,87.04700756072998,-4.0531160649948106e-09,-8.392333938900265e-09
334.7211190619675,0.0,500.0,0.06875,278,5560000,9,0.02046586014330387,0.47110047936439514,0.00016099999999999941,116.12469164262173,8.352053599350898,-0.0034874390719691617,62.069579124450684,8.176669120788574,70.24625039100647,-1.0585784693262212e-08,4.76837147544984e-09
225.6714176162547,0.0,500.0,0.045,279,5580000,13,0.023031430318951607,0.4688650369644165,0.00016049999999999943,183.7840932142189,9.289861410246852,-0.006147913443207552,68.7406234741211,11.334752559661865,80.07537746429443,-6.008148201175345e-09,-3.814697446813398e-09
630.4108573568769,0.0,500.0,0.13125,280,5600000,14,0.020941568538546562,0.466624915599823,0.00015999999999999944,397.7490334916072,11.183530510441951,-0.009982110685428898,58.09025001525879,12.699280738830566,70.78953266143799,-1.19209286886246e-09,1.4495849853801701e-08
408.8869123016461,0.0,500.0,0.08625,281,5620000,11,0.02084982581436634,0.4643801152706146,0.00015949999999999943,316.06631663095277,8.908640531730871,-0.005655761327759563,62.710176944732666,9.993701696395874,72.70388126373291,-8.201599399626502e-09,3.814697446813398e-09
618.3979257460609,0.0,500.0,0.1275,282,5640000,22,0.026878509670495987,0.46213066577911377,0.00015899999999999942,308.4254070167849,8.08185549160965,-0.008521205339054561,66.49237608909607,21.516340017318726,88.00871896743774,-3.6239624634504253e-09,4.76837147544984e-09
890.5998393958387,0.0,500.0,0.21749999999999997,283,5660000,22,0.021785667166113853,0.45987656712532043,0.00015849999999999943,492.473792826759,7.519449170631699,-0.00925301753154123,53.136393547058105,19.363227128982544,72.4996223449707,-1.287460360543946e-09,2.3746490995790737e-08
358.2523417563005,0.0,500.0,0.08625000000000001,284,5680000,4,0.02109757624566555,0.457617849111557,0.00015799999999999945,399.39840489399586,8.074322602416895,0.0005602462307838841,64.58326458930969,3.492734670639038,68.07600212097168,-3.814697446813398e-09,-1.754760781125242e-08
273.2853010004916,0.0,500.0,0.05625,285,5700000,1,0.02119886316359043,0.4553545117378235,0.00015749999999999944,198.0867866322964,7.956566623494595,0.0044899920555704,61.716153144836426,0.8598318099975586,62.57598686218262,3.7193297330873065e-09,-2.8610229740877458e-09
383.0188189938588,0.0,500.0,0.07875,286,5720000,19,0.020364023745059967,0.4530865550041199,0.00015699999999999945,283.6698425618273,7.728917587923257,-0.0064186343998753085,63.75942039489746,16.487826108932495,80.24724912643433,7.2479249269008506e-09,-1.525878978725359e-08
551.0006974300416,18.375,500.0,0.13999999999999999,287,5740000,2,0.03487658128142357,0.4509810507297516,0.00015649999999999947,656.107014088691,35.41277516340907,-0.00185838584858877,62.403244733810425,1.8653178215026855,64.26856565475464,9.059905714536853e-09,-5.111694179049664e-08
592.6106551623159,0.0,500.0,0.14625,288,5760000,18,0.024371640756726265,0.44885456562042236,0.00015599999999999946,391.22135141429015,10.622076446664652,-0.006945327626254394,60.44215679168701,14.454963207244873,74.8971221446991,3.433227480087453e-09,-2.2888184680880386e-09
1067.0782668677732,0.0,500.0,0.2225,289,5780000,21,0.020034272223711014,0.44670870900154114,0.00015549999999999947,416.715484400698,7.820913491585371,-0.008042691494484172,63.00736212730408,18.74485158920288,81.75221562385559,-1.5830993405074878e-08,2.0980834847250662e-09
1187.9277248251433,0.0,500.0,0.30250000000000005,290,5800000,14,0.021008411422371864,0.4445449411869049,0.00015499999999999948,381.8944451571804,7.601113556522142,-0.0076142959663001095,64.23555207252502,11.5689857006073,75.80454063415527,3.814697446813398e-09,2.326965287124949e-08
444.47591440308736,0.0,500.0,0.11125,291,5820000,5,0.020673571154475212,0.44236457347869873,0.0001544999999999995,527.6792705487601,7.8275890362413625,-0.003467909651042163,64.65798354148865,4.517674446105957,69.1756603717804,-1.4305114870438729e-09,2.9373168786150927e-08
952.419040414267,328.275,500.0,0.215,292,5840000,1,0.2522151470184326,0.443182110786438,0.00015399999999999951,1180.3784720505341,15636.429060610035,0.615414523248431,59.494439125061035,0.8418312072753906,60.33627271652222,-6.055831835993786e-09,-4.577636616431846e-07
671.6591971248989,0.0,500.0,0.14375,293,5860000,19,0.022179588675498962,0.44368964433670044,0.0001534999999999995,452.91063821323706,21.48787728855405,-0.014673160982853687,67.51845073699951,17.00072455406189,84.51917767524719,3.433227480087453e-09,-1.5258788721439487e-07
533.4949257362089,0.0,500.0,0.1375,294,5880000,6,0.02120782993733883,0.4439171850681305,0.0001529999999999995,435.29153289473004,13.060375527490544,-0.0037288887805466534,62.30594348907471,5.434129238128662,67.74007534980774,1.239776614703203e-09,-9.918212917625624e-09
378.0124938751439,0.0,500.0,0.10500000000000002,295,5900000,13,0.024314943701028824,0.4438917934894562,0.0001524999999999995,220.8295694739352,10.853063845704106,-0.004165261318705824,72.57681035995483,11.639636039733887,84.21644878387451,2.2888184680880386e-09,4.577636936176077e-09
651.1156951989166,0.0,500.0,0.18625,296,5920000,19,0.0218084417283535,0.443637877702713,0.00015199999999999952,521.9289719405609,13.365170382563866,-0.01156250442357127,61.412521839141846,16.122076511383057,77.53460144996643,-1.5449524326527353e-08,1.5258788677030566e-09
829.9448977471486,0.0,500.0,0.215,297,5940000,14,0.02058069407939911,0.4431774318218231,0.00015149999999999954,609.9750724847665,11.709290332432035,-0.009384568013119467,60.94650459289551,11.840441942214966,72.78694820404053,5.531310964812519e-09,-3.051757735406113e-09
888.0609371072799,0.0,500.0,0.23625,298,5960000,10,0.025376753881573677,0.4425303041934967,0.00015099999999999952,506.8341010226479,9.104745144783696,-0.005197507965295941,62.83764624595642,11.09317922592163,73.93082785606384,-1.0585784693262212e-08,6.484985437538171e-09
1165.896666713239,0.0,500.0,0.26749999999999996,299,5980000,12,0.02927146852016449,0.4417143762111664,0.0001504999999999995,617.2637028472836,11.22699491182963,-0.004627913045294127,61.628411293029785,13.004929780960083,74.6333441734314,-5.722046170220096e-10,-2.479553273815327e-08
1028.8887055545717,0.0,500.0,0.22125,300,6000000,11,0.020246924832463264,0.44074583053588867,0.0001499999999999995,548.3887564611929,11.849179803433435,-0.0077152105639886935,74.6799054145813,9.014587163925171,83.69449377059937,5.722046170220096e-10,9.53674295089968e-09
1366.0933287938012,2667.7112500000003,500.0,0.12125,301,6020000,1,0.6336613297462463,0.4622161388397217,0.00014949999999999951,1199.422407319274,174993.95277887658,25.928521840632715,78.08762669563293,0.868800163269043,78.95642900466919,5.369186339976295e-08,-2.6855468604480848e-06
995.8477210938947,789.2512499999999,500.0,0.0,302,6040000,1,0.6571500897407532,0.48782825469970703,0.00014899999999999953,712.524527247948,50770.39487568336,0.5380300958699817,69.83060002326965,0.891686201095581,70.72228741645813,5.283355619667418e-08,8.78906234902388e-07
1047.7361180497842,2222.2225000000008,500.0,0.0,303,6060000,1,0.11465566605329514,0.5269607305526733,0.00014849999999999952,646.5619752135458,69750.24263251582,66.72765192691284,60.42099332809448,0.7808947563171387,61.201889753341675,-7.2479249269008506e-09,6.591797045985004e-07
1041.3400140676106,947.0475,500.0,0.0,304,6080000,1,0.06276576966047287,0.5691360235214233,0.00014799999999999953,471.26611849627915,72061.98049038272,3.7291740220558793,58.234296798706055,0.8246347904205322,59.0589325428009,5.817413395448057e-08,-2.4414061883248905e-08
1095.1628479296032,564.4125,500.0,0.0,305,6100000,12,0.02320915088057518,0.6112655997276306,0.00014749999999999952,149.36100188186904,442.758424630145,-0.08785917045438528,59.072280406951904,13.290058851242065,72.3623399734497,-6.294250454175199e-09,8.239746307481255e-08
1194.7935813790232,946.155,500.0,0.025,306,6120000,1,0.3001614212989807,0.6560540199279785,0.00014699999999999953,598.9710975357249,39849.26874242855,0.007238914694967149,71.93693256378174,0.9059343338012695,72.84286880493164,-2.574920721087892e-09,9.521484116703505e-07
997.4342839935149,465.64750000000004,500.0,0.0,307,6140000,3,0.11993453651666641,0.6997772455215454,0.00014649999999999952,263.2851709293414,56579.450995497566,1.6522647382589333,64.6514539718628,3.4906952381134033,68.14215135574341,3.4713746543957313e-08,3.4179688555013854e-06
1037.0902399337192,3041.80625,500.0,0.02125,308,6160000,2,0.17161042988300323,0.757157027721405,0.0001459999999999995,517.9253635647931,68180.16510705103,2.13099213717859,69.52246475219727,1.953892707824707,71.47635912895203,1.8692016823251834e-08,2.3925781533762347e-06
1078.7992449801488,165.86125,500.0,0.0037500000000000007,309,6180000,40,0.01544577069580555,0.8098886013031006,0.0001454999999999995,91.40385912883131,20205.209423212462,-0.38547361859037904,63.226513385772705,38.440773248672485,101.6672887802124,2.632141082870021e-08,-2.6367188183940016e-06
1001.1898633537039,1747.7099999999998,500.0,0.0,310,6200000,2,0.05222814902663231,0.8681346774101257,0.0001449999999999995,205.26691147043735,26680.888640971123,1.2461626080772545,63.671515703201294,1.8810265064239502,65.55254364013672,4.673004205812958e-09,-1.9531250927684596e-06
977.2184449323413,1306.6024999999997,500.0,0.0,311,6220000,1,0.02644306980073452,0.9286960959434509,0.0001444999999999995,199.0718353850932,110242.79573773734,5.824114165728605,62.20961046218872,0.846846342086792,63.05645823478699,-1.19209286886246e-09,5.859375278305379e-07
1118.9539229054421,978.5475,500.0,0.0,312,6240000,34,0.023161960765719414,0.9893808364868164,0.0001439999999999995,70.083826696349,2072.555618564495,-0.30635517881524404,68.42220258712769,29.554431200027466,97.97663474082947,-1.3160705414350105e-08,-1.1352539104336756e-06
972.5091732527737,61.397499999999994,500.0,0.0,313,6260000,6,0.020280251279473305,1.044346809387207,0.0001434999999999995,69.05349877916811,1417.9306156464268,-0.1299372671117008,69.76990699768066,5.066333532333374,74.83624219894409,1.5354157056890472e-08,-5.37109372089617e-07
956.679583785976,114.44000000000001,500.0,0.0,314,6280000,13,0.020079556852579117,1.094516396522522,0.00014299999999999952,46.64533399490906,1110.2319140559625,-0.12464877565508344,62.833428382873535,11.077016353607178,73.91044616699219,-9.536743617033494e-10,-1.708984314063855e-07
950.4113027165616,91.22999999999999,500.0,0.0,315,6300000,13,0.021813664585351944,1.140204906463623,0.0001424999999999995,71.11975860781423,1417.1388119304772,-0.22602719836618965,82.53557419776917,10.733638525009155,93.2692141532898,1.8596648665436533e-09,-1.9531249506599124e-07
1013.6588319522828,550.72,500.0,0.0,316,6320000,1,0.6479897499084473,1.1849045753479004,0.0001419999999999995,172.47065618973744,70166.65646014636,16.585675954818726,65.38946509361267,0.8675405979156494,66.25700688362122,-4.386901952813105e-09,1.8554687812866177e-06
989.0487659741724,1675.0087500000002,500.0,0.0,317,6340000,1,0.04888426139950752,1.2353841066360474,0.0001414999999999995,172.56147263925286,45294.16523298433,1.220094953911214,68.83189082145691,0.8621501922607422,69.69404220581055,7.438659466174613e-09,2.9296876391526894e-07
1007.5711540057233,1262.8849999999998,500.0,0.0,318,6360000,1,0.037604499608278275,1.288565993309021,0.0001409999999999995,199.42005244387855,23180.868854764143,1.0576447618158558,61.58799600601196,0.6878950595855713,62.27589201927185,5.817413217812373e-09,1.2695312534560799e-06
1003.3447786553306,1737.9175000000002,500.0,0.0,319,6380000,1,0.10343755036592484,1.3465862274169922,0.0001404999999999995,292.0161167579361,132875.35878164557,1.6404979945738105,67.80827856063843,1.0245692729949951,68.83284997940063,-1.239776614703203e-09,-5.37109372089617e-07
949.0511517526014,2574.5375,500.0,0.0,320,6400000,2,0.1628223955631256,1.4123656749725342,0.00013999999999999953,161.12149108210696,136855.17944026898,5.6674983380716055,70.20913863182068,1.7679450511932373,71.97708582878113,4.959106458812812e-09,3.051757857974735e-06
1089.471273893135,796.57875,500.0,0.0,321,6420000,1,0.04646395519375801,1.4762208461761475,0.00013949999999999954,148.74522259869153,44331.309210282336,3.157920336421532,68.45755386352539,0.9278216361999512,69.38537740707397,1.0013580187262505e-08,-1.257324242942559e-06
994.6493321304457,854.885,500.0,0.0,322,6440000,1,0.2810635268688202,1.5386604070663452,0.00013899999999999953,136.50264015680628,35076.817345727846,5.350560686256312,57.57841873168945,0.9396114349365234,58.51803135871887,3.9577483512687195e-09,-7.324218813664629e-07
972.5997489920986,625.2975,500.0,0.0,323,6460000,33,0.020296214148402214,1.5985324382781982,0.00013849999999999954,61.31332672991239,2176.472571720874,-0.5367864948959244,63.71724605560303,27.09259581565857,90.80984401702881,-2.336502102906479e-09,2.19726558725597e-07
998.1953525264169,122.25250000000001,500.0,0.0,324,6480000,1,0.24446916580200195,1.6531137228012085,0.00013799999999999953,115.62099780312067,64685.61181022548,11.947114548351191,84.97636294364929,1.1356871128082275,86.11205244064331,-1.1372566000034112e-08,9.765624753299562e-08
1003.8186635150098,1468.40625,500.0,0.0,325,6500000,40,0.01582658477127552,1.710480809211731,0.00013749999999999952,42.284130505066884,48618.146240012255,-0.2398356245288366,67.00045585632324,35.187845945358276,102.18830370903015,1.1444092340440193e-09,1.757812469804776e-06
1025.4835589483532,832.69375,500.0,0.0,326,6520000,27,0.02172238379716873,1.7669141292572021,0.0001369999999999995,44.54859577720846,963.8464810084805,-0.28123481404184736,76.88866972923279,26.109856128692627,102.9985282421112,5.4836273299940785e-09,2.19726558725597e-07
1038.1757825489337,1255.55,500.0,0.0,327,6540000,1,0.3846469223499298,1.8247523307800293,0.0001364999999999995,142.3225671792332,66862.2398086741,-0.7120790391028682,64.09373044967651,0.8491349220275879,64.94286680221558,9.059905714536853e-09,6.103515488575795e-07
876.1532839610409,60.06,500.0,0.0,328,6560000,26,0.02160526253283024,1.8771122694015503,0.0001359999999999995,70.47909797549596,2132.2279122973837,-0.5399995077738743,65.04956483840942,23.661574125289917,88.71114182472229,2.479553229406406e-09,8.544921570319275e-08
907.7019687156841,84.71624999999999,500.0,0.0,329,6580000,18,0.025356978178024292,1.9246822595596313,0.00013549999999999953,45.098613147494156,1114.8132188263155,-0.3045305767333667,62.650710344314575,16.453179359436035,79.10389184951782,6.38961772381208e-09,8.544921570319275e-08
970.8518729031526,1352.4625,500.0,0.0,330,6600000,1,0.6708882451057434,1.9750869274139404,0.00013499999999999954,160.32586259479766,102473.09619758703,6.4575160319292095,64.3561577796936,0.8718600273132324,65.22801899909973,4.00543198608716e-09,3.12499992105586e-06
1032.406963762492,1976.94875,500.0,0.0,331,6620000,1,0.07748844474554062,2.0309839248657227,0.00013449999999999956,155.3719434134568,33606.58782263647,3.133439335641982,59.01156973838806,0.7336130142211914,59.74518394470215,-8.296966669263384e-09,-2.4414063659605745e-07
1028.3619565061474,996.53,500.0,0.0,332,6640000,1,0.5006144642829895,2.0867998600006104,0.00013399999999999954,158.3148269170447,38361.50555342662,6.003942131996155,63.466604471206665,0.8501236438751221,64.31672930717468,-9.870529282807183e-09,-3.149414169456577e-06
967.3115558504262,300.76625,500.0,0.0,333,6660000,2,0.07512865960597992,2.138720989227295,0.00013349999999999956,118.86423671094677,50229.47991248022,3.4873298951719383,63.00810980796814,1.7698955535888672,64.77800679206848,8.296966669263384e-09,8.78906234902388e-07
1009.0053371691305,867.0912500000001,500.0,0.01875,334,6680000,26,0.02091154083609581,2.1902737617492676,0.00013299999999999955,65.86436001908582,711.9893173953226,-0.28896966765742627,67.08492636680603,21.4259090423584,88.51083660125732,4.291534239087014e-09,2.19726558725597e-07
909.4771623674394,179.23874999999998,500.0,0.00625,335,6700000,1,0.40720123052597046,2.237652063369751,0.00013249999999999953,134.7976268816598,55169.65249826938,1.232720971107483,63.946518659591675,0.7479763031005859,64.69449639320374,1.0967254659988157e-08,-1.757812469804776e-06
974.1026596602812,1132.31125,500.0,0.0,336,6720000,20,0.025777142494916916,2.286529302597046,0.00013199999999999955,41.465853069401994,1065.3934770511676,-0.3769225185265458,63.767061710357666,16.953248262405396,80.72031116485596,-6.794929507947245e-09,-5.889892804589181e-07
1082.5878978084788,38.325,500.0,0.0,337,6740000,13,0.021050380542874336,2.3306736946105957,0.00013149999999999956,53.14389369039712,423.50041486225666,-0.21462087140952715,69.18735265731812,11.057783603668213,80.2451376914978,-2.38418573772492e-09,1.2207030941624453e-08
1034.2749833427574,1137.1,500.0,0.0,338,6760000,1,0.2970523238182068,2.3766613006591797,0.00013099999999999955,161.56508839281298,40930.366124406646,0.17157506942749023,60.72367811203003,0.7041923999786377,61.42787146568298,5.817413217812373e-09,0.0
954.7416648887254,0.005,500.0,0.0,339,6780000,8,0.021338440477848053,2.4179763793945312,0.00013049999999999957,49.28494884696188,501.92135437832604,-0.13241592436274396,65.18787860870361,7.356137275695801,72.54401707649231,-6.318092271584419e-09,1.2207030941624453e-08
1113.6079094314778,27.9775,500.0,0.025,340,6800000,5,0.03084397315979004,2.4552419185638428,0.00012999999999999955,107.4061817410626,1768.2183033617237,-0.1934772928870177,62.85430717468262,4.1378562450408936,66.99216485023499,-5.2452087118126656e-09,1.1596679883041361e-07
938.0839457531674,99.68499999999999,500.0,0.0,341,6820000,1,0.02246224135160446,2.4892749786376953,0.00012949999999999957,147.2143932294242,6972.340583125248,0.4273476615736756,64.71023464202881,0.8664472103118896,65.57668328285217,-6.866454960174906e-09,-5.859375278305379e-07
925.3695599260278,295.3825,500.0,0.0,342,6840000,17,0.021255791187286377,2.5215282440185547,0.00012899999999999958,72.53164797262389,1301.377147796699,-0.27316793673744594,62.16515755653381,13.202806234359741,75.36796593666077,2.9802322831784522e-09,2.19726558725597e-07
956.8599174794992,0.0,500.0,0.0,343,6860000,11,0.021246744319796562,2.550459623336792,0.00012849999999999957,74.74872429763215,702.0474229116846,-0.15903264449607105,70.6615002155304,8.53586483001709,79.19736623764038,-9.298324332718266e-10,3.662109548940862e-08
1015.0714357991521,1057.3925,500.0,0.0,344,6880000,1,0.03926742821931839,2.582414388656616,0.0001279999999999996,212.48390332958365,47913.09845047963,5.4441912551469445,62.13752198219299,0.8944895267486572,63.032012939453125,-1.3160705414350105e-08,1.2817382639696007e-06
983.2289794906543,991.83125,500.0,0.0,345,6900000,1,0.30886387825012207,2.6166980266571045,0.0001274999999999996,154.09891703158993,51336.476908623416,1.886418753032443,74.19547438621521,0.8523528575897217,75.04782819747925,3.19480886190604e-09,-3.4790039080689894e-06
1019.5022036993403,667.05125,500.0,0.0,346,6920000,1,0.07258453220129013,2.6512691974639893,0.00012699999999999962,122.54919481881058,24934.769577605814,3.3184313411954083,61.13151025772095,0.9728996753692627,62.104411125183105,-8.583068478174027e-09,-1.4648438195763447e-07
922.7927211454011,0.0,500.0,0.0,347,6940000,22,0.02179695852100849,2.68229079246521,0.00012649999999999963,52.72789361973489,1090.7951431801184,-0.3415080950787276,77.85486817359924,17.62994694709778,95.48481631278992,4.720687840631399e-09,-4.882812376649781e-08
1052.6799071415267,0.0,500.0,0.0,348,6960000,24,0.023070646449923515,2.7101118564605713,0.00012599999999999965,35.61415322219269,608.1284534800404,-0.27313419191740484,62.417688846588135,18.81426167488098,81.23195147514343,6.675719976811934e-10,3.051757957450718e-08
1083.8503768509722,0.0,500.0,0.0,349,6980000,13,0.021381095051765442,2.7350471019744873,0.00012549999999999966,57.070993709471345,731.2198298527644,-0.09718737275699678,57.55077242851257,11.794155597686768,69.34492921829224,-4.577636936176077e-09,1.831054774470431e-08
1057.437226051815,41.075,500.0,0.0,350,7000000,15,0.021817101165652275,2.7576210498809814,0.00012499999999999968,53.656945997149634,588.1573673489728,-0.17952635739045808,75.25806879997253,13.37061858177185,88.62868881225586,1.7786026873523042e-08,3.295898522992502e-07
1036.070609883817,41.720000000000006,500.0,0.025,351,7020000,14,0.022894229739904404,2.7780699729919434,0.00012449999999999967,47.31170227471571,957.1683304391761,-0.19903555527922256,60.250192642211914,11.382129192352295,71.63232326507568,-5.424022564426423e-09,-1.4038086249001935e-07
1020.3215475508625,161.985,500.0,0.0,352,7040000,15,0.02180105820298195,2.7973079681396484,0.00012399999999999965,43.986774330300115,1278.1513154878899,-0.28295699335666147,62.11546182632446,13.790627002716064,75.90609073638916,2.861023085110048e-10,-2.3193359766082722e-07
1046.6901847206682,58.795,500.0,0.0,353,7060000,6,0.020201178267598152,2.814850091934204,0.00012349999999999967,72.77311257471013,1340.0918693220565,-0.12133139187965213,62.53410983085632,5.329543590545654,67.86365461349487,-4.00543198608716e-09,1.3122559039402404e-07
976.5817414870595,0.0,500.0,0.0,354,7080000,4,0.02305721677839756,2.830517053604126,0.00012299999999999966,64.30885363228714,550.506356299678,-0.01035116533925639,64.34943079948425,3.4037632942199707,67.75319504737854,2.38418573772492e-09,-1.098632793627985e-07
984.8333764333702,0.0,500.0,0.0,355,7100000,24,0.02063899114727974,2.8444933891296387,0.00012249999999999967,41.86859465450174,323.35764239307196,-0.24530428683066952,81.28317785263062,20.300424814224243,101.58360457420349,-8.726120270807769e-09,-5.55419944703317e-07
926.539124208935,36.49875000000001,500.0,0.0,356,7120000,30,0.022117868065834045,2.857161045074463,0.00012199999999999967,45.70709337323024,1030.3212381065143,-0.4221381132266944,63.870023250579834,33.30746102333069,97.17748618125916,1.0132789718397817e-08,-2.593994281596679e-07
915.1625952616387,71.72625000000001,500.0,0.0,357,7140000,12,0.020802458748221397,2.8688578605651855,0.00012149999999999967,64.45758455212106,677.6420830593834,-0.16815811440442938,66.05502367019653,10.33151388168335,76.38653874397278,8.77380390562621e-09,-2.746581913015689e-07
1093.4229664930785,969.35625,500.0,0.0,358,7160000,1,0.4326918423175812,2.8849258422851562,0.00012099999999999967,228.74975532821463,25298.83249760881,0.9306231752226625,69.42599892616272,0.9028973579406738,70.32889819145203,-2.7656554824062596e-09,-8.78906234902388e-07
980.1073169422136,211.13625000000002,500.0,0.02125,359,7180000,1,0.3805646002292633,2.9005088806152344,0.00012049999999999968,198.89100284817852,45619.264456833465,-0.2638461295562454,64.49981737136841,0.8792140483856201,65.37903261184692,2.956390465769232e-09,-1.9531250927684596e-06
1028.7142375369654,1910.6575,500.0,0.0037500000000000007,360,7200000,1,0.37176892161369324,2.9252355098724365,0.00011999999999999968,131.04272166384925,37427.677518047865,1.0372531840318366,69.19080924987793,0.8564980030059814,70.0473084449768,3.6239624634504253e-09,-4.309082214604132e-06
921.6915849955285,143.97999999999996,500.0,0.0,361,7220000,28,0.022132281213998795,2.9482169151306152,0.00011949999999999968,47.715445323619875,1086.542295568028,-0.35229755524094564,60.26882815361023,26.501451015472412,86.7702808380127,2.1934509764065524e-09,3.295898522992502e-07
993.0375267307902,14.069999999999999,500.0,0.0,362,7240000,6,0.020483406260609627,2.9688704013824463,0.00011899999999999968,58.40797714845038,607.3526630321132,-0.055775589360717984,63.2916202545166,5.298277854919434,68.58989882469177,4.553794674677647e-09,1.4038086249001935e-07
1037.9697463709495,0.0,500.0,0.0,363,7260000,8,0.021192241460084915,2.9873433113098145,0.00011849999999999968,51.91102094891705,429.41495224192175,-0.0789343779081408,75.80760908126831,8.085490703582764,83.89310193061829,-1.3113021779531664e-08,-4.577636616431846e-07
1028.7244936649972,0.0,500.0,0.0,364,7280000,8,0.021768130362033844,3.003849983215332,0.00011799999999999968,49.40900692758681,578.4637085999115,-0.09792606761867675,63.815892696380615,7.2105889320373535,71.02648401260376,-1.3113021779531664e-09,2.4414063659605745e-07
985.0222891575237,5.2,500.0,0.0,365,7300000,18,0.020422421395778656,3.0186142921447754,0.00011749999999999968,44.437722908964304,713.4269466748888,-0.08674015220563791,67.22598218917847,15.302419185638428,82.5284035205841,3.5762786065873797e-09,1.0375976700061074e-07
1016.2412582812494,0.0,500.0,0.0,366,7320000,25,0.020960088819265366,3.0317771434783936,0.00011699999999999969,34.348381261221974,328.27631702857684,-0.22323258813800692,60.224936962127686,21.70895266532898,81.93389105796814,8.964538444899972e-09,3.051757957450718e-08
958.5753574008684,0.0,500.0,0.0,367,7340000,26,0.020243825390934944,3.0434961318969727,0.00011649999999999969,29.080954474158506,262.3490104359568,-0.1942238481488612,64.39672374725342,18.990761041641235,83.38748574256897,-1.1444092340440193e-09,4.516601563864242e-07
990.2555422819171,0.0,500.0,0.025,368,7360000,15,0.021920107305049896,3.0539133548736572,0.00011599999999999969,39.79016694338513,267.45080113149396,-0.2296764497767018,62.8666455745697,13.001104831695557,75.86775159835815,2.7656554824062596e-09,6.68334962483641e-07
1033.3114747990671,17.125,500.0,0.0,369,7380000,27,0.02100072056055069,3.0632576942443848,0.00011549999999999969,31.951306545169935,319.0490507312744,-0.17960961058777763,64.11949586868286,22.51857566833496,86.63807249069214,1.1444092340440193e-09,2.212524350397871e-07
897.9878883866868,0.0,500.0,0.0,370,7400000,23,0.02050800621509552,3.071533441543579,0.00011499999999999969,37.35286436674027,139.96123860810047,-0.15370929107197084,66.08583450317383,20.527912139892578,86.61374831199646,-2.2888184680880386e-09,2.807617249800387e-07
977.0232438470299,170.95499999999998,500.0,0.0,371,7420000,4,0.022778799757361412,3.0798556804656982,0.00011449999999999969,87.44358970545515,15031.891427052173,0.15121239631236355,66.1895432472229,3.670048952102661,69.8595929145813,-4.577636936176077e-09,-6.591797045985004e-07
1023.5056677478238,208.945,500.0,0.0,372,7440000,29,0.023408755660057068,3.0884456634521484,0.0001139999999999997,34.99284333695704,149.24713643364177,-0.21623239802161662,65.45841550827026,23.573697090148926,89.03211402893066,3.767013367905747e-09,-4.577636758540393e-08
967.0937257476942,0.0,500.0,0.0,373,7460000,21,0.02133062109351158,3.096040725708008,0.0001134999999999997,34.37067707767682,178.99574415219556,-0.15347516794496446,63.65513348579407,14.89055061340332,78.54568648338318,9.107589349355294e-09,6.103515914901436e-08
904.687986507306,0.0,500.0,0.0,374,7480000,11,0.02004053257405758,3.102738618850708,0.0001129999999999997,34.21151147475862,171.80741307485775,-0.10455882783349008,58.65658640861511,8.799511194229126,67.45609927177429,-1.5735626135437997e-09,1.647949261496251e-07
953.3779524233321,15.625,500.0,0.0,375,7500000,40,0.025155801326036453,3.1087207794189453,0.0001124999999999997,35.55434507478642,170.27033176723916,-0.35066999796353565,60.70559906959534,33.50730919837952,94.21291136741638,3.1471252270875993e-09,2.166748060972168e-07
1028.1025152500213,108.19000000000001,500.0,0.0,376,7520000,1,0.24311044812202454,3.1146087646484375,0.0001119999999999997,167.12087100065207,28688.77663296084,2.824706248090237,62.89894676208496,0.874608039855957,63.77355599403381,-3.6239624634504253e-09,1.9531249506599124e-07
894.1573620357842,1867.6525000000001,500.0,0.0,377,7540000,1,0.4972774386405945,3.1306164264678955,0.0001114999999999997,172.83368277247948,19854.641479878486,1.5386088415037227,61.92584443092346,0.7503235340118408,62.676169633865356,4.0531160649948106e-09,3.2226562325377017e-06
960.0554051646493,9.8325,500.0,0.0,378,7560000,34,0.021464023739099503,3.1449573040008545,0.0001109999999999997,35.71169105786844,154.6612483036669,-0.2031746778362559,72.35908532142639,26.763603687286377,99.12268996238708,4.768371808516747e-10,-2.166748060972168e-07
992.3629771428801,3.2049999999999996,500.0,0.0,379,7580000,22,0.020492084324359894,3.1577563285827637,0.0001104999999999997,58.93815565932332,224.24164812858416,-0.3063501641561542,62.44878101348877,19.23512029647827,81.68390274047852,-1.907348723406699e-09,-9.460449490461542e-08
971.9703457222233,12.819999999999999,500.0,0.0,380,7600000,37,0.020881474018096924,3.169222116470337,0.0001099999999999997,55.104613682280004,209.8489893183413,-0.1980922449478294,62.08631467819214,34.729987144470215,96.81630420684814,3.1471252270875993e-09,1.5869140668200998e-07
912.8180172666049,80.49375,500.0,0.0,381,7620000,1,0.020831916481256485,3.179884672164917,0.00010949999999999971,221.17345438124258,13944.648538710197,2.4610883948169175,65.09114027023315,0.8609328269958496,65.95207476615906,-3.2424927187690855e-09,-1.2207031829802872e-07
1042.300244147096,483.56624999999997,500.0,0.0,382,7640000,15,0.021088365465402603,3.192190408706665,0.00010899999999999971,69.67844709887284,605.4845395245129,-0.236749190217835,65.19075322151184,16.88124394416809,82.07199811935425,1.039505015398845e-08,-1.2207031829802872e-07
1125.526647310333,18.29,500.0,0.0,383,7660000,34,0.021231286227703094,3.2032434940338135,0.00010849999999999971,44.3346021674235,152.99592967896166,-0.222846936956686,70.74973177909851,26.839916706085205,97.58964967727661,3.2424927187690855e-09,-1.3732909565078444e-07
1046.6002714998347,0.0,500.0,0.0,384,7680000,26,0.0204151701182127,3.2130589485168457,0.00010799999999999971,27.79569091351146,121.89675264720675,-0.18501351873672403,69.84510850906372,23.21927499771118,93.06438493728638,6.294250454175199e-09,3.0517577442878974e-07
1108.8560092388725,0.0,500.0,0.0,385,7700000,33,0.021177738904953003,3.2217583656311035,0.00010749999999999971,25.578901555742117,84.29532065426292,-0.1985397118672094,64.55957889556885,31.579889059066772,96.13946962356567,-4.863738922722405e-08,-4.882812731921149e-07
1072.8421578224788,0.0,500.0,0.0,386,7720000,40,0.01896604895591736,3.2294516563415527,0.00010699999999999971,25.709846949577333,109.41301169516166,-0.2221872743891104,64.19717264175415,32.84169793128967,97.03887152671814,6.818771325356465e-09,1.831054774470431e-08
1052.6033055089306,565.95,500.0,0.025,387,7740000,2,0.12756939232349396,3.23958683013916,0.00010649999999999972,167.60678897326505,18549.84398148935,2.653730762532995,75.20357394218445,1.8439650535583496,77.04754114151001,7.605552632128365e-09,1.5747070847282885e-06
1102.8435971255903,0.0,500.0,0.0,388,7760000,34,0.020178301259875298,3.2485740184783936,0.00010599999999999972,42.63359733987724,160.64121247900127,-0.20902717068558385,65.2998275756836,30.229890823364258,95.52971982955933,7.629394893626795e-09,-1.0375976700061074e-07
999.6995717247848,3.2662500000000003,500.0,0.0,389,7780000,28,0.022564725950360298,3.2565455436706543,0.00010549999999999972,36.66097903898353,699.8818371326108,-0.4709398190879935,65.97549605369568,23.37886118888855,89.35435819625854,-2.6226043559063328e-09,-4.089355343239731e-07
1017.233279187046,62.05875000000001,500.0,0.0,390,7800000,13,0.021381694823503494,3.2639520168304443,0.00010499999999999972,37.984298199037966,74.71920386540043,-0.14975625766258044,62.902308225631714,14.210781574249268,77.11309099197388,1.2969970875076342e-08,-9.155273872352154e-09
1057.3283255751644,1.325,500.0,0.0,391,7820000,17,0.020945219323039055,3.270486831665039,0.00010449999999999972,36.475778213296465,76.58945522464573,-0.1531770679065077,61.32579302787781,15.68959641456604,77.01539063453674,5.745887765584712e-09,1.2817382355478912e-07
1004.9151309722158,3.5799999999999996,500.0,0.0,392,7840000,40,0.021600931882858276,3.2762491703033447,0.00010399999999999972,38.08550942879689,136.19478118449825,-0.20826470307958656,62.093337059020996,32.27721405029297,94.37055230140686,-4.577636936176077e-09,-2.60925304473858e-07
1012.1577082679157,32.22,500.0,0.0,393,7860000,33,0.020534781739115715,3.2814865112304688,0.00010349999999999972,25.17743758694349,54.17212294654276,-0.1973450464179713,71.02986454963684,27.04592275619507,98.07578873634338,-4.81605511026828e-09,9.521484116703505e-07
989.3249311450315,421.75124999999997,500.0,0.0,394,7880000,2,0.10754652321338654,3.2885820865631104,0.00010299999999999973,157.12831598595727,25205.93973483315,11.966215590132943,57.5448842048645,1.7927584648132324,59.33764386177063,1.7166137400437265e-09,2.4414063659605745e-07
1025.6373422558568,515.47375,500.0,0.0,395,7900000,38,0.02077275514602661,3.2979111671447754,0.00010249999999999973,43.561864612104095,110.149469334312,-0.23286855176927584,65.52532625198364,32.045040130615234,97.57036757469177,-2.7656554824062596e-09,4.1503906800244295e-07
1088.6963696823718,920.3,500.0,0.0,396,7920000,2,0.04011044651269913,3.311638832092285,0.00010199999999999973,147.18580497065676,31152.597046091585,3.100770554587811,63.43100333213806,1.6900568008422852,65.12106132507324,-1.4162063521894197e-08,1.0498047231521923e-06
1044.605722918101,121.10625,500.0,0.0,397,7940000,7,0.02068564109504223,3.32458758354187,0.00010149999999999973,84.69094336442447,14120.550041281509,0.5161785760365601,61.76052761077881,5.919860363006592,67.68038892745972,7.343292196537732e-09,-7.324218813664629e-07
995.9611581056672,605.44625,500.0,0.0,398,7960000,3,0.02193553000688553,3.3397140502929688,0.00010099999999999973,110.2323784969024,9494.580178626982,0.11799984529048582,63.517213582992554,2.644770860671997,66.16198587417603,-7.629394893626795e-09,2.4414061883248905e-08
971.1574387693563,418.99750000000006,500.0,0.0,399,7980000,40,0.020225444808602333,3.3556981086730957,0.00010049999999999973,31.718169539487814,231.15289999684202,-0.2577345310344915,63.3858916759491,31.665112018585205,95.0510048866272,7.438659466174613e-09,-1.3427734302240424e-07
1073.0296828892697,884.24375,500.0,0.0,400,8000000,2,0.1139068454504013,3.375185966491699,9.999999999999973e-05,117.08665418021286,29340.29984679403,4.874871447871003,64.28746199607849,1.8509807586669922,66.13844394683838,7.534026735811494e-09,2.8564452350110514e-06
324.833323734094,13.98125,500.0,0.0,401,8020000,37,0.020745543763041496,3.392685651779175,9.949999999999974e-05,67.16238194771348,485.1051919123427,-0.8460780670519076,68.41220545768738,33.62379026412964,102.03599786758423,-2.0980834847250662e-08,2.529907305870438e-06
188.09450050192612,0.0,500.0,0.0,402,8040000,25,0.020289994776248932,3.4083092212677,9.899999999999974e-05,82.21556090922296,157.35297178823737,-0.373143745128867,64.29130148887634,21.26145577430725,85.55275893211365,-1.0623931956388333e-07,4.562377853289945e-07
170.983888001842,83.7375,500.0,0.0,403,8060000,29,0.023352768272161484,3.4227442741394043,9.849999999999974e-05,58.83125440963019,462.0062550944774,-0.35586473004285135,63.359914779663086,26.548110723495483,89.90802645683289,4.45842758267645e-08,-2.670288040462765e-06
175.51659001643912,27.9125,500.0,0.0,404,8080000,27,0.020190393552184105,3.4357728958129883,9.799999999999974e-05,51.95014275176616,155.68766653040348,-0.3161961973146603,61.848626375198364,22.858325481414795,84.70695281028748,9.832382374952431e-08,-6.347656267280399e-07
162.17969947435137,0.0,500.0,0.0,405,8100000,22,0.020429253578186035,3.4473655223846436,9.749999999999974e-05,36.11441513309545,145.6937566094349,-0.2538104366674008,74.68704438209534,19.74977207183838,94.43681836128235,-5.7148934473616464e-08,-4.028320290672127e-07
137.96250976003552,1567.7675,500.0,0.0,406,8120000,1,0.0339939258992672,3.466876268386841,9.699999999999974e-05,227.0710921468614,77927.26405508307,2.194313284717029,75.20676589012146,0.7423417568206787,75.94910907745361,3.271102855251229e-08,-1.6601562720097718e-06
161.31767232722717,739.4074999999999,500.0,0.0,407,8140000,40,0.016814565286040306,3.4886670112609863,9.649999999999974e-05,33.27414754644225,461.9857028882715,-0.37547442307459966,62.56940269470215,35.694977045059204,98.2643814086914,7.352829101137104e-08,-2.166748060972168e-07
160.47809225820814,964.85,500.0,0.0,408,8160000,1,0.36932697892189026,3.5137951374053955,9.599999999999974e-05,166.1585713157171,25454.714887015427,1.2094137608250486,64.2820131778717,0.8501796722412109,65.13219404220581,-2.803802523487775e-08,-1.4648438195763447e-07
184.07254972878926,0.0,500.0,0.0,409,8180000,22,0.020258361473679543,3.5362954139709473,9.549999999999975e-05,36.54264317008788,249.2364687047153,-0.26444702820693783,61.32810115814209,18.091651439666748,79.41975426673889,2.231597839852384e-08,-9.765624753299562e-08
167.219120554119,0.0,500.0,0.0,410,8200000,40,0.017739485949277878,3.556427001953125,9.499999999999975e-05,27.96804913931255,135.04989090991924,-0.3113625621670692,63.831417083740234,43.659488677978516,107.49090695381165,-7.724762163263676e-09,-2.4414063659605745e-07
168.953698172913,0.0,500.0,0.0,411,8220000,25,0.02315942756831646,3.574423313140869,9.449999999999975e-05,26.840717408868333,149.0818075445634,-0.2351525087767764,66.98905944824219,20.626916646957397,87.61597728729248,2.2888184680880386e-09,9.460449064135901e-07
159.1864341626724,13.719999999999999,500.0,0.0,412,8240000,16,0.020997684448957443,3.5905768871307373,9.399999999999975e-05,25.997254262242137,382.7183314969268,-0.3167667279220363,62.827699422836304,13.550215005874634,76.37791562080383,-2.174377478070255e-08,1.3122559039402404e-07
195.56404688570706,54.879999999999995,500.0,0.0,413,8260000,36,0.020042220130562782,3.6053149700164795,9.349999999999975e-05,26.447401581266593,176.14131423692663,-0.3516261197938341,59.77530074119568,29.684829711914062,89.46013188362122,6.294250454175199e-09,-8.178710686479462e-07
189.86363571006913,0.0,500.0,0.0,414,8280000,28,0.02056613191962242,3.6184492111206055,9.299999999999975e-05,21.928662529043436,135.79563904670866,-0.3145476774654434,61.04537320137024,23.31726312637329,84.36263728141785,4.1961669694501325e-09,6.5307619934174e-07
187.11341808366433,0.0,500.0,0.0,415,8300000,35,0.02147565223276615,3.6301376819610596,9.249999999999975e-05,17.909453117825887,147.88198906206955,-0.29651824298700413,59.710726499557495,33.25593018531799,92.96665930747986,-3.2424927187690855e-09,-5.187988563193358e-07
184.83728829259786,0.0,500.0,0.0,416,8320000,40,0.018441829830408096,3.6405224800109863,9.199999999999976e-05,17.444816625872743,80.9458906807477,-0.33231229064632445,61.008934020996094,30.39997911453247,91.40891408920288,-1.0490417423625331e-09,-5.828857183587388e-07
147.6627801365806,0.0,500.0,0.0,417,8340000,33,0.02240178920328617,3.6497323513031006,9.149999999999976e-05,15.449276691842089,73.60486839756821,-0.2709984327378884,64.31262946128845,26.899963855743408,91.21259498596191,1.3351440841802287e-08,-2.7999877261208894e-07
145.31223984101817,695.875,500.0,0.0,418,8360000,2,0.09194682538509369,3.662044048309326,9.099999999999976e-05,73.84801216366925,11095.06455819818,3.2006823503518405,80.79759526252747,2.283431053161621,83.08102822303772,-7.486343100993054e-09,-2.0996094463043846e-06
162.56919703732754,0.0,500.0,0.0,419,8380000,40,0.01765567995607853,3.672990322113037,9.049999999999976e-05,15.168561572062819,127.39467443514474,-0.33771146033371835,55.00137543678284,34.66321587562561,89.66459250450134,2.336502102906479e-09,-1.0070800726680318e-07
187.4975758191078,150.10125,500.0,0.0,420,8400000,2,0.03528126701712608,3.6836092472076416,8.999999999999976e-05,55.36651449565646,36841.841785286044,3.2190931744967837,65.11366701126099,1.6268112659454346,66.74047923088074,-2.8610229740877458e-09,-1.5136719184738467e-06
179.58621943181626,429.8237499999999,500.0,0.0,421,8420000,40,0.019864048808813095,3.6956121921539307,8.949999999999976e-05,13.943646272224717,164.3359652603729,-0.30550164965724075,63.8919095993042,36.14692258834839,100.03883409500122,-2.6226043559063328e-09,-1.8005371771323553e-07
190.86323963930843,0.0,500.0,0.0,422,8440000,40,0.018634742125868797,3.7062795162200928,8.899999999999976e-05,14.713037519515316,79.32096862551532,-0.2985934107287351,63.40284562110901,35.7447988986969,99.1476457118988,1.9359589487066842e-08,-1.3732909565078444e-07
189.94773727408818,0.0,500.0,0.025,423,8460000,25,0.020038479939103127,3.715743064880371,8.849999999999977e-05,14.802114799113212,157.54407703834244,-0.2937327644040313,64.51324558258057,19.998849153518677,84.51209592819214,-7.54594786656071e-09,-2.4414061883248905e-08
166.63861442453074,1494.48125,500.0,0.025,424,8480000,32,0.021028125658631325,3.732977867126465,8.799999999999977e-05,23.938139021773882,79323.43857349323,-1.452368790967555,68.67826843261719,27.16620969772339,95.84448027610779,7.629394338515283e-10,8.789062121650204e-06
174.80056594800632,852.54375,500.0,0.0,425,8500000,40,0.01669739931821823,3.753403425216675,8.749999999999977e-05,14.686410656458214,910.3776461444323,-0.5733864874260712,67.65506410598755,35.415385723114014,103.07045102119446,6.675719976811934e-10,-2.685546860448085e-07
199.94654474796252,0.0,500.0,0.0,426,8520000,24,0.02038848027586937,3.771663188934326,8.699999999999977e-05,16.21013037665484,443.922652025263,-0.413596057686719,62.992512702941895,23.182053804397583,86.17456912994385,-1.8596648665436533e-09,6.103515470812226e-09
170.86946800168147,267.68125,500.0,0.0,427,8540000,5,0.07980925589799881,3.789569854736328,8.649999999999977e-05,29.006372116185442,44412.58447814169,3.0055340804631197,65.2968201637268,5.209073066711426,70.50589537620544,2.1934509764065524e-09,-3.7597656046273187e-06
153.59347981334832,803.0437499999999,500.0,0.0,428,8560000,40,0.01684928871691227,3.810314178466797,8.599999999999977e-05,15.769261146798918,425.76413807325724,-0.37337117667038794,68.41938614845276,34.38140940666199,102.80079674720764,-5.865096852630813e-09,3.50952149119621e-07
169.88501212491258,0.0,500.0,0.0,429,8580000,40,0.019235316663980484,3.8288609981536865,8.549999999999977e-05,14.417618611190893,398.9812097356289,-0.4005519774600958,56.44951128959656,36.87935519218445,93.32886743545532,-2.479553229406406e-09,7.324219097881723e-08
192.81252730165494,0.0,500.0,0.0,430,8600000,36,0.020780375227332115,3.8454270362854004,8.499999999999978e-05,14.388567232046114,361.3887261137178,-0.3659859658710124,64.86457920074463,30.949124097824097,95.81370496749878,-1.6689301052252858e-09,9.765624753299562e-08
182.15373855487536,746.075,500.0,0.0,431,8620000,1,0.31380951404571533,3.8646395206451416,8.449999999999978e-05,71.88173383398902,17247.68095919452,3.337071474594406,67.48247361183167,0.8711585998535156,68.35363388061523,-1.5544891596164234e-08,0.0
185.59726562552535,0.0,500.0,0.0,432,8640000,33,0.020318474620580673,3.881805419921875,8.399999999999978e-05,13.629748279672498,241.71279090439447,-0.4619264356108932,63.539297342300415,27.287782907485962,90.8270812034607,8.392333938900265e-09,-1.0070800726680318e-07
201.06089658597313,0.0,500.0,0.0,433,8660000,40,0.018734809011220932,3.8971264362335205,8.349999999999978e-05,15.023864371263528,210.98478365185895,-0.34238143811190996,61.12514901161194,34.91071844100952,96.03586864471436,1.1730193705261627e-08,1.831054774470431e-08
170.4254665585391,0.0,500.0,0.0,434,8680000,25,0.020237097516655922,3.9107844829559326,8.299999999999978e-05,13.835530934877033,214.70943418092367,-0.3357908034965962,78.3855402469635,24.293556690216064,102.67909932136536,1.5735626135437997e-09,2.0446776716198656e-07
174.5126363822058,1.425,500.0,0.0,435,8700000,38,0.02123093046247959,3.922952175140381,8.249999999999978e-05,13.680780791346825,193.45729373471886,-0.47993810236736945,78.73646283149719,35.42806029319763,114.16452503204346,-1.0490417423625331e-09,-5.981445383440587e-07
135.17999063936787,301.5125,500.0,0.0,436,8720000,2,0.0932222530245781,3.935582399368286,8.199999999999978e-05,35.60488377341741,21414.193952149984,4.6449346500861495,69.87900018692017,2.526648759841919,72.40565180778503,7.629394338515283e-10,-1.7700194803182967e-06
162.01287697866258,300.5625,500.0,0.0,437,8740000,40,0.017051631584763527,3.948625326156616,8.149999999999979e-05,12.405847831617427,196.2488479879838,-0.374499239487267,74.37127041816711,37.438334465026855,111.80960750579834,-7.486343100993054e-09,-2.899169828651793e-07
182.62382328698172,0.0,500.0,0.0,438,8760000,36,0.021744653582572937,3.9602291584014893,8.099999999999979e-05,12.970464380146247,552.3025421687151,-0.4392576538676032,65.62568640708923,32.564366817474365,98.19005513191223,4.291534239087014e-09,4.455566511296638e-07
210.6716837770619,0.0,500.0,0.0,439,8780000,17,0.020365765318274498,3.97053599357605,8.049999999999979e-05,13.623167775055409,377.4835077486017,-0.2903302180041973,61.080214500427246,14.672011613845825,75.75222730636597,1.4162063521894197e-08,-5.615234499600774e-07
191.98849412389978,0.0,500.0,0.0,440,8800000,20,0.020691631361842155,3.9796736240386963,7.999999999999979e-05,13.057573223717606,285.27640651509734,-0.36351926625835934,63.734567165374756,16.938217639923096,80.67278623580933,1.8119812317252126e-09,-6.713867151120212e-08
168.43105384098467,0.0,500.0,0.0,441,8820000,37,0.022104816511273384,3.9877572059631348,7.949999999999979e-05,12.38619129175688,182.8688324932525,-0.4229494837551463,73.04549479484558,31.24481987953186,104.29031658172607,9.727478378351861e-09,2.19726558725597e-07
181.7682426152155,1029.975,500.0,0.0,442,8840000,1,0.030774423852562904,4.001086235046387,7.899999999999979e-05,40.154919926124286,32685.947534488725,1.2352088644534727,62.99214553833008,0.8690130710601807,63.861159801483154,2.574920721087892e-09,-1.6845702930368134e-06
149.33253822191892,933.575,500.0,0.0,443,8860000,1,0.09137380123138428,4.0185322761535645,7.84999999999998e-05,29.38074624991115,38944.958434285996,3.512666006631489,59.44190716743469,0.6543076038360596,60.09621548652649,-2.861023085110048e-10,-8.056640581344254e-07
165.20767455687752,0.0,500.0,0.0,444,8880000,21,0.020160477608442307,4.034104347229004,7.79999999999998e-05,13.12215057175299,450.44301128789846,-0.35716631407655813,67.77540016174316,17.09179973602295,84.86720156669617,-1.3351439953623867e-09,-9.765624753299562e-08
183.64486578207425,0.0,500.0,0.0,445,8900000,29,0.02052634209394455,4.047987461090088,7.74999999999998e-05,12.648131321424586,175.90461430909696,-0.37720521174725724,58.01143670082092,24.119142055511475,82.13058018684387,-8.487701208537146e-09,2.5329589448119805e-07
200.66767166239,1175.175,500.0,0.025,446,8920000,2,0.25459539890289307,4.067342281341553,7.69999999999998e-05,30.080032970331892,45030.07662925238,2.1811178458642355,60.84561729431152,2.648871660232544,63.49449110031128,-1.3208389049168545e-08,-2.819824203470489e-06
179.87479609496336,0.0,500.0,0.0,447,8940000,20,0.020164361223578453,4.084635257720947,7.64999999999998e-05,12.174104176895527,317.2937171260013,-0.27412769233784345,69.73732399940491,15.735564231872559,85.47288942337036,1.5497207961345794e-09,2.4414061883248905e-08
188.39734275222867,0.0,500.0,0.0,448,8960000,39,0.021366633474826813,4.100069522857666,7.59999999999998e-05,13.02569014714237,313.41053816174116,-0.4985762907869821,68.02643013000488,31.053082942962646,99.079514503479,7.2479249269008506e-09,3.662109548940862e-08
176.09527034554563,414.8,500.0,0.0,449,8980000,40,0.015468548983335495,4.116323947906494,7.54999999999998e-05,13.489630683766135,6309.009264104578,-0.6952712196620959,65.21708989143372,39.7654287815094,104.98251986503601,-7.629394893626795e-09,-9.155273517080786e-08
183.79248451092639,73.2,500.0,0.0,450,9000000,40,0.018438048660755157,4.1312642097473145,7.49999999999998e-05,13.440833895417708,637.3029907311065,-0.48068570138627215,61.41470384597778,34.48674273490906,95.90144753456116,-4.959106458812812e-09,1.8310547034161573e-07
167.85119805139138,0.0,500.0,0.0,451,9020000,40,0.016911452636122704,4.144577503204346,7.44999999999998e-05,14.574798227865484,531.2023088431057,-0.4656430425134169,60.642356872558594,35.30853033065796,95.95088815689087,2.479553229406406e-09,3.051757957450718e-08
187.4906012183535,0.0,500.0,0.0,452,9040000,35,0.020072463899850845,4.156424522399902,7.39999999999998e-05,12.332946320683789,462.923197327212,-0.49390050559481485,84.15208411216736,25.681029081344604,109.83311414718628,4.529952857268427e-09,-3.41796862812771e-07
169.13663522829603,0.0,500.0,0.0,453,9060000,39,0.021823812276124954,4.16694974899292,7.349999999999981e-05,10.405711432781672,325.79434070382865,-0.4672189033440629,74.76643395423889,37.7499635219574,112.51639986038208,-1.430511542555024e-10,7.110595561243827e-07
144.5972850838799,0.0,500.0,0.0,454,9080000,26,0.020281976088881493,4.176283359527588,7.299999999999981e-05,11.37001676940175,358.0296770521125,-0.3645004946829165,70.40506362915039,24.903072834014893,95.30813956260681,-1.3351439953623867e-09,9.887695568977506e-07
135.51859922780105,0.0,500.0,0.0,455,9100000,40,0.018995901569724083,4.184542655944824,7.249999999999981e-05,9.54352832685543,312.3719457324547,-0.45411234876211687,60.81605291366577,43.908934116363525,104.72498917579651,-1.5830993405074878e-08,2.4414063659605745e-07
157.32935083655656,0.0,500.0,0.0,456,9120000,40,0.01606404222548008,4.19183349609375,7.199999999999981e-05,9.714785293084157,210.6023777189134,-0.47993195039467723,65.64685130119324,36.34354329109192,101.99039554595947,-3.4809113369504985e-09,2.9907226917202934e-07
176.02131725540642,0.0,500.0,0.0,457,9140000,40,0.015985112637281418,4.198251724243164,7.149999999999981e-05,9.924276193636882,449.41016950003706,-0.45325578157141616,62.47221493721008,31.585113525390625,94.05733013153076,-2.78949729981548e-09,-6.652832098552608e-07
168.50003346087584,1025.55,500.0,0.0,458,9160000,1,0.18362267315387726,4.2100958824157715,7.099999999999981e-05,22.152695136734202,31330.99610418006,0.6958507510680186,63.84283947944641,1.0072174072265625,64.85005855560303,1.0776520120714395e-08,1.5014647942734882e-06
177.85219692106173,0.0,500.0,0.0,459,9180000,39,0.020586954429745674,4.220617771148682,7.049999999999982e-05,9.454784313760303,263.0093521952668,-0.42350661306267473,66.71210885047913,37.08279848098755,103.79490852355957,1.0108947456899386e-08,2.9907226917202934e-07
150.71059044061545,0.0,500.0,0.0,460,9200000,40,0.016135284677147865,4.229948043823242,6.999999999999982e-05,9.352522668053831,248.19093456630466,-0.4211941166356489,62.5073983669281,32.094202518463135,94.60160207748413,9.298324776807476e-09,-4.6386719532165444e-07
176.07017415179362,0.0,500.0,0.0,461,9220000,40,0.01873217336833477,4.238204002380371,6.949999999999982e-05,9.68158202699468,137.5914650723904,-0.47178772788589135,61.7850980758667,37.27624535560608,99.0613443851471,4.863739189175931e-09,-9.94873062154511e-07
180.2571420308146,0.0,500.0,0.0,462,9240000,37,0.020160989835858345,4.245491027832031,6.899999999999982e-05,9.135066309735418,155.18794329053034,-0.5321962345420825,59.19036078453064,43.05586314201355,102.24622559547424,4.76837147544984e-09,1.678466787780053e-07
175.30964097793375,0.0,500.0,0.0,463,9260000,40,0.01643812470138073,4.25190544128418,6.849999999999982e-05,9.618147276172156,264.1669966432113,-0.509164266090227,60.226712226867676,34.52011585235596,94.74682879447937,-1.8119812317252126e-09,6.652832098552608e-07
163.83615299979368,0.0,500.0,0.0,464,9280000,40,0.017568115144968033,4.257532596588135,6.799999999999982e-05,10.598475106758407,298.5124305133578,-0.42357609172387023,67.77381229400635,39.026686906814575,106.80050015449524,-3.7193297330873065e-09,-1.8920898980923084e-07
141.85506979897303,0.0,500.0,0.0,465,9300000,40,0.01990986242890358,4.262450218200684,6.749999999999982e-05,9.414198035680794,406.8148285588132,-0.4373259849516274,75.56487965583801,48.85301113128662,124.417893409729,3.3378602104505717e-09,1.3427734302240424e-07
176.27707733208936,0.0,500.0,0.0,466,9320000,37,0.0211874358355999,4.266728401184082,6.699999999999983e-05,10.53209959135209,323.3303234610621,-0.49594831282385726,58.731587171554565,35.27448749542236,94.00607585906982,7.152557435219364e-10,1.4038086249001935e-07
173.23021001822994,16.93,500.0,0.0,467,9340000,27,0.020443512126803398,4.270534038543701,6.649999999999983e-05,9.043632890045838,586.5377240294981,-0.5671300150862726,60.07197403907776,23.720510721206665,83.79248595237732,-5.4836273299940785e-09,1.770019508740006e-07
140.49844557358188,67.72,500.0,0.0,468,9360000,40,0.01759934611618519,4.274227142333984,6.599999999999983e-05,9.124836004233059,321.3635849880267,-0.4343592407394059,63.522570848464966,39.235395431518555,102.75796818733215,-1.1920929521291868e-10,9.216308853865485e-07
169.64003412607696,0.0,500.0,0.013750000000000002,469,9380000,40,0.019507860764861107,4.277400970458984,6.549999999999983e-05,11.071724312818503,260.09951957630204,-0.45608451785048165,80.06397032737732,34.53367328643799,114.59764623641968,-9.536742923144104e-11,5.401611247179972e-07
191.87234069081046,174.86875,500.0,0.01125,470,9400000,2,0.037944745272397995,4.281187534332275,6.499999999999983e-05,22.238402294207223,16838.20202617404,0.15303141519993166,73.1013560295105,1.8531310558319092,74.9544882774353,-3.2424927187690855e-09,2.075195425277343e-06
198.94979098725008,407.43125,500.0,0.0,471,9420000,38,0.023997079581022263,4.286963939666748,6.449999999999983e-05,10.226376238066225,1565.258293502574,-0.5844717200977019,72.22612476348877,35.55957818031311,107.78570556640625,-8.988380706398402e-09,1.5869140668200998e-07
170.63806105863335,0.0,500.0,0.0,472,9440000,39,0.020321590825915337,4.2920145988464355,6.399999999999983e-05,8.35419855192086,191.31310090086978,-0.45292083055496757,69.02699875831604,37.98765969276428,107.01466083526611,4.100799699813251e-09,-4.089355343239731e-07
180.36508041632777,0.0,500.0,0.0,473,9460000,40,0.01582288183271885,4.296411037445068,6.349999999999984e-05,11.7148323270339,336.01779775257353,-0.45055086292279295,76.91729831695557,34.59421372413635,111.51151371002197,2.00271599304358e-09,1.4343261511839955e-07
152.63055345861738,0.0,500.0,0.0,474,9480000,40,0.016745487228035927,4.300217628479004,6.299999999999984e-05,9.179286304003076,224.3272984540915,-0.48300508838146927,64.3779730796814,35.03284692764282,99.41082167625427,0.0,1.287841769226361e-06
178.22223306173146,515.075,500.0,0.0,475,9500000,4,0.09129571169614792,4.3066887855529785,6.249999999999984e-05,18.689316064496584,17430.43424900876,1.462624556467503,64.29532361030579,3.661820650100708,67.95714664459229,-4.291534239087014e-09,7.690429697504442e-07
156.2986342207812,127.88999999999999,500.0,0.0,476,9520000,6,0.020897476002573967,4.313160419464111,6.199999999999984e-05,13.073334634555543,13084.541194094887,-0.1749545173554481,67.27737998962402,5.41912841796875,72.69650983810425,3.433227480087453e-09,6.347656267280399e-07
167.6311767224766,1165.4599999999998,500.0,0.0,477,9540000,28,0.02124236524105072,4.326013088226318,6.149999999999984e-05,10.853193481188356,25750.132786700782,-0.6073394273062511,63.55248236656189,23.315924882888794,86.86840915679932,2.956390465769232e-09,5.37109372089617e-07
177.59758060246196,0.0,500.0,0.0,478,9560000,40,0.017080746591091156,4.3374409675598145,6.099999999999984e-05,8.770490808577478,817.3435117576696,-0.568373873410157,60.02509546279907,33.99197697639465,94.01707363128662,3.0994415922691587e-09,-3.41796862812771e-07
163.07420922531531,0.0,500.0,0.0,479,9580000,31,0.021590957418084145,4.347584247589111,6.0499999999999844e-05,8.895346995128229,646.0105098725923,-0.5354835289462385,58.6800377368927,26.01962161064148,84.69966125488281,-1.19209286886246e-09,1.831054774470431e-08
161.5490652812826,0.0,500.0,0.0,480,9600000,36,0.020191749557852745,4.356569766998291,5.9999999999999846e-05,7.816820033156587,421.0701842542774,-0.5076742249301277,64.45409440994263,30.31228733062744,94.76638293266296,6.008148201175345e-09,8.78906234902388e-07
147.4177555997432,0.0,500.0,0.0,481,9620000,23,0.020433055236935616,4.364511966705322,5.949999999999985e-05,9.050257659968794,664.0139929645982,-0.4704695624157368,68.50249218940735,19.464877605438232,87.96737098693848,9.679794743533421e-09,2.685546860448085e-07
139.59716957662454,0.0,500.0,0.0,482,9640000,37,0.02029096893966198,4.371513366699219,5.899999999999985e-05,7.22019154593996,342.95150035136453,-0.46205765833256796,64.20228052139282,31.338284254074097,95.54056692123413,2.3019314454586493e-08,7.324219097881723e-08
140.38688610352557,0.0,500.0,0.0,483,9660000,31,0.02011394314467907,4.37766695022583,5.849999999999985e-05,7.420824606791474,517.1062270289492,-0.4813000271153869,75.49403762817383,26.22743535041809,101.7214744091034,5.674362313357051e-09,1.2207030941624453e-08
170.91151665957545,0.0,500.0,0.0,484,9680000,34,0.02000589668750763,4.383056163787842,5.799999999999985e-05,6.948800361076577,271.776149300968,-0.5107994507124463,66.16947984695435,34.489668130874634,100.65914988517761,3.3378602104505717e-09,-1.9317626538395416e-06
152.99087853005278,0.0,500.0,0.0,485,9700000,40,0.01646152138710022,4.387756824493408,5.749999999999985e-05,6.662487668478036,200.96096459883677,-0.48312625404612364,59.191235065460205,33.12195301055908,92.31318926811218,1.3971328982620435e-08,2.5634764710957825e-07
159.016160317904,0.0,500.0,0.0,486,9720000,40,0.019150516018271446,4.391836166381836,5.6999999999999854e-05,7.658916810645333,242.52362718461436,-0.6287980496388259,59.68799185752869,40.81247067451477,100.50046467781067,-6.198883073516015e-10,-2.777099723516585e-07
188.0791348044973,1017.6162499999998,500.0,0.0,487,9740000,33,0.020774103701114655,4.401688098907471,5.6499999999999855e-05,9.175452189194914,23129.821568885982,-1.553356050393295,60.398191690444946,27.882744789123535,88.28093719482422,-2.956390465769232e-09,-3.869628926622681e-06
132.3855504760526,53.558749999999996,500.0,0.0,488,9760000,40,0.015121378004550934,4.410744667053223,5.599999999999986e-05,7.616406640674494,371.5318569895587,-0.5424608055737954,66.94020247459412,34.98244833946228,101.92265248298645,-2.6702879907247734e-09,5.493163968139925e-08
136.7198806660277,0.0,500.0,0.0,489,9780000,40,0.01621898263692856,4.418749809265137,5.549999999999986e-05,6.444487573225287,313.36313768459274,-0.49662606528123154,66.25472164154053,37.68514323234558,103.939866065979,6.532669072356612e-09,-7.17163061381143e-07
167.63105920399622,0.0,500.0,0.0,490,9800000,40,0.018717847764492035,4.425806999206543,5.499999999999986e-05,7.097428242767913,433.95063768338554,-0.5328813729241868,69.2003664970398,35.14450693130493,104.34487533569336,2.956390465769232e-09,-7.568359592369234e-07
165.49566723880554,0.0,500.0,0.0,491,9820000,40,0.01793683134019375,4.432010173797607,5.449999999999986e-05,7.646146614038492,383.12063440733317,-0.6073419653680883,63.469390869140625,33.69399833679199,97.16339182853699,-4.386901952813105e-09,6.591797045985004e-07
164.77227101869568,0.0,500.0,0.0,492,9840000,40,0.018695855513215065,4.437443256378174,5.399999999999986e-05,6.7825445028799995,225.80533932432343,-0.6106761098096642,64.76661133766174,33.53798174858093,98.30459451675415,-9.155273872352154e-09,-4.028320290672127e-07
173.10365266252052,642.1675,500.0,0.0,493,9860000,2,0.02571004629135132,4.446203708648682,5.3499999999999864e-05,21.717072064363503,55184.819883322416,0.7247916377043422,62.58437371253967,1.7802903652191162,64.3646650314331,-3.0040741005876725e-09,2.978515567519935e-06
169.79652416571818,345.7825,500.0,0.0,494,9880000,40,0.019554244354367256,4.456109046936035,5.2999999999999865e-05,7.1029818388480175,398.463071161584,-0.5610014154681865,55.6532187461853,32.49014735221863,88.14336681365967,-1.6117095213985522e-08,3.906249901319825e-07
159.99866144418752,0.0,500.0,0.0,495,9900000,40,0.018233679234981537,4.464878082275391,5.249999999999987e-05,6.7526738868484015,280.891292549085,-0.51130332059781,63.085888147354126,33.350499391555786,96.4363899230957,6.675719976811934e-10,-2.9296876391526894e-07
165.37900033129299,0.0,500.0,0.0,496,9920000,40,0.01704455353319645,4.472622871398926,5.199999999999987e-05,7.184290065946458,125.68884553426429,-0.4853209916207515,65.80640411376953,36.76937556266785,102.57578229904175,-2.086162531611535e-08,-9.216308853865485e-07
160.07718420189275,0.0,500.0,0.0,497,9940000,40,0.016538243740797043,4.47944450378418,5.149999999999987e-05,6.022808781303937,146.98980036023298,-0.4728017590008676,66.85222434997559,36.016568422317505,102.86879396438599,6.580352707175052e-09,8.178710686479462e-07
138.8851187710033,0.0,500.0,0.0,498,9960000,40,0.01565728150308132,4.485433578491211,5.099999999999987e-05,6.3221091893654835,178.41979465605337,-0.47227416685959206,65.96848320960999,38.97091460227966,104.93940043449402,3.19480886190604e-09,-1.1932372672163183e-06
177.97512869903022,0.32,500.0,0.0,499,9980000,36,0.020332632586359978,4.49067497253418,5.049999999999987e-05,7.192456138452565,290.5295137601227,-0.46954714804730585,60.334616899490356,29.273324966430664,89.60794281959534,4.00543198608716e-09,4.1503906800244295e-07
177.82039634689514,0.4800000000000001,500.0,0.0,500,10000000,40,0.01785160042345524,4.495243072509766,4.9999999999999874e-05,6.844630794132812,237.22534651575208,-0.46232685033302706,61.68468737602234,38.86347794532776,100.54816746711731,-3.051757735406113e-09,-9.765624753299562e-08
47.17166102389625,0.0,500.0,0.0,501,10020000,40,0.016295498237013817,4.499200820922852,4.9499999999999875e-05,27.602135359486446,10643.994870912577,-1.2169443350426759,69.91388368606567,31.49780559539795,101.41169142723083,3.2234190427971043e-08,4.882812731921149e-07
228.02077074488162,0.0,500.0,0.045,502,10040000,33,0.021468816325068474,4.502608776092529,4.8999999999999876e-05,33.06082352962721,5393.657970666977,-0.9775525683420666,63.830090045928955,28.76577925682068,92.59587216377258,4.76837147544984e-09,1.2207031829802872e-07
160.37519309076623,0.0,500.0,0.05500000000000001,503,10060000,40,0.017967617139220238,4.505520820617676,4.849999999999988e-05,57.35655699621273,2715.573274515852,-0.6807913956055536,60.53109860420227,32.23260951042175,92.76370978355408,1.3446808111439168e-08,-1.2207031829802872e-07
7.96716486031801,0.0,500.0,0.0,504,10080000,39,0.021289439871907234,4.507986068725586,4.799999999999988e-05,37.53555784980727,1986.1154253153938,-0.6995177359520635,56.15506958961487,42.28444743156433,98.43951964378357,-5.722046170220096e-10,1.0864257546927547e-06
129.5165388639495,0.0,500.0,0.025,505,10100000,34,0.020623475313186646,4.5100483894348145,4.749999999999988e-05,28.398247154808185,1165.305272287694,-0.5481042914253424,72.46307516098022,34.41723966598511,106.88031673431396,-2.5272368642248466e-09,-8.911133022593276e-07
168.8752095799354,0.0,500.0,0.03375,506,10120000,40,0.016887914389371872,4.511747360229492,4.699999999999988e-05,42.403502591048614,597.4626011474223,-0.5140345983725937,73.54771614074707,35.62308120727539,109.17079997062683,0.0,2.685546860448085e-07
393.63335789571295,0.0,500.0,0.08374999999999999,507,10140000,40,0.016917455941438675,4.513118743896484,4.6499999999999883e-05,95.92986035860038,481.9376892041556,-0.47690528640052,68.58998274803162,31.75262141227722,100.34260654449463,-4.291534239087014e-09,-4.882812731921149e-07
377.7071524010638,0.0,500.0,0.0775,508,10160000,40,0.015357968397438526,4.514194488525391,4.5999999999999885e-05,121.37950290335884,352.4636362051662,-0.49016579886709777,63.226423501968384,29.51259207725525,92.73901748657227,-1.4114379887075756e-08,-1.0070800726680318e-07
154.04582321483548,0.0,500.0,0.030000000000000006,509,10180000,40,0.01654212735593319,4.5150041580200195,4.5499999999999886e-05,165.8151970190338,783.239935597287,-0.4380376767037035,62.23156404495239,32.208271503448486,94.43983721733093,-1.5735626135437997e-08,-2.3803710291758762e-07
31.859413224692712,0.0,500.0,0.05,510,10200000,40,0.019277585670351982,4.515573501586914,4.499999999999989e-05,163.04947383041625,290.85045154909545,-0.4568583374229979,58.968878746032715,33.549925804138184,92.51880717277527,6.103515470812226e-09,1.3122559039402404e-07
8.051926434904795,0.0,500.0,0.0,511,10220000,40,0.015048827975988388,4.515925884246826,4.449999999999989e-05,47.03922444099113,160.61206808331647,-0.42306846962605094,60.90010380744934,31.792166233062744,92.69227194786072,-3.433227391269611e-08,-1.2969971407983394e-07
202.55524824046717,0.0,500.0,0.06375,512,10240000,40,0.014822532422840595,4.516082763671875,4.399999999999989e-05,117.49668299427515,220.63228118027314,-0.44074462455331903,71.50875163078308,32.28255486488342,103.79131007194519,-4.0531160649948106e-09,-5.249023615760962e-07
93.52479963355495,0.0,500.0,0.01875,513,10260000,40,0.015658341348171234,4.516063213348389,4.349999999999989e-05,111.85390964791745,206.249228576467,-0.36170416392763205,62.56764340400696,35.5489661693573,98.11661171913147,8.106232129989621e-09,-5.981445383440587e-07
112.03312623657283,0.0,500.0,0.03125000000000001,514,10280000,40,0.013507410883903503,4.515884876251221,4.299999999999989e-05,110.52576563207408,268.1540852945062,-0.39533779370610284,63.473039865493774,34.113258600234985,97.58630084991455,4.959106458812812e-09,-3.845214848752221e-07
513.076115219163,0.0,500.0,0.13374999999999998,515,10300000,40,0.015579216182231903,4.515563011169434,4.2499999999999895e-05,156.18874942019016,294.468723349028,-0.3630836343510619,66.8051745891571,35.184720516204834,101.98989725112915,-9.536743617033494e-10,-3.295898522992502e-07
268.35618557369196,0.0,500.0,0.0725,516,10320000,40,0.01651185378432274,4.515111446380615,4.1999999999999896e-05,115.44242455748063,151.1234233107748,-0.39374995827439085,60.84624743461609,35.20388388633728,96.050133228302,5.57899459963096e-09,-5.691528599527373e-07
142.519414360164,0.0,500.0,0.03250000000000001,517,10340000,40,0.01411474496126175,4.514542579650879,4.14999999999999e-05,127.50173081506657,169.8698832837841,-0.3112746965965327,65.52520799636841,39.83339071273804,105.3586015701294,1.9073485846288207e-10,-2.395629792317777e-07
203.94820450930595,0.0,500.0,0.0425,518,10360000,40,0.01503289770334959,4.51386833190918,4.09999999999999e-05,142.3935490505605,302.59748418300967,-0.40404971266000334,61.53152585029602,33.61889123916626,95.15041995048523,6.38961772381208e-09,-1.831054774470431e-08
241.21130521226465,0.0,500.0,0.0725,519,10380000,40,0.016030147671699524,4.51309871673584,4.04999999999999e-05,100.78135917096198,229.07821779009663,-0.44403044360960964,62.54330229759216,33.470420122146606,96.01372528076172,8.583068478174027e-09,-6.072997962291993e-07
162.67503875488427,0.0,500.0,0.03250000000000001,520,10400000,40,0.014508393593132496,4.512242794036865,3.99999999999999e-05,142.58346315818497,255.24420970965036,-0.32374478711074667,72.53383684158325,35.178248167037964,107.71208810806274,-3.2424927187690855e-09,-1.8310547034161573e-07
6.63639757211414,0.0,500.0,0.0,521,10420000,40,0.016524411737918854,4.5113091468811035,3.94999999999999e-05,86.14401221728023,130.224443151981,-0.37521584469447783,69.5970528125763,35.760822772979736,105.35787844657898,1.4495849853801701e-08,1.4343261511839955e-07
229.21788483837426,0.0,500.0,0.04750000000000001,522,10440000,40,0.014468536712229252,4.510305404663086,3.8999999999999904e-05,76.86280520867697,135.63676240414003,-0.35601236622167537,62.8580596446991,35.43282675743103,98.29088926315308,-7.2479249269008506e-09,1.4343261511839955e-07
310.14641322744836,0.0,500.0,0.08625000000000001,523,10460000,40,0.016179872676730156,4.509237766265869,3.8499999999999906e-05,136.01120177250874,149.7973598528512,-0.3969532781097849,57.621554374694824,37.1327862739563,94.75434303283691,-1.7642974858844696e-09,-7.324219097881723e-08
222.7902593082794,0.0,500.0,0.06875,524,10480000,40,0.017083801329135895,4.508112907409668,3.799999999999991e-05,82.43700285742554,109.61839262443253,-0.3657504586119771,65.25156474113464,40.60622429847717,105.85779094696045,8.201599399626502e-09,1.5716552752564894e-06
84.96012614875887,0.0,500.0,0.036250000000000004,525,10500000,40,0.014122145250439644,4.506936073303223,3.749999999999991e-05,86.80213601951358,164.28091414487815,-0.2973127971969168,65.03210091590881,34.20062041282654,99.23272323608398,5.340575981449547e-09,-3.814697322468419e-07
252.81620165838362,0.0,500.0,0.061250000000000006,526,10520000,40,0.01584099605679512,4.505712032318115,3.699999999999991e-05,104.49682516387746,221.8306954951226,-0.3710853197104946,69.27614402770996,34.44336533546448,103.71951127052307,1.6212463593845428e-09,3.1433106073563977e-07
7.3351727443842565,0.0,500.0,0.0,527,10540000,40,0.014317304827272892,4.504445552825928,3.649999999999991e-05,76.0063653798043,276.8995371299454,-0.3750675694734047,67.23530840873718,35.96867561340332,103.20398712158203,-2.479553229406406e-09,3.7231444593999186e-07
297.274296439421,0.0,500.0,0.06000000000000001,528,10560000,40,0.016078533604741096,4.503140449523926,3.599999999999991e-05,96.90884465718571,191.66330476954013,-0.4112162607085384,58.02245831489563,37.878485441207886,95.90094566345215,-5.054473728449693e-09,-7.873535423641442e-07
240.4745355098838,0.0,500.0,0.04875,529,10580000,40,0.014804488979279995,4.501800537109375,3.5499999999999914e-05,77.61038942155959,148.21776081036919,-0.39118146948115545,63.162476778030396,36.457247734069824,99.61972689628601,2.0980834847250662e-09,-6.195068635861389e-07
271.2454174703137,0.0,500.0,0.07875000000000001,530,10600000,40,0.015742560848593712,4.500428676605225,3.4999999999999916e-05,128.14374769428107,119.85655836757225,-0.3873942717108168,65.4288399219513,37.1568386554718,102.58568072319031,-3.8146971692576415e-10,1.1138916278241595e-07
200.9840672218334,0.0,500.0,0.0625,531,10620000,40,0.014344378374516964,4.499028205871582,3.449999999999992e-05,133.07115501331378,118.63183863193174,-0.3416975157288245,68.27999567985535,34.507893800735474,102.78789138793945,-6.711482924970369e-09,7.446288918799837e-07
157.3957381782816,0.0,500.0,0.036250000000000004,532,10640000,40,0.014865029603242874,4.497601509094238,3.399999999999992e-05,74.69747708960425,97.41613313457634,-0.343668795207256,62.294042110443115,34.983283281326294,97.27732706069946,2.6226043559063328e-09,6.225586162145191e-07
73.70786965969232,0.0,500.0,0.013750000000000002,533,10660000,40,0.013932699337601662,4.496151447296143,3.349999999999992e-05,55.62983486320399,116.93822502305235,-0.357631640699751,64.09026002883911,35.32880401611328,99.41906595230103,5.149841442175784e-09,-1.8310547034161573e-07
15.982805865306236,0.0,500.0,0.025,534,10680000,40,0.01429433561861515,4.4946794509887695,3.299999999999992e-05,55.739939505540875,92.95803933083256,-0.3407124397109109,70.32875633239746,35.87208151817322,106.20084071159363,1.435279806116796e-08,-1.5258788721439487e-07
18.84138119799106,0.0,500.0,0.0025,535,10700000,40,0.013695638626813889,4.49318790435791,3.249999999999992e-05,39.04233707596984,121.75592329411568,-0.3593816167651381,66.18611311912537,36.320658922195435,102.50677490234375,-1.1444092340440193e-09,-7.99560552877665e-07
118.29749717877023,0.0,500.0,0.0225,536,10720000,40,0.01326888706535101,4.491678714752197,3.1999999999999924e-05,38.43196565772914,138.4742890092391,-0.31326252103229113,72.87196779251099,38.62446308135986,111.49643397331238,2.808570798151777e-08,-6.225586162145191e-07
128.18427234153035,0.0,500.0,0.025,537,10740000,40,0.01284416951239109,4.490152835845947,3.1499999999999925e-05,32.203314747689646,104.26835744833645,-0.31340047406221305,67.66690111160278,35.66745066642761,103.33435559272766,-5.7220459481754915e-09,-3.593444830585213e-07
80.78303177194756,509.0125,500.0,0.02,538,10760000,40,0.014114909805357456,4.491986274719238,3.099999999999993e-05,77.46199397286283,4488.821496853648,-1.2712556645462785,60.35043668746948,34.99418234825134,95.34462118148804,-3.910064716450279e-09,-3.1616211799700977e-06
511.73680711767093,509.0125,500.0,0.11000000000000001,539,10780000,40,0.011890191584825516,4.496842861175537,3.0499999999999928e-05,77.24390424112731,1744.7714527637145,-0.5392161481577573,63.58508110046387,35.36235570907593,98.94743919372559,3.3378602104505717e-09,-3.662109548940862e-08
340.23287280642745,0.0,500.0,0.07,540,10800000,40,0.012842564843595028,4.501053333282471,2.999999999999993e-05,40.26396422778504,685.901821667635,-0.47519906690886504,64.36236095428467,33.61332178115845,97.9756851196289,2.7656554824062596e-09,-4.2724607851596375e-08
217.9130701874993,0.0,500.0,0.045,541,10820000,40,0.014456632547080517,4.50468111038208,2.9499999999999928e-05,60.79801716261272,269.5856545629381,-0.3963260444028515,63.17787170410156,35.719722032547,98.89759588241577,1.4495849853801701e-08,6.103515470812226e-09
42.998041841511835,0.0,500.0,0.05500000000000001,542,10840000,40,0.014253698289394379,4.507783889770508,2.899999999999993e-05,81.05813467683672,167.5966885651214,-0.4599418284064984,60.11695075035095,36.33996105194092,96.45691394805908,-3.6239624634504253e-09,-5.096435415907763e-07
47.523776785670876,0.0,500.0,0.00875,543,10860000,40,0.01456708088517189,4.51041316986084,2.849999999999993e-05,42.56829953404922,128.79281780267064,-0.34365147496043125,65.32531428337097,41.599180459976196,106.92449688911438,2.3651123726153855e-08,1.2512207092640892e-07
371.2935338497884,0.0,500.0,0.07875,544,10880000,40,0.011935143731534481,4.51261568069458,2.799999999999993e-05,60.232031084615976,299.04546367790124,-0.34719007240160354,65.92786145210266,35.78426194190979,101.71212601661682,7.2479249269008506e-09,-5.340576336720915e-08
138.1822074099795,0.0,500.0,0.03375,545,10900000,40,0.01325296051800251,4.51443338394165,2.749999999999993e-05,62.37850874918926,203.60704824713213,-0.35920036815436956,68.94139432907104,36.09261178970337,105.03400826454163,-3.051757735406113e-09,2.5634764710957825e-07
70.99523293903924,130.76999999999998,500.0,0.03250000000000001,546,10920000,40,0.011222521774470806,4.516777992248535,2.699999999999993e-05,85.57021166222005,2616.4112394188023,-0.5275297557439985,63.9528443813324,36.51847767829895,100.47132396697998,2.479553229406406e-09,-2.4414063659605745e-07
334.3815466544087,741.03,500.0,0.0775,547,10940000,40,0.013343985192477703,4.523661136627197,2.6499999999999933e-05,40.94811968380892,409.80665078223507,-0.4837879822624824,63.03806734085083,36.53951692581177,99.57758712768555,-4.291534239087014e-09,-3.051757957450718e-08
382.6094028217982,0.0,500.0,0.12625,548,10960000,40,0.012175985611975193,4.529696464538574,2.5999999999999934e-05,99.95660045690174,468.87584725392014,-0.45240838212444434,63.36451292037964,36.8568389415741,100.22135424613953,-4.76837147544984e-09,1.1596679883041361e-07
435.18689806711757,0.0,500.0,0.0925,549,10980000,40,0.01320512406527996,4.534967422485352,2.5499999999999935e-05,58.6145744562149,449.5845247823981,-0.561541630056557,68.52368187904358,33.298219442367554,101.82190322875977,5.149841442175784e-09,-2.258300781932121e-07
203.15291521366072,0.0,500.0,0.04375,550,11000000,40,0.01274543534964323,4.539549350738525,2.4999999999999937e-05,58.07154591777657,170.84138725618772,-0.49352984461178884,68.69630432128906,32.62161469459534,101.31792259216309,1.6212463593845428e-09,-8.270263833765057e-07
516.2434375795563,165.0,500.0,0.14125000000000001,551,11020000,40,0.018559377640485764,4.544615745544434,2.4499999999999938e-05,116.88027965147285,321.5818081264254,-0.7724377709016487,80.02117729187012,34.53402924537659,114.55520939826965,2.574920721087892e-09,-7.65991217122064e-07
315.87558555429854,0.0,500.0,0.065,552,11040000,40,0.012319106608629227,4.549013137817383,2.399999999999994e-05,44.28017732614203,761.5280916648575,-0.4587592923825112,64.89145731925964,34.63573098182678,99.52719044685364,-9.298324776807476e-09,-2.4414063659605745e-07
363.7578383663491,0.0,500.0,0.1,553,11060000,40,0.013677742332220078,4.552807807922363,2.349999999999994e-05,72.6245036550715,319.33297255310833,-0.4485033093904487,64.57954931259155,32.53776693344116,97.11731886863708,-5.2452087118126656e-09,9.460449490461542e-08
195.44431999118802,0.0,500.0,0.04875,554,11080000,40,0.012735681608319283,4.556058883666992,2.2999999999999942e-05,68.26871746521962,197.4976815501346,-0.4270563529214904,63.85521960258484,32.64772891998291,96.50295114517212,-3.2424927187690855e-09,1.9378661875180114e-07
217.61508378913896,0.0,500.0,0.05,555,11100000,40,0.013155186548829079,4.558819770812988,2.2499999999999944e-05,52.8453121094764,500.82463442645496,-0.5030894115614363,70.70644736289978,38.27487277984619,108.98132300376892,-8.630753001170888e-09,-2.807617249800387e-07
154.23218712581337,0.0,500.0,0.05500000000000001,556,11120000,40,0.013458197005093098,4.561139106750488,2.1999999999999945e-05,101.13301281747938,564.3516465947598,-0.5068693761749169,61.357179164886475,37.09423089027405,98.45141315460205,-1.9073485846288207e-10,2.0446776716198656e-07
330.7189711129651,0.0,500.0,0.085,557,11140000,40,0.013094543479382992,4.563060283660889,2.1499999999999947e-05,103.54101995818223,545.2675666181347,-0.5632185726520853,65.59027314186096,35.18585753440857,100.7761332988739,-3.2424927187690855e-09,-3.6621094068323146e-07
369.53058611114864,0.0,500.0,0.07875,558,11160000,40,0.012134913355112076,4.564622402191162,2.0999999999999948e-05,52.848829432077046,489.4103102671949,-0.5074102769711916,64.73031878471375,32.82391691207886,97.55423855781555,1.5258788677030566e-09,1.2207030941624453e-08
484.7587203142859,0.0,500.0,0.12125000000000001,559,11180000,40,0.0138661228120327,4.565860748291016,2.049999999999995e-05,114.30213647733761,449.275040660327,-0.49273948448981286,63.177937030792236,40.02890086174011,103.20684027671814,-5.435943695175638e-09,1.0375976700061074e-07
205.94489380243994,0.0,500.0,0.0475,560,11200000,40,0.011010968126356602,4.566807270050049,1.999999999999995e-05,107.77199908932553,414.021620180637,-0.4444379295257828,65.16871666908264,43.445688009262085,108.6144073009491,9.536742923144104e-11,3.0517577442878974e-07
166.22288825936715,0.0,500.0,0.03875000000000001,561,11220000,40,0.011134373024106026,4.567490577697754,1.9499999999999952e-05,137.0250800923456,421.3108484075039,-0.4607785338630216,71.1824893951416,34.09519100189209,105.2776825428009,-1.1825561863076928e-08,1.4953613458601467e-07
48.87307849671022,0.0,500.0,0.00875,562,11240000,40,0.012650913558900356,4.567936420440674,1.8999999999999954e-05,58.65965439277359,220.32310853064814,-0.4152462956872828,63.96163535118103,32.84030199050903,96.8019392490387,-1.7166137400437265e-09,3.9672851670502496e-08
371.3659924376867,0.0,500.0,0.0775,563,11260000,40,0.011333489790558815,4.568168640136719,1.8499999999999955e-05,53.17249311495431,487.79452900222583,-0.45833923634896173,73.71091747283936,33.52177548408508,107.23269510269165,-2.0980834847250662e-09,-9.765625463842298e-07
695.7968669281014,0.0,500.0,0.14625,564,11280000,40,0.010989246889948845,4.568207740783691,1.7999999999999956e-05,59.38615070475808,398.99340027434914,-0.46664292440997274,65.0391457080841,32.733405113220215,97.77255320549011,-4.4345855876315454e-09,-5.416870294538967e-07
580.2994909278779,0.0,500.0,0.14375,565,11300000,40,0.013676894828677177,4.56807279586792,1.7499999999999958e-05,67.29459665696832,730.973191628275,-0.5127564530821128,63.8880033493042,40.5960910320282,104.48409581184387,1.201629640235069e-08,2.9296876391526894e-07
518.5429165098678,977.475,500.0,0.11875,566,11320000,40,0.011204265989363194,4.574416160583496,1.699999999999996e-05,185.268799204766,6245.198269066629,-1.7270017427922804,65.91057705879211,33.16324257850647,99.07382249832153,8.106232129989621e-09,-4.113769591640448e-06
157.61406429197342,0.0,500.0,0.05625000000000001,567,11340000,40,0.01124524511396885,4.579962253570557,1.649999999999996e-05,64.18078603020197,5305.0038602611685,-1.0123196368683365,64.51804041862488,32.942822217941284,97.46086621284485,-6.103515470812226e-09,-1.4648438195763447e-07
498.0942637805297,0.0,500.0,0.14250000000000002,568,11360000,40,0.011318691074848175,4.584789276123047,1.5999999999999962e-05,97.32111819786361,4027.284009532687,-0.9540777014874959,70.15405583381653,36.93797969818115,107.09203815460205,5.912780931538464e-09,3.906249901319825e-07
498.1514878967444,0.0,500.0,0.12000000000000002,569,11380000,40,0.012959283776581287,4.588968276977539,1.5499999999999963e-05,76.34777236528035,4416.101542962955,-0.9814569946425625,63.16426420211792,42.77977275848389,105.94403982162476,2.6702879907247734e-09,1.9531249506599124e-07
41.12587059985052,295.44375,500.0,0.02,570,11400000,40,0.010006156750023365,4.594575881958008,1.4999999999999965e-05,49.329363270047345,2807.1417665481567,-1.6078923108174077,63.76814937591553,37.660311698913574,101.42846298217773,1.516342251761671e-08,-4.882812390860636e-06
105.00871276280797,551.475,500.0,0.026250000000000002,571,11420000,40,0.010640565305948257,4.603208541870117,1.4499999999999966e-05,44.80543001784554,2078.658528731141,-0.8616746599679883,66.73897337913513,42.681065797805786,109.4200427532196,0.0,5.249023615760962e-07
518.1815872482482,8.38125,500.0,0.1275,572,11440000,40,0.011598094366490841,4.610873699188232,1.3999999999999968e-05,61.33815467086019,2951.2424751330027,-0.8948858044994406,72.98544883728027,34.17796468734741,107.1634156703949,6.484985437538171e-09,7.324219097881723e-08
226.4139061032566,0.0,500.0,0.095,573,11460000,40,0.010291928425431252,4.61760950088501,1.3499999999999969e-05,43.01775581746162,702.6498872201654,-0.6226056340610302,62.52218413352966,39.81971979141235,102.34190607070923,-4.339218317994664e-09,2.7618407330010086e-06
327.4317939970229,0.0,500.0,0.0975,574,11480000,40,0.010949292220175266,4.623507499694824,1.299999999999997e-05,71.79767166632641,642.1409598893757,-0.6871967162017392,63.997469902038574,36.04630732536316,100.04377961158752,-2.6702879907247734e-09,-6.83593725625542e-07
262.52091082370225,0.0,500.0,0.05625,575,11500000,40,0.010586654767394066,4.628650665283203,1.2499999999999972e-05,65.29292433654206,634.8285307220266,-0.8212487119379678,59.59942293167114,35.04339551925659,94.64282035827637,8.583068700218632e-10,1.4465332469626446e-06
314.0553100126356,0.0,500.0,0.06999999999999999,576,11520000,40,0.010327959433197975,4.633113384246826,1.1999999999999973e-05,71.26135757482504,527.2325398288195,-0.6780599698660117,67.38077306747437,35.82565760612488,103.20643377304077,-2.7561187110336505e-08,-1.6387939467676915e-06
326.83632345520175,0.0,500.0,0.06875,577,11540000,40,0.009392375126481056,4.636962890625,1.1499999999999975e-05,88.31345919053766,295.61962284619295,-0.5060323130197918,65.34352827072144,33.30288553237915,98.6464159488678,-2.0980834847250662e-09,7.202148708529421e-07
49.497942694707774,0.0,500.0,0.02375,578,11560000,40,0.009980497881770134,4.640259742736816,1.0999999999999976e-05,63.923981352697446,215.43078847233252,-0.5911732680718356,64.59557867050171,34.10565996170044,98.70124101638794,1.2969970875076342e-08,-8.056640581344254e-07
528.3386188771794,0.0,500.0,0.12374999999999999,579,11580000,40,0.010120361112058163,4.6430583000183105,1.0499999999999977e-05,114.63588301984569,257.39444599151614,-0.6744342022398605,70.3964011669159,38.469988107681274,108.86639094352722,-6.103515470812226e-09,1.2451172324290383e-06
560.5557400040287,0.0,500.0,0.13874999999999998,580,11600000,40,0.008529074490070343,4.645407676696777,9.999999999999977e-06,69.07679238440116,258.79634193468695,-0.543832036742021,71.09647798538208,32.65803575515747,103.7545154094696,5.388260060357197e-09,2.899169828651793e-07
316.95976768281446,806.375,500.0,0.1125,581,11620000,40,0.00937988143414259,4.652886390686035,9.499999999999979e-06,114.91073508685149,7546.8211493697345,-1.5941023815706183,64.47430348396301,33.700520038604736,98.17482590675354,4.768371808516747e-10,-5.615234499600774e-07
193.40477895555642,0.0,500.0,0.04,582,11640000,40,0.008433926850557327,4.65945291519165,8.99999999999998e-06,90.11174398192877,542.9511313402201,-0.4378560400886249,63.94819378852844,31.625060558319092,95.57325673103333,2.479553229406406e-09,2.5634764710957825e-07
171.948385718542,0.0,500.0,0.036250000000000004,583,11660000,40,0.009231219999492168,4.665196895599365,8.499999999999981e-06,92.63888386110716,368.89186614797086,-0.46486391527696125,65.197092294693,34.5619752407074,99.75906944274902,-1.5449524326527353e-08,-6.591797045985004e-07
213.638530293688,9.116249999999999,500.0,0.045,584,11680000,40,0.009163533337414265,4.670262813568115,7.999999999999983e-06,148.50020291956164,392.2178471529031,-0.49802727116672674,59.25822734832764,34.5542368888855,93.81246662139893,-2.7656554824062596e-09,-1.0131835779247922e-06
218.92509661910572,4.90875,500.0,0.04375,585,11700000,40,0.00962445605546236,4.674688816070557,7.499999999999984e-06,108.75929065414621,597.3986144271078,-0.5538859904189654,60.66829252243042,35.07256484031677,95.74085927009583,-2.2888184680880386e-09,5.859375278305379e-07
368.05252277596554,0.0,500.0,0.07625000000000001,586,11720000,40,0.01021359208971262,4.67850399017334,6.9999999999999855e-06,98.95307112585141,1052.1700045670136,-0.5942929889700269,64.17252492904663,38.454511642456055,102.6270399093628,8.964538444899972e-09,2.5634764710957825e-07
195.6675404424564,0.0,500.0,0.04,587,11740000,40,0.008221269585192204,4.681768417358398,6.499999999999987e-06,54.59814851253847,714.1528378643567,-0.49719222346202857,63.263416051864624,35.50933241844177,98.77275085449219,-4.291534239087014e-09,1.708984314063855e-07
349.4833373109019,0.0,500.0,0.095,588,11760000,40,0.008360454812645912,4.684536933898926,5.999999999999988e-06,52.91829742842083,545.8144663726227,-0.48637490147559703,60.72838282585144,41.188307762145996,101.91669368743896,7.1525572131747595e-09,1.8310547034161573e-07
432.7205134064284,80.23875000000001,500.0,0.11750000000000001,589,11780000,40,0.00824817456305027,4.687414169311523,5.499999999999989e-06,112.01681504128854,46284.94536888026,-4.047491889569578,65.43366503715515,40.355165243148804,105.78883218765259,4.482269222449986e-09,2.2460937998403097e-06
238.16872118674374,1524.53625,500.0,0.09,590,11800000,40,0.006890160962939262,4.700262546539307,4.999999999999989e-06,45.40739798123323,7365.657019883168,-0.8030641695460942,60.88826322555542,31.241358757019043,92.1296238899231,-1.7166136956348055e-08,-2.4414063659605745e-07
438.83211517992095,0.0,500.0,0.0925,591,11820000,40,0.007959089241921902,4.711667537689209,4.499999999999991e-06,82.84021060074431,5648.011668661577,-0.8689957530249524,59.13938236236572,30.958512544631958,90.09789705276489,1.8119812317252126e-09,9.033203127728484e-07
127.6633186317132,0.0,500.0,0.05,592,11840000,40,0.007481489330530167,4.721771717071533,3.999999999999991e-06,40.68056487252441,3210.25458493776,-0.7214999835843904,75.98381185531616,32.29011869430542,108.27393293380737,-2.646446262133395e-08,9.765624753299562e-08
6.479104460453823,0.0,500.0,0.0,593,11860000,40,0.00734508503228426,4.730703353881836,3.4999999999999923e-06,47.04084425395048,2672.0812994848325,-0.7431805075912536,67.28805494308472,32.6692214012146,99.95727825164795,1.9836425835251248e-08,-3.540039017480012e-07
288.92617689489146,0.0,500.0,0.08375,594,11880000,40,0.006832669954746962,4.738578796386719,2.9999999999999937e-06,80.18552616034881,1513.4240103612972,-0.5444962425334261,61.84773087501526,40.38139796257019,102.22913146018982,1.9073485846288207e-10,-8.361816412616463e-07
277.19018534426107,0.0,500.0,0.10625,595,11900000,40,0.006820143666118383,4.74550199508667,2.4999999999999947e-06,46.48674017688896,1780.0013692783405,-0.5874911339882808,63.078726053237915,34.75495791435242,97.83368587493896,9.965896552444065e-09,-1.0375977126386715e-06
307.7752639294507,0.0,500.0,0.08125,596,11920000,40,0.005368733778595924,4.751567363739014,1.9999999999999957e-06,113.27583825135532,1468.2591953881179,-0.46083756896985484,64.41498041152954,33.800846338272095,98.21582961082458,-2.956390465769232e-09,-1.3977050912217237e-06
199.76097613255507,0.0,500.0,0.0625,597,11940000,40,0.0056531778536736965,4.756859302520752,1.4999999999999966e-06,65.25927056421207,739.0643194874631,-0.4746935530577468,62.08056044578552,34.16514873504639,96.2457115650177,1.440048258416482e-08,4.089355343239731e-07
453.7152687774825,0.0,500.0,0.09624999999999999,598,11960000,40,0.005248711444437504,4.761454105377197,9.999999999999978e-07,94.07338815459723,814.044880739043,-0.42014000005548513,60.9984016418457,33.2978413105011,94.29624485969543,-2.0503998499066256e-09,-7.690429697504442e-07
221.61494116276845,0.0,500.0,0.045000000000000005,599,11980000,40,0.00445597805082798,4.765420913696289,4.999999999999989e-07,37.981275362304494,639.1264755828471,-0.27155669103317626,61.22342896461487,41.624064207077026,102.84749722480774,-4.1961669694501325e-09,1.7547607740198146e-06
279.60028418630463,0.0,500.0,0.057499999999999996,600,12000000,40,0.003394196042791009,4.768821716308594,0.0,98.69231427651417,613.3340419817574,-0.17911558539335487,62.705352544784546,33.773606061935425,96.47896099090576,-6.866454960174906e-09,-1.2207031829802872e-07
