Metrics/EpRet,Metrics/EpCost,Metrics/EpLen,Metrics/EpSuccess,Train/Epoch,Train/TotalSteps,Train/StopIter,Train/KL,Train/LR,Loss/Loss_reward_critic,Loss/Loss_cost_critic,Loss/Loss_actor,Time/Rollout,Time/Update,Time/Total,Value/RewardAdv,Value/CostAdv
437.6346700543016,354.59082110860845,500.0,0.0,1,20000,44,0.006801952142268419,0.00029959999999999996,38.46463347016325,51818.597090423056,-0.006128835474085749,51.60327768325806,25.087021827697754,76.69030094146729,2.5882721388370555e-07,1.1230468999201548e-06
446.1907140203856,2008.23125,500.0,0.0,2,40000,44,0.006031685043126345,0.00029919999999999995,21.685141846966278,101281.61985919335,-0.004783140218112579,51.49286103248596,24.97329044342041,76.4661545753479,2.761840960374684e-07,-4.791259584635554e-07
458.56473084905156,2391.10625,500.0,0.0,3,60000,44,0.006612658500671387,0.00029879999999999994,10.850523588366558,81470.81055732426,-0.006400333265267565,51.94337749481201,24.432194232940674,76.375572681427,1.673698513116051e-08,1.5869140952418093e-06
466.7424561525739,1119.6675,500.0,0.0,4,80000,44,0.0075037735514342785,0.00029839999999999993,9.80800242085863,86802.702828145,-0.007644721194631522,54.48354244232178,32.955745697021484,87.43929076194763,-7.710456628728934e-08,3.930664206563961e-06
467.7475618499684,3160.7875,500.0,0.0,5,100000,44,0.0076020751148462296,0.0002979999999999999,11.199385386822001,153677.5257732185,-0.007615291211144276,59.25429964065552,35.0803861618042,94.33468818664551,2.646446262133395e-08,-9.063720654012286e-07
556.3919811116555,3759.6925,500.0,0.00875,6,120000,44,0.006848974619060755,0.0002975999999999999,25.281295367502644,213462.92282462696,-0.008254490521556529,65.05272626876831,29.964608430862427,95.01733803749084,1.2345313393780089e-07,4.687500222644303e-06
586.986441005684,6322.431250000001,500.0,0.01625,7,140000,44,0.007619953714311123,0.0002971999999999999,23.799847103852535,321515.8332741477,-0.007343426403713866,62.492053270339966,30.017561197280884,92.50961589813232,-4.060268565808656e-08,5.337524271453731e-06
607.7281856345151,6638.4800000000005,500.0,0.0,8,160000,44,0.007622164208441973,0.0002967999999999999,19.318132994570036,360928.88769382,-0.008513898938632773,64.14759111404419,29.70118474960327,93.84877705574036,-7.925033429501127e-08,-1.542968675494194e-05
531.868507452272,8682.73125,500.0,0.025,9,180000,44,0.00814315490424633,0.0002963999999999999,28.965226864718733,375678.1153141632,-0.009511600462323263,60.68182992935181,30.94822406768799,91.63005566596985,-2.231597839852384e-08,9.472656529396772e-06
643.465240726577,10442.7375,500.0,0.0,10,200000,44,0.007920103147625923,0.0002959999999999999,35.1206570623659,556005.8007183184,-0.009030009776831287,59.38595724105835,36.18560791015625,95.57156610488892,3.747939913978371e-08,-1.4062499758438207e-05
563.7758668777694,12588.44125,500.0,0.0,11,220000,44,0.008145674131810665,0.00029559999999999987,23.561135205492736,561582.1687374137,-0.008773492398750577,66.36700963973999,30.337963581085205,96.70497703552246,-2.1457672971791908e-08,-1.869506922957953e-05
631.1142617918811,13952.714999999997,500.0,0.0,12,240000,44,0.009146712720394135,0.00029519999999999986,54.2706269907869,701611.169159954,-0.010185784067519457,59.92899179458618,30.601540565490723,90.53053379058838,-1.6593933338526767e-08,4.862670903094113e-05
724.5666933210421,10245.84,500.0,0.0,13,260000,44,0.008151629939675331,0.00029479999999999985,58.62603097516182,528404.8912678006,-0.008280345396488644,64.4567277431488,31.2602641582489,95.71699380874634,-4.243850781904257e-08,5.185546979191713e-05
751.610414316897,18700.77875,500.0,0.0,14,280000,44,0.009441960602998734,0.00029439999999999984,61.581824936992966,1063909.820519275,-0.00963777278952399,60.52700591087341,27.353817224502563,87.88082432746887,2.4938582754430172e-08,2.861328175640665e-05
766.2849012747331,18735.095,500.0,0.0,15,300000,44,0.007498182822018862,0.00029399999999999983,44.52101677443545,897812.3807627301,-0.008468241744899267,60.72848391532898,34.137295722961426,94.8657808303833,1.916885317143624e-08,-2.4682616640347987e-05
799.0114006287279,17410.35125,500.0,0.0,16,320000,44,0.008835641667246819,0.0002935999999999998,56.18040112878428,933778.2365865938,-0.008634856920315582,68.38050985336304,33.49648666381836,101.87699842453003,-4.100799699813251e-09,8.164062455762178e-05
841.0508012337239,21852.625,500.0,0.025,17,340000,44,0.009749125689268112,0.0002931999999999998,68.95266123141738,1127479.0973550777,-0.010322745189057842,65.55078935623169,28.861555337905884,94.41234564781189,-4.220008786859353e-09,4.423828067956492e-05
946.3554208895054,22878.213750000003,500.0,0.0225,18,360000,44,0.008136735297739506,0.0002927999999999998,106.67951933506306,1136743.1339362774,-0.009432423107354967,73.38506770133972,29.455486297607422,102.84055805206299,-7.1525572131747595e-09,2.9687500500585884e-05
851.0483594006321,21318.9125,500.0,0.0125,19,380000,44,0.008416646160185337,0.0002923999999999998,91.57086422802801,1104213.8029973388,-0.010790383316338291,64.79687333106995,25.788634777069092,90.58550906181335,8.678436635989328e-09,2.7246092940913513e-05
835.004790010579,17926.096250000002,500.0,0.08375,20,400000,44,0.009699958376586437,0.0002919999999999998,100.72496291820144,893037.7450014384,-0.011097026324265083,64.91127490997314,31.884116411209106,96.79539489746094,-4.1961669694501325e-09,-2.5781249860301614e-05
914.9224995391503,24140.391249999997,500.0,0.05,21,420000,44,0.009638498537242413,0.00029159999999999977,118.84487073742478,1075354.026269419,-0.009019031204520087,70.39281129837036,31.03937792778015,101.43219208717346,-1.8119811429073707e-08,-1.586914004292339e-05
938.8424350136789,23312.61,500.0,0.05625,22,440000,44,0.009189595468342304,0.00029119999999999976,82.791343583062,1000292.6846950518,-0.009618169918050293,65.27869200706482,29.887219190597534,95.16591310501099,-3.204345588869728e-08,-6.210937863215804e-05
808.0483322680909,26111.42625,500.0,0.025,23,460000,44,0.009609765373170376,0.00029079999999999975,182.1275109564339,1158696.8962528768,-0.010563324234647713,72.49266934394836,31.13545513153076,103.62812638282776,-1.7642974858844696e-09,2.021484397118911e-05
607.8231211897088,23176.7525,500.0,0.025,24,480000,44,0.00973457284271717,0.00029039999999999974,131.60082984491925,1183761.6471518988,-0.010369651876813308,66.02177143096924,29.33575940132141,95.35753226280212,-1.9359589487066842e-08,4.980468929716153e-06
615.4682858698732,27409.151250000006,500.0,0.0,25,500000,44,0.008735214360058308,0.00028999999999999973,115.4751237862678,1287594.4832062717,-0.010591303170106713,59.29803133010864,28.68659257888794,87.9846260547638,1.5640258865801115e-08,-4.8779296776046976e-05
758.7059042848792,25577.43875,500.0,0.0,26,520000,44,0.01042420044541359,0.0002895999999999997,135.59822010198315,1163069.242717923,-0.010597717892461627,66.05084133148193,32.62596893310547,98.67681360244751,2.2888184680880386e-09,-4.586181603372097e-05
699.0409304372379,26184.14375,500.0,0.0,27,540000,44,0.009487987495958805,0.0002891999999999997,115.59801967344295,1153003.112539557,-0.011770993357878479,65.81987929344177,34.20322585105896,100.02310872077942,2.2888184680880386e-09,-4.169921885477379e-05
820.8210788346121,21322.828749999997,500.0,0.025,28,560000,44,0.008945106528699398,0.0002887999999999997,124.25187586146751,1016891.9348388953,-0.010749580392451106,64.10038328170776,28.843088150024414,92.94347262382507,-1.2397766369076635e-08,-4.462890501599759e-05
976.3296373825258,21710.9925,500.0,0.025,29,580000,44,0.009023054502904415,0.0002883999999999997,98.6700090923024,1133733.675453107,-0.010640643181033343,66.72629189491272,29.240771055221558,95.96706485748291,-1.0156631091717827e-08,4.101562353753252e-06
915.9415709107321,28433.17625,500.0,0.0,30,600000,44,0.010172015056014061,0.0002879999999999997,94.87662769214468,1567125.5939477847,-0.010001950642877441,61.108840465545654,29.130316495895386,90.23915815353394,5.435943695175638e-09,-2.1789550373796374e-05
937.2635768222381,25286.427499999998,500.0,0.0,31,620000,44,0.009150221943855286,0.00028759999999999967,111.76912915336248,1148744.90666355,-0.010182208775650384,66.46346235275269,33.55107808113098,100.01454162597656,-1.6212463593845428e-09,3.118896529485937e-06
1012.0444549654449,23181.7825,500.0,0.0,32,640000,44,0.009494379162788391,0.00028719999999999966,124.13250205815868,1088692.9157256905,-0.010449916631433742,64.03632354736328,27.85569930076599,91.89202451705933,7.2479249269008506e-09,-3.84521490559564e-06
808.6255011020003,26890.3375,500.0,0.01,33,660000,44,0.011214985512197018,0.00028679999999999965,125.87402584802432,1319505.6646288838,-0.01044564896734202,62.959447145462036,29.844390392303467,92.80383920669556,1.0490417423625331e-09,-8.339843770954758e-05
922.9750611177235,21714.44625,500.0,0.015000000000000003,34,680000,44,0.010782614350318909,0.00028639999999999964,170.70548466900826,715475.0990362485,-0.008918985308187353,65.54468512535095,29.766417503356934,95.31110739707947,5.531310964812519e-09,1.630859333090484e-05
949.3931728973088,28370.473749999997,500.0,0.03875000000000001,35,700000,44,0.01058925036340952,0.00028599999999999963,128.91026112454395,1521350.9704761219,-0.011308909764259377,74.86264824867249,34.10242486000061,108.96507501602173,1.120567283408036e-08,4.8681638872949407e-05
936.2546618373002,31513.921249999996,500.0,0.0425,36,720000,44,0.010486064478754997,0.0002855999999999996,142.12516936224267,1322130.2186061565,-0.010228701459073222,71.19237446784973,31.314841747283936,102.50721907615662,7.057189943537878e-09,1.1230468771827873e-05
970.6622560220014,31820.3975,500.0,0.11374999999999999,37,740000,44,0.011617051437497139,0.0002851999999999996,152.806713006576,1539278.4063578825,-0.010395732397879115,60.496349811553955,31.112167835235596,91.60851836204529,6.008148201175345e-09,-3.84277336706873e-05
1056.405475181125,27268.847500000003,500.0,0.027500000000000004,38,760000,44,0.008960429579019547,0.0002847999999999996,203.49810423263884,1001088.5707440305,-0.008866901487962453,74.47539162635803,29.95274257659912,104.42813539505005,-1.1444092340440193e-09,6.19140628259629e-05
1088.9105322891269,25437.4075,500.0,0.027500000000000004,39,780000,44,0.00993337668478489,0.0002843999999999996,196.3315129044141,1255536.3531178078,-0.009804252841749943,63.31255483627319,26.13930106163025,89.45185947418213,2.0980834847250662e-09,3.554687646101229e-05
1020.4413934647088,27557.492500000004,500.0,0.0,40,800000,44,0.00988076627254486,0.0002839999999999996,183.33848344827,1171618.7548367376,-0.01008527073037936,63.672550439834595,28.64281916618347,92.31537079811096,-6.294250454175199e-09,-1.3574218428402673e-05
1048.564934458639,28041.07125,500.0,0.01625,41,820000,44,0.012733271345496178,0.0002835999999999996,165.72065067730236,1425847.7535960875,-0.010831719905208214,65.64078831672668,28.68683648109436,94.32762789726257,-1.907348723406699e-09,-4.687500222644303e-06
1075.4967841442642,31993.3,500.0,0.00875,42,840000,44,0.010856961831450462,0.00028319999999999957,177.78565159217123,1245470.4195195627,-0.011014678752946296,67.43172860145569,26.17563509941101,93.60736513137817,2.38418573772492e-09,5.677490116795525e-05
1086.9146047600625,24945.026250000003,500.0,0.0,43,860000,44,0.011250890791416168,0.00028279999999999956,148.82031956970076,978789.4909018987,-0.011094469715459583,71.44166493415833,32.47985482215881,103.92152166366577,-9.536743617033494e-10,2.951660098915454e-05
1140.4863070859606,26003.2875,500.0,0.036250000000000004,44,880000,44,0.011304471641778946,0.00028239999999999955,158.3202283028492,1057063.4805631472,-0.010927347294071,65.90581798553467,29.55196523666382,95.45778608322144,-2.2888184680880386e-09,-2.163085991924163e-05
1011.9550256660644,28278.047500000004,500.0,0.03875,45,900000,44,0.010012590326368809,0.00028199999999999954,150.0919769471479,1075188.0257659666,-0.011100990676307158,66.43783330917358,30.344220638275146,96.7820553779602,-2.38418573772492e-09,1.396484367433004e-05
1067.2316253380247,21451.963750000003,500.0,0.013750000000000002,46,920000,44,0.010156989097595215,0.0002815999999999995,208.6335629736458,891343.8556710299,-0.009922191334212621,68.88426756858826,31.882493495941162,100.76676201820374,-7.057189943537878e-09,5.7617187849245965e-05
1086.2541407978729,30313.49,500.0,0.036250000000000004,47,940000,44,0.00938930083066225,0.0002811999999999995,174.19843453395217,1419144.6548834867,-0.008839429839368442,66.43006896972656,29.3043692111969,95.73444056510925,1.354217538107605e-08,-3.457031198195182e-05
1028.8801454249674,32036.004999999997,500.0,0.025,48,960000,44,0.010760651901364326,0.0002807999999999995,168.6219896683073,1194649.444116801,-0.009213783934520037,75.86892127990723,29.24836778640747,105.11729145050049,5.149841442175784e-09,-3.354492218932137e-05
1108.0662768571626,27162.0875,500.0,0.0,49,980000,44,0.011159084737300873,0.0002803999999999995,153.02624092606874,955060.1860076237,-0.010284033109402065,65.96400284767151,31.727123737335205,97.69112730026245,-1.239776614703203e-09,-5.4589843784924597e-05
1002.3805725387705,31861.232500000006,500.0,0.05,50,1000000,44,0.011060643941164017,0.0002799999999999995,148.6761435540554,1322486.0039736766,-0.0110019068236683,67.7513496875763,31.169189929962158,98.92054080963135,8.01086397217432e-09,-0.0001270507782464847
250.25328459247658,14433.033750000002,500.0,0.0,51,1020000,44,0.00917167216539383,0.0002795999999999995,49.25068604136775,218138.87709977795,-0.005204712970604824,66.750497341156,28.008291482925415,94.75879001617432,-8.125304873374262e-08,-4.882812731921149e-07
13.923742462216879,106.33875,500.0,0.0,52,1040000,38,0.02209894359111786,0.00027919999999999947,32.24050532175175,5495.424342145926,-0.0028634230403791427,60.661110401153564,25.265097618103027,85.92620897293091,-4.558563304613017e-08,-1.5673827874707058e-05
13.432961146318686,310.05,500.0,0.0,53,1060000,44,0.01118503324687481,0.00027879999999999946,47.99629464303116,30788.331252173808,-0.0027998020302855823,63.912169218063354,26.38987922668457,90.30205273628235,1.506805347162299e-08,7.031249879219104e-06
12.8799994613852,4795.66375,500.0,0.0,54,1080000,42,0.020208699628710747,0.00027839999999999945,53.75131344091037,268342.821692726,-0.0036463782381723317,68.8050525188446,30.294864177703857,99.09991979598999,2.3841858265427618e-08,-4.516601620707661e-06
14.762319907374732,6653.040000000001,500.0,0.0,55,1100000,43,0.023243263363838196,0.00027799999999999944,64.98707199152828,284475.12784718134,-0.0038542209420594983,70.87906503677368,25.813985109329224,96.69305324554443,2.0217894913798773e-08,-1.0400390237919055e-05
18.35528557364403,3864.1350000000007,500.0,0.0,56,1120000,44,0.012303948402404785,0.00027759999999999943,114.37984002061762,87411.39725451365,-0.001417860705465088,65.30680823326111,30.088781118392944,95.39559125900269,1.850128228397807e-08,-1.0144042789761443e-05
21.422005897311266,1276.975,500.0,0.0,57,1140000,44,0.008275979198515415,0.0002771999999999994,119.87623307757053,46104.00709647825,-0.0030849382370523896,70.54740262031555,27.734203100204468,98.28160691261292,-1.8119811429073707e-08,2.6855468604480848e-06
22.879408217566642,6375.320000000001,500.0,0.0,58,1160000,44,0.006976490840315819,0.0002767999999999994,166.8141769655006,219951.61954139208,-0.004971891713589355,63.30987024307251,29.372348070144653,92.68221974372864,-2.6702879907247734e-09,1.0742187441792339e-05
24.612737972076985,10503.55,500.0,0.0,59,1180000,44,0.009363795630633831,0.0002763999999999994,206.99551992120072,385308.3053280531,-0.003656248781338154,67.76639461517334,32.22850584983826,99.99490189552307,-1.5258788677030566e-09,-2.4926757760113105e-05
18.348579476169107,9522.966250000001,500.0,0.0,60,1200000,44,0.007662665564566851,0.0002759999999999994,260.4717276313088,277833.8549518124,-0.0025537574291470385,66.85479855537415,30.45367741584778,97.30847668647766,-2.6702879907247734e-09,2.050781176876626e-06
25.700713870507354,6743.6925,500.0,0.0,61,1220000,44,0.010607913136482239,0.0002755999999999994,293.20089409677837,280590.437232541,-0.007786476742143993,64.94124698638916,29.570708751678467,94.51195812225342,2.8610229740877458e-09,2.83203121398401e-06
16.96466287696629,6287.6025,500.0,0.0,62,1240000,44,0.012568521313369274,0.00027519999999999937,267.82574712009233,220745.44473487846,-0.005012638616152976,70.6767942905426,27.63158631324768,98.30838179588318,-8.201599399626502e-09,-6.054687673895387e-06
15.952419701861311,10578.903750000001,500.0,0.0,63,1260000,44,0.010151280090212822,0.00027479999999999936,255.2846735239852,299410.49378551135,-0.008308368976721197,66.87314915657043,30.22938823699951,97.10254001617432,-2.6702879907247734e-09,1.7211914382642135e-05
14.904030432284026,12665.391249999999,500.0,0.0,64,1280000,44,0.007967997342348099,0.00027439999999999935,138.24165266265254,479956.33702531643,-0.006590059195938268,68.6294846534729,31.56289768218994,100.19238376617432,-1.4305114426349519e-08,1.699218773865141e-05
16.973515679596666,11217.161250000001,500.0,0.0,65,1300000,44,0.0088789202272892,0.00027399999999999934,118.35433522357216,283830.8609561547,-0.007578007981064059,63.05787801742554,32.55313515663147,95.61101579666138,-5.340575981449547e-09,-1.481933577451855e-05
20.487800015576767,9962.67,500.0,0.0,66,1320000,44,0.008343813009560108,0.00027359999999999933,81.34102272630697,406391.138692103,-0.007825584656768452,64.69554710388184,30.38022518157959,95.07577800750732,-1.4686584393075464e-08,-7.519531209254637e-06
17.949333708936603,9474.03,500.0,0.0,67,1340000,44,0.00792777445167303,0.0002731999999999993,127.81645696456742,320449.93805851735,-0.009078368660776182,68.59042000770569,33.78193497657776,102.37235641479492,2.479553273815327e-08,-1.6357422282453626e-05
35.065809363532104,10118.7625,500.0,0.025,68,1360000,44,0.009532826021313667,0.0002727999999999993,145.70791087737703,382015.44435054663,-0.008569320338409526,69.00953555107117,35.187915325164795,104.19745230674744,-7.2479249269008506e-09,4.797363089892315e-06
13.92844228433007,8506.0375,500.0,0.0,69,1380000,44,0.008521114476025105,0.0002723999999999993,101.46009856565364,258448.30021261866,-0.005184114430130805,67.76511001586914,30.82952570915222,98.5946364402771,-1.831054774470431e-08,-3.906250185536919e-06
14.131799827463421,7135.592500000001,500.0,0.0,70,1400000,44,0.009230232797563076,0.0002719999999999993,134.1326060179874,283364.966988479,-0.005089922281897383,63.79056096076965,29.419602870941162,93.21016502380371,2.07901003079769e-08,-5.883789071958745e-06
13.209063007288552,14203.0775,500.0,0.0,71,1420000,44,0.008391749113798141,0.0002715999999999993,115.16114706164537,784419.8408101985,-0.005740379311498823,63.75834560394287,26.27151894569397,90.02986598014832,-9.918212917625624e-09,5.117187538417056e-05
13.766189893634493,11319.39125,500.0,0.0,72,1440000,44,0.009292625822126865,0.0002711999999999993,52.47238475351806,380034.727304193,-0.006475530949431141,66.2738926410675,29.950643301010132,96.22453761100769,-1.1634826435624745e-08,-9.863280865829438e-06
13.634040619387298,13143.552500000002,500.0,0.0,73,1460000,44,0.00827737245708704,0.00027079999999999926,98.96658068449506,443248.9594271433,-0.0067366475749935555,69.10167241096497,31.97358512878418,101.07525849342346,-9.155273872352154e-09,2.8369140636641532e-05
12.273694320878013,14105.595000000001,500.0,0.0,74,1480000,44,0.007619725074619055,0.00027039999999999925,58.41439505303825,478449.44802754605,-0.006549046731270503,57.54784846305847,31.908020973205566,89.45587110519409,2.3555756456516974e-08,1.881103526102379e-05
12.426414415627466,15315.8475,500.0,0.0,75,1500000,44,0.007194529753178358,0.00026999999999999924,94.03591317905519,556048.4392530926,-0.005041085845439548,70.0894091129303,29.868531703948975,99.95794367790222,1.9550324026340604e-08,8.78906234902388e-07
11.48716632104068,18302.088750000003,500.0,0.0,76,1520000,44,0.009149079211056232,0.00026959999999999923,66.21887855123732,749128.9605778912,-0.005598491488584029,62.34892153739929,28.030395984649658,90.37932014465332,2.0980834847250662e-09,-8.203124707506504e-06
11.856371264689676,18733.879999999997,500.0,0.0,77,1540000,44,0.007314617279917002,0.0002691999999999992,54.04031968912403,558736.3483080409,-0.007793816187771592,67.21609306335449,29.30170512199402,96.5177993774414,1.7166137400437265e-09,-1.8554686903371476e-05
13.699310116512976,15946.53625,500.0,0.0,78,1560000,44,0.008479892276227474,0.0002687999999999992,70.13436287895308,432555.99853908946,-0.007195884519271656,67.00895690917969,30.522804498672485,97.5317645072937,9.727478378351861e-09,1.2255859473953024e-05
12.317037031065054,18682.207499999997,500.0,0.0,79,1580000,44,0.006368991918861866,0.0002683999999999992,61.084524254255655,746779.2729700087,-0.005576151867517162,60.55642366409302,28.729421615600586,89.28584861755371,1.2969970875076342e-08,-1.552734465803951e-05
12.428622170981424,15282.75375,500.0,0.0,80,1600000,44,0.007126185577362776,0.0002679999999999992,47.68316678704546,348279.2154820555,-0.004434506065116807,63.834811210632324,28.396044731140137,92.23085856437683,-8.392333938900265e-09,-1.586914004292339e-05
12.687954946180998,12145.696249999999,500.0,0.0,81,1620000,44,0.00780433788895607,0.0002675999999999992,66.63846180957535,454844.62082853855,-0.005618342783254377,63.27871918678284,35.288230180740356,98.56695103645325,-1.2969970875076342e-08,1.1279296813881956e-05
12.66763745794545,17205.25,500.0,0.0,82,1640000,44,0.010414596647024155,0.0002671999999999992,93.98709683835301,549600.0816761364,-0.0072725228111592405,66.04285454750061,29.568036556243896,95.61089205741882,6.294250454175199e-09,1.540527409815695e-05
15.31417320316589,16396.767499999998,500.0,0.0,83,1660000,44,0.008771403692662716,0.00026679999999999917,76.50261522519163,466184.68652006617,-0.007566157538471669,66.69629335403442,28.39093518257141,95.08723068237305,3.051757735406113e-09,2.5292969439760782e-05
13.28106922160328,11513.3575,500.0,0.0,84,1680000,44,0.00965090561658144,0.00026639999999999916,86.49078444040823,248444.7665262694,-0.007503049230238935,66.68520331382751,27.517540454864502,94.20274543762207,4.76837147544984e-09,-2.3437501113221515e-06
12.182783427809223,9091.336249999998,500.0,0.0,85,1700000,44,0.00966824684292078,0.00026599999999999915,61.98614024622119,294049.41300839686,-0.005333224261267715,68.47274160385132,27.798216104507446,96.27096056938171,-3.814697446813398e-09,-3.515624939609552e-06
13.231323245363058,10179.880000000001,500.0,0.0,86,1720000,44,0.008431416004896164,0.00026559999999999914,83.30073109101097,476247.7202120343,-0.007849302629217339,56.620439529418945,32.82878351211548,89.44922494888306,5.340575981449547e-09,-2.1093750547152013e-05
14.314353709969302,12178.4725,500.0,0.0,87,1740000,44,0.012089370749890804,0.00026519999999999913,31.92598221244417,334004.8465976518,-0.008012186490495366,68.11661314964294,29.747707843780518,97.86432242393494,3.814697446813398e-09,-1.132812485593604e-05
12.485786747333083,9271.9175,500.0,0.0,88,1760000,44,0.008703655563294888,0.0002647999999999991,64.74533812278159,245625.50578857702,-0.0062115435149658355,63.05895447731018,29.30654215812683,92.36549878120422,1.5258788677030566e-09,4.3701170397980604e-06
14.00272223149156,10987.22625,500.0,0.0,89,1780000,44,0.010259412229061127,0.0002643999999999991,49.56111661913206,348776.54366099683,-0.00969186136652437,64.13429975509644,28.187926292419434,92.32222700119019,3.051757735406113e-09,-8.544921911379788e-06
17.258759861526535,9021.58875,500.0,0.0,90,1800000,44,0.011049296706914902,0.0002639999999999991,60.73782821217395,260839.3925902056,-0.011214721427823955,59.89511156082153,27.03408908843994,86.92920160293579,-3.1471252270875993e-08,9.204101843351964e-06
15.346711788922288,7724.901250000001,500.0,0.0,91,1820000,44,0.008352000266313553,0.0002635999999999991,36.37726239230745,261655.5796802727,-0.00925312400815614,62.802674293518066,28.548797845840454,91.35147500038147,-1.907348723406699e-09,2.83203121398401e-06
14.980594658516216,11347.7725,500.0,0.0,92,1840000,44,0.00865168496966362,0.0002631999999999991,25.86302783395945,376087.6058654434,-0.007902144699541518,61.30870223045349,29.767595529556274,91.0762984752655,3.5476684701052363e-08,-3.2226562325377017e-06
14.175723060314345,5524.409999999999,500.0,0.0,93,1860000,44,0.0095300804823637,0.00026279999999999907,26.66482980314415,149786.81384375674,-0.010265512029114967,63.2003960609436,33.17385387420654,96.37425065040588,-5.288124071967104e-08,3.1738281904836185e-06
20.327968206045362,3823.52875,500.0,0.0,94,1880000,44,0.011247287504374981,0.00026239999999999906,27.55507711711221,232947.42072116162,-0.01139940901093964,67.58512306213379,34.6312940120697,102.21641874313354,-5.435943695175638e-09,-1.9531250927684596e-06
15.703890373040451,18555.004999999997,500.0,0.0,95,1900000,44,0.010946175083518028,0.00026199999999999905,46.77322570336565,544600.5782418728,-0.010119053669329046,61.14741611480713,25.228059768676758,86.37547874450684,8.201599399626502e-09,-1.0351562195864972e-05
18.260217231443878,14352.352499999999,500.0,0.0,96,1920000,44,0.01020344439893961,0.00026159999999999904,41.44807110886305,310771.2506787615,-0.010526696893447363,60.64351725578308,28.190600872039795,88.83411908149719,-1.602172794434864e-08,3.5644532090373104e-06
16.425296807865184,15074.726250000002,500.0,0.0,97,1940000,44,0.009976345114409924,0.00026119999999999903,45.92745055482906,543437.7525442318,-0.010685151247899783,63.880765199661255,29.7612521648407,93.64201855659485,-2.2888184680880386e-09,5.981445156066911e-06
26.47840827345335,11307.920000000002,500.0,0.0,98,1960000,44,0.010179015807807446,0.000260799999999999,45.48839971165937,275755.3801749946,-0.009883700222392128,65.78807663917542,27.223186016082764,93.01126337051392,6.294250454175199e-09,2.734374902502168e-06
20.615508960194084,12074.82,500.0,0.0,99,1980000,44,0.010183044709265232,0.000260399999999999,25.626308773960425,306139.0285439442,-0.012308675982540321,69.14311385154724,27.63010311126709,96.77321934700012,-7.438659466174613e-09,5.22460959473392e-06
24.644091528687103,13028.97375,500.0,0.0,100,2000000,44,0.011492269113659859,0.000259999999999999,36.25837859405061,348466.434047756,-0.011357905003540936,60.590651512145996,26.495404958724976,87.08605742454529,9.536743617033494e-10,-4.907226411887677e-06
798.4496990200892,2576.5487500000004,500.0,0.0,101,2020000,44,0.007510102819651365,0.000259599999999999,22.95985038151538,174390.28726951327,-0.0033282800530023463,67.7966046333313,28.41895580291748,96.21556305885315,-5.2356721624846614e-08,-9.570312613504939e-06
1149.6404642871428,1442.26375,500.0,0.0,102,2040000,44,0.0076427701860666275,0.000259199999999999,28.82585177652032,106311.91664550219,-0.006290486558076311,68.50235891342163,29.2159264087677,97.71828627586365,-4.215240423377509e-08,1.582031291036401e-05
1154.866936849216,1193.03625,500.0,0.0,103,2060000,44,0.005883558187633753,0.00025879999999999897,29.250207848323914,59403.16050167106,-0.004123387345622194,60.06114172935486,33.49125647544861,93.55240201950073,-7.972717241955252e-08,-2.0117187887080945e-05
1210.319028533655,265.975,500.0,0.0,104,2080000,44,0.01028872188180685,0.00025839999999999896,32.56106365783305,9402.309053234456,-0.0038196425198058098,65.75413107872009,28.527369737625122,94.28150272369385,-7.572174354208983e-08,3.588867230064352e-06
1255.6203678072186,166.3925,500.0,0.0,105,2100000,44,0.007002612110227346,0.00025799999999999895,22.597136728508424,10710.412507508237,-0.004075942549475933,58.26143288612366,27.465085744857788,85.72651958465576,-2.1247863912776666e-07,5.932617114012828e-06
1236.4786286782369,351.00375,500.0,0.0,106,2120000,44,0.00985367875546217,0.00025759999999999894,22.18054373656647,16086.28546451617,-0.005300778274288266,61.279170513153076,25.432966470718384,86.71213793754578,2.803802523487775e-08,-3.808593646681402e-06
1259.4872538299705,871.9475,500.0,0.0,107,2140000,44,0.0074553582817316055,0.00025719999999999893,26.1422299522525,28635.32165572997,-0.00554598540423215,62.13726472854614,26.420921564102173,88.55818796157837,-4.2915345943583816e-08,3.295898522992502e-06
1253.6848908702227,1316.5962499999998,500.0,0.0,108,2160000,44,0.011832214891910553,0.0002567999999999989,30.400003018944393,36823.4560163386,-0.004254196169456602,58.23390007019043,30.68148684501648,88.91538786888123,-5.8746337572301854e-08,-3.8330076677084435e-06
1282.8160128821132,141.14124999999999,500.0,0.0,109,2180000,44,0.0071706464514136314,0.0002563999999999989,31.428783634864008,6937.445758709836,-0.004408568917457239,60.6156051158905,29.834161520004272,90.44976735115051,6.103515470812226e-09,-9.765625463842298e-07
1287.7703086717902,111.00375,500.0,0.0,110,2200000,44,0.008022547699511051,0.0002559999999999989,28.436846827472998,3530.030100077288,-0.003936635572862489,57.591758728027344,29.524589776992798,87.11634969711304,-8.77380390562621e-09,-7.080078034960025e-07
1271.4994316595996,319.8525,500.0,0.0,111,2220000,44,0.013158219866454601,0.0002555999999999989,25.966952224869722,4231.894271903263,-0.004301510109589998,61.52384901046753,31.987453937530518,93.51130390167236,-2.9182434246877165e-08,1.2817382355478912e-07
1320.1871037811175,320.9475,500.0,0.0,112,2240000,44,0.011202029883861542,0.0002551999999999989,27.037592006086342,4319.8556493972055,-0.0053115766863199325,71.16955471038818,31.3832266330719,102.55278420448303,-3.280639759850601e-08,0.0
1387.1508064904883,327.1325,500.0,0.013750000000000002,113,2260000,44,0.009281250648200512,0.0002547999999999989,21.28037871041424,3918.807340211506,-0.003711593968531715,65.46535587310791,29.7223961353302,95.187753200531,1.3494491746257609e-08,1.385498080708203e-06
1373.316140904494,594.78,500.0,0.01125,114,2280000,44,0.007873168215155602,0.00025439999999999887,20.312338332175113,11272.497590761875,-0.004659143013539922,60.43357539176941,28.794113159179688,89.22768950462341,1.3351440841802287e-08,7.080078034960025e-07
1396.5773279823864,868.4125,500.0,0.0,115,2300000,44,0.008811972104012966,0.00025399999999999886,20.719057292603512,10692.192831234774,-0.006123517880669577,63.672292709350586,29.050522565841675,92.72281670570374,-7.576942095965933e-08,1.025390588438313e-06
1534.4129321934506,238.91,500.0,0.075,116,2320000,44,0.006760727148503065,0.00025359999999999885,59.401363403805384,12115.252521229559,-0.0025181888758876846,61.32968783378601,29.1271231174469,90.45681285858154,-1.0108947456899386e-08,-1.8310546465727384e-06
1635.1179085380477,130.53875,500.0,0.14250000000000002,117,2340000,44,0.009500320069491863,0.00025319999999999884,277.53065121215013,8354.75324690877,-0.003679597621465582,58.94451332092285,30.117327213287354,89.06184148788452,3.3855438452690123e-09,-2.5390625069121597e-06
1585.632146000785,210.95625,500.0,0.12625,118,2360000,44,0.008146733045578003,0.0002527999999999988,225.70098714806542,15716.253950428496,-0.0035706706238177502,64.921879529953,28.008942127227783,92.9308226108551,-1.3732909920349812e-08,-5.053710992797278e-06
1651.6637484102098,370.06875,500.0,0.16875,119,2380000,44,0.009186141192913055,0.0002523999999999988,358.6222830510112,14783.93582767886,-0.004897325969704666,68.8170485496521,29.890361309051514,98.70741105079651,4.425048771850015e-08,-1.1962890766881173e-06
1791.0899517868565,263.79249999999996,500.0,0.24125000000000002,120,2400000,44,0.007071292959153652,0.0002519999999999988,413.20570991173713,15976.169857889929,-0.004939302496043526,59.49127459526062,26.364750862121582,85.85602760314941,-3.376007029487482e-08,-1.7822266045186552e-06
1767.960935828114,109.35374999999999,500.0,0.2225,121,2420000,44,0.0071892691776156425,0.0002515999999999988,500.23584515096405,13514.521121746102,-0.004610928349808862,62.86841678619385,28.737372159957886,91.60579013824463,1.7356873271978657e-08,-2.294921841894393e-06
1839.633364046275,236.80875,500.0,0.26125,122,2440000,44,0.012497824616730213,0.0002511999999999988,496.9285473159597,16272.7109195898,-0.0038500107894196113,61.44914531707764,26.66559410095215,88.11474061012268,-3.4809112037237355e-08,-1.7822266045186552e-06
2071.66334431429,75.81125,500.0,0.34625,123,2460000,44,0.007262303028255701,0.0002507999999999988,590.2759767143855,12756.925297428741,-0.004830644425676286,58.716618061065674,27.456332206726074,86.17295122146606,2.0980834847250662e-08,-1.0498047231521923e-06
1928.4366208724168,226.65875,500.0,0.25125000000000003,124,2480000,44,0.00987048540264368,0.00025039999999999877,581.7697308346097,14975.51571911635,-0.00416948565891333,58.73248100280762,27.788108587265015,86.52059125900269,-1.4114379887075756e-08,-1.1718750556610757e-06
1991.4059197400543,665.6575,500.0,0.31999999999999995,125,2500000,44,0.007554048206657171,0.00024999999999999876,515.5179929393071,23648.8702806971,-0.005182285347609283,62.94621133804321,26.184861660003662,89.13107490539551,-2.002716037452501e-08,-4.6386719532165444e-07
1983.6230993651618,825.29625,500.0,0.30625,126,2520000,44,0.009207581169903278,0.00024959999999999875,485.3528447409082,26485.976511438366,-0.006668232656875732,62.88277196884155,26.34317970275879,89.22595286369324,4.291534239087014e-09,-2.2460937998403097e-06
2232.8759731930118,443.46625000000006,500.0,0.42375000000000007,127,2540000,44,0.013925752602517605,0.00024919999999999874,481.352307509498,26430.14166126317,-0.005931581574158852,64.49631953239441,29.32269048690796,93.81901168823242,5.283355619667418e-08,2.9296876391526894e-07
2237.3793409318714,513.5225,500.0,0.41875,128,2560000,44,0.008103449828922749,0.00024879999999999873,368.7674185091113,10900.789930161453,-0.005064414497154097,67.25806784629822,29.565584182739258,96.82365584373474,-3.452301200468355e-08,-2.0996094463043846e-06
2167.3963346032774,1145.8375,500.0,0.39375,129,2580000,44,0.00999279972165823,0.0002483999999999987,447.5047541004879,51925.92302708247,-0.00767807957189269,67.97004723548889,32.123234033584595,100.0932822227478,-2.1457672971791908e-08,9.521484116703505e-07
2427.1122540705337,224.00375,500.0,0.5287499999999999,130,2600000,44,0.00954230036586523,0.0002479999999999987,477.3269082542393,11287.369963616304,-0.004995035723402884,61.86156249046326,28.827959775924683,90.68952417373657,1.7356873271978657e-08,4.39453117451194e-07
2366.813615464643,87.0625,500.0,0.48,131,2620000,44,0.0061812447383999825,0.0002475999999999987,458.18780042387124,10528.95626269166,-0.004172617657178685,61.45588755607605,32.583637952804565,94.03952860832214,1.525878978725359e-08,8.300781360048859e-07
2349.4095487002646,906.4424999999999,500.0,0.50625,132,2640000,44,0.010459167882800102,0.0002471999999999987,476.77126446582366,34183.484354245236,-0.00673706773902296,60.05036163330078,28.951881647109985,89.00224494934082,-3.1566621316869714e-08,-1.9531249506599124e-07
2281.2099969616165,1320.0475,500.0,0.47000000000000003,133,2660000,44,0.009227867238223553,0.0002467999999999987,520.8863082135094,54855.51537474884,-0.006885651228759198,62.599305868148804,26.992347240447998,89.59165406227112,-4.1961669694501325e-09,3.662109548940862e-08
2719.1274930222376,861.075,500.0,0.65625,134,2680000,44,0.008750741370022297,0.00024639999999999867,518.2211311656395,52168.998249997756,-0.006436414997561184,61.96080660820007,30.163665056228638,92.1244728565216,-2.0217894913798773e-08,1.904296823340701e-06
2427.120387399208,2246.1,500.0,0.5137499999999999,135,2700000,44,0.008664672262966633,0.00024599999999999866,584.2851346370403,44136.53888929782,-0.005465492342687957,67.82043933868408,32.970319509506226,100.79075956344604,1.1920929132713809e-08,1.5014647942734882e-06
2568.020315411016,655.45625,500.0,0.5475,136,2720000,44,0.007876777090132236,0.00024559999999999865,399.2195473507441,12860.700606615002,-0.007461362227197882,63.65857911109924,27.37873601913452,91.03731870651245,-2.1076202116887544e-08,-5.859375278305379e-07
2639.544636478427,317.06125000000003,500.0,0.5925,137,2740000,44,0.009762506000697613,0.00024519999999999864,585.6081579228128,17236.694512300306,-0.0073853548914845175,61.13851523399353,29.07488489151001,90.21340131759644,8.964538444899972e-09,7.81249980263965e-07
3051.4528399295114,1394.43125,500.0,0.7474999999999999,138,2760000,44,0.007731616031378508,0.00024479999999999863,446.31297139605664,47266.44345089261,-0.007673458268295789,61.269838094711304,32.377044916152954,93.64688444137573,1.3065338144713223e-08,1.220703097715159e-06
2851.211623258702,1802.0112500000002,500.0,0.675,139,2780000,44,0.008812027983367443,0.0002443999999999986,619.4682382620931,28715.942504320923,-0.006949898105766302,58.93215012550354,26.246456623077393,85.17860770225525,-2.6702879907247734e-09,-1.0498047231521923e-06
2942.348329194266,487.5875,500.0,0.735,140,2800000,44,0.009888928383588791,0.00024399999999999864,552.074792135434,18134.221321553712,-0.008041492817785175,57.92202687263489,30.462215900421143,88.3842442035675,-1.6212463593845428e-09,-7.720947223788244e-07
2894.755794934311,798.95,500.0,0.7462500000000001,141,2820000,44,0.010119734331965446,0.00024359999999999866,608.6385202550504,10964.566814602587,-0.007704196318821131,61.201860666275024,30.438772201538086,91.64063739776611,-1.907348723406699e-09,5.004882837056357e-07
2850.2265954517325,998.0,500.0,0.64625,142,2840000,44,0.008824498392641544,0.00024319999999999865,688.5811021714819,28717.136271486623,-0.007773397018859951,71.29754543304443,29.067667722702026,100.36521625518799,1.4305114870438729e-09,9.155273232863692e-07
2705.154529512645,1437.0925,500.0,0.5587500000000001,143,2860000,44,0.009480070322751999,0.00024279999999999864,612.6637554717421,66369.01375503452,-0.006100653147127188,62.55802845954895,30.2758150100708,92.83384537696838,-9.536743617033494e-10,-3.7231444593999186e-07
3042.122718220841,771.10875,500.0,0.74,144,2880000,44,0.008443278260529041,0.00024239999999999865,691.5696405031052,18003.551689191845,-0.0073535707419198565,65.02304720878601,29.791388750076294,94.8144371509552,-1.1444092340440193e-09,-3.2226562325377017e-06
2894.8213740230703,2812.3762500000003,500.0,0.6450000000000001,145,2900000,44,0.013499864377081394,0.00024199999999999867,993.8099952012952,119838.91406924266,-0.009589715785613113,69.25487899780273,32.00343179702759,101.25831341743469,-2.956390465769232e-09,-6.4453124650754035e-06
2622.6486888438803,764.7275,500.0,0.58125,146,2920000,44,0.008840558119118214,0.0002415999999999987,912.9311720976484,24514.427114892747,-0.0047433548759317,63.68468189239502,31.120861530303955,94.80554628372192,1.9073485846288207e-10,1.1718750556610757e-06
2975.9146850017482,688.52625,500.0,0.67,147,2940000,44,0.0140544343739748,0.0002411999999999987,645.9168447136742,33776.581146064644,-0.00769171192430247,63.82956647872925,28.64022135734558,92.46979069709778,-8.106231796922714e-10,1.220703097715159e-06
3123.958793366258,625.0475,500.0,0.6925,148,2960000,44,0.007566380314528942,0.00024079999999999872,633.2949805791962,27891.748276195813,-0.005661857584631365,63.34140348434448,26.716079235076904,90.05748414993286,1.907348723406699e-09,-4.39453117451194e-07
2876.406421864321,2411.03,500.0,0.59875,149,2980000,44,0.011772681958973408,0.00024039999999999874,920.6422989716875,58399.1908929647,-0.006928333256128957,66.59851217269897,28.120477199554443,94.71899032592773,-5.722046170220096e-10,-4.150390850554686e-06
3031.4300012157896,4611.321249999999,500.0,0.6587500000000001,150,3000000,44,0.01029775757342577,0.00023999999999999873,973.7514848478644,124153.6162290584,-0.006670472393423518,61.140875577926636,27.108824729919434,88.24970126152039,-2.7656554824062596e-09,-6.103515488575795e-07
595.4579720045724,10815.595000000001,500.0,0.1125,151,3020000,44,0.010561644099652767,0.00023959999999999872,2339.998504744026,207955.7929844829,-0.008244429892815876,58.85567665100098,28.220216512680054,87.07589435577393,3.204345588869728e-08,-1.8359374735155143e-05
5.677083419901396,5900.74,500.0,0.0,152,3040000,44,0.008863105438649654,0.0002391999999999987,1167.9766809970517,160761.02851528788,-0.0058999824939430685,60.574336767196655,30.524358987808228,91.09869694709778,6.217956638465694e-08,-2.038574166363105e-06
7.159257579589524,4771.088750000001,500.0,0.0,153,3060000,44,0.0105006517842412,0.0002387999999999987,1272.4900410106734,160965.16847711877,-0.00589347792193465,61.51786994934082,29.254350423812866,90.77222156524658,-4.577636936176077e-09,4.833984348806553e-06
5.7126043596506,11764.535,500.0,0.0,154,3080000,44,0.011603226885199547,0.0002383999999999987,923.0930063403517,423552.1480711486,-0.007755233167193217,63.57972478866577,33.91964817047119,97.49937701225281,1.3160705414350105e-08,-3.12499992105586e-06
6.857357838254306,9770.9375,500.0,0.0,155,3100000,44,0.010041715577244759,0.00023799999999999868,1156.4722840799698,305835.48306355183,-0.006064711769043937,70.2622902393341,30.603880167007446,100.86617255210876,3.8146971692576415e-10,8.203124707506504e-06
6.137827937610007,16097.57375,500.0,0.0,156,3120000,44,0.010009637102484703,0.00023759999999999867,1218.3345581335632,462345.82640786824,-0.007253282027339436,73.64267015457153,27.86859393119812,101.51126670837402,-2.9182434246877165e-08,5.22460959473392e-06
6.543923355831919,15296.5125,500.0,0.0,157,3140000,44,0.008847642689943314,0.00023719999999999866,1346.689742203549,424378.0484527834,-0.004580426878393365,64.4256420135498,28.704824447631836,93.13046741485596,2.7656554379973386e-08,2.1093750547152013e-05
7.416176790425716,8293.73,500.0,0.0,158,3160000,44,0.007696026004850864,0.00023679999999999868,917.4038075358189,213283.96331541284,-0.004350759528832664,60.83849477767944,30.57352590560913,91.41202235221863,1.6975402417074292e-08,-1.0742187441792339e-05
6.1608814777683945,17926.46625,500.0,0.0,159,3180000,44,0.011237678118050098,0.0002363999999999987,1610.3947502900048,493020.63872806384,-0.005854107611696102,66.14511752128601,25.41081976890564,91.55593824386597,1.201629640235069e-08,4.0039062696450856e-06
6.729814238763351,8994.4075,500.0,0.0,160,3200000,30,0.020408090204000473,0.00023599999999999872,1137.5031106940805,168369.39073707807,-0.0048846086954922934,57.63368201255798,19.646440744400024,77.2801239490509,1.1825561863076928e-08,-9.472656529396772e-06
6.89911203068643,15449.617499999998,500.0,0.0,161,3220000,44,0.01035835687071085,0.00023559999999999873,1294.022052738554,389190.3978935918,-0.005894234648118518,61.205214977264404,32.167125940322876,93.37234354019165,5.149841442175784e-09,-1.945800795510877e-05
7.005685631060269,22692.03125,500.0,0.0,162,3240000,44,0.010810377076268196,0.00023519999999999872,1442.864619515159,540681.4205893987,-0.005440442020994406,62.2554247379303,26.41771125793457,88.67313861846924,2.0980834847250662e-09,-1.989746124309022e-05
7.717541654575767,13086.4875,500.0,0.0,163,3260000,44,0.008414559997618198,0.00023479999999999874,1085.1824775581667,274155.8689450878,-0.004742178690439718,58.79590106010437,29.339643001556396,88.1355459690094,-1.3732909920349812e-08,6.054687673895387e-06
7.575090154263144,19225.4625,500.0,0.0,164,3280000,44,0.01270595844835043,0.00023439999999999873,1181.7916504735913,499420.97253937717,-0.004345944825828052,66.27650284767151,31.437860012054443,97.71436429023743,7.629394338515283e-10,-3.518066296237521e-05
9.098275907765219,14525.2,500.0,0.0,165,3300000,44,0.00897320918738842,0.00023399999999999872,1472.0047206593329,425184.3027658408,-0.0057589663771357305,60.20379090309143,31.930492162704468,92.13428449630737,3.8146971692576415e-10,-1.9140625227009878e-05
8.42408977837032,16926.51,500.0,0.0,166,3320000,44,0.011648373678326607,0.0002335999999999987,1514.2405245158698,269723.3409248238,-0.0059538954594686964,60.956133127212524,27.420346975326538,88.37648272514343,3.8146971692576415e-10,5.175781097932486e-06
9.305181091111507,14510.715,500.0,0.0,167,3340000,44,0.010397731326520443,0.00023319999999999873,1117.6380689684622,393559.64131275174,-0.005737964984153315,61.95906352996826,38.03179430961609,99.99085903167725,1.125335735707722e-08,3.154296791763045e-05
8.179884697839833,20443.704999999998,500.0,0.0,168,3360000,44,0.009625853039324284,0.00023279999999999872,1400.9175077861967,400316.5832314442,-0.0036135440565976855,62.73333477973938,30.009469509124756,92.74280571937561,6.484985437538171e-09,-7.080078034960025e-07
7.240592759519653,22098.1025,500.0,0.0,169,3380000,44,0.014110715128481388,0.0002323999999999987,1106.672845337827,447992.10632282076,-0.004875008843453886,67.32727599143982,27.6008403301239,94.92811846733093,-1.1444092340440193e-09,-4.687500222644303e-06
6.343221437185983,14534.153750000001,500.0,0.0,170,3400000,44,0.009817016310989857,0.00023199999999999873,1073.22077440365,264989.2233529919,-0.0049335081760235175,63.00851130485535,29.624002933502197,92.63251519203186,8.201599399626502e-09,-1.074218744179234e-06
7.883282933207175,14512.528750000001,500.0,0.0,171,3420000,31,0.02204970084130764,0.00023159999999999874,1134.4992941641817,313407.1353039506,-0.003508680143951457,59.62853527069092,22.60770893096924,82.23624587059021,-1.907348723406699e-09,-7.666015335416887e-06
8.808647187239988,20387.14125,500.0,0.0,172,3440000,44,0.011822342872619629,0.00023119999999999876,1002.7277120166599,434103.985525748,-0.006162546095676759,66.32939672470093,27.946460962295532,94.27585983276367,-7.629394338515283e-10,5.432129000837449e-06
9.783499710933144,19134.5325,500.0,0.0,173,3460000,44,0.010721031576395035,0.00023079999999999875,1102.6372030936395,402042.0543953179,-0.005810699351488262,57.82168984413147,28.182297229766846,86.00398778915405,1.9073485846288207e-10,-3.0419922040891834e-05
11.632388532402459,16483.4525,500.0,0.0,174,3480000,44,0.008463232778012753,0.00023039999999999877,890.7501957655228,307363.7931328215,-0.004190379974683607,64.68053483963013,32.659982681274414,97.34051871299744,-1.602172794434864e-08,6.665039109066129e-06
9.019189892019844,16992.908750000002,500.0,0.0,175,3500000,44,0.009559843689203262,0.00022999999999999876,720.0420907726221,307404.27476355725,-0.005690422938210661,68.79091358184814,30.170063257217407,98.96097898483276,-3.8719178974133683e-08,-4.6679688239237294e-05
10.018562304045934,21166.6,500.0,0.0,176,3520000,44,0.011592339724302292,0.00022959999999999878,716.6559756820029,400245.3573477057,-0.006802410508575126,58.42474031448364,28.738341569900513,87.16308569908142,1.0681151962899094e-08,2.0654297259170562e-05
7.755965345274558,19465.590000000004,500.0,0.0,177,3540000,44,0.01119983196258545,0.0002291999999999988,494.97674514234956,359260.0894481804,-0.0051229628451625086,59.83858871459961,30.86508560180664,90.70367646217346,-1.678466787780053e-08,1.4648437172581907e-05
9.145690378970425,19005.48,500.0,0.0,178,3560000,44,0.011047434993088245,0.0002287999999999988,596.7512631608373,400903.97547917865,-0.0065610211785862346,62.201719522476196,30.53470253944397,92.7364239692688,5.912780931538464e-09,-4.589843683788786e-06
7.836606319961566,22674.50125,500.0,0.0,179,3580000,44,0.009772442281246185,0.0002283999999999988,501.9622001757693,435274.4542622627,-0.006488445451810272,60.06940507888794,30.539377450942993,90.60878372192383,-8.01086397217432e-09,-6.054687673895387e-06
10.025210984596308,18174.2575,500.0,0.0,180,3600000,44,0.008998643606901169,0.00022799999999999882,658.6902020194314,351220.9272736263,-0.00564619310319309,60.5856831073761,25.393122911453247,85.97880721092224,3.8146971692576415e-10,6.7382811721472535e-06
11.461539136663617,16820.076250000002,500.0,0.0,181,3620000,44,0.012129931710660458,0.0002275999999999988,743.8554668404565,346214.85923115653,-0.005934844036255422,66.13374400138855,28.82602858543396,94.95977354049683,-9.53674295089968e-09,-1.2402343600115273e-05
9.8106548788504,23310.138750000002,500.0,0.0,182,3640000,44,0.011823943816125393,0.00022719999999999883,605.7711405210857,530720.3233781646,-0.008029310378957094,60.974900007247925,30.50855302810669,91.48345398902893,7.629394893626795e-09,-3.5400389606365934e-06
11.812670844041813,21496.905,500.0,0.0,183,3660000,44,0.011720114387571812,0.00022679999999999882,523.0298891451608,296541.9437954006,-0.006820513154350551,58.9891939163208,29.773558855056763,88.76275396347046,1.1539459165987864e-08,2.0019531348225428e-06
12.561911374988167,24184.13375,500.0,0.0,184,3680000,44,0.01066656969487667,0.00022639999999999884,703.2263839467074,450657.4446427287,-0.005598091439119464,64.98847961425781,28.44351363182068,93.43199610710144,1.0681151962899094e-08,1.0266113349644002e-05
12.659186300201346,20907.895,500.0,0.0,185,3700000,44,0.01371239498257637,0.00022599999999999883,981.5889746684611,305739.91174077604,-0.004595569027944117,67.65777683258057,28.910287618637085,96.5680661201477,-2.0980834847250662e-09,-3.2226562325377017e-06
12.405384557787867,22806.45125,500.0,0.0,186,3720000,44,0.011582240462303162,0.00022559999999999884,549.4048346507399,419673.0118086522,-0.0060071863016651905,58.44157576560974,27.23133420944214,85.67291069030762,7.2479249269008506e-09,8.691406037542038e-06
12.057237532430017,19137.309999999998,500.0,0.0,187,3740000,44,0.009234552271664143,0.00022519999999999886,511.5050211512453,341445.6796425489,-0.0055605049029175384,62.062420129776,30.966776132583618,93.02919721603394,-5.912780931538464e-09,4.687500222644303e-06
10.613734134965016,19614.79625,500.0,0.0,188,3760000,44,0.011039679870009422,0.00022479999999999888,451.6051106513301,356494.96770039195,-0.006853380970607573,66.70508337020874,28.026691198349,94.73177552223206,-2.0599365768703137e-08,-9.765624753299562e-08
11.320596577504237,18529.2425,500.0,0.0,189,3780000,44,0.014632901176810265,0.00022439999999999887,590.8619699269636,359519.0872860328,-0.006321351428224702,60.17251682281494,29.4614577293396,89.63397741317749,2.6702879907247734e-09,-1.1132812687719706e-05
13.169801759466537,21200.94,500.0,0.0,190,3800000,44,0.008475509472191334,0.00022399999999999886,452.70139321743136,363403.40117052646,-0.005712678546599842,60.73584318161011,30.51284146308899,91.24868559837341,1.3160705414350105e-08,-2.3168944608187303e-05
10.936563478619016,25091.659999999996,500.0,0.0,191,3820000,44,0.008771718479692936,0.00022359999999999885,450.84873173563335,433089.7501393484,-0.004936849987118261,65.169100522995,34.80346131324768,99.97256255149841,7.057189943537878e-09,-1.7675782146397978e-05
11.320865172552553,19526.8375,500.0,0.0,192,3840000,44,0.009539952501654625,0.00022319999999999884,364.5838237297137,310845.7326938291,-0.0074209691964677174,66.78867197036743,31.49781632423401,98.28649115562439,-8.964538444899972e-09,2.4658202164573595e-06
8.649299179631475,24370.30875,500.0,0.0,193,3860000,44,0.011838594451546669,0.00022279999999999886,428.64429076165135,344039.93376905925,-0.007553674903110428,62.836792945861816,31.626007556915283,94.46280193328857,-1.5258788677030566e-09,4.687500222644303e-06
11.163640187063155,18351.86875,500.0,0.0,194,3880000,44,0.01209939643740654,0.00022239999999999887,378.2134590170875,248116.59756185272,-0.005473748313451145,67.13796401023865,28.128857851028442,95.2668228149414,1.0871887390351276e-08,1.7382812075084075e-05
11.794056563660401,19086.62625,500.0,0.0,195,3900000,44,0.012810737825930119,0.0002219999999999989,308.73222029744136,325288.6065835371,-0.006047574199923133,58.034595012664795,29.79690909385681,87.83150506019592,-2.250671471415444e-08,-9.130859325523488e-06
9.542591701634292,19469.35125,500.0,0.0,196,3920000,44,0.013800106942653656,0.0002215999999999989,329.507733493186,285633.6756284163,-0.006498684769445951,61.84457564353943,25.17190456390381,87.01648211479187,-1.201629640235069e-08,-7.812500371073838e-06
12.555207421979592,22827.471250000002,500.0,0.0,197,3940000,44,0.010818596929311752,0.0002211999999999989,282.33165423368007,398601.4984896433,-0.005415453308995254,61.77161717414856,28.402019262313843,90.17363786697388,-3.814697446813398e-09,-8.15429666545242e-06
11.40799964765758,18224.09625,500.0,0.0,198,3960000,44,0.011618342250585556,0.0002207999999999989,261.88409887386274,284937.880980743,-0.005548176322403226,66.6793863773346,27.202321767807007,93.8817093372345,7.629394893626795e-09,2.8808594834117685e-06
12.822306558910151,16928.07875,500.0,0.0,199,3980000,44,0.012662050314247608,0.00022039999999999888,248.2488496931842,309511.10365722096,-0.007798070455795492,67.09571433067322,25.86549401283264,92.96120953559875,3.1566621316869714e-08,4.443359557626536e-06
10.874853101234926,18447.0175,500.0,0.0,200,4000000,44,0.011351690627634525,0.00021999999999999887,313.4666382500985,319922.414350187,-0.00491112067031388,63.52246141433716,28.37579607963562,91.89826011657715,1.3160705414350105e-08,4.394531424622983e-05
7.424666269269099,19571.435000000005,500.0,0.0,201,4020000,44,0.008547049015760422,0.00021959999999999886,387.45771960531744,169038.59422198648,-0.004965440788179298,68.39137697219849,26.49009132385254,94.88146948814392,-1.201629640235069e-08,8.691406037542038e-06
7.62655412142693,16863.95,500.0,0.0,202,4040000,44,0.013169147074222565,0.00021919999999999885,301.20647165827427,235358.3952594577,-0.0073070014882950654,62.518439054489136,32.67744970321655,95.19589042663574,2.5272369086337676e-08,8.911132681532763e-06
8.149839654702774,10541.4675,500.0,0.0,203,4060000,44,0.00801784172654152,0.00021879999999999887,184.35408093877163,238629.8199056926,-0.005830225563807449,65.37619161605835,29.598877429962158,94.97507095336914,-2.565383994124204e-08,4.931640432914719e-06
8.026359760258874,15214.60625,500.0,0.0,204,4080000,44,0.010926865041255951,0.00021839999999999888,160.91275905767162,280058.02448710805,-0.006029569051510861,59.86750411987305,29.513599395751953,89.38110566139221,5.388260060357197e-09,-3.34472642862238e-05
8.910893345446734,13935.929999999998,500.0,0.0,205,4100000,44,0.009356764145195484,0.00021799999999999888,153.37861993150963,291003.71017108386,-0.0075317642403529665,68.11165308952332,31.23216962814331,99.34382557868958,-1.850128228397807e-08,-1.56249996052793e-06
7.563914177236853,15136.576250000002,500.0,0.0,206,4120000,44,0.013168705627322197,0.0002175999999999989,165.21804642430382,244885.28735435847,-0.008558376301661395,66.16335129737854,31.261284351348877,97.42463684082031,-2.2840499269705106e-08,8.691406037542038e-06
7.868909560348664,12927.4575,500.0,0.0,207,4140000,44,0.01283747237175703,0.00021719999999999888,176.18003226039875,267509.76472597814,-0.00844026935669691,68.75451612472534,27.160475492477417,95.91499280929565,-9.059905714536853e-09,5.029296971770236e-06
7.666513846346928,16411.91,500.0,0.0,208,4160000,44,0.01359983254224062,0.00021679999999999887,124.18453755724417,411985.3697474648,-0.009381793210576573,61.755128145217896,25.62047553062439,87.37560486793518,-1.516342251761671e-08,-4.394531060825102e-06
7.961540958346712,22341.6675,500.0,0.0,209,4180000,44,0.013098004274070263,0.0002163999999999989,95.94407616824907,417692.0705372555,-0.009388096558098372,66.74421381950378,29.770556211471558,96.51477146148682,5.340576336720915e-08,8.78906234902388e-07
7.289792491735878,15206.0675,500.0,0.0,210,4200000,44,0.011749607510864735,0.00021599999999999888,96.82034486785994,270639.91278139385,-0.004533138441554752,71.69096040725708,29.789609670639038,101.48057293891907,4.81605511026828e-09,-1.6015625078580342e-05
7.791310464673947,19330.95625,500.0,0.0,211,4220000,44,0.01056637428700924,0.00021559999999999887,74.4656780383392,292825.29983278195,-0.005805538199165187,75.48764181137085,32.74620842933655,108.23385190963745,2.7465819840699623e-08,-4.785156306752469e-06
7.985553079155852,20968.2275,500.0,0.0,212,4240000,44,0.013474586419761181,0.00021519999999999886,80.00327342069602,319089.71860615653,-0.006474973580919092,63.330676555633545,34.604859352111816,97.93553829193115,9.870529282807183e-09,4.296874976716936e-06
7.881341374081435,18028.835,500.0,0.0,213,4260000,44,0.010310089215636253,0.00021479999999999888,80.1099372047275,365471.73026197497,-0.007330899983933849,59.14074897766113,28.977543830871582,88.11829376220703,-7.20024129208241e-09,-5.029296971770236e-06
7.585192893060008,21670.1975,500.0,0.0,214,4280000,44,0.011499383486807346,0.00021439999999999887,64.27604700973036,318784.11341160815,-0.009873999031132003,63.59388208389282,34.66695547103882,98.26083850860596,-1.6975402417074292e-08,-1.411132780049229e-05
7.651172727634483,20851.48125,500.0,0.0,215,4300000,44,0.009770491160452366,0.00021399999999999886,72.91205934715491,276063.81422162685,-0.006596180321195916,64.74475288391113,27.330446481704712,92.07520127296448,-1.6212464259979242e-08,-1.6796875570435077e-05
8.047992051556772,18616.785,500.0,0.0,216,4320000,11,0.02127380482852459,0.00021359999999999885,178.19469420737036,339779.0664556962,-0.0031200660130339146,58.209691762924194,6.1564531326293945,64.3661458492279,4.935264641403592e-09,-2.0849609427386895e-05
8.549820268046835,21181.30375,500.0,0.0,217,4340000,44,0.0111344950273633,0.00021319999999999884,76.791245648721,350795.5866207566,-0.00793218237529557,66.52480697631836,31.375730514526367,97.9005401134491,-1.0204315614714687e-08,-1.5625000742147677e-05
7.524435175233587,20967.861249999998,500.0,0.0,218,4360000,44,0.012464537285268307,0.00021279999999999883,71.61964269940955,333768.41129800776,-0.007018645121464109,66.82114481925964,26.840436697006226,93.66158270835876,5.4836273299940785e-09,-5.761718966823537e-06
7.580531307428283,25295.5625,500.0,0.0,219,4380000,2,0.025757193565368652,0.00021239999999999885,133.40205631980413,404716.2972705696,0.004206053505922797,68.85525298118591,1.3240880966186523,70.17934441566467,2.6702879907247734e-09,-1.6601562720097718e-06
7.53652026381644,19345.23125,500.0,0.0,220,4400000,44,0.013323439285159111,0.00021199999999999884,66.6081843442006,289938.5201650604,-0.006104251910917358,64.01968884468079,27.722849369049072,91.74253940582275,-6.484985437538171e-09,-1.5625000742147677e-05
8.202959564285141,19571.72875,500.0,0.0,221,4420000,44,0.015140308067202568,0.00021159999999999883,55.73081143569068,313256.5948423116,-0.008209913750476514,66.30872941017151,30.622101306915283,96.93083238601685,-7.2479249269008506e-09,7.666015335416887e-06
7.617634524212534,19881.625,500.0,0.0,222,4440000,36,0.02076137810945511,0.00021119999999999882,75.31792069889825,374363.37889526197,-0.007391907090603462,66.47505807876587,22.50598907470703,88.98105001449585,-4.863739189175931e-09,3.310546890133992e-05
8.033368450312356,25217.56,500.0,0.0,223,4460000,44,0.015627384185791016,0.0002107999999999988,65.8911369305074,365764.16064846446,-0.006761478059547359,73.91915845870972,28.59692668914795,102.51608633995056,2.0265580324974053e-09,2.9296876391526894e-07
8.11440092148497,21906.390000000003,500.0,0.0,224,4480000,44,0.012641768902540207,0.0002103999999999988,88.73676055978439,260802.05590117953,-0.00600506500432764,65.74703454971313,26.136449337005615,91.88348484039307,1.3923645347801994e-08,3.1738281904836185e-06
7.684504790624314,23567.191249999996,500.0,0.0,225,4500000,31,0.02153013087809086,0.00020999999999999882,85.32221350586137,343863.7670477746,-0.005797987788795463,65.14810299873352,21.397790908813477,86.54589509963989,1.7166137400437265e-09,-8.410644113610033e-06
8.684510687190665,25452.0875,500.0,0.0,226,4520000,44,0.014894523657858372,0.00020959999999999883,89.21268979369977,364063.3136552431,-0.006115017541854614,63.537802934646606,27.709741592407227,91.24754548072815,2.2888184680880386e-09,2.5390625069121597e-06
7.632689690457954,19142.763750000002,500.0,0.0,227,4540000,40,0.02104678936302662,0.00020919999999999885,75.57554839894742,304133.40140921675,-0.006639548858680727,63.487998485565186,25.739786386489868,89.22778701782227,-2.8610229740877458e-09,7.81249980263965e-07
7.8188199479372695,23192.9275,500.0,0.0,228,4560000,44,0.01296283584088087,0.00020879999999999887,103.90511402902725,310489.3227960479,-0.00753951959547539,73.88925433158875,30.295488357543945,104.18474507331848,-3.528594971768939e-09,-8.15429666545242e-06
8.193908279651856,24198.515,500.0,0.0,229,4580000,4,0.02548988163471222,0.00020839999999999886,137.59914669809461,400839.9769580696,0.0030447079739651254,63.3166401386261,2.3959476947784424,65.71258878707886,-1.7166137400437265e-09,-1.3623046470456757e-05
8.294442255810335,22312.8725,500.0,0.0,230,4600000,14,0.02939094603061676,0.00020799999999999885,113.27907631927546,324839.35390766273,-0.0016347219248405013,61.814255237579346,8.736565589904785,70.55082178115845,-3.337859988405967e-10,8.447265827271622e-06
8.277099169137658,20303.27,500.0,0.0,231,4620000,44,0.013301610946655273,0.00020759999999999884,109.76765590762105,301047.55350978137,-0.004459555700140811,68.68106722831726,29.679577112197876,98.36064624786377,7.629394338515283e-10,-1.2109375347790774e-05
7.308013802075192,20857.93625,500.0,0.0,232,4640000,44,0.012908832170069218,0.00020719999999999883,121.78657815535955,289781.80806107953,-0.0040190217355925316,64.90677952766418,26.746691703796387,91.65347242355347,-5.722046170220096e-10,-8.78906234902388e-07
8.29209486440269,24924.875,500.0,0.0,233,4660000,44,0.02308863215148449,0.00020679999999999882,117.96809572893676,323268.6869291211,-0.006016340257904853,65.19926023483276,30.252461671829224,95.4517228603363,-1.9073485846288207e-10,-1.0742187441792339e-05
8.239114226982439,25549.075,500.0,0.0,234,4680000,44,0.010971168987452984,0.0002063999999999988,107.34478448093006,298521.8288644455,-0.00622995161414961,66.98648691177368,28.98558259010315,95.9720709323883,-7.2479249269008506e-09,-2.2338866983773187e-05
7.580048307038661,22935.3525,500.0,0.0,235,4700000,40,0.027937384322285652,0.0002059999999999988,115.36133145199547,237421.2955102848,-0.003398087994001004,74.94011664390564,28.263209342956543,103.20332956314087,-1.907348723406699e-09,-9.15527380129788e-06
7.270660394041241,18344.77375,500.0,0.0,236,4720000,41,0.020405488088726997,0.00020559999999999882,95.46614288348923,227016.06939593624,-0.005878386388548057,61.38474988937378,25.907737970352173,87.29248929023743,-1.3351439953623867e-09,-5.22460959473392e-06
7.513615102013759,22847.1275,500.0,0.0,237,4740000,44,0.01752164028584957,0.0002051999999999988,167.00436760504036,321626.95714812283,-0.004106168446835169,70.8616316318512,29.002467393875122,99.86410140991211,-1.1444092340440193e-09,1.8579101379145868e-05
8.400944561968483,30118.905000000006,500.0,0.0,238,4760000,13,0.023205270990729332,0.0002047999999999988,96.6762146471538,384251.77572723955,-0.004202741868621665,63.725725173950195,8.470691442489624,72.19641971588135,2.6702879907247734e-09,4.1650389903225005e-05
7.541049546488966,31741.50625,500.0,0.0,239,4780000,44,0.012093424797058105,0.0002043999999999988,133.95020182470182,310177.0626348533,-0.004900479140119162,80.68556571006775,34.51260805130005,115.19817543029785,9.918212917625624e-09,1.8432616343488917e-05
7.3350162652410775,25970.073750000003,500.0,0.0,240,4800000,44,0.014444222673773766,0.0002039999999999988,127.16964010868577,277472.3287183544,-0.005215167579907839,62.2658109664917,28.94063973426819,91.2064516544342,4.1961669694501325e-09,8.15429666545242e-06
8.220575796322862,23247.31375,500.0,0.0,241,4820000,44,0.016764014959335327,0.0002035999999999988,70.42697820290323,297129.9883733997,-0.0077496868466730125,71.26577162742615,32.74449372291565,104.01026654243469,-2.2888184680880386e-09,1.5039062418509275e-05
7.885465203895869,26288.3625,500.0,0.0,242,4840000,44,0.015693439170718193,0.0002031999999999988,127.39439903167093,388208.7900738996,-0.0071343961549586304,63.7697856426239,30.143747329711914,93.91353464126587,4.386901952813105e-09,3.2470702535647433e-06
7.7494211605663805,26100.405,500.0,0.0,243,4860000,31,0.020362036302685738,0.0002027999999999988,140.0980268395059,307084.35932395875,-0.005471595390059021,65.77726316452026,22.80140995979309,88.57867527008057,-4.0531160649948106e-09,1.2145996151957661e-05
8.197413191923319,26079.535,500.0,0.0,244,4880000,44,0.013269366696476936,0.0002023999999999988,135.13996247180722,294953.66427826526,-0.004379793727219585,58.47912073135376,28.80478858947754,87.2839105129242,2.2888184680880386e-09,-1.29150394059252e-05
7.576469867896729,27378.06375,500.0,0.0,245,4900000,44,0.015000591985881329,0.0002019999999999988,100.00006033279541,306603.65594433254,-0.005090906120408315,60.23751640319824,30.096863508224487,90.33438229560852,-7.2479249269008506e-09,-1.2890624930150807e-05
7.721902665671296,21774.87875,500.0,0.0,246,4920000,44,0.012041282840073109,0.0002015999999999988,95.6896810553565,241515.57695177646,-0.005579914063431877,66.26714372634888,30.067968368530273,96.3351149559021,-6.961822673900997e-09,-1.9531250927684596e-06
8.593505341312108,21865.781250000004,500.0,0.0,247,4940000,44,0.017358478158712387,0.0002011999999999988,107.11515662859443,229926.9051442031,-0.004152371929044824,62.46916699409485,28.986165285110474,91.45533418655396,0.0,-1.2255859473953024e-05
7.47553411826537,26073.48,500.0,0.0,248,4960000,44,0.011758389882743359,0.00020079999999999878,77.24584865460325,268598.90822560055,-0.006572629342138847,67.8702187538147,30.410399436950684,98.28061890602112,6.675719976811934e-10,-1.5234374586725608e-05
6.936704615204332,30727.558750000004,500.0,0.0,249,4980000,44,0.012713034637272358,0.00020039999999999877,102.31494248722721,388559.29964848247,-0.004987111293596362,71.60975480079651,31.034708261489868,102.64446496963501,-2.0980834847250662e-09,5.761718966823537e-06
7.508036701883505,21558.13625,500.0,0.0,250,5000000,44,0.015633555129170418,0.00019999999999999876,82.42290797963378,277346.67438102345,-0.004715005926328622,66.82771420478821,29.314242362976074,96.14195775985718,-2.7656554824062596e-09,5.175781097932486e-06
326.34119179765605,7772.21875,500.0,0.0,251,5020000,44,0.00838148407638073,0.00019959999999999875,650.5743607673601,210540.47141897117,-0.005302236156759974,66.85973691940308,30.590391635894775,97.45012950897217,-1.5830993405074878e-08,9.765625463842298e-07
443.4650682676314,2393.1875,500.0,0.0,252,5040000,37,0.021899865940213203,0.00019919999999999874,555.968867225921,201087.27502111485,-0.003626659786770916,59.168914794921875,22.428783655166626,81.59769988059998,1.7166137400437265e-09,1.132812485593604e-05
426.2756402029603,5739.348749999999,500.0,0.025,253,5060000,36,0.02287713997066021,0.00019879999999999873,527.9034202162559,228659.8992279525,-0.006397269536394288,60.08261704444885,23.38068914413452,83.46330714225769,2.2888184680880386e-09,-1.3769531506113708e-05
397.59142728037597,6725.25,500.0,0.027500000000000004,254,5080000,6,0.022633783519268036,0.00019839999999999872,538.3338177194072,274421.25771360757,-0.0018826276059007029,58.541707038879395,4.458715915679932,63.00042390823364,-6.103515470812226e-09,-5.0781250138243195e-06
423.73899848448036,3368.4037500000004,500.0,0.022500000000000003,255,5100000,41,0.021565988659858704,0.00019799999999999871,275.95862028281533,135580.4535633828,-0.0049316801418161854,57.58839702606201,25.544718742370605,83.13311696052551,2.5177001816700795e-08,-3.0273438369476935e-06
441.6404575479966,2787.8199999999997,500.0,0.0,256,5120000,44,0.017144478857517242,0.0001975999999999987,160.64187748824494,160632.66863009296,-0.007893464913072228,65.16676235198975,29.484042644500732,94.65080571174622,1.0681151962899094e-08,-1.56249996052793e-06
436.33812794302594,7484.360000000001,500.0,0.041249999999999995,257,5140000,44,0.014910641126334667,0.00019719999999999872,205.56980790861456,114500.55749525766,-0.009056136015895326,60.523075103759766,31.111835956573486,91.63491487503052,9.53674295089968e-09,-2.2460937998403097e-06
428.43875278681605,2675.6450000000004,500.0,0.03375,258,5160000,10,0.021189318969845772,0.00019679999999999874,173.03744805734368,95542.9554217761,-0.0029938993940153455,63.071202993392944,6.121770858764648,69.19297504425049,1.1062621929625038e-08,1.4648437627329258e-06
437.9780480124283,6322.93,500.0,0.0,259,5180000,32,0.02027842029929161,0.00019639999999999873,149.89605146721948,81558.6896543865,-0.004765054477836282,66.01527953147888,20.006125688552856,86.02140641212463,-1.9550324026340604e-08,-3.515624939609552e-06
475.13503292744133,6188.348749999999,500.0,0.013750000000000002,260,5200000,44,0.011077706702053547,0.00019599999999999872,135.47325693202924,112591.28040211,-0.011181120029124147,55.10724091529846,29.832537412643433,84.9397804737091,-8.392333938900265e-09,2.2460937998403097e-06
458.7468276813446,3223.68375,500.0,0.02375,261,5220000,44,0.011898786760866642,0.0001955999999999987,227.73717110066474,109680.02522374407,-0.003902815236796821,60.9107129573822,29.14185380935669,90.05256772041321,6.103515470812226e-09,-3.0273438369476935e-06
456.9907142942122,3962.25375,500.0,0.027500000000000004,262,5240000,36,0.021335987374186516,0.00019519999999999873,147.30889903845164,105792.83057121352,-0.006779488446187678,56.85672068595886,22.481703519821167,79.33842492103577,-6.484985437538171e-09,1.5136719184738467e-06
453.31621030171334,2108.92875,500.0,0.035,263,5260000,38,0.0232942346483469,0.00019479999999999874,123.69433456957141,73214.25183178662,-0.00693230477324113,64.74051189422607,23.576529502868652,88.31704258918762,3.2424927187690855e-09,-2.6855468604480848e-06
476.6289995807585,795.1300000000001,500.0,0.0,264,5280000,13,0.022940097376704216,0.00019439999999999876,82.80456022951596,74385.39378480252,-0.00041280711611992195,61.95915460586548,8.054251670837402,70.01340937614441,-1.6593933338526767e-08,-1.4648437627329258e-06
456.99411593965596,3660.63125,500.0,0.0,265,5300000,42,0.022207830101251602,0.00019399999999999875,81.53238201658722,82017.72914164924,-0.008106159583072899,66.75685524940491,29.74212408065796,96.49898147583008,6.771087690538025e-09,4.882812731921149e-07
442.9909054417205,3566.6387500000005,500.0,0.07125,266,5320000,44,0.013936846517026424,0.00019359999999999877,84.23337731454671,80987.44679448135,-0.0067934790196543466,62.346272706985474,27.73865795135498,90.08493161201477,-3.371238577187796e-08,7.324218813664629e-07
444.29524647358346,4573.71375,500.0,0.053750000000000006,267,5340000,16,0.024090327322483063,0.00019319999999999876,97.14911670020864,98081.89812768863,-0.006645396967231343,58.09115028381348,10.610312223434448,68.70146369934082,1.8596649553614952e-08,1.9531249506599124e-07
435.0257084500025,6429.90375,500.0,0.0,268,5360000,44,0.010290158912539482,0.00019279999999999875,101.5358860950887,70929.93299056252,-0.006785896803303037,63.644694566726685,30.62614107131958,94.27083849906921,2.2888184680880386e-09,-3.0761718790017767e-06
470.1111521280765,2571.93375,500.0,0.0,269,5380000,44,0.01971389167010784,0.00019239999999999877,70.5078591877901,29555.626889069692,-0.00953324287149185,54.14585041999817,29.859301328659058,84.00515341758728,-7.534026735811494e-09,1.2695312534560799e-06
444.59159602312565,4079.65875,500.0,0.0,270,5400000,44,0.011078868992626667,0.00019199999999999879,87.16976040773206,34197.667263158306,-0.008348593573135263,56.21878266334534,27.703636407852173,83.92242050170898,-5.435943695175638e-09,-1.0229492545477115e-05
433.0200625949221,4047.0025,500.0,0.052500000000000005,271,5420000,33,0.024789368733763695,0.0001915999999999988,86.05438497709414,52394.8131592827,-0.008880375099350888,58.96901535987854,20.407663345336914,79.37667965888977,-1.1825561863076928e-08,-7.836913937353529e-06
466.11789291026537,3219.3599999999997,500.0,0.0475,272,5440000,44,0.01623622514307499,0.00019119999999999882,74.24532415458056,32470.046601781636,-0.005984980392118946,61.94262146949768,26.84792137145996,88.79054570198059,-1.1444092340440193e-09,-6.7382811721472535e-06
472.7214143870709,2257.50375,500.0,0.025,273,5460000,44,0.012318214401602745,0.00019079999999999884,112.29131965505515,37816.27644304247,-0.007189803485160048,57.35506558418274,27.00676465034485,84.3618311882019,1.6212463593845428e-09,-5.419921762950253e-06
450.0246824542498,4326.3225,500.0,0.0,274,5480000,16,0.020740438252687454,0.00019039999999999883,170.47485393813895,34370.34489923791,-0.0019489548270755649,65.1388931274414,10.630096912384033,75.76899147033691,9.536742923144104e-11,-1.220703097715159e-06
445.9675536348185,3395.325,500.0,0.0,275,5500000,44,0.010872178710997105,0.00018999999999999884,115.509200470357,115178.14787912313,-0.009224598720788707,60.370816230773926,27.62606954574585,87.99688696861267,7.152557435219364e-10,4.39453117451194e-07
415.2326953982224,5335.95125,500.0,0.0,276,5520000,44,0.014793594367802143,0.00018959999999999886,111.43511241324615,32673.110945057404,-0.0077806595189835,66.45474123954773,25.88651967048645,92.34126210212708,4.76837147544984e-09,5.541992322832812e-06
486.5949817619944,4644.51375,500.0,0.00125,277,5540000,44,0.010911489836871624,0.00018919999999999888,60.14987736714037,90633.18381794357,-0.005518936921180074,62.92817807197571,29.550018548965454,92.4781985282898,-6.031990018584565e-09,-2.1240234673314262e-06
457.00079263079203,3766.8324999999995,500.0,0.06,278,5560000,44,0.011268608272075653,0.00018879999999999887,57.55723065967801,50626.90308431926,-0.010039621957867664,63.64718055725098,27.506559371948242,91.15374088287354,2.2125243859250077e-08,8.56933638715418e-06
488.02757786893125,1762.94375,500.0,0.05874999999999999,279,5580000,44,0.01008722186088562,0.00018839999999999886,61.33396203279221,41130.50863229556,-0.004883042978993869,60.69566750526428,31.837852478027344,92.5335214138031,1.6593933338526767e-08,-4.0039062696450856e-06
444.2284223261783,3830.24875,500.0,0.005,280,5600000,44,0.014053920283913612,0.00018799999999999885,62.00902848468688,58291.31746512919,-0.009665122176844721,57.85608506202698,31.9376540184021,89.79374051094055,8.01086397217432e-09,-2.5390625069121597e-06
448.7173029583958,5845.2387499999995,500.0,0.0475,281,5620000,9,0.02247944101691246,0.00018759999999999887,57.353505460521845,90074.90840365682,-0.0026041486568397906,62.85955572128296,6.28471565246582,69.14427280426025,2.9325484263154067e-09,-2.4902344648580765e-06
463.53348447055896,5548.2325,500.0,0.0025,282,5640000,44,0.00943155400454998,0.00018719999999999886,43.19249268203665,62888.4208812999,-0.008615614983863524,61.74819493293762,32.28362154960632,94.03181743621826,-2.6893616222878336e-08,9.765624753299562e-08
463.1853292388725,3335.3324999999995,500.0,0.0325,283,5660000,39,0.020255230367183685,0.00018679999999999888,48.35187464153484,63125.20365147527,-0.010509665210041224,63.69613265991211,27.18950867652893,90.88564538955688,-8.201599399626502e-09,-1.708984314063855e-07
457.94030167269847,4033.3862500000005,500.0,0.035,284,5680000,44,0.013329374603927135,0.00018639999999999887,37.08677740996946,64900.49091566501,-0.01032503103859877,65.39068961143494,26.00200390815735,91.39269471168518,2.7656554824062596e-09,8.78906234902388e-07
471.3727664891461,8706.49375,500.0,0.085,285,5700000,44,0.010642243549227715,0.00018599999999999886,54.43455898802903,86592.55119423817,-0.01251984978216203,57.52267026901245,28.025885820388794,85.54855799674988,-9.58442658571812e-09,1.8066406255456968e-06
461.03722447598585,8084.435,500.0,0.0475,286,5720000,44,0.012102162465453148,0.00018559999999999885,75.27450517132038,101796.930237589,-0.01036678974014858,65.85489988327026,30.19118094444275,96.04608249664307,-1.1682510070443186e-08,1.5380859395008883e-06
468.12450815333307,6394.10625,500.0,0.04375,287,5740000,44,0.013071028515696526,0.00018519999999999884,58.64875966962106,75058.18013729187,-0.012901796978798945,62.09265089035034,25.567938089370728,87.66059112548828,-2.6702879907247734e-09,3.2470702535647433e-06
462.15751250096474,3556.345,500.0,0.05625,288,5760000,44,0.014736924320459366,0.00018479999999999883,51.261132154146466,43028.18199278872,-0.007870606086870615,55.50475597381592,27.83955407142639,83.34431099891663,4.768371461572052e-11,1.5869140952418093e-06
466.86986487668656,3689.8125,500.0,0.05,289,5780000,44,0.011981225572526455,0.00018439999999999884,58.923977378871555,107184.69574824466,-0.010217005455186853,57.582478046417236,29.109577655792236,86.69205713272095,-2.6702879907247734e-09,-3.0761718790017767e-06
471.89168742241907,7471.616249999999,500.0,0.0,290,5800000,44,0.011945309117436409,0.00018399999999999886,77.47551086500407,132083.43767025226,-0.010776328491017553,63.30725860595703,33.72964882850647,97.0369086265564,-1.2397766369076635e-08,4.443359557626536e-06
482.20575353183585,5790.37125,500.0,0.037500000000000006,291,5820000,44,0.01483476534485817,0.00018359999999999888,47.960634190962146,115434.00127211594,-0.006258116345247093,62.41371202468872,31.94432783126831,94.35804104804993,-1.1444092340440193e-09,1.9531249506599124e-07
428.4580783313837,8450.855,500.0,0.07625,292,5840000,44,0.015702418982982635,0.00018319999999999887,77.06478073956366,96819.30767450015,-0.010962101340163134,61.524085998535156,30.669023275375366,92.19311094284058,2.6226043559063328e-09,1.6357421372958925e-06
469.76023585214296,4819.8324999999995,500.0,0.01125,293,5860000,42,0.022616561502218246,0.0001827999999999989,42.57949194755807,71197.41127467601,-0.006343435991049934,59.94907855987549,30.54751467704773,90.49659442901611,4.959106458812812e-09,-1.4648438195763447e-07
443.5576430794532,8605.672499999999,500.0,0.028750000000000005,294,5880000,44,0.014389521442353725,0.0001823999999999989,65.86481323889676,98654.27273008217,-0.01327747605373023,60.04853272438049,31.179017543792725,91.22755241394043,1.7166137400437265e-09,-6.4453124650754035e-06
437.6363855174927,8205.28125,500.0,0.02125,295,5900000,44,0.013437951914966106,0.00018199999999999892,82.8379089846024,114307.85807816096,-0.010181533088161415,65.52648854255676,32.44867396354675,97.97516465187073,-3.433227480087453e-09,1.416015606992005e-06
450.6977638493112,5912.14625,500.0,0.025,296,5920000,44,0.01457943581044674,0.0001815999999999989,76.58763376505932,116086.2649659046,-0.01030104663421296,75.13047575950623,28.827922344207764,103.95840287208557,-4.959106458812812e-09,1.2207031829802872e-07
471.3506164104194,6800.46875,500.0,0.0,297,5940000,44,0.016197586432099342,0.0001811999999999989,50.21131661352546,93187.15934207333,-0.011310536784194388,59.09737944602966,26.47835063934326,85.57573080062866,2.9802322831784522e-09,7.080078034960025e-07
419.0622409655531,5893.308749999999,500.0,0.01875,298,5960000,44,0.01143523771315813,0.0001807999999999989,51.00090510771107,80376.75860785341,-0.011260857541632268,60.79025483131409,27.398722887039185,88.18897914886475,-9.536742923144104e-11,2.050781176876626e-06
407.52318049293825,11708.40875,500.0,0.0675,299,5980000,41,0.021093102172017097,0.0001803999999999989,73.63204700426394,186511.4192133471,-0.013503649596578616,61.98635387420654,27.218973398208618,89.20532894134521,3.3378602104505717e-09,-2.758789150902885e-06
443.06314890959345,6457.84875,500.0,0.03875,300,6000000,44,0.01398484781384468,0.00017999999999999893,57.72015627179513,89980.52954803924,-0.009351088850832918,63.88874316215515,30.281837224960327,94.17058110237122,-3.19480886190604e-09,-2.734374902502168e-06
113.48137551965442,2738.39375,500.0,0.0,301,6020000,44,0.008966991677880287,0.00017959999999999892,85.7219353259913,17546.620089514483,-0.0027039454419592393,68.54316973686218,28.654515266418457,97.19768714904785,5.226135257885289e-08,4.39453117451194e-07
14.957217051735583,670.78,500.0,0.0,302,6040000,44,0.008819851092994213,0.00017919999999999893,90.60418065974298,27162.34828064878,-0.001856688912277366,65.29659628868103,34.87422156333923,100.17081904411316,-2.9182434246877165e-08,1.0192870831815526e-05
14.012339650885531,167.695,500.0,0.0,303,6060000,44,0.012374404817819595,0.00017879999999999893,45.942128301627065,11041.705207710573,-0.0017835462016229796,68.2349500656128,27.753093004226685,95.98804521560669,-9.465217942761228e-08,1.452636752219405e-06
16.476456839416233,0.0,500.0,0.0,304,6080000,44,0.008302813395857811,0.00017839999999999892,38.58831654868,7032.592181698499,-0.0021139481369825564,62.95708727836609,32.58127045631409,95.53836107254028,-3.5762788286319847e-08,7.080077921273187e-06
14.123256416996139,0.0,500.0,0.0,305,6100000,44,0.006869024597108364,0.0001779999999999989,25.177379217466083,2883.0620102789103,-0.001790531962063438,58.87536931037903,31.16555404663086,90.04092454910278,1.2302399099439754e-08,7.934570334100499e-08
13.858136203568927,0.0,500.0,0.0,306,6120000,44,0.007792115677148104,0.00017759999999999892,30.45422960287957,3562.097191568074,-0.0025038017507002693,60.7078492641449,30.251771926879883,90.95962309837341,5.8746337572301854e-08,3.5110474527755287e-06
16.15739416542117,0.0,500.0,0.0,307,6140000,44,0.020278500393033028,0.00017719999999999894,23.730721019354185,3047.513717458218,-0.0005826986178402629,61.79627299308777,36.207478523254395,98.00375270843506,-8.85009754370003e-08,-1.1718750556610757e-06
15.72472159846414,0.0,500.0,0.0,308,6160000,44,0.005229452159255743,0.00017679999999999896,22.63318121584156,2928.060046829206,-0.0010127454375316602,60.437533140182495,26.56778860092163,87.00532245635986,1.2969971407983394e-07,-7.598877118653036e-07
16.807496073918298,0.0,500.0,0.0,309,6180000,44,0.007845506072044373,0.00017639999999999895,27.672540370559254,3519.9252291241505,-0.00019663905039519688,65.20923781394958,31.76035475730896,96.96959519386292,-2.405643506619981e-08,1.1138915851915954e-06
15.18940331771132,0.0,500.0,0.0,310,6200000,44,0.007057907059788704,0.00017599999999999894,20.030078551574462,2217.89726332828,-0.0009241734318685974,65.13112783432007,30.38924789428711,95.52037858963013,1.7204284574745543e-07,1.4587402574761654e-06
13.474893597709809,0.0,500.0,0.0,311,6220000,34,0.021211281418800354,0.00017559999999999893,21.74819138470818,3236.41053886726,-0.0017140433447968078,61.683067083358765,23.40323281288147,85.08630132675171,-9.393691868808673e-08,-1.2176514019301976e-06
14.37576608193612,0.0,500.0,0.0,312,6240000,17,0.043823789805173874,0.00017519999999999892,21.602884187506636,3511.6259690183183,0.0008948881500515024,59.32143259048462,10.262743711471558,69.5841772556305,6.284713549575827e-08,1.025390588438313e-06
13.20467753816514,0.0,500.0,0.0,313,6260000,44,0.007516168057918549,0.00017479999999999894,19.66660088362436,1931.4052273275115,-0.0014917560422300577,67.89636635780334,29.369123458862305,97.26549172401428,2.9754637864698452e-08,-8.483886517751671e-07
15.175648278304113,0.0,500.0,0.0,314,6280000,44,0.007979089394211769,0.00017439999999999893,20.189444697767463,2616.8427576694994,-0.0005780886012714643,61.18317270278931,27.588961362838745,88.77213549613953,-8.707046816880393e-08,5.310058668328566e-07
13.863306127157392,0.0,500.0,0.0,315,6300000,44,0.008943384513258934,0.00017399999999999892,19.596961210731532,2063.1325036017065,-0.000834608177377942,64.05105328559875,28.383158922195435,92.43421459197998,-7.655620493096649e-08,1.2207031829802872e-07
14.143897120031145,0.0,500.0,0.0,316,6320000,44,0.011407912708818913,0.0001735999999999989,19.569278081623953,2751.376908384615,-0.001617122443338751,63.296334981918335,29.539674043655396,92.8360116481781,-1.0313987530707891e-07,2.0751953400122147e-07
13.594786487258421,0.0,500.0,0.0,317,6340000,30,0.020718613639473915,0.0001731999999999989,21.5171355774634,5091.995338871308,-0.0012525500150550675,60.616081953048706,21.579646348953247,82.19573092460632,-1.4686584393075464e-08,-2.685546860448085e-07
14.990991377459745,0.0,500.0,0.0,318,6360000,1,0.02215748094022274,0.00017279999999999891,29.04818170281905,2414.6883514018,0.0007678704878574685,64.80551862716675,0.5822737216949463,65.38779354095459,-1.083374030486084e-07,7.934570334100499e-08
16.86368484580195,0.0,500.0,0.0,319,6380000,1,0.023576099425554276,0.00017239999999999893,26.79227732404878,2758.7178074317644,0.007879112853043818,71.83801937103271,0.5700342655181885,72.40805530548096,7.0095063087194376e-09,-1.8920898980923084e-07
16.693588228899483,0.0,500.0,0.0,320,6400000,5,0.025510089471936226,0.00017199999999999895,27.798547643347632,5724.158852724486,0.0038466096227941443,61.653489112854004,3.037945508956909,64.69143652915955,1.907348723406699e-09,-4.882812376649781e-08
19.06147985495163,0.0,500.0,0.0,321,6420000,44,0.012931952252984047,0.00017159999999999894,25.94735027539305,4763.846171810383,-0.005461688134087822,65.94468665122986,26.226449728012085,92.17113780975342,-7.677078528445236e-09,-1.708984314063855e-07
21.10185728176247,0.0,500.0,0.0,322,6440000,32,0.020546777173876762,0.00017119999999999893,30.21120118642155,3025.872574335412,-0.0008759280747573387,67.04782342910767,20.928984880447388,87.97680902481079,-2.813339339269305e-09,2.4414063659605745e-07
22.307789717736824,0.0,500.0,0.0,323,6460000,14,0.02159862034022808,0.00017079999999999892,22.16797038831935,2447.5349693919175,0.0009339030002198345,57.30162692070007,8.250442028045654,65.55206990242004,2.07901003079769e-08,3.6926269331161166e-07
27.30281626495402,0.0,500.0,0.0,324,6480000,44,0.009424724616110325,0.0001703999999999989,21.64818897949675,3409.630140473571,-0.006207763303227463,59.677480936050415,27.67040205001831,87.34788393974304,-2.0122527644161892e-08,3.295898522992502e-07
25.229384075053787,0.0,500.0,0.0,325,6500000,44,0.007687082048505545,0.0001699999999999989,20.008747398784713,8449.86697447396,-0.002507887914329628,61.54606866836548,31.889366388320923,93.43543696403503,1.0204315614714687e-08,-1.0986327652062755e-06
27.279651014972522,155.58625,500.0,0.0,326,6520000,41,0.02201574109494686,0.00016959999999999892,27.4939537142559,6952.593424416354,-0.006412816680311511,63.53292202949524,27.54897117614746,91.08189606666565,4.482269222449986e-09,5.065917889623961e-07
19.581360341724707,62.03875000000001,500.0,0.0,327,6540000,2,0.02090892195701599,0.0001691999999999989,36.60946586464025,6823.1266873516615,0.004046153825342278,61.96288347244263,1.4547114372253418,63.4175968170166,1.0824203755532835e-08,7.507323971367441e-07
21.767135823650055,0.0,500.0,0.0,328,6560000,44,0.007621076889336109,0.0001687999999999989,18.49593073918438,1962.1212551876372,-0.001097463342122427,61.00982666015625,30.691526651382446,91.70135426521301,-6.843805522294133e-08,-3.0059814548621944e-07
25.957542918602048,1570.7600000000002,500.0,0.0,329,6580000,44,0.009237492457032204,0.00016839999999999892,36.701785831648955,18842.171289582246,-0.00696172696801912,63.739375829696655,27.88870358467102,91.62808203697205,6.961822673900997e-09,1.9287108443677425e-06
24.676318007201647,3806.1524999999992,500.0,0.0,330,6600000,44,0.012890365906059742,0.0001679999999999989,36.39580999172461,38417.60840300284,-0.009935091242377172,61.490482330322266,28.47837996482849,89.96886348724365,-1.9550324026340604e-08,5.126953055878403e-06
24.51513807656284,1759.975,500.0,0.0,331,6620000,44,0.01394579466432333,0.00016759999999999892,31.271903797452552,47400.229828477866,-0.010038429976631732,67.76707482337952,27.091809034347534,94.85888457298279,5.722046170220096e-10,-4.1503906800244295e-07
40.53250285898197,3391.325,500.0,0.0,332,6640000,44,0.013649397529661655,0.00016719999999999891,28.40160386444373,24651.536069951206,-0.004508518867202154,61.802186727523804,29.33702063560486,91.13921070098877,-8.201599399626502e-09,4.882812376649781e-08
32.00458359713184,3884.9800000000005,500.0,0.0,333,6660000,44,0.013788853771984577,0.00016679999999999893,39.27574036886832,87677.09618831586,-0.009919650317742425,62.56027960777283,28.201432704925537,90.76171326637268,-1.0657310589579083e-08,6.347656267280399e-07
26.842428461732805,5582.799999999999,500.0,0.0,334,6680000,44,0.01443719957023859,0.00016639999999999895,26.12017642944125,43654.818826585426,-0.012977738376619493,73.0363655090332,27.635335683822632,100.67170333862305,2.956390465769232e-09,2.6367188183940016e-06
24.96658572653957,7686.10375,500.0,0.0,335,6700000,44,0.012079890817403793,0.00016599999999999897,31.407552770695833,89178.79860168387,-0.006822170915867934,64.72237491607666,31.13862633705139,95.86100435256958,4.0531160649948106e-09,-1.0620117336657131e-06
35.585901269143804,6771.1799999999985,500.0,0.0,336,6720000,44,0.013391800224781036,0.00016559999999999898,39.988699674880685,109757.15321734641,-0.008310704940680298,63.68326115608215,29.410919427871704,93.09418201446533,-9.822845647988743e-09,-3.41796862812771e-07
24.985475572241654,4611.05625,500.0,0.0,337,6740000,44,0.008417783305048943,0.00016519999999999897,25.3456696607987,61893.614882070804,-0.004875560679977494,72.58882570266724,28.50569224357605,101.09451985359192,6.103515470812226e-09,9.277343906433089e-07
30.991958630404177,8322.55125,500.0,0.0,338,6760000,44,0.009430693462491035,0.00016479999999999896,30.16264728682225,61990.06698780477,-0.006116376758154677,62.99773168563843,25.58445906639099,88.58219170570374,-3.910064716450279e-09,-1.4892577837599674e-06
34.62301428805326,7692.178750000001,500.0,0.0,339,6780000,44,0.01158211100846529,0.00016439999999999895,31.1668003716595,51655.75166361187,-0.010340904125425873,67.43599271774292,26.791456937789917,94.22745084762573,-1.3351439953623867e-09,-1.2207031829802872e-07
30.35464283251638,3858.7400000000007,500.0,0.0,340,6800000,44,0.009832940064370632,0.00016399999999999894,34.63293981826484,63584.00457826885,-0.009317182202116662,65.8731141090393,26.911219596862793,92.78433537483215,-2.70843507621521e-08,9.765625463842298e-07
59.93139275715097,10289.095,500.0,0.0,341,6820000,15,0.026338396593928337,0.00016359999999999894,25.482737110636908,74992.3642339135,-0.0016010687313187978,66.35819244384766,8.999039649963379,75.35723447799683,1.00135799652179e-09,1.1230468999201548e-06
30.661924747447852,8059.03125,500.0,0.0,342,6840000,44,0.012739524245262146,0.00016319999999999895,25.320425573509226,64771.46567415121,-0.006606117082175384,62.01628518104553,31.819470643997192,93.83575773239136,-1.239776614703203e-09,-1.4404297417058842e-06
31.02672098526121,10528.141249999999,500.0,0.0,343,6860000,44,0.011989700607955456,0.00016279999999999897,21.679035296511458,98281.67006347094,-0.007058724567966088,67.54187965393066,32.557682037353516,100.09956455230713,2.7847290695603988e-08,-4.296874976716936e-06
30.160147060428365,7014.741249999999,500.0,0.0,344,6880000,44,0.013804432936012745,0.000162399999999999,32.04549255140632,111376.91334609195,-0.010263206067420564,65.13296818733215,26.64172339439392,91.77469277381897,5.054473728449693e-09,6.2011718000576366e-06
33.69467242184447,7058.436249999999,500.0,0.0,345,6900000,44,0.015290726907551289,0.00016199999999999898,33.98324430935402,80845.58406669169,-0.008779444352074131,63.476953983306885,29.280287504196167,92.75724244117737,6.103515470812226e-09,3.796386636167881e-06
26.468502485428996,6981.2699999999995,500.0,0.0,346,6920000,44,0.025051165372133255,0.000161599999999999,21.497683547582945,47245.99367805016,-0.009297369046559261,62.21025538444519,29.728104829788208,91.93836212158203,-2.632141082870021e-08,4.882812731921149e-07
24.11508512078578,4883.9775,500.0,0.0,347,6940000,28,0.021897142753005028,0.00016119999999999899,23.67266709291482,54548.49676381227,-0.0038695671596369837,65.68042039871216,19.382667779922485,85.06308937072754,-4.634857120322522e-08,-3.2470702535647433e-06
20.481617878925796,10676.7075,500.0,0.0,348,6960000,44,0.008810656145215034,0.00016079999999999898,25.603861802192224,70858.9999188071,-0.0033662399174675017,62.81727862358093,26.870360851287842,89.68764066696167,1.0824203755532835e-08,1.6845702930368134e-06
32.04851012074612,7193.1362500000005,500.0,0.0,349,6980000,44,0.01825171895325184,0.00016039999999999897,27.53841425140653,41264.72213355307,-0.00807485437007665,61.96261978149414,28.151763677597046,90.1143844127655,-4.959106458812812e-09,-2.2094727682997473e-06
78.64624612928193,7927.2375,500.0,0.0,350,7000000,44,0.012600399553775787,0.00015999999999999898,36.45591260923204,97504.73268034379,-0.00814934285112841,62.12758231163025,29.074490070343018,91.20207452774048,3.6478042808596456e-09,2.9907225780334556e-06
1169.2477249441476,3126.1562500000005,500.0,0.08875,351,7020000,44,0.007413462270051241,0.000159599999999999,97.34919103242723,141150.9469082638,-0.0023154471990179757,62.087544202804565,34.19181418418884,96.2793595790863,-5.903244115756934e-08,1.4208984794095159e-05
1372.5535470505947,1741.7462500000001,500.0,0.04,352,7040000,44,0.011088344268500805,0.00015919999999999902,109.69671354030437,100496.30356681306,-0.0028147433886585287,65.02426075935364,29.76982021331787,94.79408192634583,-6.4277649869382e-08,1.2988281014258973e-05
1401.667149741422,2755.6587499999996,500.0,0.11125,353,7060000,44,0.009698087349534035,0.00015879999999999904,177.22600088295098,78118.88903597885,-0.0033574312303340658,53.15534162521362,29.15733003616333,82.31267285346985,-5.054473728449693e-09,7.910156455182005e-06
1483.1517524623002,920.15,500.0,0.11000000000000001,354,7080000,44,0.010792003944516182,0.00015839999999999905,335.4443401121572,111456.51049551838,-0.002010609130645696,56.31038451194763,28.1684308052063,84.47881889343262,-5.3977966985030434e-08,-5.566406343859853e-06
1479.564434717841,2853.66875,500.0,0.10750000000000001,355,7100000,44,0.009027530439198017,0.00015799999999999907,300.50956233763173,107050.40099465531,-0.0038445346879020497,67.79229068756104,25.697616577148438,93.48990821838379,-1.7261506002341775e-08,-9.42382848734269e-06
1523.4795300824728,2278.8775,500.0,0.10750000000000001,356,7120000,44,0.009919121861457825,0.00015759999999999906,257.05122519911225,74042.9224523406,-0.004671839786981746,60.81175518035889,28.72723937034607,89.53899717330933,-1.1301040991895661e-08,3.0273438369476935e-06
1459.3265393664592,6441.266250000001,500.0,0.08499999999999999,357,7140000,44,0.01005031168460846,0.00015719999999999908,215.94157449175765,124255.6448386031,-0.006546347318643166,59.27529263496399,26.567873001098633,85.84316873550415,-2.6702879907247734e-09,5.151367076905444e-06
1560.4874446805297,3145.1525,500.0,0.0975,358,7160000,44,0.01071848627179861,0.0001567999999999991,309.27448215748007,45590.819962162415,-0.003376806679017514,62.23089909553528,32.5795419216156,94.81044268608093,9.155273872352154e-09,-7.324219097881723e-08
1538.6711989596263,1286.3174999999999,500.0,0.125,359,7180000,44,0.011599226854741573,0.0001563999999999991,272.886231481686,55475.12570418697,-0.0038477893639704205,58.90130305290222,28.150588274002075,87.05189228057861,9.53674295089968e-09,-1.6601562720097718e-06
1486.560906584909,1809.1150000000002,500.0,0.0725,360,7200000,44,0.011845682747662067,0.0001559999999999991,204.3402318647185,70853.83167613637,-0.004274508356940863,59.315096855163574,31.381910800933838,90.69701099395752,-1.831054774470431e-08,-3.4179688555013854e-06
1618.2887141109127,1593.7824999999998,500.0,0.125,361,7220000,44,0.013733912259340286,0.0001555999999999991,216.65605607927188,79870.60209713706,-0.0025537347175760713,61.44186615943909,26.11371421813965,87.55558109283447,5.903244115756934e-08,1.56249996052793e-06
1469.8558077874764,3013.4137499999997,500.0,0.09000000000000001,362,7240000,20,0.025373732671141624,0.00015519999999999908,208.96759365661234,59434.93023264438,-0.0037459134491148725,59.834795236587524,12.638360023498535,72.47315621376038,-5.912780931538464e-09,1.6113281162688509e-06
1596.5195664847604,4231.49,500.0,0.11499999999999999,363,7260000,44,0.009007668122649193,0.00015479999999999907,254.85572247785035,51569.395525792934,-0.004266142423868327,53.95454549789429,28.420987129211426,82.37553358078003,-1.668930060816365e-08,-1.0986327652062755e-06
1604.2635844670617,4692.753750000001,500.0,0.10500000000000001,364,7280000,27,0.021827463060617447,0.0001543999999999991,282.77163321257643,61594.14989616298,-0.005474990771156009,69.66527533531189,18.72147274017334,88.38675165176392,-3.7193297330873065e-09,5.0781250138243195e-06
1553.1255898266827,6715.65625,500.0,0.10500000000000001,365,7300000,44,0.013109768740832806,0.00015399999999999908,269.5873553371539,111197.78724422828,-0.006989227970957572,60.34070563316345,31.387922763824463,91.72862958908081,-8.583068478174027e-09,1.4648437627329258e-06
1654.9380873545683,7451.904999999999,500.0,0.19875,366,7320000,44,0.01477134134620428,0.00015359999999999907,463.1693050726922,105996.62755912193,-0.005970950042181868,63.03896117210388,29.124903917312622,92.16386914253235,-1.9073485846288207e-10,1.8188476360592176e-06
1491.35085935945,3593.5425000000005,500.0,0.07125,367,7340000,44,0.013883685693144798,0.0001531999999999991,208.4073907239802,63320.211360883106,-0.0024659652866437063,55.91975164413452,27.974549055099487,83.8943018913269,-1.277923544762416e-08,-3.7231445730867563e-06
2084.4141848324653,2777.755,500.0,0.31375000000000003,368,7360000,44,0.010581865906715393,0.00015279999999999908,317.5073830546389,56842.33465807951,-0.005195636069402099,60.965781450271606,26.179016828536987,87.14480066299438,-2.4318695945879654e-09,7.81249980263965e-07
1649.203526633919,3172.19125,500.0,0.14375,369,7380000,44,0.008592656813561916,0.0001523999999999991,166.43302593297048,47497.57473709229,-0.0033465400879557745,63.49045395851135,29.227790594100952,92.7182457447052,5.57899459963096e-09,-1.1474609209471964e-06
1688.5301787304747,5776.5337500000005,500.0,0.16375,370,7400000,44,0.01026143692433834,0.00015199999999999911,168.79285432993336,63446.35909798889,-0.006657339628224269,61.870232343673706,25.451932430267334,87.32216572761536,-4.673004205812958e-09,-3.1738281904836185e-06
1578.2291032378319,4272.9800000000005,500.0,0.1125,371,7420000,44,0.010359148494899273,0.0001515999999999991,218.92987944204597,75606.908475641,-0.005522769582977623,66.23011326789856,29.232817888259888,95.46293377876282,5.149841442175784e-09,-1.4648437627329258e-06
1866.6531089589894,4657.335,500.0,0.22999999999999998,372,7440000,44,0.010033506900072098,0.0001511999999999991,369.4330909847527,100480.17931749631,-0.005776771671922129,60.604820251464844,27.956552267074585,88.56137537956238,2.2602081983791322e-08,3.906249901319825e-07
1886.2595219057325,3919.3199999999997,500.0,0.22000000000000003,373,7460000,44,0.014466171152889729,0.00015079999999999908,324.1253325349305,83023.25106730752,-0.003561385750561048,66.54004383087158,25.80351233482361,92.3435571193695,4.482269222449986e-09,-9.765624753299562e-08
1776.0281684986155,5408.50625,500.0,0.18375,374,7480000,14,0.022353418171405792,0.00015039999999999908,316.16821696745336,102987.89151061681,-0.002133202304133967,63.081740856170654,9.23084807395935,72.3125913143158,6.675719976811934e-10,6.83593725625542e-07
1370.0466147741613,9416.48,500.0,0.03875000000000001,375,7500000,44,0.012393729761242867,0.0001499999999999991,231.01504602640765,136685.62944566313,-0.007646342965896682,60.35501194000244,26.670305252075195,87.02531933784485,-4.100799699813251e-09,3.906250185536919e-06
1841.2422633025344,6975.4325,500.0,0.18250000000000002,376,7520000,44,0.012463536113500595,0.00014959999999999908,493.51610236831857,155988.1503215127,-0.005907791096633258,60.82117700576782,31.127928256988525,91.9491069316864,1.5640258865801115e-08,2.734374902502168e-06
1681.73651555665,7641.422500000001,500.0,0.11750000000000001,377,7540000,44,0.01128329336643219,0.00014919999999999907,310.1768172673444,208060.9117385285,-0.004841054510807467,56.82291865348816,28.38340997695923,85.20632982254028,-7.2479249269008506e-09,-5.175781097932486e-06
1662.9940916760345,5743.74,500.0,0.11625,378,7560000,44,0.01020107977092266,0.00014879999999999906,261.7349114193055,198082.99550320502,-0.005881980139029644,59.49377179145813,29.866711139678955,89.3604838848114,-1.1825561863076928e-08,-3.4179688555013854e-06
1708.861269222313,4123.3324999999995,500.0,0.125,379,7580000,44,0.014608263038098812,0.00014839999999999905,322.96085857439647,174258.71467405962,-0.0044753842769628465,63.91442155838013,27.43599510192871,91.35041785240173,-1.8119812317252126e-09,-1.4648437627329258e-06
1728.0853580849246,10779.5425,500.0,0.18125,380,7600000,44,0.015158980153501034,0.00014799999999999904,441.4751127262796,140426.7279675026,-0.006115180145256796,65.29319834709167,36.777618169784546,102.07081961631775,4.267692421677793e-09,-3.7841796256543603e-06
1830.468690968255,13177.559999999998,500.0,0.20125,381,7620000,44,0.014115577563643456,0.00014759999999999906,422.6456059366979,179631.22581743562,-0.005944950844921328,64.73031425476074,26.85958170890808,91.58989691734314,-6.294250454175199e-09,-6.7382811721472535e-06
1716.5658389784705,10492.75625,500.0,0.1625,382,7640000,44,0.010192138142883778,0.00014719999999999905,287.26484738120547,334401.842579024,-0.006254057202531588,53.73163962364197,28.67043423652649,82.40207695960999,4.577636936176077e-09,-1.3183594091970008e-06
1907.9236938025049,8834.615,500.0,0.3,383,7660000,44,0.012239399366080761,0.00014679999999999907,632.8976804120906,166949.3917246161,-0.00695081603893784,62.15816903114319,33.42988038063049,95.58805131912231,1.3732909920349812e-08,-4.589843683788786e-06
1778.5344234569122,8235.494999999999,500.0,0.22750000000000004,384,7680000,44,0.013115547597408295,0.00014639999999999906,467.2033409320581,179103.6477671668,-0.00893973340926064,63.35563778877258,31.84689211845398,95.20253372192383,-8.630753001170888e-09,3.49121091858251e-06
1800.5448380681307,14382.2625,500.0,0.27749999999999997,385,7700000,44,0.012655705213546753,0.00014599999999999905,567.1811203336551,178036.3582703269,-0.007112343263690723,61.755170822143555,34.60496377944946,96.36013746261597,-9.346008411625917e-09,-3.3691405860736268e-06
1959.586764213453,7937.696249999999,500.0,0.29124999999999995,386,7720000,44,0.0127383628860116,0.00014559999999999907,632.3438624062665,276752.3807042937,-0.007983382441565904,58.795496463775635,35.285290479660034,94.08078908920288,1.7642974858844696e-09,-7.763672329019755e-06
1796.2549849757718,12315.75125,500.0,0.255,387,7740000,44,0.013484813272953033,0.00014519999999999908,649.4373279940272,260645.83010621942,-0.009079683801585673,55.261502742767334,33.19221615791321,88.45372104644775,2.479553229406406e-09,8.78906234902388e-07
1698.305604515474,11853.6375,500.0,0.20125,388,7760000,43,0.02090267278254032,0.00014479999999999907,599.9081614047666,267605.6776613556,-0.007204814448849591,62.92402672767639,29.697371244430542,92.62139940261841,-8.487701208537146e-09,3.41796862812771e-07
1839.3327550314286,11153.9875,500.0,0.265,389,7780000,44,0.013520993292331696,0.00014439999999999906,723.1795130950261,264726.4295773698,-0.006814494558103099,58.40981388092041,27.763843536376953,86.17366027832031,9.346008411625917e-09,6.83593725625542e-07
2023.5089661517482,16620.9875,500.0,0.35,390,7800000,44,0.01620502583682537,0.00014399999999999908,671.2651738077916,241913.85540469468,-0.00850269254247451,58.72531294822693,32.85547637939453,91.58079028129578,-5.054473728449693e-09,2.6367188183940016e-06
2026.9114166810468,12645.945,500.0,0.35750000000000004,391,7820000,44,0.012027251534163952,0.0001435999999999991,604.3394526359813,271420.3594727686,-0.009217314628067816,63.74767279624939,32.60388660430908,96.35156202316284,-4.410743770222325e-09,2.3925781533762347e-06
1883.0243356830972,12855.32625,500.0,0.24874999999999997,392,7840000,44,0.013494204729795456,0.00014319999999999912,568.7141007378406,140468.16983702983,-0.005933122953946056,57.5953574180603,28.87568211555481,86.47104024887085,-3.9577483512687195e-09,-4.882812376649781e-08
2187.5421179375116,6399.98125,500.0,0.35250000000000004,393,7860000,44,0.013732414692640305,0.0001427999999999991,1035.5553499930747,196950.67867834796,-0.005575732184019126,58.56821894645691,31.15484929084778,89.72306990623474,-7.057189943537878e-09,-2.83203121398401e-06
2163.32901844887,6618.9625,500.0,0.34375,394,7880000,44,0.013899633660912514,0.00014239999999999912,954.0176276985054,171622.60781632084,-0.006394298568539969,66.14192795753479,31.28174924850464,97.42367815971375,5.102157807357344e-09,5.126952942191565e-07
2133.924843758898,11732.2875,500.0,0.34375,395,7900000,44,0.012634841725230217,0.00014199999999999914,711.6355639480748,209315.59838277203,-0.008717248298592706,56.938990116119385,30.493521451950073,87.43251419067383,-4.386901952813105e-09,-8.78906234902388e-07
2222.9226104263134,9905.035,500.0,0.38625,396,7920000,38,0.020212704315781593,0.00014159999999999913,813.0581743213671,191244.5981738086,-0.006659963810659739,60.9430456161499,23.454042196273804,84.39708876609802,2.0980834847250662e-09,8.447265827271622e-06
2314.036025388661,11086.9625,500.0,0.4225,397,7940000,44,0.013325177133083344,0.00014119999999999912,630.6208530597225,175052.08897731768,-0.0056589971363404604,56.24692106246948,26.421515464782715,82.66843771934509,4.911422823994371e-09,2.3925781533762347e-06
2226.990742415681,9531.728749999998,500.0,0.37875,398,7960000,44,0.011731215752661228,0.0001407999999999991,515.1833829232272,141419.86562994463,-0.006397548338419236,57.30715775489807,26.646175622940063,83.95333480834961,-6.008148201175345e-09,-4.492187599680619e-06
2755.355851474499,11692.623749999999,500.0,0.58,399,7980000,44,0.013013542629778385,0.00014039999999999913,825.0523602756724,220365.1193541427,-0.006993586134498562,61.056517362594604,28.57441997528076,89.63093852996826,-2.6702879907247734e-09,-5.859375278305379e-07
2184.5067317428443,12474.97625,500.0,0.37124999999999997,400,8000000,44,0.015369223430752754,0.00013999999999999915,674.454258913275,177562.69350883737,-0.008821418498371062,63.58549356460571,28.67450761795044,92.26000308990479,8.106232129989621e-09,3.906249901319825e-07
507.5500947331517,13180.7375,500.0,0.075,401,8020000,27,0.02364763431251049,0.00013959999999999914,1272.4048321201274,194985.59439921033,-0.003168353597996813,60.5543897151947,20.240838766098022,80.79522967338562,-1.1444092340440193e-09,7.348632607317995e-06
10.259472871153472,18514.43625,500.0,0.0,402,8040000,36,0.020525023341178894,0.00013919999999999913,719.4668887603802,135718.24510963322,-0.006243850943487028,65.78692364692688,22.935656309127808,88.7225821018219,1.0108947456899386e-08,8.105468623398338e-06
12.140639459412885,12791.986249999998,500.0,0.0,403,8060000,39,0.02141657844185829,0.00013879999999999912,755.6107741730123,86996.28636894982,-0.004558368137345704,65.89533472061157,27.038678884506226,92.93401503562927,-1.7166137400437265e-09,4.223632913635811e-06
12.535625316450098,12200.1775,500.0,0.0,404,8080000,22,0.028831375762820244,0.0001383999999999991,844.320946674764,121056.45763247088,-0.005602913770944703,63.986716508865356,14.119531631469727,78.10625004768372,1.0108947456899386e-08,-2.075195334327873e-05
11.613431476803475,18597.183750000004,500.0,0.0,405,8100000,12,0.020983172580599785,0.0001379999999999991,803.0799428722527,217796.22120170755,-0.002936330037181686,60.011167764663696,8.484331130981445,68.49549984931946,-1.7356873271978657e-08,-4.882812731921149e-07
12.864321864756167,11576.02125,500.0,0.0,406,8120000,15,0.023090990260243416,0.00013759999999999912,632.5609351435794,176104.520408096,-0.004390431655067872,61.48021483421326,10.884066820144653,72.3642840385437,4.00543198608716e-09,-3.7597656046273187e-06
10.261372778890179,13701.94875,500.0,0.0,407,8140000,24,0.02016937918961048,0.0001371999999999991,515.7962165381838,176184.78274059697,-0.002214953894009774,64.54821252822876,17.30147409439087,81.84968757629395,-8.392333938900265e-09,4.589843683788786e-06
11.663359010710868,17870.82375,500.0,0.0,408,8160000,30,0.02275950461626053,0.00013679999999999912,447.11558494085,103357.68885729826,-0.0034846834225367895,64.60415720939636,23.55316185951233,88.15732026100159,-6.866454960174906e-09,2.917480514952331e-06
15.829722423971708,14008.93125,500.0,0.0,409,8180000,44,0.01584577187895775,0.00013639999999999914,465.4133892191019,103765.99137585182,-0.004968706399517968,67.67107677459717,30.586944103240967,98.25802206993103,-3.814697446813398e-09,4.101562353753252e-06
9.123250167587202,12634.51,500.0,0.0,410,8200000,44,0.014431243762373924,0.00013599999999999913,267.625548925718,90021.73421795212,-0.0064320644043987215,59.646525144577026,37.648252725601196,97.29478001594543,-4.959106458812812e-09,2.758789150902885e-06
9.618934436199382,18249.63625,500.0,0.0,411,8220000,35,0.021176055073738098,0.00013559999999999915,245.24249589447518,107666.74786321768,-0.005087514729601134,62.45789432525635,24.076235055923462,86.53413128852844,2.1457672971791908e-08,3.12499992105586e-06
11.572523685351788,18309.088750000003,500.0,0.0,412,8240000,44,0.01125712227076292,0.00013519999999999914,303.56439052050627,240616.48594379314,-0.005801980525562786,65.06496930122375,30.049251317977905,95.1142213344574,2.174377478070255e-08,-1.1718750556610757e-06
10.50259684107537,16083.611249999998,500.0,0.0,413,8260000,5,0.025404702872037888,0.00013479999999999913,272.84007695837863,158365.9998022152,-0.0004802818221476259,65.08464694023132,3.278547763824463,68.36319613456726,1.1062621929625038e-08,8.56933638715418e-06
13.55908631444891,9690.35875,500.0,0.0,414,8280000,32,0.02250262349843979,0.00013439999999999912,208.4122366512878,137054.36803272102,-0.0014871286191090447,63.50187611579895,19.647169589996338,83.14904689788818,1.354217538107605e-08,-1.8554687812866177e-06
13.277068854381048,12132.810000000001,500.0,0.0,415,8300000,21,0.021704280748963356,0.00013399999999999914,251.2599094866844,101355.99000362605,-0.004174527799600602,62.172624826431274,14.028512239456177,76.20113801956177,1.769065782752932e-08,1.9531249506599124e-07
9.120069844999074,18087.826250000002,500.0,0.0,416,8320000,13,0.02034635841846466,0.00013359999999999913,267.7093653841399,147017.69442056658,-0.0012933659991167827,59.019744634628296,9.720385074615479,68.74013113975525,1.8119812317252126e-09,-1.5869140952418093e-06
11.093784831232362,15721.93375,500.0,0.0,417,8340000,44,0.012203192338347435,0.00013319999999999914,196.23294525892743,161551.00316174753,-0.005196041318254253,62.95025610923767,29.12212300300598,92.07238054275513,-5.722046170220096e-10,4.882812731921149e-07
9.55487749580121,12957.47875,500.0,0.0,418,8360000,7,0.04514505714178085,0.00013279999999999914,289.1595744431342,122877.0141204227,0.0012678903301042684,68.87044525146484,4.263655662536621,73.13410377502441,8.583068700218632e-10,1.2207031829802872e-07
11.768735628316868,13574.495,500.0,0.0,419,8380000,12,0.020948700606822968,0.00013239999999999913,296.16676534982673,119849.07970933874,-0.0003610012865181274,63.45097517967224,6.853736877441406,70.30471301078796,-4.00543198608716e-09,-1.025390588438313e-06
10.810583661490561,10647.977499999999,500.0,0.0,420,8400000,15,0.021595776081085205,0.00013199999999999914,342.6651646867583,206309.2961431962,-0.0028904712902389877,63.14580202102661,10.439198732376099,73.58500289916992,-1.754760781125242e-08,-2.0019531348225428e-06
11.104352019736712,12779.689999999999,500.0,0.0,421,8420000,26,0.020877208560705185,0.00013159999999999913,219.24327643263538,197904.55687644536,-0.00394569447061397,62.28152012825012,19.00532031059265,81.28684186935425,1.993179310488813e-08,-6.933593795110937e-06
11.428891782413988,15500.513749999998,500.0,0.0,422,8440000,44,0.01714213192462921,0.00013119999999999915,176.66481288146096,166866.77935025442,-0.0035469140093859343,66.45132279396057,29.621514558792114,96.072838306427,1.4305114870438729e-09,-6.298828338913154e-06
11.659027270924366,14279.232500000002,500.0,0.0,423,8460000,40,0.020099608227610588,0.00013079999999999914,266.4634863322294,129674.4024346074,-0.0046272037319265765,58.51837182044983,31.33753752708435,89.85591149330139,-6.103515470812226e-09,-1.904296823340701e-06
9.914699545284744,15310.35,500.0,0.0,424,8480000,11,0.020642613992094994,0.00013039999999999913,279.98552529145167,179817.53555631472,-0.0018131418297789622,68.09538626670837,7.4547951221466064,75.5501823425293,-4.243850604268573e-09,1.2695312534560799e-06
9.871895677950787,12767.585000000001,500.0,0.0,425,8500000,7,0.020116671919822693,0.00012999999999999915,180.07019665875012,91097.18676890258,-0.00032030843694274994,64.25164794921875,3.94320011138916,68.19484901428223,-1.6593933338526767e-08,-1.5380859395008883e-06
13.559252031150612,13945.02,500.0,0.0,426,8520000,14,0.02035340666770935,0.00012959999999999914,185.30491385020142,241587.7110505199,0.0001461803117366154,56.781899213790894,7.6660895347595215,64.44798970222473,6.866454960174906e-09,1.904296823340701e-06
13.903203679036437,10950.886250000001,500.0,0.0,427,8540000,39,0.020352138206362724,0.00012919999999999913,291.95573807505576,148638.8641009159,-0.0047559322418565825,60.25623106956482,25.952526330947876,86.20876121520996,1.4877318932349226e-08,5.126952942191565e-07
14.610581464569663,14017.1825,500.0,0.0,428,8560000,14,0.022746799513697624,0.00012879999999999912,166.74442067413605,115948.24664030713,-0.0019238090437751054,61.33954119682312,9.292647123336792,70.63218927383423,1.0871887390351276e-08,3.3203125440195436e-06
12.599023077448928,16212.875,500.0,0.0,429,8580000,44,0.015258234925568104,0.00012839999999999914,234.23501272497847,142403.91086198215,-0.003908704625433515,61.48180556297302,25.635793209075928,87.11759948730469,-1.2111663671987571e-08,2.83203121398401e-06
11.705849276387646,12145.346249999999,500.0,0.0,430,8600000,44,0.015086575411260128,0.00012799999999999913,236.43663732311393,128799.44412087461,-0.004396121710416554,60.11924171447754,35.68996977806091,95.80921268463135,1.194477050603382e-08,4.07714833272621e-06
14.897879688249054,16145.27125,500.0,0.0,431,8620000,44,0.011290675029158592,0.00012759999999999912,185.527437407622,195290.28233669268,-0.006849285712650783,69.42914867401123,30.67533302307129,100.10448288917542,6.675720420901143e-09,2.148437488358468e-06
8.990819937889274,17637.075,500.0,0.0,432,8640000,16,0.02131442353129387,0.0001271999999999991,259.83263426792774,166012.1191676659,-0.0034956748665846836,65.30170607566833,10.794023275375366,76.09573078155518,3.051757735406113e-09,2.9296875254658516e-06
10.633874586058147,15389.645,500.0,0.0,433,8660000,19,0.02882552146911621,0.0001267999999999991,390.77575145825637,203780.76111238342,-0.0021111147503351806,65.72387647628784,14.58418893814087,80.30806756019592,1.9073485846288207e-10,-1.8554687812866177e-06
11.351940693850349,10326.44125,500.0,0.0,434,8680000,23,0.027807695791125298,0.00012639999999999912,204.39122546736067,129404.56119881243,-0.004738297553073838,62.12401342391968,17.309442043304443,79.43345642089844,5.722046170220096e-10,-3.906250185536919e-06
8.901008162424914,18392.52375,500.0,0.0,435,8700000,30,0.02444402687251568,0.0001259999999999991,216.51939200228276,146396.9693351134,-0.0020104117909611405,60.215739250183105,21.24130940437317,81.45704960823059,-8.869171175263091e-09,1.1230468999201548e-06
10.229087406473937,13921.227499999999,500.0,0.0,436,8720000,44,0.012349582277238369,0.00012559999999999912,246.555714432746,186788.5898533021,-0.004020353615977502,64.00704979896545,27.597333669662476,91.60438632965088,2.2888184680880386e-09,-1.367187451251084e-06
10.14083345772363,14710.24625,500.0,0.0,437,8740000,4,0.020542236045002937,0.0001251999999999991,179.55413053005557,141918.0126149624,0.0006634833002345094,64.16710925102234,2.2612884044647217,66.4283995628357,7.629394338515283e-10,-2.514648485885118e-06
12.5682352836529,14218.30625,500.0,0.0,438,8760000,10,0.020507141947746277,0.0001247999999999991,271.6534748415404,177709.77930676425,-0.002114475159051156,63.257139682769775,6.8763391971588135,70.13348054885864,-2.861023085110048e-10,-8.544922138753464e-07
11.794226182776052,16530.21,500.0,0.0,439,8780000,9,0.0271394494920969,0.00012439999999999912,256.81612550759615,172843.23876472397,-0.0008560784070054397,58.332542181015015,5.119556665420532,63.45210003852844,3.433227480087453e-09,1.1962890312133823e-05
14.242461837376302,11219.341250000001,500.0,0.0,440,8800000,21,0.021116232499480247,0.00012399999999999914,212.1204047131208,145204.15483371948,-0.0014523877620510645,59.77877640724182,13.334964036941528,73.11374235153198,-5.912780931538464e-09,6.347656267280399e-07
9.313577990656679,21451.5,500.0,0.0,441,8820000,35,0.02066023088991642,0.00012359999999999916,227.8649402901234,278972.8347931736,-0.003616026190242597,60.35898756980896,20.52147650718689,80.88046526908875,-5.435943695175638e-09,-2.4658202164573595e-06
10.647111468574897,18602.611249999998,500.0,0.0,442,8840000,44,0.010662650689482689,0.00012319999999999917,172.35098578054695,164654.80009321732,-0.005569331777500154,59.11572813987732,25.653024673461914,84.76875400543213,-1.907348723406699e-09,-3.1005859000288183e-06
13.870195777556557,14880.39125,500.0,0.0,443,8860000,44,0.010393664240837097,0.00012279999999999916,129.09625797359524,129631.81829869103,-0.003655982287074155,61.69208645820618,25.696457386016846,87.38854575157166,-4.1961669694501325e-09,1.9531249506599124e-07
7.9612477875216054,19085.79625,500.0,0.0,444,8880000,37,0.025725681334733963,0.00012239999999999915,161.91674422565242,173440.5953877384,-0.0030368708921300093,66.35023593902588,26.883214473724365,93.23345184326172,-4.00543198608716e-09,1.6967773035503342e-06
10.227118322612435,18751.377500000002,500.0,0.0,445,8900000,44,0.014659905806183815,0.00012199999999999916,140.5658818706956,206074.7286752014,-0.004845193402539731,63.795966148376465,30.819998264312744,94.61596536636353,3.4713746543957313e-08,2.8808594834117685e-06
9.39783887412672,11943.06625,500.0,0.0,446,8920000,30,0.025553666055202484,0.00012159999999999916,146.94906017931203,129671.50758422336,-0.0034646121117007382,66.08388900756836,18.393139600753784,84.47702980041504,-1.0490417423625331e-09,3.0273438369476935e-06
14.043640238629518,13870.633750000003,500.0,0.0,447,8940000,44,0.011178478598594666,0.00012119999999999916,153.77621526136497,158184.50539975008,-0.005322764859930264,64.8197329044342,30.753154039382935,95.57289004325867,-1.3828277189986693e-08,-1.220703097715159e-06
9.853750373709227,17416.555,500.0,0.0,448,8960000,44,0.012124198488891125,0.00012079999999999917,138.46523882248047,162521.84153953,-0.0043896507228386,60.156877279281616,29.234793424606323,89.39167213439941,7.820129432900558e-09,-2.2460937998403097e-06
14.992682440865645,8779.3,500.0,0.0,449,8980000,4,0.030994070693850517,0.00012039999999999917,139.6798023996474,109184.03682196894,0.0021481637259402986,70.72143816947937,3.730469226837158,74.451908826828,-7.2479249269008506e-09,-6.347656267280399e-07
9.215375426300023,15906.633750000003,500.0,0.0,450,9000000,44,0.008888181298971176,0.00011999999999999918,154.398468880165,133512.5336720211,-0.0025103196282163735,72.28648447990417,28.060909509658813,100.34739518165588,7.057189943537878e-09,4.882812376649781e-08
6.6196877175374,2291.39125,500.0,0.0,451,9020000,1,0.02179682068526745,0.00011959999999999918,160.29220185098768,141927.9820510285,0.003721435583797814,64.0538809299469,0.6054418087005615,64.65932536125183,-6.599426427555954e-08,9.570312613504939e-06
6.436417195321456,0.0,500.0,0.0,452,9040000,9,0.025271154940128326,0.00011919999999999918,135.19080318445563,98279.21928566719,0.002060835480915301,61.15795278549194,5.543736696243286,66.70169043540955,1.3980864821405703e-07,-9.472656529396772e-06
6.175420036018262,0.0,500.0,0.0,453,9060000,44,0.013849261216819286,0.00011879999999999917,90.8144762677894,65512.44501315381,0.0007501135367103847,63.05013346672058,28.631301164627075,91.68143582344055,1.6212464259979242e-08,2.9296875254658516e-06
6.391387924105371,0.0,500.0,0.0,454,9080000,44,0.012936138547956944,0.00011839999999999918,97.37320883392053,44193.21645131347,0.00021533170007372873,60.389007806777954,26.546644926071167,86.93565368652344,-1.3351440841802287e-08,4.0039062696450856e-06
6.492318507373431,0.0,500.0,0.0,455,9100000,25,0.02558300644159317,0.00011799999999999918,83.2339326419106,39553.31805107793,0.0008455268929040507,60.66836452484131,18.275684118270874,78.94405221939087,-5.149841442175784e-09,2.0996094463043846e-06
6.434820257823029,0.0,500.0,0.0,456,9120000,23,0.021814918145537376,0.00011759999999999919,57.13570767677152,27442.36794209205,-0.0004819311009618481,61.971261501312256,16.57001829147339,78.54128098487854,-9.155273872352154e-09,-5.37109372089617e-07
6.344193907650397,0.0,500.0,0.0,457,9140000,37,0.025379279628396034,0.00011719999999999919,119.20370589500007,62110.43268951928,0.0008481588748162928,65.41745495796204,21.822715282440186,87.24017238616943,3.2424927187690855e-09,1.416015606992005e-06
6.509436354747602,0.0,500.0,0.0,458,9160000,38,0.020495077595114708,0.00011679999999999918,99.60049851587182,34164.43236702875,0.0013469463570814687,62.87643027305603,27.61195397377014,90.48838591575623,0.0,-1.4648438195763447e-07
6.475735560174646,0.0,500.0,0.0,459,9180000,8,0.023701157420873642,0.00011639999999999918,86.52473150325727,24712.536264926573,0.0014323331389865025,64.55039095878601,6.901020765304565,71.45141577720642,8.77380390562621e-09,3.6621094068323146e-07
6.465793801694628,0.0,500.0,0.0,460,9200000,13,0.025316031649708748,0.00011599999999999919,78.56404379721161,41691.18588539131,0.0010533419112605065,73.54057550430298,8.175843715667725,81.7164216041565,3.433227480087453e-09,9.277343906433089e-07
6.288322033378963,0.0,500.0,0.0,461,9220000,10,0.029116494581103325,0.00011559999999999919,87.91977862104585,31606.270455893988,0.00011275551293658305,65.7646234035492,6.183295965194702,71.94792103767395,-1.0108947456899386e-08,-1.1230468999201548e-06
6.591362076430052,0.0,500.0,0.0,462,9240000,12,0.021133268252015114,0.00011519999999999918,71.79231730996305,35573.92729090437,0.0004131414813091703,61.22247242927551,10.684040546417236,71.90651488304138,-8.201599399626502e-09,-3.41796862812771e-07
6.630265048782652,0.0,500.0,0.0,463,9260000,8,0.023220933973789215,0.00011479999999999919,73.37235861790332,32582.54715777047,-0.00021055315641827787,63.94692850112915,4.57629919052124,68.5232286453247,-2.8610229740877458e-09,-5.859375278305379e-07
6.743001570359931,0.0,500.0,0.0,464,9280000,7,0.022239595651626587,0.00011439999999999919,80.30727596869305,33267.721425392745,0.0014374940660335865,68.54179525375366,4.501817226409912,73.04361343383789,-2.0980834847250662e-09,-2.4414063659605745e-07
6.352209981454947,0.0,500.0,0.0,465,9300000,11,0.022603921592235565,0.00011399999999999919,66.4402127150699,28893.000793386796,0.00037952878695169957,64.1738531589508,9.011581420898438,73.18543601036072,-1.9645691295977485e-08,-1.9531249506599124e-07
6.570373647237425,0.0,500.0,0.0,466,9320000,8,0.02207797020673752,0.0001135999999999992,82.06775728056702,41179.777513721325,0.0006000359971488861,58.532955169677734,5.455536603927612,63.98849296569824,-8.392333938900265e-09,-9.765624753299562e-08
6.645313442865889,0.0,500.0,0.0,467,9340000,44,0.003676303895190358,0.0001131999999999992,87.26355835483318,39137.990314584604,0.000528033894044106,61.33396100997925,25.514062881469727,86.84802579879761,-3.814697446813398e-09,1.416015606992005e-06
6.715859077253993,0.0,500.0,0.0,468,9360000,44,0.005546117201447487,0.0001127999999999992,54.20507517288963,32635.929792151765,0.0005885069078328548,62.1986403465271,28.176437616348267,90.3750786781311,-1.907348723406699e-09,-3.906249901319825e-07
6.584089048306173,0.0,500.0,0.0,469,9380000,13,0.020170949399471283,0.00011239999999999921,80.20731938036182,34282.254382169696,-0.0006827125216978435,67.16935396194458,8.219224214553833,75.38857936859131,1.907348723406699e-09,-6.591797045985004e-07
6.4825055883594915,0.0,500.0,0.0,470,9400000,40,0.025038475170731544,0.00011199999999999921,108.31563701991793,24592.597820349583,0.0005162174491465233,65.5539903640747,23.491801977157593,89.04579401016235,-2.6702879907247734e-09,9.765625463842298e-07
6.705421204751485,0.0,500.0,0.0,471,9420000,44,0.005433596670627594,0.00011159999999999922,170.0913108061866,45861.18932670005,0.0008724427120079543,63.09570288658142,25.9312105178833,89.02691435813904,9.536743617033494e-10,-3.41796862812771e-07
6.690069505714564,0.0,500.0,0.0,472,9440000,18,0.022266024723649025,0.00011119999999999922,130.09882977106065,25431.763797894142,0.0015777793649712423,62.10904288291931,13.568811655044556,75.67785668373108,-1.7166137400437265e-09,5.37109372089617e-07
6.6823866349585614,0.0,500.0,0.0,473,9460000,9,0.021187543869018555,0.00011079999999999922,190.8105842922978,24545.761410741365,0.00042474091494437596,67.20360612869263,6.822901725769043,74.02650880813599,-6.675720420901143e-09,2.2460937998403097e-06
6.655505410642536,0.0,500.0,0.0,474,9480000,9,0.021631479263305664,0.00011039999999999923,149.73590150127598,19620.176405508308,0.0017775631926917116,69.22752237319946,6.208712339401245,75.43623852729797,-1.0108947456899386e-08,-1.2329101082286797e-06
6.8259517384736155,0.0,500.0,0.0,475,9500000,4,0.026745416224002838,0.00010999999999999923,155.9967909824999,24230.5210841698,0.0010766337332433632,62.26201868057251,2.796841621398926,65.05886197090149,-7.2479249269008506e-09,1.6845702930368134e-06
6.27854188569281,0.0,500.0,0.0,476,9520000,9,0.020569954067468643,0.00010959999999999924,119.30797058084008,30174.013912238486,0.0008857435235392129,63.223493337631226,6.845113277435303,70.06860780715942,-4.577636936176077e-09,-3.906249901319825e-07
6.21613285023966,0.0,500.0,0.0,477,9540000,2,0.030169593170285225,0.00010919999999999924,104.15465311460858,15294.735635878165,0.001970304319151689,61.33345985412598,1.1294724941253662,62.462934255599976,1.1444092340440193e-09,-4.516601563864242e-07
6.504126518457473,0.0,500.0,0.0,478,9560000,1,0.025696294382214546,0.00010879999999999924,95.0555642043488,12153.465474189083,0.005361860909770372,64.36662530899048,0.5992980003356934,64.96592473983765,1.9073485846288207e-10,1.5869140952418093e-06
6.874327899206818,0.0,500.0,0.0,479,9580000,3,0.031359169632196426,0.00010839999999999925,119.3467538085165,23003.773680610495,0.0023645281885998157,60.767476081848145,1.9185805320739746,62.686057806015015,-1.9073485846288207e-10,-3.6621094068323146e-07
6.677534145734754,0.0,500.0,0.0,480,9600000,6,0.0279855839908123,0.00010799999999999925,132.20813179820902,20928.207488627373,0.0018120990861757395,62.604533195495605,4.290233373641968,66.89476823806763,7.629394338515283e-10,-9.765625463842298e-07
6.497308285921463,0.0,500.0,0.0,481,9620000,6,0.02770591713488102,0.00010759999999999925,114.28822369313944,13828.29100326345,0.0023479986226555543,67.39396929740906,3.677809953689575,71.07178092002869,2.8610229740877458e-09,1.3427734302240424e-06
6.3688850735160765,0.0,500.0,0.0,482,9640000,12,0.0226619653403759,0.00010719999999999926,72.63776928060669,8564.521352775992,0.0003206434871859943,62.464967012405396,7.456453800201416,69.92142176628113,2.2888184680880386e-09,2.0996094463043846e-06
6.169783620871341,0.0,500.0,0.0,483,9660000,43,0.025836532935500145,0.00010679999999999926,108.733613198106,13079.739530844656,-0.00033006103449436123,60.814167976379395,26.521491527557373,87.33566045761108,1.9073485846288207e-10,2.685546860448085e-07
6.41289824793232,388.975,500.0,0.0,484,9680000,20,0.020561043173074722,0.00010639999999999927,193.52802062698558,23018.067280520667,-0.002456405676335474,65.40323805809021,12.137653350830078,77.54089283943176,4.386901952813105e-09,-2.197265530412551e-06
6.431581543595793,388.975,500.0,0.0,485,9700000,11,0.021774321794509888,0.00010599999999999927,115.84760321736748,10523.927046342329,0.001455465991148335,64.27120208740234,6.823939561843872,71.09514284133911,-5.722046170220096e-10,3.1005859000288183e-06
6.458644254184449,0.0,500.0,0.0,486,9720000,16,0.023205671459436417,0.00010559999999999927,128.08857777752453,12040.835078951679,0.00037896545855122134,61.04476833343506,8.913822889328003,69.9585919380188,-4.577636936176077e-09,3.686523541546194e-06
6.533853807513628,24.76125,500.0,0.0,487,9740000,7,0.022267896682024002,0.00010519999999999928,160.65320566463643,21052.75615207886,-0.0016997965605538776,67.90673184394836,4.665182590484619,72.5719153881073,-2.0980834847250662e-09,1.4648438195763447e-07
6.422658621202342,30.263749999999998,500.0,0.0,488,9760000,44,0.007173975929617882,0.00010479999999999928,104.93580413111609,15567.966570293396,-0.00010780026555871559,61.911701917648315,30.64468812942505,92.55639219284058,-7.629394338515283e-10,-1.6845702930368134e-06
6.166751204069259,0.0,500.0,0.0,489,9780000,44,0.02124067023396492,0.00010439999999999929,98.69988869797649,17419.158748367714,0.0007924471904927708,60.82498264312744,27.72689962387085,88.55188512802124,-4.577636936176077e-09,-6.347656267280399e-07
5.986088194518596,0.0,500.0,0.0,490,9800000,25,0.027470843866467476,0.00010399999999999929,118.85668834444843,16896.099585764438,-5.9108801504384866e-05,63.0955970287323,17.425424575805664,80.52102422714233,-2.6702879907247734e-09,-4.882812376649781e-08
6.146110395729529,43.8,500.0,0.0,491,9820000,10,0.021878087893128395,0.00010359999999999929,88.62554168218298,20061.626831981805,0.0012430271517656318,60.875043630599976,7.159950256347656,68.03499555587769,-2.2125243859250077e-08,6.103515488575795e-07
5.987995784590408,0.0,500.0,0.0,492,9840000,33,0.026442406699061394,0.0001031999999999993,119.35598523542714,17509.18218088095,-0.0006820165509687423,69.27903461456299,20.23124670982361,89.51028275489807,-8.77380390562621e-09,5.859375278305379e-07
6.0875656744796185,0.0,500.0,0.0,493,9860000,23,0.02404691092669964,0.0001027999999999993,311.20262142217086,12495.600795412038,0.00050155185437241,68.52426385879517,13.79497218132019,82.31923723220825,-4.00543198608716e-09,4.7607420583517523e-07
5.975848005932536,0.0,500.0,0.0,494,9880000,15,0.024212529882788658,0.0001023999999999993,167.69713362681713,10753.327958531117,-0.00037171903404285383,69.97958469390869,11.762428045272827,81.742014169693,1.8119812317252126e-09,-8.78906234902388e-07
5.952674209452238,0.0,500.0,0.0,495,9900000,10,0.028883978724479675,0.00010199999999999931,220.79474925270563,13243.79267330894,0.0021148778716267285,64.88395285606384,6.4127302169799805,71.29668426513672,-8.201599399626502e-09,9.521484116703505e-07
5.638882576769191,0.0,500.0,0.0,496,9920000,44,0.008434032090008259,0.00010159999999999931,142.3053797819535,10444.759728751056,0.00031449811870550525,58.97334313392639,26.570108890533447,85.54345345497131,1.9073485846288207e-10,4.199218892608769e-06
5.831943550456141,0.0,500.0,0.0,497,9940000,44,0.006163363810628653,0.00010119999999999932,66.81403422492832,8980.074618182605,0.00032311011017961976,62.928566694259644,25.640922784805298,88.56949138641357,-1.5735626135437997e-09,1.0009765674112714e-06
5.844497108489746,0.0,500.0,0.0,498,9960000,44,0.004647361114621162,0.00010079999999999932,81.44561627325446,7755.875088427229,0.00026150290144664226,61.40082001686096,31.602911710739136,93.00373339653015,-1.0585784693262212e-08,-2.3193358629214345e-06
6.078368817164707,0.0,500.0,0.0,499,9980000,44,0.006660914048552513,0.00010039999999999932,54.96760545693278,6001.282649243249,0.0002998436085898022,68.23855233192444,28.011271715164185,96.24982595443726,3.266334402951543e-08,-9.033203127728484e-07
6.336444685480165,0.0,500.0,0.0,500,10000000,44,0.0044250329956412315,9.999999999999933e-05,44.37275316855164,5959.5917919584745,-0.0007907748019394558,64.57558012008667,31.78280520439148,96.35838675498962,-3.495216205351426e-08,1.4770507732464466e-06
339.9059469848565,0.0,500.0,0.0,501,10020000,44,0.015434025786817074,9.959999999999933e-05,287.67679397420585,22383.08583172446,-0.0035876520203776932,55.331273317337036,31.091845512390137,86.42311978340149,9.536743617033494e-10,3.120117253274657e-05
469.704311764609,0.0,500.0,0.0,502,10040000,40,0.022322041913866997,9.919999999999933e-05,203.9179538280149,18046.03004536689,-0.0014422893075823572,58.909587144851685,24.787651538848877,83.69723963737488,9.250641141989036e-09,2.0019531348225428e-06
459.7040973044626,816.1,500.0,0.0,503,10060000,44,0.01219865120947361,9.879999999999934e-05,216.16056844801292,17918.612194838264,-0.004617064059870071,61.97926044464111,27.44448947906494,89.42375183105469,-8.77380390562621e-09,1.3769531506113708e-05
459.0614772707082,0.0,500.0,0.0,504,10080000,44,0.007023551966995001,9.839999999999934e-05,126.19799239067542,35166.44394851527,-0.0026154099440875156,56.09226942062378,30.113970041275024,86.20624041557312,6.1988831845383174e-09,-4.5410156417347025e-06
470.5859537197819,40.5,500.0,0.0,505,10100000,21,0.02476632408797741,9.799999999999935e-05,172.7948372135542,51730.08078832552,-0.00258763350146099,68.60757493972778,17.492583751678467,86.10015988349915,8.01086397217432e-09,4.882812390860636e-06
460.2115960067351,0.0,500.0,0.0,506,10120000,44,0.010226795449852943,9.759999999999935e-05,143.06046525737906,36683.78053977273,-0.00046738859773634946,64.04147100448608,31.49936008453369,95.54083490371704,-1.8119811429073707e-08,-5.859375050931703e-06
467.5131133852939,0.0,500.0,0.0,507,10140000,44,0.0092477947473526,9.719999999999935e-05,145.0902305576689,42744.707703549786,-0.0005936220558081573,58.49527454376221,34.35369038581848,92.84896755218506,-7.629394338515283e-10,-1.074218744179234e-06
461.71196702677764,0.0,500.0,0.0,508,10160000,44,0.011912365444004536,9.679999999999936e-05,174.63859539558754,17048.072508641846,-0.00012434255501220026,57.058613300323486,26.136712789535522,83.19532752037048,-5.531310964812519e-09,-4.4189455365994945e-06
462.7731425322938,201.8375,500.0,0.00625,509,10180000,44,0.014157066121697426,9.639999999999936e-05,224.24287756951688,16540.42044113036,-0.002418147729373761,61.626179218292236,31.75785994529724,93.38404107093811,-2.6702879907247734e-09,-2.5634765279392013e-06
479.0734281365547,436.2375,500.0,0.01875,510,10200000,24,0.021336175501346588,9.599999999999937e-05,182.62067293617795,16751.250512231756,-0.00017552921882627202,62.98155403137207,15.478167533874512,78.4597225189209,-1.907348723406699e-09,-4.821777565666707e-06
462.57429370444754,681.9,500.0,0.0,511,10220000,15,0.027417944744229317,9.559999999999937e-05,132.44131987366495,10698.330951262526,0.0013905568867686052,63.29419755935669,9.039082765579224,72.33328223228455,1.1444092340440193e-09,2.917480514952331e-06
456.63488557245375,237.8025,500.0,0.01125,512,10240000,12,0.02045607939362526,9.519999999999937e-05,180.6403639507696,11144.511515299479,-0.0010694953461201225,57.392157316207886,7.989960432052612,65.38212037086487,-7.915496702537439e-09,8.300781360048859e-07
454.8573779843591,290.64750000000004,500.0,0.013750000000000002,513,10260000,32,0.028730779886245728,9.479999999999938e-05,96.21258010139948,10124.155453162857,-0.0005705649407762486,63.161787033081055,20.148645401000977,83.31043338775635,6.484985437538171e-09,-3.0029295885469764e-06
458.9743898901723,0.0,500.0,0.0,514,10280000,9,0.02363508939743042,9.439999999999938e-05,97.2867514104615,12692.79198944049,0.0006557309098866586,60.775978565216064,6.205382823944092,66.98136401176453,-4.1961669694501325e-09,1.904296823340701e-06
459.32576288213596,134.47625,500.0,0.0037500000000000007,515,10300000,44,0.00955555122345686,9.399999999999938e-05,112.65813435070534,16784.780974534082,-0.001956194483672919,63.0484082698822,28.231325387954712,91.27973461151123,-1.0681151962899094e-08,-5.4931642807787284e-06
455.0342176661123,2148.16875,500.0,0.07125000000000001,516,10320000,44,0.01265259925276041,9.359999999999939e-05,64.82004261675308,25262.66483945155,-0.005876855695897084,63.390573024749756,26.5937979221344,89.98437261581421,2.007484489752187e-08,4.882812731921149e-07
461.22858295262733,2720.535,500.0,0.035,517,10340000,10,0.020357511937618256,9.319999999999939e-05,148.1967243484304,42980.77430651701,-0.0001290656381604981,57.69650888442993,7.18259334564209,64.87910461425781,-2.956390465769232e-09,-9.765624753299562e-08
455.43836667774195,536.5200000000001,500.0,0.015000000000000003,518,10360000,44,0.006065222434699535,9.27999999999994e-05,81.09688336555648,27056.453390351922,-0.001036561352139986,60.36561059951782,30.443238496780396,90.80885100364685,-1.6212463593845428e-09,1.367187451251084e-06
452.3053393216569,47.64,500.0,0.0,519,10380000,44,0.007766681723296642,9.23999999999994e-05,157.2059191000338,22767.091976960317,0.0005066051392430725,58.02520227432251,32.34595346450806,90.37115693092346,5.722046170220096e-10,-7.81249980263965e-07
458.06619878699746,11.91,500.0,0.0,520,10400000,44,0.00551125593483448,9.19999999999994e-05,71.67979945741396,10613.961867706685,-0.001516817390993216,57.22558069229126,29.873648643493652,87.09923052787781,1.0156631091717827e-08,6.83593725625542e-07
466.42688763869285,0.0,500.0,0.0,521,10420000,44,0.009573119692504406,9.159999999999941e-05,80.58039093127321,12303.147424133793,-0.001274505337422673,58.29075360298157,29.548431873321533,87.83918738365173,-4.529952857268427e-09,-5.175781097932486e-06
463.9862309365559,774.7625,500.0,0.0675,522,10440000,36,0.02247905172407627,9.119999999999941e-05,107.07489442892383,15560.872123707532,-0.004254227648711856,58.48226737976074,22.877713680267334,81.35998225212097,-5.2452087118126656e-09,-4.492187599680619e-06
472.23234564541497,101.545,500.0,0.0075,523,10460000,44,0.012006372213363647,9.079999999999942e-05,84.85018889182456,12976.085979571413,-0.0032292944348004077,61.23016691207886,28.089200496673584,89.31936860084534,-2.2888184680880386e-09,2.0751953400122147e-07
462.78309443443385,571.7925,500.0,0.0,524,10480000,14,0.022646117955446243,9.039999999999942e-05,103.12294544061312,18094.48328894948,0.0015252131369187215,65.54758810997009,10.358620643615723,75.9062123298645,-3.814697446813398e-09,-1.5136719184738467e-06
456.9044327755793,0.0,500.0,0.0,525,10500000,35,0.022047514095902443,8.999999999999942e-05,72.31419820112949,11135.77361930309,-0.00037634069374535117,64.41542887687683,22.748926639556885,87.16435718536377,6.341934088993639e-09,-8.544922138753464e-07
481.6270943845128,0.0,500.0,0.0,526,10520000,41,0.020053628832101822,8.959999999999943e-05,74.5457564893053,19347.36620385222,-0.0011598304683654837,59.86292815208435,24.612534284591675,84.47546339035034,-1.2111663671987571e-08,1.9531249506599124e-07
475.2058173379188,0.0,500.0,0.0,527,10540000,44,0.012457005679607391,8.919999999999943e-05,65.08119859025997,27051.22152081348,-0.0005143041312142615,65.54330277442932,30.443146467208862,95.98645281791687,-2.2125243859250077e-08,4.39453117451194e-07
467.1314956573648,52.06500000000001,500.0,0.0,528,10560000,44,0.0081444401293993,8.879999999999943e-05,86.45905423575907,38704.39673624159,-0.002155413175423997,65.97857928276062,31.726882457733154,97.70546412467957,1.8119812317252126e-09,4.39453117451194e-07
472.5888847357022,34.71,500.0,0.0,529,10580000,13,0.02951696515083313,8.839999999999944e-05,104.08394776950676,16534.161358648522,0.0006278481796028377,57.50709533691406,8.619694709777832,66.12679123878479,3.051757735406113e-09,-1.0314940936950734e-06
453.6352698269595,528.915,500.0,0.0,530,10600000,32,0.021294554695487022,8.799999999999944e-05,124.26339328741726,10206.552505493164,-0.0005849117830932093,58.977667570114136,21.89519190788269,80.87286114692688,2.0980834847250662e-09,1.5136719184738467e-06
459.90461995631586,352.61,500.0,0.0,531,10620000,39,0.02033059112727642,8.759999999999945e-05,93.38504956303305,12677.43531454124,-9.520209278924653e-05,56.73517847061157,22.303587198257446,79.03876638412476,-1.2302399099439754e-08,1.5380859395008883e-06
451.5154900437994,453.625,500.0,0.0,532,10640000,44,0.00909704901278019,8.719999999999945e-05,113.77621970818699,9585.074833947852,-0.0012963837888375807,57.63890814781189,28.899367332458496,86.5382764339447,1.2207030941624453e-08,1.025390588438313e-06
469.029305244812,11.186250000000001,500.0,0.0,533,10660000,24,0.02666354924440384,8.679999999999945e-05,167.9083170267097,16717.32215617377,-0.0015861366851277893,67.98926663398743,17.454357385635376,85.44362711906433,-6.771087690538025e-09,-3.295898522992502e-07
461.5693160518587,782.6525,500.0,0.02375,534,10680000,39,0.020330213010311127,8.639999999999946e-05,105.60761288225322,10763.372238936729,-0.0023459890668867753,61.457093954086304,27.113178730010986,88.57027387619019,3.814697446813398e-09,3.540039017480012e-07
464.63587784977756,41.16125,500.0,0.00125,535,10700000,44,0.03137505054473877,8.599999999999946e-05,90.59357578268808,10659.4686954968,0.0003853229680879942,58.58928728103638,28.820974111557007,87.41026210784912,3.6239624634504253e-09,-2.441406195430318e-06
466.314306201444,0.0,500.0,0.0,536,10720000,44,0.00998240988701582,8.559999999999947e-05,75.81172815483102,7618.454785802422,-0.0015866213275995255,60.02055597305298,26.41280245780945,86.43335962295532,-3.509521562250484e-08,-2.4414061883248905e-08
465.206274898503,0.0,500.0,0.0,537,10740000,42,0.021184949204325676,8.519999999999947e-05,78.40441340951764,14588.20943358492,-0.0022244461717487118,70.995037317276,31.156173706054688,102.151211977005,-1.0108947456899386e-08,-2.075195425277343e-06
467.791971935982,0.0,500.0,0.0,538,10760000,12,0.028615381568670273,8.479999999999947e-05,93.41856265571047,10994.12861575356,0.00010831229573406499,61.97500205039978,7.881593227386475,69.85659790039062,-1.1825561863076928e-08,-4.614257704815827e-06
463.6496304207403,125.20500000000001,500.0,0.0,539,10780000,23,0.02183328941464424,8.439999999999948e-05,82.94491104562661,10648.37672174902,-0.0013421655012485322,56.93736147880554,15.973610401153564,72.91097259521484,7.629394338515283e-10,8.300781360048859e-07
456.6870531856618,709.4950000000001,500.0,0.0,540,10800000,44,0.00957609061151743,8.399999999999948e-05,67.81466609177848,13219.543876832318,-0.00022288964744748374,62.85009503364563,28.27951192855835,91.12960767745972,-1.0776520120714395e-08,-2.4169921744032763e-06
460.62735979213284,0.0,500.0,0.0,541,10820000,44,0.0066657462157309055,8.359999999999948e-05,63.41054819368246,11649.868026399778,-0.0005089907367875579,62.5273277759552,35.67970275878906,98.20703387260437,2.9945372403972215e-08,-7.080078034960025e-07
462.6108289355958,0.0,500.0,0.0,542,10840000,44,0.008455518633127213,8.319999999999949e-05,62.781217116343825,10880.517933238636,-0.0014378547833769468,63.39481520652771,24.932777166366577,88.32759308815002,-1.907348723406699e-09,-1.025390588438313e-06
457.541674908807,0.0,500.0,0.0,543,10860000,44,0.008322913199663162,8.279999999999949e-05,57.0928360496758,8079.358473730581,-0.0009917266205648739,53.787373304367065,31.566843271255493,85.35421752929688,-1.7166136956348055e-08,4.7607420583517523e-07
475.01468395635646,0.0,500.0,0.0,544,10880000,44,0.015084341168403625,8.23999999999995e-05,55.58185146757593,9826.440551476868,-0.00031528039540671093,65.89145159721375,29.37878704071045,95.27023959159851,-5.912780931538464e-09,-2.4658202164573595e-06
471.13407882252125,0.0,500.0,0.0,545,10900000,44,0.00722234882414341,8.19999999999995e-05,76.2820211867057,18000.021780841507,-0.00013583605866613975,58.334797620773315,28.83192801475525,87.16672706604004,-2.632141082870021e-08,-6.83593725625542e-07
457.1349428315583,0.0,500.0,0.0,546,10920000,44,0.007783249020576477,8.15999999999995e-05,80.70296632351892,17087.54456233649,-0.0005139348648946145,55.498692750930786,30.5822856426239,86.0809805393219,1.8119811429073707e-08,-1.416015606992005e-06
452.2478561797254,863.46,500.0,0.0,547,10940000,44,0.01358044147491455,8.119999999999951e-05,69.89887511359808,21033.23416471317,-0.004787567889571599,59.91519904136658,30.405884265899658,90.32108807563782,1.0108947456899386e-08,-8.056640581344254e-07
457.5064018099679,95.94,500.0,0.0,548,10960000,4,0.024279817938804626,8.079999999999951e-05,69.52877812445918,11305.208425014835,0.003215646754384418,55.55087876319885,2.918886661529541,58.469767332077026,-9.727478378351861e-09,-1.403808596478484e-06
468.36788353851233,0.0,500.0,0.0,549,10980000,44,0.0097838519141078,8.039999999999951e-05,45.593784777835545,16112.419722334287,-0.0006846882840894459,59.225157022476196,25.497769594192505,84.72292757034302,4.887581006585151e-09,-2.4414063659605745e-07
471.5607285937584,0.0,500.0,0.0,550,11000000,44,0.01091497577726841,7.999999999999952e-05,66.17246638123542,14338.84275714273,-0.0009310877246884533,57.397878646850586,30.350613355636597,87.74849343299866,3.433227480087453e-09,-1.9531250927684596e-06
133.97036946092172,0.0,500.0,0.0,551,11020000,44,0.01162848249077797,7.959999999999952e-05,169.71384269376344,27971.824960864455,-0.000871704303453461,67.27675318717957,31.55240750312805,98.82916164398193,4.959106547630654e-08,2.0605468307621777e-05
27.455621851782325,0.0,500.0,0.0,552,11040000,44,0.01720859482884407,7.919999999999953e-05,52.3529252654801,9153.280787214448,-0.0006345097578807988,63.99515461921692,26.58878517150879,90.58394312858582,-1.3732909920349812e-08,-1.6772461094660684e-05
26.99377343558816,0.0,500.0,0.0,553,11060000,44,0.007712275721132755,7.879999999999953e-05,38.272011626301754,6365.145598065867,-0.0020637427277767108,67.29502248764038,32.55494976043701,99.8499743938446,-1.2171268792826595e-07,-1.044921918946784e-05
26.993106324670627,0.0,500.0,0.0,554,11080000,44,0.0068918815813958645,7.839999999999953e-05,44.94254163000197,5217.61143123157,-6.94469396443984e-05,70.33237409591675,31.13058876991272,101.46296453475952,7.98702259885431e-08,3.857421688735485e-06
28.15965552435813,0.0,500.0,0.0,555,11100000,32,0.021816544234752655,7.799999999999954e-05,35.35502949168411,3827.9841805953015,-0.00033241348538018726,63.84447956085205,20.815809965133667,84.66029071807861,-3.585815377959989e-08,2.3925781533762347e-06
27.145991964580105,0.0,500.0,0.0,556,11120000,10,0.022472864016890526,7.759999999999954e-05,36.35746454407897,5411.705867100969,-0.0018744475243589547,63.798723459243774,7.384588956832886,71.1833131313324,9.727478378351861e-09,-6.83593725625542e-07
28.874819926852865,0.0,500.0,0.0,557,11140000,11,0.02843662165105343,7.719999999999955e-05,30.886553396701263,3987.6944657337817,0.0014818471798006664,66.07787728309631,10.80769658088684,76.88557577133179,8.392333938900265e-09,-1.074218744179234e-06
28.729708612964952,84.135,500.0,0.0,558,11160000,44,0.01028538215905428,7.679999999999955e-05,37.66064453289616,20596.264372339458,-0.006230817182630973,65.42475819587708,27.790488243103027,93.215247631073,2.1839142050339433e-08,1.2207031829802872e-07
30.80749613834007,336.54,500.0,0.0,559,11180000,7,0.020094769075512886,7.639999999999955e-05,30.83159188034306,4039.750994221858,0.00500526226329437,65.53169107437134,5.040053129196167,70.57174801826477,2.1076202116887544e-08,-2.0019531348225428e-06
29.16500166776624,0.0,500.0,0.0,560,11200000,44,0.007273603230714798,7.599999999999956e-05,31.475444979717047,3897.8875760516307,-0.0021151100094853477,64.3612756729126,31.167957544326782,95.5292341709137,-4.253387331232261e-08,4.949951289745513e-06
26.615449960155548,0.0,500.0,0.0,561,11220000,44,0.008529807440936565,7.559999999999956e-05,29.702432112809017,4357.046684168562,-0.0027285417556195757,67.71346950531006,26.023504495620728,93.73697543144226,-2.9277801516514046e-08,-3.1738281904836185e-06
26.96913404454217,0.0,500.0,0.0,562,11240000,29,0.025111816823482513,7.519999999999956e-05,30.70881213667298,4293.237813855508,0.0008306876750254783,65.93356227874756,19.23244571685791,85.16600918769836,-5.0115584571130967e-08,2.0263671558495844e-06
30.196587823793674,0.0,500.0,0.0,563,11260000,44,0.008085345849394798,7.479999999999957e-05,30.913825088869714,3860.6315306914826,-0.0009492564596363287,65.68235540390015,26.729827165603638,92.41218328475952,-1.4209747156712638e-08,-1.2939452744831215e-06
26.320483012405646,0.0,500.0,0.0,564,11280000,2,0.03165305778384209,7.439999999999957e-05,29.654497931275188,3196.9621921973894,0.003165678169778725,60.48612976074219,1.3166382312774658,61.802773237228394,2.2602081983791322e-08,1.3916015859649633e-06
28.25199454327664,0.0,500.0,0.0,565,11300000,3,0.030252179130911827,7.399999999999958e-05,30.398981593329193,3169.5617562467037,0.0035178425932059433,59.594348669052124,1.660362958908081,61.2547128200531,-2.479553273815327e-08,-2.746581913015689e-07
28.95267931228535,0.0,500.0,0.0,566,11320000,5,0.020482508465647697,7.359999999999958e-05,32.43150202594226,3401.6346080152293,0.002938145030690711,62.225382566452026,3.010730504989624,65.23611450195312,-1.1444091896350983e-08,-3.6010743542647106e-07
29.869043539194628,0.0,500.0,0.0,567,11340000,26,0.02274785377085209,7.319999999999958e-05,32.120337131541106,3076.6354433707857,0.0012094969733118532,66.40346908569336,18.789733409881592,85.19320511817932,1.2588500908350397e-08,-1.3488769354808028e-06
33.335145530486685,739.325,500.0,0.0,568,11360000,2,0.022790683433413506,7.279999999999959e-05,33.284337647353546,28721.873108682754,0.004529074524069512,58.327340602874756,1.2385258674621582,59.56586742401123,-1.2397766369076635e-08,-1.4892577837599674e-06
31.54316930848524,0.0,500.0,0.0,569,11380000,6,0.022257840260863304,7.239999999999959e-05,29.916324989705146,2906.5593982809205,0.002949196538045012,66.94714975357056,5.34942626953125,72.29657816886902,-4.1961669694501325e-09,-1.5136719184738467e-06
29.547324232877788,0.0,500.0,0.0,570,11400000,30,0.025229111313819885,7.19999999999996e-05,30.187829238151195,2896.9941263062037,-0.000863337977116393,60.90838646888733,24.236908674240112,85.14529657363892,1.3828277412031298e-09,-1.1962890766881173e-06
29.98285912153268,0.0,500.0,0.0,571,11420000,44,0.01076175831258297,7.15999999999996e-05,28.51814885133978,3109.332183100412,-0.0012512616878825533,66.88483691215515,25.78009557723999,92.66493320465088,-9.536743617033494e-10,2.5634764710957825e-07
30.720200328088616,0.0,500.0,0.0,572,11440000,44,0.00664452975615859,7.11999999999996e-05,28.321544746535007,3188.457038203372,-0.001560264988025378,64.67592763900757,30.805134534835815,95.4810631275177,-2.1076202116887544e-08,-1.9531249506599124e-07
28.124472287052043,0.0,500.0,0.0,573,11460000,7,0.02043810486793518,7.07999999999996e-05,32.610833266328946,3672.8640790114996,-0.00023067108070002918,70.86868095397949,4.3835203647613525,75.25220203399658,6.341934088993639e-09,5.065917889623961e-07
29.57122976652088,0.0,500.0,0.0,574,11480000,44,0.005709918215870857,7.039999999999961e-05,28.82372373376809,2780.7693964669566,-0.00022010733354708097,70.37317299842834,32.61250424385071,102.98567938804626,-2.23636629215207e-08,3.7536619856837206e-07
26.95777815438127,0.0,500.0,0.0,575,11500000,44,0.005565700586885214,6.999999999999961e-05,29.281203200271133,2906.5702817365955,-0.0006292446471442082,69.8921389579773,30.667989015579224,100.56012916564941,-1.2397766369076635e-08,3.479003964912408e-07
30.89013849551793,0.0,500.0,0.0,576,11520000,16,0.022189084440469742,6.959999999999962e-05,27.56226509130454,2734.24367494221,0.0016977867749637535,65.26089334487915,10.601532936096191,75.86242985725403,-3.2424927187690855e-09,-3.356933575560106e-07
30.130937127734416,0.0,500.0,0.0,577,11540000,9,0.02504657581448555,6.919999999999962e-05,27.828187883487065,2794.4726541897417,-0.0003968717447847505,57.27519083023071,5.5761799812316895,62.85137176513672,-1.6212463593845428e-09,3.6621094068323146e-07
37.46236432052723,0.0,500.0,0.0,578,11560000,37,0.02008739858865738,6.879999999999963e-05,27.57559508507357,2677.456109228666,-0.0010106094275370847,65.56994962692261,26.274872064590454,91.8448235988617,-8.678436635989328e-09,2.716064386731887e-07
34.402805858501054,1.85,500.0,0.0,579,11580000,44,0.006598304957151413,6.839999999999963e-05,29.894670160510874,3122.81641629376,-0.00036156757232884185,69.15903878211975,27.199963569641113,96.35900354385376,4.291534239087014e-09,6.713867151120212e-08
30.90523174242419,0.0,500.0,0.0,580,11600000,44,0.005782967433333397,6.799999999999963e-05,29.635419534457156,5326.770625036523,-0.0018811066403462025,64.95933079719543,28.837186813354492,93.79651975631714,-4.1961669694501325e-09,9.765625463842298e-07
29.369780919434525,0.0,500.0,0.0,581,11620000,34,0.03364463523030281,6.759999999999964e-05,29.11474916638497,4006.292529824059,0.0009503158964688264,61.56954860687256,23.273672342300415,84.84322237968445,-3.433227480087453e-09,1.5869140668200998e-07
29.738459044090813,0.0,500.0,0.0,582,11640000,44,0.00800703652203083,6.719999999999964e-05,27.831834365089687,3503.6978040548133,-0.0005968064263661823,67.59466862678528,34.81349968910217,102.4081699848175,9.441375681262798e-09,-1.9531249506599124e-07
32.05906158407152,0.0,500.0,0.0,583,11660000,44,0.007959540002048016,6.679999999999965e-05,27.236604877116353,3063.8706948090476,-0.0006414080278195603,66.045254945755,37.12501311302185,103.17026901245117,-1.926422044107312e-08,7.934570334100499e-08
29.06539864798942,0.0,500.0,0.0,584,11680000,44,0.007848595269024372,6.639999999999965e-05,27.038320769649108,3682.205791793841,-0.0013235157859172474,73.8229033946991,26.707854747772217,100.53075981140137,-1.4877318932349226e-08,-7.751464750072046e-07
33.863285069269615,0.0,500.0,0.0,585,11700000,10,0.033602096140384674,6.599999999999965e-05,29.632463324824467,3376.673304304292,0.0010473428299957062,66.43172287940979,6.832667589187622,73.26439237594604,-1.7929076889799944e-08,4.7607420583517523e-07
31.949400660311653,0.0,500.0,0.0,586,11720000,44,0.009243760257959366,6.559999999999966e-05,26.530771590211998,2925.0407355235006,-0.0013189480851122507,64.20911073684692,28.561492204666138,92.77060389518738,2.5844574480515803e-08,3.845214848752221e-07
34.2481176224186,0.0,500.0,0.0,587,11740000,44,0.010149160400032997,6.519999999999966e-05,26.104671124896193,2696.4648190268986,-0.0013046446685026582,69.53701305389404,29.121907711029053,98.65892314910889,-2.9754637864698452e-08,-6.469726372415607e-07
29.23023633687881,0.0,500.0,0.0,588,11760000,44,0.013963781297206879,6.479999999999966e-05,25.67913257293789,2731.352433567903,-0.0006356554556535117,64.11978697776794,29.700772523880005,93.82056212425232,8.583068700218632e-10,1.0711670483942726e-06
31.528711337922392,0.0,500.0,0.0,589,11780000,39,0.022200720384716988,6.439999999999967e-05,26.986909495511252,2647.940126116343,-0.0009612968188179406,71.35752010345459,27.1562716960907,98.51379323005676,2.7561187110336505e-08,-1.5747070847282885e-06
29.847079558716633,0.0,500.0,0.0,590,11800000,44,0.010292578488588333,6.399999999999967e-05,25.622536337691155,2853.3581935588454,-0.0014130550733273389,63.499202728271484,27.341426849365234,90.84063053131104,3.852844088214624e-08,9.033203127728484e-07
27.244943067388782,373.825,500.0,0.0,591,11820000,44,0.008308816701173782,6.359999999999968e-05,25.33911605150159,8199.202872782225,-0.0035801820827862925,66.45050311088562,27.407850742340088,93.85835576057434,5.245208711812666e-10,1.3183594091970008e-06
34.52610246843812,0.0,500.0,0.0,592,11840000,44,0.008825460448861122,6.319999999999968e-05,24.31673573350193,3748.520997919888,-0.0009622606152097369,64.58172869682312,27.577744960784912,92.15947484970093,-3.116130997682376e-08,4.882812376649781e-08
36.06019082926226,0.0,500.0,0.0,593,11860000,44,0.01624782383441925,6.279999999999968e-05,24.189514026268718,2669.4713676988185,-0.0019902819859695066,64.46796083450317,29.785239219665527,94.25320100784302,-2.6035309019789565e-08,9.155273517080786e-08
34.975416708432654,0.0,500.0,0.0,594,11880000,44,0.008528340607881546,6.239999999999969e-05,24.355323945145336,3081.1982975335336,-0.0020556451409966207,75.37263011932373,29.19300651550293,104.56563806533813,-3.4904481083231076e-08,1.2207031829802872e-07
34.18786262016418,0.0,500.0,0.0,595,11900000,2,0.023526152595877647,6.199999999999969e-05,25.257146328310423,2835.814978490902,0.0014919872171705283,62.88101387023926,1.1623523235321045,64.04336810112,1.8668174561753403e-08,-3.6621094068323146e-07
31.47643830399855,0.0,500.0,0.0,596,11920000,44,0.008316265419125557,6.15999999999997e-05,23.285263482391215,2603.550000786644,0.00019560462289615197,61.716325759887695,28.856602668762207,90.57292985916138,8.392333938900265e-09,5.004882837056357e-07
35.439806821008844,0.0,500.0,0.0,597,11940000,44,0.01361200213432312,6.11999999999997e-05,24.292173324712262,2878.7776341762037,-0.0015191962464628965,61.66973662376404,31.217665433883667,92.8874044418335,-1.907348723406699e-09,-7.629394644936838e-07
41.25851162257394,31.4,500.0,0.0,598,11960000,44,0.0035225418396294117,6.07999999999997e-05,27.51850540646201,12422.583381960116,0.0003469804948840453,64.39830183982849,28.12681293487549,92.52511620521545,9.536742923144104e-11,-9.307861432716891e-07
32.180265461691036,0.0,500.0,0.0,599,11980000,44,0.010681145824491978,6.0399999999999706e-05,23.272276329088815,3105.7406469417524,-0.0012774639594812327,61.74005174636841,29.475735187530518,91.21578812599182,-4.959106458812812e-09,7.324219097881723e-08
29.23737703721084,0.0,500.0,0.0,600,12000000,44,0.007093016058206558,5.99999999999997e-05,22.194730317496596,3018.5249281906285,-0.001851405678361159,63.63322877883911,28.20229411125183,91.83552360534668,-1.0299682884351569e-08,3.295898522992502e-06
1659.4332035233117,10593.497500000001,500.0,0.255,601,12020000,44,0.006059818435460329,5.95999999999997e-05,188.8160347126433,103755.8028136013,-0.004388092995473367,65.40717029571533,29.708969116210938,95.11614322662354,-5.6552888594296746e-08,-5.322265678842086e-06
2300.4106123092124,8642.8875,500.0,0.39875,602,12040000,44,0.010206385515630245,5.9199999999999704e-05,198.05059625803395,53275.695027341506,-0.004839141102884419,59.50810217857361,30.439311504364014,89.94741439819336,-7.276535285427599e-08,7.250976523209829e-06
1936.0895917511352,15915.946250000003,500.0,0.26749999999999996,603,12060000,44,0.009779910556972027,5.87999999999997e-05,178.42605324691402,56296.57599881329,-0.004810652637723469,62.09955835342407,28.319031715393066,90.41859245300293,-2.5081634547063913e-08,1.0742187441792339e-05
2140.426448587397,12944.454999999998,500.0,0.355,604,12080000,44,0.010845962911844254,5.8399999999999705e-05,291.4178671381416,95170.89098123742,-0.006409031034755907,60.36123991012573,32.111286878585815,92.47253012657166,-4.386901952813105e-09,-2.7832031719299266e-06
2066.011379599572,9551.44125,500.0,0.34124999999999994,605,12100000,44,0.010930403135716915,5.79999999999997e-05,443.01929997574746,117738.65823206227,-0.006333827381627795,60.833905935287476,26.143343448638916,86.97725057601929,1.0576248143934208e-07,-9.277343906433089e-07
2304.5519848551075,6290.45625,500.0,0.40124999999999994,606,12120000,44,0.00985555350780487,5.7599999999999706e-05,464.7069982390409,72783.59416102155,-0.0051678704042003734,55.76191854476929,27.274802207946777,83.03672218322754,-2.0313262183435654e-08,-6.665039109066129e-06
1972.8434506557994,8748.33875,500.0,0.27999999999999997,607,12140000,44,0.012804863043129444,5.719999999999971e-05,409.36013138335375,48167.117967401464,-0.007103829544280861,59.446494340896606,31.956363916397095,91.40285921096802,-7.195473017418408e-08,-4.638671725842869e-06
2207.784103525889,12374.05125,500.0,0.3625,608,12160000,44,0.011463629081845284,5.6799999999999714e-05,557.6684629552246,111934.94334588967,-0.007698731991192873,61.055278062820435,31.549248695373535,92.60452890396118,-1.4781951662712345e-08,2.6855468604480848e-06
2202.073659776851,11461.35875,500.0,0.35625,609,12180000,44,0.009475461207330227,5.639999999999972e-05,537.5618396381515,102894.26530697102,-0.004882199152179065,62.4615273475647,33.45267963409424,95.91420841217041,-1.444816621898326e-08,1.7333984487777343e-06
1941.3031026994292,8446.2375,500.0,0.25125000000000003,610,12200000,44,0.009349134750664234,5.599999999999972e-05,495.4620169781157,118944.46601079276,-0.005364345182127226,79.40462231636047,33.367177963256836,112.77180194854736,-2.2888183792701966e-08,2.148437488358468e-06
2033.044594333359,12388.76125,500.0,0.30999999999999994,611,12220000,44,0.011299042962491512,5.5599999999999725e-05,501.7751922870807,153835.1401344712,-0.005892634901453358,58.60761570930481,28.859787702560425,87.46740531921387,-3.3140181709967464e-09,1.56249996052793e-06
2168.824483879146,9134.942500000001,500.0,0.35,612,12240000,44,0.013522458262741566,5.519999999999973e-05,707.6210929817928,146802.63012330086,-0.005595785307859245,56.50201153755188,26.862390279769897,83.36440372467041,-7.1525572131747595e-09,2.4902344648580765e-06
2155.692597630888,7982.573749999999,500.0,0.3375,613,12260000,44,0.008808564394712448,5.4799999999999726e-05,576.0821729754414,126430.01406294951,-0.004838778046565291,55.00617337226868,32.50929355621338,87.51546955108643,-1.6260147006619263e-08,1.220703097715159e-06
2178.4696364359143,12186.928750000001,500.0,0.38125,614,12280000,44,0.01264565996825695,5.439999999999973e-05,789.1684395512448,264378.2021563039,-0.008403107892120123,59.680633306503296,37.00897407531738,96.68960976600647,-5.054473728449693e-09,-9.863280865829438e-06
2135.1559849431483,12546.09625,500.0,0.3375,615,12300000,44,0.012642287649214268,5.3999999999999734e-05,612.6740597636021,113459.3851819845,-0.008156762759804606,58.41788911819458,33.376389026641846,91.79427933692932,-8.583068478174027e-09,-1.1962890312133823e-05
2208.2193134731197,9215.3375,500.0,0.34249999999999997,616,12320000,44,0.01008976623415947,5.359999999999974e-05,695.2931454222825,121261.42153309075,-0.005431183943892288,54.259876012802124,29.04236340522766,83.30224370956421,-2.9087066089061864e-09,3.41796862812771e-07
1786.2929806568166,10204.42375,500.0,0.18875,617,12340000,44,0.010366594418883324,5.319999999999974e-05,522.0772561840413,175871.25615127617,-0.005654839711195186,68.73461747169495,30.843872547149658,99.57849097251892,5.149841442175784e-09,-1.220703097715159e-06
2320.247909044468,10949.848750000001,500.0,0.40499999999999997,618,12360000,44,0.012072399258613586,5.279999999999974e-05,773.4676545300061,115571.57495060998,-0.006528704626589126,63.50073289871216,31.044949769973755,94.54568481445312,-6.961822673900997e-09,-5.859375278305379e-07
2165.507609669467,10810.198750000001,500.0,0.3375,619,12380000,44,0.010635352693498135,5.239999999999974e-05,589.811409587004,124505.53619012515,-0.006403251223213074,55.14299750328064,28.899561405181885,84.04255962371826,-7.677078528445236e-09,2.673339849934564e-06
1981.5246938306518,7561.186250000002,500.0,0.25875,620,12400000,44,0.01001873891800642,5.1999999999999746e-05,474.8874528970488,114794.14027606713,-0.006073385867908044,59.347875356674194,30.608777046203613,89.95665383338928,5.340575981449547e-09,5.419921762950253e-06
2302.8805949597368,11044.39625,500.0,0.3775,621,12420000,44,0.009786082431674004,5.159999999999975e-05,549.7592252307712,198885.01523111603,-0.0066753088082708,66.74432039260864,29.03874182701111,95.78306341171265,4.1961669694501325e-09,-8.78906234902388e-07
2188.73704420876,11047.17125,500.0,0.3375,622,12440000,44,0.01265412475913763,5.1199999999999754e-05,525.5120568555299,173381.85817312016,-0.006349507047847274,63.91498613357544,28.159422397613525,92.07441020011902,-6.103515470812226e-09,-7.080078034960025e-07
2212.144158906446,8090.1762499999995,500.0,0.34625,623,12460000,44,0.009665819816291332,5.079999999999976e-05,847.7218208773912,174736.73651073882,-0.005800898435969823,56.634827613830566,31.29658555984497,87.93141388893127,1.4305114870438729e-09,5.761718966823537e-06
2063.505546422729,11041.682499999999,500.0,0.30250000000000005,624,12480000,44,0.013642912730574608,5.039999999999976e-05,763.875844479156,207051.40452275425,-0.007369471437129502,61.50175929069519,30.429849863052368,91.93161058425903,-1.3351439953623867e-09,7.763672329019755e-06
2089.5291982670033,7685.51875,500.0,0.30999999999999994,625,12500000,44,0.012730756774544716,4.9999999999999765e-05,415.046549234072,119721.35034263971,-0.006012209414285972,58.42183327674866,28.288498640060425,86.71033453941345,-1.287460360543946e-09,-6.83593725625542e-07
2293.132391288496,9176.23125,500.0,0.35625,626,12520000,44,0.010777038522064686,4.959999999999977e-05,576.0378037574513,122259.45896892306,-0.005608486541823116,63.593661069869995,31.158694744110107,94.752357006073,-9.536743617033494e-10,-4.1503906800244295e-07
2009.8627816586745,10967.88125,500.0,0.27125,627,12540000,44,0.010676605626940727,4.919999999999977e-05,634.1602567907581,172188.3377538051,-0.008136996307756732,63.31253361701965,29.783074617385864,93.09560942649841,-6.008148201175345e-09,5.0781250138243195e-06
2256.006719129272,8669.14125,500.0,0.34124999999999994,628,12560000,44,0.013708355836570263,4.879999999999977e-05,522.7357299989058,123916.81398198135,-0.006179243069577757,68.87087178230286,29.67575216293335,98.54662489891052,-1.7166137400437265e-09,1.5136719184738467e-06
2035.465060932087,18095.8325,500.0,0.2875,629,12580000,44,0.010854207910597324,4.8399999999999774e-05,471.51460049917836,155278.32870880232,-0.006933802287961047,59.31263279914856,31.03082299232483,90.34345722198486,4.386901952813105e-09,-1.3696288988285232e-05
1985.8747319419333,13728.0125,500.0,0.25125000000000003,630,12600000,44,0.00973757728934288,4.799999999999978e-05,770.8652544537402,157021.9258700284,-0.005169917469639524,59.35227918624878,25.12252902984619,84.47481107711792,-3.6239624634504253e-09,-4.589843683788786e-06
2509.8336877309075,7026.991250000001,500.0,0.45,631,12620000,44,0.010487088933587074,4.759999999999978e-05,688.0844138093867,71738.4936793144,-0.004180053006424928,54.99368333816528,24.687580585479736,79.68126630783081,4.1961669694501325e-09,7.81249980263965e-07
1931.127903725636,10341.352499999999,500.0,0.28250000000000003,632,12640000,44,0.012347343377768993,4.7199999999999785e-05,665.4683832732662,175296.52360438093,-0.00624036188795332,52.32904028892517,25.25155210494995,77.58059310913086,1.0871887390351276e-08,3.906250185536919e-06
2132.454471828811,12794.632500000002,500.0,0.31625000000000003,633,12660000,44,0.015572817996144295,4.679999999999979e-05,476.25597587690805,93806.38940542065,-0.005996074153405643,52.84017586708069,24.6668758392334,77.50705242156982,1.6212463593845428e-09,1.757812469804776e-06
2196.0575616486744,11142.40375,500.0,0.33125,634,12680000,44,0.011493171565234661,4.639999999999979e-05,654.199139400785,153213.92864351085,-0.006715573469121695,52.88509654998779,24.31819176673889,77.203289270401,0.0,3.1738281904836185e-06
2530.7780575775455,9273.627499999999,500.0,0.46624999999999994,635,12700000,44,0.013550939969718456,4.59999999999998e-05,672.3954872530816,135688.63950627967,-0.005235934337189526,51.54755878448486,23.664510488510132,75.21207094192505,-9.536742923144104e-11,4.211425675748615e-06
2201.748053837342,9016.385,500.0,0.33249999999999996,636,12720000,44,0.012131906114518642,4.55999999999998e-05,563.651940195415,149210.6194479781,-0.007113254760226966,51.957465171813965,24.520610094070435,76.47807621955872,-6.103515470812226e-09,6.83593725625542e-07
2090.4955583110777,12241.74625,500.0,0.3075,637,12740000,44,0.010645708069205284,4.5199999999999804e-05,377.9780548686125,192612.1236672001,-0.007230692666738805,52.241941928863525,24.285651445388794,76.5275948047638,4.386901952813105e-09,-4.736328264698386e-06
2121.454181496952,9855.2575,500.0,0.33125,638,12760000,44,0.009660519659519196,4.479999999999981e-05,578.931401576491,161449.95092127266,-0.007716273341800265,51.6397385597229,23.750514268875122,75.39025568962097,-7.0095063087194376e-09,-8.447265827271622e-06
1974.4254236293375,9323.175,500.0,0.23500000000000001,639,12780000,44,0.01243065670132637,4.439999999999981e-05,593.3470808211349,222724.93848836215,-0.008810975360046425,51.643526792526245,24.799391984939575,76.44291973114014,-2.813339339269305e-09,-4.0039062696450856e-06
2266.848580597806,6453.6449999999995,500.0,0.37,640,12800000,44,0.010523361153900623,4.3999999999999816e-05,811.4753933260164,106731.09838951471,-0.005034150357395132,51.846731662750244,23.40027666091919,75.24700975418091,-1.6212463593845428e-09,8.789062121650204e-06
2315.7757262227897,8113.57625,500.0,0.38625,641,12820000,44,0.010764457285404205,4.359999999999982e-05,418.90150785940017,193809.35574463735,-0.006923480287247302,51.470388889312744,23.5082950592041,74.97868514060974,-3.9577483512687195e-09,4.443359557626536e-06
2297.4170082849137,10142.164999999999,500.0,0.36625,642,12840000,44,0.010652290657162666,4.3199999999999824e-05,1015.3555957148895,168981.67564358728,-0.0061425269184908985,51.251258850097656,23.320859909057617,74.57211995124817,7.2479249269008506e-09,1.757812469804776e-06
2468.194671251807,8411.661250000001,500.0,0.42125,643,12860000,44,0.009926739148795605,4.279999999999982e-05,700.4899210825614,153530.58180537075,-0.00450722285407307,51.110398292541504,23.176026105880737,74.28642535209656,-2.574920721087892e-09,2.148437488358468e-06
2255.7843961127523,9870.675,500.0,0.33125,644,12880000,44,0.010783585719764233,4.2399999999999824e-05,612.598389622257,89180.52791547171,-0.005223831799361154,51.476478576660156,23.19807481765747,74.67455410957336,4.768371808516747e-10,5.0781250138243195e-06
2068.948535685741,12889.38125,500.0,0.3125,645,12900000,44,0.00989282876253128,4.199999999999983e-05,769.9966507155547,275526.6161232829,-0.007441694841675152,50.95272374153137,23.742762565612793,74.69548797607422,-7.0095063087194376e-09,5.273437636788003e-06
2038.5640114560033,10431.86,500.0,0.26875,646,12920000,44,0.011708918958902359,4.159999999999983e-05,450.1023622629146,182716.81618992286,-0.006987631336158363,51.4337420463562,23.778053760528564,75.21179747581482,9.536743617033494e-10,4.296874976716936e-06
2174.1215104924927,8968.5875,500.0,0.31500000000000006,647,12940000,44,0.008960426785051823,4.1199999999999836e-05,579.8164520241723,189446.41214589778,-0.005954482317478819,50.71550130844116,23.088052988052368,73.80355501174927,-1.8119812317252126e-09,4.0039062696450856e-06
2327.461324545991,10372.185000000001,500.0,0.38499999999999995,648,12960000,44,0.01697562076151371,4.079999999999984e-05,488.4417880270094,133184.1069510123,-0.008266550084598517,51.180132150650024,23.423816204071045,74.60394930839539,-8.249283034444943e-09,-2.9296876391526894e-07
2191.420292984073,7344.3674999999985,500.0,0.31625000000000003,649,12980000,44,0.00963185727596283,4.0399999999999844e-05,427.07471287401415,149707.52321527305,-0.007138591045006023,51.06869602203369,23.54753875732422,74.61623692512512,9.536742923144104e-11,-6.103515488575795e-07
2370.3913466646895,6721.160000000001,500.0,0.3725,650,13000000,44,0.009423724375665188,3.999999999999985e-05,700.1225969404566,164120.38914554715,-0.005046635156286231,51.69413471221924,23.877704858779907,75.57184147834778,7.772445798082117e-09,-4.882812376649781e-08
735.220040632042,2175.91625,500.0,0.15375,651,13020000,44,0.007925551384687424,3.959999999999985e-05,290.5960354338581,82837.45020008855,-0.007285006155629114,54.98238730430603,23.165855407714844,78.14824342727661,-1.9407272233706863e-08,-2.2460937998403097e-06
11.254203459809844,4271.73375,500.0,0.0,652,13040000,44,0.008217576891183853,3.9199999999999855e-05,295.3537695042969,129009.8923424127,-0.005179847014845018,53.22682070732117,23.864921808242798,77.09174394607544,2.9087066089061864e-09,-1.8066406255456968e-06
9.995013075345412,7005.515000000001,500.0,0.0,653,13060000,44,0.01196565292775631,3.879999999999986e-05,351.51925342897823,163427.58077065277,-0.005417740412412256,53.38548254966736,23.035882234573364,76.42136573791504,-1.0108947456899386e-08,-4.882812731921149e-07
11.685901129631663,5917.92625,500.0,0.0,654,13080000,44,0.009831354953348637,3.839999999999986e-05,332.6277906112759,184226.072270682,-0.0061019576050223776,53.5459566116333,23.120769500732422,76.66672706604004,5.817413217812373e-09,-8.78906234902388e-07
10.65642197190181,7465.938750000001,500.0,0.0,655,13100000,44,0.009235736913979053,3.7999999999999867e-05,187.74353581550344,202048.41466877787,-0.0063423571331958075,53.22753572463989,23.320472478866577,76.54800939559937,-3.528594971768939e-09,-2.734374902502168e-06
6.829310125539034,14225.720000000001,500.0,0.0,656,13120000,44,0.011920156888663769,3.7599999999999864e-05,159.22920337014148,177622.90963566015,-0.007204528754323579,53.73813605308533,23.259191513061523,76.99732851982117,-6.294250454175199e-09,-4.882812390860636e-06
9.359030842161317,6451.97875,500.0,0.0,657,13140000,44,0.007554418407380581,3.719999999999987e-05,86.47705591945845,86006.6600073495,-0.006877880875300938,53.02062487602234,23.548415899276733,76.56904172897339,-1.0013580187262505e-08,-6.347656267280399e-07
12.118457582329743,7050.585000000001,500.0,0.0,658,13160000,44,0.010236245580017567,3.679999999999987e-05,79.42017709097736,186164.04666092043,-0.008758863603560386,53.64475703239441,23.64201307296753,77.28677105903625,-1.4019012617438875e-08,1.7089844277506927e-06
9.683985521136611,5649.29375,500.0,0.0,659,13180000,44,0.007922830060124397,3.639999999999987e-05,72.38585313527027,128009.03611483207,-0.005818427653160156,54.665709018707275,23.558416604995728,78.22412633895874,-7.3909758313561724e-09,-3.930664206563961e-06
10.602512012165137,3409.1875,500.0,0.0,660,13200000,44,0.007141437381505966,3.599999999999987e-05,77.39270495709945,62829.02212577091,-0.006122004592375105,53.54303002357483,24.025328397750854,77.568359375,9.441375681262798e-09,8.78906234902388e-07
12.722856883811101,8353.533749999999,500.0,0.0,661,13220000,44,0.009061376564204693,3.5599999999999876e-05,79.25462883553105,76677.98214149255,-0.007262551740213255,53.36930823326111,24.12274670600891,77.4920563697815,1.5783310658434857e-08,-9.42382848734269e-06
10.12379647124898,3532.9850000000006,500.0,0.0,662,13240000,44,0.0070956978015601635,3.519999999999987e-05,92.54826442885316,57938.47796104089,-0.005139628389204013,53.4357795715332,23.402602195739746,76.83838248252869,-5.936622748947684e-09,-1.757812469804776e-06
11.199429220946186,7068.275,500.0,0.0,663,13260000,44,0.009030099026858807,3.479999999999988e-05,65.247053680815,106411.82252325096,-0.00844469904167882,54.17238473892212,23.863771438598633,78.03615832328796,-6.961822673900997e-09,-2.6367188183940016e-06
12.440265547173428,12617.3375,500.0,0.0,664,13280000,44,0.007210629992187023,3.439999999999988e-05,75.77218434341484,184814.41259934191,-0.0067459232206949354,52.93515872955322,23.24440312385559,76.17956280708313,8.392333938900265e-09,-5.22460959473392e-06
10.112256442306483,10533.133749999999,500.0,0.0,665,13300000,44,0.008282262831926346,3.3999999999999885e-05,62.477575226400745,118336.96733516434,-0.009137393217095762,52.68862795829773,23.463297367095947,76.15192604064941,-3.8146971692576415e-10,-3.12499992105586e-06
11.445788813500668,10247.96875,500.0,0.0,666,13320000,44,0.009577133692800999,3.359999999999989e-05,61.01062116743643,133508.82838936863,-0.008922407073716974,53.1948618888855,23.33776593208313,76.53262877464294,6.675719976811934e-10,2.2460937998403097e-06
9.484293081670947,9326.088749999999,500.0,0.0,667,13340000,44,0.006166366394609213,3.319999999999989e-05,80.2688273988467,139055.60324086144,-0.006037980141503987,52.962544441223145,23.75279474258423,76.71534085273743,-1.9073485846288207e-10,9.765624753299562e-08
9.862207717198189,6971.547500000001,500.0,0.0,668,13360000,44,0.011224412359297276,3.279999999999989e-05,57.950098222089444,117221.926906713,-0.006289048101289479,53.341853857040405,23.89875054359436,77.2406051158905,-9.679794743533421e-09,-4.736328264698386e-06
11.397486745697996,6972.92375,500.0,0.0,669,13380000,44,0.009484827518463135,3.239999999999989e-05,51.58113069062403,141554.988695081,-0.007771133265355699,53.33779335021973,23.258318662643433,76.59611320495605,8.106232129989621e-09,6.10351571594947e-06
10.610775560899553,12106.005000000001,500.0,0.0,670,13400000,44,0.009827029891312122,3.199999999999989e-05,81.87132017467047,231885.91724110418,-0.006801144800102552,53.56964325904846,25.37202739715576,78.94167256355286,-4.577636936176077e-09,1.757812469804776e-06
9.04497368840087,12516.720000000001,500.0,0.0,671,13420000,44,0.007131925318390131,3.1599999999999894e-05,57.641484318723336,171721.31124474073,-0.006705852738608123,53.80035448074341,23.294317960739136,77.09467458724976,-1.0490417423625331e-09,-4.882812390860636e-06
9.952138431438215,8700.10625,500.0,0.0,672,13440000,44,0.008694046176970005,3.11999999999999e-05,72.96632200225724,139107.6515807052,-0.004442372726633131,54.39295196533203,24.056453227996826,78.44940614700317,-5.722046170220096e-10,-1.6113281162688509e-06
9.805746987908638,6822.70125,500.0,0.0,673,13460000,44,0.011852755211293697,3.07999999999999e-05,54.085009011904035,114261.21449425525,-0.005199144079076111,53.49949502944946,23.824156999588013,77.32365274429321,-9.059906158626063e-10,3.271484274591785e-06
10.696187879615865,10868.517500000002,500.0,0.0,674,13480000,44,0.006283831316977739,3.0399999999999902e-05,61.216583243173616,203707.0288417452,-0.005170696755009516,53.812143325805664,23.58972477912903,77.40186977386475,5.340575981449547e-09,-1.4648438195763447e-07
7.696302872921821,7468.897499999999,500.0,0.0,675,13500000,44,0.009209157899022102,2.9999999999999903e-05,76.72992594030839,140453.5152783147,-0.005676745692489323,53.827924489974976,25.61233401298523,79.44025945663452,2.956390465769232e-09,-7.81249980263965e-07
10.522653945517035,5075.975,500.0,0.0,676,13520000,44,0.00790219847112894,2.9599999999999903e-05,67.40192679349244,142508.15618903507,-0.005187426269236873,54.79154014587402,23.774914741516113,78.56645679473877,2.574920721087892e-09,2.9296876391526894e-07
10.840989725251333,4892.7837500000005,500.0,0.0,677,13540000,44,0.007463236805051565,2.9199999999999903e-05,58.27452594309325,100785.80452623796,-0.005543381675203188,53.05654788017273,24.24395179748535,77.3005006313324,4.529952857268427e-09,9.765624753299562e-08
8.72158368750222,11110.98125,500.0,0.0,678,13560000,44,0.008788324892520905,2.8799999999999904e-05,78.49152396874817,175958.38288610743,-0.004754966925063371,53.1277813911438,23.2613046169281,76.38908767700195,-5.7220459481754915e-09,3.735351583600277e-06
10.069925476049795,7477.87,500.0,0.0,679,13580000,44,0.0061434232629835606,2.8399999999999908e-05,83.08424048977973,105760.10795595018,-0.004580673850015539,52.73421120643616,23.405738353729248,76.13995051383972,3.7193297330873065e-09,1.3647460946231149e-05
13.41903419430958,4554.1225,500.0,0.0,680,13600000,44,0.009618598967790604,2.7999999999999908e-05,95.33694770229151,229742.7265664332,-0.0040507855411108275,54.19353699684143,24.070587158203125,78.26412534713745,-3.6239624634504253e-09,5.859375278305379e-07
9.30163774572684,12287.035,500.0,0.0,681,13620000,44,0.008959656581282616,2.7599999999999912e-05,96.063247000252,245731.42390004674,-0.006713364551252963,53.21721386909485,23.40095615386963,76.6181709766388,-3.1471252270875993e-09,-2.148437488358468e-06
9.79064006323934,6297.852499999999,500.0,0.0,682,13640000,44,0.009242042899131775,2.7199999999999916e-05,117.13400521624075,172263.49641739787,-0.004152212980869403,53.38272166252136,23.7333402633667,77.11606407165527,-7.629394338515283e-10,-2.9296876391526894e-07
9.722661158394345,6609.05,500.0,0.0,683,13660000,44,0.00798876490443945,2.679999999999992e-05,127.71637333495707,207898.63576522493,-0.0045334919961598046,53.59073543548584,23.742709398269653,77.33344578742981,-7.629394338515283e-10,-1.9531250927684596e-06
8.133382619412052,6829.5199999999995,500.0,0.0,684,13680000,44,0.008350584656000137,2.639999999999992e-05,120.51164683044574,211774.66532337817,-0.0047251038842484085,53.01536965370178,24.14567756652832,77.16104793548584,5.722046170220096e-10,1.757812469804776e-06
13.16358361144638,8487.022500000001,500.0,0.0,685,13700000,44,0.008956177160143852,2.599999999999992e-05,96.6332058253579,176475.8261179337,-0.0045717569445921655,53.11207985877991,23.512115716934204,76.62419652938843,4.386901952813105e-09,3.3203125440195436e-06
10.223400064081284,7148.89625,500.0,0.0,686,13720000,44,0.00865430012345314,2.5599999999999924e-05,75.90085972850699,115776.3118409046,-0.004175193101420604,52.97194170951843,23.024688482284546,75.99663162231445,9.822845647988743e-09,-3.7109375625732355e-06
11.312518181272656,6559.4262499999995,500.0,0.0,687,13740000,44,0.012666917406022549,2.5199999999999925e-05,102.34374559378323,193417.07687311206,-0.0049807417480557965,53.650521993637085,23.213984966278076,76.8645076751709,3.6239624634504253e-09,-1.6601562720097718e-06
12.7196827713617,8403.85875,500.0,0.0,688,13760000,44,0.00858116801828146,2.479999999999993e-05,150.78646810858652,188008.54686881922,-0.0041522505223323455,53.63681745529175,23.117042541503906,76.75386071205139,1.5258788677030566e-09,1.757812469804776e-06
9.46111330316731,5946.155000000001,500.0,0.0,689,13780000,44,0.006674646865576506,2.439999999999993e-05,143.82415082183064,146564.99749903355,-0.0037349929661134747,55.85004925727844,23.094758987426758,78.94481039047241,-3.814697446813398e-09,-6.054687673895387e-06
11.411475033533815,5491.745,500.0,0.0,690,13800000,44,0.009500326588749886,2.399999999999993e-05,137.61008660016867,191433.00082990955,-0.005474926903743406,53.68162155151367,22.80534029006958,76.48696255683899,-4.959106458812812e-09,-5.95703113503987e-06
11.251471884960097,10523.898749999998,500.0,0.0,691,13820000,44,0.009186577051877975,2.359999999999993e-05,188.297082030732,132179.70840675346,-0.005235883441991607,53.75745368003845,23.488250255584717,77.24570679664612,-4.1961669694501325e-09,1.56249996052793e-06
9.89667980312285,6449.59875,500.0,0.0,692,13840000,44,0.009981612674891949,2.3199999999999934e-05,117.79493682431132,199764.44062522476,-0.0053363640026925655,53.12836289405823,24.418737649917603,77.54710173606873,1.5544891596164234e-08,2.148437488358468e-06
8.490998183249749,2956.7574999999997,500.0,0.0,693,13860000,44,0.007425777614116669,2.2799999999999934e-05,140.0503342708592,102614.03387458196,-0.0038491906355734235,53.95811080932617,23.321165323257446,77.27927684783936,7.629394338515283e-10,5.761718966823537e-06
10.894862513382503,8061.829999999999,500.0,0.0,694,13880000,44,0.008242001757025719,2.2399999999999935e-05,147.37761079153887,137529.07608815358,-0.005820668167172062,53.519444942474365,23.048474311828613,76.5679202079773,-2.956390465769232e-09,3.0273438369476935e-06
9.43905577200394,5726.70125,500.0,0.0,695,13900000,44,0.008787054568529129,2.1999999999999935e-05,119.6396817063572,203709.6358309659,-0.004475250925890988,53.42468190193176,23.12259840965271,76.54728126525879,6.294250454175199e-09,-1.904296823340701e-06
8.463827901293078,11989.611249999998,500.0,0.0,696,13920000,44,0.009226887486875057,2.1599999999999935e-05,136.92218465772132,210254.24424738385,-0.005015417555784078,53.22655463218689,22.821173906326294,76.0477294921875,-3.814697446813398e-09,-7.421875125146471e-06
11.372686134036783,6036.1675,500.0,0.0,697,13940000,44,0.006134508643299341,2.1199999999999936e-05,78.64660697647288,105547.88395229116,-0.005061263875568675,53.015228509902954,23.19308614730835,76.20831656455994,-1.8882751362525596e-08,-2.0996094463043846e-06
10.591238599702157,6240.592500000001,500.0,0.0,698,13960000,44,0.007205696310847998,2.0799999999999936e-05,87.95894108323425,138836.3405624056,-0.005669332729581255,53.962538719177246,23.595723390579224,77.55826377868652,5.340575981449547e-09,3.5644532090373104e-06
10.183013818256688,6731.38125,500.0,0.0,699,13980000,44,0.009678230620920658,2.0399999999999937e-05,81.86372840034124,131269.20666208916,-0.00541797640167554,54.70018720626831,24.784476041793823,79.48466491699219,-1.2969970875076342e-08,1.9531249506599124e-07
8.161701624774498,8563.248749999999,500.0,0.0,700,14000000,44,0.007317817769944668,1.9999999999999937e-05,70.92511287355588,147628.1874030742,-0.007513985680130881,55.568780183792114,23.254103183746338,78.82288455963135,-5.912780931538464e-09,-6.347656267280399e-07
5.933438877410943,2955.53625,500.0,0.0,701,14020000,44,0.005566432140767574,1.9599999999999938e-05,66.09069963703222,732984.7445508037,-0.003166581515768828,55.617204904556274,23.34388828277588,78.96109533309937,-1.3351439953623867e-09,3.632812513387762e-05
3.6016832447669174,0.0,500.0,0.0,702,14040000,44,0.003692332888022065,1.9199999999999938e-05,52.63320120184825,464363.47991585155,-0.0025110664717575494,54.58658957481384,23.024171590805054,77.61076211929321,3.0994415922691587e-09,2.5781249860301614e-05
3.7110626476180313,0.0,500.0,0.0,703,14060000,44,0.006624478381127119,1.879999999999994e-05,42.05493458560202,315498.2146892306,-0.0028427375012459993,54.39216113090515,23.09832739830017,77.49048948287964,-7.343292196537732e-09,3.906249901319825e-07
3.7874745086387636,0.0,500.0,0.0,704,14080000,44,0.0036238315515220165,1.839999999999994e-05,32.9891081783659,208495.57035829392,-0.002258413259818254,54.42936182022095,23.251433849334717,77.6807963848114,3.3378602104505717e-09,1.4648437172581907e-05
3.725162754783007,0.0,500.0,0.0,705,14100000,44,0.006079539656639099,1.799999999999994e-05,41.32979628186506,169301.2213869435,-0.002295248572369266,54.5220627784729,23.27007246017456,77.7921371459961,1.3351440841802287e-08,2.4609375032014214e-05
3.7962083302154497,0.0,500.0,0.0,706,14120000,44,0.0028920539189130068,1.759999999999994e-05,50.167644962205436,225184.869120397,-0.0014074017042969326,54.47164058685303,23.354039430618286,77.82568097114563,-1.754760781125242e-08,-1.8261718651046976e-05
3.6981405907648806,0.0,500.0,0.0,707,14140000,44,0.0038275765255093575,1.719999999999994e-05,57.050977467118805,190665.8358209081,-0.0015968473488036264,54.64422678947449,24.082173585891724,78.7264015674591,-1.0871887390351276e-08,1.220703143189894e-05
3.617961382341001,0.0,500.0,0.0,708,14160000,44,0.005179211962968111,1.679999999999994e-05,37.956804277707576,176878.2958090972,-0.0017662715443176344,55.627832889556885,23.621809005737305,79.24964261054993,-2.6702879907247734e-09,-5.566406343859853e-06
3.7472159801527605,0.0,500.0,0.0,709,14180000,44,0.0071973917074501514,1.639999999999994e-05,47.78672841667992,178252.96633781196,-0.0009824749666345986,54.11327886581421,23.170111417770386,77.28339123725891,5.664825408757679e-08,-7.81249980263965e-07
3.7992159991665515,0.0,500.0,0.0,710,14200000,44,0.003459059866145253,1.599999999999994e-05,35.3396607081827,192136.2488346429,-0.0016818343031019727,55.14624810218811,23.204081058502197,78.35032987594604,9.346008411625917e-09,-1.8554687812866177e-06
3.729905998000379,0.0,500.0,0.0,711,14220000,44,0.00691557303071022,1.5599999999999942e-05,33.27985077924915,153902.81090086486,-0.001899608513377864,54.349963903427124,23.99495005607605,78.34491539001465,-1.926422044107312e-08,-7.031249879219104e-06
3.8030793962408205,0.0,500.0,0.0,712,14240000,44,0.008348846808075905,1.5199999999999943e-05,35.222165715708144,107516.07784517945,-0.0017165577925165089,54.49191379547119,22.812666654586792,77.3045814037323,-2.6702879907247734e-09,-5.859375050931703e-06
3.7988510569951415,0.0,500.0,0.0,713,14260000,44,0.0039885700680315495,1.4799999999999945e-05,110.1765007286818,79030.03660817031,-0.0014642156753059416,54.478819608688354,23.01326036453247,77.49208068847656,4.577636936176077e-09,1.8554687812866177e-06
3.85222141453274,0.0,500.0,0.0,714,14280000,44,0.006050970871001482,1.4399999999999947e-05,43.817334904906666,78917.73898585839,-0.0034836932394644985,54.286075830459595,23.31576418876648,77.60184097290039,1.3351440841802287e-08,6.83593725625542e-07
3.8076906578315137,0.0,500.0,0.0,715,14300000,44,0.004695821087807417,1.3999999999999949e-05,31.021205104261604,83302.20886075949,-0.0018081809380665096,54.649067401885986,23.24603509902954,77.89510321617126,-4.720687840631399e-09,4.39453117451194e-07
3.832543790768328,0.0,500.0,0.0,716,14320000,44,0.00637276703491807,1.3599999999999951e-05,46.37558205410306,88616.03524952351,-0.0018748385700495256,53.95084500312805,24.038086414337158,77.98893237113953,2.2888184680880386e-09,-2.5390625069121597e-06
3.7266147216419467,0.0,500.0,0.0,717,14340000,44,0.008445436134934425,1.3199999999999953e-05,37.59837987151327,73892.35871253327,-0.001800229046568789,55.47889828681946,22.753342390060425,78.23224234580994,-3.8146971692576415e-10,-8.78906234902388e-07
3.661201710590557,0.0,500.0,0.0,718,14360000,44,0.0037995120510458946,1.2799999999999955e-05,81.67094270927859,88941.35290148068,-0.001292402226183407,54.75061082839966,23.29467487335205,78.04528641700745,-3.051757735406113e-09,2.9296876391526894e-07
3.7616267830683854,0.0,500.0,0.0,719,14380000,44,0.007796223275363445,1.2399999999999958e-05,57.74957390841187,91944.85071320528,-0.0016370217039014595,54.7006516456604,23.41878056526184,78.11943340301514,1.354217538107605e-08,5.859375278305379e-07
3.791506336422927,0.0,500.0,0.0,720,14400000,44,0.00776672875508666,1.199999999999996e-05,67.9623977531635,135379.7966887339,-0.0019552066913614066,54.206552267074585,23.494242429733276,77.70079588890076,2.2888184680880386e-09,9.765624753299562e-08
3.766474386108173,0.0,500.0,0.0,721,14420000,44,0.005118165630847216,1.1599999999999962e-05,62.03017503949111,80480.17599308203,-0.0025816012843178694,54.5897753238678,23.521004915237427,78.11078238487244,-4.00543198608716e-09,-2.4414063659605745e-07
3.935974604368434,0.0,500.0,0.0,722,14440000,44,0.0039717149920761585,1.1199999999999964e-05,45.64181487771529,106272.3584782257,-0.0010392523299815868,54.44695591926575,22.8815495967865,77.32850670814514,5.149841442175784e-09,2.9296876391526894e-07
3.7291369387726205,0.0,500.0,0.0,723,14460000,44,0.0028991024009883404,1.0799999999999966e-05,28.73851636364216,78831.35667203457,-0.0009536180446021928,54.254342555999756,24.81992197036743,79.0742654800415,-3.3378602104505717e-09,-2.6367188183940016e-06
3.7293283943784252,0.0,500.0,0.0,724,14480000,44,0.005022884346544743,1.0399999999999968e-05,43.66846707281501,97235.50628135339,-0.0025887464807327018,53.905715227127075,23.798118829727173,77.70383620262146,9.53674295089968e-09,1.4648438195763447e-07
3.830878268732472,0.0,500.0,0.0,725,14500000,44,0.003145857248455286,9.99999999999997e-06,69.90552405027032,94589.87540849306,-0.0007374585377480042,54.94748616218567,24.16496777534485,79.11245489120483,7.629394338515283e-10,-1.1718750556610757e-06
3.751185546187904,0.0,500.0,0.0,726,14520000,44,0.002707607811316848,9.59999999999997e-06,129.40364935153923,96628.73368724827,-0.0011220878384384713,54.26213026046753,23.457592725753784,77.71972417831421,7.438659466174613e-09,5.859375278305379e-07
3.8503499300737447,0.0,500.0,0.0,727,14540000,44,0.004137647803872824,9.199999999999973e-06,48.172010107885434,78938.19717656565,-0.0017562866440619972,54.22547745704651,23.437135219573975,77.6626136302948,-2.0980834847250662e-09,5.859375278305379e-07
3.7226129146054716,0.0,500.0,0.0,728,14560000,44,0.006155256647616625,8.799999999999975e-06,41.90228703765518,75684.4846949956,-0.001391798284788154,54.350099086761475,23.28590178489685,77.63600158691406,4.577636936176077e-09,-2.9296876391526894e-07
3.7407228854390127,0.0,500.0,0.0,729,14580000,44,0.005106725730001926,8.399999999999977e-06,50.2642808745179,71859.69435251322,-0.002195069148868078,53.781301975250244,23.324639797210693,77.10594272613525,1.5258788677030566e-09,-6.83593725625542e-07
3.8705104939178234,0.0,500.0,0.0,730,14600000,44,0.003546549240127206,7.999999999999978e-06,71.86511286438129,83539.64753566869,-0.001148708682934356,54.27037978172302,23.94723153114319,78.21761274337769,7.629394338515283e-10,-9.765624753299562e-08
3.730156435330369,0.0,500.0,0.0,731,14620000,44,0.0051162936724722385,7.599999999999978e-06,41.592178709076244,87415.57534449395,-0.0028243643550927805,54.33977127075195,24.528573274612427,78.86834573745728,-9.727478378351861e-09,-1.9531249506599124e-07
3.854831455020046,0.0,500.0,0.0,732,14640000,44,0.004181204829365015,7.199999999999979e-06,33.78747976553316,105327.5154640189,-0.002542074999283845,54.232802867889404,23.52053713798523,77.75334095954895,-2.574920721087892e-09,1.4648438195763447e-07
3.8444898208224862,0.0,500.0,0.0,733,14660000,44,0.005611832719296217,6.799999999999981e-06,38.74012344753235,83559.27214627985,-0.0020409235062618324,54.81038427352905,22.955744981765747,77.76613068580627,4.1961669694501325e-09,1.416015606992005e-06
3.918526606118428,0.0,500.0,0.0,734,14680000,44,0.0042378283105790615,6.399999999999982e-06,41.28905495894929,111709.39739716313,-0.0006850834365079975,53.99458956718445,24.035279989242554,78.02987051010132,-6.866454960174906e-09,9.765625463842298e-07
3.8083805372012014,0.0,500.0,0.0,735,14700000,44,0.004068038892000914,5.999999999999983e-06,56.61524420091829,104881.7381874146,-0.001558095511205503,54.587230920791626,23.367947578430176,77.95517921447754,1.907348723406699e-09,-1.9531249506599124e-07
3.8114762598902923,0.0,500.0,0.0,736,14720000,44,0.0037886779755353928,5.5999999999999845e-06,29.363485381298702,82012.75161823936,-0.0022181576605906582,54.87549042701721,23.709075450897217,78.58456826210022,-1.840591501434119e-08,-3.906249901319825e-07
3.784199961968234,0.0,500.0,0.0,737,14740000,44,0.0031486807856708765,5.199999999999986e-06,30.120263448107227,114766.38893287229,-0.0017805703352601991,54.899271726608276,23.388906478881836,78.28817963600159,2.0170212167158752e-08,-3.906249901319825e-07
3.8843494614970226,0.0,500.0,0.0,738,14760000,44,0.003934214357286692,4.799999999999987e-06,29.141830179304467,147399.24414090594,-0.002571411087819117,55.58846044540405,23.097755908966064,78.68621778488159,-1.0871887390351276e-08,2.050781176876626e-06
3.854312295921227,0.0,500.0,0.0,739,14780000,44,0.003285802435129881,4.399999999999988e-06,27.075956205778485,144383.00103837025,-0.001295283256458725,54.73893094062805,23.37790322303772,78.11683487892151,3.2234190427971043e-08,-1.074218744179234e-06
3.8140577886006897,0.0,500.0,0.0,740,14800000,44,0.003461680607870221,3.99999999999999e-06,24.667044461802316,97945.21392281448,-0.0015513381413832495,54.654600858688354,23.827420234680176,78.48202204704285,-8.106232129989621e-09,6.347656267280399e-07
3.963867089889476,0.0,500.0,0.0,741,14820000,44,0.002941804239526391,3.599999999999991e-06,23.83348604285676,94882.04450720116,-0.0013849955545864267,54.2749445438385,23.08313798904419,77.35808372497559,2.9754637864698452e-08,1.1718750556610757e-06
3.7401698716228315,0.0,500.0,0.0,742,14840000,44,0.003312809858471155,3.199999999999992e-06,25.240217225323885,123122.57330708564,-0.002224176375631305,54.3346049785614,23.064677953720093,77.39928412437439,4.76837147544984e-09,4.882812376649781e-08
3.8666041457282647,0.0,500.0,0.0,743,14860000,44,0.003789615584537387,2.7999999999999927e-06,43.49273351531034,106238.70119013639,-0.001611308837827923,54.256558656692505,23.532979011535645,77.78953862190247,4.577636936176077e-09,6.83593725625542e-07
3.90394373115845,0.0,500.0,0.0,744,14880000,44,0.004441719502210617,2.399999999999994e-06,30.8610352602872,119036.73322425202,-0.0015903876848428825,54.39337468147278,23.83640217781067,78.22977781295776,-1.1634826435624745e-08,1.367187451251084e-06
4.169305975329056,0.0,500.0,0.0,745,14900000,44,0.004625799134373665,1.9999999999999953e-06,23.939457727109605,175827.79316878237,-0.0019422209080414777,55.71758246421814,23.170055150985718,78.88763880729675,-1.2969970875076342e-08,5.859375278305379e-07
4.215744548976618,0.0,500.0,0.0,746,14920000,44,0.003958163782954216,1.5999999999999963e-06,26.465441285123486,163923.43879178204,-0.0008747418981363785,53.98833966255188,23.92103362083435,77.90937447547913,8.964538444899972e-09,1.367187451251084e-06
4.1425493224036485,0.0,500.0,0.0,747,14940000,44,0.0034782912116497755,1.1999999999999972e-06,22.72647752202147,183392.84216406924,-0.0011491477139823575,54.711787700653076,23.089093446731567,77.80088233947754,2.3841858265427618e-08,1.5136719184738467e-06
4.061659020528429,0.0,500.0,0.0,748,14960000,44,0.004068560898303986,7.999999999999983e-07,22.659940494080818,113881.46227029992,-0.0022674354814878218,54.84081768989563,23.631699085235596,78.47251772880554,-4.825592014867652e-08,3.2226562325377017e-06
4.071465129875348,0.0,500.0,0.0,749,14980000,44,0.004403351806104183,3.9999999999999913e-07,23.259266192674364,129841.29002361056,-0.0017077786187771,54.72913432121277,25.06527614593506,79.79441142082214,3.5667419240326126e-08,-3.906249901319825e-07
4.076869417532682,0.0,500.0,0.0,750,15000000,44,0.0023769629187881947,0.0,25.849302083905464,118242.05777114499,-0.0005041725632265185,54.84842824935913,24.348487377166748,79.19691681861877,7.629394338515283e-10,-1.367187451251084e-06
