Metrics/EpRet,Metrics/EpCost,Metrics/EpLen,Metrics/EpSuccess,Train/Epoch,Train/TotalSteps,Train/StopIter,Train/KL,Train/LR,Loss/Loss_reward_critic,Loss/Loss_cost_critic,Loss/Loss_actor,Loss/Loss_ewc,Loss/Loss_safety,Time/Rollout,Time/Update,Time/Total,Value/RewardAdv,Value/CostAdv
-630.8565042963511,0.0,1000.0,0.0,1,20000,36,0.010377482511103153,0.00029925,27.438833541213345,0.0016030355633290523,-0.011169486281436061,0.0,0.0,13.193317413330078,64.62069725990295,77.81401896476746,1.638412499005426e-07,4.768371808516747e-10
-640.3017137887871,0.0,1000.0,0.0,2,40000,36,0.01062418706715107,0.0002985,26.37272864992753,0.00013173740670990159,-0.012581246153081716,0.0,0.0,14.319610834121704,64.49758863449097,78.81720209121704,-1.8925666722680035e-07,-3.8258732293350306e-10
-597.5961107481266,0.0,1000.0,0.0,3,60000,36,0.01167580671608448,0.00029775,22.89349999756182,4.208578445257006e-06,-0.012780306364603361,0.0,0.0,15.110948324203491,62.71361684799194,77.82456827163696,3.929138259195497e-08,2.719461981992577e-11
-555.2531058085549,0.0,1000.0,0.0,4,80000,36,0.012626384384930134,0.000297,27.73461979942877,1.0505949012476718e-06,-0.01383452958840299,0.0,0.0,13.682634353637695,65.10299324989319,78.78563117980957,-9.965896552444065e-09,3.034248963196262e-10
-499.38499684874444,0.03500000000000001,1000.0,0.0,5,100000,36,0.012765868566930294,0.00029625,24.20186746268565,0.00035571195581206446,-0.013664029160023355,0.0,0.25,13.647528648376465,65.0038013458252,78.65133333206177,-4.558563304613017e-08,3.7550926257345907e-10
-472.976036933526,0.015000000000000003,1000.0,0.0,6,120000,36,0.012553452514111996,0.0002955,24.71166518405688,5.049899043531353e-07,-0.014098648767230932,0.0,0.0,14.474472999572754,64.5190544128418,78.9935314655304,-1.4305114870438729e-09,3.3434480184446613e-10
-439.5569419890313,0.0,1000.0,0.0,7,140000,36,0.014196319505572319,0.00029475000000000004,21.68680987376713,3.4690033356569964e-07,-0.016588942570494303,0.0,0.0,14.548399686813354,65.0694055557251,79.61781001091003,-2.6226043559063328e-08,-2.736225690469496e-10
-384.43871958470334,0.0,1000.0,0.0,8,160000,36,0.014369357377290726,0.00029400000000000004,22.24701021815345,2.4303578758119314e-07,-0.016791888309863685,0.0,0.0,13.919028043746948,65.40753078460693,79.32656168937683,-5.2452087118126656e-09,-5.941838132628163e-10
-351.71328202424587,0.025,1000.0,0.0,9,180000,36,0.015536668710410595,0.00029325000000000005,17.344682663054936,0.00043274303793541227,-0.017642631958487396,0.0,0.25,13.589722156524658,64.08391833305359,77.67364168167114,-4.959106458812812e-09,6.705522248573459e-11
-319.34891506359844,0.05250000000000001,1000.0,0.0,10,200000,36,0.016035089269280434,0.00029250000000000006,16.978464591532767,0.00043286415349061397,-0.017633978563379383,0.0,0.25,13.785704851150513,64.74430322647095,78.5300121307373,1.0490417423625331e-09,-3.8146971692576415e-10
-294.01173556745186,0.0225,1000.0,0.0,11,220000,36,0.015216650441288948,0.00029175000000000007,17.99709003467614,5.69338908025043e-08,-0.017144205287751173,0.0,0.0,14.161360740661621,65.24345469474792,79.40481853485107,-9.870529282807183e-09,-7.44126704699255e-11
-249.5335010532462,0.0,1000.0,0.0,12,240000,36,0.017146876081824303,0.0002910000000000001,16.977337195173323,3.887639409384782e-08,-0.01825434403686125,0.0,0.0,13.947562217712402,66.18513464927673,80.13270139694214,2.4175644597335122e-08,1.0137446437852304e-10
-214.64773969276456,0.0,1000.0,0.0,13,260000,36,0.016657918691635132,0.0002902500000000001,12.578272644915732,2.6801660730472242e-08,-0.019157682722503004,0.0,0.0,13.471450328826904,65.18984794616699,78.66130208969116,1.9454956756703723e-08,-8.041970561700751e-11
-189.12168919855836,0.0,1000.0,0.0,14,280000,36,0.01916705258190632,0.0002895000000000001,13.059107307766531,1.947857182668684e-08,-0.021270378760234406,0.0,0.0,13.664392709732056,64.48891258239746,78.15330934524536,-4.0340424334317504e-08,-6.405170838164054e-11
-157.71572381508338,0.0,1000.0,0.0,15,300000,36,0.01717195101082325,0.0002887500000000001,15.733425141269533,1.3665219443610033e-08,-0.01916848780785019,0.0,0.0,14.046295404434204,66.0519757270813,80.0982756614685,-4.3725968623675726e-08,-4.332978420507061e-11
-112.57732844927776,0.0,1000.0,0.0,16,320000,36,0.018126366659998894,0.0002880000000000001,12.800940746358831,9.926768277099378e-09,-0.02005232377985329,0.0,0.0,13.856717109680176,65.25572419166565,79.11244559288025,-5.340575981449547e-09,1.2246891868683552e-11
-94.1449625868099,0.0,1000.0,0.0,17,340000,33,0.020638760179281235,0.0002872500000000001,11.72809551549057,6.941321155323514e-09,-0.02100054799851024,0.0,0.0,13.612900972366333,59.22736144065857,72.84026551246643,-4.8446654687950286e-08,-4.915054821474918e-11
-37.68684105328053,0.0,1000.0,0.0,18,360000,36,0.01933140866458416,0.00028650000000000013,13.398041291697295,4.9476909113523175e-09,-0.021074913921165103,0.0,0.0,13.591004610061646,64.9652647972107,78.55627298355103,2.956390465769232e-09,-4.481989866050862e-12
12.179591540753666,0.0,1000.0,0.0,19,380000,36,0.01864270679652691,0.00028575000000000014,15.01454981248515,3.535663242559126e-09,-0.0209353374713646,0.0,0.0,13.762107372283936,65.37353682518005,79.13564682006836,-1.1634826435624745e-08,2.5203917078386873e-11
35.097260055888825,0.015,1000.0,0.0,20,400000,25,0.02074446715414524,0.00028500000000000015,14.240067356036494,0.00043351738338350817,-0.019276965682844097,0.0,0.25,13.912930011749268,44.98659658432007,58.8995316028595,-5.197525076994225e-09,-2.525746833903497e-10
89.98306481467402,0.035,1000.0,0.0,21,420000,34,0.020137926563620567,0.00028425000000000016,16.339952773963613,4.4780196089336544e-10,-0.019928657394254347,0.0,0.0,14.053414821624756,60.988481521606445,75.04189968109131,1.2969971407983394e-07,6.225309330532003e-12
136.93183486633794,0.03750000000000001,1000.0,0.0,22,440000,32,0.02078259363770485,0.00028350000000000017,18.025581194569888,0.0004343340625661144,-0.02151258174593511,0.0,0.25,13.858459234237671,58.87704873085022,72.73551273345947,1.4591217123438582e-08,1.7285346765039122e-10
171.7973392469427,0.0125,1000.0,0.0,23,460000,30,0.020424839109182358,0.0002827500000000002,18.81538347360044,4.4221340124506074e-10,-0.02103750011422478,0.0,0.0,13.815625190734863,55.72128891944885,69.53691744804382,4.868507375022091e-08,9.892391593380179e-12
244.61139103932533,0.14000000000000004,1000.0,0.0,24,480000,19,0.020292244851589203,0.0002820000000000002,21.01649577521027,0.002407257251014668,-0.01727152970724111,0.0,1.0,13.97983694076538,34.95149350166321,48.931334257125854,2.2792816523065085e-08,-4.678964438120659e-10
323.4110256646142,0.08000000000000002,1000.0,0.0,25,500000,16,0.02022075280547142,0.0002812500000000002,25.362848353652527,0.00043200253897737235,-0.014649460205254844,0.0,0.25,13.582847595214844,29.856863260269165,43.43971562385559,9.155273872352154e-09,-3.427267150635238e-11
372.50379481052494,0.26,1000.0,0.0,26,520000,26,0.02060968056321144,0.0002805000000000002,23.581548736616327,0.004682177189767396,-0.018453394886650765,0.0,2.25,13.805954456329346,46.961724281311035,60.76768207550049,9.536743617033494e-10,-2.503394991304475e-10
414.42377279262956,0.465,1000.0,0.0,27,540000,27,0.021135326474905014,0.0002797500000000002,32.275926988656074,0.0038109364167443825,-0.016072940519992043,0.0,1.75,13.60265851020813,49.04880356788635,62.65146565437317,-6.818771680627833e-08,1.2695788864647284e-09
538.9240602069528,0.51,1000.0,0.0,28,560000,23,0.02033122256398201,0.0002790000000000002,32.32977101868731,0.010929748870145,-0.01694969297186185,0.0,4.75,14.097463369369507,42.43562602996826,56.533095598220825,-1.0318755983007577e-07,9.417533419764368e-10
537.4952715184136,0.9924999999999999,1000.0,0.0,29,580000,26,0.020514095202088356,0.00027825000000000023,38.244234485748095,0.021362857385049578,-0.0162107217850923,0.0,6.0,14.219481706619263,47.277613401412964,61.49709916114807,-4.1961669694501325e-08,-1.7493962944925556e-09
573.6507585987462,1.2425,1000.0,0.0,30,600000,15,0.02060016058385372,0.00027750000000000024,27.122039386436455,0.011058510372548336,-0.016436604343263453,0.0,5.25,13.828487157821655,28.069713354110718,41.89820337295532,7.820129432900558e-09,3.5166741740866314e-10
659.8894085238221,1.9675,1000.0,0.0,31,620000,23,0.020015712827444077,0.00027675000000000025,34.543136738955866,0.03941901337290788,-0.017021215533283205,0.0,12.75,13.900791645050049,42.63513422012329,56.53593063354492,9.727478378351861e-09,1.5497207961345794e-09
725.1542878465538,2.245,1000.0,0.0,32,640000,20,0.020361989736557007,0.00027600000000000026,41.84789366584997,0.07914923968347022,-0.014660026287059702,0.0,13.5,13.968115329742432,36.90110921859741,50.869227170944214,-1.125335735707722e-08,-2.3484230116110894e-09
776.8365716160454,2.9349999999999996,1000.0,0.0,33,660000,18,0.020887667313218117,0.00027525000000000027,41.70752996462306,0.06630501391089735,-0.014828607964669617,0.0,15.75,13.84558892250061,35.171804666519165,49.017395973205566,2.3651123726153855e-08,-3.933906533859499e-10
811.6654223757993,4.0125,1000.0,0.0,34,680000,9,0.021798579022288322,0.0002745000000000003,51.85270236187638,0.07393507764519007,-0.011284591519347542,0.0,22.5,13.696951866149902,16.681610822677612,30.378566026687622,-1.0337829792206321e-07,1.7523765771798594e-09
922.097880539269,5.384999999999999,1000.0,0.0,35,700000,12,0.020619504153728485,0.0002737500000000003,50.4157414827357,0.10627953141245344,-0.012562081624599545,0.0,29.0,13.084256887435913,20.756421327590942,33.840681076049805,6.408691177739456e-08,-5.483627441016381e-10
871.4489683280406,6.615,1000.0,0.0,36,720000,17,0.020444253459572792,0.0002730000000000003,51.233115603972635,0.17159370485090422,-0.013095497166520179,0.0,35.25,13.61902666091919,29.51948881149292,43.138519287109375,5.035400363340159e-08,-6.818771325356465e-09
933.837618324524,7.225000000000001,1000.0,0.0,37,740000,13,0.022928357124328613,0.0002722500000000003,46.539632792084944,0.15046153934093404,-0.011889032696818479,0.0,38.25,13.033034801483154,23.63338804244995,36.666428565979004,5.054473817267535e-08,-7.605552632128365e-09
1016.0877353535928,8.4125,1000.0,0.0,38,760000,13,0.020251652225852013,0.0002715000000000003,45.452071542381276,0.15033045719872312,-0.01165421412887844,0.0,42.0,12.644913911819458,22.173768997192383,34.81868600845337,1.7929076889799944e-08,-5.292892346631106e-09
1004.0742820498235,8.4775,1000.0,0.0,39,780000,15,0.02020648866891861,0.0002707500000000003,58.62828247184063,0.17181843426336432,-0.012454745010795177,0.0,50.25,12.097638845443726,26.955713272094727,39.053356647491455,1.7356873271978657e-08,1.5497207961345794e-09
1109.0699604227423,12.4075,1000.0,0.0,40,800000,10,0.023396503180265427,0.00027000000000000033,57.26359446345808,0.3290844413966607,-0.01016210333128778,0.0,71.75,13.492048025131226,16.21377968788147,29.705832958221436,-1.277923544762416e-08,-9.465217942761228e-09
1227.2164013262645,18.832500000000003,1000.0,0.0,41,820000,10,0.020370110869407654,0.00026925000000000034,87.04306150381558,0.468658212179574,-0.009613729445315813,0.0,110.25,12.897478580474854,18.69310688972473,31.590590238571167,-7.629394338515283e-10,1.0108947456899386e-08
1269.7241657532534,21.42,1000.0,0.0,42,840000,3,0.020139312371611595,0.00026850000000000035,80.12135226175555,0.5235782851315282,-0.0033132659779173245,0.0,106.5,12.494444847106934,5.305877923965454,17.800326108932495,-6.866454960174906e-09,1.0156631091717827e-08
1289.7158723256807,25.820000000000004,1000.0,0.0,43,860000,14,0.02013040892779827,0.00026775000000000036,79.91662121602576,0.6870036291571471,-0.010898394602177038,0.0,151.75,13.651456117630005,24.82041621208191,38.47187614440918,2.307891833197573e-08,-2.6750564430244594e-08
1324.1141374654349,32.4825,1000.0,0.0,44,880000,15,0.0210967268794775,0.00026700000000000036,67.400015232789,0.7879237051335133,-0.011524554622469665,0.0,163.75,13.565621137619019,27.418589115142822,40.984214782714844,1.506805347162299e-08,-5.912780931538464e-09
1205.0516728652085,32.49499999999999,1000.0,0.0,45,900000,16,0.02152714878320694,0.0002662500000000004,87.8456319429623,0.9962274250142966,-0.010378228253800238,0.0,169.25,12.387488842010498,27.667916536331177,40.055408239364624,8.201599399626502e-09,-2.7751923425967107e-08
1309.7529481123852,36.2325,1000.0,0.0,46,920000,10,0.020970474928617477,0.0002655000000000004,97.94623985290528,1.3732273008876714,-0.007841212299173346,0.0,202.75,13.196440696716309,17.596526384353638,30.792970657348633,-1.0681151962899094e-08,-3.814697446813398e-09
1355.1388559606119,44.27499999999999,1000.0,0.0,47,940000,5,0.023360736668109894,0.0002647500000000004,83.81975705082804,1.5594536206592766,-0.005578627470529641,0.0,233.5,13.636307954788208,8.763122081756592,22.399431467056274,3.433227480087453e-09,-3.433227480087453e-09
1366.5045045345655,49.1075,1000.0,0.0,48,960000,8,0.022139905020594597,0.0002640000000000004,83.02590820964532,1.8380007827624727,-0.007951704833486204,0.0,260.75,11.524097919464111,14.247866153717041,25.77196741104126,4.76837147544984e-09,-2.069473303834002e-08
1342.2565883513062,53.485000000000014,1000.0,0.0,49,980000,9,0.02090146765112877,0.0002632500000000004,81.19209326384208,2.025958726581293,-0.00815592833206502,0.0,287.0,12.427906036376953,15.368063926696777,27.795971393585205,1.2969970875076342e-08,-1.831054774470431e-08
1557.1667773481367,78.7975,1000.0,0.0,50,1000000,12,0.022142834961414337,0.0002625000000000004,105.78262553402918,2.9550859425712823,-0.010258951236536534,0.0,430.5,12.550604581832886,19.542137622833252,32.092745542526245,-3.261566305923225e-08,4.1961669694501325e-09
504.3746377217982,37.522499999999994,1000.0,0.0,51,1020000,1,0.036221276968717575,0.0002617500000000004,73.23495541593898,0.2146051137592084,0.011835719010950372,0.06134599353770583,1.5,13.104846477508545,2.0179245471954346,15.122775554656982,3.0899048653054706e-08,-8.583068700218632e-10
-427.9002857664661,0.20749999999999996,1000.0,0.0,52,1040000,2,0.026846222579479218,0.00026100000000000044,42.9208353434127,0.09585567207310718,0.005250946990550517,0.2851326605572868,0.75,13.490996837615967,3.708909273147583,17.199908018112183,-2.4423599143119645e-07,2.6702879907247734e-09
-467.45093842800617,0.21999999999999997,1000.0,0.0,53,1060000,3,0.030044836923480034,0.00026025000000000044,35.144045452467296,0.09698589605153306,-0.0002980552116831461,0.6326132571925751,1.5,13.059842824935913,4.4220521450042725,17.481897115707397,1.773834270579755e-07,1.0251999249533128e-08
-441.8538902697643,0.17250000000000001,1000.0,0.0,54,1080000,1,0.022807229310274124,0.00025950000000000045,39.20348157517064,0.0728854502137667,0.0056137476806728225,0.9381415263151589,0.5,12.98583173751831,2.0360517501831055,15.02188491821289,1.0299682884351569e-07,7.1525572131747595e-09
-375.8285876379362,0.057499999999999996,1000.0,0.0,55,1100000,9,0.02184080332517624,0.00025875000000000046,32.591874658193916,0.045972046805668014,-0.006159124365469846,1.6014570223341438,0.0,13.799239158630371,18.69910168647766,32.4983446598053,1.4686584393075464e-08,-7.140636526514754e-09
-354.67445445521696,0.0875,1000.0,0.0,56,1120000,6,0.02007255330681801,0.00025800000000000047,16.646450316944062,0.025932286538707373,-0.00525891354703766,2.7887298305448507,1.0,13.753273248672485,11.457412004470825,25.21068811416626,-4.0531158873591266e-08,5.4001807470172025e-09
-293.0313867959006,0.4050000000000001,1000.0,0.0,57,1140000,10,0.020321182906627655,0.0002572500000000005,22.330025727908833,0.02065031763386374,-0.007476345507782131,3.9449932416026203,2.5,13.032696008682251,18.10158896446228,31.134286403656006,-1.184463513936862e-07,-6.580352707175052e-09
-231.27416292314484,0.495,1000.0,0.0,58,1160000,8,0.02146296016871929,0.0002565000000000005,19.901845374808143,0.014299637526266288,-0.007596852046170885,5.22466586173152,2.75,13.651206970214844,16.272830486297607,29.92404079437256,-4.615783666395146e-08,-5.125999624766564e-10
-162.8026111630876,0.625,1000.0,0.0,59,1180000,7,0.022342748939990997,0.0002557500000000005,22.205723516367605,0.014075339015187302,-0.008455191601394234,6.456182429149563,3.25,13.27200698852539,14.18116044998169,27.45317268371582,-1.1444092340440193e-09,1.2099743429416776e-09
-135.5079865170728,0.6850000000000002,1000.0,0.0,60,1200000,1,0.022457143291831017,0.0002550000000000005,22.642905997011226,0.018298260402678252,0.001629372520116381,7.289158501183263,3.75,13.346651554107666,2.1121063232421875,15.458761930465698,1.0907649894420501e-08,1.4543533044530932e-09
-106.86268507049492,0.5675,1000.0,0.0,61,1220000,10,0.020051511004567146,0.0002542500000000005,22.056331496802382,0.00995242719132358,-0.009782585047613888,8.349795389632447,2.5,13.302108764648438,19.98105478286743,33.28316569328308,2.8610229740877458e-09,7.152557435219364e-10
-46.18669495719419,0.585,1000.0,0.0,62,1240000,5,0.020473189651966095,0.0002535000000000005,23.00610526941074,0.01843860097565709,-0.006084020476871596,9.585404996902417,2.5,13.307302713394165,9.214599370956421,22.52190637588501,1.5735626135437997e-08,-1.2278557059985928e-09
-30.839747998722665,0.6224999999999999,1000.0,0.0,63,1260000,13,0.020358892157673836,0.00025275000000000053,21.210936021089964,0.013350216719746712,-0.010247663572122992,11.359039951173525,3.5,12.52214241027832,24.929800271987915,37.45194435119629,1.9073485846288207e-10,-2.0861624927537292e-11
13.558123013896045,0.8899999999999999,1000.0,0.0,64,1280000,9,0.020198868587613106,0.00025200000000000054,21.59269584609043,0.021046508376897876,-0.00726206146377672,13.54835402394255,6.0,13.078337669372559,16.873049020767212,29.951392650604248,-2.0980834847250662e-09,-5.722046170220096e-10
45.42393404169162,1.275,1000.0,0.0,65,1300000,8,0.020354045554995537,0.00025125000000000055,23.270059875786878,0.03130793626815938,-0.007461745406410987,15.558243217940529,7.25,12.723052740097046,14.01018738746643,26.73324155807495,-6.9141385949933465e-09,-2.98023217215615e-10
80.94872871155663,0.9199999999999999,1000.0,0.0,66,1320000,9,0.02284601517021656,0.00025050000000000056,16.49913129850529,0.008637347201018981,-0.010205934270006368,17.8752769535215,1.75,13.501508235931396,19.065834760665894,32.56734657287598,3.528594971768939e-09,-1.1920929521291868e-10
100.98524556495958,0.48500000000000015,1000.0,0.0,67,1340000,15,0.02177351899445057,0.00024975000000000057,17.53670273690432,0.011600166914416269,-0.012932841525898098,20.557607607287974,2.75,13.259172201156616,28.28725528717041,41.54643154144287,-1.525878978725359e-08,-4.1723252630632146e-10
132.76005726687376,0.6950000000000001,1000.0,0.0,68,1360000,9,0.02161913365125656,0.0002490000000000006,17.836388510763964,0.008893936256848985,-0.009017824754879318,23.174972694648847,4.25,12.960549354553223,17.558719158172607,30.51927137374878,1.8119812317252126e-09,2.98023217215615e-10
150.98830676948342,0.675,1000.0,0.0,69,1380000,13,0.020170249044895172,0.0002482500000000006,14.247457874820284,0.011746881675401107,-0.010196234756516707,25.608300998188056,4.25,12.959568977355957,24.342068195343018,37.30164122581482,-5.359649790648291e-08,9.536742923144104e-11
174.97534858761577,1.1600000000000001,1000.0,0.0,70,1400000,12,0.020438361912965775,0.0002475000000000006,22.038227691310155,0.02996901258852539,-0.011308113535872587,28.12120455903367,7.75,13.055447816848755,23.816686630249023,36.87213754653931,9.536742923144104e-11,-1.0251999249533128e-09
186.80101854701164,2.0825,1000.0,0.0,71,1420000,9,0.022042270749807358,0.0002467500000000006,19.452728742227766,0.06814069288326867,-0.008434019573728786,30.59206079734231,13.25,13.021780967712402,17.08953309059143,30.11132049560547,6.675720420901143e-09,1.0251999249533128e-09
197.450255271196,2.45,1000.0,0.0,72,1440000,19,0.020130455493927002,0.0002460000000000006,17.600956875195077,0.05933972140814848,-0.01292276635310469,33.52341057678141,10.0,12.851141214370728,37.33835196495056,50.18949794769287,-3.3235551200050395e-08,7.003545521300225e-10
218.29481882682768,2.2775,1000.0,0.0,73,1460000,12,0.020030973479151726,0.0002452500000000006,14.899999555942223,0.055107504643484476,-0.009580577626855125,36.389746470954094,8.5,12.478086471557617,22.295827627182007,34.77391529083252,9.536743617033494e-10,3.218650901359865e-10
224.8118854738369,1.1,1000.0,0.0,74,1480000,11,0.020472625270485878,0.00024450000000000063,17.721232421585825,0.031938107082668414,-0.00949018455515966,39.399412537950646,7.5,12.756563186645508,21.715954303741455,34.47252154350281,-2.145767119543507e-09,-2.384185730786026e-11
263.0915326684975,1.9475000000000002,1000.0,0.0,75,1500000,2,0.02368062362074852,0.00024375000000000064,16.909053087996217,0.03607396215844614,0.0005262745596385136,41.4207068556033,10.5,13.25089693069458,3.917583703994751,17.168484449386597,-2.875328064533278e-08,-7.748603841895019e-11
272.41974000578426,2.9799999999999995,1000.0,0.0,76,1520000,7,0.020126689225435257,0.00024300000000000062,18.91660238607242,0.06922571210378534,-0.00617023165682471,44.01947462847112,14.5,12.519381284713745,11.787567138671875,24.30695152282715,1.0251999249533128e-08,-1.5735626135437997e-09
285.0174801823024,1.7774999999999999,1000.0,0.0,77,1540000,11,0.020552966743707657,0.0002422500000000006,16.359451204477754,0.036790262074746685,-0.009128719994826975,46.72022230473501,8.75,13.258796453475952,22.327909231185913,35.58670997619629,-3.19480886190604e-09,4.291534350109316e-10
321.0009750252801,2.5675,1000.0,0.0,78,1560000,13,0.020967582240700722,0.00024150000000000058,23.751389590666726,0.06927541357758744,-0.011867222668965612,49.658945259399864,17.0,12.88584280014038,24.332889080047607,37.218735456466675,2.150535571843193e-08,-7.867813067718998e-10
310.7387951431937,2.5249999999999995,1000.0,0.0,79,1580000,4,0.020863234996795654,0.0002407500000000006,19.812960625456544,0.034313045150508134,-0.0009773883952970464,52.04664918637504,8.5,12.271290063858032,8.06643533706665,20.337730169296265,-1.0776520120714395e-08,-3.337859988405967e-10
310.97163637643655,2.8249999999999997,1000.0,0.0,80,1600000,4,0.020203473046422005,0.0002400000000000006,21.26806382782543,0.10013616126895059,-0.0026953334900767754,53.66782360869094,16.25,13.155137062072754,8.25297498703003,21.40811538696289,8.249283034444943e-09,-2.3603439203156995e-09
327.77093021302085,3.0650000000000004,1000.0,0.0,81,1620000,7,0.02363399602472782,0.00023925000000000058,19.96317116760435,0.0791728667230934,-0.0062920552428041565,55.94880725541979,15.0,12.268759727478027,12.749289751052856,25.01805067062378,1.7166137400437265e-09,-1.275539451839336e-09
355.860421433959,3.1425,1000.0,0.0,82,1640000,13,0.022270428016781807,0.00023850000000000057,24.399145093295814,0.09446401863010327,-0.009332002331755651,59.14216221799778,19.5,12.739424705505371,25.128326416015625,37.86775326728821,-2.55107881486083e-08,1.1205673056124965e-09
389.0972428143293,3.9199999999999995,1000.0,0.0,83,1660000,5,0.021426374092698097,0.00023775000000000057,24.948527571949334,0.0734502619709641,-0.003922991637295237,61.611844340071514,16.0,12.64549207687378,9.830710172653198,22.476205825805664,1.4066696252257316e-08,6.198883073516015e-10
406.8917335960724,4.1325,1000.0,0.0,84,1680000,10,0.020137406885623932,0.00023700000000000058,28.07479248046875,0.13232706563231852,-0.00780194787667118,64.28932236254025,25.0,12.870485782623291,17.44061517715454,30.311103105545044,3.4809113369504985e-09,-2.2649765396565158e-10
437.10600590231826,5.1425,1000.0,0.0,85,1700000,1,0.020468072965741158,0.00023625000000000057,28.615715633185147,0.10829827743478286,0.0043323809510102855,65.83152166494546,26.5,13.005563735961914,2.02489972114563,15.030466794967651,-2.956390465769232e-09,-7.510185251469181e-10
474.5914056146835,6.262499999999999,1000.0,0.0,86,1720000,4,0.021375808864831924,0.00023550000000000057,33.23082572126541,0.17200348771418245,-0.0032117130181279047,67.89285715243307,36.5,12.981187582015991,7.7608232498168945,20.742013931274414,1.0204315614714687e-08,1.6689299942029834e-10
474.27832128364645,7.097500000000001,1000.0,0.0,87,1740000,6,0.022499943152070045,0.00023475000000000058,27.03558687051645,0.28083589973564915,-0.003061121652131906,70.24790202619168,34.5,12.813010931015015,11.779221057891846,24.592236518859863,4.291534350109316e-10,-1.59740443095302e-09
502.5380211392532,6.857499999999999,1000.0,0.0,88,1760000,5,0.02114635705947876,0.00023400000000000056,36.46754268061239,0.23284438516432865,-0.0043645705001208535,71.7852574991342,33.5,12.4566969871521,7.982544660568237,20.439244031906128,-2.474784821515641e-08,1.8119812317252126e-09
517.6653895508784,7.719999999999999,1000.0,0.0,89,1780000,9,0.023041505366563797,0.00023325000000000057,37.89228100077582,0.2890028776068678,-0.0063201908786200255,73.98354520516739,44.75,12.69394040107727,17.234325170516968,29.928269147872925,-1.5258788677030566e-09,8.583068700218632e-10
547.3126654070022,9.317499999999999,1000.0,0.0,90,1800000,9,0.02159148082137108,0.00023250000000000058,36.35618047270743,0.2965282347922127,-0.0058082566653762805,76.3625245938963,44.75,13.290903329849243,16.897958040237427,30.18886423110962,1.3160705414350105e-08,-1.3828277412031298e-09
527.9072065848853,7.227499999999999,1000.0,0.0,91,1820000,2,0.021380707621574402,0.0002317500000000006,34.18027629486669,0.3588033522874974,0.003513815234781216,77.7779234011714,36.25,13.180197477340698,3.9213335514068604,17.10153555870056,-4.482269222449986e-09,-1.9669532669297496e-09
564.789514293708,9.187499999999998,1000.0,0.0,92,1840000,11,0.022368185222148895,0.0002310000000000006,45.3575520514057,0.39588605892318923,-0.006478768460411441,80.13836478688431,55.0,12.727983713150024,20.924413442611694,33.65240025520325,3.290176353587526e-09,-8.583068700218632e-10
598.4572165398257,12.055,1000.0,0.0,93,1860000,9,0.02074439637362957,0.00023025000000000058,49.35069478298698,0.49519163835892915,-0.005682096632450745,82.37416248639764,66.5,12.916476249694824,16.53566551208496,29.45214557647705,1.3351440841802287e-08,5.388260060357197e-09
672.9032814825965,14.710000000000003,1000.0,0.0,94,1880000,5,0.020186545327305794,0.0002295000000000006,55.24546528532863,0.5269750995281787,-0.002601826462460259,84.0448794916415,64.25,12.614458560943604,9.577226161956787,22.191686630249023,-6.580352707175052e-09,-2.38418573772492e-09
644.1187405433801,12.09,1000.0,0.0,95,1900000,7,0.021247396245598793,0.0002287500000000006,48.11033021386276,0.4805952026311092,-0.004626320301168711,86.30502290085863,67.5,12.649493932723999,14.407021045684814,27.056517839431763,-3.6239624634504253e-09,-5.1200390593919565e-09
661.6167850319108,12.882500000000002,1000.0,0.0,96,1920000,6,0.02218843810260296,0.0002280000000000006,53.68509975916788,0.5325790783102774,-0.004040091598795229,88.57691401033736,63.5,12.704945087432861,12.033914566040039,24.738864421844482,-8.583068700218632e-10,2.2053718851111626e-09
668.0893542780757,13.845000000000002,1000.0,0.0,97,1940000,9,0.02029087021946907,0.00022725000000000062,61.289665156152175,0.7184052095663518,-0.005619841711585736,90.9168986414272,83.0,12.310375690460205,16.791022062301636,29.101398706436157,-1.5258788677030566e-09,5.912780931538464e-09
724.5172743417785,19.3375,1000.0,0.0,98,1960000,7,0.021472088992595673,0.0002265000000000006,63.56817825435776,1.0071594917994555,-0.003440985705836118,92.82623817168758,103.25,12.72178316116333,13.95511269569397,26.676898956298828,1.9645691295977485e-08,-4.768371808516747e-10
752.6290983372899,22.6625,1000.0,0.0,99,1980000,7,0.020703401416540146,0.00022575000000000058,75.45487187802111,1.4856415410555426,-0.0032902783944833867,95.53082361399774,113.0,12.626719236373901,14.036263465881348,26.66298508644104,-6.580352707175052e-09,2.6702879907247734e-09
794.1424912938198,23.1275,1000.0,0.0,100,2000000,7,0.020097805187106133,0.00022500000000000056,80.17900293507788,1.4326506639005712,-0.0038055472951790464,97.9039899407321,124.25,12.798721313476562,13.91854977607727,26.71727228164673,-2.1362303925798187e-08,-1.6212463593845428e-09
1093.3423409204538,22.634999999999998,1000.0,0.0,101,2020000,4,0.022800380364060402,0.00022425000000000057,84.86747562237822,1.4021037517549892,0.0022639437718465685,98.54024860272392,94.75,12.928629398345947,7.542453765869141,20.471085786819458,-3.433227480087453e-09,9.155273872352154e-09
1366.0696279827334,22.285,1000.0,0.0,102,2040000,3,0.0216833408921957,0.00022350000000000058,100.43063673399254,1.3019441707700459,-0.0013521737280213478,99.38516670852677,127.75,12.622552394866943,5.076542615890503,17.699097633361816,-3.1661986810149756e-08,-6.484985437538171e-09
1471.297084406077,29.517500000000002,1000.0,0.0,103,2060000,7,0.023847337812185287,0.00022275000000000056,105.48646822589437,1.3109066819611448,-0.005342757285137744,100.53342711093055,154.75,13.394959688186646,14.132710933685303,27.527673721313477,1.678466787780053e-08,-7.820129432900558e-09
1570.7564008866607,34.69,1000.0,0.0,104,2080000,6,0.026628345251083374,0.00022200000000000057,189.8705224523656,1.657016215201257,-0.004973629903379546,101.73772878514819,206.0,13.09469723701477,13.336747169494629,26.43144655227661,1.525878978725359e-08,1.2588500908350397e-08
1668.546342780266,48.9775,1000.0,0.0,105,2100000,1,0.020427601411938667,0.00022125000000000055,149.98649450917594,2.2890884683916743,0.0054342222932619024,102.90174873035176,270.5,12.50452184677124,1.8856043815612793,14.390127897262573,3.33786012163273e-08,-2.7656554379973386e-08
1765.9935501498499,61.0125,1000.0,0.0,106,2120000,1,0.021982934325933456,0.00022050000000000056,134.47371811303086,2.933606575091426,0.006943064374319566,103.90935823483208,349.5,12.624103546142578,1.9652137756347656,14.589320182800293,-4.501342942830888e-08,-5.464553964884544e-08
1849.730315781456,77.42500000000001,1000.0,0.0,107,2140000,1,0.02084953896701336,0.00021975000000000057,137.91718895519122,3.4593100349743144,0.004812834985232868,104.87080042049908,412.0,12.645281314849854,2.350353479385376,14.995638608932495,-9.918212917625624e-09,-7.629394338515283e-10
1908.0556090147984,86.595,1000.0,0.0,108,2160000,5,0.02014250122010708,0.00021900000000000055,88.17081050080613,4.173967660958774,-0.0009702490147250815,106.71670822289805,455.5,13.09884524345398,10.739495515823364,23.838343143463135,2.2888183792701966e-08,-2.6607512637610853e-08
1926.6290943026863,90.2325,1000.0,0.0,109,2180000,7,0.02161373198032379,0.00021825000000000053,150.0201289117309,4.273378355271301,-0.0044986604808968725,108.7812616965478,452.25,12.670198917388916,14.252575397491455,26.922779083251953,3.051757735406113e-09,-1.1062621929625038e-08
1955.2553589591976,99.37249999999999,1000.0,0.0,110,2200000,8,0.023486845195293427,0.00021750000000000054,141.06980221492415,4.793151810241583,-0.004540312637094432,110.53781829931485,535.5,13.095475196838379,17.115447521209717,30.210925579071045,-3.662109548940862e-08,-8.106232129989621e-09
2006.4649212041363,122.92249999999999,1000.0,0.0,111,2220000,6,0.020164165645837784,0.00021675000000000055,149.34823391054132,6.201754561374489,-0.0019994897574991686,113.05371881877018,700.0,13.091444492340088,12.529244661331177,25.62069320678711,-5.149841442175784e-08,-2.6893616222878336e-08
2066.0948878260515,142.785,1000.0,0.0,112,2240000,1,0.024853728711605072,0.00021600000000000053,147.7458399568503,7.086117820617871,0.005644536681306629,114.327455075785,700.5,12.77729082107544,2.1776490211486816,14.95494294166565,-7.629394338515283e-10,2.4604798198879507e-08
2097.2167743973273,155.81,1000.0,0.0,113,2260000,1,0.02764037996530533,0.00021525000000000054,188.6070483271687,8.233736147895788,0.006259956776488798,115.43131109853141,876.5,12.49000096321106,1.8799002170562744,14.3699049949646,-2.0980834847250662e-08,-2.8610228852699038e-08
2175.3974577972767,184.32,1000.0,0.0,114,2280000,1,0.03014538809657097,0.00021450000000000055,152.96682749007837,9.044535857800858,0.01128724039184114,115.97733092384216,958.0,12.565300941467285,2.1625401973724365,14.727845191955566,2.250671471415444e-08,2.8991699707603402e-08
2190.189270932285,190.76,1000.0,0.0,115,2300000,5,0.022982820868492126,0.00021375000000000053,168.9351637965193,9.515144073011015,-0.0010940489324982078,117.89191763880916,896.5,13.296580076217651,10.860012531280518,24.156596183776855,9.53674295089968e-09,-7.476806729300733e-08
2157.773072590838,179.14249999999998,1000.0,0.0,116,2320000,8,0.02214348129928112,0.00021300000000000054,211.07258470066057,10.231193693301167,-0.0035671551669828783,120.7539496863612,944.75,12.20475172996521,16.14663004875183,28.351382970809937,-9.53674295089968e-09,-5.683898862685055e-08
2145.2307454397733,189.3675,1000.0,0.0,117,2340000,1,0.020544856786727905,0.00021225000000000055,200.83502549485277,10.410161131106246,0.007269195529421012,121.99671950660193,943.75,12.994042873382568,2.099417209625244,15.093464136123657,-1.9836425835251248e-08,-9.117126609226034e-08
2179.476243558591,205.08499999999998,1000.0,0.0,118,2360000,4,0.02137986198067665,0.00021150000000000053,164.54820162038834,10.10189675142209,0.0017122503387899445,123.69380184941399,1115.25,12.830038785934448,7.108353614807129,19.938393354415894,9.918212917625624e-09,3.376007029487482e-08
2256.137921496141,235.185,1000.0,0.0,119,2380000,1,0.026447707787156105,0.00021075000000000054,196.73178678274917,11.5234374116404,0.00834359963552449,124.9819435144004,1118.5,12.634247064590454,2.0957422256469727,14.72999382019043,-4.577636936176077e-09,9.078979701371281e-08
2219.9143648947784,230.76500000000001,1000.0,0.0,120,2400000,1,0.021155977621674538,0.00021000000000000055,187.7401419082008,11.836662115761266,0.010651701012441811,125.70117248437656,1272.75,12.664391040802002,1.9898467063903809,14.654240131378174,-9.155273872352154e-09,-1.1444091541079615e-07
2290.9322330276464,250.7225,1000.0,0.0,121,2420000,2,0.02467546984553337,0.00020925000000000056,187.2504502683402,11.545539634296308,0.004765982680117932,127.17290864889614,1240.5,13.093622207641602,4.116847038269043,17.210472106933594,-6.484985437538171e-09,1.1043548653333346e-07
2283.3969026814734,251.10499999999996,1000.0,0.0,122,2440000,6,0.02563575468957424,0.00020850000000000054,168.94341459467262,11.838232690153031,-0.0019867191826617218,130.20498444757268,1262.75,12.716142892837524,13.397807598114014,26.11395573616028,-4.959106458812812e-09,1.3542175736347417e-07
2342.3810109847286,277.06,1000.0,0.0,123,2460000,1,0.021954286843538284,0.00020775000000000055,215.8050677753485,12.704151954894629,0.0036763042276992965,131.6042224530595,1493.5,12.525855541229248,1.9006001949310303,14.426457166671753,3.6239624634504253e-09,2.231597839852384e-08
2402.0580853216766,302.4775000000001,1000.0,0.0,124,2480000,3,0.03136080875992775,0.00020700000000000053,182.0605597247204,12.626639340759212,0.0021731644473113,132.93722864055533,1545.75,12.412935733795166,6.045989751815796,18.458927154541016,-9.53674295089968e-09,-3.271102855251229e-08
2394.57250573301,307.22999999999996,1000.0,0.0,125,2500000,3,0.02001851424574852,0.00020625000000000051,183.3199901966749,12.707522850320997,0.002837391454167069,134.2880039885402,1560.25,13.094096183776855,5.970117092132568,19.064216375350952,4.1961669694501325e-09,1.3847350999185437e-07
2437.605298379759,322.14500000000004,1000.0,0.0,126,2520000,2,0.020108187571167946,0.0002055000000000005,223.85310883567738,13.458008228399502,0.0012318544408169607,135.42990260992568,1597.75,12.48496150970459,3.411410093307495,15.896374702453613,1.1444091896350983e-08,-2.6702879907247734e-09
2341.946080693726,290.825,1000.0,0.0,127,2540000,5,0.020342150703072548,0.00020475000000000048,194.94173335358738,12.455843767342857,-0.002324562801863439,137.59414536351213,1422.0,13.029297351837158,10.66321325302124,23.692513704299927,-1.1062621929625038e-08,-1.3256072683986986e-08
2430.5162965871573,326.3225,1000.0,0.0,128,2560000,4,0.028418423607945442,0.00020400000000000049,227.2668157309389,14.394896408239493,0.00025014283050732396,140.07187346680857,1654.75,12.419925928115845,7.814948081970215,20.23488140106201,7.629394893626795e-09,4.081726245885875e-08
2364.674366363245,298.685,1000.0,0.0,129,2580000,6,0.021260401234030724,0.0002032500000000005,234.82306461313917,13.355512164525203,-0.0018861927570630345,142.1057014830958,1452.5,13.086647272109985,12.12719440460205,25.213844299316406,7.629394893626795e-09,6.256103546320446e-08
2404.4836768911296,312.1225,1000.0,0.0,130,2600000,1,0.020873453468084335,0.0002025000000000005,249.10308252889126,13.606044949053194,0.007180559605110092,143.55589733184718,1601.5,13.226304054260254,2.1025874614715576,15.328896522521973,-4.1961669694501325e-09,-9.689330937590057e-08
2350.3865719564715,308.18,1000.0,0.0,131,2620000,4,0.02276880480349064,0.0002017500000000005,230.24709862718186,13.97381235920964,-0.0006417858768804981,145.82953556048602,1567.75,12.415034532546997,8.44068694114685,20.85572361946106,2.6702879907247734e-09,3.4904481083231076e-08
2408.9172304923895,330.93999999999994,1000.0,0.0,132,2640000,1,0.024178829044103622,0.00020100000000000052,181.82047318041134,14.148154447634761,0.008069394251551872,147.65311073571348,1743.75,12.263400316238403,2.0378565788269043,14.30126142501831,-2.174377478070255e-08,3.814697180359872e-08
2501.431959053153,361.7375,1000.0,0.0,133,2660000,1,0.024186009541153908,0.00020025000000000053,292.9436717536122,15.415193318558957,0.0051507310876355,147.87725293826753,1836.75,13.017916679382324,2.2145156860351562,15.232434272766113,7.2479249269008506e-09,-7.724761985627993e-08
2448.4721161993675,361.75250000000005,1000.0,0.0,134,2680000,5,0.020350197330117226,0.00019950000000000054,239.5153323383758,14.824847092186682,-0.001253035358382395,148.82176506846858,1743.0,12.512523174285889,10.785486459732056,23.29801368713379,-9.918212917625624e-09,-1.5258788677030566e-09
2436.537619381934,354.32499999999993,1000.0,0.0,135,2700000,6,0.021827327087521553,0.00019875000000000052,220.33413854726967,15.635148231721661,-0.0022322895269170483,151.23338559996714,1782.0,12.56065583229065,12.362820386886597,24.923481464385986,6.484985437538171e-09,-2.0599365768703137e-08
2499.0085940947297,376.54749999999996,1000.0,0.0,136,2720000,5,0.022755872458219528,0.00019800000000000053,204.08748438777252,15.334777549585214,0.0008337753789184002,155.17346263556433,1945.75,11.912811756134033,10.973115682601929,22.885931491851807,1.1444091896350983e-08,5.340575981449547e-09
2413.664927371062,350.175,1000.0,0.0,137,2740000,7,0.026835884898900986,0.00019725000000000054,229.94600544646144,16.0869958373522,-0.003212062445597146,157.19063537124083,1608.75,12.968498945236206,15.509020805358887,28.477522611618042,1.1444092340440193e-09,1.907348590179936e-08
2459.5857091026364,369.3175,1000.0,0.0,138,2760000,1,0.027121499180793762,0.00019650000000000052,219.1027094929363,18.524109173125733,0.007925133432109897,158.76022216991876,2051.75,13.182493448257446,2.050426483154297,15.232922315597534,1.5640258865801115e-08,1.7166136956348055e-08
2568.5648080966416,395.59499999999997,1000.0,0.0,139,2780000,1,0.02482820861041546,0.00019575000000000053,237.44743170448766,15.398955905780245,0.01033986748728794,159.94069713068467,1952.75,12.443387746810913,2.076380968093872,14.519773006439209,-6.103515470812226e-09,-3.204345588869728e-08
2517.3191371079533,378.3225,1000.0,0.0,140,2800000,1,0.023509807884693146,0.0001950000000000005,268.9366109805366,16.026665599201433,0.00638927377688999,161.0048941712791,1849.75,12.552719831466675,2.003142833709717,14.555864095687866,-3.8146971692576415e-10,-3.662109548940862e-08
2436.4033762824847,360.4,1000.0,0.0,141,2820000,1,0.02408331073820591,0.00019425000000000052,224.0350341431249,15.648191458120133,0.008257069110203855,161.35422381806296,1745.0,13.002595901489258,1.9382123947143555,14.940812349319458,0.0,6.866454960174906e-09
2429.0509711601617,361.2625,1000.0,0.0,142,2840000,5,0.02082121931016445,0.00019350000000000053,266.22991427339304,16.236521620948476,-0.0007286994096141654,162.59109342044917,1915.0,12.553048610687256,10.2482168674469,22.801267385482788,-6.866454960174906e-09,1.9836425835251248e-08
2441.4732586421924,367.0325,1000.0,0.0,143,2860000,5,0.022722406312823296,0.00019275000000000054,237.40105698558088,14.835511321533984,-0.0008733299688790172,165.29129565546688,1807.75,12.938904285430908,9.364115715026855,22.30302405357361,3.8146971692576415e-10,6.866454960174906e-09
2526.453647290365,386.88000000000005,1000.0,0.0,144,2880000,1,0.022276047617197037,0.00019200000000000055,265.55383838251373,17.68401611955783,0.007361187729032371,166.83684040106144,1954.0,12.409513473510742,1.8689661026000977,14.278481721878052,-7.629394338515283e-10,-5.41687015243042e-08
2580.996467959598,401.51000000000005,1000.0,0.0,145,2900000,1,0.024564580991864204,0.00019125000000000056,232.89171032402842,14.542818227895914,0.00802198736615979,167.66937626360323,2048.75,13.014605045318604,2.2611680030822754,15.275774002075195,3.433227480087453e-09,-4.959106547630654e-08
2569.4132374465926,407.86250000000007,1000.0,0.0,146,2920000,5,0.02140815742313862,0.00019050000000000056,240.20087810674795,17.89767198379809,-0.0005537691424948911,170.21636145838534,2039.25,12.487849950790405,11.069674491882324,23.5575270652771,1.0490417423625331e-08,2.231597839852384e-08
2436.5056343616025,380.10249999999996,1000.0,0.0,147,2940000,6,0.02091282606124878,0.00018975000000000057,233.66336864963,14.86422198623641,-0.0014025593700663001,172.65210799439646,1862.0,12.35653281211853,12.637841939926147,24.99437713623047,-6.484985437538171e-09,5.6457519548303026e-08
2526.778585886009,396.89,1000.0,0.0,148,2960000,1,0.021777605637907982,0.00018900000000000058,249.13158007246997,17.007769086490423,0.005728856978801111,174.48489077632038,2002.0,12.819861650466919,1.992170810699463,14.812033414840698,-3.814697446813398e-09,-2.9373168786150927e-08
2551.8985638850686,406.51,1000.0,0.0,149,2980000,2,0.02057092823088169,0.0001882500000000006,195.85835784692733,18.027813036982625,0.0046949610210800415,175.9700432433107,2014.5,12.593709945678711,4.339410066604614,16.93312382698059,1.5449524326527353e-08,7.438659821445981e-08
2420.437302170988,372.2975,1000.0,0.0,150,3000000,2,0.020683208480477333,0.0001875000000000006,240.6390512850338,16.222145525411296,0.002860294083674876,177.35405743388702,1906.5,12.14455509185791,3.9187495708465576,16.063305616378784,3.433227480087453e-09,-6.256103546320446e-08
1182.197895380683,195.67999999999998,1000.0,0.0,151,3020000,1,0.048604026436805725,0.0001867500000000006,266.5473946519553,6.577007953541728,0.013927089770476277,36.17664572377555,1.75,12.712321043014526,1.9295852184295654,14.641908168792725,-2.8848648980783764e-07,-1.4495849853801701e-08
-84.27283577184568,0.63,1000.0,0.0,152,3040000,1,0.031216967850923538,0.0001860000000000006,167.9734270199419,6.764977604436417,0.012121000739272695,36.65173746907292,5.25,12.579545259475708,2.2115838527679443,14.791133403778076,3.0899048653054706e-08,-1.270294234245739e-07
-66.2844944987951,0.8300000000000001,1000.0,0.0,153,3060000,1,0.0394270159304142,0.0001852500000000006,150.25011247263168,3.880291514122448,0.011107190080677358,37.00910151423738,2.5,13.329088687896729,1.9372942447662354,15.26638650894165,2.479553229406406e-09,-7.667541268574496e-08
-51.94282896260889,0.41,1000.0,0.0,154,3080000,2,0.02070312760770321,0.00018450000000000058,85.4601206886121,4.2797826947971656,0.006561818619306309,37.52285329069193,1.25,13.256465196609497,4.260313510894775,17.51678204536438,-1.6212464259979242e-08,2.7351379117135366e-07
-38.74277022447381,0.4025,1000.0,0.0,155,3100000,1,0.02912965416908264,0.0001837500000000006,70.90483817201073,2.536548456730553,0.007486787376205285,38.13859806731105,4.0,12.668741464614868,1.7394025325775146,14.408147096633911,6.132125918156817e-08,5.493163968139925e-08
11.819461814287372,0.7675,1000.0,0.0,156,3120000,1,0.029464831575751305,0.00018300000000000057,50.413896975045006,2.852591225133536,0.009705195926091138,38.637061963066124,3.5,11.859592914581299,1.9347808361053467,13.794377326965332,1.5764236138693377e-07,-1.907348590179936e-08
41.09043674885909,0.625,1000.0,0.0,157,3140000,3,0.03211405500769615,0.00018225000000000058,35.25828134416899,2.2373227579112505,0.005856229640499821,39.37962535496591,1.25,12.74327802658081,6.500765323638916,19.244046688079834,-5.5694581391207976e-08,5.9509275729396904e-08
38.40492043817886,0.49749999999999994,1000.0,0.0,158,3160000,1,0.02196471020579338,0.0001815000000000006,39.29519451616671,2.820012772616487,0.0039021880589068508,40.130151974126555,4.75,13.070684432983398,2.280970811843872,15.351659297943115,3.52859501617786e-08,5.149841442175784e-09
88.99955875021723,1.035,1000.0,0.0,159,3180000,1,0.020517468452453613,0.0001807500000000006,45.7151609975309,1.8756621427143725,0.0044004008227501055,40.72053409612979,4.75,12.72783374786377,2.1698687076568604,14.897704839706421,1.4495849853801701e-08,7.858276518390994e-08
136.33824019262642,1.0299999999999998,1000.0,0.0,160,3200000,7,0.020171072334051132,0.0001800000000000006,55.43176913946962,3.1003591902435015,-7.543077612476826e-05,41.86916689957619,5.75,12.623904466629028,13.86840033531189,26.49230718612671,-2.489090000779015e-08,-1.1444091896350983e-08
145.4437876031495,0.7575000000000001,1000.0,0.0,161,3220000,2,0.03557441383600235,0.00017925000000000062,47.01494956854433,2.3524037679306233,0.004303497277176418,43.00701457623857,2.25,12.955960273742676,3.672048568725586,16.628010988235474,7.2479249269008506e-09,-1.2588500908350397e-08
166.52034785323036,0.85,1000.0,0.0,162,3240000,3,0.03378784656524658,0.00017850000000000063,52.13100073512751,2.0281948488963426,0.0033845720575632443,44.25453565879879,5.5,13.16195011138916,6.496206760406494,19.658161163330078,4.863739189175931e-09,1.0299682884351569e-07
209.07440864460136,1.185,1000.0,0.0,163,3260000,2,0.025233061984181404,0.00017775000000000063,60.66214176184072,2.8981766337975143,0.004476606929168915,45.30058768153572,7.0,12.910156726837158,4.152711391448975,17.06287145614624,-1.1634826435624745e-08,-1.5258788677030566e-09
245.55165980366527,1.1199999999999999,1000.0,0.0,164,3280000,2,0.024571727961301804,0.00017700000000000064,55.2266315332236,2.4368304060147215,0.004271450314890986,46.48889569047922,4.0,13.426070213317871,3.767716884613037,17.193791389465332,1.907348723406699e-09,6.866454960174906e-09
266.34255427119325,0.9574999999999999,1000.0,0.0,165,3300000,2,0.032233353704214096,0.00017625000000000065,54.696443716177164,2.024091942717854,0.002589924713245596,47.71078385179416,5.5,12.81987977027893,4.493894100189209,17.31377863883972,-4.4345855876315454e-09,7.867813067718998e-09
292.0808780140258,1.2100000000000002,1000.0,0.0,166,3320000,1,0.02437140978872776,0.00017550000000000066,45.49198352643095,2.4928908659912907,0.005392296712833662,48.99573002531886,6.25,12.653571128845215,2.1449763774871826,14.798548936843872,-5.149841442175784e-09,6.866454960174906e-09
329.5866917949469,1.1350000000000002,1000.0,0.0,167,3340000,1,0.02050039917230606,0.00017475000000000067,55.21332596666135,2.4217021817597337,0.006535761815588029,50.10226071147492,5.5,13.287563562393188,2.171522617340088,15.459087610244751,-3.910064716450279e-09,-4.76837147544984e-09
358.38821575740764,1.1625,1000.0,0.0,168,3360000,4,0.027171066030859947,0.00017400000000000068,42.368467448999326,1.8135192744410076,0.003112691136957786,52.15928217854363,6.5,12.835368633270264,9.052632093429565,21.888004302978516,1.0681151962899094e-08,1.907348723406699e-09
350.1630597033163,1.2,1000.0,0.0,169,3380000,5,0.024253910407423973,0.0001732500000000007,75.69904724035781,3.1243701222605598,0.0016360299138072582,54.200919890479916,5.5,12.430462837219238,10.49069857597351,22.921165704727173,6.484985437538171e-09,5.722046170220096e-10
373.8592433163321,1.0125,1000.0,0.0,170,3400000,3,0.02001483179628849,0.0001725000000000007,50.67266839304671,1.6162783082681722,0.004658462392925994,56.177691076764155,4.75,12.860291719436646,5.862084865570068,18.7223801612854,1.5258788677030566e-09,-1.5640258865801115e-08
398.29917743725105,1.3350000000000004,1000.0,0.0,171,3420000,1,0.020378490909934044,0.0001717500000000007,60.982340553698066,2.7451873367872484,0.00656530547875185,57.060024956163886,8.0,12.983522415161133,2.110379695892334,15.093905687332153,5.722046170220096e-10,1.1444092340440193e-09
410.98204793004925,1.1024999999999998,1000.0,0.0,172,3440000,1,0.021036390215158463,0.0001710000000000007,63.42230942759651,2.405415331688933,0.005836715891261023,57.79153541101815,3.75,12.646397113800049,1.7439756393432617,14.390374898910522,7.2479249269008506e-09,4.577636936176077e-09
402.04734101438237,1.095,1000.0,0.0,173,3460000,2,0.023664817214012146,0.00017025000000000067,82.9465572430303,2.98724155082775,0.0037625481968912218,59.11851414933372,7.25,12.876963376998901,4.341176271438599,17.218143463134766,3.0994415922691587e-09,7.629394338515283e-10
417.6174539277484,1.8675000000000002,1000.0,0.0,174,3480000,5,0.0210499856621027,0.00016950000000000065,85.37688482607516,3.366424782626545,0.001812517204985451,61.29026995527859,11.25,13.118062257766724,10.224879264831543,23.34294366836548,6.294250454175199e-09,1.3732909920349812e-08
436.5712462413435,3.04,1000.0,0.0,175,3500000,1,0.0382789745926857,0.00016875000000000066,82.97145415114137,1.965224230060943,0.006185276191324567,62.69455448430948,16.75,12.733145236968994,1.8766930103302002,14.609841108322144,-2.574920721087892e-09,-5.722046170220096e-10
452.99710124136726,3.15,1000.0,0.0,176,3520000,2,0.025936108082532883,0.00016800000000000064,92.64945874960658,4.14640632847818,0.005184781493636937,63.94898159283038,16.75,13.096713781356812,4.268714427947998,17.36543107032776,-1.0871887390351276e-08,1.0681151962899094e-08
444.2949064810118,3.345,1000.0,0.0,177,3540000,1,0.026032933965325356,0.00016725000000000065,103.69740799669259,3.1998532051666855,0.0054244901612996105,64.97677614742194,17.0,12.71455192565918,1.8758454322814941,14.590400695800781,-3.910064716450279e-09,0.0
462.84490881957197,3.25,1000.0,0.0,178,3560000,1,0.020827870815992355,0.00016650000000000063,100.26616773209251,3.292446568084601,0.0065954662301538946,65.39808513409794,17.0,12.650388240814209,2.042253255844116,14.692645072937012,-1.5258788677030566e-09,1.19209286886246e-09
472.07886557583953,4.742500000000001,1000.0,0.0,179,3580000,5,0.0225897878408432,0.00016575000000000064,87.2577698564377,3.455173716253747,0.0017725534383029031,66.56971242983882,28.5,13.26675271987915,9.484091758728027,22.75084662437439,-9.155273872352154e-09,-1.9454956756703723e-08
470.6361705170372,4.1425,1000.0,0.0,180,3600000,3,0.023135636001825333,0.00016500000000000065,107.45928752968233,3.209897398837585,0.00451381721645911,68.91418799094626,12.5,12.889747858047485,6.449147701263428,19.338896989822388,1.6212463593845428e-09,-3.051757735406113e-09
486.0318146833891,4.215,1000.0,0.0,181,3620000,3,0.022336769849061966,0.00016425000000000066,107.5744899073348,2.9193858689012617,0.003909660454420918,71.11487199907232,28.75,12.738183736801147,6.358383417129517,19.096571445465088,7.2479249269008506e-09,7.629394338515283e-10
503.92986897764956,4.3549999999999995,1000.0,0.0,182,3640000,1,0.033307407051324844,0.00016350000000000067,131.8349995201769,2.445780599793306,0.003017061485197788,72.0312924613587,16.5,13.049957752227783,2.2868967056274414,15.336859464645386,2.336502102906479e-09,4.959106458812812e-09
509.2373998903813,3.2725,1000.0,0.0,183,3660000,1,0.02003239095211029,0.00016275000000000068,122.56852113705473,3.405569308196394,0.004721358451194847,72.87131358868778,15.25,12.99260926246643,2.0755369663238525,15.068151473999023,6.294250454175199e-09,-2.2888184680880386e-09
493.0555087931207,2.45,1000.0,0.0,184,3680000,1,0.022778168320655823,0.00016200000000000069,137.42144920422245,3.048447119970672,0.005915063570964689,73.61959814492126,10.5,13.127945184707642,1.9656600952148438,15.093609094619751,-1.6212463593845428e-09,3.051757735406113e-09
491.6093419604143,2.5575,1000.0,0.0,185,3700000,1,0.02645144611597061,0.00016125000000000067,108.20259871498084,3.305823016709413,0.00516746765353714,74.09721194136257,13.75,12.072484731674194,2.073345899581909,14.145833253860474,1.5258788677030566e-09,-3.051757735406113e-09
499.6815542061116,2.7474999999999996,1000.0,0.0,186,3720000,2,0.021059386432170868,0.00016050000000000068,105.74642528131747,3.5792668384199327,0.00504759185986159,75.20118654878756,14.0,12.391026020050049,4.2432475090026855,16.634278059005737,-4.577636936176077e-09,0.0
509.4033442760281,3.1174999999999997,1000.0,0.0,187,3740000,4,0.021073875948786736,0.00015975000000000068,115.24608520806407,2.6169666817870003,0.00100588697096565,77.32031995267533,16.5,13.324448823928833,8.040822267532349,21.365273475646973,1.1444092340440193e-09,-3.4809113369504985e-09
532.9091124397548,2.78,1000.0,0.0,188,3760000,1,0.033813655376434326,0.0001590000000000007,90.9462414640969,1.3279353572537724,0.006342426710092603,79.03409357040454,14.0,12.767338037490845,2.41728138923645,15.184622287750244,-2.38418573772492e-09,3.051757735406113e-09
547.592843843366,2.5450000000000004,1000.0,0.0,189,3780000,1,0.033551886677742004,0.00015825000000000068,124.52029193171298,1.5678842699946687,0.005504870260604464,79.69875686694257,10.0,12.039711713790894,1.9404654502868652,13.980178356170654,5.340575981449547e-09,7.629394338515283e-10
572.9915711181768,2.9349999999999996,1000.0,0.0,190,3800000,2,0.025206806138157845,0.00015750000000000066,137.0850926374856,2.556996460682668,0.004501387434520613,81.00411832523041,19.5,13.103410482406616,4.366978883743286,17.47039246559143,1.0299682884351569e-08,1.5258788677030566e-09
581.4903423697812,4.072500000000001,1000.0,0.0,191,3820000,8,0.025832179933786392,0.00015675000000000067,113.95725869256468,1.1107407375491751,5.2071988680057775e-05,84.00646073825824,21.0,12.826182126998901,16.913076162338257,29.739262342453003,1.7166137400437265e-09,6.055831835993786e-09
604.421521288355,4.880000000000001,1000.0,0.0,192,3840000,2,0.02002386562526226,0.00015600000000000065,116.27619631983602,1.6571531779945088,0.003211065786503874,86.37112364601403,21.0,12.439510107040405,4.279358386993408,16.7188720703125,1.7166137400437265e-09,-1.5258788677030566e-09
602.6383355605682,4.45,1000.0,0.0,193,3860000,4,0.023144245147705078,0.00015525000000000066,99.65514384367215,2.7233859353457777,0.0029280176402974173,88.33967562910087,32.5,12.822199821472168,8.710954904556274,21.53315782546997,1.1444092340440193e-09,-7.629394893626795e-09
616.7799169782339,7.307500000000002,1000.0,0.0,194,3880000,2,0.026137372478842735,0.00015450000000000064,121.01069261928717,1.3892279583901261,0.0024529950464138397,90.78735416156415,34.0,13.126129150390625,4.050902605056763,17.17703628540039,1.0490417423625331e-09,-1.907348723406699e-09
629.4123863093015,6.625,1000.0,0.0,195,3900000,1,0.021101126447319984,0.00015375000000000065,84.5717252633823,2.2486796606653416,0.0049799618686135775,91.80291440921089,32.75,13.03345274925232,2.0705528259277344,15.104008197784424,-1.602172794434864e-08,-1.5258788677030566e-09
653.342748807862,6.467499999999999,1000.0,0.0,196,3920000,3,0.03203887492418289,0.00015300000000000066,159.3710161976921,1.7099253460526846,0.002063572521820363,93.17089048310464,36.5,13.323993444442749,6.560460329055786,19.884458780288696,3.433227480087453e-09,1.239776614703203e-09
664.0055903207008,10.215,1000.0,0.0,197,3940000,2,0.02074873447418213,0.00015225000000000066,100.93778816351113,2.3630120288402128,0.004462606774214595,94.21905778391293,57.25,12.967956066131592,4.235542058944702,17.203500986099243,5.149841442175784e-09,-4.1961669694501325e-09
658.494962003294,11.1875,1000.0,0.0,198,3960000,3,0.02031799405813217,0.00015150000000000067,97.56604917260151,2.8030715659974863,0.004626554516079628,96.07779537603116,56.75,12.610629796981812,6.253191947937012,18.86382532119751,6.484985437538171e-09,-5.7220459481754915e-09
652.435070034019,11.495,1000.0,0.0,199,3980000,5,0.02270331233739853,0.00015075000000000068,120.16995918529864,2.990388149280137,-0.0008844320077639514,98.59380434663913,60.5,13.080037117004395,10.420350313186646,23.500391244888306,-6.771087690538025e-09,3.051757735406113e-09
672.824806029322,12.639999999999997,1000.0,0.0,200,4000000,2,0.02524157054722309,0.0001500000000000007,138.98803753441516,1.6841041594267654,0.0023103959043138324,100.59540758955593,69.75,13.300572633743286,4.485919713973999,17.78649616241455,-2.0980834847250662e-09,-5.531310964812519e-09
293.6576839963467,7.3175,1000.0,0.0,201,4020000,8,0.0221807062625885,0.0001492500000000007,37.98189765433915,1.1655820181456427,0.0004531636025374249,102.28728607287422,3.25,13.726038217544556,17.513814687728882,31.239855766296387,-3.5476684701052363e-08,-1.365661574936894e-07
-64.16291817717622,0.5149999999999999,1000.0,0.0,202,4040000,1,0.025849584490060806,0.00014850000000000068,13.81985560240456,1.0028427132783226,0.00131033410350926,103.79832716871755,2.5,13.2317476272583,2.3238258361816406,15.555577039718628,9.231567332790291e-08,1.136779772537011e-07
-13.180490074956825,1.4049999999999998,1000.0,0.0,203,4060000,2,0.02252938598394394,0.00014775000000000066,12.155650013171066,1.7754630249576828,-0.00291870101637686,104.15325681546244,10.25,12.259844779968262,4.351876497268677,16.611722469329834,-4.701614386704023e-08,2.0599365768703137e-08
44.472106932622644,1.6149999999999998,1000.0,0.0,204,4080000,2,0.029190387576818466,0.00014700000000000065,11.980072818244228,0.9096961722920497,-0.0007174307876192152,104.89855256248207,5.75,12.767474889755249,4.6071507930755615,17.37462878227234,1.678466787780053e-08,-6.217956638465694e-08
78.97233729889537,0.795,1000.0,0.0,205,4100000,2,0.020466521382331848,0.00014625000000000065,10.918640116914013,1.2375589506313824,-0.0018468533267680639,105.76030598357082,3.25,13.550090074539185,4.048799991607666,17.59889245033264,6.484985437538171e-09,5.531310875994677e-08
139.07307539388142,0.585,1000.0,0.0,206,4120000,1,0.024098508059978485,0.00014550000000000066,10.147120699714929,0.8358221010992322,0.0002771781001704189,106.33682804290478,3.0,12.913156270980835,2.052652597427368,14.965811252593994,-2.1934509764065524e-09,-2.4604798198879507e-08
185.33946685242375,0.7350000000000001,1000.0,0.0,207,4140000,5,0.022164437919855118,0.00014475000000000067,12.957822027602516,0.8208360533839978,-0.004113748845921014,107.62732985621443,3.25,12.981041669845581,11.233086109161377,24.214131116867065,-3.814697446813398e-09,2.8228759774151513e-08
235.40903524332407,1.1300000000000003,1000.0,0.0,208,4160000,14,0.024935366585850716,0.00014400000000000065,12.36258335180992,0.3806766534350823,-0.011127833124706697,111.45232632496432,7.75,12.39978313446045,30.841045141220093,43.2408332824707,8.964538444899972e-09,-1.525878978725359e-08
303.4417611775799,1.9125,1000.0,0.0,209,4180000,9,0.020851537585258484,0.00014325000000000064,15.656040324359063,0.41768946877112406,-0.007276176103881045,115.77077202734306,8.75,13.10907244682312,20.755448818206787,33.864524126052856,-2.5177001816700795e-08,5.7220459481754915e-09
317.27563589667506,1.2925,1000.0,0.0,210,4200000,3,0.020573806017637253,0.00014250000000000064,14.273315333710691,0.16410609780631252,-0.0013773769950563598,118.31147868488543,9.0,12.957616806030273,6.976658821105957,19.934280395507812,-9.489059316081239e-09,7.343292196537732e-09
359.9885230398302,1.8850000000000002,1000.0,0.0,211,4220000,6,0.023356754332780838,0.00014175000000000063,13.760710261754207,0.1863194540841257,-0.0058324308630155405,121.39358692352002,8.0,12.552917003631592,12.99046516418457,25.543384552001953,8.201599399626502e-09,9.059906158626063e-10
393.23850740710077,1.8574999999999995,1000.0,0.0,212,4240000,10,0.022585010156035423,0.0001410000000000006,13.880903623355463,0.18549732979589376,-0.006974443971676329,124.81224622147532,10.75,13.407726764678955,21.617019176483154,35.024749755859375,-9.698867842189429e-08,-7.20024129208241e-09
451.64160450016,2.7675,1000.0,0.0,213,4260000,9,0.020276740193367004,0.0001402500000000006,17.630327117244192,0.1835552662780279,-0.006545324460479319,129.4787696131502,13.5,12.40876054763794,21.277482748031616,33.68624544143677,4.2724607851596375e-08,-1.729726761823258e-08
474.04240302077204,2.2725,1000.0,0.0,214,4280000,8,0.02047811448574066,0.00013950000000000057,17.47699881380739,0.37027753160272636,-0.005458614984214806,134.75765573178617,10.75,13.472437143325806,17.91148853302002,31.383931636810303,-4.949569643031282e-08,-2.0122527644161892e-08
506.5444873234681,3.3325000000000005,1000.0,0.0,215,4300000,8,0.020253432914614677,0.00013875000000000058,22.17414276763654,0.23047332343951868,-0.005590665882963616,139.76746244704762,25.0,13.278762102127075,16.64858055114746,29.92734932899475,1.2111663671987571e-08,6.461143620128951e-09
550.7325516316752,4.345,1000.0,0.0,216,4320000,21,0.022445952519774437,0.0001380000000000006,22.31798417365444,0.26231586157359726,-0.009550922182188113,147.06403637875457,16.25,12.698568105697632,47.28821516036987,59.98678660392761,5.7172776735114894e-08,-2.4318695945879654e-09
589.3987858405574,3.5675,1000.0,0.0,217,4340000,12,0.020542316138744354,0.00013725000000000057,25.42943488408963,0.16217387190308816,-0.007324877938432213,155.49454789979262,22.0,12.793771266937256,26.597583055496216,39.39135718345642,-3.271102855251229e-08,-6.794929507947245e-09
653.5482934024054,6.402500000000001,1000.0,0.0,218,4360000,15,0.024133460596203804,0.00013650000000000058,34.21035348569242,0.2847552930521635,-0.008110001615741557,162.15916748696876,43.0,13.008390426635742,33.750911712646484,46.75930643081665,2.1409988448795048e-08,-9.65595248203499e-09
688.2250071407775,10.452499999999999,1000.0,0.0,219,4380000,13,0.022271504625678062,0.0001357500000000006,38.89634106111749,0.32425158483869587,-0.006947699397171553,169.017514851088,56.5,13.198421716690063,29.216050624847412,42.414474964141846,-3.19957749184141e-08,3.6478042808596456e-09
752.333532419573,13.834999999999999,1000.0,0.0,220,4400000,10,0.023201927542686462,0.0001350000000000006,56.11207156562196,0.6064295304421419,-0.005994307735455803,174.0432892186954,77.0,13.249044179916382,24.20544981956482,37.454498529434204,1.4686584393075464e-08,-9.536743617033494e-10
791.5277478818074,15.1775,1000.0,0.0,221,4420000,10,0.020409192889928818,0.0001342500000000006,55.105456959782316,0.5307558350574475,-0.0045884961330781154,178.48130926552673,73.5,12.743436336517334,23.144105672836304,35.88754439353943,2.0980834847250662e-08,-1.7166137400437265e-09
825.124063545426,14.6625,1000.0,0.0,222,4440000,15,0.025871990248560905,0.0001335000000000006,52.414660744875256,0.5657953837206061,-0.008442558133548187,184.5971881675517,79.0,12.777459383010864,35.85677218437195,48.6342339515686,3.032684503523342e-08,-1.6689301052252858e-09
904.5294120129138,21.47,1000.0,0.0,223,4460000,10,0.02094908058643341,0.00013275000000000057,81.13255467094933,0.8997508775026273,-0.00522681442595209,191.1346739845154,119.75,12.355602502822876,23.311014413833618,35.66661787033081,-3.9482117131228733e-08,-1.6307831529616124e-08
918.0216490832132,21.2575,1000.0,0.0,224,4480000,22,0.0220082588493824,0.00013200000000000058,89.13208936585474,0.9486234525963556,-0.008601248579712721,196.82510091674698,106.5,12.761605978012085,49.4858877658844,62.24749517440796,2.2888184680880386e-09,3.814697446813398e-09
991.37768210221,25.622500000000002,1000.0,0.0,225,4500000,18,0.022546935826539993,0.00013125000000000056,101.92854580796269,1.1582295887851952,-0.007046523519663056,203.4389051302638,145.0,13.059066772460938,40.58327078819275,53.64234209060669,9.012222079718413e-09,-1.4972686201986107e-08
1066.672196323191,27.502500000000005,1000.0,0.0,226,4520000,17,0.020719388499855995,0.00013050000000000057,107.31826068682456,0.9721739243977143,-0.006333703244673122,210.80411117889227,135.5,12.633736848831177,38.09265184402466,50.72639346122742,3.6239624634504253e-09,5.340575981449547e-09
1141.0760087802244,35.9375,1000.0,0.0,227,4540000,20,0.020726779475808144,0.00012975000000000055,112.63774962074841,1.3217519263918407,-0.007614103035247043,219.23886190054895,192.0,12.749765634536743,46.20054006576538,58.95030927658081,1.1634826435624745e-08,1.0824203755532835e-08
1174.1078551183914,37.325,1000.0,0.0,228,4560000,11,0.020838016644120216,0.00012900000000000053,111.60385950284055,1.3209855595266546,-0.0036591264835012156,224.61792762882655,193.0,13.773627281188965,25.80873966217041,39.58236813545227,-3.604888831887365e-08,9.775162013170302e-09
1152.877789322259,35.1625,1000.0,0.0,229,4580000,7,0.020637724548578262,0.00012825000000000054,108.38698926792466,1.2813400022518902,-0.0021920312951148467,227.957143305644,184.0,12.43185567855835,16.647106647491455,29.078965663909912,7.629394338515283e-10,-6.866454960174906e-09
1250.3527087615387,42.3975,1000.0,0.0,230,4600000,12,0.020053748041391373,0.00012750000000000055,107.6696571384629,1.4733931423661808,-0.004930531376222976,231.72664776803077,225.5,12.676363229751587,28.117863655090332,40.794230222702026,3.8146971692576415e-10,-3.528594971768939e-09
1341.1482403188288,49.65,1000.0,0.0,231,4620000,14,0.02020855061709881,0.00012675000000000056,150.78023565789437,1.8690578511783056,-0.005571495225361456,236.39395981844785,262.25,12.6669340133667,33.37270450592041,46.03964042663574,1.4877318932349226e-08,-1.19209286886246e-09
1410.670936904659,54.089999999999996,1000.0,0.0,232,4640000,6,0.020016539841890335,0.00012600000000000054,158.4186055850678,2.0260984792559547,-0.002133899955009532,241.05757186613397,293.75,13.368569135665894,13.966979503631592,27.335552215576172,-1.1444091896350983e-08,9.250641141989036e-09
1355.1678586708247,52.0825,1000.0,0.0,233,4660000,12,0.020293503999710083,0.00012525000000000055,139.22201453788847,1.7781606753762411,-0.005794556133540326,244.1896852284067,258.75,13.681583642959595,27.61672019958496,41.2983078956604,-5.7220459481754915e-09,-1.9073485846288207e-10
1392.932945887614,57.61999999999999,1000.0,0.0,234,4680000,16,0.021341197192668915,0.00012450000000000053,130.26330465325913,2.0249914980639283,-0.005998127229079179,250.05492777108384,303.0,13.353436470031738,37.54600238800049,50.89944243431091,9.346008411625917e-09,3.452301200468355e-08
1450.4003443118213,67.00750000000001,1000.0,0.0,235,4700000,11,0.020268743857741356,0.00012375000000000054,133.37328122571358,2.2767865147626645,-0.004966717720574897,256.1225516579368,328.75,13.349411010742188,24.07998752593994,37.42940402030945,-1.7738342350526182e-08,-8.01086397217432e-09
1426.7351310358515,60.9575,1000.0,0.0,236,4720000,12,0.021746085956692696,0.00012300000000000052,135.75665391164338,2.0075694519998675,-0.006620631625697798,261.10627115267914,290.0,13.411060094833374,27.330086946487427,40.74114990234375,-2.00271599304358e-09,2.1934509764065524e-09
1472.541224310588,69.99,1000.0,0.0,237,4740000,10,0.02426539547741413,0.00012225000000000053,128.00292371439096,2.760771739520966,-0.004829426220180794,266.4523468212579,417.0,13.085289239883423,23.522947072982788,36.608240365982056,-2.0408631229429375e-08,3.204345588869728e-08
1591.0797769160558,82.1325,1000.0,0.0,238,4760000,6,0.021655233576893806,0.00012150000000000053,131.97134701664837,2.8956776875149584,-0.0027694525603796094,270.801953901752,381.75,13.158759593963623,13.716769218444824,26.87553358078003,1.9454956756703723e-08,2.6988983492515217e-08
1597.596736820545,86.89,1000.0,0.0,239,4780000,7,0.022432507947087288,0.00012075000000000052,139.08774604431738,3.2221141830528777,-0.003138931205224999,277.8390681633716,468.75,13.20220398902893,14.635613679885864,27.837820768356323,-8.869171175263091e-09,-1.525878978725359e-08
1532.524800609982,80.02000000000001,1000.0,0.0,240,4800000,4,0.022263040766119957,0.00012000000000000052,130.2018129604693,2.8323774751002033,0.0005866950734878501,283.3133987085507,374.5,12.766440153121948,9.504764795303345,22.2712082862854,-5.912780931538464e-09,1.4495849853801701e-08
1638.1429072183448,100.50750000000002,1000.0,0.0,241,4820000,7,0.022125903517007828,0.00011925000000000051,173.80275787256016,4.035922710289427,-0.004579702843429494,289.1364799997459,557.5,13.356621980667114,15.692843675613403,29.0494704246521,-3.051757735406113e-09,-1.525878978725359e-08
1638.0498296979747,102.71499999999999,1000.0,0.0,242,4840000,10,0.022214384749531746,0.00011850000000000051,185.03330991214838,4.106207403816735,-0.005356189969498605,295.18553444371815,462.0,13.439737558364868,23.9072105884552,37.3469512462616,8.77380390562621e-09,-2.632141082870021e-08
1533.9548206951126,89.66000000000001,1000.0,0.0,243,4860000,9,0.023351116105914116,0.0001177500000000005,136.17169538693602,4.113848893194703,-0.003721473096758471,300.497510558627,492.75,12.722258806228638,21.360941648483276,34.08320426940918,-9.536743617033494e-10,-1.1539459165987864e-08
1669.611711264238,108.68999999999998,1000.0,0.0,244,4880000,11,0.021035870537161827,0.0001170000000000005,140.0493759323683,4.924164804856929,-0.0051541477965200205,305.84619351580085,645.25,13.109442472457886,24.43962550163269,37.549071073532104,-6.866454960174906e-09,1.2207030941624453e-08
1787.052910643729,134.5825,1000.0,0.0,245,4900000,13,0.020757758989930153,0.0001162500000000005,187.92429686588747,5.396527196711186,-0.005768462608832272,312.4835391903603,643.25,13.283046960830688,28.78404951095581,42.06710124015808,-4.577636936176077e-09,1.4114379887075756e-08
1699.4590423425966,124.67,1000.0,0.0,246,4920000,8,0.020013559609651566,0.00011550000000000049,179.96708203580815,5.642384084744956,-0.0035267049207176548,319.6082760868743,612.0,13.391077041625977,17.678968906402588,31.070049047470093,-3.814697446813398e-09,3.051757735406113e-09
1705.1276615961774,127.95250000000001,1000.0,0.0,247,4940000,11,0.022185616195201874,0.0001147500000000005,160.11667196410636,6.011306360125922,-0.004624357646519998,326.361776838876,692.5,13.562538146972656,26.431392431259155,39.99393391609192,-6.484985437538171e-09,-8.049011057664757e-08
1894.371269931728,158.07750000000001,1000.0,0.0,248,4960000,7,0.020374365150928497,0.0001140000000000005,176.9293204585693,6.561038856797978,-0.0026739315917891407,332.2799040926259,817.25,12.72966456413269,15.276565074920654,28.006232023239136,3.6239624634504253e-09,3.690719552196242e-08
1771.0887802203968,142.7525,1000.0,0.0,249,4980000,17,0.023861590772867203,0.00011325000000000049,167.4295208075512,6.107365800392984,-0.007035342886574179,340.23631718776613,719.75,12.597107410430908,39.533095359802246,52.130205154418945,-1.7166136956348055e-08,3.433227480087453e-09
1793.9128537570195,146.205,1000.0,0.0,250,5000000,10,0.021367156878113747,0.00011250000000000048,210.34290859843975,7.107862973517884,-0.0048549893665493435,348.77587464548907,796.75,12.96487545967102,23.77296781539917,36.737844467163086,-3.8146971692576415e-10,1.602172794434864e-08
2054.4237545011274,171.3125,1000.0,0.0,251,5020000,3,0.021543608978390694,0.00011175000000000048,155.65488854713968,9.484114089839883,0.005612463015404404,208.90101495159828,800.75,13.51910662651062,6.7693352699279785,20.28844666481018,-9.155273872352154e-09,-1.831054774470431e-08
2105.1689622382028,164.76000000000002,1000.0,0.0,252,5040000,10,0.023783007636666298,0.00011100000000000048,139.8391623707244,9.391425631526179,-0.002645492301688503,210.49149151396827,834.5,12.74340558052063,22.552396059036255,35.2958037853241,-8.583068700218632e-10,-1.7929076889799944e-08
2155.4864310579724,175.11999999999998,1000.0,0.0,253,5060000,7,0.02271796576678753,0.00011025000000000047,150.52734474763648,10.416118523890653,-0.0030088086711563297,212.17972514206065,944.5,12.705102443695068,16.72278141975403,29.427889823913574,9.918212917625624e-09,2.2888184680880386e-09
2246.989116122179,215.89499999999998,1000.0,0.0,254,5080000,10,0.020396390929818153,0.00010950000000000047,151.74938958993735,11.823486421816646,-0.004946639345878491,213.15543826167195,1208.25,12.009642124176025,22.14331579208374,34.15296125411987,-2.7465819840699623e-08,3.814697180359872e-08
2336.657206405618,249.8475,1000.0,0.0,255,5100000,7,0.020662667229771614,0.00010875000000000046,159.0398315001383,14.623511529414962,-0.0035858038604167676,215.12490673404696,1249.25,13.510716676712036,16.317677974700928,29.828397750854492,3.128051773160223e-08,-6.103515914901436e-08
2382.023795849429,268.6075,1000.0,0.0,256,5120000,3,0.02026328630745411,0.00010800000000000046,142.02324871920422,14.568600256476032,0.001246364013102457,216.27923577484358,1453.25,12.897156238555908,6.453791379928589,19.350951671600342,-6.866454960174906e-09,-1.0948181028425097e-07
2434.2166499586715,294.7075,1000.0,0.0,257,5140000,9,0.020437685772776604,0.00010725000000000045,163.69119688310985,13.275569771383093,-0.004096928009542514,218.96122350614885,1429.0,12.721752166748047,19.979418992996216,32.70117449760437,-2.6702879907247734e-09,-2.3651123726153855e-08
2452.9912799654567,305.71,1000.0,0.0,258,5160000,1,0.02022828347980976,0.00010650000000000045,224.1240774892009,14.75435575966637,0.004816922365119472,220.3792565683968,1668.75,13.186905145645142,2.483471155166626,15.670381546020508,-5.149841442175784e-09,-5.817413395448057e-08
2502.6442900402462,329.8375,1000.0,0.0,259,5180000,9,0.021160082891583443,0.00010575000000000044,245.1076845278078,14.29694758250352,-0.0031151801461296374,221.99716006689644,1652.75,13.039732217788696,21.71746850013733,34.757203578948975,1.525878978725359e-08,-1.426696769613045e-07
2541.1060773230524,347.21750000000003,1000.0,0.0,260,5200000,11,0.020704371854662895,0.00010500000000000044,137.1131175526207,15.648405424218312,-0.003848965802020846,225.49637133764244,1760.0,12.633280038833618,25.011971950531006,37.645256996154785,2.2888184680880386e-09,-1.602172794434864e-08
2558.129862680727,355.93000000000006,1000.0,0.0,261,5220000,9,0.020112790167331696,0.00010425000000000043,86.02748202566649,14.67744334318725,-0.0031872908275655115,228.49494683289723,1782.5,12.634584188461304,20.648478984832764,33.283066511154175,-3.814697446813398e-09,-9.918212917625624e-09
2565.3242639237883,361.4625,1000.0,0.0,262,5240000,18,0.02123875729739666,0.00010350000000000043,120.8803513519807,13.665246220061574,-0.006772440344420549,232.41429198037915,1914.75,13.512994766235352,41.28303551673889,54.79603362083435,1.5258788677030566e-09,1.0223388358099328e-07
2677.1976897950194,414.88,1000.0,0.0,263,5260000,10,0.02044721320271492,0.00010275000000000042,101.00604327083015,13.883117010646735,-0.003833605916337512,237.1318328467421,2124.75,13.037970304489136,22.959537982940674,35.99751257896423,9.727478378351861e-09,7.324219097881723e-08
2684.441750163195,417.93500000000006,1000.0,0.0,264,5280000,8,0.02408088743686676,0.00010200000000000042,95.82073126052515,13.737220794248124,-0.0029642654725308784,241.8531781827299,2084.5,13.53063178062439,18.027408599853516,31.558042764663696,1.3732909920349812e-08,1.380920480187342e-07
2690.5122037611172,421.52250000000004,1000.0,0.0,265,5300000,10,0.020124956965446472,0.00010125000000000041,116.93494551356989,13.077100673803507,-0.0041404020671283424,244.89433620562568,2159.25,13.307954549789429,23.707218170166016,37.01517605781555,-3.051757735406113e-09,1.0070800726680318e-07
2729.118346513099,434.90500000000003,1000.0,0.0,266,5320000,3,0.020096782594919205,0.00010050000000000041,64.0757572673761,13.305533003375427,0.0027492261537339804,246.9447507035618,2157.25,12.945676803588867,6.702088117599487,19.647770166397095,-3.356933575560106e-08,-1.9836425835251248e-08
2751.421876430016,439.9175,1000.0,0.0,267,5340000,31,0.020432880148291588,9.97500000000004e-05,70.83567757160777,12.848367765541237,-0.008643887612814535,252.5195837145698,2247.0,13.37951111793518,72.07769799232483,85.4572126865387,1.9645691295977485e-08,4.730224745230771e-08
2784.6177804307,456.9375,1000.0,0.0,268,5360000,30,0.02305801399052143,9.90000000000004e-05,66.07565119177643,11.175839147984156,-0.008327237333550938,259.01896525130104,2291.25,13.385620832443237,70.21101665496826,83.59664011001587,2.8610229740877458e-09,4.577636936176077e-09
2789.548315114193,461.3999999999999,1000.0,0.0,269,5380000,9,0.02125139907002449,9.82500000000004e-05,124.71951584956474,14.30637872138682,-0.005826462409376403,263.8689140344199,2388.25,13.164582014083862,21.288501262664795,34.45308709144592,-1.907348723406699e-09,4.882812376649781e-08
2862.3729769932315,494.3175000000001,1000.0,0.0,270,5400000,5,0.02570360153913498,9.750000000000039e-05,92.00284345462299,12.66521821585707,-0.0013291533808774366,267.8225126126323,2513.5,13.499233484268188,11.113528966903687,24.61276626586914,2.9754637864698452e-08,3.204345588869728e-08
2867.921355547208,499.10249999999996,1000.0,0.0,271,5420000,9,0.02199084870517254,9.675000000000039e-05,78.22962987681082,11.156434433232565,-0.0026708365131049216,272.3529236143178,2479.5,13.124844551086426,18.956220865249634,32.08106827735901,-7.2479249269008506e-09,1.678466787780053e-08
2876.3527788671463,500.3974999999999,1000.0,0.0,272,5440000,10,0.023448633030056953,9.600000000000038e-05,89.95719985108786,11.02635789008948,-0.0037511743688450074,278.8081669914075,2525.0,12.798902988433838,23.376635551452637,36.175541400909424,3.814697446813398e-09,-4.234313877304885e-08
2896.6466476033133,509.26500000000016,1000.0,0.0,273,5460000,14,0.02409561537206173,9.525000000000038e-05,78.25232090508214,11.634778244590063,-0.005105391958543953,283.046255873415,2559.75,12.629048824310303,32.00716853141785,44.63622045516968,-5.340575981449547e-09,-1.068115267344183e-07
2881.5055877180666,499.91999999999996,1000.0,0.0,274,5480000,7,0.021216243505477905,9.450000000000037e-05,123.32265373431946,9.867884400227146,-0.002851972360264243,286.09668154000474,2466.5,13.040156602859497,16.721974849700928,29.76213550567627,9.536743617033494e-10,7.019043124500968e-08
2910.250295515908,511.8349999999999,1000.0,0.0,275,5500000,4,0.021292507648468018,9.375000000000037e-05,84.51898582293964,11.693108374699236,0.0003954972558544752,289.1770592832718,2592.75,13.642781496047974,9.315433025360107,22.95821785926819,4.1961669694501325e-09,-7.019043124500968e-08
2923.9214886616314,518.255,1000.0,0.0,276,5520000,16,0.02002018876373768,9.300000000000036e-05,75.51658402540433,10.277722436779985,-0.005977333996014613,295.03763379228,2658.5,13.671860456466675,38.178797006607056,51.85066294670105,2.1934509319976314e-08,-2.0980834847250662e-08
2948.850423115947,530.3225,1000.0,0.0,277,5540000,4,0.026303710415959358,9.225000000000036e-05,100.93982524079637,12.198712919847653,-0.001089775420430774,298.7012855846661,2581.0,13.083030462265015,8.794905185699463,21.877938985824585,5.722046170220096e-10,4.959106547630654e-08
2942.2367860276195,529.125,1000.0,0.0,278,5560000,13,0.02048514224588871,9.150000000000035e-05,98.65344605407189,11.966122429738263,-0.004734241662734218,301.22089252298485,2715.75,13.779786109924316,29.239887237548828,43.01967811584473,1.907348723406699e-09,-2.3651123726153855e-08
2973.1768154384,539.3000000000001,1000.0,0.0,279,5580000,1,0.020365344360470772,9.075000000000035e-05,85.82193010226607,11.182279988980522,0.0037010329144712265,302.7553511061988,2722.25,13.221579313278198,2.457439661026001,15.679022789001465,1.7166136956348055e-08,1.2626648526747886e-07
3003.2432706163886,552.3425,1000.0,0.0,280,5600000,18,0.02196365036070347,9.000000000000034e-05,76.20202509359049,10.713489135444947,-0.006870046542006266,308.5479952941179,2739.25,13.376771926879883,42.36529541015625,55.74207019805908,-4.577636936176077e-09,-4.882812376649781e-08
2972.418000460468,542.6775,1000.0,0.0,281,5620000,12,0.02001669630408287,8.925000000000034e-05,116.48176021342333,12.079228755511162,-0.005247803553824806,314.6580686884058,2740.25,13.22201919555664,28.596789360046387,41.81881308555603,-4.577636936176077e-09,2.4414061883248905e-08
3003.1198021076716,553.4125,1000.0,0.0,282,5640000,15,0.026758380234241486,8.850000000000034e-05,84.27037825132457,11.223474302535621,-0.005801235367390262,318.74594202011156,2789.25,12.905622243881226,35.85417938232422,48.75980544090271,1.4114379887075756e-08,2.2888183792701966e-08
3047.437869461038,572.0699999999999,1000.0,0.0,283,5660000,22,0.02081255614757538,8.775000000000033e-05,97.51831143711875,11.198806733680678,-0.005804350461557642,324.40007294702764,2886.5,13.545062780380249,50.41958141326904,63.96464824676514,7.2479249269008506e-09,6.103515470812226e-09
3047.465350720065,566.6324999999999,1000.0,0.0,284,5680000,7,0.023903362452983856,8.700000000000033e-05,110.30139245904238,11.334964793765453,-0.002698013226793665,328.5336637301077,2826.25,12.905690908432007,16.59711194038391,29.50280737876892,1.1444092340440193e-09,-2.2888184680880386e-09
3069.629478320244,579.3199999999999,1000.0,0.0,285,5700000,17,0.020080186426639557,8.625000000000032e-05,81.75193698297338,11.157876208276145,-0.005857733542737046,334.6984734523567,2872.75,12.945454835891724,38.94860792160034,51.894065618515015,8.964538444899972e-09,7.820129432900558e-09
3050.422565125123,571.8025,1000.0,0.0,286,5720000,24,0.021154241636395454,8.550000000000032e-05,87.79814353512245,11.717751801363068,-0.00839533877497761,344.20053419493,2936.5,13.05730676651001,55.67724370956421,68.7345540523529,9.536743617033494e-10,2.2888184680880386e-09
3121.3891186217325,597.1150000000001,1000.0,0.0,287,5740000,5,0.020046601071953773,8.475000000000031e-05,105.34558238678466,12.231733387346846,-0.0017292623339702907,350.1510033360685,3003.75,13.02849292755127,12.173594236373901,25.2020902633667,6.484985437538171e-09,3.814697180359872e-08
3115.928520419541,596.245,1000.0,0.0,288,5760000,11,0.020186694338917732,8.400000000000031e-05,88.73098981183108,12.496462197695712,-0.003954122234119636,353.7429334478187,2966.25,13.102493524551392,25.305129051208496,38.40762734413147,-3.433227480087453e-09,1.5640258865801115e-08
3122.637767205588,601.4325000000001,1000.0,0.0,289,5780000,10,0.020467789843678474,8.32500000000003e-05,84.40796702387996,8.30796806682794,-0.00488174716189218,357.4152513985436,3031.25,13.524278402328491,22.777558088302612,36.30184054374695,-1.0681151962899094e-08,-9.53674295089968e-09
3153.3198808430416,610.135,1000.0,0.0,290,5800000,8,0.020355546846985817,8.25000000000003e-05,82.08015315677412,10.929971013967982,-0.0027581234795440094,361.0204241816609,3070.0,13.368754625320435,19.201449871063232,32.570207357406616,5.149841442175784e-09,3.662109548940862e-08
3166.892124046167,617.245,1000.0,0.0,291,5820000,36,0.016886483877897263,8.175000000000029e-05,72.14034110161697,8.992967702562098,-0.010145377234499908,372.69721415570154,3100.5,13.380453109741211,83.58769845962524,96.96815514564514,-6.294250454175199e-09,3.9672851670502496e-08
3170.773917098468,619.8399999999999,1000.0,0.0,292,5840000,16,0.021304277703166008,8.100000000000029e-05,169.66780734214538,11.768084046892083,-0.006400404985261019,381.6133775071214,3098.5,13.456523418426514,37.57570719718933,51.03223443031311,-5.722046170220096e-10,4.0435789827597546e-08
3182.6560342885177,623.3175,1000.0,0.0,293,5860000,2,0.02022700384259224,8.025000000000028e-05,90.4735034083406,10.441704366153802,0.0042264527922418835,386.15020215701753,3182.5,13.448202133178711,4.698848485946655,18.147053003311157,5.7220459481754915e-09,-4.882812376649781e-08
3216.8151558866057,636.1075,1000.0,0.0,294,5880000,1,0.020317645743489265,7.950000000000028e-05,77.64041045070076,8.082827001333998,0.005955105913749423,387.6245711939023,3131.0,13.56248140335083,2.4645907878875732,16.02707576751709,-7.438659466174613e-09,2.9754637864698452e-08
3189.689104694877,621.8225,1000.0,0.0,295,5900000,13,0.020672937855124474,7.875000000000027e-05,84.71444108521918,8.95538919456587,-0.00465908958063923,392.0840757552339,3094.5,12.298650741577148,31.219605207443237,43.51826000213623,-7.629394893626795e-09,1.602172794434864e-08
3213.9491271546726,629.4375,1000.0,0.0,296,5920000,15,0.020301494747400284,7.800000000000027e-05,127.81969383491622,9.30085870668657,-0.005940081881353269,395.30242592321036,3187.25,12.834206581115723,35.08838653564453,47.92259669303894,1.0299682884351569e-08,-2.4414061883248905e-08
3226.6609385886663,638.1725,1000.0,0.0,297,5940000,25,0.020612958818674088,7.725000000000026e-05,114.7079707424176,10.981953488645463,-0.0076269797760749256,401.67576825126673,3196.0,13.275845289230347,57.575456380844116,70.85130524635315,-7.2479249269008506e-09,-7.629394893626795e-09
3221.010548440358,636.745,1000.0,0.0,298,5960000,30,0.02065691165626049,7.650000000000026e-05,85.76763426198747,9.628369361346268,-0.010563094914294243,412.8149717060776,3177.5,13.334845304489136,70.01431035995483,83.34916043281555,1.0108947456899386e-08,-1.525878978725359e-08
3255.549010297892,647.415,1000.0,0.0,299,5980000,21,0.021008431911468506,7.575000000000026e-05,64.12638208141759,10.159033269401956,-0.006743652673377123,421.27360922579675,3259.0,12.14668607711792,50.349233627319336,62.49592113494873,-1.4114379887075756e-08,-4.653930574249898e-08
3268.6933176798,648.4825000000001,1000.0,0.0,300,6000000,10,0.022857071831822395,7.500000000000025e-05,122.00788515901414,10.168697682432473,-0.005179296267522386,427.37997769974294,3260.25,13.53794527053833,23.815137147903442,37.3530855178833,-2.6702879907247734e-09,2.3651123726153855e-08
1799.8671940284742,309.65749999999997,1000.0,0.0,301,6020000,18,0.025137610733509064,7.425000000000025e-05,127.85309997720417,3.67651274443773,0.0015119897242735331,255.461500257899,0.0,13.834218502044678,41.53554129600525,55.36976361274719,-1.1568069169243245e-07,2.616882284200983e-07
466.5642059786745,0.04250000000000001,1000.0,0.0,302,6040000,17,0.027740204706788063,7.350000000000024e-05,78.69979358709658,2.987541695579598,-0.003366813817553487,257.92733595456826,0.25,13.57517671585083,39.36324882507324,52.938430070877075,8.735656820135773e-08,6.050109959687688e-07
477.17697466457855,0.04750000000000001,1000.0,0.0,303,6060000,2,0.029320599511265755,7.275000000000024e-05,169.0086904699429,2.8906981224735704,0.0002600837219208955,259.6311408582206,0.25,12.985731840133667,4.976475477218628,17.962211847305298,2.479553273815327e-08,1.1901855145879381e-07
479.58432872207794,0.11500000000000002,1000.0,0.0,304,6080000,9,0.02141009457409382,7.200000000000023e-05,156.5561955827409,2.901419425321717,-0.00044627540465807993,261.13574172166545,1.0,13.36217713356018,21.577962398529053,34.94014072418213,1.1444091541079615e-07,1.5363693250947108e-07
504.1874852713801,0.22000000000000003,1000.0,0.0,305,6100000,7,0.026187486946582794,7.125000000000023e-05,213.51276502517845,3.265502760531096,4.382964275906561e-05,262.7790602697514,1.0,13.681732177734375,16.483799934387207,30.165536165237427,5.435943695175638e-09,1.194000276427687e-07
526.4495863841458,0.20250000000000004,1000.0,0.0,306,6120000,2,0.02262096479535103,7.050000000000022e-05,250.8981296094462,2.446945053367569,0.002962342459714403,263.2046751564684,1.0,13.388813495635986,4.712670087814331,18.101487398147583,4.34875495614051e-08,1.214981040220664e-07
537.4849636036986,0.3450000000000001,1000.0,0.0,307,6140000,1,0.02778766117990017,6.975000000000022e-05,217.80326744847403,2.614289933881059,0.003363455773685306,263.83885763247554,2.0,13.640517711639404,2.5834596157073975,16.223981142044067,-4.634857120322522e-08,-6.570815713757838e-08
535.836661945345,0.225,1000.0,0.0,308,6160000,1,0.027770156040787697,6.900000000000021e-05,243.96160806710728,3.092557996987535,0.0010519663806254872,264.1380990610336,1.25,13.907759428024292,2.5281057357788086,16.43586826324463,-3.051757735406113e-09,-3.585815377959989e-08
563.104911224278,0.5349999999999999,1000.0,0.0,309,6180000,9,0.02063865214586258,6.825000000000021e-05,175.67671534843296,2.5643013563082495,-0.0005102382705374669,264.3590020290452,3.75,12.99630856513977,20.141294479370117,33.137606620788574,-2.956390332542469e-08,4.062652436687131e-08
568.2130248313576,0.73,1000.0,0.0,310,6200000,10,0.021200377494096756,6.75000000000002e-05,194.58678636063402,3.286190934883901,0.00010211735219209672,266.4579682956488,3.75,12.857218980789185,24.332387447357178,37.18960976600647,-3.0946733176051566e-08,-6.866454960174906e-09
572.8699509471176,0.8299999999999998,1000.0,0.0,311,6220000,3,0.020507918670773506,6.67500000000002e-05,181.329354394866,2.3705295992735476,0.002182694959094206,268.3737255092373,3.25,13.612169742584229,7.346151113510132,20.95832347869873,-4.730224745230771e-08,3.9768220716496216e-08
572.9523032102729,1.04,1000.0,0.0,312,6240000,10,0.020548569038510323,6.60000000000002e-05,205.1055653063253,2.8451468161405464,-0.0009724635150307379,269.08786939919565,6.75,13.886103630065918,20.18159294128418,34.06769919395447,-2.6702879907247734e-09,-8.392333938900265e-08
578.364731769061,0.8550000000000001,1000.0,0.0,313,6260000,2,0.023948101326823235,6.525000000000019e-05,211.6179769107709,2.3587787727387948,0.0014844918125175154,269.50295435506314,4.25,13.250523805618286,4.777490139007568,18.0280179977417,-2.6702879907247734e-09,5.340575981449547e-09
588.0818710814127,1.2275,1000.0,0.0,314,6280000,1,0.022582752630114555,6.450000000000019e-05,213.48488149551537,2.7451544150757714,0.005657139414260848,269.5822413630379,7.25,13.786685228347778,2.4152767658233643,16.201965808868408,1.1444091896350983e-08,3.814697446813398e-09
592.4573161471809,1.7375,1000.0,0.0,315,6300000,16,0.022703228518366814,6.375000000000018e-05,224.4830878618807,2.5365383610986294,-0.0017669439281299026,272.1950488715126,7.5,13.688716411590576,37.0929057598114,50.781625509262085,-4.00543198608716e-09,-4.00543198608716e-09
608.4222749389952,1.0924999999999998,1000.0,0.0,316,6320000,8,0.021905770525336266,6.300000000000018e-05,144.10562357506433,3.0530502630617864,-8.784155720270599e-05,273.65186236689266,6.0,13.02812910079956,19.111002445220947,32.139135122299194,9.536742923144104e-11,-1.907348723406699e-09
625.2789575593719,1.0250000000000001,1000.0,0.0,317,6340000,4,0.027173373848199844,6.225000000000017e-05,170.90626450011524,3.0001946704361004,0.0006680361325510394,274.188914070495,5.25,13.436501502990723,9.001992464065552,22.4384982585907,-2.7656554824062596e-09,-6.866454960174906e-09
641.5290199781305,1.6349999999999998,1000.0,0.0,318,6360000,4,0.025496629998087883,6.150000000000017e-05,116.03591943777407,1.1692101508378983,0.002974208504052315,274.93321191464753,8.75,13.273210525512695,9.771386861801147,23.04460072517395,5.149841442175784e-09,-9.53674295089968e-09
653.7113121573213,1.3625,1000.0,0.0,319,6380000,3,0.02337179332971573,6.075000000000016e-05,149.21268613955465,4.082626436623776,0.0015389739478223177,275.3403072986867,7.25,13.986932754516602,7.0877604484558105,21.074697017669678,3.433227480087453e-09,4.577636936176077e-09
639.7863861209695,1.1725,1000.0,0.0,320,6400000,21,0.024498911574482918,6.000000000000016e-05,152.65570990708835,3.073174133656523,-0.003148048589281368,276.825311727798,3.5,13.637044191360474,48.69113087654114,62.32817888259888,-1.7166137400437265e-09,0.0
651.4393749845183,1.525,1000.0,0.0,321,6420000,3,0.02345709130167961,5.925000000000016e-05,132.2866538294588,3.888558630554821,0.0026318702168110063,278.6059681462784,9.5,14.055409908294678,7.253641843795776,21.3090558052063,2.861023085110048e-10,0.0
663.4604755141379,2.0375,1000.0,0.0,322,6440000,1,0.026981020346283913,5.850000000000016e-05,116.2055160991681,3.3088470635513145,0.0038998306419450444,279.1717262146191,11.5,13.52280855178833,2.4397425651550293,15.962554693222046,1.9073485846288207e-10,4.577636936176077e-09
661.7960061328301,1.86,1000.0,0.0,323,6460000,7,0.021600963547825813,5.7750000000000164e-05,118.59135161834675,2.3143360280775687,-0.00019547795302594622,279.6209418167539,10.25,13.350761890411377,16.579729557037354,29.93049454689026,-4.577636936176077e-09,-3.051757735406113e-09
686.1348831798928,2.6149999999999998,1000.0,0.0,324,6480000,18,0.02544684149324894,5.700000000000016e-05,141.6778186898643,4.1537707208010755,-0.0018274145387890022,282.37807970788407,12.0,13.33899211883545,41.94295334815979,55.281949281692505,6.484985437538171e-09,-3.051757735406113e-09
677.4421884018001,1.6275000000000002,1000.0,0.0,325,6500000,1,0.028605109080672264,5.6250000000000154e-05,155.5034742111596,3.2356052813343346,0.003166356919922482,284.4070197644706,7.0,13.182964086532593,2.208524227142334,15.39148998260498,1.5258788677030566e-09,-6.866454960174906e-09
697.677638968479,1.9875,1000.0,0.0,326,6520000,5,0.029981674626469612,5.5500000000000156e-05,137.9953214090853,3.633144682541061,0.0011328580985649134,284.7496854641948,9.75,13.312139749526978,12.029259443283081,25.34140372276306,9.536742923144104e-11,-7.629394338515283e-10
681.0243197746147,1.6375,1000.0,0.0,327,6540000,4,0.02049143612384796,5.475000000000016e-05,140.93939994470762,3.3209225756172747,-4.000782508391161e-06,285.9201198492568,8.75,13.625505208969116,9.28910756111145,22.914616346359253,9.536743617033494e-10,-2.2888184680880386e-09
683.4037022540929,1.2325,1000.0,0.0,328,6560000,23,0.020631251856684685,5.4000000000000154e-05,153.10903722853408,3.598094031622483,-0.0034170643424246304,289.4405655816522,3.5,14.121769666671753,51.09271860122681,65.21449255943298,-4.577636936176077e-09,7.629394338515283e-10
686.3590062986575,0.8774999999999998,1000.0,0.0,329,6580000,29,0.03175408020615578,5.3250000000000156e-05,145.2205991239633,3.0824162342369235,-0.0019456346582802327,294.0885624218922,5.75,13.923805236816406,66.94088459014893,80.86469340324402,-5.435943695175638e-09,-3.051757735406113e-09
694.853911243011,1.545,1000.0,0.0,330,6600000,7,0.021604998037219048,5.250000000000016e-05,214.7361065300019,4.142659609214947,-0.0009410394725888382,297.48540318191783,8.75,12.955550909042358,16.345957279205322,29.30151128768921,7.629394338515283e-10,-2.2888184680880386e-09
705.2672180881657,2.2525000000000004,1000.0,0.0,331,6620000,1,0.028346216306090355,5.175000000000016e-05,170.89507852804167,3.759521186446991,0.002193874530732251,298.32657591603436,11.75,13.637124300003052,2.241455316543579,15.878583908081055,1.907348723406699e-09,-6.103515470812226e-09
701.4196805222635,1.9725000000000001,1000.0,0.0,332,6640000,16,0.02162768319249153,5.100000000000016e-05,176.47279348959938,2.9792529719408614,-0.001755705520216102,300.0726718780713,10.75,14.153694152832031,38.30059266090393,52.454291105270386,4.863739189175931e-09,-1.5258788677030566e-09
718.3987113355612,2.775,1000.0,0.0,333,6660000,13,0.021117376163601875,5.0250000000000164e-05,165.07505486714047,3.3462720535279904,-0.0017727416056318405,302.42472545729714,17.5,13.692660331726074,30.278509616851807,43.97117376327515,-1.1444092340440193e-09,4.1961669694501325e-09
748.6186971641503,4.8374999999999995,1000.0,0.0,334,6680000,33,0.028555987402796745,4.950000000000016e-05,191.095803015483,3.893893495011634,-0.004139333043815687,305.1534850081489,26.0,13.291078329086304,77.84758687019348,91.13866901397705,1.3351439953623867e-09,1.4495849853801701e-08
750.6710703826221,3.9200000000000004,1000.0,0.0,335,6700000,18,0.022949635982513428,4.8750000000000155e-05,183.31244993869996,3.5475115988656145,-0.0024422426298667337,308.63820261171537,20.75,13.754801511764526,44.237300634384155,57.992106676101685,-4.386901952813105e-09,7.629394338515283e-10
758.7659241991228,3.9449999999999994,1000.0,0.0,336,6720000,18,0.020356474444270134,4.800000000000016e-05,236.66950108491235,5.508759030733056,-0.0016225605570708882,312.1737661852581,15.25,13.398828506469727,42.065473556518555,55.464306116104126,-6.866454960174906e-09,-3.051757735406113e-09
760.4209528321263,3.3599999999999994,1000.0,0.0,337,6740000,34,0.020186688750982285,4.725000000000015e-05,213.10869963745765,3.838450138540258,-0.0047022210531503985,317.65230515137176,17.5,13.802018642425537,78.00651025772095,91.80853128433228,3.8146971692576415e-10,-9.918212917625624e-09
767.9285014948489,4.5,1000.0,0.0,338,6760000,19,0.020293159410357475,4.6500000000000154e-05,208.68002702890374,3.1986847345681078,-0.002268888137124921,322.6380639712069,24.75,13.31260633468628,43.93895101547241,57.25155997276306,3.2424927187690855e-09,7.629394338515283e-10
779.4056260345336,4.0025,1000.0,0.0,339,6780000,15,0.020433224737644196,4.575000000000015e-05,166.71275081147022,3.4927027434586715,-0.0028646285997761195,327.9507132468259,17.0,14.068286180496216,33.99956727027893,48.067856788635254,3.814697446813398e-09,-1.1062621929625038e-08
774.1272581368828,3.3975,1000.0,0.0,340,6800000,21,0.023637918755412102,4.5000000000000145e-05,221.09638258726397,3.3068456028297795,-0.003978754573241081,334.25761167734305,21.75,13.752140045166016,48.972065925598145,62.724209785461426,-4.959106458812812e-09,-4.1961669694501325e-09
807.1128787435924,5.05,1000.0,0.0,341,6820000,22,0.022929226979613304,4.425000000000014e-05,168.7384654148145,3.707226220036865,-0.004568090707939005,337.97300624487326,25.75,13.7503981590271,52.86340856552124,66.61381030082703,-3.1471252270875993e-09,-8.77380390562621e-09
814.6100218924532,5.6674999999999995,1000.0,0.0,342,6840000,18,0.0215732604265213,4.350000000000014e-05,213.02450843190826,1.7302512130390932,-0.003257179926610745,341.9142891880803,31.5,13.431232929229736,41.162209033966064,54.593446254730225,-1.1444092340440193e-09,-1.1444092340440193e-09
825.9680277656693,5.1125,1000.0,0.0,343,6860000,21,0.020070873200893402,4.275000000000014e-05,152.90798440785525,2.256617606323222,-0.0036547826490943487,347.9298819387121,20.5,13.669314622879028,46.62985610961914,60.29917621612549,-9.536742923144104e-11,-3.8146971692576415e-10
825.3838377473888,5.155,1000.0,0.0,344,6880000,35,0.020284323021769524,4.200000000000013e-05,206.58974098055833,1.6458136628529407,-0.004711660284951537,354.5997493435726,30.25,13.859635591506958,83.1850016117096,97.04464077949524,1.8119812317252126e-09,-2.6702879907247734e-09
853.7642891443686,7.1825,1000.0,0.0,345,6900000,36,0.01912381872534752,4.125000000000013e-05,132.87216260723497,1.698063268306717,-0.004711687665726602,359.1473308342503,38.0,13.542829275131226,84.90765500068665,98.45048832893372,-8.869171175263091e-09,-8.77380390562621e-09
863.9079842910575,8.0875,1000.0,0.0,346,6920000,36,0.014447666704654694,4.0500000000000124e-05,150.98354176726798,1.3494776355186633,-0.005149531889706685,364.53686542395883,42.25,13.648897171020508,84.49893951416016,98.14784145355225,-2.8610229740877458e-09,7.2479249269008506e-09
872.6298531899171,8.430000000000001,1000.0,0.0,347,6940000,20,0.027337372303009033,3.9750000000000126e-05,154.64287666527989,0.7629820609245056,-0.004341084424766322,370.0538719494122,42.0,13.608967304229736,46.26680564880371,59.87577748298645,-7.20024129208241e-09,-3.8146971692576415e-10
875.4191970411733,9.889999999999997,1000.0,0.0,348,6960000,36,0.01855248399078846,3.900000000000012e-05,139.25434855488882,0.8937865233046813,-0.005306120128307593,377.7767706299911,58.0,13.600454092025757,84.83078241348267,98.43124079704285,-1.9073485846288207e-10,-3.6239624634504253e-09
903.4385789806595,13.2125,1000.0,0.0,349,6980000,36,0.012259982526302338,3.8250000000000117e-05,89.86540070924092,0.9112113689475442,-0.006596417067192936,385.4999962001986,66.25,13.924570083618164,82.33975648880005,96.26433038711548,4.76837147544984e-09,6.484985437538171e-09
917.1930420816273,14.4725,1000.0,0.0,350,7000000,36,0.010301651433110237,3.750000000000011e-05,81.75696905310119,0.9852013588745119,-0.005822331227160815,392.0151160405721,82.25,13.587649822235107,82.73847222328186,96.32612538337708,-5.435943695175638e-09,4.1961669694501325e-09
1943.2346222104177,256.3075,1000.0,0.0,351,7020000,36,0.01151696965098381,3.675000000000011e-05,128.1801557408862,6.946550504383484,-0.008886312543154013,189.0558353054384,2388.0,13.59994101524353,85.30560874938965,98.9055540561676,2.6702879907247734e-09,-6.217956638465694e-08
2918.2897080895955,497.0550000000001,1000.0,0.0,352,7040000,36,0.0145261837169528,3.60000000000001e-05,128.09646617854196,12.016081390120181,-0.01193522272980648,194.4875609709686,2507.25,13.472168684005737,82.81148290634155,96.28365421295166,-1.708984314063855e-07,2.1095276281357656e-07
2912.3926156713865,494.8624999999999,1000.0,0.0,353,7060000,36,0.01217647548764944,3.52500000000001e-05,124.47279453345297,15.895803201016612,-0.011518942892708585,200.14356485054685,2518.75,13.176868677139282,85.2479019165039,98.42477297782898,4.558563304613017e-08,-1.30462652236929e-07
2954.794337700266,512.4124999999999,1000.0,0.0,354,7080000,36,0.013355978764593601,3.450000000000009e-05,129.03977452434881,16.19921110659827,-0.01235850491307006,205.50117980854114,2596.5,13.727727890014648,84.83324027061462,98.56097102165222,1.9645691295977485e-08,-1.396179243329243e-07
2975.291349161594,519.8374999999999,1000.0,0.0,355,7100000,36,0.012231233529746532,3.375000000000009e-05,151.37273947939536,19.799915613330846,-0.011216869570037504,210.35646498452954,2656.25,13.222038745880127,83.23119831085205,96.45323944091797,1.7929076889799944e-08,4.0054320038507285e-07
3046.299471838892,549.365,1000.0,0.0,356,7120000,36,0.011317149735987186,3.3000000000000084e-05,159.24648047458376,17.49442180755251,-0.009771583020065725,214.71481960514652,2727.0,12.995727062225342,84.7921872138977,97.78791785240173,-1.4877318932349226e-08,-1.1444091896350983e-08
3022.843548543536,540.1,1000.0,0.0,357,7140000,36,0.012893008068203926,3.2250000000000086e-05,162.78298161323502,20.155090927485247,-0.01055252315009305,218.9155036850436,2700.25,13.074534177780151,82.70772743225098,95.78226256370544,2.5939941750152684e-08,-9.002685885661776e-08
3042.8434193361386,546.6449999999999,1000.0,0.0,358,7160000,36,0.011816155165433884,3.150000000000008e-05,142.26866076337052,19.456020211936483,-0.010809141543493326,225.52154322994232,2800.75,13.126202583312988,84.0508234500885,97.17703008651733,0.0,1.0070800726680318e-07
3093.784125894192,566.1875,1000.0,0.0,359,7180000,36,0.014359132386744022,3.0750000000000077e-05,80.64092088820539,13.112046698411813,-0.011287798730386728,233.34478320066583,2784.0,13.285818338394165,82.02877020835876,95.31459164619446,-1.0108947456899386e-08,-1.411438006471144e-07
3102.242872437447,574.135,1000.0,0.0,360,7200000,36,0.01294537354260683,3.0000000000000075e-05,103.01738356646807,12.226484763524953,-0.010362524029476133,238.038062958587,2969.25,13.278061389923096,82.81439900398254,96.0924642086029,-2.231597839852384e-08,-1.194000276427687e-07
3152.2636399733874,595.9375,1000.0,0.0,361,7220000,36,0.011932509951293468,2.9250000000000074e-05,196.16040165525064,14.99797216955973,-0.008907046059570033,241.31826660622085,2951.5,13.169726610183716,85.646413564682,98.81614398956299,2.8228759774151513e-08,-3.204345588869728e-08
3137.578479321587,589.875,1000.0,0.0,362,7240000,36,0.014682109467685223,2.8500000000000073e-05,116.9597931002995,12.667252126466225,-0.01023449366340294,245.48869190615545,3013.75,13.556150197982788,85.31809711456299,98.87425088882446,2.6702881683604573e-08,4.653930574249898e-08
3149.4006324841566,593.6025,1000.0,0.0,363,7260000,36,0.012349945493042469,2.775000000000007e-05,133.7274879930203,12.300503938110069,-0.011449522620382235,249.7760859493842,2897.25,13.79252552986145,84.3145694732666,98.10709929466248,-3.433227480087453e-09,8.85009754370003e-08
3147.8509563075195,589.8225,1000.0,0.0,364,7280000,36,0.01175515167415142,2.700000000000007e-05,152.85141678164518,11.9492807075577,-0.00980769072406068,254.06379874259562,2968.0,13.451169490814209,83.94144558906555,97.39261841773987,3.8146971692576415e-10,-6.103515470812226e-09
3137.7240959168544,587.015,1000.0,0.0,365,7300000,36,0.012377106584608555,2.625000000000007e-05,185.34465399218402,14.999262052856949,-0.009460479739142508,259.0755549177956,2942.0,13.357401132583618,82.96434688568115,96.32175207138062,1.354217538107605e-08,-2.7465819840699623e-08
3165.228438682295,600.3925000000002,1000.0,0.0,366,7320000,36,0.012233100831508636,2.5500000000000068e-05,99.04911358372557,16.994100387823426,-0.011716343454140006,264.83817789052705,3036.25,13.827507972717285,85.11789035797119,98.94540309906006,-1.754760781125242e-08,6.866454782539222e-08
3190.1977856156873,612.5124999999999,1000.0,0.0,367,7340000,36,0.011250981129705906,2.4750000000000066e-05,172.3379878931787,12.610742609087017,-0.009103589556478314,269.90795946375124,3073.75,13.373265504837036,83.51302886009216,96.88629961013794,6.294250454175199e-09,-1.068115267344183e-07
3224.7508555890427,622.8,1000.0,0.0,368,7360000,36,0.01291495468467474,2.4000000000000065e-05,100.33382098743328,12.816818792979937,-0.010916431240984898,274.80353138808204,3179.5,13.05748438835144,84.46046376228333,97.51795220375061,2.326965287124949e-08,9.346008056354549e-08
3234.010906805851,628.7524999999999,1000.0,0.0,369,7380000,36,0.010510017164051533,2.3250000000000064e-05,154.23827579506417,14.524701240006008,-0.008823044986515245,279.1096775893163,3153.25,14.048059225082397,84.41865611076355,98.4667181968689,-3.814697446813398e-09,-2.3651123726153855e-08
3250.9860348319585,632.5275000000001,1000.0,0.0,370,7400000,36,0.011313162744045258,2.2500000000000062e-05,109.54796229062201,14.341686871316698,-0.00951568507780326,283.6738647119687,3184.75,13.743580102920532,85.47574424743652,99.21933007240295,-1.4877318932349226e-08,-1.2969970875076342e-08
3282.813444482076,647.4575000000001,1000.0,0.0,371,7420000,36,0.01111671794205904,2.175000000000006e-05,97.6741161485238,12.86131537904289,-0.011263538285111133,289.26267565807467,3238.5,13.441076755523682,84.36013698577881,97.8012170791626,1.1444092340440193e-09,1.907348590179936e-08
3312.5882579582053,658.2274999999998,1000.0,0.0,372,7440000,36,0.011492276564240456,2.100000000000006e-05,140.35784077771302,15.632564746660673,-0.010393782398194162,295.3504232014584,3334.0,12.908672571182251,84.93129348754883,97.83996844291687,-1.7929076889799944e-08,-7.629394893626795e-09
3321.353147597777,661.97,1000.0,0.0,373,7460000,36,0.010290130041539669,2.025000000000006e-05,189.1598998807109,11.598566810480449,-0.008610725822332185,303.66822437398775,3275.0,13.422119617462158,85.33924961090088,98.76137280464172,-5.7220459481754915e-09,4.577636936176077e-09
3311.8302347123417,658.1299999999999,1000.0,0.0,374,7480000,36,0.011506861075758934,1.9500000000000057e-05,138.06947234221118,11.858982886961686,-0.00977682217675895,312.9139966412897,3315.75,13.707680702209473,85.96008682250977,99.66777157783508,-1.9073485846288207e-10,2.8228759774151513e-08
3325.3657351753377,661.43,1000.0,0.0,375,7500000,36,0.011725520715117455,1.8750000000000056e-05,459.77037948490585,16.891324434248233,-0.009176068381501996,318.4178747137176,3319.5,13.409410953521729,86.05179476737976,99.46121096611023,-7.629394338515283e-10,-1.5258788677030566e-09
3325.888279056742,663.1300000000001,1000.0,0.0,376,7520000,36,0.011462530121207237,1.8000000000000055e-05,97.75565392758604,17.55837971228084,-0.009904147793381333,323.59969120750117,3303.5,13.804310321807861,86.23929858207703,100.043612241745,3.814697446813398e-09,6.103515470812226e-09
3332.7801481426163,665.275,1000.0,0.0,377,7540000,36,0.011297517456114292,1.7250000000000053e-05,131.4851241001729,10.818573170809362,-0.009635876878565984,328.20266622882554,3357.75,13.366749286651611,85.14087200164795,98.50762557983398,7.629394338515283e-10,9.155273872352154e-09
3345.5691028686515,674.4350000000001,1000.0,0.0,378,7560000,36,0.011988627724349499,1.6500000000000052e-05,218.3071403750554,12.266818558488453,-0.009340100406417322,331.8094409025854,3400.75,12.381781101226807,84.70852541923523,97.09030938148499,7.629394338515283e-10,3.8909913513407446e-08
3376.3402350576202,685.31,1000.0,0.0,379,7580000,36,0.010253195650875568,1.575000000000005e-05,243.41211916277246,10.064840215294337,-0.008598010797439725,335.57151485953636,3412.0,13.381185531616211,85.54868125915527,98.92987012863159,-1.7166137400437265e-09,-3.204345588869728e-08
3396.0317167952053,689.795,1000.0,0.0,380,7600000,36,0.009451713413000107,1.5000000000000048e-05,498.5267855725815,12.144986108680714,-0.007975581396200615,340.05206712391686,3524.0,13.107083320617676,84.20331501960754,97.31040215492249,3.051757735406113e-09,4.0435789827597546e-08
3438.468899894278,707.5825000000001,1000.0,0.0,381,7620000,36,0.009923220612108707,1.4250000000000045e-05,172.94003940280297,10.952419995436399,-0.007874964464621643,344.756087094958,3527.5,13.151279211044312,84.88194680213928,98.0332293510437,-1.1825561863076928e-08,-4.1198731537406275e-08
3416.6218106802435,699.0875,1000.0,0.0,382,7640000,36,0.009799853898584843,1.3500000000000044e-05,175.80854272622355,9.792121497332987,-0.009424557860935405,350.4495452052107,3450.5,13.57086992263794,84.6013240814209,98.17219710350037,-6.103515470812226e-09,3.051757735406113e-09
3395.131292832527,692.0125,1000.0,0.0,383,7660000,36,0.00886270496994257,1.275000000000004e-05,166.2225638179014,10.608564412314545,-0.009143206489058843,354.7392137748873,3490.0,13.382106065750122,83.99774217605591,97.37985110282898,4.959106458812812e-09,-4.959106458812812e-09
3426.6251658876436,705.4350000000002,1000.0,0.0,384,7680000,36,0.010482384823262691,1.2000000000000038e-05,321.51121709801265,12.351816843556392,-0.008058240213705409,356.39034726512233,3516.75,13.081716060638428,84.75082087516785,97.83253812789917,-5.722046170220096e-10,-2.5939941750152684e-08
3420.7066519997434,702.8149999999999,1000.0,0.0,385,7700000,36,0.009126674383878708,1.1250000000000035e-05,159.4195517010836,10.694823640752102,-0.008862635115893669,359.6525678055736,3528.25,12.934513807296753,81.36452865600586,94.29904580116272,-4.577636936176077e-09,-1.831054774470431e-08
3426.5093733509043,702.435,1000.0,0.0,386,7720000,36,0.009458324871957302,1.0500000000000032e-05,354.8966122227101,12.901675743480332,-0.007285600084403809,361.53978153184073,3521.5,12.855398178100586,83.00623440742493,95.8616373538971,-7.629394338515283e-10,-1.602172794434864e-08
3413.8023417809513,698.09,1000.0,0.0,387,7740000,36,0.009814808145165443,9.75000000000003e-06,344.62327511834474,12.714896082201028,-0.010036736813586775,363.0242124455255,3493.5,12.438674926757812,83.75932145118713,96.19799900054932,-9.536743617033494e-10,-3.2424928519958485e-08
3439.5990102749965,704.78,1000.0,0.0,388,7760000,36,0.009197068400681019,9.000000000000029e-06,311.6584041183791,12.329636503586245,-0.007854411566257163,365.724052602533,3537.75,12.356112480163574,83.12722373008728,95.48334002494812,3.051757735406113e-09,-3.356933575560106e-08
3453.3640469755346,709.6524999999999,1000.0,0.0,389,7780000,36,0.007664552424103022,8.250000000000026e-06,205.61436278607601,12.428460257291201,-0.007382577019289449,368.10396633886216,3554.0,12.833600997924805,81.96339058876038,94.79699492454529,-7.629394338515283e-10,-6.103515470812226e-09
3459.2677687615405,714.89,1000.0,0.0,390,7800000,36,0.0083004804328084,7.500000000000023e-06,174.11293391077749,11.796221237699742,-0.008270511422421186,370.77204338726443,3588.25,12.733243703842163,83.32220482826233,96.05545258522034,-3.8146971692576415e-10,2.0599365768703137e-08
3448.1347395175226,708.51,1000.0,0.0,391,7820000,36,0.007497500628232956,6.750000000000021e-06,114.88504142189093,14.644204696887005,-0.008584867906628588,373.6531014379813,3506.0,12.660520315170288,84.53732824325562,97.19785213470459,-1.907348723406699e-09,-2.7465819840699623e-08
3459.072272371713,710.5425,1000.0,0.0,392,7840000,36,0.008057408966124058,6.000000000000018e-06,282.3788089061571,15.446515233604714,-0.008132577550752132,376.5342811744265,3587.0,13.41519284248352,82.49430918693542,95.90950751304626,-3.814697446813398e-09,0.0
3474.332600694606,723.2499999999999,1000.0,0.0,393,7860000,36,0.008019765838980675,5.250000000000016e-06,178.36177040712184,12.07548897643863,-0.00828155068609398,379.438727086683,3627.75,12.781750917434692,82.52589130401611,95.30764532089233,4.577636936176077e-09,1.907348590179936e-08
3497.743966288842,733.3925,1000.0,0.0,394,7880000,36,0.007143717724829912,4.500000000000014e-06,247.03002458250094,14.583172993792004,-0.007244871574111665,381.70820223070604,3695.0,12.757264137268066,83.22835087776184,95.98561596870422,4.577636936176077e-09,-1.1444091896350983e-08
3509.2136399757533,734.0074999999999,1000.0,0.0,395,7900000,36,0.006777069065719843,3.7500000000000115e-06,111.51215693846551,12.32726051513718,-0.008203648077352962,383.7703608417071,3653.25,13.349236488342285,83.65327334403992,97.00251364707947,3.8146971692576415e-10,1.2969970875076342e-08
3514.215244341892,735.6399999999999,1000.0,0.0,396,7920000,36,0.007395119406282902,3.0000000000000094e-06,353.83420794154887,11.512237855039846,-0.007056764107218021,384.76203970728,3674.0,13.203027963638306,84.13383626937866,97.33686804771423,3.433227480087453e-09,-1.3732909920349812e-08
3496.734823573481,730.555,1000.0,0.0,397,7940000,36,0.007002479396760464,2.2500000000000073e-06,247.9583171223934,16.46342799616571,-0.007824098166669456,386.22225140729694,3654.25,12.725090026855469,80.31432247161865,93.03941464424133,-1.907348723406699e-09,3.051757735406113e-09
3505.8771779905946,732.2899999999998,1000.0,0.0,398,7960000,36,0.0057423654943704605,1.500000000000005e-06,250.9154596491236,18.473390928641845,-0.005635902840418647,387.41248895159674,3654.75,12.220562934875488,80.53917789459229,92.75974464416504,-4.577636936176077e-09,2.1362303925798187e-08
3478.69983687371,720.7825,1000.0,0.0,399,7980000,36,0.005023512057960033,7.500000000000025e-07,156.7076293392134,11.143218959884353,-0.0050749694096014755,388.2349738113246,3612.75,11.8657808303833,76.51194524765015,88.37773132324219,7.820129432900558e-09,-2.1362303925798187e-08
3508.2341554272143,730.53,1000.0,0.0,400,8000000,36,0.0045346589758992195,0.0,166.34843324726256,14.502630558109555,-0.003863102794625857,388.61386022273217,3655.25,12.558939695358276,79.32548785209656,91.88442873954773,-3.814697446813398e-09,1.602172794434864e-08
