Metrics/EpRet,Metrics/EpCost,Metrics/EpLen,Metrics/EpSuccess,Train/Epoch,Train/TotalSteps,Train/StopIter,Train/KL,Train/LR,Loss/Loss_reward_critic,Loss/Loss_cost_critic,Loss/Loss_actor,Loss/Loss_ewc,Loss/Loss_safety,Time/Rollout,Time/Update,Time/Total,Value/RewardAdv,Value/CostAdv
-640.9966248745358,0.0,1000.0,0.0,1,20000,36,0.011407023295760155,0.00029925,28.898773391999207,0.0037616281233861662,-0.012033509428238144,0.0,0.0,13.576913833618164,77.24725675582886,90.82417416572571,7.400512913591228e-08,-1.6570090854983732e-09
-643.3641440572758,0.0,1000.0,0.0,2,40000,36,0.009659387171268463,0.0002985,27.928835425471686,0.0004944119793321383,-0.011028099890826763,0.0,0.0,13.956576108932495,73.85157108306885,87.80814862251282,-1.1129379373642223e-07,-1.7240643357396834e-09
-584.2366247230987,0.0,1000.0,0.0,3,60000,36,0.011516531929373741,0.00029775,31.847990885329324,0.00035413055520285355,-0.012134594392565529,0.0,0.0,15.441047668457031,71.9676456451416,87.40869879722595,2.8514861583062157e-08,-1.5795230678961047e-09
-526.4778592387596,0.0,1000.0,0.0,4,80000,36,0.010410290211439133,0.000297,30.090988800209974,0.00027504221802621966,-0.012495162992977548,0.0,0.0,13.735164403915405,74.48451709747314,88.2196843624115,-4.730224745230771e-08,-4.2170286707055027e-10
-501.5296865600526,0.0,1000.0,0.0,5,100000,36,0.011740944348275661,0.00029625,31.80061681312071,0.00020672008293300606,-0.013350060807598374,0.0,0.0,14.0117506980896,73.85758066177368,87.86933422088623,3.867149445113682e-08,1.063942933754447e-09
-483.370052119719,0.04500000000000001,1000.0,0.0,6,120000,36,0.01152543630450964,0.0002955,28.202221302432626,0.000583248844959069,-0.014171492602226691,0.0,0.25,14.863055944442749,69.26343965530396,84.12649726867676,-3.1471252270875993e-08,-4.291534350109316e-10
-462.70127137566107,0.005,1000.0,0.0,7,140000,36,0.014885107055306435,0.00029475000000000004,26.918621295387965,6.964680289019586e-05,-0.015995826700889598,0.0,0.0,14.285659074783325,66.50190353393555,80.78756618499756,1.282691997062102e-08,-6.571412303202351e-10
-417.7037353451841,0.0,1000.0,0.0,8,160000,36,0.013689753599464893,0.00029400000000000004,25.86404695809628,2.9313885107568617e-06,-0.015719515247557103,0.0,0.0,15.242340564727783,65.74080753326416,80.98315072059631,7.534026735811494e-09,-2.425163958541532e-10
-386.8856646880733,0.0,1000.0,0.0,9,180000,36,0.014843789860606194,0.00029325000000000005,16.453128701581743,2.028812658695447e-06,-0.018196110167984617,0.0,0.0,13.551837921142578,67.56743955612183,81.11928033828735,0.0,-9.968876835131368e-10
-368.0762686958827,0.0,1000.0,0.0,10,200000,36,0.015981638804078102,0.00029250000000000006,18.354031163663528,1.4112971374919007e-06,-0.017358504906010753,0.0,0.0,14.664125442504883,74.2145791053772,88.87870740890503,4.81605511026828e-09,-8.108094196046522e-10
-329.31829898426844,0.0,1000.0,0.0,11,220000,36,0.016204221174120903,0.00029175000000000007,18.94286380679124,9.82141910209593e-07,-0.018763317612782028,0.0,0.0,13.962112188339233,66.10800814628601,80.07012391090393,7.629394338515283e-10,-4.4479966931909587e-10
-293.78965486421265,0.0,1000.0,0.0,12,240000,36,0.017460273578763008,0.0002910000000000001,19.297280537688568,6.82978106208307e-07,-0.018852082125481878,0.0,0.0,15.896972417831421,66.39247941970825,82.28945446014404,3.4689904282458883e-09,-6.146728959155467e-11
-249.19369479655137,0.0,1000.0,0.0,13,260000,36,0.01738913357257843,0.0002902500000000001,17.968475997680716,4.723569073289293e-07,-0.019449835548163808,0.0,0.0,13.760839939117432,70.92622423171997,84.68706703186035,-2.155304024142879e-08,3.3993274861643386e-10
-204.15316817701515,0.04750000000000001,1000.0,0.0,14,280000,36,0.01709100231528282,0.0002895000000000001,19.220335760182593,0.00043245962693513396,-0.018487532670451126,0.0,0.25,13.881864786148071,69.01874160766602,82.90060997009277,2.6702879907247734e-09,-8.046627253399663e-11
-164.8821240829571,0.0025,1000.0,0.0,15,300000,36,0.01762653887271881,0.0002887500000000001,18.83315620343652,1.9422790403566462e-07,-0.019653342615652755,0.0,0.0,14.466495513916016,70.81379580497742,85.2802951335907,-1.201629640235069e-08,-8.717179061923375e-11
-147.50493707850208,0.017499999999999998,1000.0,0.0,16,320000,36,0.01776565983891487,0.0002880000000000001,21.89040351024028,0.00043253466571802757,-0.019477030862817712,0.0,0.25,14.024415016174316,65.66533279418945,79.68975043296814,-4.320144597613762e-08,-2.250075403775753e-10
-100.55493027768493,0.13999999999999999,1000.0,0.0,17,340000,36,0.019902760162949562,0.0002872500000000001,18.41188410587839,0.002106655805836943,-0.01982341453079369,0.0,0.75,17.40476703643799,69.13544487953186,86.54021501541138,2.813339339269305e-09,8.940696516468449e-10
-63.3240388962454,0.15000000000000005,1000.0,0.0,18,360000,30,0.020490892231464386,0.00028650000000000013,17.440535662857233,0.0017219570765739775,-0.020022874616713315,0.0,1.0,13.870177984237671,55.27464008331299,69.14482116699219,-2.005100263602344e-08,1.2099743429416776e-09
-20.588101824857464,0.0925,1000.0,0.0,19,380000,36,0.019181495532393456,0.00028575000000000014,18.083876547595057,5.919119438270531e-10,-0.01897821326788107,0.0,0.0,13.624274492263794,64.44691610336304,78.07119178771973,1.1682510514532396e-09,9.860378138992765e-12
22.130943344299343,0.05500000000000001,1000.0,0.0,20,400000,34,0.020088056102395058,0.00028500000000000015,18.27727529568413,0.0021058207037772847,-0.020280864231959315,0.0,0.75,13.826779127120972,58.544071435928345,72.37085390090942,-8.487701208537146e-09,9.536742923144104e-11
61.93014698164588,0.17250000000000001,1000.0,0.0,21,420000,31,0.020721593871712685,0.00028425000000000016,18.867346322943128,0.0012915838439259634,-0.019071279252258985,0.0,0.75,14.443952322006226,54.703967332839966,69.14792370796204,-2.1934509319976314e-08,-1.2964010420724037e-10
98.67221098520339,0.4325,1000.0,0.0,22,440000,33,0.020089957863092422,0.00028350000000000017,20.454868668750013,0.0072116104645255676,-0.020524189938215028,0.0,2.5,13.620721340179443,58.54854440689087,72.16926860809326,-1.039505015398845e-08,-2.54064796978426e-10
139.8221587627148,0.27749999999999997,1000.0,0.0,23,460000,29,0.020202986896038055,0.0002827500000000002,19.907338061022237,0.002842737144625623,-0.020954875306196455,0.0,1.5,14.23710012435913,54.747320890426636,68.98442506790161,-3.929138259195497e-08,-7.15255771277512e-11
171.31003936749352,0.35,1000.0,0.0,24,480000,32,0.02095799520611763,0.0002820000000000002,23.976508439063263,0.005590268352126457,-0.019164262608869168,0.0,2.5,14.295994758605957,62.461880683898926,76.75787878036499,-3.0899048653054706e-08,7.152557435219364e-10
230.46045587949106,0.4425,1000.0,0.0,25,500000,16,0.020005550235509872,0.0002812500000000002,21.654963426315746,0.0017249238118540163,-0.01683511341505977,0.0,1.0,14.75217080116272,28.260292053222656,43.01246404647827,-3.051757735406113e-09,1.6093254506799326e-10
279.3739833216917,0.5275000000000001,1000.0,0.0,26,520000,21,0.02290959097445011,0.0002805000000000002,31.96677396490787,0.007798309122496153,-0.01660910482465525,0.0,3.25,13.464917421340942,41.932785511016846,55.39770722389221,2.4414061883248905e-08,-1.7881393032936899e-09
348.6391532980653,0.35,1000.0,0.0,27,540000,26,0.02148529142141342,0.0002797500000000002,33.380946853466135,0.002982172300702223,-0.017792569026035116,0.0,1.75,13.61227035522461,47.393760681152344,61.00603413581848,-3.376007029487482e-08,0.0
472.7968525177804,1.7400000000000002,1000.0,0.0,28,560000,24,0.0203827116638422,0.0002790000000000002,49.80181742730105,0.02943026254223414,-0.017288385980866187,0.0,12.25,13.782137632369995,45.48264718055725,59.26478719711304,4.482269133632144e-08,2.0980834847250662e-09
514.6704394904335,2.425,1000.0,0.0,29,580000,23,0.021076712757349014,0.00027825000000000023,52.97308406678815,0.04268427854961431,-0.01712649708066784,0.0,16.75,14.07511591911316,40.03996133804321,54.11508059501648,2.9182434246877165e-08,-2.1934509764065524e-09
649.5751507206754,4.177499999999999,1000.0,0.0,30,600000,16,0.021702192723751068,0.00027750000000000024,55.52829733176734,0.079264690606898,-0.015427797498245063,0.0,20.5,13.531227111816406,28.931023359298706,42.462252140045166,-8.773803727990526e-08,2.9802322831784522e-09
637.058657549122,4.245,1000.0,0.0,31,620000,18,0.020019011572003365,0.00027675000000000025,48.510301847427414,0.09192936795667464,-0.015404896340030418,0.0,26.5,14.010864019393921,32.990110874176025,47.000977993011475,1.3351440841802287e-08,8.630753001170888e-09
703.1851141123167,5.124999999999999,1000.0,0.0,32,640000,17,0.020995987579226494,0.00027600000000000026,59.76365259432564,0.09415523346084342,-0.01443194315237219,0.0,29.25,13.779901266098022,31.19043231010437,44.97033715248108,2.002716037452501e-08,7.534026735811494e-09
860.1542711399445,8.845,1000.0,0.0,33,660000,17,0.02068697288632393,0.00027525000000000027,67.10200860988284,0.16379112323854253,-0.015233139848382784,0.0,49.0,13.764841079711914,29.537126302719116,43.30197024345398,4.00543198608716e-09,-5.054473728449693e-09
897.4351110333131,11.592500000000001,1000.0,0.0,34,680000,19,0.02245805598795414,0.0002745000000000003,62.910928647779144,0.24583758851718418,-0.015008998995024178,0.0,65.0,13.870738744735718,34.849793910980225,48.72053527832031,2.2888184680880386e-09,1.2636184321124233e-09
1077.322434904106,18.674999999999997,1000.0,0.0,35,700000,20,0.02004913240671158,0.0002737500000000003,82.3949711973294,0.43781854670744735,-0.015331660776128308,0.0,118.75,14.79062533378601,36.98964047431946,51.78026866912842,4.4441222257773916e-08,-7.104873578356319e-09
1206.2681061084354,27.389999999999997,1000.0,0.0,36,720000,12,0.020513635128736496,0.0002730000000000003,94.85380888391481,0.7787228059479858,-0.013623592752996282,0.0,159.5,13.638142108917236,22.058539628982544,35.69668459892273,2.2125243859250077e-08,-1.7929076889799944e-08
1264.8855361264682,35.475,1000.0,0.0,37,740000,13,0.02130528725683689,0.0002722500000000003,85.65102361208919,0.8063746556496849,-0.014127176824790507,0.0,201.0,14.041267156600952,24.380213737487793,38.421483755111694,-9.536743617033494e-10,1.9836425835251248e-08
1373.4181095586805,48.49499999999999,1000.0,0.0,38,760000,17,0.02214527316391468,0.0002715000000000003,99.48993763549954,1.3156005600423568,-0.014349443081836728,0.0,275.25,14.601150035858154,33.24117684364319,47.84232831001282,5.7983399415206804e-08,6.27994509727614e-08
1442.714138588066,57.84499999999999,1000.0,0.0,39,780000,8,0.021276753395795822,0.0002707500000000003,82.50352809528192,1.6395308434391935,-0.009991963978480406,0.0,307.0,13.449244260787964,13.499692916870117,26.948939561843872,8.773803727990526e-08,-5.4740905142125484e-08
1496.4344050166565,76.2475,1000.0,0.0,40,800000,18,0.02463243342936039,0.00027000000000000033,93.6963190712487,2.091059908096275,-0.014067855339105888,0.0,433.25,13.402995347976685,31.08189845085144,44.48489570617676,-1.3351440841802287e-08,-5.1689148961031606e-08
1607.9286225782773,93.445,1000.0,0.0,41,820000,9,0.020763058215379715,0.00026925000000000034,98.41987112679716,2.7080433994986546,-0.010415251064783753,0.0,507.75,13.660951137542725,17.89336609840393,31.5543212890625,1.1825561863076928e-08,9.460449490461542e-08
1642.8242482597168,102.80250000000001,1000.0,0.0,42,840000,9,0.02096022292971611,0.00026850000000000035,96.16040069260494,2.955266942908504,-0.009549640213960254,0.0,554.75,14.326503992080688,15.393561601638794,29.720068216323853,-9.918213095261308e-08,1.907348590179936e-08
1737.3302096803739,125.2125,1000.0,0.0,43,860000,19,0.021667400375008583,0.00026775000000000036,95.48936561185491,3.9686020824795754,-0.013974801570323346,0.0,683.5,13.799104452133179,33.849162340164185,47.64826965332031,-2.6893616222878336e-08,-5.340575981449547e-09
1858.766531024156,148.03,1000.0,0.0,44,880000,13,0.021588604897260666,0.00026700000000000036,94.11333327341443,4.622354474340735,-0.010553235646978599,0.0,778.0,13.891597032546997,23.908872365951538,37.80047249794006,-1.3732909920349812e-08,-9.09805280002729e-08
1999.0568161231254,183.1775,1000.0,0.0,45,900000,7,0.02435561642050743,0.0002662500000000004,98.73150142824633,5.2285525775945985,-0.007698781816084796,0.0,988.5,13.741960287094116,13.690894365310669,27.43285822868347,-1.1444091896350983e-08,7.038116223156976e-08
2044.454530283785,205.76999999999998,1000.0,0.0,46,920000,1,0.02355116792023182,0.0002655000000000004,111.67251043350171,6.498334233372356,0.004484458710438908,0.0,1096.25,14.130714654922485,1.8866198062896729,16.017337322235107,5.340575981449547e-09,-2.6226044269606064e-07
2086.060256637191,231.66,1000.0,0.0,47,940000,8,0.020794468000531197,0.0002647500000000004,109.65007666200876,6.635583354451786,-0.0062138284926641935,0.0,1214.75,13.682277917861938,14.006048679351807,27.68833065032959,-1.0185241450244575e-07,2.813339339269305e-09
2108.7079053665666,247.8575,1000.0,0.0,48,960000,12,0.021972276270389557,0.0002640000000000004,105.74155733455865,7.54934199270222,-0.011285701509851752,0.0,1213.5,15.42695951461792,23.545965909957886,38.9729266166687,1.3732909920349812e-08,-7.629394338515283e-10
2139.48607660269,259.25250000000005,1000.0,0.0,49,980000,4,0.020002765581011772,0.0002632500000000004,131.603782382636,7.888261273074836,-0.003120100794779583,0.0,1400.5,14.492063522338867,7.98292088508606,22.474987268447876,2.2125243859250077e-08,5.207061803957913e-08
2199.2048128534198,284.9075,1000.0,0.0,50,1000000,5,0.022293590009212494,0.0002625000000000004,118.11148759275198,8.693228943127032,-0.00513935690156568,0.0,1471.0,15.639660358428955,9.479644536972046,25.119307041168213,6.67572024326546e-08,2.2888183792701966e-08
754.1811417224101,140.3,1000.0,0.0,51,1020000,1,0.027021685615181923,0.0002617500000000004,129.97545625607427,1.9991582552084146,0.00877288779237876,0.049089365853386774,0.0,13.87179160118103,1.9334206581115723,15.805213451385498,5.187988350030537e-08,1.5754699234094005e-07
-558.4702077003615,0.0,1000.0,0.0,52,1040000,2,0.020605742931365967,0.00026100000000000044,71.49672799064709,0.5002276750442128,0.0017934156140645805,0.19151118415565535,0.0,14.820862770080566,4.3473732471466064,19.16823959350586,-3.051757957450718e-08,8.029937959008748e-08
-540.6294521779407,0.0,1000.0,0.0,53,1060000,4,0.023974817246198654,0.00026025000000000044,35.83900143963079,0.4315104787937178,4.2136360596591674e-05,0.6157939688751872,0.0,15.638398885726929,7.51554536819458,23.153948068618774,-5.321502953847812e-07,4.7540662961864655e-08
-510.4592225605549,0.0,1000.0,0.0,54,1080000,2,0.024572625756263733,0.00025950000000000045,32.65889030980607,0.26897908083070965,0.0014510598054494912,1.0821139684881265,0.0,13.791335821151733,4.681402206420898,18.47274136543274,-1.0681151962899094e-08,-1.4123916969310812e-07
-469.28629812363977,0.0,1000.0,0.0,55,1100000,3,0.022947607561945915,0.00025875000000000046,24.25135939215192,0.25668013423554303,-0.0006380798815847776,1.5635019719791108,0.0,14.391687154769897,6.773044586181641,21.164734363555908,-7.553100545010238e-08,-4.777908202413528e-08
-433.7466502174616,0.0,1000.0,0.0,56,1120000,4,0.03984035179018974,0.00025800000000000047,28.56310016430986,0.11732341000102103,-0.0019940773942716088,2.225727771036922,0.0,13.638801097869873,8.148141860961914,21.786947011947632,-1.9569397124996613e-07,-1.9550323582251394e-09
-388.7903515017345,0.0,1000.0,0.0,57,1140000,2,0.021355880424380302,0.0002572500000000005,33.158033507319686,0.1373508803951093,-0.0013208750593728912,2.7385906441904866,0.0,13.832123756408691,3.765612840652466,17.597739219665527,8.69750991228102e-08,-1.9812583573752818e-08
-330.33977519177245,0.01,1000.0,0.0,58,1160000,6,0.022925352677702904,0.0002565000000000005,23.869444462184074,0.13390519213689148,-0.006501486939025985,3.613971618671641,0.25,12.28430438041687,9.70741057395935,21.991715908050537,-2.0408631229429375e-08,7.052421580056034e-08
-253.28385623585774,0.04,1000.0,0.0,59,1180000,1,0.020313533022999763,0.0002557500000000005,20.93948373398461,0.11612361214888363,-0.0015669205484870143,4.322669460369756,0.0,12.128581047058105,1.448798418045044,13.577380418777466,6.453991119315106e-08,7.700919901765246e-09
-187.4470254906027,0.052500000000000005,1000.0,0.0,60,1200000,4,0.020005185157060623,0.0002550000000000005,21.28817311262551,0.08404379359746988,-0.005299627745580583,5.0378362271732415,0.75,11.449350118637085,7.1776251792907715,18.62697744369507,4.291534239087014e-09,1.8215178698710588e-08
-129.3351575271939,0.1,1000.0,0.0,61,1220000,2,0.021636594086885452,0.0002542500000000005,19.344140036799274,0.0706579891887431,-0.0015168049191972746,5.836981186851526,0.25,11.401669263839722,3.34429931640625,14.745970964431763,-2.155304024142879e-08,9.298324332718266e-10
-91.99806671502763,0.04750000000000001,1000.0,0.0,62,1240000,7,0.021153561770915985,0.0002535000000000005,18.698657059549795,0.057460073650304935,-0.00723139566825452,7.161549158588167,0.0,11.339999437332153,12.706417083740234,24.04641890525818,1.7166137400437265e-09,-1.00135799652179e-09
-69.06279413100818,0.0325,1000.0,0.0,63,1260000,10,0.020575935021042824,0.00025275000000000053,17.06516814902187,0.044921911204941926,-0.011283456803278658,9.130339099804814,0.75,11.796455383300781,17.40350866317749,29.19996476173401,-3.5762786065873797e-09,-4.5299530793130316e-10
-44.34932348649565,0.39,1000.0,0.0,64,1280000,11,0.021885044872760773,0.00025200000000000054,18.429487288223253,0.03414053483312988,-0.00986218093997211,10.874034441178738,2.25,11.321555614471436,19.69365906715393,31.01521611213684,-7.629394338515283e-10,-9.417533419764368e-10
-5.110149182727835,0.29500000000000004,1000.0,0.0,65,1300000,10,0.02261565998196602,0.00025125000000000055,16.28331756744141,0.02327549816808476,-0.009532774078805512,12.925505710638369,1.25,11.82197380065918,14.442274808883667,26.2642502784729,-1.0776520120714395e-08,-9.059906158626063e-10
11.57223019201147,0.29,1000.0,0.0,66,1320000,10,0.0200453270226717,0.00025050000000000056,15.966798205269031,0.01795898171635672,-0.009841963404509872,15.095440422764982,2.5,11.330626010894775,14.577408075332642,25.90803575515747,1.3351440841802287e-08,-3.576278717609682e-10
36.9315046239243,0.4,1000.0,0.0,67,1340000,3,0.02075834386050701,0.00024975000000000057,14.534044796412491,0.011852992764506508,-0.002824536634309572,16.979581793276267,1.25,12.344846725463867,4.275491714477539,16.62034010887146,-1.5354157056890472e-08,-2.503394991304475e-10
46.4785358411187,0.3175,1000.0,0.0,68,1360000,11,0.021690817549824715,0.0002490000000000006,15.26543722310594,0.012559230684029815,-0.011345302093570667,19.3384880273106,2.0,11.004347085952759,18.670917749404907,29.67526602745056,5.817413217812373e-09,3.1590460802810583e-10
96.33706346203593,0.655,1000.0,0.0,69,1380000,9,0.02109692431986332,0.0002482500000000006,14.304165646502597,0.01066618483706338,-0.00881097227691041,21.500091757891152,2.75,11.436798810958862,13.47287392616272,24.909674167633057,-3.0803679607060985e-08,1.430511542555024e-10
123.09755357122874,0.3524999999999999,1000.0,0.0,70,1400000,8,0.02081013284623623,0.0002475000000000006,14.429417847254024,0.006681930893924632,-0.009041762958669784,23.880513106672147,1.75,11.775622606277466,12.446197271347046,24.221821069717407,-2.1886824796979454e-08,1.9073485846288207e-10
160.25049310741318,0.825,1000.0,0.0,71,1420000,8,0.020460765808820724,0.0002467500000000006,17.140427217125513,0.01661215580342644,-0.009029059578253985,26.23293948478211,6.0,11.414139747619629,14.965808153152466,26.37994933128357,1.239776614703203e-09,2.562999812383282e-10
146.02830903162283,1.03,1000.0,0.0,72,1440000,7,0.020185956731438637,0.0002460000000000006,16.077188721643306,0.012784258354680944,-0.008692447102272866,28.817269597299454,3.75,12.25928258895874,11.246307849884033,23.505591869354248,-6.103515470812226e-09,-1.490116086078075e-10
155.1314997485903,0.49750000000000005,1000.0,0.0,73,1460000,14,0.020488496869802475,0.0002452500000000006,15.169961261183419,0.019735868979868787,-0.011707878243862487,31.637718322558907,4.0,11.80345892906189,21.065832138061523,32.86929225921631,1.2207030941624453e-08,9.417533419764368e-10
221.27746165526446,1.0699999999999998,1000.0,0.0,74,1480000,7,0.02128765918314457,0.00024450000000000063,16.768280720504002,0.017556132239758007,-0.008615546909321162,34.135440802040954,4.75,12.459745168685913,10.407277822494507,22.86702585220337,4.396438768594635e-08,-2.0265579492306784e-10
286.00882364778175,0.8674999999999999,1000.0,0.0,75,1500000,5,0.02217794395983219,0.00024375000000000064,20.884820250733593,0.019095114207701585,-0.00640003383100128,36.54468925402949,4.75,12.337232828140259,7.645619869232178,19.98285412788391,1.2969970875076342e-08,-2.145767175054658e-10
272.06031861284333,1.31,1000.0,0.0,76,1520000,9,0.0224307868629694,0.00024300000000000062,20.25046196735451,0.023963708157405155,-0.008559020034670314,38.777543636345044,7.5,12.187346696853638,14.235477924346924,26.422826528549194,-2.2125243859250077e-08,-2.2351741291171123e-10
322.5541986363206,2.0550000000000006,1000.0,0.0,77,1540000,7,0.023141421377658844,0.0002422500000000006,20.936829311017412,0.04673172237516463,-0.00802046050976865,41.22793174823742,10.5,11.013420820236206,9.860177040100098,20.87359881401062,1.1062621929625038e-08,8.583068700218632e-10
310.61821202216265,1.4250000000000003,1000.0,0.0,78,1560000,9,0.021344974637031555,0.00024150000000000058,20.582662668048723,0.02049112366776904,-0.010654485851088535,43.98790156236133,6.25,11.142012357711792,13.679202318191528,24.821215629577637,-1.9454956756703723e-08,8.583068700218632e-10
360.1551139962247,1.685,1000.0,0.0,79,1580000,10,0.021849552169442177,0.0002407500000000006,24.35848739611836,0.032829850156621904,-0.008875132597292574,46.6786026354415,10.25,12.824567556381226,15.688002347946167,28.512571096420288,-1.7929076889799944e-08,3.278255444882916e-10
431.92999919799706,2.2449999999999997,1000.0,0.0,80,1600000,10,0.026632152497768402,0.0002400000000000006,24.998455370881686,0.05141991742830069,-0.009031214032280513,50.21650924316991,12.75,12.796922206878662,16.51619815826416,29.313122272491455,-5.140304537576412e-08,2.3841859042583735e-10
482.80692187863207,2.7125000000000004,1000.0,0.0,81,1620000,8,0.021177096292376518,0.00023925000000000058,24.20511589606349,0.03314314994528836,-0.008017213900477592,53.36423852573188,11.75,11.489307641983032,12.847752809524536,24.337061882019043,-4.482269133632144e-08,2.622604355906333e-10
520.2574694477346,2.8950000000000005,1000.0,0.0,82,1640000,10,0.02010386809706688,0.00023850000000000057,27.317003948467608,0.052668790924645506,-0.008001403070051974,56.22454194138987,16.25,11.687244415283203,14.298384666442871,25.98562979698181,1.688003514743741e-08,1.1682510514532396e-09
550.7250273895959,3.5575,1000.0,0.0,83,1660000,5,0.02062309719622135,0.00023775000000000057,29.366916515728157,0.09528845916814602,-0.003941393329110294,58.597242405315555,22.25,11.642529964447021,8.473868608474731,20.116400957107544,-3.1471252270875993e-08,-4.4345855876315454e-09
571.14362296341,4.585,1000.0,0.0,84,1680000,8,0.02087138593196869,0.00023700000000000058,29.726683599880328,0.08124779289426169,-0.006516857528330062,61.69250077866137,22.5,12.006556034088135,14.023625373840332,26.0301833152771,-1.5640258865801115e-08,1.8596648665436533e-09
672.8900961925262,5.165000000000001,1000.0,0.0,85,1700000,10,0.021360205486416817,0.00023625000000000057,32.84285652386114,0.08560433952500836,-0.00940842135235096,64.95055947105725,28.25,11.836639165878296,14.211662292480469,26.04830265045166,-1.2397766369076635e-08,3.1709670444968197e-09
730.0434520708106,5.884999999999999,1000.0,0.0,86,1720000,7,0.024206092581152916,0.00023550000000000057,32.52030442480299,0.09060526481608124,-0.0062085834358589715,67.95340169874406,29.25,13.55239725112915,11.128998517990112,24.68139672279358,2.403259280470138e-08,2.861023085110048e-10
724.0913234792098,6.734999999999999,1000.0,0.0,87,1740000,11,0.022357428446412086,0.00023475000000000058,36.01086078298116,0.1493328430684732,-0.008679573005633366,71.14740937759528,41.75,14.589126825332642,16.386269092559814,30.97539758682251,6.675720420901143e-09,-9.298324776807476e-09
836.0113165506649,9.0775,1000.0,0.0,88,1760000,4,0.02427743375301361,0.00023400000000000056,45.23730385722444,0.15973013051794455,-0.003009569117265304,73.5293010918858,45.75,12.11565089225769,6.18957781791687,18.30523133277893,2.4223327343975143e-08,7.152557435219364e-10
945.5882408417707,8.669999999999998,1000.0,0.0,89,1780000,5,0.02104914002120495,0.00023325000000000057,42.019614099618344,0.12849361686803662,-0.004143470764969484,76.0347787144085,45.75,11.094717025756836,9.965540409088135,21.060258150100708,7.915496702537439e-09,2.00271599304358e-09
984.5552021430203,12.02,1000.0,0.0,90,1800000,7,0.020611902698874474,0.00023250000000000058,47.47797918210885,0.21139534039143176,-0.005101701932895924,78.55089236546303,68.75,11.419731855392456,11.546634912490845,22.966368436813354,-1.0681151962899094e-08,5.197525076994225e-09
1088.3735726127002,13.892500000000002,1000.0,0.0,91,1820000,4,0.02236221358180046,0.0002317500000000006,49.14668116706629,0.20061351742131261,-0.0015445024596330839,80.69996602847553,64.25,11.699063539505005,6.060436487197876,17.759500980377197,2.4223327343975143e-08,-3.19480886190604e-09
1129.4364349499567,15.024999999999997,1000.0,0.0,92,1840000,2,0.020585857331752777,0.0002310000000000006,63.67111822743766,0.2747596419228913,0.0019748731569860117,82.62426215467362,84.75,11.377257585525513,2.862619638442993,14.239879131317139,-2.5939941750152684e-08,2.2172927938157727e-09
1185.2074751333262,16.84,1000.0,0.0,93,1860000,1,0.022071950137615204,0.00023025000000000058,50.77994620838104,0.23220939474840896,0.0050623153125087675,83.93737407842764,87.0,12.120761156082153,1.6186943054199219,13.739458560943604,-3.2424927187690855e-09,1.1587142800806305e-08
1218.032211809546,18.592499999999998,1000.0,0.0,94,1880000,4,0.021900026127696037,0.0002295000000000006,45.42095916949141,0.27521184276039606,-0.0014531156276918044,85.9526154454143,101.0,11.759076118469238,7.431568384170532,19.190645933151245,4.339218317994664e-09,8.916854810081531e-09
1179.2835897488994,20.685000000000002,1000.0,0.0,95,1900000,6,0.024475496262311935,0.0002287500000000006,40.579484436839536,0.3002153747378828,-0.00438970796448001,89.0276332444911,114.25,11.337671279907227,8.886748790740967,20.224421501159668,2.1934509319976314e-08,-1.1444091896350983e-08
1244.0781454120179,21.8525,1000.0,0.0,96,1920000,2,0.02773812785744667,0.0002280000000000006,47.58568104539816,0.2745183810068015,0.0034814397514330597,90.85007387837663,95.0,12.799737453460693,3.076343297958374,15.8760826587677,1.907348723406699e-09,5.054473728449693e-09
1325.44102774084,22.067500000000003,1000.0,0.0,97,1940000,3,0.020319296047091484,0.00022725000000000062,43.8779701470567,0.2998062187252334,0.0001013509342020439,93.41948509825686,115.75,12.391017198562622,4.4370036125183105,16.82802176475525,5.025863814012155e-08,-6.055831835993786e-09
1340.2188585241372,24.6375,1000.0,0.0,98,1960000,2,0.02106071449816227,0.0002265000000000006,46.50045856347861,0.3540871612037333,0.0036349474495580305,95.39668061862739,128.5,12.152291059494019,2.99741268157959,15.149705410003662,7.629394893626795e-09,-4.768371461572052e-11
1265.1254447188278,26.145,1000.0,0.0,99,1980000,4,0.02246134914457798,0.00022575000000000058,48.08512846121011,0.3534570854907028,-0.0010467453401523847,98.12711721182632,141.25,11.414234638214111,6.373950242996216,17.788187265396118,1.273155181280572e-08,-8.583068700218632e-10
1308.768013632966,28.97,1000.0,0.0,100,2000000,6,0.02199278026819229,0.00022500000000000056,63.9123505017501,0.39595755449911785,-0.0031487690262532175,100.26644630960256,161.75,11.135356426239014,8.787803411483765,19.923161268234253,4.00543198608716e-09,8.201599399626502e-09
1317.9685980052714,20.784999999999997,1000.0,0.0,101,2020000,2,0.020905498415231705,0.00022425000000000057,74.73832852848041,0.2700832529237476,-0.0015009920746564104,101.24201693550086,41.0,11.492101669311523,3.140322208404541,14.632426023483276,-1.5258788677030566e-09,-2.1219253909521285e-08
1346.564396900078,9.91,1000.0,0.0,102,2040000,1,0.0234490055590868,0.00022350000000000058,58.35073709335571,0.3166194011132938,0.00048619262969341523,101.89576163002478,68.0,12.247950315475464,1.832716464996338,14.080668687820435,-2.4223327343975143e-08,-1.3971328982620435e-08
1525.5287934772257,22.685,1000.0,0.0,103,2060000,3,0.02058619074523449,0.00022275000000000056,58.01543719420672,0.5047493056653026,-0.005326599372636142,103.36851925590929,148.25,12.646232604980469,6.245107412338257,18.89134168624878,1.7166136956348055e-08,-9.65595248203499e-09
1722.7701067969824,40.62750000000001,1000.0,0.0,104,2080000,1,0.03035839833319187,0.00022200000000000057,68.29883450517258,0.9678621202612075,0.0020950970823129717,104.00742242587641,246.0,14.375630855560303,2.0525898933410645,16.42822289466858,-9.53674295089968e-09,1.530647253389361e-08
1853.5922188954403,63.007500000000014,1000.0,0.0,105,2100000,3,0.022015321999788284,0.00022125000000000055,61.62171236673991,1.5037145619067394,-0.001175479660915554,105.77430371659251,387.25,12.906060934066772,6.2412779331207275,19.14734125137329,-4.1961669694501325e-08,-9.832382374952431e-08
2013.039364533432,100.16749999999999,1000.0,0.0,106,2120000,1,0.022605301812291145,0.00022050000000000056,72.3583268174729,2.454914670782729,0.0016113467597828124,106.95181094038601,580.0,12.667499542236328,1.7147769927978516,14.382277727127075,-1.8692016823251834e-08,2.2697449253428204e-08
2135.9217256040456,134.9625,1000.0,0.0,107,2140000,2,0.021274276077747345,0.00021975000000000057,63.99931248613059,3.305450114388816,4.271269231415785e-05,108.97512981914484,786.5,12.448870420455933,3.5548558235168457,16.003727436065674,4.577636936176077e-09,1.103878020103366e-07
2253.9203808294787,182.4,1000.0,0.0,108,2160000,1,0.02403344213962555,0.00021900000000000055,85.84224759427885,4.491295138867899,0.003378419106611952,109.95472751410243,1032.0,12.163310050964355,1.5851843357086182,13.748495817184448,1.4495849853801701e-08,-5.550384685193421e-08
2349.6082348675145,226.475,1000.0,0.0,109,2180000,2,0.023071318864822388,0.00021825000000000053,82.11888134136748,5.079141526557386,0.0009070278588718119,111.33142711407841,1212.5,11.458392858505249,3.430210828781128,14.888604640960693,-6.599426427555954e-08,2.555847089524832e-08
2407.069028301628,258.29499999999996,1000.0,0.0,110,2200000,6,0.023801986128091812,0.00021750000000000054,98.29509292547695,5.979177785630678,-0.0024095848606873593,112.86371458579684,1348.75,11.854198694229126,10.532988786697388,22.387189149856567,-2.3651123726153855e-08,7.972717241955252e-08
2463.908690845469,283.755,1000.0,0.0,111,2220000,1,0.02407720871269703,0.00021675000000000055,88.81658108622884,7.432599651166044,0.00973471683322098,114.22236177487115,1499.75,13.341354131698608,1.6697514057159424,15.011108636856079,-3.6239622858147413e-08,9.002685885661776e-08
2523.251351322364,311.51,1000.0,0.0,112,2240000,1,0.029136940836906433,0.00021600000000000053,90.66247848047615,8.553304548080737,0.010355843458705532,116.06747378023287,1614.75,12.625210046768188,1.6483724117279053,14.273585796356201,1.4495849853801701e-08,1.9721984756415623e-07
2577.46342119742,339.9375,1000.0,0.0,113,2260000,1,0.020414121448993683,0.00021525000000000054,99.71577656535676,6.934852472128578,0.009447100134893728,117.90115722071249,1798.0,11.487478017807007,1.5602326393127441,13.047711610794067,-5.035400363340159e-08,-1.0623931956388333e-07
2643.784908497839,374.17999999999995,1000.0,0.0,114,2280000,1,0.02364591881632805,0.00021450000000000055,94.04435595308249,8.794324626556982,0.011726980889067292,118.70052937273019,1891.25,11.509963750839233,1.8045029640197754,13.314469337463379,-3.33786012163273e-08,1.2226104217916145e-07
2669.345624203409,389.1725,1000.0,0.0,115,2300000,1,0.04342108219861984,0.00021375000000000053,91.35554434925604,8.525590822719538,0.011724401073464856,120.33993730148948,2003.25,11.4208984375,1.6861131191253662,13.10701322555542,2.9182434246877165e-08,4.7683716530855236e-08
2719.534484899653,407.96750000000003,1000.0,0.0,116,2320000,1,0.03561391681432724,0.00021300000000000054,86.22008920858462,7.513656634492234,0.009110311245599304,121.55536122672474,2131.25,12.035731792449951,1.9230177402496338,13.95875096321106,-4.1961669694501325e-09,-1.3732909920349812e-08
2787.158035253234,440.4,1000.0,0.0,117,2340000,1,0.0521431565284729,0.00021225000000000055,82.92400526467223,7.248998418021888,0.008446244226869778,122.0117129731102,2212.0,12.458258390426636,1.5694546699523926,14.027714252471924,-3.4904481083231076e-08,-1.1024474844134602e-07
2782.7789797187643,440.96750000000003,1000.0,0.0,118,2360000,1,0.027043599635362625,0.00021150000000000053,65.27221114186052,5.874432595012287,0.006405373828443951,122.95630692064572,2230.0,11.434434652328491,1.7935316562652588,13.227968692779541,-1.6593933338526767e-08,-4.615783666395146e-08
2803.1210047647196,449.65749999999997,1000.0,0.0,119,2380000,2,0.022238409146666527,0.00021075000000000054,44.42458303896383,5.948973665983913,0.005064520293834825,124.11268447534725,2218.75,11.730085611343384,3.0912468433380127,14.821333169937134,-3.6430357397421176e-08,6.299018906474885e-08
2810.843097900918,450.51750000000004,1000.0,0.0,120,2400000,7,0.02111244946718216,0.00021000000000000055,38.51338644040768,5.665892074555362,-0.0019964191270715865,127.00017059409744,2308.75,13.111969947814941,13.177999019622803,26.289971828460693,-5.0735472711949114e-08,4.653930574249898e-08
2861.887402328591,470.92249999999996,1000.0,0.0,121,2420000,2,0.020865635946393013,0.00020925000000000056,43.41342175730501,6.208777132125708,0.005294472641183641,129.55068301849852,2398.5,11.404478549957275,3.124253034591675,14.528733253479004,-2.9754637864698452e-08,1.4686584393075464e-08
2914.796898147421,495.1874999999999,1000.0,0.0,122,2440000,1,0.028020907193422318,0.00020850000000000054,66.73677487723744,8.855484403360386,0.0074997934462211,130.81424915447784,2546.5,11.17769479751587,1.5696630477905273,12.747359991073608,-1.6403198799253005e-08,-1.9836425835251248e-08
2966.0590947749347,517.6175000000001,1000.0,0.0,123,2460000,1,0.02119203843176365,0.00020775000000000055,49.64544128076718,6.726810620615658,0.007536189832959693,132.10907913549258,2632.5,11.607927560806274,1.7760844230651855,13.384013175964355,1.907348590179936e-08,1.0156631446989195e-07
3031.437127044881,546.0999999999999,1000.0,0.0,124,2480000,2,0.02399393543601036,0.00020700000000000053,45.803310974718286,7.367009150715301,0.0036642277589478433,133.97159405790578,2790.0,11.424602270126343,3.102623224258423,14.527227401733398,-8.79287753718927e-08,1.300811760529541e-07
3059.76894975897,559.4725000000001,1000.0,0.0,125,2500000,5,0.020989736542105675,0.00020625000000000051,38.11292028579468,8.558312152978331,-0.0010709798252120757,137.34882989950455,2816.5,11.174455404281616,8.208309888839722,19.38276696205139,2.5177001816700795e-08,7.781982702681489e-08
3085.722830918538,566.9850000000001,1000.0,0.0,126,2520000,11,0.025394825264811516,0.0002055000000000005,37.336438719422326,6.234766270440573,-0.006525095530836744,142.37358316182744,2851.25,11.077736377716064,19.12483549118042,30.20257306098938,2.403259280470138e-08,1.0776519587807343e-07
3117.866567536399,579.115,1000.0,0.0,127,2540000,7,0.02254098281264305,0.00020475000000000048,42.35176832128583,7.900413065835909,-0.0033416585088803146,146.82711154061982,2917.25,11.466382026672363,11.44298768043518,22.909371614456177,3.1661986810149756e-08,4.959106547630654e-08
3155.413922036405,592.3074999999999,1000.0,0.0,128,2560000,1,0.0300097968429327,0.00020400000000000049,47.67299700849734,6.647695008177346,0.009652165112832484,149.55069803353697,3010.25,12.147123575210571,1.6403594017028809,13.787484169006348,5.3977966985030434e-08,1.6403198799253005e-07
3203.8766102334225,609.345,1000.0,0.0,129,2580000,1,0.02053047902882099,0.0002032500000000005,43.77688874680394,6.238065075950501,0.007622691326605055,151.74541529451315,3091.75,11.701375246047974,1.5970511436462402,13.29842734336853,-2.9754637864698452e-08,-6.103515470812226e-09
3238.112945433927,623.2825,1000.0,0.0,130,2600000,1,0.025534797459840775,0.0002025000000000005,36.71706097270734,6.987082452438891,0.00890509701503542,154.34716431249063,3140.0,11.210416555404663,1.510939359664917,12.721356630325317,8.583068478174027e-09,-9.307861148499796e-08
3280.8379560757676,635.6025000000001,1000.0,0.0,131,2620000,2,0.021482666954398155,0.0002017500000000005,49.29775809784667,9.367592779973064,0.0030494961982813124,156.99302356464034,3184.5,11.132853507995605,3.018671989440918,14.151526689529419,6.942749308791463e-08,-1.1444091896350983e-08
3306.440191529404,644.355,1000.0,0.0,132,2640000,11,0.025329357013106346,0.00020100000000000052,56.36707347345809,11.243682877393507,-0.004209097777635309,161.47113182916567,3283.75,11.146526098251343,19.104504823684692,30.25103187561035,-1.1062621929625038e-08,-1.2817382355478912e-07
3335.5651771892417,658.205,1000.0,0.0,133,2660000,1,0.030356576666235924,0.00020025000000000053,50.5249895881921,13.069773950515845,0.007852616151586509,163.92465322086224,3298.0,11.406641960144043,1.546501874923706,12.953145027160645,-5.7220457705398076e-08,1.0299682884351569e-07
3352.9567545458513,662.55,1000.0,0.0,134,2680000,1,0.02323702909052372,0.00019950000000000054,71.51900344458632,18.37454432877489,0.004729094721686345,165.62165978769906,3316.75,11.192469596862793,1.6208856105804443,12.81335711479187,4.253387331232261e-08,1.525878978725359e-08
3395.907923762478,679.3325000000001,1000.0,0.0,135,2700000,1,0.021572038531303406,0.00019875000000000052,40.821194182569606,11.147352547691272,0.008662162055544103,168.22916624416558,3459.5,11.699165105819702,1.5455222129821777,13.244688987731934,3.585815377959989e-08,9.918213095261308e-08
3435.9275408785797,696.3949999999999,1000.0,0.0,136,2720000,4,0.021012242883443832,0.00019800000000000053,30.85485317455694,18.247939325178773,0.0010449942309236802,172.55510923732965,3524.0,11.525380611419678,6.549549102783203,18.074931383132935,-1.9836425835251248e-08,-1.2817382355478912e-07
3480.188947465308,709.9275,1000.0,0.0,137,2740000,1,0.02417829819023609,0.00019725000000000054,50.33649053055638,17.16331706412684,0.00629144009595481,175.3583711374301,3570.25,11.830866575241089,1.5563106536865234,13.38717794418335,1.1062621929625038e-08,-1.5258788677030566e-09
3505.4476748554234,718.7550000000001,1000.0,0.0,138,2760000,3,0.020010853186249733,0.00019650000000000052,41.45211275139302,10.08410236591729,0.0022988978022544845,178.8045307033486,3617.5,11.492950916290283,5.468585729598999,16.9615375995636,-2.5367736355974557e-08,-8.16345249177175e-08
3536.6847800486767,730.4024999999999,1000.0,0.0,139,2780000,1,0.02514832466840744,0.00019575000000000053,65.29504696782024,10.365674107981185,0.007389544223705991,181.0070621868292,3667.75,11.947105169296265,1.5920026302337646,13.539109945297241,4.9972534554854064e-08,2.2888184680880386e-09
3582.1244969181303,747.4624999999999,1000.0,0.0,140,2800000,1,0.020796213299036026,0.0001950000000000005,49.78161274967864,10.777516435891295,0.009495564823830351,183.7450442573133,3810.25,11.183708429336548,1.5082414150238037,12.691950798034668,2.8419494313425275e-08,-3.128051773160223e-08
3630.680046652536,762.24,1000.0,0.0,141,2820000,1,0.03864077106118202,0.00019425000000000052,38.51948246635949,15.160405801127132,0.009852136404940877,185.6760255368754,3802.5,11.624542713165283,1.5933330059051514,13.217876672744751,7.820129432900558e-09,5.340575981449547e-09
3624.024000530086,760.1024999999998,1000.0,0.0,142,2840000,4,0.020042182877659798,0.00019350000000000053,38.33818053666014,9.056739648691,0.002168214275537374,188.77641580356195,3817.0,12.264963626861572,6.548399209976196,18.813366174697876,5.111694179049664e-08,2.7465819840699623e-08
3654.1928559765774,771.1874999999999,1000.0,0.0,143,2860000,6,0.02038421854376793,0.00019275000000000054,42.23763690131922,17.762575655509107,-0.0003789987975951677,193.62629588394248,3872.0,11.61322808265686,10.121335983276367,21.734567403793335,3.0899048653054706e-08,5.493163968139925e-08
3684.6464041497065,778.37,1000.0,0.0,144,2880000,1,0.03407533839344978,0.00019200000000000055,58.999411878494406,8.618587951690625,0.007380043693517629,196.6050333626354,3894.5,11.53815746307373,2.0657050609588623,13.603865146636963,-1.7166137400437265e-09,2.70843507621521e-08
3703.9007014794574,785.355,1000.0,0.0,145,2900000,1,0.0234331414103508,0.00019125000000000056,51.78947655309123,6.182680593511929,0.007356284103674678,198.60983739493372,3968.75,11.47704553604126,1.5876145362854004,13.064660787582397,5.340575981449547e-09,-8.392333938900265e-09
3727.8788553575605,795.6350000000001,1000.0,0.0,146,2920000,1,0.027300329878926277,0.00019050000000000056,43.41899012909911,11.164038293277875,0.012914002202034662,201.2226448424708,3983.0,11.334144592285156,1.5790627002716064,12.913208246231079,1.4305114426349519e-08,7.019043124500968e-08
3753.0227227822697,798.6625000000001,1000.0,0.0,147,2940000,1,0.022954698652029037,0.00018975000000000057,44.775353471311135,13.53970410191594,0.0073697310664092965,202.62862544928115,4016.75,11.394887685775757,1.5544447898864746,12.949333667755127,-5.1689148961031606e-08,8.010864149810004e-08
3762.7210426948454,799.9425,1000.0,0.0,148,2960000,3,0.020378807559609413,0.00018900000000000058,50.1130076673465,18.981337115914425,0.004402360194774307,204.46122892824604,3986.25,11.410233497619629,5.012906551361084,16.423141956329346,-1.1825561863076928e-08,4.882812376649781e-08
3773.1751983642907,802.0225,1000.0,0.0,149,2980000,1,0.02159898728132248,0.0001882500000000006,50.73512040159573,16.2498016692579,0.0077526636798077595,206.49590479451626,4021.75,11.429460287094116,1.6236615180969238,13.053122520446777,-3.814697180359872e-08,-1.831054774470431e-08
3804.6408743768598,812.0550000000001,1000.0,0.0,150,3000000,1,0.02255549281835556,0.0001875000000000006,44.091364897097264,11.960511833714982,0.007433885421318273,208.7117241807639,4090.0,12.239161252975464,1.550123691558838,13.789289951324463,1.907348723406699e-09,5.7220457705398076e-08
1826.3302131112537,387.5725,1000.0,0.0,151,3020000,10,0.026456326246261597,0.0001867500000000006,174.54754816487954,9.454103509553324,-0.0020688318274766446,46.331331822209464,0.0,13.649936199188232,23.46437120437622,37.1143102645874,-9.498596398316295e-08,3.662109548940862e-08
31.13464587322766,0.0,1000.0,0.0,152,3040000,4,0.028393561020493507,0.0001860000000000006,294.9246048873987,4.651871922821663,0.0015610700851446167,46.94832360934907,0.0,13.870445251464844,10.937913179397583,24.808360815048218,-9.040832793516529e-08,-9.288788049843788e-08
49.53673859313547,0.0,1000.0,0.0,153,3060000,2,0.03910674899816513,0.0001852500000000006,190.1546797843787,2.4111611541753377,0.002720497795172369,47.66822771066294,0.0,12.967527627944946,4.068353891372681,17.035885334014893,1.0261535976496816e-07,1.78337103307058e-07
70.50007377079564,0.0,1000.0,0.0,154,3080000,2,0.04302506893873215,0.00018450000000000058,212.01938855229093,1.4211751944816913,0.0015519368577564057,48.404038462775965,0.0,12.528126001358032,3.4945201873779297,16.02264904975891,1.0223388358099328e-07,2.5939941750152684e-08
100.6543196980826,0.0,1000.0,0.0,155,3100000,2,0.03858798369765282,0.0001837500000000006,281.8084674917471,1.2450312900657472,0.002934409481378052,49.18331789132505,0.0,12.679724931716919,3.645515203475952,16.325241088867188,-5.912780665084938e-08,-7.591247452864991e-08
125.92294102723591,0.0,1000.0,0.0,156,3120000,1,0.02166697196662426,0.00018300000000000057,240.86994896605373,0.9071987149433587,0.004963599504700627,49.71691330248555,0.0,12.729243516921997,1.7833142280578613,14.512559175491333,5.7220459481754915e-09,1.5487671589653473e-07
147.62332296390318,0.0,1000.0,0.0,157,3140000,1,0.0236370787024498,0.00018225000000000058,250.87432627936903,0.8391503946849713,0.002462685508385729,49.98919942203802,0.0,12.580278635025024,1.8424272537231445,14.422707319259644,1.850128228397807e-08,7.553100545010238e-08
160.40718389093357,0.0,1000.0,0.0,158,3160000,2,0.02470885030925274,0.0001815000000000006,231.99549604147768,0.48631564996684323,0.005197433220704619,50.40271371469711,0.0,12.744206190109253,4.138742923736572,16.88295030593872,-1.0204315614714687e-08,-2.479553229406406e-09
180.18663438441985,0.0,1000.0,0.0,159,3180000,1,0.02045668661594391,0.0001807500000000006,229.3737687912231,1.5843021284086636,0.0036080214183795423,51.03680393109306,0.0,13.806828498840332,1.9604244232177734,15.767256259918213,9.53674295089968e-09,-1.0871887212715592e-07
207.71812833015397,0.0,1000.0,0.0,160,3200000,1,0.02212267369031906,0.0001800000000000006,183.4320710672738,0.7618463331708512,0.0054990665499156655,51.47456476863581,0.0,13.443570613861084,1.9961857795715332,15.439758062362671,-9.155273872352154e-09,-1.098632793627985e-07
195.18429044176725,0.0,1000.0,0.0,161,3220000,1,0.022975753992795944,0.00017925000000000062,211.86245772937616,1.0609152824543535,0.0047094884080092275,51.91913002672287,0.0,12.470250129699707,1.6518456935882568,14.12209677696228,-1.1825561863076928e-08,-1.1444092340440193e-09
208.26073288043472,0.0,1000.0,0.0,162,3240000,1,0.020260611549019814,0.00017850000000000063,290.94062569651743,2.2168394082460923,0.006579979827193121,52.438471236548864,0.0,12.97283124923706,2.142479419708252,15.115311622619629,1.9073485846288207e-10,5.6457519548303026e-08
216.07500323704494,0.0,1000.0,0.0,163,3260000,3,0.022569626569747925,0.00017775000000000063,173.2807350839162,1.404651485201015,0.0016562323719739153,53.22785063673513,0.0,14.298760652542114,6.3595192432403564,20.65828227996826,2.6702879907247734e-09,1.907348723406699e-09
237.61518687554627,0.0,1000.0,0.0,164,3280000,1,0.028378115966916084,0.00017700000000000064,242.01907479648773,1.9418242083856474,0.005520294439761688,53.6657440624298,0.0,13.649597883224487,1.9455246925354004,15.595125913619995,8.201599399626502e-09,5.41687015243042e-08
240.18110831312015,0.0,1000.0,0.0,165,3300000,1,0.0555184930562973,0.00017625000000000065,259.24517218068763,3.151639284322056,0.005757722588547598,54.26053692509953,0.0,14.030969619750977,2.6518967151641846,16.68286919593811,-1.440048258416482e-08,1.1062621929625038e-08
254.67363655220987,0.0,1000.0,0.0,166,3320000,2,0.027923522517085075,0.00017550000000000066,234.07680193075356,2.7828762340850344,0.0048362039893972706,54.94009114835209,0.0,13.825297117233276,4.197402000427246,18.02270197868347,1.1444092340440193e-09,1.2588500908350397e-08
251.66655032793977,0.0,1000.0,0.0,167,3340000,1,0.02365453727543354,0.00017475000000000067,182.84358710755174,3.150372171125854,0.008136655469930852,55.56404024800553,0.0,14.3825204372406,2.358119010925293,16.740642786026,6.866454960174906e-09,2.9373168786150927e-08
262.2582450970564,0.0,1000.0,0.0,168,3360000,2,0.024387532845139503,0.00017400000000000068,290.61936500049626,3.4355116847176523,0.003640701408132006,56.20518424183416,0.0,14.09141993522644,5.33309006690979,19.424513578414917,1.5258788677030566e-09,-7.629394893626795e-09
277.4842671298909,0.0,1000.0,0.0,169,3380000,2,0.03211231157183647,0.0001732500000000007,196.65270978574173,2.3888154571382003,0.003935118058187584,56.82117912487481,0.0,13.550349712371826,4.279984474182129,17.830337047576904,1.9073485846288207e-10,2.2888184680880386e-09
292.48669889664814,0.0,1000.0,0.0,170,3400000,1,0.024141326546669006,0.0001725000000000007,201.14440122122963,3.0605046304936607,0.0023554124617978884,57.58261307055196,0.0,15.257117748260498,2.0702872276306152,17.32740807533264,1.9073485846288207e-10,-1.907348723406699e-09
285.26380940644333,0.0,1000.0,0.0,171,3420000,2,0.02242564596235752,0.0001717500000000007,232.3028912605188,2.9565495413998826,0.0033027751642032365,58.42759504714332,0.0,13.457015752792358,4.2101757526397705,17.66719388961792,-1.3351439953623867e-09,-2.6702879907247734e-09
281.6202146810689,0.0,1000.0,0.0,172,3440000,1,0.02539432980120182,0.0001710000000000007,301.0908119518536,2.9597525749438867,0.004530058159067417,59.23690526553998,0.0,13.955209970474243,2.2859888076782227,16.241202354431152,-1.907348723406699e-09,-1.5258788677030566e-09
297.5633546081328,0.0,1000.0,0.0,173,3460000,1,0.029272012412548065,0.00017025000000000067,213.62152037148277,2.2616147607945787,0.006977622912000544,59.57085691701871,0.0,13.83890676498413,2.177809953689575,16.016719341278076,-1.9073485846288207e-10,-3.8146971692576415e-10
314.8506550324731,0.0,1000.0,0.0,174,3480000,1,0.022327356040477753,0.00016950000000000065,216.32351256483278,4.332852454183581,0.007925491201685378,59.877896793353294,0.0,13.856117248535156,2.027761220932007,15.883881330490112,-8.583068478174027e-09,6.866454960174906e-09
316.435840089874,0.0,1000.0,0.0,175,3500000,1,0.025627514347434044,0.00016875000000000066,278.80708930591425,3.3044628087704937,0.006002807819370787,60.587911575366135,0.0,13.64743447303772,2.1779072284698486,15.825344562530518,5.722046170220096e-10,-1.907348723406699e-09
327.1708518065927,0.0,1000.0,0.0,176,3520000,3,0.033871568739414215,0.00016800000000000064,227.00552437836114,2.006072097534316,0.002903371407869604,61.71077650677536,0.0,13.824034929275513,6.616092681884766,20.44012999534607,-1.8119812317252126e-09,-1.907348723406699e-09
321.6901842309313,0.0,1000.0,0.0,177,3540000,1,0.022893449291586876,0.00016725000000000065,162.1036217875374,2.459880860468831,0.006288659851105449,62.6068758979773,0.0,14.124674797058105,2.28576922416687,16.41044783592224,-5.2452087118126656e-09,1.1444092340440193e-09
333.79029590924586,0.0,1000.0,0.0,178,3560000,3,0.021467218175530434,0.00016650000000000063,231.46133805641605,2.9672086332806638,0.0022949309295828874,63.51611343562539,0.0,13.840301752090454,6.4754204750061035,20.315724849700928,-1.3351439953623867e-09,7.629394338515283e-10
347.43103830064393,0.0,1000.0,0.0,179,3580000,1,0.02741166763007641,0.00016575000000000064,243.53335442710608,1.9964086922308126,0.005679619790147097,64.88067968203998,0.0,14.165162086486816,2.219170570373535,16.384337902069092,3.433227480087453e-09,6.484985437538171e-09
393.35652970407153,0.0,1000.0,0.0,180,3600000,1,0.029822859913110733,0.00016500000000000065,185.5849241829528,1.2074850350618362,0.004748987114300934,65.98256100785618,0.0,13.646191358566284,2.1437997817993164,15.789995908737183,-7.104873578356319e-09,3.8146971692576415e-10
390.1916125918241,0.0,1000.0,0.0,181,3620000,4,0.0226194616407156,0.00016425000000000066,393.8927600886494,4.59490144434876,0.00017191949292099455,67.11668670215546,0.0,14.138469457626343,8.258867025375366,22.397340297698975,-3.8146971692576415e-10,9.155273872352154e-09
400.8290973747356,0.0,1000.0,0.0,182,3640000,1,0.028238167986273766,0.00016350000000000067,282.1982574432422,3.324633937436171,0.006468768515728247,67.97220155758599,0.0,13.850877285003662,2.195173978805542,16.04605460166931,7.629394338515283e-10,1.4877318932349226e-08
404.6177816589534,0.0,1000.0,0.0,183,3660000,1,0.02756519988179207,0.00016275000000000068,240.0887651352075,2.3996322972420305,0.006598998804371387,68.70993000554581,0.0,13.77572512626648,2.1324243545532227,15.908152103424072,-5.340575981449547e-09,4.959106458812812e-09
419.9905765421101,0.0,1000.0,0.0,184,3680000,1,0.025582551956176758,0.00016200000000000069,337.0373503834295,4.4539916136870366,0.007092275781729542,68.97556126993685,0.0,13.839900016784668,2.0832278728485107,15.923131227493286,3.6239624634504253e-09,1.5258788677030566e-09
437.1449199203709,0.0,1000.0,0.0,185,3700000,1,0.028017884120345116,0.00016125000000000067,357.2110911390652,3.8313876801786333,0.005132220181139608,69.34526749388479,0.0,13.731520652770996,2.175710916519165,15.907236099243164,1.2969970875076342e-08,-6.103515470812226e-09
436.4233218309088,0.0,1000.0,0.0,186,3720000,1,0.02509341947734356,0.00016050000000000068,281.32376950541243,2.3960792426579296,0.006212795553461146,69.54388101108539,0.0,13.695796489715576,2.294440269470215,15.990240335464478,6.103515470812226e-09,-3.433227480087453e-09
428.754085519712,0.0,1000.0,0.0,187,3740000,1,0.023223446682095528,0.00015975000000000068,138.2221864420004,1.3934613967570253,0.00792327876271198,69.86294053537777,0.0,13.984159231185913,2.2062392234802246,16.19040083885193,-4.577636936176077e-09,2.0980834847250662e-09
450.09364861314754,0.0,1000.0,0.0,188,3760000,2,0.023078052327036858,0.0001590000000000007,323.0984519967637,3.047783787067706,0.003950919404018896,70.82322924434186,0.0,14.994144201278687,4.73781943321228,19.731967449188232,0.0,9.155273872352154e-09
467.0894041160315,0.0,1000.0,0.0,189,3780000,1,0.02355787716805935,0.00015825000000000068,198.51220907266148,1.6743564303404987,0.004726499255847769,71.61981401047386,0.0,13.929866313934326,2.143702745437622,16.073572397232056,-6.484985437538171e-09,-2.2888184680880386e-09
481.5026281158698,0.0,1000.0,0.0,190,3800000,1,0.024253981187939644,0.00015750000000000066,379.0130566636594,3.544326877727295,0.0027674143708433015,72.37017853953206,0.0,14.218932151794434,2.1313695907592773,16.35030484199524,1.1444092340440193e-09,1.525878978725359e-08
479.38314808140956,0.0,1000.0,0.0,191,3820000,2,0.022038966417312622,0.00015675000000000067,232.2898149657935,1.9074662126862585,0.0023611913812302122,73.6103875766547,0.0,13.795145273208618,4.189006090164185,17.984153747558594,-7.629394338515283e-10,-1.5258788677030566e-09
506.19684519029886,0.0,1000.0,0.0,192,3840000,1,0.02277594618499279,0.00015600000000000065,266.2806789897882,3.164117086809664,0.004048943602905487,74.43727652942792,0.0,14.043178796768188,1.9963183403015137,16.03950071334839,0.0,0.0
518.5072657418401,0.0,1000.0,0.0,193,3860000,1,0.022708937525749207,0.00015525000000000066,280.9132580772376,2.845590848749438,0.004756746071274764,75.5679241826359,0.0,14.341329336166382,2.424074172973633,16.76540970802307,-8.77380390562621e-09,1.5258788677030566e-09
529.9923675715338,0.0,1000.0,0.0,194,3880000,1,0.023325787857174873,0.00015450000000000064,190.95472836722962,1.630758261528259,0.006163813552399651,76.72023614755454,0.0,14.44559621810913,2.1571097373962402,16.602710723876953,2.0980834847250662e-09,-1.5258788677030566e-09
537.2517348008895,0.0,1000.0,0.0,195,3900000,3,0.022509021684527397,0.00015375000000000065,337.8354087307557,2.8540056086005494,0.0018637752139601654,77.58467652114689,0.0,13.928738355636597,6.548133850097656,20.47687554359436,1.525878978725359e-08,-5.7220459481754915e-09
553.9570602169761,0.0,1000.0,0.0,196,3920000,1,0.02761724218726158,0.00015300000000000066,226.95520491798084,1.9178307245905026,0.0062512924408200925,78.6717496878042,0.0,15.111168622970581,2.0986363887786865,17.209809064865112,-2.6702879907247734e-09,-3.051757735406113e-09
582.5992565409538,0.0,1000.0,0.0,197,3940000,2,0.026090698316693306,0.00015225000000000066,286.3773875190808,2.84855526195357,0.0012207074649111269,80.06123789583151,0.0,13.772599935531616,5.154826641082764,18.92742896080017,-2.2888184680880386e-09,2.2888184680880386e-09
601.0658531843753,0.0025,1000.0,0.0,198,3960000,1,0.0203044805675745,0.00015150000000000067,258.6190630879265,1.572668489223471,0.007070340760671102,81.2081232040454,0.25,14.227308750152588,2.0066118240356445,16.233922958374023,-1.239776614703203e-09,3.8146971692576415e-10
616.6445898736984,0.05750000000000001,1000.0,0.0,199,3980000,5,0.023740045726299286,0.00015075000000000068,324.831439509407,2.588596853175864,0.0009213038146668397,82.82017172913963,0.25,13.72475790977478,9.888412237167358,23.61317491531372,-3.8146971692576415e-10,-2.2888184680880386e-09
626.145206749441,0.04,1000.0,0.0,200,4000000,1,0.02310895547270775,0.0001500000000000007,252.8606343193176,1.0356217731778232,0.00951287828492947,83.88672272313516,0.0,13.788331031799316,2.2355096340179443,16.023844242095947,-8.01086397217432e-09,7.629394338515283e-10
249.09846653826486,0.0,1000.0,0.0,201,4020000,2,0.03696689009666443,0.0001492500000000007,255.20700898642738,1.0640120512951676,0.003766417979060437,84.48599210257728,0.0,14.866883516311646,4.429534912109375,19.296422004699707,-2.39372255350645e-08,9.536743617033494e-10
83.93498820485027,0.15750000000000003,1000.0,0.0,202,4040000,4,0.026991654187440872,0.00014850000000000068,152.57048830894615,0.7682266993382678,-0.0011902290809982883,85.36659457051336,1.25,13.914610624313354,9.618141174316406,23.532755613327026,3.814697446813398e-09,-3.8146971692576415e-10
262.4341708307186,0.2225,1000.0,0.0,203,4060000,5,0.021900730207562447,0.00014775000000000066,204.90741554114004,0.8992894147912535,-0.00241749916826717,86.59221859770462,3.0,13.891865968704224,11.56489109992981,25.45676064491272,5.7220459481754915e-09,-1.7166137400437265e-09
313.4226096114885,0.635,1000.0,0.0,204,4080000,1,0.020398663356900215,0.00014700000000000065,101.66318173149523,0.2296425490238415,0.007065446971478268,87.3336425391249,2.75,14.465893268585205,2.444822311401367,16.91071891784668,-1.287460360543946e-09,-3.2424927187690855e-09
408.46465229926315,0.925,1000.0,0.0,205,4100000,2,0.024591436609625816,0.00014625000000000065,156.16612729934837,0.30341880199627375,0.0014428992215663003,87.31183542611119,4.75,14.906357049942017,5.546661376953125,20.453022718429565,-2.574920721087892e-09,-1.5258788677030566e-09
485.5259213836547,1.03,1000.0,0.0,206,4120000,1,0.03212246671319008,0.00014550000000000066,158.25304009434515,0.27567119615527386,0.005650892513045393,87.36507335333778,8.0,14.406368970870972,2.323085308074951,16.72945785522461,1.125335735707722e-08,-1.9073485846288207e-10
512.8725390552256,1.7400000000000002,1000.0,0.0,207,4140000,1,0.022311240434646606,0.00014475000000000067,117.40968021112509,0.2784373297001988,0.005941573891955348,87.57779064726905,5.75,13.861767768859863,2.3333046436309814,16.195075750350952,-1.5735626135437997e-08,5.722046170220096e-10
592.2879010477602,1.25,1000.0,0.0,208,4160000,1,0.021391611546278,0.00014400000000000065,158.31629175728503,0.32530895613443356,0.005627408064306735,88.08194072101824,7.25,13.661962270736694,2.690965175628662,16.352932453155518,5.722046170220096e-10,-1.239776614703203e-09
534.4750993507691,1.9649999999999994,1000.0,0.0,209,4180000,6,0.02963888831436634,0.00014325000000000064,133.07121690622154,0.24026646388097567,-0.0019861628635934256,88.96585565634048,12.0,13.810522556304932,15.469615936279297,29.2801411151886,-6.818771325356465e-09,1.6212463593845428e-09
452.5462332341625,2.555,1000.0,0.0,210,4200000,1,0.028160329908132553,0.00014250000000000064,90.50041779161643,0.25708637626978537,0.00738140236520872,89.54546953390201,12.5,14.991844654083252,2.723144769668579,17.714993953704834,-1.4305114870438729e-09,-8.583068700218632e-10
450.14338813365794,2.945,1000.0,0.0,211,4220000,1,0.03798308223485947,0.00014175000000000063,99.27226326793146,0.26535901408225965,0.005411038895289357,90.01657104492188,20.0,14.429016351699829,2.27990984916687,16.70892882347107,6.818771325356465e-09,4.768371808516747e-10
507.7311881885773,4.4174999999999995,1000.0,0.0,212,4240000,1,0.021182585507631302,0.0001410000000000006,120.75746650817676,0.3834032546788359,0.004135928918628361,90.71989813856423,19.25,13.880339622497559,2.4955873489379883,16.375929594039917,-8.535384843355587e-09,5.722046170220096e-10
538.6817935805523,3.2375,1000.0,0.0,213,4260000,2,0.027710840106010437,0.0001402500000000006,150.7616477637245,0.416925708016458,0.0016019873811265292,91.4378166808107,20.5,14.592042922973633,5.363326072692871,19.955371618270874,-1.1444091896350983e-08,-1.7166137400437265e-09
621.3114716064531,4.78,1000.0,0.0,214,4280000,1,0.02137712389230728,0.00013950000000000057,130.48733660055044,0.28457919677225546,0.003780253445759368,92.12291288528199,23.25,14.509607076644897,2.424210548400879,16.933820724487305,-9.536742923144104e-11,-1.907348723406699e-09
714.5578940458474,5.8774999999999995,1000.0,0.0,215,4300000,1,0.030408715829253197,0.00013875000000000058,112.71165558019766,0.37638031312832815,0.002890151880752926,92.61573525815726,34.75,14.049650192260742,2.2416765689849854,16.29132914543152,8.964538444899972e-09,-2.813339339269305e-09
734.2160364750192,7.08,1000.0,0.0,216,4320000,3,0.020385943353176117,0.0001380000000000006,85.86320848637622,0.4819648536884239,5.2511751556548826e-05,94.33018390464579,36.0,13.647286176681519,6.871593952178955,20.518884420394897,-3.700256456795614e-08,-3.051757735406113e-09
577.8954969859492,7.327500000000001,1000.0,0.0,217,4340000,3,0.02320476435124874,0.00013725000000000057,84.84349233121537,0.30947728491565796,0.0014693260523148427,95.62137697197505,36.75,14.757034540176392,7.220653057098389,21.97769069671631,-1.8596648665436533e-09,5.722046170220096e-10
661.1551477027023,9.59,1000.0,0.0,218,4360000,3,0.020118514075875282,0.00013650000000000058,121.14223741545591,0.5711315618282435,-0.000523911777157753,96.84170774352182,59.5,13.70561695098877,6.894625902175903,20.600245475769043,2.4604798198879507e-08,5.722046170220096e-10
837.0798679571137,13.5775,1000.0,0.0,219,4380000,1,0.020490026101469994,0.0001357500000000006,95.47672235775299,0.7884246382279138,0.0054170611885766065,97.74431797795403,73.5,14.197452306747437,2.229349374771118,16.426804780960083,-1.4495849853801701e-08,1.5258788677030566e-09
864.902634984394,17.107500000000005,1000.0,0.0,220,4400000,2,0.021978221833705902,0.0001350000000000006,130.89241961092233,0.9542770782313027,0.0008950384353070309,98.63955465444741,86.75,13.523182153701782,4.1659369468688965,17.689122676849365,-1.4305114426349519e-08,1.5258788677030566e-09
853.8676385629069,17.932500000000005,1000.0,0.0,221,4420000,2,0.02141677588224411,0.0001342500000000006,113.63009746844014,0.9155829385065803,0.0020798140223295732,99.5917030066347,109.25,13.668128728866577,4.4323813915252686,18.100513696670532,-2.1839142050339433e-08,-2.2697449253428204e-08
1023.4895463858547,24.805,1000.0,0.0,222,4440000,4,0.023040015250444412,0.0001335000000000006,125.19031940100673,1.3327264535112884,-0.0018825284893454882,101.05659919958146,126.75,13.61600947380066,10.865080118179321,24.48109269142151,2.5177001816700795e-08,-4.577636936176077e-09
1102.2486698032508,25.15,1000.0,0.0,223,4460000,2,0.020992346107959747,0.00013275000000000057,112.41832469294246,0.7574670950825603,0.0012772321602859246,102.76086077217857,126.25,13.64545202255249,4.708646774291992,18.35410237312317,-1.9359589487066842e-08,-3.6239624634504253e-09
1083.0699479352868,26.3525,1000.0,0.0,224,4480000,2,0.022036653012037277,0.00013200000000000058,163.443323732565,1.3950418586167284,0.0007064059103717105,104.44681472290819,140.25,13.695062637329102,5.7771852016448975,19.472251415252686,6.771087690538025e-09,1.2588500908350397e-08
1179.752216081094,31.1325,1000.0,0.0,225,4500000,2,0.02165505662560463,0.00013125000000000056,128.7228970938978,1.5375589425095355,0.002143578813634456,106.05375693324275,164.0,15.229787826538086,4.875183343887329,20.10497546195984,-1.506805347162299e-08,1.6975402417074292e-08
1168.31438150613,32.3325,1000.0,0.0,226,4520000,1,0.022367581725120544,0.00013050000000000057,135.67111102460672,1.537586621297434,0.004201741191371085,107.31015543587291,159.75,13.487925291061401,2.0370635986328125,15.52499008178711,1.4114379887075756e-08,-1.2588500908350397e-08
1109.591185172085,33.440000000000005,1000.0,0.0,227,4540000,6,0.02094622142612934,0.00012975000000000055,193.8311027277011,1.8359530931844499,-0.0018006006474690997,108.92604633286611,188.5,13.900781631469727,15.79247236251831,29.693258047103882,7.629394893626795e-09,2.6702879907247734e-09
1127.4732806067343,35.977500000000006,1000.0,0.0,228,4560000,2,0.0236667487770319,0.00012900000000000053,123.86093913404325,1.0000557251536428,0.004348353308717759,110.00177014140657,171.0,14.397171974182129,5.917907238006592,20.315082788467407,3.051757735406113e-09,7.629394338515283e-10
1198.302900780624,38.9425,1000.0,0.0,229,4580000,4,0.028481189161539078,0.00012825000000000054,144.12193027776652,1.2692673646937163,-0.001167392068447325,110.88512243935095,201.5,18.027658224105835,10.366103649139404,28.393765687942505,-8.392333938900265e-09,-4.00543198608716e-09
1284.3897470340466,40.80500000000001,1000.0,0.0,230,4600000,3,0.021882086992263794,0.00012750000000000055,113.60409629383027,1.073714177131145,-0.0013033012875392478,112.08678981468192,202.25,14.279021263122559,7.024236440658569,21.303261041641235,-4.577636936176077e-09,-8.535384843355587e-09
1285.272201991862,43.7325,1000.0,0.0,231,4620000,6,0.027826447039842606,0.00012675000000000056,116.11132113494304,1.2425831639316007,-0.001991924687702292,114.97691843684869,239.25,13.64387035369873,14.713287353515625,28.357161045074463,-3.6239624634504253e-09,-1.9073485846288207e-10
1320.639178326044,46.2025,1000.0,0.0,232,4640000,2,0.028823763132095337,0.00012600000000000054,114.5399154245663,1.4630558041814037,0.002890160250754212,117.44230922418662,233.0,14.871848583221436,4.63859748840332,19.510449409484863,-1.039505015398845e-08,1.1444091896350983e-08
1313.159274363636,46.21249999999999,1000.0,0.0,233,4660000,6,0.02045581303536892,0.00012525000000000055,145.87632950273945,1.2699542741298169,-0.0024255015212879837,119.64933741511628,227.75,14.293314218521118,14.664652347564697,28.95797061920166,4.00543198608716e-09,-2.574920721087892e-09
1377.258158479072,50.8725,1000.0,0.0,234,4680000,2,0.02510187216103077,0.00012450000000000053,121.76421996351249,1.4000300543186384,0.0023429854508911887,121.70333345553365,281.0,14.291693925857544,4.94346022605896,19.23515748977661,-7.724762163263676e-09,-8.01086397217432e-09
1383.2252982003008,52.692499999999995,1000.0,0.0,235,4700000,2,0.022126995027065277,0.00012375000000000054,132.8188011394903,1.098511992456814,0.003477101074010967,123.4484409417588,248.0,14.50947380065918,4.958138942718506,19.467616319656372,-6.675719976811934e-10,-3.433227480087453e-09
1360.3592187077193,53.269999999999996,1000.0,0.0,236,4720000,1,0.02646220102906227,0.00012300000000000052,105.06414198342223,1.7576056473171369,0.004713896699190235,125.46936939471065,279.75,13.750732183456421,2.418905258178711,16.16964077949524,-1.8119811429073707e-08,-8.201599399626502e-09
1451.8324744193312,57.62750000000001,1000.0,0.0,237,4740000,2,0.023540297523140907,0.00012225000000000053,157.42886671547691,1.6184532152482878,0.002025714753338466,126.43154149162122,285.0,14.557642936706543,5.0790510177612305,19.636698484420776,-3.6239624634504253e-09,7.629394338515283e-10
1460.6513977940508,58.2925,1000.0,0.0,238,4760000,1,0.029250578954815865,0.00012150000000000053,88.79411595012434,1.4486578971433182,0.005186625911047855,127.95709591704055,297.5,13.607532501220703,2.319624662399292,15.927160501480103,-3.433227480087453e-09,-1.678466787780053e-08
1450.9239588368391,60.410000000000004,1000.0,0.0,239,4780000,2,0.02962581254541874,0.00012075000000000052,90.75619632215165,1.0729211495040705,0.0026249406084168357,129.15846947130686,311.75,13.610760688781738,4.752621412277222,18.363386631011963,5.531310964812519e-09,4.959106458812812e-09
1490.7071496144922,62.072500000000005,1000.0,0.0,240,4800000,9,0.02323576621711254,0.00012000000000000052,94.7081446452982,1.3908336874775993,-0.004286958405980757,132.0564828587628,315.25,14.191574096679688,21.157869338989258,35.34944486618042,-1.3923645347801994e-08,-1.506805347162299e-08
1477.8521339740391,67.47,1000.0,0.0,241,4820000,11,0.024072298780083656,0.00011925000000000051,102.79333573983153,1.1905845045835655,-0.00450795328132581,136.7465761324849,339.0,13.907652616500854,29.13421869277954,43.04187512397766,-9.202957507170595e-09,3.6239624634504253e-09
1492.6758780776925,69.18499999999999,1000.0,0.0,242,4840000,9,0.02248574048280716,0.00011850000000000051,102.06306058648718,1.681877647196946,-0.004772968288745108,141.0862733775265,356.25,13.685359239578247,21.006303787231445,34.69166707992554,-1.2207030941624453e-08,-5.340575981449547e-09
1469.5909325386533,69.5875,1000.0,0.0,243,4860000,3,0.020347189158201218,0.0001177500000000005,84.00195169296508,1.1509091128556492,0.0005445622487432057,143.73468529454436,349.75,13.92220950126648,7.642334222793579,21.564546823501587,1.2969970875076342e-08,8.583068478174027e-09
1517.6055745785604,72.06250000000001,1000.0,0.0,244,4880000,12,0.021052515134215355,0.0001170000000000005,112.04042630327649,1.4685820906211773,-0.005769881433041129,146.6683509306659,363.5,14.089073181152344,27.65923523902893,41.748310804367065,-7.653236266946806e-09,-1.1301040991895661e-08
1571.9944707296988,77.03,1000.0,0.0,245,4900000,5,0.020912697538733482,0.0001162500000000005,75.05189347800355,1.398526037653414,-0.00017108136621384195,149.97371833971894,416.0,13.81287431716919,11.878244400024414,25.69112229347229,1.3828277189986693e-08,-1.125335735707722e-08
1578.2035389262376,82.46,1000.0,0.0,246,4920000,7,0.022282063961029053,0.00011550000000000049,137.08265268046364,1.34618721224303,-0.0032063178194832146,153.03045987887015,409.0,14.074674606323242,16.282599925994873,30.357277870178223,-1.3446808111439168e-08,7.057189943537878e-09
1603.9114123142076,81.6775,1000.0,0.0,247,4940000,12,0.023549234494566917,0.0001147500000000005,80.80300850304552,1.3285279422839738,-0.0049919936459848,157.93493748218995,399.5,14.08439302444458,29.473656177520752,43.55805253982544,-2.574920721087892e-09,-1.1062621929625038e-08
1605.139207446266,81.85499999999999,1000.0,0.0,248,4960000,8,0.02220209315419197,0.0001140000000000005,90.03576372454341,1.220253384746492,-0.003512113215996863,162.26041545806982,415.25,13.744576930999756,21.788026571273804,35.532607316970825,1.287460360543946e-08,-1.3208389049168545e-08
1508.8187416034773,79.08250000000001,1000.0,0.0,249,4980000,8,0.020464569330215454,0.00011325000000000049,70.10899317835847,1.1929859466636523,-0.0034611370149864474,166.03046520220965,400.0,13.77953553199768,19.215031385421753,32.99457025527954,-3.433227480087453e-09,6.484985437538171e-09
1621.9272003038575,86.3225,1000.0,0.0,250,5000000,9,0.020086979493498802,0.00011250000000000048,154.9671584201443,1.2783972369807808,-0.0024925206128652,169.72951148713275,443.5,13.7622389793396,21.78764295578003,35.54988503456116,1.0728836485895954e-08,-4.00543198608716e-09
1926.4736594246274,129.0175,1000.0,0.0,251,5020000,2,0.033606868237257004,0.00011175000000000048,143.74068216317758,2.389623994263597,0.0015601915531991103,80.89455663662748,838.25,14.34021520614624,4.740729570388794,19.080947637557983,-4.6730040281772744e-08,2.479553273815327e-08
2229.3372913742605,190.4225,1000.0,0.0,252,5040000,4,0.02034906856715679,0.00011100000000000048,118.91817489599649,3.74206333486036,-0.0037888384652145493,81.12833167493534,1059.25,14.063100576400757,10.6823410987854,24.74544596672058,-2.574920721087892e-08,1.8186568695455207e-07
2384.821397054049,247.375,1000.0,0.0,253,5060000,3,0.02176978811621666,0.00011025000000000047,72.23413533829272,4.556755053730438,-0.0044651702165413205,82.34462382161199,1346.5,14.663206815719604,7.305709362030029,21.968919277191162,-8.392333938900265e-09,3.3187866677053535e-08
2505.7857053120124,295.74,1000.0,0.0,254,5080000,4,0.020484643056988716,0.00010950000000000047,132.43929191138417,5.337970147308069,-0.004440831973927078,83.33209809860863,1636.0,14.142325401306152,8.995049238204956,23.137376308441162,-2.145767119543507e-09,-1.3875961712983553e-08
2661.915551117357,357.59,1000.0,0.0,255,5100000,3,0.02064286731183529,0.00010875000000000046,85.98160722994575,6.53832816645995,-0.0034384847265550187,84.34205053002435,1932.25,13.6953604221344,6.956668376922607,20.652032375335693,1.2969970875076342e-08,-1.0414123607915826e-07
2807.563536978242,417.1,1000.0,0.0,256,5120000,2,0.024483483284711838,0.00010800000000000046,101.62765480078066,6.695084454914252,-0.0015185756107476858,85.4596061706543,2199.0,13.691153049468994,4.6046977043151855,18.295854806900024,8.611679191972144e-08,1.0604858147189589e-07
2936.7376569730827,470.71000000000004,1000.0,0.0,257,5140000,4,0.02641068771481514,0.00010725000000000045,49.36872645003346,6.637697893019301,-0.0053287919167393505,86.47535073642914,2509.75,13.6017005443573,10.06016230583191,23.661866188049316,1.810073797514633e-07,-1.9836425835251248e-08
3049.853543508381,518.3,1000.0,0.0,258,5160000,19,0.021146196871995926,0.00010650000000000045,115.48485311107594,6.765134820542015,-0.007751593653280842,89.76995665513509,2686.5,13.414172172546387,43.01862716674805,56.43280100822449,1.6212463593845428e-09,1.4724732011472952e-07
3173.5526840097336,565.4525000000001,1000.0,0.0,259,5180000,13,0.02150697447359562,0.00010575000000000044,147.00580896549596,8.448306070349087,-0.005838749409040071,94.18629159503148,2925.0,13.536414384841919,28.727592945098877,42.26400923728943,2.6893616222878336e-08,-1.5945434483910503e-07
3266.749761084883,599.925,1000.0,0.0,260,5200000,5,0.02106819674372673,0.00010500000000000044,80.61362557274084,9.218803383976507,-0.002896388706873162,97.71749446491083,3069.75,13.457549095153809,11.613677024841309,25.071228981018066,-3.814697180359872e-08,-1.5335082537148992e-07
3333.836299253055,625.2025,1000.0,0.0,261,5220000,3,0.022532306611537933,0.00010425000000000043,64.94021050592328,8.080362337973678,0.0004176531273165482,99.85444938489043,3183.75,13.630625247955322,7.574516534805298,21.205146074295044,-3.032684503523342e-08,1.30462652236929e-07
3398.508861527539,648.4024999999999,1000.0,0.0,262,5240000,10,0.02341689169406891,0.00010350000000000043,251.45753584730738,8.875540004142175,-0.0044510153111088245,102.40372406834612,3299.5,13.568805456161499,22.5449481010437,36.11375689506531,-2.1934509319976314e-08,-1.7776488903109566e-07
3470.481652897002,675.345,1000.0,0.0,263,5260000,1,0.020553041249513626,0.00010275000000000042,123.981453761506,13.9185924868995,0.00344363746855158,104.53338374421239,3464.5,13.488216161727905,2.3236629962921143,15.81188178062439,-6.065369007046684e-08,1.2664794724059902e-07
3531.04146290253,699.8599999999999,1000.0,0.0,264,5280000,6,0.02211068756878376,0.00010200000000000042,114.5776452667797,9.138269020409123,-0.002560201322801681,107.35494106646163,3491.25,13.59316086769104,13.39707636833191,26.99023962020874,-1.354217538107605e-08,8.621216096571516e-08
3555.0900522286056,710.075,1000.0,0.0,265,5300000,14,0.022530194371938705,0.00010125000000000041,176.5804771132145,7.492645619803507,-0.003962858063170949,111.5638908236498,3621.25,13.92947793006897,33.806984424591064,47.73646593093872,5.779266487593304e-08,-1.2130738014093367e-07
3613.4687346126784,733.3174999999999,1000.0,0.0,266,5320000,7,0.021155379712581635,0.00010050000000000041,189.52219660126525,10.532686863028259,-0.003554652256182119,115.58641401505916,3704.5,13.799524068832397,18.036380290985107,31.83590793609619,2.6130676289426447e-08,-1.708984314063855e-07
3657.3174082374135,750.2500000000001,1000.0,0.0,267,5340000,7,0.024022119119763374,9.97500000000004e-05,156.18557248535575,11.17292170043625,-0.0028081025008200606,119.94224964108766,3794.75,14.46772813796997,15.718779563903809,30.186511754989624,-3.776550272505119e-08,-2.1591186794012174e-07
3686.2845659511745,762.2625,1000.0,0.0,268,5360000,4,0.020448563620448112,9.90000000000004e-05,121.87871465667749,18.210674052897353,0.001596531738116504,123.28385116040897,3834.75,13.665538549423218,9.494374513626099,23.159916877746582,-9.727478378351861e-09,-5.035400363340159e-08
3707.2786157590917,769.995,1000.0,0.0,269,5380000,8,0.02104182355105877,9.82500000000004e-05,253.12472926389677,7.257026895404624,-0.0025769647663387027,126.86443644209791,3850.25,14.627098321914673,18.271524667739868,32.89862585067749,-1.5258788677030566e-09,-2.006530763765113e-07
3729.6840111289944,775.115,1000.0,0.0,270,5400000,1,0.028289416804909706,9.750000000000039e-05,194.79205162304277,15.049796899667562,0.001297009161140877,129.67928633522303,3910.25,14.045912742614746,2.9792771339416504,17.025193452835083,6.675719976811934e-10,7.476806729300733e-08
3773.3443396028633,790.3025000000001,1000.0,0.0,271,5420000,2,0.02146613597869873,9.675000000000039e-05,97.72179795377933,11.788977442838894,0.00390674533268895,131.31997256537977,3982.25,13.732739686965942,5.413323402404785,19.146065950393677,4.234313877304885e-08,-2.2888184680880386e-09
3793.0245957040147,796.1125,1000.0,0.0,272,5440000,10,0.023079687729477882,9.600000000000038e-05,145.70656047370107,12.492297921889126,-0.003004431817085503,134.61102608385178,3978.0,14.020048379898071,26.058818578720093,40.078869581222534,7.915496702537439e-09,6.866454782539222e-08
3814.639091815682,800.74,1000.0,0.0,273,5460000,1,0.027274856343865395,9.525000000000038e-05,66.4372211919425,5.0153178989696805,0.007350301335806759,137.66462736769606,4032.0,14.694099187850952,2.453732967376709,17.14783501625061,-1.7929076889799944e-08,-3.204345588869728e-08
3857.0987733675174,813.4475,1000.0,0.0,274,5480000,15,0.022539015859365463,9.450000000000037e-05,33.27148166591494,18.18180058561067,-0.005054520310276645,142.1403756658617,4087.0,13.63410472869873,35.774065256118774,49.40817308425903,2.5177001816700795e-08,-4.577636936176077e-09
3880.3755736069616,822.6825000000001,1000.0,0.0,275,5500000,12,0.020017264410853386,9.375000000000037e-05,23.176543623494645,10.942994375515797,-0.00580867136504027,147.64706713805438,4153.5,13.73014235496521,31.390576362609863,45.12072229385376,1.3179779045913165e-07,-4.577636936176077e-09
3930.027015202847,837.9875,1000.0,0.0,276,5520000,9,0.024683475494384766,9.300000000000036e-05,141.42032431405107,13.058229206257524,-0.0022785319513981823,151.26485848012103,4209.5,13.51207947731018,21.555196285247803,35.06727862358093,-2.0980834847250662e-08,-1.2207030941624453e-08
3948.461010096843,844.5550000000001,1000.0,0.0,277,5540000,2,0.02370203472673893,9.225000000000036e-05,91.99517765898293,16.064702934826524,0.0017951478283054912,153.9439366008527,4232.0,13.853387117385864,4.721944093704224,18.575334310531616,7.629394338515283e-10,6.713867151120212e-08
3959.555039162943,848.54,1000.0,0.0,278,5560000,4,0.02668457292020321,9.150000000000035e-05,61.613470984724,26.806445420454867,0.0003652659645780159,156.99567012360302,4263.5,15.06592845916748,9.528827905654907,24.594758987426758,1.4686584393075464e-08,4.1198731537406275e-08
3980.4518271527313,854.115,1000.0,0.0,279,5580000,2,0.022741027176380157,9.075000000000035e-05,45.6183322885166,29.091008383245132,0.0020012456258705342,159.6571937049159,4283.0,15.030736207962036,4.72576117515564,19.756500005722046,-5.722046170220096e-10,3.051757957450718e-08
4020.236698674209,863.4275,1000.0,0.0,280,5600000,9,0.021055806428194046,9.000000000000034e-05,154.90020843664297,13.216416025208293,-0.0029627165686782818,162.02341037326389,4338.25,14.50732159614563,22.36361527442932,36.87094068527222,1.201629640235069e-08,1.754760781125242e-08
4027.912190538494,865.0974999999999,1000.0,0.0,281,5620000,2,0.021446293219923973,8.925000000000034e-05,456.94804692801574,15.18121223575391,0.0004935388560421741,164.33793669386793,4310.5,13.827514886856079,4.926044225692749,18.75356149673462,3.051757735406113e-09,1.602172794434864e-08
4035.322861946452,864.07,1000.0,0.0,282,5640000,21,0.02066926099359989,8.850000000000034e-05,311.10271628763,15.681322556424863,-0.004580878480161157,168.83668524566423,4344.5,13.613386869430542,49.757354497909546,63.370744466781616,1.2588500908350397e-08,-7.171630755919978e-08
4059.778070664632,872.11,1000.0,0.0,283,5660000,1,0.029997851699590683,8.775000000000033e-05,125.84243559913513,24.495540608232396,0.010914317147728924,172.2927187106099,4362.25,13.649613857269287,2.2954678535461426,15.945086240768433,8.77380390562621e-09,-5.7983399415206804e-08
4070.395874359792,873.0875,1000.0,0.0,284,5680000,1,0.02623966708779335,8.700000000000033e-05,62.951695426965294,14.523523593482118,0.006438679582537554,174.00003081007887,4374.0,13.790711402893066,2.1407089233398438,15.931423902511597,2.0980834847250662e-08,1.9836425835251248e-08
4092.9344394678146,879.3175000000001,1000.0,0.0,285,5700000,2,0.021354258060455322,8.625000000000032e-05,126.53733816999977,15.30388576211259,0.001039403315169362,175.80646936581158,4409.0,13.87568712234497,4.460104942321777,18.335794687271118,1.602172794434864e-08,6.103515470812226e-09
4098.8275943593635,878.1225000000001,1000.0,0.0,286,5720000,1,0.020631322637200356,8.550000000000032e-05,98.4245059315008,8.531837187636013,0.0026156061519377717,177.02505849039974,4394.5,13.564730405807495,2.4049906730651855,15.969725131988525,3.8146971692576415e-10,3.051757957450718e-08
4119.2218585117835,882.8,1000.0,0.0,287,5740000,2,0.02193232998251915,8.475000000000031e-05,136.16759478169888,14.746965627700757,0.0014579365548406974,177.6235365212535,4429.0,13.623239278793335,4.503273963928223,18.126516819000244,-4.577636936176077e-09,-7.629394893626795e-09
4140.857826378166,889.3099999999998,1000.0,0.0,288,5760000,4,0.020158737897872925,8.400000000000031e-05,281.0690450660718,6.542339134711427,-0.0015030140855004446,178.7606257356394,4451.75,13.760166883468628,9.694286823272705,23.454457759857178,0.0,-8.392333938900265e-09
4146.142059676317,889.6049999999999,1000.0,0.0,289,5780000,5,0.022955231368541718,8.32500000000003e-05,88.39944385187313,8.431596266804412,-0.0006597244161398361,181.42276783903566,4455.25,14.409615993499756,12.572977304458618,26.982596158981323,-1.201629640235069e-08,-2.1362303925798187e-08
4170.113365721032,895.5600000000001,1000.0,0.0,290,5800000,5,0.020551804453134537,8.25000000000003e-05,172.70315925000955,14.480618777366493,-0.001363187141645069,184.50754131280576,4493.25,13.8291654586792,11.554955959320068,25.38412618637085,-1.6403198799253005e-08,5.264282165740042e-08
4188.335892042964,900.5575000000001,1000.0,0.0,291,5820000,3,0.021688297390937805,8.175000000000029e-05,59.44416614081532,7.940749376917037,0.0038412137453457196,187.42213114940574,4495.0,13.949388265609741,7.266048431396484,21.215440034866333,-2.0599365768703137e-08,-1.3732909920349812e-08
4200.709374218472,901.575,1000.0,0.0,292,5840000,14,0.02068995125591755,8.100000000000029e-05,114.370670957796,10.498841722389162,-0.004162268876129976,191.72293693580784,4520.5,14.337949514389038,34.35242319107056,48.690375089645386,6.103515470812226e-09,0.0
4192.662198656403,899.8549999999999,1000.0,0.0,293,5860000,1,0.027945825830101967,8.025000000000028e-05,137.258549705481,14.471009838885774,0.003179754297912549,195.18110217987157,4506.75,13.4626944065094,2.714421272277832,16.177120447158813,1.907348723406699e-09,-1.678466787780053e-08
4228.436991531175,907.6924999999999,1000.0,0.0,294,5880000,9,0.02665172703564167,7.950000000000028e-05,74.4983974249599,10.570943707665696,-0.003061001828283516,199.3462700997848,4551.5,14.337001323699951,23.275920152664185,37.612924098968506,-2.403259280470138e-08,1.3732909920349812e-08
4255.276551945198,913.0624999999998,1000.0,0.0,295,5900000,21,0.020984750241041183,7.875000000000027e-05,63.06850481388795,8.781294949727934,-0.005824363459254166,206.9602773025956,4571.5,14.039560079574585,52.24702072143555,66.28658413887024,9.727478378351861e-09,-8.392333938900265e-09
4278.808738119498,916.8349999999998,1000.0,0.0,296,5920000,2,0.022910375148057938,7.800000000000027e-05,170.56062850708398,13.476198659822964,-0.001343328135308271,210.82453606456232,4605.25,13.668420791625977,4.866606950759888,18.53503131866455,-6.294250454175199e-09,0.0
4290.557046614231,921.1575,1000.0,0.0,297,5940000,17,0.0266145970672369,7.725000000000026e-05,110.24766719701975,12.325343053853057,-0.0044061444911154,213.9220753888218,4599.5,13.898672819137573,39.76025986671448,53.65893578529358,-3.051757735406113e-09,6.103515470812226e-09
4294.172650628375,920.1374999999998,1000.0,0.0,298,5960000,15,0.022497408092021942,7.650000000000026e-05,55.62833947881469,17.088355913177466,-0.005132853623164205,220.53996393205767,4589.25,13.575340747833252,33.036601305007935,46.611945390701294,1.3923645347801994e-08,-6.103515470812226e-09
4294.123118647387,917.8675000000001,1000.0,0.0,299,5980000,13,0.021159036085009575,7.575000000000026e-05,65.61824246512259,11.344868548454304,-0.004127532848092673,226.9540973887393,4613.5,13.701855421066284,29.5240957736969,43.22595405578613,-1.506805347162299e-08,-1.5258788677030566e-09
4323.440312106936,923.8924999999999,1000.0,0.0,300,6000000,14,0.02385207824409008,7.500000000000025e-05,101.51785335384075,4.1114671852070686,-0.003928734489741244,234.39341589937683,4628.75,13.489039659500122,33.96422028541565,47.453264236450195,-3.814697446813398e-09,-6.103515470812226e-09
2279.46551226857,441.2125000000001,1000.0,0.0,301,6020000,35,0.020153196528553963,7.425000000000025e-05,225.42197955160694,29.06083029403582,-0.004065513466571983,139.91495988394016,0.0,13.959554672241211,85.71158361434937,99.67114090919495,7.78675044443844e-08,-1.647949261496251e-07
407.74211910655646,0.0,1000.0,0.0,302,6040000,5,0.02468913607299328,7.350000000000024e-05,94.79711879267099,3.8215541341815134,-0.0016694840003614322,142.61802650914785,0.0,13.780442714691162,11.240553140640259,25.020999431610107,1.0948181028425097e-07,4.653930574249898e-08
442.02637065722695,0.0,1000.0,0.0,303,6060000,1,0.020441995933651924,7.275000000000024e-05,112.754229006295,1.75364912213228,0.0002734906236513164,143.1039600798878,0.0,13.68214726448059,2.3913207054138184,16.073471069335938,1.1711120606605618e-07,1.0375976700061074e-07
471.8289216736317,0.0,1000.0,0.0,304,6080000,6,0.023780617862939835,7.200000000000023e-05,125.43380400167106,2.6230486196419176,-0.0019843091048137606,143.30742313762823,0.0,14.937518119812012,13.60451078414917,28.54203224182129,-1.0604858147189589e-07,6.484985703991697e-08
495.17840008971837,0.0,1000.0,0.0,305,6100000,11,0.02126256190240383,7.125000000000023e-05,116.87998358233183,1.567348941039665,-0.004552549170100244,144.57265486815555,0.0,14.012349605560303,26.01252818107605,40.02488040924072,7.076263131011729e-08,2.4414061883248905e-08
521.8636835696359,0.0,1000.0,0.0,306,6120000,3,0.021785859018564224,7.050000000000022e-05,109.15097695189162,1.1525974896388314,0.0008667621734781197,146.23342291006264,0.0,15.572527170181274,8.344407558441162,23.916937828063965,4.320144597613762e-08,-2.4414061883248905e-08
535.3154086062342,0.0,1000.0,0.0,307,6140000,1,0.021575726568698883,6.975000000000022e-05,139.98494238746812,2.5187640691908024,0.0001422643584136765,147.17058044043594,0.0,14.670072317123413,2.350958824157715,17.021034240722656,1.3751983374277188e-07,4.310608048285758e-08
572.3020416208163,0.0,1000.0,0.0,308,6160000,5,0.02430693432688713,6.900000000000021e-05,136.64472806948822,2.101043609651133,-0.00019026155019708621,147.63812087183942,0.0,15.562726020812988,12.13880181312561,27.701530694961548,-6.82830787468447e-08,-2.174377478070255e-08
587.0670912996125,0.0,1000.0,0.0,309,6180000,6,0.020089779049158096,6.825000000000021e-05,130.7937164834767,2.018526279475615,-0.001464950359779528,148.44683122076293,0.0,14.057783365249634,13.35219430923462,27.40998148918152,-1.1062621929625038e-08,-4.577636936176077e-09
598.991693921234,0.0,1000.0,0.0,310,6200000,13,0.024239353835582733,6.75000000000002e-05,119.08455488880426,1.7316793866783315,-0.003667696962188783,150.80298995315428,0.0,14.401876211166382,28.499794244766235,42.90167427062988,1.0681151962899094e-08,-2.3651123726153855e-08
587.8127511893535,0.0,1000.0,0.0,311,6220000,8,0.02367335930466652,6.67500000000002e-05,133.31642020738926,1.6693469447711595,-0.0017246383996591115,154.01407218055604,0.0,13.841171026229858,20.310981273651123,34.15215706825256,6.103515470812226e-09,-4.959106458812812e-09
600.1685145798817,0.0,1000.0,0.0,312,6240000,7,0.032007038593292236,6.60000000000002e-05,109.90318052151713,1.3056691626689576,-0.0019979103797148116,156.34571954682775,0.0,13.61626648902893,17.113492250442505,30.7297625541687,-1.602172794434864e-08,1.2397766369076635e-08
620.2044973820124,0.0,1000.0,0.0,313,6260000,12,0.020425615832209587,6.525000000000019e-05,96.96776474118867,1.4880374094929558,-0.004074163318842776,158.76865172868594,0.0,14.737549781799316,26.68676447868347,41.424317836761475,4.00543198608716e-09,4.577636936176077e-09
648.9584847453257,0.0,1000.0,0.0,314,6280000,10,0.020312616601586342,6.450000000000019e-05,142.0175981302231,1.343206657773961,-0.002378682589854676,160.41194642283284,0.0,14.473153114318848,25.006333589553833,39.479490756988525,3.6239624634504253e-09,-1.3351439953623867e-09
659.595488183788,0.0,1000.0,0.0,315,6300000,8,0.023732442408800125,6.375000000000018e-05,127.32411633855618,1.1433200460260573,-0.001621614101516922,162.18822706545504,0.0,13.840247392654419,17.903350353240967,31.74360227584839,1.4686584393075464e-08,-1.907348723406699e-09
660.4194197170818,0.0,1000.0,0.0,316,6320000,1,0.023618625476956367,6.300000000000018e-05,102.63544770627738,0.6101703066795398,0.0017893515473689895,163.0886529307015,0.0,13.655243873596191,2.358276844024658,16.013524055480957,4.386901952813105e-09,-2.8610229740877458e-09
666.2784394276421,0.0,1000.0,0.0,317,6340000,13,0.020876998081803322,6.225000000000017e-05,117.84896546671096,1.0368903427070997,-0.003566174605433525,165.0019567137592,0.0,14.013681650161743,31.09346318244934,45.10714817047119,-3.051757735406113e-09,-5.340575981449547e-09
679.3482824588993,0.0,1000.0,0.0,318,6360000,11,0.020044857636094093,6.150000000000017e-05,109.84435289750222,0.739093848038059,-0.00275926316534192,168.5032557150392,0.0,14.209662437438965,27.204562664031982,41.41422748565674,-4.1961669694501325e-09,-2.6702879907247734e-09
688.2167751617316,0.0,1000.0,0.0,319,6380000,9,0.022185802459716797,6.075000000000016e-05,107.71022412588209,0.633919751539398,-0.0020446503887589086,170.62121813865176,0.0,13.968527793884277,20.18832564353943,34.15685701370239,4.959106458812812e-09,-3.2424927187690855e-09
700.874229183054,0.0,1000.0,0.0,320,6400000,8,0.028900446370244026,6.000000000000016e-05,102.27692249483955,0.5118126890267998,-0.00232358531204994,172.32125273756327,0.0,14.28253960609436,22.76779532432556,37.050337076187134,6.103515470812226e-09,1.9073485846288207e-10
700.5563835497782,0.0,1000.0,0.0,321,6420000,11,0.021623514592647552,5.925000000000016e-05,134.55526983132032,0.8285846690685985,-0.004714540520011016,174.57285592253388,0.0,15.15988802909851,24.611852884292603,39.77174353599548,3.051757735406113e-09,-7.629394338515283e-10
707.9219605597432,0.0,1000.0,0.0,322,6440000,6,0.02081010676920414,5.850000000000016e-05,131.0360716097652,0.42728923389705986,-1.8414086513459302e-06,176.8472746502731,0.0,14.191466331481934,13.389410734176636,27.580881595611572,7.629394338515283e-10,6.484985437538171e-09
726.7228637154534,0.0,1000.0,0.0,323,6460000,13,0.020543642342090607,5.7750000000000164e-05,132.74509032102497,0.3969469779933457,-0.0030503407214603666,179.3625396893516,0.0,13.61922550201416,31.81274724006653,45.431976079940796,-1.3351439953623867e-09,-1.5258788677030566e-09
726.8929242146328,0.0,1000.0,0.0,324,6480000,9,0.020103635266423225,5.700000000000016e-05,131.116596454164,0.3123172122481278,-0.002832878537350101,182.36180695955915,0.0,14.99199104309082,19.962666273117065,34.954660415649414,-4.959106458812812e-09,1.1444092340440193e-09
724.0629017767329,0.0,1000.0,0.0,325,6500000,8,0.021776344627141953,5.6250000000000154e-05,103.23306095257354,0.22470350422488805,-0.002293902508912239,184.60596757346448,0.0,13.920727014541626,20.39365243911743,34.314383029937744,-4.386901952813105e-09,3.8146971692576415e-10
743.5351655984284,0.04500000000000001,1000.0,0.0,326,6520000,15,0.02285430207848549,5.5500000000000156e-05,107.37347872899618,0.19164197198070657,-0.004430225054650142,186.45431314454166,0.25,14.266581535339355,34.89271140098572,49.15929460525513,3.814697446813398e-09,-1.4305114870438729e-09
752.116292385582,0.005,1000.0,0.0,327,6540000,23,0.020757455378770828,5.475000000000016e-05,75.7688715776183,0.10460374442851945,-0.0056987315855088734,190.7683599900994,0.0,13.461206436157227,53.4383807182312,66.89959049224854,-3.051757735406113e-09,-3.1471252270875993e-09
753.5433459571889,0.0,1000.0,0.0,328,6560000,4,0.020762911066412926,5.4000000000000154e-05,85.92924339017168,0.049472971004062,-0.0015766658848478867,194.35984223338363,0.0,14.224199533462524,9.644837141036987,23.869040727615356,-3.6239624634504253e-09,9.775161791125697e-10
769.1147686904776,0.03500000000000001,1000.0,0.0,329,6580000,18,0.021541215479373932,5.3250000000000156e-05,87.46993411158601,0.034775332374155074,-0.005531532822420141,197.45832600185622,0.25,14.276113748550415,42.008970737457275,56.285088777542114,-5.722046170220096e-10,2.3841859042583735e-10
767.1903557773687,0.015000000000000003,1000.0,0.0,330,6600000,34,0.02453063428401947,5.250000000000016e-05,66.86740954230096,0.007261749200586872,-0.008482769004218392,204.09561154645672,0.0,14.450737953186035,79.31248497962952,93.76322555541992,1.5258788677030566e-09,-2.2649765396565158e-10
783.071749012424,0.0,1000.0,0.0,331,6620000,14,0.02031818963587284,5.175000000000016e-05,123.0836147537301,0.0005838777345629184,-0.004235713850002904,209.55870082616698,0.0,13.955741882324219,35.93105888366699,49.88680338859558,-4.00543198608716e-09,-1.3709068324985196e-09
774.7472131481738,0.0,1000.0,0.0,332,6640000,36,0.01619465835392475,5.100000000000016e-05,111.44537316352118,3.991577635136487e-05,-0.0076364761116539375,213.8548609280273,0.0,14.445071935653687,86.83514952659607,101.28022408485413,1.2207030941624453e-08,-4.218518867560306e-09
787.234473049394,0.0,1000.0,0.0,333,6660000,30,0.02301599457859993,5.0250000000000164e-05,109.74849042912768,2.4753572408770893e-05,-0.006267790583431467,219.73428221388747,0.0,13.579508066177368,69.77518153190613,83.3546929359436,-9.155273872352154e-09,3.691762673341259e-09
794.3629932493707,0.0,1000.0,0.0,334,6680000,16,0.037258390337228775,4.950000000000016e-05,123.18036373031025,1.7504858927447193e-05,-0.005327987139897656,223.58245058029223,0.0,13.555989503860474,37.794734477996826,51.35072636604309,-8.583068700218632e-10,-3.4861267206309776e-09
799.3205212945888,0.03250000000000001,1000.0,0.0,335,6700000,28,0.021167593076825142,4.8750000000000155e-05,105.65327930113106,0.00044445185435668463,-0.0070327896685933545,225.47691470049986,0.25,14.122496604919434,68.78120017051697,82.90370082855225,-5.62667867853861e-09,4.3809414429496485e-10
808.467484903085,0.06500000000000002,1000.0,0.0,336,6720000,16,0.02105841413140297,4.800000000000016e-05,112.88242230114464,0.00044079072321760607,-0.005416492043273559,228.21225378383843,0.25,14.516686201095581,41.09424591064453,55.61093473434448,-8.201599399626502e-09,1.7568468901885126e-09
823.1229158411485,0.030000000000000006,1000.0,0.0,337,6740000,8,0.021820517256855965,4.725000000000015e-05,168.28159110767012,0.00044446201873949196,-0.0024568560646107485,230.21604037056335,0.25,13.789431095123291,18.24490714073181,32.03434157371521,9.536742923144104e-11,7.584691208428751e-10
817.7985905620774,0.030000000000000006,1000.0,0.0,338,6760000,21,0.020617257803678513,4.6500000000000154e-05,168.6522488602035,0.0004362435137584644,-0.005690490626297165,234.5122742507078,0.25,14.817758083343506,52.69916868209839,67.51692938804626,1.239776614703203e-09,-4.708766709882184e-10
827.6619087151118,0.0425,1000.0,0.0,339,6780000,18,0.02415556088089943,4.575000000000015e-05,167.26342290388087,3.058762712031219e-06,-0.005039122766903729,239.7900642256894,0.0,13.68061351776123,41.80105543136597,55.48167133331299,1.4305114870438729e-09,2.022460199313514e-09
819.2692093676984,0.05500000000000001,1000.0,0.0,340,6800000,6,0.02069222927093506,4.5000000000000145e-05,176.28499457224237,0.0010019979586441642,-0.003111240482904985,243.58214649529504,0.5,13.677704095840454,13.733415603637695,27.41112232208252,-1.00135799652179e-09,6.854534162492598e-10
820.4618546953574,0.08500000000000002,1000.0,0.0,341,6820000,33,0.020156603306531906,4.425000000000014e-05,164.7802744327227,0.0008649817238802572,-0.007586496765950729,248.61575766770326,0.5,14.215048551559448,87.00751781463623,101.22256922721863,3.3378602104505717e-09,-7.912516752917043e-10
829.6362008478648,0.125,1000.0,0.0,342,6840000,36,0.014851856976747513,4.350000000000014e-05,104.3656355443473,0.0012949955803888862,-0.008642678567304888,254.66274071213707,0.75,17.32129406929016,83.53372383117676,100.85502099990845,1.5258788677030566e-09,-2.4884938554237124e-10
848.2515818857312,0.08499999999999999,1000.0,0.0,343,6860000,15,0.025239065289497375,4.275000000000014e-05,225.8578075514561,1.10695519880511e-06,-0.005466860873551287,259.20096361446684,0.0,13.878829717636108,34.645084381103516,48.52391695976257,2.2888184680880386e-09,-5.550682483090874e-11
862.1135756442109,0.09,1000.0,0.0,344,6880000,36,0.017250701785087585,4.200000000000013e-05,171.5152550928551,0.001721482198500411,-0.007812938980404976,265.30932700333545,1.0,13.894561052322388,84.84283208847046,98.73739647865295,-5.722046170220096e-10,-4.1723249855074585e-11
872.0444471212866,0.275,1000.0,0.0,345,6900000,36,0.02035524882376194,4.125000000000013e-05,116.95591879593466,0.0026438550806702488,-0.008785431269221296,271.83741016002,1.25,13.502939462661743,87.90978717803955,101.41273045539856,-4.959106458812812e-09,2.145767175054658e-10
874.1172448257764,0.24250000000000002,1000.0,0.0,346,6920000,36,0.014403888024389744,4.0500000000000124e-05,138.32548355751524,0.002400688214861633,-0.007448997667356354,277.4612604560351,1.0,14.443806886672974,86.2072172164917,100.65102696418762,-8.392333938900265e-09,7.450580430390374e-11
881.4196745362672,0.08250000000000002,1000.0,0.0,347,6940000,20,0.020455077290534973,3.9750000000000126e-05,179.55940606159905,0.0004324622274671324,-0.0059957842907151235,283.7789562725031,0.25,14.359571695327759,49.519702196121216,63.8792769908905,-4.768371461572052e-11,3.576278717609682e-10
888.3217009745056,0.0925,1000.0,0.0,348,6960000,36,0.01868089661002159,3.900000000000012e-05,123.34554053283897,0.0012946459554277194,-0.008239758309031604,289.96372478296877,0.75,15.212454795837402,88.15689969062805,103.36935687065125,-4.959106458812812e-09,2.4437904477814243e-10
900.1464416870022,0.18,1000.0,0.0,349,6980000,36,0.015469291247427464,3.8250000000000117e-05,127.03335319151047,0.002147717993854072,-0.008971055731320565,296.3721616810672,1.25,15.149813413619995,83.74333763122559,98.89315414428711,2.2888184680880386e-09,-4.1723252630632146e-10
903.3139237103971,0.37250000000000005,1000.0,0.0,350,7000000,36,0.015305365435779095,3.750000000000011e-05,109.55703598791968,0.0034170924297349426,-0.009471544922953259,303.5617928198563,2.0,13.774986267089844,85.96618175506592,99.74116921424866,-1.907348723406699e-09,-1.245737069055508e-09
2228.268451992165,348.46250000000003,1000.0,0.0,351,7020000,36,0.01044971402734518,3.675000000000011e-05,88.56559803454554,3.38203622142622,-0.006984778898377183,185.88892166116028,3330.25,13.390966415405273,85.10493278503418,98.49590039253235,3.4046173880142305e-08,4.61673749896363e-07
3450.5852625697394,670.9575,1000.0,0.0,352,7040000,36,0.013995653949677944,3.60000000000001e-05,52.00837028420136,3.7339097992998087,-0.014460628009445893,189.65112055113946,3374.75,13.612732410430908,91.0059494972229,104.61868834495544,-1.6355514276256145e-07,-6.759643724763009e-07
3546.961546285678,702.4325,1000.0,0.0,353,7060000,36,0.015417419373989105,3.52500000000001e-05,76.3731028133984,4.174879760555143,-0.012830488997481645,193.74280871606948,3638.75,13.833930969238281,89.17452788352966,103.00846147537231,-4.174232515197218e-07,-7.778167514516099e-07
3667.695893313423,742.01,1000.0,0.0,354,7080000,36,0.012934956699609756,3.450000000000009e-05,48.909445850486065,4.070461025798114,-0.013502518079157807,197.34995916527046,3764.0,17.073965549468994,85.27377080917358,102.347740650177,4.15802006159538e-08,8.415221941504569e-07
3762.623154388131,769.3949999999999,1000.0,0.0,355,7100000,36,0.013762732036411762,3.375000000000009e-05,40.204289959811724,4.855176445299064,-0.013996860197640336,202.7495891975942,3913.0,15.77561902999878,90.49306511878967,106.2686882019043,-2.0179749071758124e-07,-2.2716521641541476e-07
3853.6230119609113,795.4475,1000.0,0.0,356,7120000,36,0.0156469214707613,3.3000000000000084e-05,32.582106370641526,3.1613882687240364,-0.013629415639410676,209.0618023640474,4047.75,13.415078163146973,87.1270170211792,100.54209923744202,1.6269683555947267e-07,7.896423426245747e-08
3943.503495994086,821.8599999999999,1000.0,0.0,357,7140000,36,0.020782601088285446,3.2250000000000086e-05,62.82308825178691,7.38539188878097,-0.010396830790012811,214.99161747968657,4168.0,14.196797609329224,91.6738133430481,105.87061429023743,-5.7220457705398076e-08,-7.553100545010238e-08
4024.82366703315,844.3475000000001,1000.0,0.0,358,7160000,36,0.014332005754113197,3.150000000000008e-05,79.54952806541164,12.942737004659174,-0.009016372608482925,219.3939492899685,4267.5,13.699704885482788,90.64685034751892,104.34655737876892,3.051757735406113e-09,-4.95910626341356e-07
4085.0221582909226,859.135,1000.0,0.0,359,7180000,36,0.012971542775630951,3.0750000000000077e-05,58.67232651688505,12.953035284747543,-0.009047412215278692,225.06348434626992,4317.25,14.59847640991211,86.83408641815186,101.43256497383118,6.04629519784794e-08,-2.1591186794012174e-07
4124.701837283358,869.2774999999999,1000.0,0.0,360,7200000,36,0.011165984906256199,3.0000000000000075e-05,50.77675491391576,7.771673186174682,-0.008640545307260064,231.37575346161637,4375.25,13.586320638656616,88.94566774368286,102.53199100494385,-2.1362303925798187e-08,-3.2882689993130043e-07
4171.206694016285,879.6874999999998,1000.0,0.0,361,7220000,36,0.011677243746817112,2.9250000000000074e-05,59.96098820224568,6.914057263773216,-0.008722038468737191,237.78566574432514,4418.0,13.603864192962646,88.9928526878357,102.59672141075134,7.743835794826737e-08,-1.2207031829802872e-07
4210.246557465797,887.2025,1000.0,0.0,362,7240000,36,0.011552325449883938,2.8500000000000073e-05,89.92042985299314,8.775242624090925,-0.00698401456345686,243.05682570755715,4447.25,13.334650039672852,78.50874519348145,91.84339642524719,3.8146971692576415e-10,-6.713867151120212e-08
4246.191864010422,891.57,1000.0,0.0,363,7260000,36,0.011629518121480942,2.775000000000007e-05,30.23506909200474,2.91302016010342,-0.010092783034012948,248.96006942006937,4472.0,13.707413911819458,87.76581692695618,101.47323369979858,5.445480510957168e-08,-9.231567332790291e-08
4278.450506699171,898.8675,1000.0,0.0,364,7280000,36,0.010698280297219753,2.700000000000007e-05,90.98701337892872,4.138554325478696,-0.008373540736505756,255.03669884884488,4515.5,13.45882248878479,81.63675379753113,95.09557962417603,-4.711151291303395e-08,7.858276518390994e-08
4317.876545213178,905.1725,1000.0,0.0,365,7300000,36,0.011776433326303959,2.625000000000007e-05,85.34960058982126,13.282729763102566,-0.007382879417489558,262.1400129475998,4531.25,13.87327265739441,86.16312265396118,100.0363974571228,1.7166136956348055e-08,-5.187988350030537e-08
4337.185626260402,909.3699999999999,1000.0,0.0,366,7320000,36,0.01349708903580904,2.5500000000000068e-05,94.44407293760146,4.29450340400806,-0.006828226835641235,268.6943946841087,4559.25,14.943169593811035,87.13243222236633,102.07560420036316,-5.226135257885289e-08,-2.3651123726153855e-08
4350.261345906518,909.7224999999999,1000.0,0.0,367,7340000,36,0.013785658404231071,2.4750000000000066e-05,88.8269356844228,17.476327006639977,-0.009162698443547581,273.8528117950732,4545.5,14.472201585769653,87.37840986251831,101.85061383247375,2.880096516832964e-08,4.2724607851596375e-08
4365.435707388096,911.235,1000.0,0.0,368,7360000,36,0.013997416943311691,2.4000000000000065e-05,70.75245954713628,10.558664885112526,-0.008964953910385681,278.8236828398781,4570.75,15.500283241271973,85.29989504814148,100.8001811504364,1.7929076889799944e-08,1.3885498617582925e-07
4392.903855519062,916.2475000000001,1000.0,0.0,369,7380000,36,0.011614877730607986,2.3250000000000064e-05,75.74945654681189,3.9864832620682935,-0.007159493225096022,284.9994862576431,4582.5,13.4548921585083,90.07265448570251,103.52755069732666,2.5939941750152684e-08,3.814697180359872e-08
4413.690778343731,918.7875000000001,1000.0,0.0,370,7400000,36,0.012226994149386883,2.2500000000000062e-05,69.29908119637703,5.796031532518865,-0.008875889594747742,292.66376637820025,4608.5,13.56548810005188,89.39948034286499,102.96497225761414,-3.4904481083231076e-08,-2.2125243859250077e-08
4432.973844506125,921.8050000000001,1000.0,0.0,371,7420000,36,0.011164353229105473,2.175000000000006e-05,131.70055467404495,5.611281024809843,-0.007877070876264056,298.6953190975169,4604.75,13.527217626571655,80.98741030693054,94.51463007926941,3.8146971692576415e-10,-6.561279519701202e-08
4431.58528514513,920.6625,1000.0,0.0,372,7440000,36,0.011755923740565777,2.100000000000006e-05,311.97758500551475,9.13582183362471,-0.007214663766640581,302.6811661887854,4603.5,15.99510931968689,88.41957569122314,104.41468691825867,-1.1444092340440193e-09,-4.34875495614051e-08
4445.554068954937,922.0875,1000.0,0.0,373,7460000,36,0.012210873886942863,2.025000000000006e-05,62.82079430467743,4.815646419277164,-0.009092593553691675,308.9399691017376,4611.5,14.897348880767822,91.86830019950867,106.76565098762512,-2.1362303925798187e-08,-2.2888183792701966e-08
4468.222196083361,926.0074999999999,1000.0,0.0,374,7480000,36,0.01317480206489563,1.9500000000000057e-05,99.98355770060303,4.256337477540267,-0.0071256826358146765,315.2167610463666,4648.75,15.089854717254639,91.54211926460266,106.63197803497314,1.1825561863076928e-08,1.2969970875076342e-08
4504.263078984082,930.265,1000.0,0.0,375,7500000,36,0.010764495469629765,1.8750000000000056e-05,128.1300809615294,7.459421819269679,-0.00675480838525838,320.76277200186297,4648.5,13.546952486038208,89.1966712474823,102.7436273097992,-1.4877318932349226e-08,9.918212917625624e-09
4502.613735019766,928.325,1000.0,0.0,376,7520000,36,0.010882401838898659,1.8000000000000055e-05,178.865967409637,9.148309512212634,-0.006373643044944863,325.7300155417565,4646.25,14.015719652175903,84.15847134590149,98.17419409751892,-6.675720420901143e-09,-9.155273872352154e-09
4521.667554455484,931.71,1000.0,0.0,377,7540000,36,0.01264222152531147,1.7250000000000053e-05,165.13925244142115,10.297751116618265,-0.007518336654755703,330.610932022111,4665.75,13.480841636657715,90.52787733078003,104.00872302055359,-7.820129432900558e-09,-6.866454960174906e-09
4546.952272632411,934.4675000000001,1000.0,0.0,378,7560000,36,0.010601303540170193,1.6500000000000052e-05,133.67935976729902,3.9938121232679222,-0.006636293693810531,337.0321016132218,4672.25,14.605766773223877,92.19377017021179,106.79954051971436,-7.438659466174613e-09,-6.484985437538171e-09
4543.557321340472,933.445,1000.0,0.0,379,7580000,36,0.01251235418021679,1.575000000000005e-05,209.1421512697536,8.621150779505127,-0.005804309971835716,342.9105702631432,4674.0,15.167437076568604,92.39212560653687,107.559565782547,-1.2588500908350397e-08,-3.204345588869728e-08
4569.777694283698,936.4349999999998,1000.0,0.0,380,7600000,36,0.011303494684398174,1.5000000000000048e-05,132.85419829246376,8.093556665254372,-0.006639004292398084,346.7827960668746,4689.0,13.820409059524536,86.45951390266418,100.27992558479309,8.392333938900265e-09,-1.4495849853801701e-08
4580.9118045890145,936.7025,1000.0,0.0,381,7620000,36,0.010037971660494804,1.4250000000000045e-05,179.79042338825602,7.850286439579558,-0.007218526946879126,351.10817907006344,4667.5,13.525214910507202,88.60222554206848,102.12744426727295,-3.814697446813398e-09,7.629394338515283e-10
4595.044556635886,937.4075,1000.0,0.0,382,7640000,36,0.011136524379253387,1.3500000000000044e-05,119.75138282318846,6.269984044676814,-0.0076456765127594735,354.93780903516614,4710.5,13.933035850524902,84.84909677505493,98.7821364402771,-9.155273872352154e-09,1.678466787780053e-08
4610.757385075094,939.74,1000.0,0.0,383,7660000,36,0.008906692266464233,1.275000000000004e-05,66.2676504001069,3.901899942506024,-0.006864221826689397,358.750591284847,4686.5,13.63325834274292,84.54808974266052,98.18135118484497,-2.0980834847250662e-09,6.484985437538171e-09
4601.572469781974,937.89,1000.0,0.0,384,7680000,36,0.010384355671703815,1.2000000000000038e-05,56.3681337751308,8.373339362667307,-0.00907035860656435,364.73098250048184,4691.0,14.200007438659668,92.26335501670837,106.46336507797241,-8.392333938900265e-09,2.2888184680880386e-09
4611.845253421185,938.5699999999999,1000.0,0.0,385,7700000,36,0.009090278297662735,1.1250000000000035e-05,81.90965179877371,17.582176620306637,-0.0079725676762804,370.660305736841,4696.0,13.372853994369507,83.540283203125,96.91314005851746,-1.354217538107605e-08,6.103515470812226e-09
4633.057229434465,941.8675,1000.0,0.0,386,7720000,36,0.008470883592963219,1.0500000000000032e-05,33.35170521235102,4.850199383467616,-0.00899407664659563,377.05921991014463,4715.5,14.115064144134521,84.59436392784119,98.70943140983582,1.4877318932349226e-08,1.1444091896350983e-08
4639.109395533636,942.325,1000.0,0.0,387,7740000,36,0.009162199683487415,9.75000000000003e-06,110.06192070742978,5.223142784047854,-0.0067616841799571625,382.03125567397285,4719.5,14.411803007125854,92.13010048866272,106.54190707206726,5.912780931538464e-09,4.577636936176077e-09
4648.680930061959,945.2125000000002,1000.0,0.0,388,7760000,36,0.009045755490660667,9.000000000000029e-06,108.75870133004884,6.7503106958230505,-0.0066375160359277135,386.50937338691256,4724.75,13.461556911468506,86.1722047328949,99.63376545906067,-1.2969970875076342e-08,2.2888184680880386e-09
4659.839854168297,944.6274999999999,1000.0,0.0,389,7780000,36,0.009635770693421364,8.250000000000026e-06,99.85406582703352,5.081020603566716,-0.006158915468237707,390.3180880399304,4724.0,13.387507438659668,88.39079761505127,101.77830791473389,1.1444092340440193e-09,-1.5640258865801115e-08
4664.021643456945,941.7049999999999,1000.0,0.0,390,7800000,36,0.008646883070468903,7.500000000000023e-06,69.7984038933736,11.422313593050289,-0.007676273102980017,394.2295764900075,4693.0,15.605368852615356,93.71071720123291,109.31608748435974,5.912780931538464e-09,8.392333938900265e-09
4668.644260586692,942.0049999999999,1000.0,0.0,391,7820000,36,0.008687951602041721,6.750000000000021e-06,59.2905696160327,2.714858447660103,-0.00794354436150347,398.19193822761184,4729.25,15.200582265853882,93.33201122283936,108.53259706497192,-1.0299682884351569e-08,5.7220459481754915e-09
4689.17692287448,946.4075,1000.0,0.0,392,7840000,36,0.007374950218945742,6.000000000000018e-06,55.04418122425628,3.339706578318071,-0.00665495891306175,402.3677449522604,4730.5,13.485949754714966,94.5836193561554,108.06957149505615,-8.77380390562621e-09,-9.155273872352154e-09
4694.939183074546,946.2224999999999,1000.0,0.0,393,7860000,36,0.007627406157553196,5.250000000000016e-06,217.00662925897612,5.626853134090337,-0.007045746634761913,405.48053411579235,4737.75,15.20453143119812,82.29764699935913,97.50218057632446,-3.051757735406113e-09,9.155273872352154e-09
4704.54392044552,947.1874999999998,1000.0,0.0,394,7880000,36,0.007067082915455103,4.500000000000014e-06,81.47193996399314,2.990588638454115,-0.007261879091085516,408.83086868952387,4729.25,13.358510255813599,83.95085287094116,97.30936479568481,8.583068478174027e-09,-9.155273872352154e-09
4699.0442098495705,944.6175000000001,1000.0,0.0,395,7900000,36,0.006712203845381737,3.7500000000000115e-06,61.69207568002754,11.664430518638254,-0.0064194540387065135,411.5742430329788,4718.5,13.276154041290283,80.40334987640381,93.6795084476471,8.01086397217432e-09,3.051757735406113e-09
4715.119245004668,945.4625,1000.0,0.0,396,7920000,36,0.006988294888287783,3.0000000000000094e-06,256.7388501328105,10.039333601210783,-0.006065754404048596,413.70770885777637,4731.75,13.624353885650635,82.69944095611572,96.32379841804504,-3.051757735406113e-09,4.577636936176077e-09
4720.88037094235,947.0849999999998,1000.0,0.0,397,7940000,36,0.0063147093169391155,2.2500000000000073e-06,187.21828000470177,8.948792296590367,-0.004662131440263231,415.4489103160854,4741.75,13.617993354797363,79.84513854980469,93.46313428878784,0.0,-6.103515470812226e-09
4721.689742802288,946.975,1000.0,0.0,398,7960000,36,0.005756564904004335,1.500000000000005e-06,224.16034140415888,9.732157055506754,-0.004119181396730772,416.72786621917083,4733.5,13.392531394958496,80.31925916671753,93.71179270744324,-1.5258788677030566e-09,-3.814697446813398e-09
4720.476741950056,946.6524999999999,1000.0,0.0,399,7980000,36,0.006267630960792303,7.500000000000025e-07,71.86893739182348,1.3148437911815833,-0.005361944150844477,417.8145811753278,4734.0,13.968353748321533,78.37024855613708,92.33860492706299,-6.866454960174906e-09,-4.1961669694501325e-09
4730.6508914399155,947.7950000000001,1000.0,0.0,400,8000000,36,0.004916559439152479,0.0,118.40470396596403,2.169262309837392,-0.0037353766412428096,418.31374654881614,4733.0,13.755208730697632,83.98795175552368,97.74316334724426,0.0,4.959106458812812e-09
