Metrics/EpRet,Metrics/EpCost,Metrics/EpLen,Metrics/EpSuccess,Train/Epoch,Train/TotalSteps,Train/StopIter,Train/KL,Train/LR,Loss/Loss_reward_critic,Loss/Loss_cost_critic,Loss/Loss_actor,Loss/Loss_ewc,Time/Rollout,Time/Update,Time/Total,Value/RewardAdv,Value/CostAdv
-648.8618909515941,0.0,1000.0,0.0,1,20000,36,0.010269631631672382,0.00029925,25.391983666316726,0.0014231872433978319,-0.011420221115551911,0.0,11.080317735671997,54.14922642707825,65.22954630851746,-1.3828277412031298e-09,-2.7418137205081905e-10
-618.537142891537,0.0,1000.0,0.0,2,40000,36,0.009602515958249569,0.0002985,22.001384127635163,0.00011294528887345708,-0.011012000824670437,0.0,11.957310199737549,54.338189125061035,66.29550004005432,-5.531310964812519e-09,-2.1308660391738954e-10
-590.6544481190251,0.0,1000.0,0.0,3,60000,36,0.010668836534023285,0.00029775,25.307135950008266,6.9002228593126285e-06,-0.012301549230362356,0.0,11.463375806808472,53.70117974281311,65.16455626487732,-4.463195679704768e-08,-9.592622703114007e-12
-551.1380969327374,0.01,1000.0,0.0,4,80000,36,0.012324756942689419,0.000297,25.00912553416866,0.0004332814994842633,-0.013885778982441392,0.0,11.12100863456726,51.2934787273407,62.41448974609375,6.5279003536034e-08,1.8328427664471292e-10
-513.9758853899486,0.04,1000.0,0.0,5,100000,36,0.012816264294087887,0.00029625,25.72599707387803,1.1441271770141354e-07,-0.014772470651713011,0.0,11.917426586151123,53.268733739852905,65.1861617565155,7.977485694254938e-08,-2.8219074299506985e-10
-444.29419937621094,0.0,1000.0,0.0,6,120000,36,0.014063104055821896,0.0002955,24.577903798213022,7.878787478402245e-08,-0.015837890048545876,0.0,11.371451139450073,51.37422204017639,62.74567413330078,1.3923645347801994e-08,-1.8095597242862027e-10
-406.2222147911281,0.0125,1000.0,0.0,7,140000,36,0.013536488637328148,0.00029475000000000004,24.496930299010057,0.0004325744727280306,-0.01474195495387936,0.0,11.192307710647583,51.25091910362244,62.443227767944336,8.106232129989621e-09,6.854534301270476e-11
-384.347037272897,0.0375,1000.0,0.0,8,160000,36,0.014073405414819717,0.00029400000000000004,17.721327290705936,6.663790894107055e-08,-0.017854473338971385,0.0,12.56735610961914,55.754399061203,68.32175636291504,1.4305114870438729e-09,2.3357571432569557e-10
-337.04039998374003,0.0,1000.0,0.0,9,180000,36,0.014999037608504295,0.00029325000000000005,17.309052116446857,4.586976524356733e-08,-0.01837964371570945,0.0,11.41590404510498,50.75850462913513,62.17440986633301,-8.583068478174027e-09,-4.139728837504464e-11
-295.4509266715177,0.0,1000.0,0.0,10,200000,36,0.014903909526765347,0.00029250000000000006,16.409359256045633,3.234673852637091e-08,-0.017077864338276873,0.0,11.794753789901733,52.02978539466858,63.8245415687561,-1.6498566068889886e-08,-2.342276199385207e-11
-253.3741038648684,0.0,1000.0,0.0,11,220000,36,0.01580660231411457,0.00029175000000000007,15.458793270448272,2.3155675652469034e-08,-0.018127002289267783,0.0,12.101696252822876,48.69793677330017,60.79963397979736,-3.943443260823187e-08,6.284098935660509e-11
-222.11755899426868,0.052500000000000005,1000.0,0.0,12,240000,36,0.017914585769176483,0.0002910000000000001,16.58818403774007,0.000863181014433019,-0.02080770396700385,0.0,11.90653109550476,53.18916058540344,65.09569358825684,2.9087066977240283e-08,-1.1324882698282579e-10
-206.56948042037834,0.06750000000000002,1000.0,0.0,13,260000,36,0.01771763153374195,0.0002902500000000001,17.282193567594568,0.00043346017704222825,-0.018476299097559677,0.0,11.66729211807251,47.19394302368164,58.86123776435852,-1.2397766369076635e-08,9.23872020552885e-11
-150.45353087291508,0.030000000000000006,1000.0,0.0,14,280000,36,0.017850568518042564,0.0002895000000000001,16.28060804887744,2.9078452496597245e-08,-0.018831470162159095,0.0,11.93568730354309,51.75118041038513,63.6868691444397,3.376007029487482e-08,1.0300427871756668e-10
-107.91610721452511,0.0,1000.0,0.0,15,300000,36,0.01759515516459942,0.0002887500000000001,15.510500307069588,1.9792942109815335e-08,-0.01867047998020465,0.0,12.393356084823608,52.055312395095825,64.44866943359375,-2.479553229406406e-09,-2.0186416774259364e-11
-78.92886155675177,0.0,1000.0,0.0,16,320000,36,0.017194010317325592,0.0002880000000000001,18.378767538925498,1.2710931787810862e-08,-0.019079743204773913,0.0,12.199103593826294,51.777527809143066,63.976633071899414,2.9993056926969075e-08,-7.604248480896914e-11
-40.74637975252313,0.0,1000.0,0.0,17,340000,30,0.020656142383813858,0.0002872500000000001,20.99711992519732,9.123071727910448e-09,-0.019181777726158627,0.0,11.896032810211182,41.32976675033569,53.22580099105835,1.3399124476620727e-08,6.535556124065423e-11
-17.618633096616392,0.0,1000.0,0.0,18,360000,36,0.018893489614129066,0.00028650000000000013,19.116767856894462,6.3589672844606714e-09,-0.018981192254079165,0.0,12.336179494857788,52.441301107406616,64.77748155593872,3.9482117131228733e-08,6.761401855071014e-11
21.071162470226817,0.0,1000.0,0.0,19,380000,32,0.020150862634181976,0.00028575000000000014,22.16847344337942,4.559543816477477e-09,-0.019092540439507834,0.0,11.734743356704712,50.21733021736145,61.95207452774048,1.125335735707722e-08,-2.0535663447507346e-11
65.25858327778442,0.052500000000000005,1000.0,0.0,20,400000,29,0.020526384934782982,0.00028500000000000015,21.90275034148538,0.0012921520079835936,-0.018154919168242804,0.0,12.474193811416626,42.49578404426575,54.96997952461243,-4.734992842259089e-08,6.258487478261188e-11
96.61927558802878,0.23750000000000004,1000.0,0.0,21,420000,18,0.020901555195450783,0.00028425000000000016,27.53665915320941,0.0023213948451339364,-0.016699498090978163,0.0,13.278915166854858,26.61009407043457,39.88901090621948,-3.5667419240326126e-08,-5.364417798858767e-10
151.3091922578747,0.185,1000.0,0.0,22,440000,28,0.02064438909292221,0.00028350000000000017,31.43416845140148,0.00380827797914329,-0.017679235989082092,0.0,13.648334503173828,39.419039726257324,53.067375898361206,-1.5449524326527353e-08,1.490116086078075e-10
246.6313078210972,0.7499999999999999,1000.0,0.0,23,460000,22,0.02236308716237545,0.0002827500000000002,31.52804417461979,0.008937007574104493,-0.016688710523734364,0.0,11.510011434555054,29.801900148391724,41.311912298202515,3.4713746543957313e-08,1.7821788489413848e-09
322.74054819432206,0.6925000000000001,1000.0,0.0,24,480000,26,0.020510833710432053,0.0002820000000000002,32.669546923962,0.009694862693422224,-0.01702767811113871,0.0,12.338418006896973,37.32776737213135,49.66618824005127,-8.172988685828386e-08,1.5735626135437997e-09
395.2108755985012,1.7925,1000.0,0.0,25,500000,32,0.02069631777703762,0.0002812500000000002,39.39706121056606,0.036158071830037684,-0.01816165696493608,0.0,11.69414472579956,45.68524122238159,57.37938666343689,2.8610229740877458e-09,-1.59740443095302e-09
417.6901563170477,1.6675,1000.0,0.0,26,520000,19,0.021003389731049538,0.0002805000000000002,37.10207405221829,0.018771529021357036,-0.015443073276258731,0.0,11.78942584991455,25.74660873413086,37.53603649139404,1.4877318932349226e-08,-5.722046170220096e-10
487.23514021739203,2.0575,1000.0,0.0,27,540000,29,0.020170552656054497,0.0002797500000000002,44.969184675654795,0.046044963373895666,-0.017778555149890372,0.0,11.315895080566406,39.1862530708313,50.5021493434906,-7.438659466174613e-09,1.59740443095302e-09
583.7397720708085,3.9775,1000.0,0.0,28,560000,24,0.02057160809636116,0.0002790000000000002,52.85404216087918,0.08329038225938551,-0.016975035435255793,0.0,12.05599308013916,34.35196661949158,46.40796113014221,4.7588347484861515e-08,-2.5987625384971125e-09
690.0164360527865,5.772500000000001,1000.0,0.0,29,580000,19,0.021091153845191002,0.00027825000000000023,57.43696545327794,0.14152812859259906,-0.014575034685101537,0.0,11.188043117523193,25.83052968978882,37.01857399940491,-2.8610228852699038e-08,-9.298324332718266e-10
708.5407418335119,6.9425,1000.0,0.0,30,600000,20,0.02022084780037403,0.00027750000000000024,60.2302469384556,0.1323237721006365,-0.01574123380966068,0.0,11.457881450653076,28.40111231803894,39.85899543762207,-3.833770634287248e-08,-7.152557435219364e-10
784.1432229090899,9.317499999999999,1000.0,0.0,31,620000,21,0.02177594043314457,0.00027675000000000025,66.93273711919096,0.24207828502558545,-0.01576009542748154,0.0,12.333410024642944,27.930062532424927,40.26347374916077,-6.4277649869382e-08,-1.8787384092888715e-08
872.86840236994,13.357499999999998,1000.0,0.0,32,640000,25,0.020480340346693993,0.00027600000000000026,62.864081104022624,0.4022295689887513,-0.01597017460856765,0.0,12.468611478805542,34.826260805130005,47.29487490653992,7.247924571629483e-08,7.820129432900558e-09
918.7982224218567,17.015,1000.0,0.0,33,660000,18,0.02000259794294834,0.00027525000000000027,76.480377996226,0.4207752664521585,-0.01391355061445208,0.0,11.762867212295532,25.02466869354248,36.787538051605225,-1.0871887390351276e-08,-3.767013367905747e-09
979.9297692750903,20.457500000000003,1000.0,0.0,34,680000,14,0.021942969411611557,0.0002745000000000003,74.91327437893106,0.5536487322251364,-0.01312223716196062,0.0,11.001824855804443,19.200151681900024,30.201977491378784,-2.7656554824062596e-09,-1.4829635297530785e-08
1016.9283352016985,23.862500000000004,1000.0,0.0,35,700000,2,0.021816778928041458,0.0002737500000000003,91.51719277963852,0.7557498804106119,-0.0009989223149887766,0.0,11.816220760345459,2.535468816757202,14.351690530776978,3.7956237264324955e-08,2.3841859042583735e-10
1152.656788478796,33.50749999999999,1000.0,0.0,36,720000,15,0.020347073674201965,0.0002730000000000003,84.70725803558057,0.8372840426854306,-0.01235486982207789,0.0,11.111282587051392,19.582584857940674,30.693868398666382,6.103515914901436e-08,-1.044273378880689e-08
1248.642037135263,42.9025,1000.0,0.0,37,740000,13,0.021311752498149872,0.0002722500000000003,108.79661843278069,1.3311156859398474,-0.011161546483047674,0.0,12.318908452987671,16.47333526611328,28.792245149612427,-1.1062621929625038e-08,-2.0456313976069396e-08
1343.6234578517935,59.17,1000.0,0.0,38,760000,7,0.020819827914237976,0.0002715000000000003,101.15039803501897,1.9728837141376931,-0.007762342285057118,0.0,10.963407278060913,8.822323560714722,19.78573179244995,-3.776550272505119e-08,3.771781820205433e-08
1403.6899231551965,75.03999999999999,1000.0,0.0,39,780000,10,0.020255254581570625,0.0002707500000000003,115.77232781919047,2.237568610030622,-0.01048415010250486,0.0,11.41710090637207,13.519417524337769,24.936519861221313,5.836486849375433e-08,-5.0735472711949114e-08
1353.936052770527,74.7275,1000.0,0.0,40,800000,17,0.022373663261532784,0.00027000000000000033,110.18801266563227,2.390892530300859,-0.011638025512886976,0.0,11.209592819213867,24.77376699447632,35.9833607673645,7.2479249269008506e-09,-7.419586012247237e-08
1468.618895026831,90.125,1000.0,0.0,41,820000,9,0.02046804130077362,0.00026925000000000034,113.23036549452733,2.7500063913868047,-0.010271953327437803,0.0,12.10654091835022,13.316387176513672,25.422929525375366,1.6212464259979242e-08,-1.0297298302930358e-07
1558.5910646692043,100.0025,1000.0,0.0,42,840000,18,0.02044430375099182,0.00026850000000000035,127.70775917196765,3.182064803411743,-0.011827954191925784,0.0,11.816700458526611,26.80946183204651,38.62616324424744,1.8692016823251834e-08,-2.0599365768703137e-08
1546.9202982198642,104.4875,1000.0,0.0,43,860000,13,0.020404258742928505,0.00026775000000000036,115.67560553205016,3.385780472344103,-0.011864763486844987,0.0,11.515629053115845,17.709404230117798,29.225035190582275,-3.2234190427971043e-08,-2.088546757761378e-08
1613.4830288286348,120.76249999999997,1000.0,0.0,44,880000,15,0.021688271313905716,0.00026700000000000036,149.53936277883122,3.848118746978914,-0.010442166055202548,0.0,11.232250928878784,19.81284523010254,31.04509687423706,3.4713746543957313e-08,-9.307861148499796e-08
1655.2231897517072,134.59750000000003,1000.0,0.0,45,900000,4,0.024790000170469284,0.0002662500000000004,122.83155631104978,4.481692929427845,-0.0016782348339532177,0.0,11.106742143630981,4.917818546295166,16.024561405181885,3.1661986810149756e-08,7.286071479484235e-08
1689.3321668970034,144.76,1000.0,0.0,46,920000,15,0.02143782004714012,0.0002655000000000004,145.78437365855908,5.1866771946318995,-0.009777540633806025,0.0,11.404165983200073,20.39183497428894,31.79600191116333,-7.629394893626795e-09,9.918212917625624e-09
1819.3786559425848,161.395,1000.0,0.0,47,940000,11,0.02141326665878296,0.0002647500000000004,134.69079183888167,5.538471855329214,-0.009287873962788589,0.0,11.73989224433899,13.90097451210022,25.640867948532104,-4.234313877304885e-08,2.555847089524832e-08
1754.7433355364308,163.67000000000002,1000.0,0.0,48,960000,11,0.025879867374897003,0.0002640000000000004,131.9215889386995,5.7249227446108195,-0.008625390097085574,0.0,11.912055492401123,14.94783067703247,26.85988736152649,-2.5939941750152684e-08,-1.2187958020604128e-07
1945.950626423486,192.29749999999996,1000.0,0.0,49,980000,7,0.02304217591881752,0.0002632500000000004,183.57247426160555,6.56796647815713,-0.007236220951573367,0.0,11.250972986221313,9.29654574394226,20.547521352767944,-4.00543198608716e-09,-2.2125243859250077e-08
1926.0592973060557,199.2475,1000.0,0.0,50,1000000,4,0.022679006680846214,0.0002625000000000004,119.62709800732402,6.751588564139967,-0.0027545021352962185,0.0,11.448273658752441,6.011314868927002,17.459591388702393,-3.204345588869728e-08,-1.525878978725359e-08
725.2152575485786,92.72,1000.0,0.0,51,1020000,3,0.02482593059539795,0.0002617500000000004,88.98548174259889,0.7205471920763976,0.002675519040681588,0.14569708878205714,12.761569023132324,4.244210481643677,17.00578022003174,6.39915498368282e-08,6.008148201175345e-09
-285.6114163000452,0.0,1000.0,0.0,52,1040000,3,0.022300586104393005,0.00026100000000000044,57.17313495357704,0.3007013467363656,-0.0011906621162407695,0.5146577806074144,11.655092000961304,4.300686597824097,15.955779314041138,-1.7166136956348055e-08,4.5967102124677695e-08
-245.6666403219981,0.0,1000.0,0.0,53,1060000,1,0.033990174531936646,0.00026025000000000044,67.89421374348406,0.2936699755085162,0.0021531335122811908,0.8837662923831148,12.472259998321533,1.659627914428711,14.13188910484314,1.0309219078408205e-07,-3.85761254051431e-08
-199.8184289354204,0.0,1000.0,0.0,54,1080000,2,0.026523873209953308,0.00025950000000000045,49.819655243961954,0.28143518925093997,3.72659764624537e-05,1.238237502666327,11.328846216201782,3.2515170574188232,14.580364227294922,3.910064805268121e-08,1.525878978725359e-08
-133.99187163469466,0.0,1000.0,0.0,55,1100000,2,0.0260569266974926,0.00025875000000000046,62.06527828027646,0.34523234189080354,-0.0003497597635738528,1.7449390937725957,12.173516988754272,2.8843908309936523,15.05790901184082,2.479553273815327e-08,-1.754760781125242e-08
-68.54464527076188,0.0,1000.0,0.0,56,1120000,2,0.02025892212986946,0.00025800000000000047,45.82787072239592,0.19978583051849857,0.0010401704579222793,2.259745207647927,11.318853378295898,2.7834572792053223,14.102311372756958,3.433227391269611e-08,-2.803802523487775e-08
-34.52895164040654,0.0,1000.0,0.0,57,1140000,2,0.025501461699604988,0.0002572500000000005,37.11159704744625,0.22938197591719917,0.0008901246487142179,2.920531815233322,11.115850925445557,2.889939785003662,14.005792140960693,2.8991699707603402e-08,3.051757735406113e-09
10.01837417344019,0.0,1000.0,0.0,58,1160000,7,0.023195164278149605,0.0002565000000000005,44.71412628897245,0.18472649554400236,-0.006345802328826895,4.192175002579056,11.621767520904541,10.294826745986938,21.916595935821533,3.433227391269611e-08,8.678436635989328e-09
59.61684889192251,0.0,1000.0,0.0,59,1180000,4,0.02145879715681076,0.0002557500000000005,38.610633615868544,0.11421242536911473,-0.0026284317488219746,5.418023263684477,11.474480390548706,6.034116506576538,17.50859808921814,-1.1634826435624745e-08,4.5299529460862686e-08
124.90047708662583,0.06500000000000002,1000.0,0.0,60,1200000,2,0.02114114910364151,0.0002550000000000005,34.72522706193284,0.09645596309639394,-0.0022381535826471095,6.538226296726507,11.908710479736328,4.170519113540649,16.07923150062561,-4.76837147544984e-09,1.7070769686711174e-08
197.10741658243097,0.035,1000.0,0.0,61,1220000,9,0.020793231204152107,0.0002542500000000005,32.338143617835165,0.07954119746254233,-0.009540474520231516,8.593331617626857,12.038966417312622,14.194555759429932,26.23352289199829,-1.7166137400437265e-09,-1.602172794434864e-08
251.6877244881298,0.052500000000000005,1000.0,0.0,62,1240000,7,0.020575156435370445,0.0002535000000000005,31.600881861856898,0.03659081278561811,-0.008034835949145676,10.956656526942494,11.694627285003662,11.287134170532227,22.98176383972168,-1.8882751362525596e-08,-8.344649971014917e-11
279.4921092718079,0.09750000000000002,1000.0,0.0,63,1260000,8,0.020659172907471657,0.00025275000000000053,27.228542885079552,0.024420301475303288,-0.007537296532055203,13.113066603581364,11.165063858032227,11.373931169509888,22.53899621963501,6.38961772381208e-09,-5.096197241982736e-09
376.98199966905884,0.0,1000.0,0.0,64,1280000,5,0.020925389602780342,0.00025200000000000054,28.309348732214005,0.018153278201747055,-0.0065685765285152025,15.13376069967739,11.648288011550903,8.103775262832642,19.75206422805786,-3.0708314113780943e-08,-2.2768973373388235e-09
462.8981410089852,0.040000000000000015,1000.0,0.0,65,1300000,5,0.03150494024157524,0.00025125000000000055,43.494097158779354,0.013745327836003738,-0.005526590953691127,17.337867521097102,11.22481107711792,7.408633470535278,18.633445501327515,2.5939941750152684e-08,-4.500150807551506e-10
520.6553596221045,0.039999999999999994,1000.0,0.0,66,1320000,4,0.022311201319098473,0.00025050000000000056,32.16563908893841,0.010936575128693884,-0.00474924047197849,19.434699972597556,11.504713535308838,5.936750173568726,17.441465616226196,4.2724607851596375e-08,-9.113549914729902e-09
516.0133955185966,0.14499999999999996,1000.0,0.0,67,1340000,9,0.023829353973269463,0.00024975000000000057,23.095966668682486,0.007716152506487369,-0.0102084731377488,22.182610327274105,12.3677499294281,14.223992586135864,26.591744899749756,4.768371808516747e-10,-4.154443900006299e-09
503.8267339872274,0.14999999999999997,1000.0,0.0,68,1360000,13,0.02799573354423046,0.0002490000000000006,30.088155979546496,0.0036859223968149124,-0.010682733817601429,25.228362498982996,11.768435716629028,21.395508289337158,33.16394662857056,4.005432074905002e-08,-7.152557435219364e-10
628.8948766702151,0.14500000000000005,1000.0,0.0,69,1380000,6,0.021139781922101974,0.0002482500000000006,36.33553566795568,0.004302488170012225,-0.005817438167454407,27.95645682524822,11.631978511810303,8.73496675491333,20.36694645881653,-5.855560303302809e-08,-3.224611244689868e-09
604.3292057386544,0.2525,1000.0,0.0,70,1400000,5,0.021695304661989212,0.0002475000000000006,34.98384206424506,0.005333587368682455,-0.0054548745120938024,30.624611650412074,12.232453346252441,7.998480319976807,20.230934619903564,1.7881394143159923e-08,4.059076186280208e-09
719.5259159867842,0.3825,1000.0,0.0,71,1420000,10,0.022979866713285446,0.0002467500000000006,36.12681773127839,0.004888089828973505,-0.007796967152681666,33.250678781503304,11.622050762176514,15.510778427124023,27.132831573486328,3.538131565505864e-08,-1.639127722441458e-09
698.9473718353772,0.8099999999999998,1000.0,0.0,72,1440000,2,0.022342363372445107,0.0002460000000000006,34.40228311246196,0.011113943111266013,-7.222237522169329e-05,35.3315120916397,11.995065450668335,3.132274627685547,15.127341270446777,1.8596649553614952e-08,-1.0490417423625331e-09
732.6988407319699,0.805,1000.0,0.0,73,1460000,9,0.021904781460762024,0.0002452500000000006,32.59715671932016,0.009005071372812019,-0.008473931400969567,37.62082534670872,11.270954847335815,12.458555459976196,23.72951102256775,2.0217894913798773e-08,7.867813067718998e-10
761.3191163888423,0.6525,1000.0,0.0,74,1480000,9,0.0210888609290123,0.00024450000000000063,40.25522160843242,0.007625877287157507,-0.0063460374879659035,40.0560909890096,11.92570686340332,12.64315915107727,24.568867683410645,-4.062652436687131e-08,-4.887580895562849e-10
822.3383143796418,1.2975,1000.0,0.0,75,1500000,6,0.02068914659321308,0.00024375000000000064,37.287132916486044,0.019253810442298753,-0.004915146065897708,42.72573768445097,11.207017660140991,9.197718143463135,20.40473747253418,-2.985000691069217e-08,7.361173892661554e-10
781.2975084190368,1.5075,1000.0,0.0,76,1520000,3,0.025210808962583542,0.00024300000000000062,37.60908303397913,0.02610532748111235,0.0008219347724193138,44.60557990840957,11.151504516601562,4.25249457359314,15.404000282287598,-2.78949729981548e-09,8.344650526126429e-10
885.2428253744886,2.0075,1000.0,0.0,77,1540000,1,0.041312504559755325,0.0002422500000000006,41.22223152672521,0.01919380732077046,0.00511067529795126,46.02896120601569,11.633226871490479,1.5301587581634521,13.163387537002563,3.2138824934691e-08,5.245208711812666e-10
966.5519120829147,2.5425,1000.0,0.0,78,1560000,6,0.020063349977135658,0.00024150000000000058,48.5988171560188,0.03458186461569402,-0.00364176677222561,48.4446207438541,11.564878702163696,8.73721957206726,20.302098989486694,-1.0776520120714395e-08,-6.079673986469913e-10
1019.8643475427959,3.465,1000.0,0.0,79,1580000,8,0.024330371990799904,0.0002407500000000006,46.260695382429006,0.03736074982428947,-0.003014636731642587,51.231652550803965,11.333418607711792,11.944882869720459,23.278302907943726,-2.8991699707603402e-08,2.98023217215615e-10
1038.7916208701088,4.9399999999999995,1000.0,0.0,80,1600000,4,0.0241903904825449,0.0002400000000000006,48.222706637062586,0.06762643296423311,-0.0007064690725645794,53.071617290996514,11.980622053146362,5.687458038330078,17.668081045150757,2.956390465769232e-09,1.0132790162487026e-09
1000.5582129629613,6.2675,1000.0,0.0,81,1620000,1,0.023429781198501587,0.00023925000000000058,48.21413276599238,0.08816492867569764,0.004755004146954598,54.4142169525829,12.609486103057861,1.4873793125152588,14.096867322921753,1.3351439953623867e-09,4.947185328063597e-09
1103.0077085752564,7.675,1000.0,0.0,82,1640000,6,0.020884139463305473,0.00023850000000000057,53.18679655042573,0.1211857629217866,-0.0025922865772974916,57.105247192870316,11.452894449234009,9.644877910614014,21.09777283668518,1.4019012617438875e-08,2.5987625384971125e-09
1176.0392150858204,8.2725,1000.0,0.0,83,1660000,1,0.034551046788692474,0.00023775000000000057,59.644838979069036,0.09392574098639594,0.004528806358873368,58.82626835149698,11.894319534301758,1.5060701370239258,13.400391101837158,-1.9454956756703723e-08,-1.19209286886246e-09
1230.2255790815984,6.7299999999999995,1000.0,0.0,84,1680000,1,0.024627303704619408,0.00023700000000000058,34.50395814146097,0.06801755217829356,0.009950408771538887,60.39821175035958,12.140271425247192,1.4376749992370605,13.57794737815857,-2.727508530142586e-08,-1.9550323582251394e-09
1254.6697529693308,5.994999999999999,1000.0,0.0,85,1700000,2,0.022708173841238022,0.00023625000000000057,39.16161308501856,0.07277031716244955,0.0023153907940767636,62.19488068358205,11.253926038742065,2.966118812561035,14.220046758651733,6.246566819356758e-09,-1.3828277412031298e-09
1214.74194190832,7.5625,1000.0,0.0,86,1720000,3,0.021099675446748734,0.00023550000000000057,34.992969830830894,0.11182677826355186,0.0005059764929774344,64.20415592701417,11.38217806816101,4.279759883880615,15.661939144134521,-5.102157807357344e-09,1.20401377756707e-09
1282.8503838372912,9.31,1000.0,0.0,87,1740000,5,0.0241103395819664,0.00023475000000000058,65.3332291429416,0.11013836274607874,-0.001496247383959282,66.7006060176764,11.67655634880066,7.922053813934326,19.59861183166504,4.959106458812812e-09,1.8596648665436533e-09
1352.51954965618,11.5425,1000.0,0.0,88,1760000,1,0.022255634889006615,0.00023400000000000056,47.00270136933738,0.143666110099695,0.006617089803404987,68.34851361844487,12.106599569320679,1.4819142818450928,13.588514804840088,7.629394338515283e-10,-3.433227480087453e-09
1302.1108604663896,11.107499999999998,1000.0,0.0,89,1780000,1,0.020963000133633614,0.00023325000000000057,43.910084090674644,0.1353829891894001,0.0055205588475964705,69.72396828648381,11.735749959945679,1.5891156196594238,13.324867963790894,-1.7166137400437265e-09,-1.2159347972939827e-09
1313.0602409944622,9.3475,1000.0,0.0,90,1800000,3,0.021161502227187157,0.00023250000000000058,30.460661461558967,0.1077083009191024,0.0023439393336145767,71.91723316749191,11.808643102645874,4.3789143562316895,16.18755841255188,-1.1110305564443479e-08,1.6689301052252858e-09
1410.3322516564922,14.162499999999998,1000.0,0.0,91,1820000,2,0.020470496267080307,0.0002317500000000006,64.42109357510893,0.1979719346847397,0.0011379825380502845,73.3863092611392,11.646955013275146,2.9172005653381348,14.564157009124756,-1.754760781125242e-08,-2.145767175054658e-10
1449.946256886166,18.6625,1000.0,0.0,92,1840000,3,0.021017685532569885,0.0002310000000000006,51.94505010346889,0.2796261262493773,0.0018873544835363524,75.5789385177076,11.602000713348389,5.197185039520264,16.799187660217285,-7.057189943537878e-09,-9.727478378351861e-09
1429.7564935150403,22.6125,1000.0,0.0,93,1860000,5,0.02024584263563156,0.00023025000000000058,70.97626149662005,0.31079443601754525,-0.0028875678477172082,78.35410997189653,11.906041860580444,6.928343772888184,18.834386825561523,4.959106458812812e-09,-1.2302399099439754e-08
1434.9716590865494,26.140000000000004,1000.0,0.0,94,1880000,2,0.025373585522174835,0.0002295000000000006,43.59149157886688,0.3558122209085824,0.003592538313356975,80.56752114097912,12.46569275856018,2.91965913772583,15.385352849960327,-2.307891833197573e-08,1.8596649553614952e-08
1468.5114830802972,27.48,1000.0,0.0,95,1900000,1,0.02283603884279728,0.0002287500000000006,36.02115838900922,0.32316241610926183,0.00960120347480233,81.90272631660437,11.63344430923462,1.5379164218902588,13.171363353729248,-1.8692016823251834e-08,6.103515470812226e-09
1494.1070218584734,25.792499999999997,1000.0,0.0,96,1920000,1,0.03190081566572189,0.0002280000000000006,60.29672687579268,0.353818843159051,0.004550512698583138,83.37387609024779,11.724464416503906,1.6931145191192627,13.417579889297485,5.7220459481754915e-09,6.294250454175199e-09
1474.8417920324923,26.125,1000.0,0.0,97,1940000,1,0.02052053064107895,0.00022725000000000062,77.17147094068436,0.35245775957457937,0.004012707385796899,84.30083901889789,12.821298360824585,1.8081247806549072,14.629425525665283,-5.531310964812519e-09,1.9073485846288207e-10
1488.0110618092733,27.505000000000003,1000.0,0.0,98,1960000,1,0.02068520523607731,0.0002265000000000006,41.56129722778028,0.3556013224414362,0.008670133613674833,86.06093117223381,11.548616170883179,1.4400181770324707,12.988635540008545,-5.197525076994225e-09,7.152557435219364e-10
1521.7694779014105,26.464999999999996,1000.0,0.0,99,1980000,1,0.020167291164398193,0.00022575000000000058,52.63289741357676,0.35402752816105804,0.004743982035035905,87.06650821088601,12.36652684211731,1.5294365882873535,13.895964622497559,2.250671471415444e-08,3.2424927187690855e-09
1462.0353653355453,26.647499999999997,1000.0,0.0,100,2000000,5,0.024577025324106216,0.00022500000000000056,56.44424536068219,0.40608324555162423,-0.0019666390814863073,89.52653197754687,11.808351039886475,8.54422903060913,20.352580785751343,2.8610229740877458e-09,-4.100799699813251e-09
870.7512954160604,12.659999999999998,1000.0,0.0,101,2020000,1,0.025348946452140808,0.00022425000000000057,78.76883460462284,0.08434885088056802,0.003625451322323598,90.65949422330522,11.46587085723877,1.5631389617919922,13.029010534286499,-6.752014058974964e-08,1.6260147006619263e-08
465.28192620721546,0.40499999999999997,1000.0,0.0,102,2040000,2,0.02252924256026745,0.00022350000000000058,49.352091737448596,0.04751383958045191,-0.003672612256358583,91.3348316399815,11.464585065841675,3.1229732036590576,14.58755898475647,1.6212463593845428e-09,8.106231796922714e-10
572.3759656416587,1.3575000000000004,1000.0,0.0,103,2060000,3,0.026583697646856308,0.00022275000000000056,68.91446390040258,0.0508818852440459,-0.0059212868184216234,92.03202619136205,11.461170434951782,4.66945219039917,16.130625247955322,-3.2424927187690855e-09,-6.008148201175345e-09
753.264357088549,3.6149999999999998,1000.0,0.0,104,2080000,6,0.022723563015460968,0.00022200000000000057,71.38456732472673,0.07525316729578284,-0.007083549149854146,93.08218832290211,11.315982103347778,9.276797771453857,20.592780590057373,1.4305114870438729e-09,3.6239624634504253e-09
895.7736226625075,7.3675,1000.0,0.0,105,2100000,2,0.022012637928128242,0.00022125000000000055,94.12490065333942,0.14754742272079183,-0.003276292465258235,94.22418499297608,12.012223958969116,3.6781082153320312,15.69033432006836,0.0,-2.40802755513414e-09
1008.5660909090764,13.102499999999997,1000.0,0.0,106,2120000,3,0.021173326298594475,0.00022050000000000056,94.62256850018161,0.30340633895228336,-0.002122256468437985,95.76694048961765,11.971659183502197,4.9867284297943115,16.958389282226562,-2.0980834847250662e-09,1.4209747156712638e-08
1194.653944676804,22.480000000000004,1000.0,0.0,107,2140000,1,0.020102325826883316,0.00021975000000000057,113.67773966438854,0.37852721073376105,0.0005421732588055225,96.58953250482821,12.008288145065308,1.676537036895752,13.684828281402588,-3.051757735406113e-09,1.5354157056890472e-08
1336.550987901613,34.19250000000001,1000.0,0.0,108,2160000,2,0.022051401436328888,0.00021900000000000055,120.35595467905648,0.6382552582901507,0.001875638726729745,97.79779513423054,11.890291690826416,3.590444803237915,15.480737924575806,1.0681151962899094e-08,-4.243850781904257e-08
1450.8447726882655,44.965,1000.0,0.0,109,2180000,1,0.024833662435412407,0.00021825000000000053,110.57388337351644,0.7863677791513193,0.002553337092954701,98.50279735528623,11.802184343338013,1.556448221206665,13.358634233474731,-7.438659466174613e-09,1.769065782752932e-08
1537.997347149841,55.25749999999999,1000.0,0.0,110,2200000,3,0.02529159002006054,0.00021750000000000054,115.98190220679464,0.9128448979669231,0.000586391199495211,99.2470483586938,11.780239343643188,4.741006374359131,16.521247386932373,-1.1444092340440193e-09,-1.8763541831390285e-08
1615.854286666555,70.24249999999999,1000.0,0.0,111,2220000,6,0.021048692986369133,0.00021675000000000055,104.7800643177459,1.2580433821144956,-0.0026679462464367604,101.05502184460592,11.763368606567383,10.093022108078003,21.856391668319702,-3.414153937342235e-08,-1.7070769686711174e-08
1690.3591614987836,83.25499999999998,1000.0,0.0,112,2240000,1,0.024937788024544716,0.00021600000000000053,124.32891822546816,1.6894313283621694,0.003920959299817063,102.55432436032036,11.960929155349731,1.777308702468872,13.738239288330078,-1.2588500908350397e-08,8.339881674146454e-08
1761.6416138633235,96.855,1000.0,0.0,113,2260000,2,0.02036263234913349,0.00021525000000000054,138.9185419174048,2.128251395857753,0.00252687573260345,103.82796763459714,11.470553159713745,3.8486578464508057,15.319212198257446,2.7465819840699623e-08,-3.340244347782573e-08
1836.1154899966264,115.42999999999999,1000.0,0.0,114,2280000,3,0.023626195266842842,0.00021450000000000055,95.48329394770126,2.345810130254402,0.0015874281788445192,105.53942576967997,12.158579349517822,4.951486825942993,17.110067129135132,1.2207030941624453e-08,5.464553964884544e-08
1921.3075687660362,132.31,1000.0,0.0,115,2300000,3,0.020053140819072723,0.00021375000000000053,106.74569072865576,2.756774190769663,0.002165754626706417,107.27815651208067,11.463335037231445,4.937602996826172,16.400938987731934,-5.5694581391207976e-08,-2.956390332542469e-08
1985.7154262428976,146.94250000000002,1000.0,0.0,116,2320000,1,0.02080836147069931,0.00021300000000000054,115.42582978074924,3.5147356720397265,0.006355325521800084,108.05608670170696,11.758604049682617,1.659970998764038,13.41857624053955,7.2479249269008506e-09,-1.1825561863076928e-08
2047.5960313288888,169.90000000000003,1000.0,0.0,117,2340000,1,0.028374439105391502,0.00021225000000000055,102.89711203285681,3.9607319390050137,0.0060252702702729465,109.47283097044729,11.321788311004639,1.847965955734253,13.169755458831787,-6.67572024326546e-08,-9.53674295089968e-09
2121.099506686649,191.29999999999998,1000.0,0.0,118,2360000,3,0.02189227007329464,0.00021150000000000053,89.84571400643411,4.261903602094315,0.0001511024249195894,111.24205806029363,12.333042860031128,5.424077749252319,17.75712251663208,3.585815377959989e-08,7.629394338515283e-10
2122.0397839434654,201.25250000000003,1000.0,0.0,119,2380000,1,0.024163639172911644,0.00021075000000000054,114.36373512584942,5.1934992055923415,0.005228113734160368,112.6455310175594,11.203543663024902,1.6665892601013184,12.870133876800537,2.632141082870021e-08,1.3542175736347417e-07
2242.475229808907,231.5725,1000.0,0.0,120,2400000,1,0.021692026406526566,0.00021000000000000055,103.76346915979354,5.304279319775371,0.005132296173193584,113.80526007021578,11.716464519500732,1.654930591583252,13.371397018432617,-3.414153937342235e-08,3.852844088214624e-08
2305.7620504829492,248.65749999999997,1000.0,0.0,121,2420000,3,0.021715277805924416,0.00020925000000000056,111.82162033178555,5.624239932233914,-0.00010881389127260707,115.48830491006056,11.216821193695068,4.8638200759887695,16.080642223358154,-3.6239622858147413e-08,-8.049011057664757e-08
2332.617142731188,257.355,1000.0,0.0,122,2440000,1,0.02065245434641838,0.00020850000000000054,120.8735528159827,6.628940410126512,0.005070524699331377,116.77861927264034,11.688663005828857,1.718686819076538,13.407351970672607,-1.2207030941624453e-08,6.141662822756189e-08
2368.1571607789097,268.6075,1000.0,0.0,123,2460000,1,0.021962948143482208,0.00020775000000000055,81.24904255364268,4.8894607205741325,0.008605819591246665,118.6153223446002,12.232816457748413,1.6540851593017578,13.886903047561646,1.678466787780053e-08,-1.300811760529541e-07
2468.21921319046,296.85499999999996,1000.0,0.0,124,2480000,1,0.021714944392442703,0.00020700000000000053,106.70776596313087,6.583740059179239,0.006673750702660686,120.33265588534907,11.45450496673584,1.6279480457305908,13.082455396652222,5.7220459481754915e-09,3.776550272505119e-08
2493.257069686394,308.7575,1000.0,0.0,125,2500000,2,0.03399980813264847,0.00020625000000000051,83.76035639729362,6.063851696995501,0.005087801147424899,122.148552148106,11.348576307296753,3.8244807720184326,15.173058986663818,3.299713213777977e-08,7.324219097881723e-08
2499.9016086809866,312.97749999999996,1000.0,0.0,126,2520000,1,0.037845198065042496,0.0002055000000000005,129.0860124655044,8.80242104804554,0.01028463209922702,123.39547356553733,12.38131856918335,1.7016031742095947,14.082923173904419,-5.8746337572301854e-08,-2.2125243859250077e-08
2579.606366936562,347.44,1000.0,0.0,127,2540000,7,0.02292179875075817,0.00020475000000000048,55.36435629558694,6.537905495333269,-0.002443728781471455,125.74357698650351,12.888756275177002,12.070155143737793,24.95891261100769,-6.294250454175199e-08,-3.852844088214624e-08
2646.9964429820293,373.5925,1000.0,0.0,128,2560000,1,0.021870026364922523,0.00020400000000000049,167.8082586660172,7.2249037168277335,0.0040570116964891885,127.41385462946785,11.088399171829224,1.5473074913024902,12.63570785522461,-1.1444092340440193e-09,4.0435789827597546e-08
2683.8016621062643,384.59749999999997,1000.0,0.0,129,2580000,1,0.023566726595163345,0.0002032500000000005,122.07797642180714,8.173893846261997,0.013361933040090453,128.32929680674982,12.283955812454224,1.5733051300048828,13.85726261138916,-2.803802523487775e-08,-1.3351440841802287e-08
2709.908259009385,397.1825,1000.0,0.0,130,2600000,4,0.020407697185873985,0.0002025000000000005,162.3466013110103,7.540608449484974,0.0003996875167589266,130.4926006207451,11.574627876281738,6.604089975357056,18.178719520568848,-7.820129432900558e-09,2.250671471415444e-08
2736.2799251906395,406.64000000000004,1000.0,0.0,131,2620000,1,0.025987491011619568,0.0002017500000000005,251.60474760159136,7.777039038868377,0.006294703699823933,132.03487744803627,11.775577068328857,1.605417013168335,13.380996227264404,1.4877318932349226e-08,8.726119915536401e-08
2787.5447251414316,420.6525,1000.0,0.0,132,2640000,3,0.02146659791469574,0.00020100000000000052,127.88322810700146,8.421926022083742,0.002083948328376959,134.4560829625724,12.265339374542236,4.781273603439331,17.04661512374878,2.4604798198879507e-08,1.525878978725359e-08
2844.068018884012,441.42749999999995,1000.0,0.0,133,2660000,1,0.0281051155179739,0.00020025000000000053,85.78156791175135,8.79888856144378,0.007673338336792712,136.64053588477188,11.356367111206055,1.5157296657562256,12.872097492218018,1.2207030941624453e-08,-1.2817382355478912e-07
2903.1289161232066,464.97749999999996,1000.0,0.0,134,2680000,1,0.0389024056494236,0.00019950000000000054,226.1211254253936,8.426459782420636,0.00763743305459809,138.53761038003256,11.666538715362549,1.622830867767334,13.289371013641357,-2.8419494313425275e-08,-8.773803727990526e-08
2947.0546286055464,477.2575,1000.0,0.0,135,2700000,1,0.06561470776796341,0.00019875000000000052,140.69914559434397,7.526942000983241,0.01886699967288647,139.9259546541939,11.235681533813477,2.215737819671631,13.451420307159424,4.959106458812812e-09,-3.3187866677053535e-08
2968.3510419851095,482.95,1000.0,0.0,136,2720000,1,0.020185956731438637,0.00019800000000000053,126.60687873767206,7.743005322953001,0.0056004989862489625,141.07399635193067,13.149885892868042,1.6409814357757568,14.790868520736694,-3.662109548940862e-08,-6.484985437538171e-09
2933.1506888030594,472.88,1000.0,0.0,137,2740000,11,0.02146337181329727,0.00019725000000000054,111.60920991268817,8.309931087729337,-0.006149058947648021,144.28052951304193,11.316194534301758,17.49405789375305,28.8102548122406,1.850128228397807e-08,-4.1961669694501325e-09
2996.962393999057,500.20250000000004,1000.0,0.0,138,2760000,1,0.06733114272356033,0.00019650000000000052,200.44590420463976,8.60171649707392,0.007388760824464618,146.2940854691088,11.051597356796265,1.6531589031219482,12.704759120941162,-2.479553273815327e-08,-6.351471171228695e-08
3024.4575271933036,509.0075,1000.0,0.0,139,2780000,5,0.02066214010119438,0.00019575000000000053,169.0178992408533,8.57153542460725,-0.002240978137027627,148.88619463740827,11.06244707107544,8.126933097839355,19.18938112258911,-1.1634826435624745e-08,6.866454960174906e-09
3032.0236254267784,509.8875,1000.0,0.0,140,2800000,8,0.021959302946925163,0.0001950000000000005,219.92565222670095,7.91714237073359,-0.0042836669121702284,153.3703799080163,11.691147089004517,14.02167010307312,25.712819814682007,-1.1444092340440193e-09,-1.1425018442423607e-07
3094.981552903121,529.64,1000.0,0.0,141,2820000,4,0.02380661852657795,0.00019425000000000052,204.79854491724373,7.1099428624009935,-0.0011634518360397735,157.53440897152447,11.078064680099487,6.51238751411438,17.590453147888184,-7.629394893626795e-09,-4.653930574249898e-08
3181.8195469384214,560.2350000000001,1000.0,0.0,142,2840000,1,0.02535543590784073,0.00019350000000000053,105.00702132203709,6.7867148440485945,0.016280049539971562,160.25578932107067,11.135070562362671,1.7743761539459229,12.90944766998291,3.8146971692576415e-10,4.138946607668004e-08
3224.7491380152255,571.6,1000.0,0.0,143,2860000,1,0.021389637142419815,0.00019275000000000054,206.80630969696531,7.7145784716255745,0.007559373214567146,162.34530727398663,12.088268995285034,1.6970481872558594,13.785319328308105,-2.0599365768703137e-08,-1.5411376352858497e-07
3273.337755431476,587.755,1000.0,0.0,144,2880000,1,0.034643128514289856,0.00019200000000000055,105.1036554830143,6.642034997574438,0.011994642470353327,163.7928219146241,11.476699829101562,1.6936159133911133,13.170316934585571,4.959106547630654e-08,-4.186630420122128e-08
3277.4960781205905,592.065,1000.0,0.0,145,2900000,1,0.021878307685256004,0.00019125000000000056,115.90756073851173,7.265745241421099,0.009341510232930747,165.67647774303302,11.600492715835571,1.6521391868591309,13.252634048461914,5.912780931538464e-09,2.0980834847250662e-08
3316.923969290433,603.325,1000.0,0.0,146,2920000,1,0.0296854916960001,0.00019050000000000056,242.51331606612038,7.913819891957049,0.00513903838626969,166.9920186295677,11.627062320709229,1.5704660415649414,13.197529315948486,-5.149841442175784e-09,1.0528564331480084e-07
3291.458497001382,595.9825,1000.0,0.0,147,2940000,2,0.022702356800436974,0.00018975000000000057,66.35825637354256,7.05339467373138,0.005956558518099804,169.9876624646659,11.149569749832153,3.0358142852783203,14.185385465621948,1.907348590179936e-08,4.310608048285758e-08
3338.806019471964,612.9775000000001,1000.0,0.0,148,2960000,8,0.025145098567008972,0.00018900000000000058,120.28833811808698,7.206566809465329,-0.0035828562883344797,174.28998229297966,10.98606252670288,12.673130750656128,23.659194231033325,2.470016546851639e-08,3.662109548940862e-08
3372.2872030776043,624.775,1000.0,0.0,149,2980000,1,0.02394356206059456,0.0001882500000000006,437.7444267821388,8.027887176781798,0.006757804978870974,176.1945883656462,11.039175510406494,1.5675389766693115,12.606715202331543,3.6239624634504253e-09,8.392333938900265e-09
3409.971118904907,640.135,1000.0,0.0,150,3000000,8,0.02803795225918293,0.0001875000000000006,186.1154461364015,6.4531324174457465,-0.0021291095065138935,180.22806766619698,11.027240991592407,13.368807554244995,24.39604949951172,4.959106458812812e-09,-1.125335735707722e-08
1673.8004839343416,313.35749999999996,1000.0,0.0,151,3020000,10,0.02101832814514637,0.0001867500000000006,332.29595631486694,4.127675451638218,-0.0006051918273023999,45.03972915186288,11.683702945709229,15.884113073348999,27.567816734313965,4.615783666395146e-08,9.002685885661776e-08
55.363313742827145,0.0,1000.0,0.0,152,3040000,1,0.022384272888302803,0.0001860000000000006,281.795461474897,1.8719483648245328,0.004274165971924703,46.125144093181376,11.567183256149292,1.6015307903289795,13.168715000152588,-3.414153937342235e-08,-1.5411376352858497e-07
67.02916833441334,0.0,1000.0,0.0,153,3060000,1,0.02258019894361496,0.0001852500000000006,266.7464839307645,1.1163178536172111,0.0034056473285340653,46.48727459648547,12.622896194458008,1.5539655685424805,14.176862716674805,-9.346008411625917e-09,-1.7776488903109566e-07
96.51988492121998,0.0,1000.0,0.0,154,3080000,1,0.021362578496336937,0.00018450000000000058,197.3529748886157,0.8076414711083086,0.0044126524723852025,46.95394472116099,11.081053495407104,1.7192325592041016,12.800288677215576,5.455017060285172e-08,-6.484985703991697e-08
113.53860156081586,0.0,1000.0,0.0,155,3100000,2,0.030399447306990623,0.0001837500000000006,251.59108523591257,0.5139428698264372,0.0019126410496394378,47.504868997933386,11.40907073020935,3.0425498485565186,14.451621532440186,6.055831835993786e-09,1.672744787128977e-07
137.5808665261285,0.0,1000.0,0.0,156,3120000,2,0.023375805467367172,0.00018300000000000057,299.1454632609797,0.43976976191654754,0.001167430889237815,48.273079521739824,11.22817349433899,3.109334707260132,14.337510347366333,-3.0040741449965935e-08,-2.0980834847250662e-08
164.25868627287747,0.0,1000.0,0.0,157,3140000,1,0.023657532408833504,0.00018225000000000058,223.6734946680526,0.8783608663101166,0.005352895641989542,48.71844455609306,11.597087860107422,1.6610116958618164,13.258100509643555,3.347397026232102e-08,1.4686584393075464e-07
182.3394755832751,0.0,1000.0,0.0,158,3160000,1,0.024612469598650932,0.0001815000000000006,267.0120107693413,0.5137086350696917,0.0065088540943452535,49.13449709712507,12.249586820602417,1.686110019683838,13.935698509216309,2.6893616222878336e-08,-1.4457702945946949e-07
191.1258279449329,0.0,1000.0,0.0,159,3180000,1,0.025817856192588806,0.0001807500000000006,316.65868080309787,0.593844758959624,0.0034349356620266033,49.66232168179351,11.229091167449951,1.7409157752990723,12.970009088516235,1.5449524326527353e-08,-2.0599365768703137e-08
204.15112247663174,0.0,1000.0,0.0,160,3200000,1,0.021938590332865715,0.0001800000000000006,302.26372911983407,0.4106780535782488,0.0052114110454893154,49.9381267194169,11.489311933517456,1.556086778640747,13.045399904251099,-2.155304024142879e-08,-1.020431525944332e-07
220.81438907282123,0.0,1000.0,0.0,161,3220000,2,0.021031688898801804,0.00017925000000000062,286.09986011669656,0.5279081756600176,0.004258533278792597,50.5415465443279,11.347162961959839,3.7514050006866455,15.09856915473938,-1.277923544762416e-08,3.4904481083231076e-08
238.8433733495636,0.0,1000.0,0.0,162,3240000,1,0.031006671488285065,0.00017850000000000063,226.45338631590334,0.5618141278767357,0.008416824653884545,51.33006291496106,11.512369155883789,1.5382063388824463,13.050576210021973,-7.820129432900558e-09,4.234313877304885e-08
257.07400750362575,0.0,1000.0,0.0,163,3260000,2,0.03964249789714813,0.00017775000000000063,300.0382518935889,0.4403674619647261,0.0026412050305946043,51.81783651163022,11.337987422943115,3.1430022716522217,14.480991125106812,1.5258788677030566e-09,-3.2424927187690855e-09
292.20259377000065,0.0,1000.0,0.0,164,3280000,2,0.0203931275755167,0.00017700000000000064,308.20588503858914,0.4860105886579322,0.0035328894465664826,52.81469598593422,11.45207667350769,3.1500167846679688,14.602094888687134,3.8146971692576415e-10,-6.19888282926695e-08
328.12304310581226,0.0,1000.0,0.0,165,3300000,1,0.022969961166381836,0.00017625000000000065,240.08706528843402,0.5078759695203922,0.006120229833208905,54.00413098807533,12.236941576004028,1.8077967166900635,14.044739246368408,2.0980834847250662e-09,3.8146971692576415e-10
353.6778934923147,0.0,1000.0,0.0,166,3320000,1,0.031605690717697144,0.00017550000000000066,235.22870018383185,0.4338839404975263,0.004997207765309765,54.54877517017694,11.41409420967102,1.6153016090393066,13.029396533966064,1.0490417423625331e-09,2.3460387410523253e-08
368.3097612285142,0.0,1000.0,0.0,167,3340000,1,0.02740318328142166,0.00017475000000000067,231.83974711658857,0.5729127717189515,0.003934444606708833,55.379262174661164,11.138231039047241,1.5490927696228027,12.68732476234436,2.956390465769232e-09,3.986358620977626e-08
375.16117329133476,0.0,1000.0,0.0,168,3360000,3,0.02151094377040863,0.00017400000000000068,308.5506059841607,0.6398778534449708,0.001348243780083026,56.27551547813212,11.351511716842651,4.603634357452393,15.955147981643677,-1.239776614703203e-09,-4.1961669694501325e-09
405.05744731304526,0.0,1000.0,0.0,169,3380000,2,0.024059772491455078,0.0001732500000000007,316.7670711754991,0.6877108573818359,0.003053780301837042,57.606878560952865,11.688742399215698,3.2442569732666016,14.933001279830933,2.0980834847250662e-09,-3.8146971692576415e-10
442.4358388128659,0.0,1000.0,0.0,170,3400000,1,0.026224102824926376,0.0001725000000000007,328.96999416412257,0.7661380596435108,0.006229965395618456,59.04217326983857,11.281822443008423,1.5681240558624268,12.849948167800903,1.7166137400437265e-09,-1.5258788677030566e-09
469.2578369343113,0.0,1000.0,0.0,171,3420000,1,0.02967022731900215,0.0001717500000000007,305.57996587783765,0.5966552812546587,0.005940974373132371,59.497629915182586,11.726015329360962,1.7942235469818115,13.52023983001709,-6.294250454175199e-09,-2.8610229740877458e-09
490.66599456911445,0.0,1000.0,0.0,172,3440000,1,0.02154618874192238,0.0001710000000000007,218.570641755296,0.49550410619559,0.0042868774940673345,60.0295244527701,11.475051403045654,1.531022071838379,13.006075382232666,-4.768371808516747e-10,5.722046170220096e-10
505.2184932512797,0.0,1000.0,0.0,173,3460000,1,0.03784261643886566,0.00017025000000000067,343.18443241667825,0.6098339843292968,0.005785869865919264,60.79894841593295,11.32962155342102,1.5865018367767334,12.91612434387207,0.0,3.8146971692576415e-10
508.1110458262222,0.0,1000.0,0.0,174,3480000,2,0.02050149068236351,0.00016950000000000065,342.07040475808776,0.6809416901284513,0.0017591355868374196,61.391976115802606,11.583327531814575,3.2189266681671143,14.802255392074585,9.536742923144104e-11,-3.6239624634504253e-09
531.7678815230794,0.0,1000.0,0.0,175,3500000,1,0.021341057494282722,0.00016875000000000066,278.2554716408824,0.5965204588330972,0.0054618860103975465,62.46137024267032,11.56691598892212,1.5688843727111816,13.135801076889038,1.7929076889799944e-08,5.722046170220096e-10
552.5351892177769,0.0,1000.0,0.0,176,3520000,2,0.028169579803943634,0.00016800000000000064,267.63449721290664,0.4144635017211445,0.005096751786679172,64.02384618448373,11.899288177490234,3.401716470718384,15.301005363464355,-6.008148201175345e-09,1.9073485846288207e-10
552.222826109624,0.0,1000.0,0.0,177,3540000,3,0.02845918945968151,0.00016725000000000065,341.54905480292405,0.49992818552782486,0.002564190845258129,65.4059808180609,11.583241939544678,4.81741738319397,16.4006609916687,-6.294250454175199e-09,5.722046170220096e-10
590.4603467880704,0.0,1000.0,0.0,178,3560000,1,0.022413164377212524,0.00016650000000000063,318.3274803770998,0.8964312058477737,0.005738119637897125,66.39672646811975,11.104775667190552,1.5153253078460693,12.620102405548096,-3.8146971692576415e-10,-3.8146971692576415e-10
603.5124016936318,0.0,1000.0,0.0,179,3580000,1,0.025402924045920372,0.00016575000000000064,241.88463434396078,0.5105635002493477,0.004374208897292709,67.15420083725414,11.597862005233765,1.7954232692718506,13.393288373947144,2.336502102906479e-09,-5.722046170220096e-10
627.992590484841,0.0,1000.0,0.0,180,3600000,1,0.02370886318385601,0.00016500000000000065,248.3517243047111,0.6319632542114288,0.007201297779213458,68.1420287110935,11.696192264556885,1.6013453006744385,13.29753851890564,-1.8119812317252126e-09,7.629394338515283e-10
651.1010411085842,0.0,1000.0,0.0,181,3620000,1,0.032820116728544235,0.00016425000000000066,248.35262135880444,0.5835170842492923,0.0037364989720707455,68.81026665928265,11.227361679077148,1.7108173370361328,12.938180923461914,-3.2424927187690855e-09,-1.3351439953623867e-09
675.0968684067768,0.0,1000.0,0.0,182,3640000,1,0.02949102222919464,0.00016350000000000067,308.5681644262978,0.666756378337979,0.0032472057043375392,70.21218038443179,11.262749433517456,1.594655990600586,12.857406616210938,1.2588500908350397e-08,1.7166137400437265e-09
690.6185383935858,0.027500000000000004,1000.0,0.0,183,3660000,2,0.024836355820298195,0.00016275000000000068,311.88121251328687,0.7073039620781478,0.002586471655714019,71.17381270777304,11.093044519424438,3.229400634765625,14.322446346282959,5.531310964812519e-09,0.0
700.6061516263032,0.05500000000000001,1000.0,0.0,184,3680000,1,0.0352848619222641,0.00016200000000000069,254.521161670502,0.5396214168483076,0.005381053298735581,72.50179861147944,11.140099287033081,1.697199821472168,12.837300300598145,3.2424927187690855e-09,0.0
714.8357940998632,0.0175,1000.0,0.0,185,3700000,1,0.028185131028294563,0.00016125000000000067,234.08511275757616,0.6425326780294077,0.004833698093432921,73.00338513554095,12.501198530197144,2.551697254180908,15.052897214889526,-7.629394338515283e-10,-5.722046170220096e-10
729.0058086694746,0.03,1000.0,0.0,186,3720000,2,0.036255721002817154,0.00016050000000000068,359.5048079582068,0.46917052143298016,0.0032423693324460058,74.31927596265896,11.937020063400269,3.1423308849334717,15.079353332519531,-7.152557435219364e-10,-3.8146971692576415e-10
737.5009889709537,0.17750000000000005,1000.0,0.0,187,3740000,1,0.025256220251321793,0.00015975000000000068,205.04572159032853,0.5428233302344149,0.004190854378603994,75.60452818946716,11.619122982025146,2.373314380645752,13.992439270019531,-2.2888184680880386e-09,1.1444092340440193e-09
745.3690645861404,0.1025,1000.0,0.0,188,3760000,1,0.025230083614587784,0.0001590000000000007,210.30157019155095,0.500061388166187,0.005741201141051734,76.61617637366152,11.824643611907959,1.5738694667816162,13.398513793945312,-2.6702879907247734e-09,-5.722046170220096e-10
755.1402899641463,0.2724999999999999,1000.0,0.0,189,3780000,1,0.02585403434932232,0.00015825000000000068,229.63122894969612,0.47959654980574173,0.005264526088766683,77.53140704852704,11.353230953216553,1.5313999652862549,12.884631633758545,7.677078528445236e-09,1.3351439953623867e-09
767.7895605366505,0.155,1000.0,0.0,190,3800000,2,0.030323825776576996,0.00015750000000000066,201.06602459289016,0.39133424138108763,0.003613567775704514,78.88160003564609,11.248818397521973,3.0651822090148926,14.314001560211182,2.38418573772492e-09,1.1444092340440193e-09
800.9503753526421,0.49749999999999994,1000.0,0.0,191,3820000,1,0.02388855628669262,0.00015675000000000067,251.01467547858485,0.49811803470975674,0.004791050083405627,80.30148763930836,11.16588807106018,2.5228588581085205,13.688747644424438,-7.629394338515283e-10,-7.629394338515283e-10
803.5800608302263,0.655,1000.0,0.0,192,3840000,2,0.020066751167178154,0.00015600000000000065,285.90459728393313,0.7364271357893563,0.0017125383052921381,81.39508071265662,12.967427968978882,3.176669120788574,16.144098043441772,3.4809113369504985e-09,1.5258788677030566e-09
813.3519641558945,0.5825,1000.0,0.0,193,3860000,1,0.02712712623178959,0.00015525000000000066,198.36555636348055,0.47564656058915505,0.005694461498445215,82.6360107031874,11.441064357757568,1.595886468887329,13.036952257156372,-8.678436635989328e-09,9.536743617033494e-10
821.8646864498274,0.49250000000000005,1000.0,0.0,194,3880000,1,0.023159055039286613,0.00015450000000000064,281.95883683579416,0.5818333664355567,0.004026188507688026,83.16074446900583,11.429205894470215,1.5035998821258545,12.932806730270386,-5.531310964812519e-09,3.8146971692576415e-10
826.8785323897179,0.3025,1000.0,0.0,195,3900000,1,0.02296062372624874,0.00015375000000000065,259.8481623463737,0.7186056391690105,0.0049798541922515,84.10326080809767,11.127510786056519,1.4933042526245117,12.620815992355347,2.479553229406406e-09,-4.00543198608716e-09
829.5611004512535,0.33249999999999996,1000.0,0.0,196,3920000,2,0.020347295328974724,0.00015300000000000066,302.21969521312286,0.9047861802049528,0.0014229594947794042,85.89394689444156,11.053462028503418,3.0564703941345215,14.109933137893677,7.629394338515283e-10,3.8146971692576415e-10
833.7051679314047,0.36,1000.0,0.0,197,3940000,1,0.02024294063448906,0.00015225000000000066,226.37999272879702,0.6136368307680748,0.0033052734697398287,87.19823538685759,12.008632183074951,1.916844367980957,13.925479173660278,-8.201599399626502e-09,-1.907348723406699e-09
837.3018016317462,0.48250000000000004,1000.0,0.0,198,3960000,3,0.022617343813180923,0.00015150000000000067,245.65976722908223,0.6598492249195822,0.0034441554046576173,88.77341888557734,11.873193502426147,5.053384780883789,16.926579236984253,4.577636936176077e-09,2.479553229406406e-09
876.1606431657826,0.9249999999999998,1000.0,0.0,199,3980000,3,0.03326607495546341,0.00015075000000000068,229.33587438890095,0.5566761139006661,0.0015460888166337634,90.80062258459381,11.342421770095825,4.860278606414795,16.202702045440674,-2.0980834847250662e-09,1.1444092340440193e-09
889.0509346108778,1.195,1000.0,0.0,200,4000000,1,0.024628719314932823,0.0001500000000000007,104.5198549660631,0.42759829612014394,0.005029987717886417,92.84769841885796,11.459389448165894,1.6851372718811035,13.144529104232788,4.482269222449986e-09,2.6702879907247734e-09
961.7655067294256,0.5125000000000001,1000.0,0.0,201,4020000,20,0.022788971662521362,0.0001492500000000007,249.41116813623105,0.9613259180999412,-0.0030246946077716473,95.28235809764924,11.051851987838745,36.68830132484436,47.740156173706055,-2.0503998499066256e-09,4.577636936176077e-09
1052.2871815501708,0.31999999999999995,1000.0,0.0,202,4040000,2,0.021810170263051987,0.00014850000000000068,138.64948591409018,0.36618627855381647,0.002020166845420917,97.84653237681039,11.281244039535522,3.5301268100738525,14.811372518539429,-1.0108947456899386e-08,-8.77380390562621e-09
1113.4663198163398,0.2975,1000.0,0.0,203,4060000,2,0.02150740846991539,0.00014775000000000066,127.52532994328216,0.6220275038442673,0.002509058614190037,98.36794116474188,11.39470362663269,3.3163135051727295,14.711017847061157,-3.2424927187690855e-09,3.433227480087453e-09
1185.3770496344307,0.8675000000000003,1000.0,0.0,204,4080000,1,0.021416068077087402,0.00014700000000000065,106.57968269445645,0.3599677066833447,0.002662422461286425,98.99600426914593,11.389264345169067,1.6679141521453857,13.057179689407349,-1.7166137400437265e-09,6.294250454175199e-09
1242.7457403454441,1.17,1000.0,0.0,205,4100000,1,0.029515927657485008,0.00014625000000000065,110.93904878841802,0.5262567536613811,0.006461204014742337,99.48843483726819,11.539433479309082,1.900827407836914,13.440261840820312,2.2888184680880386e-09,-3.6239624634504253e-09
1289.493177294181,2.2749999999999995,1000.0,0.0,206,4120000,1,0.03161488473415375,0.00014550000000000066,95.23434814782189,0.5980308666444434,0.0020939377077019063,100.04035464643289,11.646233081817627,1.623159408569336,13.26939344406128,-8.77380390562621e-09,-4.386901952813105e-09
1305.061605343038,2.775,1000.0,0.0,207,4140000,2,0.02257991023361683,0.00014475000000000067,83.17042944454157,0.3278464157931721,0.002299204269556489,101.32446906970331,11.190750122070312,3.7061033248901367,14.896856307983398,-1.1920929132713809e-08,9.536742923144104e-11
1356.5704793558048,4.865,1000.0,0.0,208,4160000,1,0.030128560960292816,0.00014400000000000065,82.94825245244816,0.3898645278792412,0.004473202724973805,102.26116741046357,11.189208745956421,1.7414722442626953,12.930683374404907,-1.4114379887075756e-08,-3.433227480087453e-09
1401.0792313875684,8.01,1000.0,0.0,209,4180000,2,0.020860429853200912,0.00014325000000000064,114.26488972776615,0.8505408074290227,0.00039185518949343183,102.89302990459406,11.341881513595581,4.769131183624268,16.11101460456848,7.438659466174613e-09,6.866454960174906e-09
1452.7295709306177,10.005,1000.0,0.0,210,4200000,5,0.03365131467580795,0.00014250000000000064,98.0010324697525,1.2277328356957664,0.0006692899136652295,104.37639646194994,11.775773048400879,8.495285511016846,20.27105975151062,-8.964538444899972e-09,-1.1444092340440193e-09
1499.0008486534582,15.132499999999999,1000.0,0.0,211,4220000,2,0.022778239101171494,0.00014175000000000063,88.71746875836065,1.2916440141562837,0.0025622099020574897,106.82353379855903,11.224560022354126,3.393552780151367,14.61811375617981,-2.574920721087892e-08,1.0681151962899094e-08
1542.1407346309643,20.937500000000004,1000.0,0.0,212,4240000,2,0.02885296568274498,0.0001410000000000006,90.32140161587408,1.3104425298091702,0.0038599652192070366,107.4780189831036,12.296146392822266,3.334256887435913,15.630404233932495,-1.5830993405074878e-08,3.433227480087453e-09
1561.0189142428112,22.990000000000002,1000.0,0.0,213,4260000,2,0.02212725766003132,0.0001402500000000006,75.78394619573038,1.6534795735638363,0.0011221697660365377,108.2709404698576,11.425464391708374,3.984586000442505,15.410051107406616,4.577636936176077e-09,-1.3732909920349812e-08
1562.4840186138424,23.705,1000.0,0.0,214,4280000,1,0.02655709907412529,0.00013950000000000057,81.66551822747667,1.7276366750081888,0.001848750619794995,109.17380041055405,11.362794876098633,1.620072841644287,12.982868909835815,1.4495849853801701e-08,-1.8692016823251834e-08
1588.4526541395796,27.6025,1000.0,0.0,215,4300000,6,0.020495081320405006,0.00013875000000000058,92.56502862377796,1.5006899652770533,-0.0009636610550002549,111.15962665708174,11.19722318649292,10.70873475074768,21.905959844589233,1.6403198799253005e-08,2.2125243859250077e-08
1600.9802493006086,31.190000000000005,1000.0,0.0,216,4320000,6,0.02368355169892311,0.0001380000000000006,67.75219569038659,1.335791728192498,-0.0012333599357846907,113.68361954287853,11.548020362854004,10.723880767822266,22.271902322769165,2.479553229406406e-09,5.531310964812519e-09
1632.6981597413385,35.795,1000.0,0.0,217,4340000,2,0.020744092762470245,0.00013725000000000057,51.92919857890461,1.231252793924877,0.0035308981094860467,115.36864286185073,11.505173921585083,4.260640621185303,15.765815258026123,-2.2888184680880386e-09,-2.2888184680880386e-09
1642.3980210006544,36.7,1000.0,0.0,218,4360000,1,0.0237345639616251,0.00013650000000000058,67.60692729889014,1.1644234754406988,0.002069904448125309,116.67725482002234,13.39764404296875,1.677968978881836,15.075613975524902,-9.727478378351861e-09,-2.2888183792701966e-08
1646.9366157327804,38.697500000000005,1000.0,0.0,219,4380000,2,0.02132023498415947,0.0001357500000000006,55.345962099373914,1.0536622805431628,0.003200751767618754,117.27524996870243,11.015034914016724,3.2649667263031006,14.28000259399414,-3.433227480087453e-09,5.340575981449547e-09
1654.942646599009,42.059999999999995,1000.0,0.0,220,4400000,2,0.03349356725811958,0.0001350000000000006,56.8047333281642,1.2323682543378287,0.0012445479197005114,118.68767190512757,10.916088104248047,3.3825676441192627,14.298656940460205,4.744529658040619e-09,-3.433227391269611e-08
1599.9205306339622,43.497499999999995,1000.0,0.0,221,4420000,7,0.021234611049294472,0.0001342500000000006,55.54641666786685,1.1962576003065941,-0.002155528825910491,121.2205072295878,11.440805196762085,11.773380756378174,23.214186906814575,-1.8119812317252126e-09,-6.484985437538171e-09
1668.0426517497278,45.397499999999994,1000.0,0.0,222,4440000,4,0.021930590271949768,0.0001335000000000006,42.01881479683775,1.3153619789563047,-0.00026648686681769956,125.55826705713241,11.136357069015503,6.953493118286133,18.08985209465027,-2.0980834847250662e-09,-1.1444091896350983e-08
1639.2491491136025,45.027499999999996,1000.0,0.0,223,4460000,2,0.020163612440228462,0.00013275000000000057,51.0080154269648,1.177243505565884,0.0015090629138564244,128.31566079965415,11.261420249938965,3.5643043518066406,14.825725317001343,6.43730180271973e-09,-3.051757735406113e-09
1682.9323177078295,49.394999999999996,1000.0,0.0,224,4480000,5,0.02200576849281788,0.00013200000000000058,51.74642857073214,1.1736004217745015,-0.00015558896470255554,129.99975227136582,11.702154874801636,8.463397026062012,20.165552854537964,1.4066696252257316e-08,4.959106458812812e-09
1705.7948556952008,56.19499999999999,1000.0,0.0,225,4500000,15,0.0211435928940773,0.00013125000000000056,32.27065003509846,1.049675490871405,-0.005733657346719021,135.32772602897865,11.419666290283203,27.425731897354126,38.84540009498596,-1.1634826435624745e-08,1.7166137400437265e-09
1612.7577207515865,57.83750000000001,1000.0,0.0,226,4520000,8,0.02042108215391636,0.00013050000000000057,36.59632739358055,1.0745337291623647,-0.004535610450598331,140.11312175787296,11.248609066009521,14.111394882202148,25.360005855560303,3.8146971692576415e-10,2.8610229740877458e-09
1740.9240527143058,70.4525,1000.0,0.0,227,4540000,8,0.020411500707268715,0.00012975000000000055,60.39510383430761,1.0627556472731094,-0.003079617704144313,144.11355763883256,11.248202800750732,13.64637041091919,24.894575834274292,-5.62667867853861e-09,2.7656554379973386e-08
1738.2539049479078,75.64500000000001,1000.0,0.0,228,4560000,1,0.027413757517933846,0.00012900000000000053,44.12816701224818,1.2141424598404393,0.007426946598012893,146.50696400407784,11.090691804885864,1.6321666240692139,12.722859382629395,-1.4305114426349519e-08,-3.8146971692576415e-10
1703.2839214081946,72.54749999999999,1000.0,0.0,229,4580000,2,0.02371213212609291,0.00012825000000000054,52.2494442348663,1.1896603456415689,0.002019877784689085,147.98295500636482,11.39107608795166,3.7750911712646484,15.166169166564941,5.245208711812666e-10,2.6702879907247734e-09
1694.1240625022729,75.83500000000001,1000.0,0.0,230,4600000,7,0.02452661655843258,0.00012750000000000055,36.36286523036356,1.1563120930502808,-0.0021650874277382125,151.14608247200684,12.865738153457642,13.585282802581787,26.45102310180664,-3.933906533859499e-09,-4.673004205812958e-09
1659.1816769101388,74.115,1000.0,0.0,231,4620000,4,0.02214839868247509,0.00012675000000000056,48.38336871454891,1.1102238751162354,-3.443466768727992e-05,154.43390120484958,12.140920400619507,7.031048774719238,19.17197012901306,3.814697446813398e-09,-7.057189943537878e-09
1687.2110333895157,78.4875,1000.0,0.0,232,4640000,6,0.02362794429063797,0.00012600000000000054,37.800462791841,1.2299695199194807,-0.0011710331691438937,158.4099317150502,11.540866613388062,10.837328672409058,22.378196477890015,-3.3378602104505717e-09,-3.8909913513407446e-08
1707.0186698563825,81.325,1000.0,0.0,233,4660000,5,0.020162897184491158,0.00012525000000000055,65.12301674559474,1.1287484805804853,-0.0005034891995616234,161.20684479052267,11.842715501785278,8.5620756149292,20.404792547225952,-1.5735626135437997e-08,2.0217894913798773e-08
1811.3208156518763,90.7875,1000.0,0.0,234,4680000,5,0.02140836790204048,0.00012450000000000053,40.42517154681416,1.2358157921522952,0.0010309646304803915,164.4082878137168,11.21856141090393,8.56114387512207,19.779706478118896,2.2888184680880386e-09,1.7356873271978657e-08
1715.0423982468753,90.6575,1000.0,0.0,235,4700000,11,0.022286202758550644,0.00012375000000000054,56.00018094827573,1.3717090860896426,-0.004848987825437753,169.19989680662218,11.325235605239868,19.1354660987854,30.460702419281006,1.0490417423625331e-09,-9.536743617033494e-10
1820.8313254421362,102.25750000000001,1000.0,0.0,236,4720000,1,0.022185316309332848,0.00012300000000000052,86.4530318567928,1.4170347191274357,0.004853005645969234,171.32890290574144,12.0321044921875,1.8504316806793213,13.882537603378296,2.00271599304358e-09,2.9754637864698452e-08
1784.5187602117371,98.28,1000.0,0.0,237,4740000,5,0.020829612389206886,0.00012225000000000053,88.11683852345037,1.2409415695613946,-0.00018223156622899607,172.87860100596856,11.837663650512695,8.257951259613037,20.09561586380005,2.38418573772492e-09,7.724762163263676e-09
1743.7524653950463,96.75250000000001,1000.0,0.0,238,4760000,4,0.02120540849864483,0.00012150000000000053,92.64703550277808,1.2868806685026462,3.9999963144381965e-05,174.9244908951342,11.232084274291992,7.615694046020508,18.847779989242554,4.00543198608716e-09,-1.4305114870438729e-09
1829.404547814392,105.58249999999998,1000.0,0.0,239,4780000,1,0.02161300554871559,0.00012075000000000052,46.712632340745046,1.4297657367139578,0.0068494717772014605,176.5741658561146,11.281895637512207,1.818389654159546,13.100287199020386,-1.1062621929625038e-08,2.717971847587819e-09
1844.093839910773,107.99750000000002,1000.0,0.0,240,4800000,3,0.020025597885251045,0.00012000000000000052,77.52479869285965,1.3242561538506368,0.0008670000296931106,178.0651054341699,12.983331441879272,5.19776725769043,18.18109965324402,-1.0490417423625331e-09,-9.727478378351861e-09
1716.557032125905,99.1525,1000.0,0.0,241,4820000,2,0.025081904605031013,0.00011925000000000051,90.25972859775678,1.3167747124886742,0.0009802449018524858,179.65498108300156,11.21904468536377,3.299590587615967,14.518636226654053,2.861023085110048e-10,-6.580352707175052e-09
1742.9338928675509,103.63,1000.0,0.0,242,4840000,4,0.02197292260825634,0.00011850000000000051,52.30275288481301,1.3364676982640458,0.001842927552176455,180.94791782854463,11.683464288711548,7.566904783248901,19.25037169456482,-3.433227480087453e-09,3.2520294013238527e-08
1794.528315140496,106.9,1000.0,0.0,243,4860000,11,0.02238359861075878,0.0001177500000000005,75.43565742975746,1.4339252148746509,-0.004289026944101454,185.010577234805,11.251907348632812,22.656768560409546,33.908676862716675,-3.6478042808596456e-09,-9.012222079718413e-09
1800.2776718233551,110.6125,1000.0,0.0,244,4880000,2,0.020941156893968582,0.0001170000000000005,90.12511813373992,1.493243867406449,0.002670959059964306,187.58214386278829,11.114610195159912,3.391625165939331,14.50623607635498,-1.4305114870438729e-09,-2.4271011866972003e-08
1681.7426891724656,107.8475,1000.0,0.0,245,4900000,12,0.023253558203577995,0.0001162500000000005,110.85383343188781,1.495223238651618,-0.0048083385245089,190.62427755971305,10.940855026245117,20.90503716468811,31.84589385986328,4.768371808516747e-10,-1.7166137400437265e-09
1678.281756135495,103.60249999999999,1000.0,0.0,246,4920000,3,0.028237683698534966,0.00011550000000000049,80.47004374198386,1.430691907834956,0.0030096028445445247,193.809823439398,12.45525598526001,5.670400857925415,18.125658750534058,-1.5258788677030566e-09,8.77380390562621e-09
1827.9830693579647,116.33250000000001,1000.0,0.0,247,4940000,1,0.02315329946577549,0.0001147500000000005,68.43722088420733,1.3845728637692265,0.005076829997150186,195.83378732699555,11.302116394042969,1.7654352188110352,13.0675528049469,2.6702879907247734e-09,4.76837147544984e-09
1807.5430221823979,109.5275,1000.0,0.0,248,4960000,5,0.02159736305475235,0.0001140000000000005,57.94883125841427,1.3796218103874986,-0.000935759399080286,197.46365963871867,11.089489459991455,9.198137760162354,20.287630319595337,-4.863739189175931e-09,-3.1471252270875993e-09
1777.3059939597474,110.57000000000001,1000.0,0.0,249,4980000,1,0.021642114967107773,0.00011325000000000049,82.67443285811062,1.4556063042281153,0.004446429252541199,198.95210465988794,11.498873472213745,1.9464900493621826,13.445364952087402,4.768371461572052e-11,-4.339218317994664e-09
1875.9101474020558,116.33,1000.0,0.0,250,5000000,7,0.022763244807720184,0.00011250000000000048,72.00175172387057,1.3696928369514696,-0.002157225167920319,201.55276694008336,12.009939908981323,13.199448823928833,25.20939040184021,-4.339218317994664e-09,-3.433227480087453e-09
2024.1975625459695,142.42500000000004,1000.0,0.0,251,5020000,3,0.02023269049823284,0.00011175000000000048,121.5139640446542,2.229437762936845,0.004448158653597799,95.36789948744769,11.351915121078491,6.163183927536011,17.515101671218872,-1.9502639503343744e-08,-3.776550272505119e-08
2293.633032134402,184.89499999999998,1000.0,0.0,252,5040000,2,0.022777143865823746,0.00011100000000000048,57.86236600144603,2.034276671302966,-0.002135306686020126,96.02492721850118,13.354401350021362,3.404097557067871,16.758500576019287,1.179933519779297e-07,-9.965896907715432e-08
2428.8741478371003,227.1075,1000.0,0.0,253,5060000,2,0.02116643451154232,0.00011025000000000047,48.33087369047415,2.476050971986387,-0.0011666090831684228,97.12118806930395,11.446188926696777,3.456029176712036,14.902219772338867,-6.413459630039142e-08,-2.353668264731823e-07
2569.2152962626224,282.6775,1000.0,0.0,254,5080000,4,0.023052047938108444,0.00010950000000000047,77.6550706986802,3.0383241960225393,-0.0029152787784069846,98.65653827776924,11.38576078414917,6.865464448928833,18.251226663589478,3.902912126818592e-08,1.2111663671987571e-08
2680.3302149555593,333.9525,1000.0,0.0,255,5100000,1,0.025524774566292763,0.00010875000000000046,49.98163405774881,3.8588982058790164,-0.0012134975893571735,99.89981383789842,11.17629098892212,1.6585993766784668,12.834891319274902,8.687973007681649e-08,1.8081665587033058e-07
2791.08048072642,385.57750000000004,1000.0,0.0,256,5120000,2,0.022667935118079185,0.00010800000000000046,44.33065978711406,3.302970022439195,-0.002112786287438874,101.00476682376556,11.189808368682861,3.7024552822113037,14.89226508140564,1.8119811429073707e-08,-8.773803727990526e-08
2882.802332215124,426.82000000000005,1000.0,0.0,257,5140000,3,0.021910229697823524,0.00010725000000000045,82.5733454392487,3.9471314033380334,-0.0007479141185633418,102.53467630502134,11.264129638671875,5.05347466468811,16.3176052570343,6.446838085594209e-08,-3.4484864386286063e-07
2959.1320075528793,463.08500000000004,1000.0,0.0,258,5160000,3,0.026329565793275833,0.00010650000000000045,80.30116987685426,3.885729484918653,-0.0010847999038386999,104.59148747420794,12.183215141296387,6.085665464401245,18.26888155937195,8.010864149810004e-08,-2.4414061883248905e-08
3057.0010502074338,503.69750000000005,1000.0,0.0,259,5180000,3,0.026858752593398094,0.00010575000000000044,93.56134094953283,3.5754195512674105,-0.0018592763675279575,106.810859371425,11.36165738105774,6.434021472930908,17.79568123817444,7.514953637155486e-08,-2.883911065509892e-07
3154.3427252039683,544.2099999999999,1000.0,0.0,260,5200000,10,0.02040480449795723,0.00010500000000000044,89.6184068411684,3.9208706134805285,-0.003103151602206377,110.76643823495688,12.292029619216919,17.318005084991455,29.61003589630127,-7.476806729300733e-08,-3.040313742985745e-07
3205.134229643534,565.165,1000.0,0.0,261,5220000,4,0.02369866333901882,0.00010425000000000043,52.39239379011404,3.036757688171947,0.0007486067514810056,114.53520716341158,11.599177360534668,6.926091909408569,18.525270223617554,-8.640289195227524e-08,1.76429750808893e-07
3267.422509028396,583.2724999999999,1000.0,0.0,262,5240000,6,0.029192129150032997,0.00010350000000000043,71.56145431515507,3.100585934960931,-0.0024615259605774275,117.68106816853451,11.440002202987671,11.380524158477783,22.820528268814087,1.8882751362525596e-08,-1.4476776755145693e-07
3174.257595872332,577.1949999999999,1000.0,0.0,263,5260000,4,0.023922555148601532,0.00010275000000000042,84.0337823968345,3.912012647992125,0.00013503881793219252,120.92623958648583,11.402928829193115,6.541008949279785,17.943938970565796,1.831054774470431e-08,5.493163968139925e-08
3362.289575373109,619.1175000000001,1000.0,0.0,264,5280000,8,0.024042613804340363,0.00010200000000000042,112.95193802891448,5.044973359749721,-0.003426745877238199,123.80995079503654,11.30579686164856,15.227363348007202,26.533162593841553,-5.779266487593304e-08,-4.539489850685641e-08
3355.049322990305,622.0625000000001,1000.0,0.0,265,5300000,1,0.031756166368722916,0.00010125000000000041,73.24812688614233,3.582484389265505,0.006162593275094375,125.86620881686957,11.761020421981812,1.8119685649871826,13.572991847991943,3.433227480087453e-09,2.037048290048915e-07
3438.215281464024,642.345,1000.0,0.0,266,5320000,5,0.03137180209159851,0.00010050000000000041,65.66879876292171,3.459618987290623,-0.000831573338622745,128.5654069065667,13.140647411346436,9.59807562828064,22.73872423171997,-1.3351439953623867e-09,-1.1672973698750866e-07
3482.482586186884,656.745,1000.0,0.0,267,5340000,2,0.023820213973522186,9.97500000000004e-05,145.11761433171768,5.149340938264951,0.0012873430883648773,130.44194674263366,11.52289867401123,3.4756155014038086,14.998515844345093,-1.1634826435624745e-08,-4.0435789827597546e-08
3522.50293194817,670.285,1000.0,0.0,268,5360000,1,0.02627551555633545,9.90000000000004e-05,146.23115503292877,3.413109560363209,0.006080479572375361,131.7789449965992,11.960643768310547,1.8676214218139648,13.828267812728882,4.749298199158147e-08,3.509521562250484e-08
3406.662230565276,648.3575000000001,1000.0,0.0,269,5380000,1,0.023786894977092743,9.82500000000004e-05,107.9169943477399,5.382504583928532,0.005045992020255746,132.4700805859063,11.5902681350708,1.7169804573059082,13.307249546051025,-5.912780931538464e-09,5.41687015243042e-08
3532.21546181193,674.6575,1000.0,0.0,270,5400000,1,0.026538556441664696,9.750000000000039e-05,155.17188482010326,4.648695809772601,0.004489323368278174,133.29892489399774,12.61805009841919,1.8931820392608643,14.511233806610107,4.577636936176077e-09,8.201599399626502e-09
3418.211412122345,656.6825,1000.0,0.0,271,5420000,1,0.0260806642472744,9.675000000000039e-05,129.58617814889732,5.893278037778105,0.005837124642936852,134.24978637695312,12.881977558135986,1.7398414611816406,14.621819972991943,-1.4209747156712638e-08,2.4414061883248905e-08
3576.9490256086074,693.945,1000.0,0.0,272,5440000,5,0.02236580103635788,9.600000000000038e-05,39.63045863313035,3.116303039587344,-0.000255494621454384,136.57870888999477,12.204911708831787,8.6737961769104,20.878709077835083,-1.3923645347801994e-08,6.732940960318956e-08
3609.518231987467,703.525,1000.0,0.0,273,5460000,14,0.023285910487174988,9.525000000000038e-05,129.2967455181451,4.263934525383601,-0.006710578114976439,141.05757760936297,11.512022018432617,24.82150936126709,36.333532094955444,1.7166137400437265e-09,1.4877318932349226e-08
3652.4921535874796,715.8900000000001,1000.0,0.0,274,5480000,1,0.021085666492581367,9.450000000000037e-05,55.45022712195643,6.198725862624927,0.007072258651399384,143.89438290337023,12.749958038330078,2.042083740234375,14.792042970657349,-4.959106458812812e-09,1.3351440841802287e-08
3708.6912466853028,727.3875,1000.0,0.0,275,5500000,1,0.0206032432615757,9.375000000000037e-05,74.66967354491115,5.719607695984764,0.008404179587037847,144.89046641584403,11.35440993309021,2.0400571823120117,13.394469499588013,-3.8146971692576415e-10,3.128051773160223e-08
3654.6589298946637,719.88,1000.0,0.0,276,5520000,14,0.021875344216823578,9.300000000000036e-05,115.32960011370375,5.628556857991578,-0.0025073125428064897,149.74614268467886,11.4443678855896,26.064635276794434,37.509005546569824,-1.0681151962899094e-08,-1.678466787780053e-08
3646.600775451526,719.9600000000002,1000.0,0.0,277,5540000,1,0.02313203364610672,9.225000000000036e-05,116.07821973977379,4.441430373313708,0.004131991026429132,152.88276647988218,12.14537239074707,1.7350921630859375,13.880465269088745,9.53674295089968e-09,9.155273872352154e-09
3614.3434597610526,717.01,1000.0,0.0,278,5560000,1,0.02227860689163208,9.150000000000035e-05,77.26965761337037,7.263384974040924,0.005924151127283185,154.29340155360796,11.02708911895752,1.8794336318969727,12.906524896621704,-3.528594971768939e-09,-9.078979701371281e-08
3719.237964335965,742.9575,1000.0,0.0,279,5580000,10,0.02167317643761635,9.075000000000035e-05,59.04853781892088,5.017505102759352,-0.0038126528063735453,157.8917419189843,11.46972370147705,18.98558473587036,30.45530915260315,2.2888184680880386e-09,-4.653930574249898e-08
3798.8321463604707,762.3349999999999,1000.0,0.0,280,5600000,5,0.02753647416830063,9.000000000000034e-05,107.92883135518326,5.033447758610637,-0.0016162108692426842,161.91744486165885,11.312180995941162,9.091829538345337,20.404011726379395,2.70843507621521e-08,-4.692077482104651e-08
3801.421650830523,760.5075,1000.0,0.0,281,5620000,3,0.024582548066973686,8.925000000000034e-05,72.61093754712512,4.292642020569823,0.0014361239552172546,165.1241418353031,11.511780738830566,4.973440170288086,16.48522162437439,9.53674295089968e-09,-7.019043124500968e-08
3815.835018417472,765.9925,1000.0,0.0,282,5640000,18,0.02286519668996334,8.850000000000034e-05,67.14257487939274,4.014032242693375,-0.004881806021148288,171.7387808358623,11.960581064224243,34.819934368133545,46.78051733970642,-2.0980834847250662e-09,1.8692016823251834e-08
3798.603740559981,763.9725,1000.0,0.0,283,5660000,2,0.023556701838970184,8.775000000000033e-05,117.5821273334491,6.234463060816256,0.0024933684074257413,174.8202842249276,12.074530124664307,3.957199811935425,16.031730890274048,2.8610229740877458e-09,-1.5258788677030566e-09
3666.749244265039,744.1099999999999,1000.0,0.0,284,5680000,36,0.020456761121749878,8.700000000000033e-05,104.91367110065167,8.588732337228025,-0.00650737216269411,180.150881708028,12.188547134399414,62.89622735977173,75.0847761631012,0.0,3.814697180359872e-08
3700.128599513456,756.5725,1000.0,0.0,285,5700000,1,0.027742810547351837,8.625000000000032e-05,102.7534189071899,5.638978554417911,0.0035094553128646585,184.13872862014526,11.616474151611328,1.7064905166625977,13.3229660987854,-1.7738342350526182e-08,9.307861148499796e-08
3929.2224873803852,807.0325,1000.0,0.0,286,5720000,1,0.02089185267686844,8.550000000000032e-05,63.289448893489165,7.041877621278976,0.006278354394139526,185.5921005395274,11.775545120239258,1.6659226417541504,13.441468715667725,-1.3160705414350105e-08,2.8228759774151513e-08
3906.1701310299263,807.645,1000.0,0.0,287,5740000,2,0.020003676414489746,8.475000000000031e-05,52.96615023963368,6.220064690890022,0.0028576768403605055,187.8825852269182,12.44787311553955,4.014145851135254,16.462019681930542,-6.866454960174906e-09,-7.629394893626795e-09
3903.454833669273,804.4549999999999,1000.0,0.0,288,5760000,15,0.020788786932826042,8.400000000000031e-05,103.01288511379839,7.754447392482981,-0.0048013555339246955,194.13442810513595,11.227989196777344,25.595611333847046,36.82360219955444,3.6239624634504253e-09,4.2724607851596375e-08
3934.3273782078513,814.0625,1000.0,0.0,289,5780000,8,0.021542608737945557,8.32500000000003e-05,270.39843168350075,6.519092723965264,-0.0035850209406314464,200.53089149158222,11.40991497039795,14.335990905761719,25.745906829833984,-2.0980834847250662e-09,1.7929076889799944e-08
3939.976771793521,822.1725,1000.0,0.0,290,5800000,7,0.026499532163143158,8.25000000000003e-05,318.61384215936005,6.78422699274945,-0.00112615945295863,205.06760834450594,12.786084413528442,13.289170980453491,26.075256824493408,2.6702879907247734e-09,-6.103515470812226e-09
3979.8859524403365,829.5725,1000.0,0.0,291,5820000,10,0.02228808030486107,8.175000000000029e-05,341.40933760408393,6.4092114795892,-0.002494970422807914,208.36889875613082,11.389234781265259,16.938169240951538,28.327404975891113,-7.438659466174613e-09,-2.2888184680880386e-09
4018.545163092146,833.7025,1000.0,0.0,292,5840000,1,0.03632957488298416,8.100000000000029e-05,149.73699729968183,7.664233575613735,0.009780814247086834,210.89220401654228,11.472882270812988,1.9636986255645752,13.4365816116333,-9.727478378351861e-09,-1.3732909920349812e-08
4005.7306545053675,827.71,1000.0,0.0,293,5860000,1,0.029354754835367203,8.025000000000028e-05,72.25267611677273,5.590536262280644,0.00803180190082937,213.01910103014865,11.649390697479248,1.8158185482025146,13.465210437774658,-1.1444092340440193e-09,-2.0599365768703137e-08
3997.9890899802062,829.6924999999999,1000.0,0.0,294,5880000,1,0.020809795707464218,7.950000000000028e-05,81.82228461622049,6.921787552940198,0.007005216410984627,214.5299426191531,11.75557541847229,1.714751958847046,13.47032880783081,-1.0108947456899386e-08,-9.155273872352154e-09
4021.199727345106,835.0674999999999,1000.0,0.0,295,5900000,8,0.0251755528151989,7.875000000000027e-05,77.52482076460561,8.78927329701547,-0.002525757191503367,217.62936077178858,11.967171907424927,15.465218782424927,27.432392120361328,1.850128228397807e-08,-1.0681151962899094e-08
4070.3177301967817,847.6025,1000.0,0.0,296,5920000,7,0.02031003125011921,7.800000000000027e-05,135.7097672711002,6.8151060560423184,-0.0025764753935124942,222.04047707540704,12.310225486755371,12.469276905059814,24.779504776000977,9.536743617033494e-10,1.907348590179936e-08
4071.0307610322516,847.555,1000.0,0.0,297,5940000,5,0.022986194118857384,7.725000000000026e-05,80.206550050315,3.140039170435823,0.0011907423786914196,226.13850507157298,11.812424659729004,8.51276159286499,20.32518696784973,-3.051757735406113e-09,1.678466787780053e-08
4088.332110214034,855.6975,1000.0,0.0,298,5960000,6,0.020003877580165863,7.650000000000026e-05,98.84143337528037,5.7346937813190095,-0.0011935329239039867,230.80655403665332,11.945987462997437,11.632652759552002,23.578643321990967,-2.479553229406406e-09,6.408691177739456e-08
4100.724552772427,858.4775,1000.0,0.0,299,5980000,2,0.022163769230246544,7.575000000000026e-05,105.55122922708432,4.571486404147773,0.002087878794915165,233.77033372580433,11.465315580368042,4.165130138397217,15.630446672439575,-3.2424927187690855e-09,1.2969970875076342e-08
4116.229153477826,859.1625,1000.0,0.0,300,6000000,10,0.03137446567416191,7.500000000000025e-05,210.99666043272416,5.1550229859809145,-0.0017928917541915473,238.49287683163968,12.409050941467285,18.431954860687256,30.841007947921753,3.8146971692576415e-10,-2.8610228852699038e-08
2279.2969585679657,409.0175,1000.0,0.0,301,6020000,36,0.01012585312128067,7.425000000000025e-05,311.97913757875364,5.113551769806301,-0.002328961479746534,132.6802414165222,12.172194480895996,64.02628135681152,76.19847822189331,-1.6593933338526767e-08,3.2348631862078037e-07
603.2840268374578,0.0,1000.0,0.0,302,6040000,2,0.025543328374624252,7.350000000000024e-05,395.6537467664042,2.369498474862629,0.0025494203422242365,134.42590407593943,13.165331363677979,4.017165422439575,17.18249797821045,-6.484985437538171e-09,-2.9373168786150927e-07
611.481198693855,0.0,1000.0,0.0,303,6060000,2,0.03452891856431961,7.275000000000024e-05,271.7040069171796,1.787117073187432,0.0017755325439537818,135.0448666411086,11.666902303695679,3.759366035461426,15.426270484924316,-2.307891833197573e-08,-1.5029907274310972e-07
614.7297089445118,0.0,1000.0,0.0,304,6080000,9,0.021576663479208946,7.200000000000023e-05,302.22952968006996,1.3505379967246023,0.00040528388231656165,136.52194373117595,11.464167594909668,15.42887258529663,26.893041133880615,-1.907348723406699e-09,9.155273517080786e-08
632.451931870434,0.0,1000.0,0.0,305,6100000,4,0.020647520199418068,7.125000000000023e-05,321.96960443886707,1.0755322718391784,0.0006005814972745713,137.3667677370504,12.037185430526733,6.638536214828491,18.67572259902954,-2.6702879907247734e-09,1.506805489270846e-07
645.8240127123388,0.0,1000.0,0.0,306,6120000,2,0.026280401274561882,7.050000000000022e-05,345.13675232360157,1.5307537031154663,0.002791962334915948,137.5443853555015,11.15720248222351,3.5107181072235107,14.667922973632812,-7.629394338515283e-10,6.484985703991697e-08
651.6184009328132,0.0,1000.0,0.0,307,6140000,6,0.030939221382141113,6.975000000000022e-05,264.1008934395763,1.3590731211046314,0.00030056024091744735,138.95833577083957,12.376744270324707,10.25989580154419,22.636640787124634,1.7166136956348055e-08,1.1024474844134602e-07
662.136407299681,0.0,1000.0,0.0,308,6160000,1,0.02366461418569088,6.900000000000021e-05,249.3171523828476,1.5565537243795853,0.0013702930346988261,139.7867076252215,11.872916221618652,1.7239961624145508,13.596913576126099,-2.6702879907247734e-09,-5.760193033665928e-08
672.5727662808848,0.0,1000.0,0.0,309,6180000,7,0.022040443494915962,6.825000000000021e-05,201.63563913452413,1.8422603122941004,-0.0008145543086839417,139.71892833492083,12.102161884307861,11.7080979347229,23.810261011123657,7.629394338515283e-10,-3.662109548940862e-08
689.3080835373344,0.0,1000.0,0.0,310,6200000,3,0.023081067949533463,6.75000000000002e-05,273.1573144366312,1.9868968277693557,0.0012383383078375658,139.29620135452546,12.754497289657593,5.5437328815460205,18.29823088645935,-1.907348723406699e-09,-1.9836425835251248e-08
691.9375995436833,0.0,1000.0,0.0,311,6220000,4,0.028361620381474495,6.67500000000002e-05,189.47949453588492,2.3324983217560065,-0.0008315606525884911,139.5895036325668,12.544223070144653,7.13494086265564,19.679165601730347,2.2888184680880386e-09,-2.4414061883248905e-08
704.9720215235022,0.0,1000.0,0.0,312,6240000,2,0.023982062935829163,6.60000000000002e-05,272.2227968545006,3.005335941339453,0.0015155132885980673,140.06337947662647,12.259410381317139,3.3284313678741455,15.58784294128418,-2.2888184680880386e-09,-3.852844088214624e-08
710.6895751281986,0.0,1000.0,0.0,313,6260000,3,0.020095428451895714,6.525000000000019e-05,170.5251995397452,2.996092715361121,0.00200514304893006,140.76882032693004,11.429527282714844,5.763492822647095,17.193021297454834,1.1444092340440193e-09,3.051757735406113e-09
724.3193326705712,0.0,1000.0,0.0,314,6280000,1,0.020342443138360977,6.450000000000019e-05,107.59002350389767,1.5053700625706024,0.003862669993453799,141.30526582273052,12.575798273086548,1.762542963027954,14.338342666625977,1.239776614703203e-09,4.692077482104651e-08
728.097085971143,0.0,1000.0,0.0,315,6300000,2,0.020567508414387703,6.375000000000018e-05,157.65513896485106,2.122049521047848,0.0019018090007969508,141.9679694861269,11.983638525009155,4.161187648773193,16.144827604293823,-1.4305114870438729e-09,9.53674295089968e-09
733.3048425846434,0.0,1000.0,0.0,316,6320000,6,0.0210306067019701,6.300000000000018e-05,86.79499126826359,2.639490124484855,-0.000380719939734751,143.11859359984962,11.551649332046509,10.535460710525513,22.087111473083496,-1.5258788677030566e-09,7.2479249269008506e-09
744.730625353503,0.0,1000.0,0.0,317,6340000,6,0.020018093287944794,6.225000000000017e-05,192.16151044213862,3.0878169789307286,3.2880721257700005e-05,144.81533607913536,12.751414775848389,12.162558555603027,24.91397523880005,5.7220459481754915e-09,-6.103515470812226e-09
750.5239038110923,0.0,1000.0,0.0,318,6360000,5,0.021056119352579117,6.150000000000017e-05,145.7183086230732,3.600772166195007,2.31571394366959e-06,145.91070162739618,11.594921350479126,9.393579721450806,20.988502264022827,-1.5258788677030566e-09,6.103515470812226e-09
767.9392490711338,0.0,1000.0,0.0,319,6380000,6,0.020335357636213303,6.075000000000016e-05,200.96481595836636,3.4272019339763062,-0.0007465394274296915,146.75612540443103,12.644619941711426,11.29446029663086,23.93908166885376,-6.103515470812226e-09,-2.1362303925798187e-08
785.8118907790017,0.0,1000.0,0.0,320,6400000,8,0.02487412840127945,6.000000000000016e-05,173.66330050774656,2.6549799749538447,-0.0010922814757688144,147.66878148770562,12.185707569122314,15.101353645324707,27.28706192970276,-3.3378602104505717e-09,-6.484985437538171e-09
796.1068426859988,0.0,1000.0,0.0,321,6420000,7,0.028725704178214073,5.925000000000016e-05,236.09156595088206,1.8834924612046375,-0.0004667432900430615,148.23796268882734,11.447685718536377,15.617809772491455,27.065496683120728,2.861023085110048e-10,5.340575981449547e-09
805.2261390352563,0.0,1000.0,0.0,322,6440000,3,0.029067523777484894,5.850000000000016e-05,187.7096640461931,2.150871489534236,0.001551905907521915,148.96342268386206,12.875417470932007,5.754073143005371,18.62949275970459,1.3828277189986693e-08,3.8146971692576415e-10
811.2960429886357,0.0,1000.0,0.0,323,6460000,2,0.0206826850771904,5.7750000000000164e-05,77.98029695760708,1.5791047083588834,0.0026648167673998273,149.70806553264777,11.242737770080566,3.419328451156616,14.662067174911499,4.76837147544984e-09,7.629394338515283e-10
812.2765509481959,0.0,1000.0,0.0,324,6480000,7,0.020220667123794556,5.700000000000016e-05,151.5760632013959,2.2185326273149686,-0.0022036205706858626,150.54753169900258,11.686347484588623,11.573065996170044,23.259414196014404,-1.7166137400437265e-09,-7.629394338515283e-10
816.9068116663686,0.0,1000.0,0.0,325,6500000,14,0.021654320880770683,5.6250000000000154e-05,199.52009908514228,1.9392885261409525,-0.0029068679266342733,152.59116996232368,12.72264575958252,25.76318597793579,38.485833406448364,2.00271599304358e-09,3.051757735406113e-09
825.1618218042162,0.0,1000.0,0.0,326,6520000,16,0.025327948853373528,5.5500000000000156e-05,102.12114825321082,1.4144563235360355,-0.002543248938251147,155.48317832763965,11.056421995162964,28.134096384048462,39.19051957130432,-3.98159016867794e-09,-3.8146971692576415e-10
847.2384345385801,0.0,1000.0,0.0,327,6540000,36,0.016066472977399826,5.475000000000016e-05,71.3722021269976,0.5296811193365301,-0.004685496931573601,160.21677344650251,11.421059608459473,66.12684297561646,77.54790425300598,6.008148201175345e-09,5.149841442175784e-09
852.8404054134428,0.0,1000.0,0.0,328,6560000,13,0.020510464906692505,5.4000000000000154e-05,171.19479277656012,1.0300506904453925,-0.002873151223961439,162.8125634726625,11.568764925003052,23.25033187866211,34.819098711013794,2.2888184680880386e-09,3.8146971692576415e-10
856.540775401659,0.0,1000.0,0.0,329,6580000,22,0.026272475719451904,5.3250000000000156e-05,215.1921894289261,0.9223078525593521,-0.003517934465805199,164.3057282730621,11.568594932556152,41.57995009422302,53.14854574203491,-3.6239624634504253e-09,9.536743617033494e-10
862.2148215326276,0.0,1000.0,0.0,330,6600000,20,0.02348896861076355,5.250000000000016e-05,226.4901556802634,0.8542871709758291,-0.0032845597250942,167.41239231341183,11.657532930374146,35.99560475349426,47.653138637542725,-1.7166137400437265e-09,9.536743617033494e-10
874.8753594014809,0.0,1000.0,0.0,331,6620000,4,0.025738293305039406,5.175000000000016e-05,184.93739517885274,0.5762192851926287,0.000244470756908599,169.11583795029514,11.79392409324646,7.796220779418945,19.59014630317688,-8.583068478174027e-09,2.479553229406406e-09
872.9139954016102,0.0,1000.0,0.0,332,6640000,1,0.020370066165924072,5.100000000000016e-05,224.7759516597175,0.7267902152368817,0.001856561482381135,169.35635180976064,11.666304111480713,1.816267967224121,13.482573986053467,-4.959106458812812e-09,-3.8146971692576415e-10
865.1007567317369,0.0,1000.0,0.0,333,6660000,4,0.02334372140467167,5.0250000000000164e-05,245.8851711689093,0.7287209325145704,-0.0006602422269909217,169.66256843055018,12.780351161956787,7.4204723834991455,20.200826406478882,-8.201599399626502e-09,0.0
877.6568920678999,0.0,1000.0,0.0,334,6680000,1,0.02646113932132721,4.950000000000016e-05,232.37812453870194,0.5999183253453563,0.0020549217277703383,169.95185540049982,11.718720436096191,2.158700704574585,13.877422094345093,-7.629394893626795e-09,3.433227480087453e-09
901.274326236462,0.0,1000.0,0.0,335,6700000,25,0.020595338195562363,4.8750000000000155e-05,124.41180802232542,0.3518462915942311,-0.004668063100802299,171.7879940240147,12.184785604476929,42.2633261680603,54.44811296463013,-1.907348723406699e-09,-1.7166137400437265e-09
906.0633361466025,0.0,1000.0,0.0,336,6720000,36,0.015462237410247326,4.800000000000016e-05,102.36953649988062,0.19043638441152275,-0.005262568754744149,176.54072169695587,11.701305866241455,65.06660342216492,76.76791191101074,-3.6239624634504253e-09,-3.6239624634504253e-09
927.9619459870848,0.0,1000.0,0.0,337,6740000,21,0.022065697237849236,4.725000000000015e-05,191.38617538459113,0.14166364560993897,-0.004207602536287224,181.16428205199063,11.694997072219849,39.47963905334473,51.17463755607605,-8.583068478174027e-09,1.907348723406699e-09
942.2527298055611,0.0,1000.0,0.0,338,6760000,36,0.012932433746755123,4.6500000000000154e-05,136.57620106168278,0.0645730957946944,-0.00667216455015135,186.72429410252624,11.969865322113037,64.59329628944397,76.56316304206848,1.907348723406699e-09,-3.051757735406113e-09
931.4096709522494,0.015000000000000003,1000.0,0.0,339,6780000,9,0.021459033712744713,4.575000000000015e-05,131.16661362382254,0.01728238781598715,-0.002646325241926731,191.41833347676703,12.79807710647583,16.57516860961914,29.373247146606445,-5.912780931538464e-09,7.867813067718998e-10
948.0040020025835,0.12249999999999997,1000.0,0.0,340,6800000,9,0.020340247079730034,4.5000000000000145e-05,140.52613876642044,0.009405189887731263,-0.002778921738686156,194.63123717221717,12.07162880897522,17.15514850616455,29.226778507232666,2.6702879907247734e-09,4.410743714711174e-10
950.3876485116427,0.0125,1000.0,0.0,341,6820000,36,0.011747173964977264,4.425000000000014e-05,106.81068014074481,0.001802159094806189,-0.0058918268360334085,198.6217887886543,12.122195482254028,67.94617462158203,80.0683708190918,-3.8146971692576415e-10,6.198883073516015e-10
972.9878853740956,0.065,1000.0,0.0,342,6840000,36,0.011107836849987507,4.350000000000014e-05,105.64283774285863,0.002272991177023549,-0.006557616689005625,203.76996242454132,11.657155752182007,63.18312072753906,74.84027791023254,-1.3351439953623867e-09,-7.554888936667226e-10
976.4521785800437,0.22499999999999995,1000.0,0.0,343,6860000,32,0.021056100726127625,4.275000000000014e-05,116.16413338848957,0.0009601394207984173,-0.006741382083523618,209.97013645202588,12.659629583358765,59.73920464515686,72.39883637428284,-2.2888184680880386e-09,-1.8715857752482634e-09
982.0314505527233,0.027500000000000004,1000.0,0.0,344,6880000,36,0.01353420875966549,4.200000000000013e-05,56.810974919969496,0.00044756871125972426,-0.006856328771259692,215.86701760039838,12.65226125717163,64.97076296806335,77.6230251789093,4.291534239087014e-09,-3.5539269305218113e-09
1002.6023873944799,0.21249999999999997,1000.0,0.0,345,6900000,36,0.01492023654282093,4.125000000000013e-05,78.05127852251651,0.0032607660204677165,-0.006930990043010452,223.0823934200938,13.819286346435547,71.11911296844482,84.93840026855469,1.1444092340440193e-09,-2.551078903678672e-09
999.3153911962661,0.13999999999999996,1000.0,0.0,346,6920000,36,0.016213735565543175,4.0500000000000124e-05,76.16151438455104,0.00043902952178775364,-0.005583336387980296,230.00808324465143,11.817451000213623,72.9666588306427,84.7841124534607,-5.7220459481754915e-09,-1.7583370870433157e-10
1014.2955067057441,0.12500000000000003,1000.0,0.0,347,6940000,36,0.012031758204102516,3.9750000000000126e-05,86.20851303518009,0.0021423491806527605,-0.00621860725777475,235.70037536566926,13.413745641708374,69.46699929237366,82.88074731826782,-5.149841442175784e-09,6.631016846725402e-10
1020.6566546531847,0.18750000000000006,1000.0,0.0,348,6960000,36,0.017837313935160637,3.900000000000012e-05,49.91953520830701,0.0008674631821119212,-0.007708853656794039,244.68625778588242,12.318083047866821,71.28749012947083,83.60557508468628,-4.768371461572052e-11,4.5895576228360824e-10
1021.4079036134442,0.3000000000000001,1000.0,0.0,349,6980000,36,0.013388781808316708,3.8250000000000117e-05,40.61215195039675,0.005472441232109409,-0.007076753860131736,253.74015593740336,11.474414825439453,66.73615670204163,78.2105724811554,7.629394893626795e-09,4.5299530793130316e-10
1036.3428623726813,0.1925,1000.0,0.0,350,7000000,36,0.011973938904702663,3.750000000000011e-05,30.699212928422597,0.0033699542516350206,-0.006720789298181279,261.608417444632,12.881696939468384,68.23122978210449,81.11292886734009,2.0503998499066256e-09,-4.947185439085899e-10
2262.5913906290093,333.90250000000003,1000.0,0.0,351,7020000,36,0.010339517146348953,3.675000000000011e-05,88.094647598639,3.7956175952462132,-0.00656049633050274,152.39385141461378,11.240402698516846,64.58696579933167,75.82737064361572,-1.7142296471206464e-08,3.9634704762647743e-07
3444.3633491662285,652.4475,1000.0,0.0,352,7040000,33,0.021362733095884323,3.60000000000001e-05,95.32161607261271,3.714729102367191,-0.011931692396862882,155.46685488912578,11.57716965675354,61.37572240829468,72.95289325714111,1.0089874535879062e-07,2.0484924334596144e-07
3514.538686331113,669.3275000000001,1000.0,0.0,353,7060000,36,0.013704158365726471,3.52500000000001e-05,120.41034065487963,5.500080087631782,-0.009957958221112626,158.67349278372487,12.697023391723633,71.82301497459412,84.52004027366638,-1.0147094542389823e-07,-6.603240763070062e-07
3580.5255424545503,696.3174999999999,1000.0,0.0,354,7080000,36,0.016267329454421997,3.450000000000009e-05,61.43006473845271,6.5016818326290595,-0.01094445106471741,163.11203928504975,11.808701276779175,64.99123001098633,76.7999324798584,-9.918213095261308e-08,-3.0899048653054706e-08
3580.709510914633,707.8575000000001,1000.0,0.0,355,7100000,36,0.013177601620554924,3.375000000000009e-05,118.27198292001326,12.03019408613475,-0.00807944356325738,166.0887768508104,12.794758319854736,66.3878653049469,79.18262481689453,3.376007029487482e-08,1.7509459837583563e-07
3555.500785714412,701.3725000000001,1000.0,0.0,356,7120000,36,0.01505071297287941,3.3000000000000084e-05,97.78474351527804,5.507822578485274,-0.009488439153602831,170.10133523639738,12.206788063049316,70.9953351020813,83.20212411880493,-3.051757735406113e-09,8.888244451554783e-08
3696.4397480538064,738.7075,1000.0,0.0,357,7140000,36,0.01481738593429327,3.2250000000000086e-05,124.69854455447849,7.391375344253238,-0.00878032372668222,175.40106400641136,11.52708888053894,71.983717918396,83.51080799102783,-2.2125243859250077e-08,-3.0670165074297984e-07
3742.1880120342903,756.425,1000.0,0.0,358,7160000,36,0.011834289878606796,3.150000000000008e-05,86.3317804441496,10.437315944707855,-0.008636551251693473,181.59110168603283,12.817525863647461,74.89057040214539,87.7080979347229,1.0890961021914336e-07,-1.194000276427687e-07
3775.687754698805,769.615,1000.0,0.0,359,7180000,36,0.012656597420573235,3.0750000000000077e-05,111.66003285590156,17.314184075642615,-0.008191424609937355,186.1770647541191,11.225574493408203,69.3248016834259,80.55037713050842,-2.326965287124949e-08,6.103515914901436e-08
3782.1710684050113,772.7575,1000.0,0.0,360,7200000,36,0.010719447396695614,3.0000000000000075e-05,267.79794107035286,34.60074304992695,-0.006946682882199165,190.36266012872244,12.01547908782959,73.25120043754578,85.26668167114258,-7.629394338515283e-10,-4.730224745230771e-08
3812.453162300827,782.3575,1000.0,0.0,361,7220000,36,0.014286029152572155,2.9250000000000074e-05,103.08466409824399,30.133506266273926,-0.010334527912234109,195.39751610639124,11.697080373764038,70.28413724899292,81.98122000694275,1.5258788677030566e-09,-7.019043124500968e-08
3840.260101172633,793.535,1000.0,0.0,362,7240000,36,0.013734463602304459,2.8500000000000073e-05,322.4577876497424,27.076080103080493,-0.007491365574205404,199.99911696461442,12.073878288269043,71.13385820388794,83.2077374458313,1.5258788677030566e-09,2.3193359766082722e-07
3884.9839445953803,810.2500000000001,1000.0,0.0,363,7260000,36,0.016597667708992958,2.775000000000007e-05,79.7494556359632,33.65677120954719,-0.008821500604976376,205.21397155339218,11.727776050567627,73.6237952709198,85.35157322883606,3.4713746543957313e-08,8.69750991228102e-08
3928.2606936474026,828.2725,1000.0,0.0,364,7280000,36,0.015327055007219315,2.700000000000007e-05,155.11365542074955,32.318911773508056,-0.006446288987903029,210.21175922939528,11.758087396621704,72.688223361969,84.44631171226501,-3.738403364650367e-08,2.3345947397501732e-07
3930.805727256041,829.1224999999998,1000.0,0.0,365,7300000,36,0.013372932560741901,2.625000000000007e-05,177.405893473918,27.39008045821779,-0.008205865697521054,216.25231551176105,11.494455814361572,69.66091656684875,81.1553738117218,-4.959106458812812e-09,-4.1198731537406275e-08
3952.1512791015275,835.6450000000001,1000.0,0.0,366,7320000,1,0.023022908717393875,2.5500000000000068e-05,108.26064722225689,31.832900391980864,0.0017329941960438468,219.15065650818067,11.403746128082275,1.7575318813323975,13.16127896308899,1.602172794434864e-08,6.103515914901436e-08
3978.3914668398947,843.76,1000.0,0.0,367,7340000,36,0.012435292825102806,2.4750000000000066e-05,262.98833482393275,34.61164094091393,-0.008402220352815168,223.5747936317842,11.872364521026611,66.94859194755554,78.82095766067505,4.959106458812812e-09,-6.103515914901436e-08
4000.3704066840037,850.8625,1000.0,0.0,368,7360000,36,0.013157757930457592,2.4000000000000065e-05,562.4720237007961,21.67321410201778,-0.007823555343017381,228.53110949266113,11.422773361206055,68.96532344818115,80.38809823989868,-4.1961669694501325e-09,7.019043124500968e-08
4012.8363608012432,852.5799999999999,1000.0,0.0,369,7380000,36,0.013202616944909096,2.3250000000000064e-05,131.70865405600335,11.97781977853032,-0.008580515133633544,233.47135642677662,12.088256120681763,69.77875208854675,81.86701083183289,-6.103515470812226e-09,-2.5939941750152684e-08
4020.0468435368994,854.365,1000.0,0.0,370,7400000,36,0.01034118514508009,2.2500000000000062e-05,387.9206094316104,34.72311050489011,-0.0074407507581646225,237.97098941146206,11.42120909690857,73.19173550605774,84.61294555664062,5.340575981449547e-09,4.2724607851596375e-08
4043.941780134809,859.2949999999998,1000.0,0.0,371,7420000,36,0.01146996021270752,2.175000000000006e-05,317.92237495707417,7.51823850629873,-0.006832289559200732,242.57915077845934,11.750808238983154,76.80232739448547,88.55313754081726,1.525878978725359e-08,-9.155273517080786e-08
4042.5586490972173,860.4375,1000.0,0.0,372,7440000,36,0.011622300371527672,2.100000000000006e-05,417.145446422128,29.8072586449529,-0.0068743263520599585,246.32199250377997,12.492643356323242,73.28088188171387,85.7735288143158,1.907348723406699e-09,6.103515914901436e-08
4061.556097826143,863.9925,1000.0,0.0,373,7460000,36,0.01104816235601902,2.025000000000006e-05,135.12345655395242,26.54539539995327,-0.007705923676198031,250.62901530538335,11.482531547546387,75.60687494277954,87.08940958976746,-1.602172794434864e-08,-9.155273872352154e-09
4053.9730667822014,865.1824999999999,1000.0,0.0,374,7480000,36,0.011042599566280842,1.9500000000000057e-05,406.90687990256305,39.16626487179855,-0.006159695791874714,256.88189074618197,11.62546682357788,69.94196057319641,81.56743025779724,8.01086397217432e-09,-1.5258788677030566e-09
4080.5263545936623,873.14,1000.0,0.0,375,7500000,36,0.010742292739450932,1.8750000000000056e-05,372.3632437007242,26.595081819713982,-0.006289101663658201,262.8818525748343,12.867531061172485,69.374436378479,82.24196863174438,-3.051757735406113e-09,4.2724607851596375e-08
4084.659427404764,871.72,1000.0,0.0,376,7520000,36,0.009704633615911007,1.8000000000000055e-05,214.9501340646544,19.704313466343255,-0.006443423033326786,267.2161990061778,12.155826091766357,73.96800208091736,86.12382912635803,-9.155273872352154e-09,6.713867151120212e-08
4100.877156308734,876.2075000000001,1000.0,0.0,377,7540000,36,0.010921284556388855,1.7250000000000053e-05,235.52091619127984,8.362300207799404,-0.006365224419475424,272.0178599928049,13.364916563034058,69.75779461860657,83.12271332740784,-2.2888184680880386e-09,8.392333938900265e-09
4120.150753257896,880.53,1000.0,0.0,378,7560000,36,0.011167798191308975,1.6500000000000052e-05,334.72661967670234,18.514583392011218,-0.007045581897597212,276.82670138260556,14.234365701675415,70.74701428413391,84.98138189315796,3.8146971692576415e-10,3.509521562250484e-08
4124.1221284111825,879.1075000000003,1000.0,0.0,379,7580000,36,0.00980584230273962,1.575000000000005e-05,238.69160400327317,16.357708856267713,-0.007084035180506363,281.42704435760857,12.273142337799072,68.38885855674744,80.6620020866394,4.577636936176077e-09,-3.204345588869728e-08
4137.33588691821,883.3425,1000.0,0.0,380,7600000,36,0.010938991792500019,1.5000000000000048e-05,141.53600512932158,13.783775792409225,-0.008110527800890797,287.0200594494772,12.82854413986206,68.72742247581482,81.55596780776978,2.6702879907247734e-09,-4.577636936176077e-09
4146.273494494382,887.1824999999999,1000.0,0.0,381,7620000,36,0.011336024850606918,1.4250000000000045e-05,178.62501798811897,26.60951750865421,-0.005904888918721354,292.2985832449981,13.24632453918457,69.77857732772827,83.02490401268005,-3.433227480087453e-09,-1.0681151962899094e-08
4164.947238975825,891.4725000000001,1000.0,0.0,382,7640000,36,0.010935424827039242,1.3500000000000044e-05,295.49524312540706,6.796944863298154,-0.006000629386317116,296.26355233698564,12.854361057281494,67.43851637840271,80.29287958145142,7.629394338515283e-10,1.831054774470431e-08
4178.731296587119,896.1575,1000.0,0.0,383,7660000,36,0.010524365119636059,1.275000000000004e-05,196.97438194720425,8.907118381392165,-0.007212076072630208,299.429113264155,12.982662677764893,67.21172904968262,80.19439268112183,-5.7220459481754915e-09,6.790160966829717e-08
4183.830266927382,895.65,1000.0,0.0,384,7680000,36,0.011425974778831005,1.2000000000000038e-05,131.20687643720785,5.960150119791354,-0.006370166863629629,303.9156256023349,12.434675216674805,68.07677578926086,80.5114529132843,2.6702879907247734e-09,-1.525878978725359e-08
4134.189163824898,883.6775,1000.0,0.0,385,7700000,36,0.009447138756513596,1.1250000000000035e-05,263.90177080315567,8.30454868056015,-0.0077306107548549,306.7856020211412,11.645684719085693,70.96297121047974,82.60865783691406,2.6702879907247734e-09,-3.051757957450718e-08
4204.37860764674,900.1600000000001,1000.0,0.0,386,7720000,36,0.009632748551666737,1.0500000000000032e-05,210.6894302983465,15.138017976801363,-0.006698668819146656,309.2712227818303,13.52113652229309,68.70353984832764,82.22467827796936,3.8146971692576415e-10,1.5258788677030566e-09
4213.739734047975,901.4875,1000.0,0.0,387,7740000,36,0.01009277068078518,9.75000000000003e-06,405.56461758126085,8.561146908166945,-0.006631568334321847,313.3211593925847,11.67466425895691,67.67997741699219,79.35464358329773,3.433227480087453e-09,2.2888183792701966e-08
4176.949262194354,892.0174999999999,1000.0,0.0,388,7760000,36,0.00946101639419794,9.000000000000029e-06,89.83731423399318,3.768992604396214,-0.007508328993648375,317.7589856230032,11.188690900802612,64.52224135398865,75.71093320846558,3.8146971692576415e-10,1.602172794434864e-08
4191.412512782184,892.86,1000.0,0.0,389,7780000,36,0.009362449869513512,8.250000000000026e-06,145.60537211658857,6.347274717796471,-0.007026499397326182,321.3813383070594,11.592512369155884,77.99956202507019,89.59207677841187,1.5258788677030566e-09,-7.629394338515283e-10
4258.495117754423,906.4974999999998,1000.0,0.0,390,7800000,36,0.009054506197571754,7.500000000000023e-06,159.96330900094082,5.670602937052764,-0.007211950189626736,324.60026405396763,13.145299434661865,68.85125350952148,81.99655532836914,5.7220459481754915e-09,7.629394338515283e-10
4258.932330040755,907.1200000000001,1000.0,0.0,391,7820000,36,0.009175744839012623,6.750000000000021e-06,275.99982900961436,8.196849051099912,-0.007652425383081092,326.6893491816089,11.460511207580566,67.69436979293823,79.15488195419312,-2.2888184680880386e-09,8.392333938900265e-09
4260.831592014614,905.5350000000001,1000.0,0.0,392,7840000,36,0.007917082868516445,6.000000000000018e-06,204.69374085471355,12.483446098464704,-0.0063765068904593925,328.1912698850676,11.354519367218018,71.93484592437744,83.28936648368835,3.051757735406113e-09,-1.678466787780053e-08
4284.654789095648,910.765,1000.0,0.0,393,7860000,36,0.00855369120836258,5.250000000000016e-06,257.33971451908974,11.313872779562493,-0.006970541050032285,329.7082450928991,12.842978477478027,66.46936821937561,79.31234765052795,4.1961669694501325e-09,-7.629394893626795e-09
4282.227739561519,908.585,1000.0,0.0,394,7880000,36,0.007817029021680355,4.500000000000014e-06,140.15553774916623,4.334636512777465,-0.006201134332149717,331.3679308310696,11.847108602523804,68.98713374137878,80.83424305915833,7.629394338515283e-10,-4.577636936176077e-09
4304.449409929117,913.3199999999999,1000.0,0.0,395,7900000,36,0.007531690411269665,3.7500000000000115e-06,101.63621434938582,5.302561569978762,-0.006786423733481562,332.99173804551606,11.532079458236694,71.37343096733093,82.90551209449768,8.77380390562621e-09,-7.629394893626795e-09
4305.923390934185,913.0050000000001,1000.0,0.0,396,7920000,36,0.006607006769627333,3.0000000000000094e-06,199.11241580215295,4.6837035876229,-0.004419899632828459,334.0876412518616,12.710230112075806,73.10826969146729,85.81850266456604,-3.051757735406113e-09,-8.392333938900265e-09
4318.295478672649,914.0050000000001,1000.0,0.0,397,7940000,36,0.006749704945832491,2.2500000000000073e-06,218.7349377243833,7.745715228217182,-0.004507107508156705,334.7775727103778,13.024823427200317,72.76779556274414,85.79262161254883,-1.5258788677030566e-09,-5.340575981449547e-09
4299.681768063907,909.0624999999998,1000.0,0.0,398,7960000,36,0.005540833342820406,1.500000000000005e-06,125.50099782525625,8.925545257337346,-0.004848441009651565,335.7564500585955,12.378108263015747,70.38883113861084,82.76694178581238,-2.2888184680880386e-09,3.051757735406113e-09
4309.149709946983,910.9525,1000.0,0.0,399,7980000,36,0.005443342961370945,7.500000000000025e-07,172.5193915743755,12.356525317982321,-0.0036846158253354636,336.5011118847214,13.09503173828125,70.14240431785583,83.23743772506714,1.907348723406699e-09,2.2888184680880386e-09
4318.782244936729,914.07,1000.0,0.0,400,8000000,36,0.005249183624982834,0.0,129.19668122991672,12.254228903669011,-0.004491417726574887,336.91830855191154,11.51749563217163,68.26458096504211,79.78207850456238,-5.7220459481754915e-09,-4.577636936176077e-09
