Metrics/EpRet,Metrics/EpCost,Metrics/EpLen,Metrics/EpSuccess,Train/Epoch,Train/TotalSteps,Train/StopIter,Train/KL,Train/LR,Loss/Loss_reward_critic,Loss/Loss_cost_critic,Loss/Loss_actor,Time/Rollout,Time/Update,Time/Total,Value/RewardAdv,Value/CostAdv
-628.8516682347719,0.0,1000.0,0.0,1,20000,44,0.008920732885599136,0.00029925,30.66749508965276,0.004289936801407677,-0.011192494765622273,11.280787467956543,29.64605951309204,40.92684841156006,-8.46862775460977e-08,2.0861626315316073e-10
-619.7615364975296,0.0,1000.0,0.0,2,40000,44,0.009146476164460182,0.0002985,26.939471636048943,0.00020781149296234018,-0.011043577250185658,11.724800825119019,26.78398895263672,38.50879192352295,2.2945404509755463e-07,-6.556510889765832e-11
-569.3688131495412,0.03500000000000001,1000.0,0.0,3,60000,44,0.009409546852111816,0.00029775,24.938938010822643,0.0005178933472358056,-0.012435136799568201,11.665298223495483,30.84460711479187,42.50990653038025,-6.07490520110332e-08,-3.829598305138404e-10
-528.1208937273697,0.027500000000000004,1000.0,0.0,4,80000,44,0.00907569658011198,0.000297,24.402562087369596,0.0004636002182530735,-0.01077361549537466,11.587084531784058,29.671327352523804,41.258413791656494,6.809234776028461e-08,3.069639264996482e-10
-489.93472131758944,0.0375,1000.0,0.0,5,100000,44,0.008933071047067642,0.00029625,26.909776120520572,1.3491878002007804e-06,-0.01158161092782929,13.984466791152954,32.06976556777954,46.05423593521118,6.675719976811934e-10,3.7457795198925226e-10
-454.102270382816,0.0,1000.0,0.0,6,120000,44,0.010381948202848434,0.0002955,22.43332204802264,9.04517520112123e-07,-0.013786217883273196,11.714786767959595,28.586087465286255,40.30087685585022,1.7166136956348055e-08,-1.8514692556870216e-10
-425.89654138190747,0.0,1000.0,0.0,7,140000,44,0.010047361254692078,0.00029475000000000004,19.831972180631,6.248287364781341e-07,-0.01365565667814394,12.88714861869812,29.399656295776367,42.286808013916016,1.6212463593845428e-09,-3.0975788600784426e-10
-386.02769986315764,0.0,1000.0,0.0,8,160000,44,0.011332131922245026,0.00029400000000000004,22.381585979626287,4.3791504504297783e-07,-0.014940398885298871,12.144505262374878,27.131072759628296,39.27558207511902,1.0108947456899386e-08,1.4714897356160606e-10
-332.55436684108906,0.0,1000.0,0.0,9,180000,44,0.010722820647060871,0.00029325000000000005,23.130397939572262,3.0482891609949153e-07,-0.014245557858627685,12.901884078979492,28.369963884353638,41.271851778030396,4.1961669694501325e-09,-2.2426246970574937e-10
-271.5349230905918,0.0,1000.0,0.0,10,200000,44,0.01065627858042717,0.00029250000000000006,21.257995801224396,2.112507452261355e-07,-0.01563774927601516,12.424524784088135,27.966973304748535,40.39150023460388,9.346008411625917e-09,-4.8428774879205605e-11
-222.85097815233402,0.0,1000.0,0.0,11,220000,44,0.010198704898357391,0.00029175000000000007,23.528065211753713,1.4564927048756702e-07,-0.013752939182085009,12.61414122581482,31.124815702438354,43.73895978927612,-2.2125243859250077e-08,-1.6260892632402602e-10
-212.2624970031315,0.034999999999999996,1000.0,0.0,12,240000,44,0.012197509407997131,0.0002910000000000001,21.982986551434042,0.0008623182609306793,-0.018270431885922325,12.177258729934692,29.908302545547485,42.085564374923706,1.3303756318805426e-08,-3.04728742239746e-10
-150.68358656164963,0.11250000000000002,1000.0,0.0,13,260000,44,0.012718445621430874,0.0002902500000000001,23.645970215320038,0.0008707788253475387,-0.016268627330062266,12.73976993560791,29.792916536331177,42.53268790245056,-2.6988983492515217e-08,-3.8743019209475094e-11
-139.13143633287615,0.052500000000000005,1000.0,0.0,14,280000,44,0.011937173083424568,0.0002895000000000001,23.81972354177227,1.7902439569397843e-08,-0.015546027796358509,13.320453405380249,27.495503425598145,40.81596040725708,-2.0980834847250662e-09,-6.873160374176734e-11
-55.93121987203055,0.0025,1000.0,0.0,15,300000,44,0.011983439326286316,0.0002887500000000001,26.032378914441285,0.0004282680589026488,-0.016926113189955246,11.460644721984863,25.985583066940308,37.446229457855225,7.724762163263676e-09,-1.788139358804841e-10
21.716439746548467,0.04750000000000001,1000.0,0.0,16,320000,44,0.012291410937905312,0.0002880000000000001,22.293222127767372,6.7963353265107104e-09,-0.017600781055594934,12.455976009368896,28.344828367233276,40.80080699920654,9.346008411625917e-09,-3.147870158981547e-11
24.433472782630748,0.030000000000000006,1000.0,0.0,17,340000,44,0.015435706824064255,0.0002872500000000001,22.091571929128314,0.00042782623825480127,-0.017792958414313487,12.101699829101562,26.325291872024536,38.42699360847473,-1.2493133638713516e-08,6.854534301270476e-11
80.06550835412347,0.08250000000000002,1000.0,0.0,18,360000,44,0.013890787959098816,0.00028650000000000013,24.407160105173002,0.0008638466110810484,-0.017033947312009978,12.39481496810913,29.82924795150757,42.22406578063965,5.149841442175784e-09,-3.55392687501066e-10
181.38430287790055,0.08250000000000002,1000.0,0.0,19,380000,44,0.013970788568258286,0.00028575000000000014,27.36434208016127,0.0008785016528216678,-0.018667389918038336,11.617719173431396,28.784677267074585,40.40239930152893,3.833770634287248e-08,-4.3213366218708416e-10
179.80971185359257,0.15750000000000003,1000.0,0.0,20,400000,44,0.015296398662030697,0.00028500000000000015,26.31619121592119,0.0029471007999631177,-0.020390095361827267,11.419361352920532,27.761557817459106,39.18092203140259,-7.438659821445981e-08,-3.427267150635238e-11
334.28645917731535,0.28250000000000003,1000.0,0.0,21,420000,44,0.014883462339639664,0.00028425000000000016,32.487439981950025,0.0033763620942497473,-0.020336941097727983,11.450450897216797,30.53519344329834,41.98564624786377,2.3841858265427618e-08,-1.1324882698282579e-10
310.161917074618,0.6525,1000.0,0.0,22,440000,44,0.015422726050019264,0.00028350000000000017,30.335000852446562,0.015158728257654758,-0.018703100909730815,11.954315423965454,29.67428183555603,41.62860083580017,1.354217538107605e-08,-1.1801719601578498e-09
359.77792594686156,0.9799999999999999,1000.0,0.0,23,460000,44,0.014718261547386646,0.0002827500000000002,34.292880609202854,0.007734907101761747,-0.019103906374591882,12.402084827423096,26.998616933822632,39.40070557594299,7.801055801337498e-08,-3.1590460802810583e-10
362.81303983595825,0.8525000000000003,1000.0,0.0,24,480000,44,0.014420068822801113,0.0002820000000000002,37.506627396143486,0.021234918809122774,-0.019609441395277094,11.489946603775024,25.329745531082153,36.81969451904297,4.1198731537406275e-08,-8.344649971014917e-11
513.5638477084427,1.65,1000.0,0.0,25,500000,44,0.015968192368745804,0.0002812500000000002,42.546455564378185,0.02747048064081697,-0.018621312356213702,11.466859340667725,28.381969928741455,39.84883117675781,2.00271599304358e-09,-2.980232380322967e-11
583.4815064236045,2.3675,1000.0,0.0,26,520000,44,0.015000546351075172,0.0002805000000000002,47.451109074064725,0.049763910870469136,-0.018749955471420728,11.801512241363525,26.960936784744263,38.76245093345642,6.408691177739456e-08,2.8014182640312413e-10
659.4854892679375,4.22,1000.0,0.0,27,540000,44,0.016280055046081543,0.0002797500000000002,51.94651773417641,0.08361738134374878,-0.019224827015390394,11.402370691299438,25.884900331497192,37.287272930145264,8.69750991228102e-08,-5.757808896333927e-09
755.5994789541502,5.4425,1000.0,0.0,28,560000,44,0.014990978874266148,0.0002790000000000002,63.69557733777203,0.10464047601015679,-0.018045986595030948,13.201597929000854,27.986827611923218,41.18842792510986,-4.1961669694501325e-09,6.41345998531051e-09
812.2905980575586,7.32,1000.0,0.0,29,580000,44,0.016795095056295395,0.00027825000000000023,62.95172202106998,0.16229132326347678,-0.01853628450530657,12.10418152809143,27.6380352973938,39.74221968650818,-2.5939941750152684e-08,-7.891655329217429e-09
884.6826559874129,9.942499999999999,1000.0,0.0,30,600000,44,0.01714831218123436,0.00027750000000000024,68.99468370411283,0.24313640191087926,-0.0187318672786276,12.188462972640991,30.5576012134552,42.746065855026245,1.2207030941624453e-08,-1.1825561863076928e-08
916.9915405512284,12.395,1000.0,0.0,31,620000,44,0.015734052285552025,0.00027675000000000025,59.24014784743789,0.25248140481089526,-0.017819660994472353,12.579149723052979,27.97583508491516,40.55498743057251,-2.403259280470138e-08,-1.115798919926192e-08
916.2005499575314,12.965,1000.0,0.0,32,640000,44,0.015863025560975075,0.00027600000000000026,64.7332618766056,0.30618416795226283,-0.018177743284539475,12.684815168380737,29.712384939193726,42.39720416069031,1.907348723406699e-09,2.336502102906479e-09
1058.5008334361962,16.535,1000.0,0.0,33,660000,44,0.0170136671513319,0.00027525000000000027,84.144735075662,0.5021838170740972,-0.016381162889912655,12.173671960830688,29.260274171829224,41.433948278427124,-4.97818000155803e-08,-1.2087822298667561e-08
1107.8749353827393,25.33,1000.0,0.0,34,680000,44,0.016570068895816803,0.0002745000000000003,93.50773778362296,0.6468953887392929,-0.017118293572642163,11.307697296142578,27.1698260307312,38.47752523422241,3.929138259195497e-08,3.943443260823187e-08
1098.180512137621,26.172500000000003,1000.0,0.0,35,700000,44,0.017840228974819183,0.0002737500000000003,80.61393291738969,0.6684318712480598,-0.018692759497900856,12.038396120071411,28.114834547042847,40.15323233604431,-8.77380390562621e-09,-1.8882751362525596e-08
1122.098926122018,33.31249999999999,1000.0,0.0,36,720000,44,0.016978951171040535,0.0002730000000000003,114.28954060579746,1.0295775143560386,-0.017009080537256995,12.881701469421387,28.058151721954346,40.939857006073,5.149841442175784e-09,2.861023085110048e-10
1105.4669431210143,36.9675,1000.0,0.0,37,740000,44,0.016075998544692993,0.0002722500000000003,84.75254070854845,1.1518946792694587,-0.016104263901162326,12.708678245544434,29.148692846298218,41.8573739528656,-2.479553273815327e-08,-1.2254714576442893e-08
1225.2830674285663,41.739999999999995,1000.0,0.0,38,760000,44,0.015898514539003372,0.0002715000000000003,111.33196919532311,1.3803224439622344,-0.016733987394131407,12.648484230041504,25.207595109939575,37.85608124732971,-4.215240423377509e-08,1.4495849853801701e-08
1359.3148943901188,54.7375,1000.0,0.0,39,780000,44,0.019166696816682816,0.0002707500000000003,120.42555609177391,1.838306723173249,-0.01696380717780064,11.453200578689575,26.501203775405884,37.954407930374146,1.6403198799253005e-08,3.452301200468355e-08
1482.221446171413,67.30249999999998,1000.0,0.0,40,800000,44,0.01704574003815651,0.00027000000000000033,116.4812189547733,2.2351857099352004,-0.01718708960552029,11.867613554000854,27.35236358642578,39.219980001449585,-3.433227480087453e-09,-4.968643096958658e-08
1544.0051826410163,84.845,1000.0,0.0,41,820000,44,0.01798662729561329,0.00026925000000000034,121.98439197737822,2.813943809929322,-0.017030862678637862,11.6096510887146,28.668467044830322,40.278120279312134,8.77380390562621e-09,1.125335735707722e-08
1482.3386200475845,83.815,1000.0,0.0,42,840000,44,0.018729323521256447,0.00026850000000000035,130.12348993518685,3.183540250372969,-0.017137272392817045,13.14037823677063,26.643349170684814,39.78372931480408,1.1062621929625038e-08,-3.061294506778722e-08
1365.952599963498,84.785,1000.0,0.0,43,860000,44,0.017809297889471054,0.00026775000000000036,126.83425743094247,2.9709344998739393,-0.01738820280207233,12.933720588684082,25.578086137771606,38.51180815696716,-3.6239624634504253e-09,-9.536743617033494e-10
1400.844180318912,99.64500000000001,1000.0,0.0,44,880000,44,0.018836447969079018,0.00026700000000000036,142.87690266586145,3.952327998207134,-0.018227986313678085,12.225693941116333,29.40581202507019,41.631507873535156,-1.926422044107312e-08,-4.2724607851596375e-08
1657.2755445562702,127.72749999999999,1000.0,0.0,45,900000,44,0.019434940069913864,0.0002662500000000004,148.21772662405314,4.34702691747898,-0.016430906736313648,12.339524507522583,26.621232986450195,38.96075916290283,-1.831054774470431e-08,1.9741058565614367e-08
1698.945637578549,134.03249999999997,1000.0,0.0,46,920000,35,0.02197832055389881,0.0002655000000000004,140.4621954422963,5.409742573415608,-0.0168806187931876,12.933208465576172,22.71471405029297,35.64792466163635,-1.2207030941624453e-08,8.964538444899972e-09
1572.9603598111134,138.69500000000002,1000.0,0.0,47,940000,43,0.020164409652352333,0.0002647500000000004,148.7277778864679,4.965088737477687,-0.017159354555181236,11.826800107955933,28.466601133346558,40.2934045791626,4.577636936176077e-09,4.386901952813105e-09
1736.7107846974627,165.5525,1000.0,0.0,48,960000,17,0.020368419587612152,0.0002640000000000004,190.85977911363318,6.346530654407311,-0.011370643401329148,14.074912309646606,9.916125059127808,23.991039514541626,-8.392333938900265e-09,9.53674295089968e-09
1924.4088850389944,189.8625,1000.0,0.0,49,980000,42,0.020908204838633537,0.0002632500000000004,177.11171303577206,6.894814513978504,-0.015624911119463063,11.317571878433228,23.07441782951355,34.39199209213257,-4.386901952813105e-09,1.8692016823251834e-08
1869.5453211496756,183.4875,1000.0,0.0,50,1000000,38,0.021221335977315903,0.0002625000000000004,175.18420080023554,8.043126531794101,-0.015583280075102892,11.501030445098877,21.988659620285034,33.489691734313965,-2.6702879907247734e-09,-4.1198731537406275e-08
718.7594880219982,92.32000000000001,1000.0,0.0,51,1020000,44,0.013724217191338539,0.0002617500000000004,53.20752357723249,0.4130158936336928,-0.013599027442074434,12.285048484802246,27.309691429138184,39.59474229812622,-1.1348724626714102e-08,-3.7240983630226765e-08
-355.16077221073414,0.68,1000.0,0.0,52,1040000,44,0.012826954945921898,0.00026100000000000044,16.9460194623923,0.18285991593132223,-0.014545155189030079,12.520703554153442,27.426121950149536,39.94682788848877,-9.746551654643554e-08,8.869171175263091e-09
-334.28369181403866,0.9799999999999999,1000.0,0.0,53,1060000,44,0.015063859522342682,0.00026025000000000044,14.985056961227478,0.11416858699391366,-0.014362835005794891,13.085700273513794,33.61808490753174,46.703789472579956,-2.5272369086337676e-08,-1.521110526425673e-08
-363.4336521958554,0.9175000000000001,1000.0,0.0,54,1080000,44,0.01473125722259283,0.00025950000000000045,13.097747746627816,0.09746052063058448,-0.01529915371957429,14.201415777206421,30.599838256835938,44.80125856399536,-3.061294506778722e-08,2.331733739424635e-08
-298.8025259348068,0.5525,1000.0,0.0,55,1100000,44,0.017222071066498756,0.00025875000000000046,12.321657113842367,0.08505926785349709,-0.017645962219876885,11.884825468063354,28.497082233428955,40.38191080093384,-4.0435789827597546e-08,-1.3971328982620435e-08
-208.9173324832078,1.0225000000000002,1000.0,0.0,56,1120000,44,0.014688226394355297,0.00025800000000000047,12.230532428269008,0.07206021506667257,-0.016537294130232742,13.63675832748413,27.76730489730835,41.40406560897827,1.5640258865801115e-08,4.577636936176077e-09
-231.72790466080247,1.4300000000000002,1000.0,0.0,57,1140000,44,0.014888583682477474,0.0002572500000000005,17.15402868194602,0.060987434341916245,-0.01875119996906185,11.888389587402344,29.95337700843811,41.84176826477051,-4.339218317994664e-09,2.0980834847250662e-09
-197.04991322090996,1.0349999999999997,1000.0,0.0,58,1160000,44,0.016499551013112068,0.0002565000000000005,18.358062002203408,0.04285702331450321,-0.018057219413582286,11.843832731246948,30.170838832855225,42.014673709869385,2.326965287124949e-08,-4.291534239087014e-09
-213.37260433217588,0.76,1000.0,0.0,59,1180000,44,0.017683181911706924,0.0002557500000000005,33.3331525837456,0.02286800182605606,-0.01823700317692722,11.61739993095398,31.120938539505005,42.73834204673767,6.237029737121702e-08,1.788139358804841e-10
-231.3300580770806,1.445,1000.0,0.0,60,1200000,44,0.018428726121783257,0.0002550000000000005,26.34815577217844,0.056994409225902536,-0.019545841269149933,11.618159532546997,28.252440690994263,39.87060189247131,-2.6130676289426447e-08,-8.141994634058847e-09
-155.6743078149065,1.4175,1000.0,0.0,61,1220000,44,0.01888521946966648,0.0002542500000000005,20.44985047788697,0.027780713955844968,-0.0210025299945873,12.606797933578491,27.102905988693237,39.70970582962036,-4.959106458812812e-09,8.511543470035576e-09
-75.90116201873363,1.3824999999999998,1000.0,0.0,62,1240000,44,0.018816672265529633,0.0002535000000000005,24.262477852258364,0.02504778971978098,-0.02143580790120686,13.69642972946167,29.492413759231567,43.18884611129761,8.630753001170888e-09,4.76837147544984e-09
-55.0568025239147,1.8625000000000003,1000.0,0.0,63,1260000,40,0.021805426105856895,0.00025275000000000053,26.086351308490656,0.05195440753286445,-0.01870647206146541,12.552388668060303,24.397591829299927,36.94998288154602,-4.1961669694501325e-09,-2.1100043934296764e-09
-13.153668747395255,2.53,1000.0,0.0,64,1280000,44,0.019627120345830917,0.00025200000000000054,29.49747896907793,0.055616643389374,-0.020405819450572862,11.363317489624023,26.344099521636963,37.70741891860962,-5.7220459481754915e-09,3.57627885638756e-11
28.54174985357357,2.3425000000000002,1000.0,0.0,65,1300000,39,0.0202834103256464,0.00025125000000000055,23.84065949967139,0.03662455602162401,-0.020040204393484258,12.387976169586182,24.49881935119629,36.8867974281311,5.531310964812519e-09,2.2649765396565158e-10
58.44305822082722,2.8325000000000005,1000.0,0.0,66,1320000,44,0.01872146502137184,0.00025050000000000056,25.2319570789403,0.09064593775491514,-0.02152470914336587,11.894750356674194,26.757422924041748,38.65217590332031,-3.814697446813398e-09,1.6689299942029834e-10
111.45231898291244,3.8250000000000006,1000.0,0.0,67,1340000,44,0.017503758892416954,0.00024975000000000057,24.96932978363937,0.11516319654433976,-0.021096334483215136,11.480891942977905,30.801631689071655,42.28252696990967,1.0204315614714687e-08,5.364417798858767e-10
128.0649573591294,3.1699999999999995,1000.0,0.0,68,1360000,44,0.02098369412124157,0.0002490000000000006,24.95600398006593,0.07726718400904033,-0.02089435096976955,13.198617219924927,29.118935346603394,42.31755566596985,-9.53674295089968e-09,-1.0490417423625331e-09
144.9287534196996,2.7,1000.0,0.0,69,1380000,34,0.02019498683512211,0.0002482500000000006,29.74419113352329,0.11432117601885715,-0.019597195588504413,13.613662004470825,19.05662727355957,32.67029142379761,-8.583068700218632e-10,2.622604355906333e-10
215.15983354114104,5.514999999999999,1000.0,0.0,70,1400000,44,0.01824391447007656,0.0002475000000000006,35.37629398597261,0.17081877615268506,-0.019096884043061767,11.775485515594482,28.14201831817627,39.91750621795654,-2.7656554824062596e-09,-4.5299530793130316e-10
233.4811735184616,6.355,1000.0,0.0,71,1420000,34,0.02039160579442978,0.0002467500000000006,32.527986767925796,0.15761713545605796,-0.01974461399898944,11.764266729354858,24.26173233985901,36.02600049972534,9.298324332718266e-10,1.7166137400437265e-09
271.11248072484125,7.790000000000001,1000.0,0.0,72,1440000,44,0.017867134883999825,0.0002460000000000006,34.607463821854495,0.24910221892538703,-0.020324947417536064,13.074770212173462,26.476855516433716,39.55162715911865,5.5599212345214255e-08,6.461143620128951e-09
321.9615174443619,9.6675,1000.0,0.0,73,1460000,22,0.020181212574243546,0.0002452500000000006,41.68252295317392,0.3255650471591565,-0.015292371458843376,12.23984956741333,13.803435802459717,26.043287754058838,-2.2888184680880386e-09,-6.675720420901143e-09
335.8751386462026,9.865,1000.0,0.0,74,1480000,40,0.02062132954597473,0.00024450000000000063,43.77308838035487,0.29503418951755084,-0.019869818070997733,11.782453298568726,28.167242288589478,39.949697971343994,1.0013580187262505e-08,1.3351439953623867e-09
337.50508570678846,7.737499999999999,1000.0,0.0,75,1500000,43,0.02011287771165371,0.00024375000000000064,39.56167294230221,0.28430132089637294,-0.01793898190157847,11.695282697677612,26.799217700958252,38.4945023059845,-6.675720420901143e-09,-3.528594971768939e-09
404.6583528487478,11.977500000000001,1000.0,0.0,76,1520000,44,0.018152257427573204,0.00024300000000000062,46.61673234055039,0.35562687647776514,-0.018262082572074734,11.4041428565979,28.170918464660645,39.575064182281494,1.7929076889799944e-08,-9.870529282807183e-09
459.8280210210946,14.7925,1000.0,0.0,77,1540000,36,0.02079903520643711,0.0002422500000000006,56.83162702286797,0.501544016281093,-0.0162908543823431,11.135169267654419,21.869245767593384,33.00441765785217,5.62667867853861e-09,-2.8610229740877458e-09
488.053017634764,16.622500000000002,1000.0,0.0,78,1560000,33,0.02001754194498062,0.00024150000000000058,56.186251899681196,0.6183675708478559,-0.01635400441289091,11.181882858276367,21.069913148880005,32.251798152923584,-2.6535987629472402e-08,-6.580352707175052e-09
484.06255045404134,14.872500000000002,1000.0,0.0,79,1580000,43,0.020150016993284225,0.0002407500000000006,55.096124567633204,0.5729213559674908,-0.01843481743838479,11.31823992729187,27.78966474533081,39.10790657997131,1.4543533488620142e-08,1.7166137400437265e-09
557.5465771055857,20.9875,1000.0,0.0,80,1600000,36,0.02019023708999157,0.0002400000000000006,70.3560695996935,0.6155113227843567,-0.01721255246087458,11.26958441734314,24.964227199554443,36.23381447792053,2.38418573772492e-09,-1.1444092340440193e-09
528.3336939657859,15.772499999999997,1000.0,0.0,81,1620000,21,0.020942101255059242,0.00023925000000000058,78.01120401880266,0.6623711190430639,-0.013512862788994964,11.427123069763184,12.829771757125854,24.256897926330566,9.155273872352154e-09,-1.9073485846288207e-10
655.745232984216,23.332499999999996,1000.0,0.0,82,1640000,38,0.02031012251973152,0.00023850000000000057,84.91592170618758,0.8253180269576326,-0.017341842626697378,12.33035135269165,21.236009120941162,33.566362619400024,1.0013580187262505e-08,-8.106231796922714e-10
733.3875731943076,29.2925,1000.0,0.0,83,1660000,32,0.020366335287690163,0.00023775000000000057,87.67098529429376,0.8798168619175123,-0.014919039748643696,11.237678050994873,17.915008783340454,29.15268874168396,-2.861023085110048e-10,-1.1062621929625038e-08
761.3520158910391,31.277499999999996,1000.0,0.0,84,1680000,42,0.020909728482365608,0.00023700000000000058,98.55265890308861,1.0308638491980493,-0.01611355619941237,11.125783920288086,25.30915117263794,36.4349365234375,-2.002716037452501e-08,8.392333938900265e-09
786.1804087524697,32.7125,1000.0,0.0,85,1700000,30,0.02052689902484417,0.00023625000000000057,104.12683064263581,1.0296733672608807,-0.014919220684351643,12.091070890426636,21.606250762939453,33.6973237991333,1.7166137400437265e-09,3.814697446813398e-09
731.0376277023436,27.327499999999997,1000.0,0.0,86,1720000,41,0.021025298163294792,0.00023550000000000057,89.86089950919556,1.1029622028752881,-0.015813672607367806,11.294853210449219,26.843660831451416,38.138516664505005,6.38961772381208e-09,-1.7166137400437265e-09
949.7053980451395,44.6125,1000.0,0.0,87,1740000,38,0.020228229463100433,0.00023475000000000058,116.45692204952557,1.381881042282475,-0.014908609111977307,11.4475679397583,23.931879997253418,35.37945079803467,-1.9073485846288207e-10,-5.292892346631106e-09
920.7787275216297,39.989999999999995,1000.0,0.0,88,1760000,26,0.023005539551377296,0.00023400000000000056,114.87613097045066,1.5556244506285741,-0.013261700393187704,11.314724206924438,15.505852699279785,26.82058024406433,-2.946853605578781e-08,1.7166137400437265e-09
953.7955490475044,47.26,1000.0,0.0,89,1780000,39,0.020756211131811142,0.00023325000000000057,127.64765604669806,1.7680145471137052,-0.015658022935413966,11.529059410095215,24.43586277961731,35.964924573898315,-5.435943695175638e-09,5.149841442175784e-09
1030.3745976247512,52.525,1000.0,0.0,90,1800000,29,0.0213011521846056,0.00023250000000000058,122.65542748733047,1.663961347951893,-0.014052039663141105,14.569804191589355,18.8691725730896,33.43897867202759,-9.346008411625917e-09,-1.3923645347801994e-08
1004.1865966994068,45.86,1000.0,0.0,91,1820000,33,0.020097367465496063,0.0002317500000000006,125.46078079744551,1.9616289881851465,-0.012549463620451881,11.36956787109375,18.803845643997192,30.173415184020996,-2.1362303925798187e-08,4.577636936176077e-09
991.8878313315893,49.839999999999996,1000.0,0.0,92,1840000,27,0.020639661699533463,0.0002310000000000006,104.81438830197277,2.0452626045466697,-0.013366843792061905,11.167065858840942,17.688616275787354,28.855684280395508,-3.290176309178605e-08,-4.768371461572052e-11
1117.4432231616777,63.275,1000.0,0.0,93,1860000,36,0.020184654742479324,0.00023025000000000058,131.99340302833525,2.5211630717611513,-0.016123756104667635,12.677262544631958,22.40517282485962,35.08243799209595,-1.4305114426349519e-08,7.534026735811494e-09
1201.6625135976378,72.3925,1000.0,0.0,94,1880000,38,0.020944707095623016,0.0002295000000000006,143.090677435441,2.861524168290272,-0.014861634938818199,11.454307794570923,25.1208758354187,36.575185775756836,-1.907348723406699e-09,-7.057189943537878e-09
1218.5227974924228,70.545,1000.0,0.0,95,1900000,37,0.020264314487576485,0.0002287500000000006,145.64107206999094,2.6075049430753854,-0.014606011534709352,11.260801792144775,21.279374361038208,32.540178060531616,2.002716037452501e-08,6.675719976811934e-10
1198.2641585348003,73.065,1000.0,0.0,96,1920000,28,0.020526006817817688,0.0002280000000000006,164.16571337749903,3.387267033295002,-0.013708237260302182,12.855818510055542,18.4061861038208,31.26200771331787,1.5830993405074878e-08,-2.880096516832964e-08
1314.5087957686808,84.985,1000.0,0.0,97,1940000,15,0.020985016599297523,0.00022725000000000062,157.8538246315743,3.101354786313536,-0.009291800969763647,11.99282431602478,11.267746210098267,23.26057481765747,-3.433227480087453e-09,-3.8146971692576415e-10
1316.6505978924356,88.235,1000.0,0.0,98,1960000,35,0.021064044907689095,0.0002265000000000006,192.15933793190374,4.293682112141932,-0.013243081713571915,11.476562976837158,20.49612522125244,31.97269082069397,1.4495849853801701e-08,1.7833709620163063e-08
1393.5578940380462,104.18000000000002,1000.0,0.0,99,1980000,33,0.020172109827399254,0.00022575000000000058,160.6713667687759,4.063077266663484,-0.013167473616430019,12.449638366699219,19.682241439819336,32.13188195228577,-1.6403198799253005e-08,-3.6239622858147413e-08
1324.9211475083807,99.1525,1000.0,0.0,100,2000000,36,0.02048298716545105,0.00022500000000000056,141.31071827884466,4.075397125066752,-0.01417364444650458,11.764067649841309,21.02470302581787,32.788772106170654,3.051757735406113e-09,1.5830993405074878e-08
1473.1873232988023,76.6375,1000.0,0.0,101,2020000,2,0.022228017449378967,0.00022425000000000057,178.58630612530285,4.30603346266324,0.004020058936026844,11.340915203094482,1.0851788520812988,12.426095485687256,1.1444092340440193e-09,-1.8119812317252126e-09
1616.855651614764,63.145,1000.0,0.0,102,2040000,1,0.021458087489008904,0.00022350000000000058,94.83376341228244,2.826079033598115,0.012019351307491336,11.216079711914062,0.5416970252990723,11.757778882980347,1.6403198799253005e-08,-1.2207030941624453e-08
1698.2874523906826,79.0025,1000.0,0.0,103,2060000,1,0.027377977967262268,0.00022275000000000056,88.72140271150613,3.0011104330231873,0.0064967917808909205,11.593730688095093,0.5442419052124023,12.137974977493286,7.629394893626795e-09,-1.0681151962899094e-08
1716.9255617380209,81.8275,1000.0,0.0,104,2080000,1,0.026200339198112488,0.00022200000000000057,98.01745185369178,2.925511698179607,0.008246511521548787,11.242371082305908,0.5486454963684082,11.79101824760437,-2.4223327343975143e-08,1.3732909920349812e-08
1751.3918115274646,89.01250000000002,1000.0,0.0,105,2100000,4,0.020903853699564934,0.00022125000000000055,73.68103517459917,3.1480306266229365,-0.0015130335799583435,11.251226425170898,2.109818696975708,13.36104679107666,-2.7847290695603988e-08,4.100799699813251e-09
1795.2381879885766,104.375,1000.0,0.0,106,2120000,25,0.020422648638486862,0.00022050000000000056,74.57695554998857,3.414215029342265,-0.012195110888798025,11.003791809082031,13.99368667602539,24.997480392456055,4.882812376649781e-08,9.155273872352154e-09
1840.2825463879458,114.5125,1000.0,0.0,107,2140000,14,0.02042565494775772,0.00021975000000000057,101.60752265405914,3.698127409756507,-0.010261483604145687,11.565754890441895,9.254194974899292,20.81995153427124,-2.4414061883248905e-08,3.8909913513407446e-08
1914.8032876286707,138.67000000000002,1000.0,0.0,108,2160000,28,0.02137279137969017,0.00021900000000000055,82.06442206074058,4.494200697966984,-0.01375757847700199,11.757932424545288,15.594743251800537,27.352678298950195,-2.8610229740877458e-09,-8.82148754044465e-08
1958.2114221981142,150.425,1000.0,0.0,109,2180000,18,0.020300457254052162,0.00021825000000000053,117.39705739108487,5.352827372262582,-0.010509086180898805,11.144207954406738,11.634217739105225,22.778427600860596,-1.3732909920349812e-08,-9.918212917625624e-09
1970.5840017190817,157.82,1000.0,0.0,110,2200000,6,0.020078271627426147,0.00021750000000000054,128.0522847396915,5.387465975455594,-0.0069902007426783635,11.668781995773315,3.7935380935668945,15.46232271194458,-3.814697180359872e-08,-2.6130676289426447e-08
2004.2419609141004,175.9075,1000.0,0.0,111,2220000,29,0.021835457533597946,0.00021675000000000055,109.04125547138482,5.586570138652373,-0.014609568492332185,13.143750190734863,17.344067096710205,30.487821340560913,-3.433227480087453e-09,-5.464553964884544e-08
2034.6295395551065,196.72750000000002,1000.0,0.0,112,2240000,20,0.02475384622812271,0.00021600000000000053,142.411606793464,7.803806153882908,-0.012344053507446535,11.99257516860962,12.136082649230957,24.12865972518921,1.4877318932349226e-08,3.3903120311151724e-08
2143.445425251506,215.50750000000002,1000.0,0.0,113,2260000,19,0.020833589136600494,0.00021525000000000054,136.3238582471305,7.022725486501227,-0.01094189419415466,11.5794038772583,10.866021394729614,22.44542694091797,4.959106458812812e-09,-1.9836425835251248e-08
2171.2742209789285,227.57499999999996,1000.0,0.0,114,2280000,9,0.024227574467658997,0.00021450000000000055,128.56820061706458,7.422756107882944,-0.007257782953035521,11.126065969467163,5.254155397415161,16.380223274230957,-2.0980834847250662e-08,-3.3950804834148585e-08
2209.701195599874,243.6425,1000.0,0.0,115,2300000,8,0.021547552198171616,0.00021375000000000053,102.36530707154093,8.155885636806488,-0.006067526149504547,11.580865383148193,4.482954025268555,16.063820600509644,-9.346008411625917e-09,-3.776550272505119e-08
2169.876075118016,243.1,1000.0,0.0,116,2320000,12,0.021344585344195366,0.00021300000000000054,149.45718704899656,9.265711157130793,-0.009799113281008312,11.360908508300781,7.255138397216797,18.61604905128479,-2.326965287124949e-08,-2.5939941750152684e-08
2239.499340010014,269.96750000000003,1000.0,0.0,117,2340000,1,0.020632268860936165,0.00021225000000000055,123.15816903416115,9.683985028085829,0.0016807458257373374,11.631402015686035,0.6883964538574219,12.319801330566406,9.53674295089968e-09,-8.296966313992016e-08
2288.0292498059835,278.15,1000.0,0.0,118,2360000,23,0.02064603380858898,0.00021150000000000053,167.35239513588266,10.140296804294785,-0.010356957361206667,11.200760126113892,13.449940919876099,24.650703191757202,-4.577636936176077e-09,-1.4953613458601467e-07
2346.891533056686,297.015,1000.0,0.0,119,2380000,16,0.020924529060721397,0.00021075000000000054,171.04645376265805,10.208767092303384,-0.010312633033450605,11.809794187545776,8.976402282714844,20.78619909286499,8.583068478174027e-09,1.125335735707722e-08
2323.235344063206,291.92500000000007,1000.0,0.0,120,2400000,13,0.02258431725203991,0.00021000000000000055,118.88099538177222,10.740795298467708,-0.009976328633423666,11.48410940170288,7.547587156295776,19.03169846534729,-1.0490417423625331e-08,3.3950804834148585e-08
2222.6144201890656,286.51750000000004,1000.0,0.0,121,2420000,29,0.020489275455474854,0.00020925000000000056,123.99053037952305,11.55195138944595,-0.013566085041997794,11.432814598083496,16.82684588432312,28.25966191291809,-9.918212917625624e-09,9.307861148499796e-08
2399.3183136967173,323.7075,1000.0,0.0,122,2440000,26,0.020697806030511856,0.00020850000000000054,179.3345747671898,12.993070779547836,-0.013013230785210604,11.574365377426147,15.23853349685669,26.81290102005005,9.53674295089968e-09,8.239746307481255e-08
2418.419673563541,328.49249999999995,1000.0,0.0,123,2460000,13,0.02098023146390915,0.00020775000000000055,180.94902488389056,13.678893622776318,-0.009422223174131994,12.223381996154785,8.335548400878906,20.5589337348938,1.1444091896350983e-08,-3.4713746543957313e-08
2451.0441432900634,350.08000000000004,1000.0,0.0,124,2480000,5,0.020458444952964783,0.00020700000000000053,139.67986244491385,14.026240889633758,-0.0018722163106585984,11.26835322380066,2.852212905883789,14.120569229125977,6.866454960174906e-09,1.0528564331480084e-07
2403.581940885832,335.21999999999997,1000.0,0.0,125,2500000,22,0.020129702985286713,0.00020625000000000051,195.63477425964848,12.509509806528738,-0.01157461149980806,11.121233224868774,12.873278856277466,23.994513750076294,1.0299682884351569e-08,-4.0435789827597546e-08
2274.1973642068597,319.81750000000005,1000.0,0.0,126,2520000,24,0.020218659192323685,0.0002055000000000005,143.40135349402448,13.013144810491474,-0.011745045194033934,11.06937050819397,13.864548683166504,24.933921098709106,-1.6212464259979242e-08,1.2512207092640892e-07
2522.6677410603284,370.71500000000003,1000.0,0.0,127,2540000,16,0.02082943171262741,0.00020475000000000048,178.37124346177788,14.89442697205121,-0.009006636568785002,11.63736343383789,9.15450644493103,20.791872024536133,5.7220459481754915e-09,-5.5694581391207976e-08
2531.5264887506937,382.71,1000.0,0.0,128,2560000,11,0.020459970459342003,0.00020400000000000049,176.2881345628183,14.790255378661689,-0.007910108155173318,11.439497947692871,7.3998703956604,18.839370489120483,-1.1444091896350983e-08,3.128051773160223e-08
2586.5927589998455,400.96999999999997,1000.0,0.0,129,2580000,33,0.02016427367925644,0.0002032500000000005,144.97389931892772,14.382054596693523,-0.013059754238465188,11.277803897857666,18.615473985671997,29.893281936645508,-2.8610229740877458e-09,9.365081865553293e-08
2601.7810944022394,403.325,1000.0,0.0,130,2600000,30,0.020259765908122063,0.0002025000000000005,195.68615757423112,16.484532779580935,-0.012317744683462513,11.219884395599365,16.71808385848999,27.93796992301941,1.201629640235069e-08,1.0719299581296582e-07
2609.0392442793222,409.0,1000.0,0.0,131,2620000,6,0.020321181043982506,0.0002017500000000005,122.80429755585104,16.02933682469879,-0.004402668196668668,12.039095163345337,4.046025037765503,16.085123777389526,6.675720420901143e-09,6.484985703991697e-08
2652.454107921141,421.12749999999994,1000.0,0.0,132,2640000,28,0.020978521555662155,0.00020100000000000052,181.82512667036832,17.00438486818379,-0.01198297979006591,11.964272499084473,16.089614152908325,28.053890705108643,-1.3351440841802287e-08,1.831054774470431e-08
2660.43533891349,436.82750000000004,1000.0,0.0,133,2660000,16,0.021053312346339226,0.00020025000000000053,177.44814091090913,14.841317598201051,-0.01014037868188535,11.586748600006104,9.392149925231934,20.97890043258667,6.866454960174906e-09,8.85009754370003e-08
2666.1589489521193,431.67749999999995,1000.0,0.0,134,2680000,2,0.03312477841973305,0.00019950000000000054,157.94140996812266,17.202655900882768,-0.0005668026006108598,11.350408554077148,1.2029426097869873,12.553353071212769,-9.53674295089968e-09,-2.2888183792701966e-08
2681.1625684805535,433.53999999999996,1000.0,0.0,135,2700000,30,0.020577987655997276,0.00019875000000000052,196.1996674082953,16.651003499775495,-0.013119422628461748,11.48442554473877,17.01792573928833,28.502355575561523,-3.051757735406113e-09,-2.2888183792701966e-08
2682.124799166247,439.1625,1000.0,0.0,136,2720000,14,0.021729743108153343,0.00019800000000000053,219.01877996503336,15.516186841357682,-0.009110680243436578,11.334365129470825,8.666823625564575,20.00119161605835,-7.2479249269008506e-09,3.204345588869728e-08
2720.7213362061866,450.8374999999999,1000.0,0.0,137,2740000,4,0.02141639217734337,0.00019725000000000054,163.39752087412,16.036916020550304,-0.0023510856244453714,11.528023958206177,2.2445929050445557,13.772618532180786,-4.1961669694501325e-09,5.7220457705398076e-08
2716.9108976772122,460.09250000000003,1000.0,0.0,138,2760000,23,0.021701939404010773,0.00019650000000000052,134.7004247170985,14.480781703711736,-0.011109508059205908,11.161578178405762,13.325757503509521,24.487337350845337,1.125335735707722e-08,-5.226135257885289e-08
2659.8112414726515,445.83500000000004,1000.0,0.0,139,2780000,19,0.020771024748682976,0.00019575000000000053,157.29893123110799,17.194140473657413,-0.01112786001124997,10.98853874206543,11.345636367797852,22.334176778793335,8.964538444899972e-09,-2.6702881683604573e-08
2809.678558211166,488.29749999999996,1000.0,0.0,140,2800000,12,0.032462410628795624,0.0001950000000000005,132.64896970660374,16.448085525367834,-0.005810128095832885,10.828887224197388,6.480443954467773,17.309333324432373,7.820129432900558e-09,-6.866454960174906e-09
2813.4842965177154,497.8625,1000.0,0.0,141,2820000,24,0.02019706554710865,0.00019425000000000052,246.53495611923154,17.691433474484374,-0.009564499140133539,11.434796810150146,16.10091495513916,27.53571319580078,1.1444092340440193e-09,1.907348723406699e-09
2770.6208770855183,484.90500000000003,1000.0,0.0,142,2840000,9,0.02022974193096161,0.00019350000000000053,238.08228754293063,17.997989465415728,-0.00632001720722529,12.338026523590088,5.339667558670044,17.67769694328308,-1.9073485846288207e-10,5.7983399415206804e-08
2860.2596353953622,510.80250000000007,1000.0,0.0,143,2860000,16,0.023286649957299232,0.00019275000000000054,211.67737419092202,14.110084442398216,-0.009163930428235002,11.364077091217041,10.150119304656982,21.51419973373413,-4.577636936176077e-09,-4.081726245885875e-08
2857.625939901319,512.2175,1000.0,0.0,144,2880000,9,0.020638974383473396,0.00019200000000000055,191.26530246761445,16.282926034323776,-0.007208815699838804,11.173385381698608,5.138171911239624,16.311558723449707,1.1444092340440193e-09,-1.525878978725359e-08
2792.5508100041725,503.35999999999996,1000.0,0.0,145,2900000,15,0.02181989699602127,0.00019125000000000056,189.5394212038708,16.39080092756054,-0.009640279226005077,14.846191883087158,10.023529767990112,24.869724988937378,3.8146971692576415e-10,-6.866454960174906e-09
2887.199613109326,533.9975000000001,1000.0,0.0,146,2920000,8,0.021771755069494247,0.00019050000000000056,178.0616721442983,14.956172029428844,-0.006306440201610079,11.15567135810852,4.900878667831421,16.056552171707153,2.8610228852699038e-08,-7.324219097881723e-08
2849.1847776451614,528.4975000000002,1000.0,0.0,147,2940000,16,0.02037961781024933,0.00018975000000000057,237.1484300697906,16.373984685427025,-0.009811769024365069,11.372220516204834,10.239569902420044,21.611793994903564,-2.6702879907247734e-09,8.16345249177175e-08
2940.6942793763465,545.9300000000001,1000.0,0.0,148,2960000,5,0.020861124619841576,0.00018900000000000058,175.86746458222595,17.819684477697447,-0.0027496513114841302,11.735395431518555,3.256108522415161,14.99150562286377,6.866454960174906e-09,5.378723244575667e-08
2808.4795797288934,518.25,1000.0,0.0,149,2980000,4,0.020172612741589546,0.0001882500000000006,200.33793107769156,16.921791459940657,-0.0030876577985060366,11.640070676803589,2.2593014240264893,13.899373531341553,-4.577636936176077e-09,8.773803727990526e-08
2973.9634801745833,566.43,1000.0,0.0,150,3000000,23,0.021073518320918083,0.0001875000000000006,153.57732934799571,18.71113340449189,-0.011554464552783186,11.681375741958618,12.804325342178345,24.485702991485596,-3.433227480087453e-09,2.2888183792701966e-08
1048.715641978391,267.21250000000003,1000.0,0.0,151,3020000,3,0.02288035675883293,0.0001867500000000006,359.75591308658136,14.11674174779578,0.0014227310034450348,11.708502054214478,1.8192968368530273,13.527801752090454,-9.641647125135933e-08,-2.647399810484785e-07
-671.562957410212,0.0,1000.0,0.0,152,3040000,17,0.02002525143325329,0.0001860000000000006,184.5622344453745,3.536205511215633,-0.0043519787286316015,11.764961004257202,10.155781984329224,21.92074704170227,-1.3852118740942387e-07,-4.1313171550427796e-07
-661.5716768729592,0.0,1000.0,0.0,153,3060000,8,0.020280251279473305,0.0001852500000000006,169.75715466390682,1.9770894488201867,-0.003517838836355795,11.221842288970947,4.605226039886475,15.827069759368896,-1.3165474399556842e-07,-6.67572024326546e-08
-665.3192838440718,0.0,1000.0,0.0,154,3080000,15,0.02171938121318817,0.00018450000000000058,154.48374748069023,2.1421707571558812,-0.004910546004819342,11.39119005203247,9.61570930480957,21.006900548934937,5.750656129066556e-08,-2.6798248953241455e-08
-640.0774649545209,0.005,1000.0,0.0,155,3100000,12,0.023567525669932365,0.0001837500000000006,123.40682021072645,1.8121368673154574,-0.004433086035107086,11.314078330993652,7.104481220245361,18.418561458587646,-7.83920270919225e-08,5.111694179049664e-08
-603.3648434687694,0.045000000000000005,1000.0,0.0,156,3120000,2,0.02221050299704075,0.00018300000000000057,157.7403938438319,1.6000248380476916,0.0019178166558164395,11.365308046340942,1.2460112571716309,12.611321926116943,-7.982254146554624e-08,4.167556610923384e-08
-580.6031051604468,0.0075000000000000015,1000.0,0.0,157,3140000,28,0.02440073899924755,0.00018225000000000058,75.64057843896407,1.3034883965662332,-0.00835400801221461,12.395781517028809,16.17848515510559,28.57426881790161,1.6260147006619263e-08,-5.826949944776061e-08
-529.4752595339257,0.0425,1000.0,0.0,158,3160000,20,0.02140428125858307,0.0001815000000000006,188.96570939293392,1.6571387453735629,-0.006646044559399538,11.294214248657227,12.9858980178833,24.28011441230774,-4.863739189175931e-09,1.3618469552056922e-07
-495.0059583483797,0.0,1000.0,0.0,159,3180000,3,0.024322902783751488,0.0001807500000000006,132.53205391928114,1.1608102418450867,-0.0023423050626530805,12.067342281341553,1.5707881450653076,13.638132333755493,1.2969970875076342e-08,-1.7833709620163063e-08
-504.8093427593427,0.0,1000.0,0.0,160,3200000,6,0.02350820228457451,0.0001800000000000006,152.23486081859733,1.0182871455758935,-0.0035665904894816975,11.736774444580078,3.9479269981384277,15.684702634811401,-8.201599399626502e-09,9.727478378351861e-09
-443.3035505780352,0.0,1000.0,0.0,161,3220000,15,0.021465294063091278,0.00017925000000000062,154.94327398694517,1.129459936332099,-0.007815093590724695,12.100165843963623,8.482848644256592,20.583017587661743,-2.0217894913798773e-08,3.33786012163273e-08
-378.12476632551477,0.027500000000000004,1000.0,0.0,162,3240000,4,0.02040676586329937,0.00017850000000000063,194.72408654418172,1.3612543627431122,-0.0005264583197009715,11.623217582702637,2.230422019958496,13.853642225265503,-1.7166136956348055e-08,2.861023085110048e-10
-369.98749911683564,0.10750000000000001,1000.0,0.0,163,3260000,27,0.021635865792632103,0.00017775000000000063,190.34220785095386,1.2236702931958412,-0.008010661040814363,11.51271653175354,15.733369588851929,27.246087789535522,1.8119811429073707e-08,-2.083778305461692e-08
-330.0768051470456,0.03500000000000001,1000.0,0.0,164,3280000,10,0.021898632869124413,0.00017700000000000064,154.7538483824911,0.6782530923432941,-0.004182340782666225,11.169950246810913,6.18002724647522,17.349979162216187,9.918212917625624e-09,4.019737076532692e-08
-254.69260743547528,0.08000000000000002,1000.0,0.0,165,3300000,27,0.020581014454364777,0.00017625000000000065,122.94298910166923,1.0590408711200356,-0.008659106040641096,11.536522388458252,17.101032733917236,28.637558937072754,1.9073485846288207e-10,1.440048258416482e-08
-217.60128165171727,0.06,1000.0,0.0,166,3320000,5,0.020533187314867973,0.00017550000000000066,138.0315448229826,1.3810975535760952,-0.0027531638140259663,12.135357856750488,2.7084546089172363,14.843814373016357,9.536743617033494e-10,-3.6430357397421176e-08
-183.31383898123622,0.32249999999999995,1000.0,0.0,167,3340000,18,0.022477157413959503,0.00017475000000000067,101.77010447398855,0.8320181134527578,-0.007829437589367168,11.656952619552612,10.349800825119019,22.00675678253174,-6.771087690538025e-09,7.867813067718998e-09
-158.48663230499847,0.16749999999999998,1000.0,0.0,168,3360000,10,0.020550711080431938,0.00017400000000000068,146.83461697735365,0.925714225802995,-0.0029931436941216263,11.456363916397095,5.5326409339904785,16.989006519317627,-4.386901952813105e-09,1.0108947456899386e-08
-99.10513353649502,0.23499999999999996,1000.0,0.0,169,3380000,7,0.02015990950167179,0.0001732500000000007,111.86214320439758,0.7339283158399744,-0.0018851894095445736,11.476448774337769,4.159533500671387,15.635983943939209,1.3351439953623867e-09,9.202957507170595e-09
-68.54415089229886,0.24750000000000005,1000.0,0.0,170,3400000,15,0.02060416340827942,0.0001725000000000007,92.72740505878433,0.4420236153944635,-0.0075088602364974935,11.7029287815094,8.369254112243652,20.072184324264526,4.577636936176077e-09,7.438659466174613e-09
-56.462966386435255,0.3125000000000001,1000.0,0.0,171,3420000,8,0.02397913672029972,0.0001717500000000007,79.20986452585534,0.6706936869864599,-0.003990365934257596,11.519811391830444,4.813152074813843,16.332967281341553,-8.201599399626502e-09,-2.6702879907247734e-09
1.8216972034371868,0.4,1000.0,0.0,172,3440000,11,0.022714026272296906,0.0001710000000000007,107.80956008437039,0.4855806785362362,-0.00589162568530653,11.617891550064087,6.049586772918701,17.667479753494263,-1.678466787780053e-08,-3.8146971692576415e-10
30.43215618917559,0.35750000000000004,1000.0,0.0,173,3460000,15,0.022211698815226555,0.00017025000000000067,157.88259794661766,0.5532071128424713,-0.00606906354498071,11.308023691177368,8.936021089553833,20.244046688079834,1.1062621929625038e-08,1.1444092340440193e-09
66.02967126209394,0.19000000000000003,1000.0,0.0,174,3480000,5,0.02300318516790867,0.00016950000000000065,107.42582248736032,0.5384744755829437,-0.0004741183193282613,11.407463550567627,3.6285617351531982,15.036027193069458,5.531310964812519e-09,3.337859988405967e-10
113.33880422217301,0.585,1000.0,0.0,175,3500000,24,0.02127649076282978,0.00016875000000000066,96.47730126360801,0.34403336206883317,-0.009121135294359798,12.507015705108643,15.768507957458496,28.275527000427246,-3.2424927187690855e-09,-2.8610229740877458e-09
145.0321458919452,0.23500000000000001,1000.0,0.0,176,3520000,34,0.020683366805315018,0.00016800000000000064,106.64275620716859,0.45726385735369224,-0.010249183628252518,13.655242204666138,22.29967951774597,35.9549241065979,3.900527900668749e-08,1.1444092340440193e-09
177.7221262734968,0.31999999999999995,1000.0,0.0,177,3540000,13,0.026525726541876793,0.00016725000000000065,66.57681301343523,0.38500892754713073,-0.006221525690281635,12.059990644454956,7.5250349044799805,19.585028171539307,3.185272134942352e-08,2.956390465769232e-09
222.8735333584828,0.9275,1000.0,0.0,178,3560000,22,0.020686890929937363,0.00016650000000000063,60.04041079684698,0.527309857197406,-0.007830598379937574,11.722201347351074,13.056763887405396,24.77896785736084,-8.77380390562621e-09,5.722046170220096e-10
287.8291137139758,1.1875000000000002,1000.0,0.0,179,3580000,24,0.020647408440709114,0.00016575000000000064,55.13599418889621,0.377438130650968,-0.010972704549142226,12.254621267318726,13.448926448822021,25.70354986190796,2.3841858265427618e-08,3.8146971692576415e-10
313.16393091157266,1.0525,1000.0,0.0,180,3600000,33,0.021029368042945862,0.00016500000000000065,51.844181124442464,0.276183468077116,-0.010073442530693607,11.31810712814331,18.429545879364014,29.747654676437378,1.7166137400437265e-09,4.768371808516747e-10
358.1183386010819,1.6800000000000002,1000.0,0.0,181,3620000,33,0.022776447236537933,0.00016425000000000066,39.73682856806677,0.2503942583066365,-0.011517167676170188,11.341334342956543,18.508759021759033,29.850095748901367,1.9073485846288207e-10,4.017353116836375e-09
405.9990718806675,2.2049999999999996,1000.0,0.0,182,3640000,44,0.017412127926945686,0.00016350000000000067,41.997623921538114,0.28323115262881315,-0.012385172429424898,11.789051055908203,26.13968276977539,37.928735971450806,-1.7833709620163063e-08,-3.8146971692576415e-10
437.45948175261253,3.3475,1000.0,0.0,183,3660000,44,0.017143409699201584,0.00016275000000000068,36.235147734094404,0.3165730236589017,-0.012531531764616625,11.555901527404785,28.29592227935791,39.85182523727417,4.243850781904257e-08,-3.8146971692576415e-10
479.5780804805775,4.3375,1000.0,0.0,184,3680000,44,0.021829308941960335,0.00016200000000000069,36.681047318856926,0.32548243861315374,-0.011030985157126593,11.870236158370972,25.477659940719604,37.347898960113525,-2.6702879907247734e-09,2.2888184680880386e-09
518.9026354037248,6.445,1000.0,0.0,185,3700000,26,0.021198412403464317,0.00016125000000000067,34.58079821689684,0.3362630987186221,-0.011013717592254956,11.28028416633606,14.90292763710022,26.183213710784912,-1.831054774470431e-08,-1.1444092340440193e-09
549.0296184134127,7.637500000000001,1000.0,0.0,186,3720000,32,0.020575065165758133,0.00016050000000000068,35.827140028718155,0.3318374189607139,-0.010930662131625158,11.963733196258545,22.260125875473022,34.22386169433594,-1.9598006772980625e-08,4.386901952813105e-09
579.9247587177263,9.1775,1000.0,0.0,187,3740000,31,0.020549878478050232,0.00015975000000000068,36.52606614573531,0.38979353715858445,-0.009185851685073045,11.434966802597046,17.735682249069214,29.17065119743347,0.0,-1.125335735707722e-08
620.2691309873737,10.099999999999998,1000.0,0.0,188,3760000,17,0.022261032834649086,0.0001590000000000007,32.19127547021952,0.34190204051654016,-0.007737554564873729,11.273777961730957,9.900851964950562,21.174633502960205,-4.911422823994371e-09,-4.243850604268573e-09
633.5797039279013,10.69,1000.0,0.0,189,3780000,43,0.020576512441039085,0.00015825000000000068,39.12940705899881,0.5039742802447138,-0.011762095812114856,11.882932186126709,29.045103549957275,40.92803764343262,-2.5367736355974557e-08,-1.19209286886246e-09
691.7115174876446,14.7875,1000.0,0.0,190,3800000,2,0.020137831568717957,0.00015750000000000066,33.26274982283387,0.45607913011991524,0.0005389725497652646,11.986800193786621,1.4021542072296143,13.388957023620605,-5.3834913416039853e-08,9.63211022053656e-09
724.9810940470463,17.2325,1000.0,0.0,191,3820000,44,0.014828523620963097,0.00015675000000000067,31.66855190318802,0.4985728978219049,-0.01058143452994131,12.437702894210815,26.821144580841064,39.258851289749146,2.0408631229429375e-08,2.231597839852384e-08
764.8936584348978,19.985000000000003,1000.0,0.0,192,3840000,44,0.01537393219769001,0.00015600000000000065,33.82713996527247,0.6229234922450074,-0.012665145557724213,11.17946982383728,25.275331020355225,36.454803228378296,-6.675720420901143e-09,-7.96318033735588e-09
793.611594058682,22.032499999999995,1000.0,0.0,193,3860000,44,0.0139369061216712,0.00015525000000000066,33.98306176248162,0.6410623352087271,-0.011480079578353366,11.426233768463135,30.15297532081604,41.579211711883545,-2.2125243859250077e-08,-9.536742923144104e-11
826.4198457942108,25.307499999999997,1000.0,0.0,194,3880000,22,0.020676709711551666,0.00015450000000000064,34.38082415928638,0.7102969056820567,-0.00879950730002274,14.130594730377197,13.124260425567627,27.25485849380493,-3.614425736486737e-08,-1.277923544762416e-08
858.0230608608078,28.834999999999997,1000.0,0.0,195,3900000,44,0.01489032618701458,0.00015375000000000065,33.648781080103305,0.7103838185909428,-0.010712515707990483,11.394428014755249,26.914063453674316,38.30849313735962,2.956390332542469e-08,-7.152557435219364e-10
875.7071868686987,31.852500000000003,1000.0,0.0,196,3920000,23,0.020086314529180527,0.00015300000000000066,33.40263656003172,0.8014358025562914,-0.007928483504786612,12.65399956703186,14.040700435638428,26.69470238685608,-8.296966669263384e-09,-3.8146971692576415e-10
921.2281363345088,39.2175,1000.0,0.0,197,3940000,28,0.021135665476322174,0.00015225000000000066,38.234671002055165,0.8832114460401466,-0.00932705670434756,11.111125230789185,18.003923654556274,29.11505103111267,-2.8991699707603402e-08,-3.814697446813398e-09
925.4069706495796,38.53750000000001,1000.0,0.0,198,3960000,28,0.021168280392885208,0.00015150000000000067,41.22003212199289,0.9882378276390366,-0.009493657046388817,11.655555248260498,15.83498740196228,27.49054479598999,-6.866454960174906e-09,4.386901952813105e-09
930.8240453558465,36.215,1000.0,0.0,199,3980000,15,0.023126689717173576,0.00015075000000000068,35.22762216495562,0.7963454552592104,-0.006625302897113914,11.83988618850708,8.202335596084595,20.04222321510315,-2.07901003079769e-08,-6.675720420901143e-09
956.603044619869,39.645,1000.0,0.0,200,4000000,22,0.02201054058969021,0.0001500000000000007,35.89723598339752,1.0631541008573406,-0.008784424927328381,11.38860821723938,13.317709922790527,24.706319570541382,1.4305114870438729e-09,-2.326965287124949e-08
395.1584455967317,21.654999999999998,1000.0,0.0,201,4020000,44,0.013460498303174973,0.0001492500000000007,31.544469193155663,0.17397047003668972,-0.011720474962228417,11.941256284713745,28.368536472320557,40.30979537963867,1.239776614703203e-09,5.7220459481754915e-09
-125.24832748394218,0.6375,1000.0,0.0,202,4040000,44,0.01467427983880043,0.00014850000000000068,21.336554872838757,0.09013400099189872,-0.013883216552593359,11.459759712219238,25.380756378173828,36.840519428253174,2.006530763765113e-07,-6.222725001947538e-09
-107.57251086943688,0.6474999999999999,1000.0,0.0,203,4060000,44,0.013896163552999496,0.00014775000000000066,21.26369608230503,0.06121077845076697,-0.015216682584376489,11.476845979690552,26.90032124519348,38.3771698474884,1.1763572871359429e-07,-2.7370452571062742e-08
-94.79542845011365,1.2374999999999998,1000.0,0.0,204,4080000,44,0.01478684414178133,0.00014700000000000065,27.49097010263502,0.06306785896369037,-0.014660346953405155,13.640488624572754,27.180171012878418,40.82066202163696,-4.796981656340904e-08,-1.1444091896350983e-08
-74.25174073844502,1.7574999999999998,1000.0,0.0,205,4100000,44,0.014644610695540905,0.00014625000000000065,26.485649671598463,0.058512133513486185,-0.015618464603317608,12.154242277145386,26.090558767318726,38.24480438232422,5.4693220619128624e-08,-1.0967254659988157e-08
-85.36036595031965,1.0975,1000.0,0.0,206,4120000,44,0.014664486981928349,0.00014550000000000066,26.07550098926206,0.047689618029973554,-0.01770948537360658,11.709794521331787,25.22253704071045,36.93233323097229,4.3678284100678866e-08,-7.1525572131747595e-09
-60.763556357273295,1.6724999999999999,1000.0,0.0,207,4140000,44,0.014781131409108639,0.00014475000000000067,23.58156588601572,0.04337946986790288,-0.01843991026188401,13.017150640487671,28.370654106140137,41.387808322906494,-1.0185241450244575e-07,7.59363150137915e-09
-116.95810189559991,1.7899999999999998,1000.0,0.0,208,4160000,44,0.014365782029926777,0.00014400000000000065,21.854154702023067,0.04951133454803665,-0.018848123528830647,12.645024538040161,26.1849262714386,38.82995390892029,-4.863739189175931e-09,1.6927719226345062e-09
-72.4597690076364,2.9025000000000003,1000.0,0.0,209,4180000,44,0.01551845669746399,0.00014325000000000064,23.391143901575834,0.06879452583985564,-0.017245675171299445,11.071686744689941,26.054916620254517,37.12660551071167,4.100799699813251e-09,7.629394338515283e-10
-93.40385485152517,2.565,1000.0,0.0,210,4200000,24,0.02079862914979458,0.00014250000000000064,13.703095486646966,0.04263605506705584,-0.013848629861407941,12.388925552368164,15.01901650428772,27.407944202423096,1.0013580187262505e-08,-4.982948276222032e-09
-117.48944187579086,1.845,1000.0,0.0,211,4220000,44,0.019249869510531425,0.00014175000000000063,17.729394987619923,0.0488217250493294,-0.018070451532694445,11.584701538085938,28.29600477218628,39.88070845603943,-3.423690841941607e-08,4.76837147544984e-09
-38.02345057537138,2.4875,1000.0,0.0,212,4240000,42,0.021108753979206085,0.0001410000000000006,22.26451117249409,0.06500409814714936,-0.017713307747467197,11.429337501525879,24.29655623435974,35.725895404815674,-5.149841442175784e-09,1.287460360543946e-09
-34.69474779779938,3.652499999999999,1000.0,0.0,213,4260000,44,0.013475686311721802,0.0001402500000000006,22.694961461428257,0.10673254866729585,-0.01687295200651237,11.138763427734375,25.90150737762451,37.04027247428894,-1.3828277189986693e-08,-5.9604643443123e-10
-15.95864271940619,4.645,1000.0,0.0,214,4280000,44,0.015497774817049503,0.00013950000000000057,27.76209183186464,0.16136453447754145,-0.018402094970378483,11.407269477844238,28.212684631347656,39.619956254959106,-9.346008411625917e-09,4.768371461572052e-11
-19.399146940573722,4.177499999999999,1000.0,0.0,215,4300000,20,0.02166062407195568,0.00013875000000000058,28.844799238518824,0.136339954678205,-0.014656610733275361,11.394216537475586,11.34203314781189,22.736251831054688,6.532669072356612e-09,-2.861023085110048e-10
18.733845378981965,4.515,1000.0,0.0,216,4320000,27,0.02165132388472557,0.0001380000000000006,32.89299724228327,0.13772717941913926,-0.014457353393645914,11.325218439102173,14.694543838500977,26.01976442337036,2.574920721087892e-09,-5.722046170220096e-10
27.35060146413334,5.155,1000.0,0.0,217,4340000,38,0.02028108574450016,0.00013725000000000057,28.02470787789804,0.1146718965859452,-0.01695481050206717,13.399462938308716,27.49156665802002,40.89103174209595,5.340575981449547e-09,-1.084804579498666e-09
-34.08489950195312,3.25,1000.0,0.0,218,4360000,14,0.020664051175117493,0.00013650000000000058,26.902208319624336,0.13236800351501804,-0.011264188100405333,14.781859397888184,7.945310354232788,22.727171659469604,4.148483334631692e-09,-9.536742923144104e-11
30.006256932591235,6.425,1000.0,0.0,219,4380000,37,0.02228512242436409,0.0001357500000000006,32.10374483391719,0.20758041805099267,-0.016167383963486555,12.454869270324707,21.40407681465149,33.858948707580566,-4.339218317994664e-09,-2.38418573772492e-09
107.08316725655502,7.3375,1000.0,0.0,220,4400000,41,0.021214628592133522,0.0001350000000000006,40.156959322581656,0.25244502908158867,-0.016429759748768855,11.540552139282227,26.141535758972168,37.682090282440186,-2.4318695945879654e-09,1.7642974858844696e-09
172.18992889897964,12.169999999999998,1000.0,0.0,221,4420000,44,0.017708631232380867,0.0001342500000000006,58.19232052105068,0.39694290468415677,-0.01675245051683619,11.325037479400635,27.61230182647705,38.93734097480774,-3.0994415922691587e-09,-7.414817648765393e-09
128.73819580839032,8.469999999999999,1000.0,0.0,222,4440000,44,0.01858430542051792,0.0001335000000000006,56.62676875198944,0.3181879887908217,-0.016029802558076074,11.527422904968262,27.669902801513672,39.19732737541199,4.76837147544984e-09,-1.4305114870438729e-09
226.86580661554999,11.387500000000001,1000.0,0.0,223,4460000,38,0.021253645420074463,0.00013275000000000057,71.91830148639717,0.3458987910556126,-0.015605098141796595,11.443415641784668,22.04254674911499,33.48596477508545,-1.7166137400437265e-09,-4.768371461572052e-11
221.00269003774983,12.725000000000001,1000.0,0.0,224,4480000,44,0.017848938703536987,0.00013200000000000058,65.95603101629382,0.4429329572667735,-0.016588298131365347,11.158294439315796,24.26500153541565,35.42329812049866,-4.673004205812958e-09,2.0980834847250662e-09
216.89738876843748,12.3925,1000.0,0.0,225,4500000,33,0.020251929759979248,0.00013125000000000056,64.77696430687709,0.48513435309743536,-0.015383763943799197,11.723451137542725,19.722595930099487,31.446049451828003,1.1920929132713809e-08,-7.20024129208241e-09
232.11392408798707,11.337500000000002,1000.0,0.0,226,4520000,18,0.020435623824596405,0.00013050000000000057,61.93158360842076,0.41678072912972186,-0.011657241170763518,11.519699335098267,10.046950101852417,21.566651821136475,-7.1525572131747595e-09,-3.671646098268866e-09
403.1227296353767,18.382499999999997,1000.0,0.0,227,4540000,44,0.015429695136845112,0.00012975000000000055,82.56076631392379,0.6792840291204744,-0.015370634831828402,12.18925142288208,28.848592042922974,41.03784680366516,1.435279806116796e-08,-2.7656554824062596e-09
325.34746565102597,16.847500000000004,1000.0,0.0,228,4560000,44,0.01729917898774147,0.00012900000000000053,92.94020594167765,0.6310347991859405,-0.014049945051861676,12.408318042755127,26.444525241851807,38.85284733772278,3.433227480087453e-09,2.861023085110048e-10
399.5217330552128,18.505000000000003,1000.0,0.0,229,4580000,44,0.018863720819354057,0.00012825000000000054,107.60663547011048,0.7786602500110213,-0.016079238550220396,12.448073863983154,26.172128200531006,38.62020444869995,6.294250454175199e-09,6.103515470812226e-09
456.01563896646894,22.915,1000.0,0.0,230,4600000,44,0.018512923270463943,0.00012750000000000055,112.30688778687401,0.8325771190766224,-0.014562780788059532,12.974172353744507,25.04664921760559,38.020825147628784,-7.438659466174613e-09,0.0
438.0334651262917,21.627499999999998,1000.0,0.0,231,4620000,28,0.020723212510347366,0.00012675000000000056,108.70325048319039,0.9545751365598891,-0.013185550117061877,11.845150470733643,15.859724283218384,27.704877614974976,-6.484985437538171e-09,1.239776614703203e-09
683.2950031609228,33.915,1000.0,0.0,232,4640000,44,0.017922811210155487,0.00012600000000000054,138.59427925741988,1.241156241536072,-0.015540861475342505,12.608012676239014,27.760148286819458,40.36816430091858,2.6702881683604573e-08,9.059905714536853e-09
643.7622110872569,32.0775,1000.0,0.0,233,4660000,39,0.020312052220106125,0.00012525000000000055,113.31443153066861,1.1194656457811236,-0.014872277234035584,11.733442544937134,24.02510690689087,35.758551597595215,3.433227480087453e-09,1.0871887390351276e-08
435.9170509746791,25.617499999999996,1000.0,0.0,234,4680000,44,0.017661837860941887,0.00012450000000000053,120.52017588555059,1.150214255739205,-0.014189520766731524,11.207664489746094,29.79236602783203,41.0000319480896,-1.3828277412031298e-09,7.20024129208241e-09
555.2677322046255,29.547500000000003,1000.0,0.0,235,4700000,40,0.022195786237716675,0.00012375000000000054,139.1936645278448,1.2440799277417267,-0.0146071532158744,12.472349643707275,26.1860511302948,38.65840458869934,3.6239624634504253e-09,-1.115798919926192e-08
574.5903992722227,31.504999999999995,1000.0,0.0,236,4720000,37,0.021015435457229614,0.00012300000000000052,133.92949083884855,1.492518526517566,-0.013852510475507373,12.677130937576294,22.550638914108276,35.22777199745178,-6.675719976811934e-10,-1.1634826435624745e-08
709.026605965629,38.645,1000.0,0.0,237,4740000,44,0.018967103213071823,0.00012225000000000053,165.7803150589639,1.825222888393424,-0.016253823262261026,11.427803754806519,31.05909562110901,42.48690152168274,9.727478378351861e-09,-2.956390465769232e-09
739.1240564133965,39.309999999999995,1000.0,0.0,238,4760000,44,0.018352005630731583,0.00012150000000000053,160.42190383849677,1.9785847537330983,-0.01356587408187395,12.563006162643433,31.3940589427948,43.95706844329834,-4.386901952813105e-09,-7.057189943537878e-09
773.0496111067708,46.614999999999995,1000.0,0.0,239,4780000,40,0.02004692144691944,0.00012075000000000052,158.16601657505277,1.5828499212672438,-0.01609241409872694,11.46155309677124,22.547356605529785,34.008912801742554,-4.768371808516747e-10,-2.38418573772492e-09
664.1982548463137,38.84250000000001,1000.0,0.0,240,4800000,44,0.017184287309646606,0.00012000000000000052,145.86257321431256,1.7400355524414566,-0.015558341399485715,11.149194955825806,24.213136911392212,35.36233592033386,1.6975402417074292e-08,-3.433227480087453e-09
478.02245706025167,26.067500000000003,1000.0,0.0,241,4820000,44,0.018416404724121094,0.00011925000000000051,118.84710025951969,1.1928997155969108,-0.01579135130580541,11.313300609588623,27.05010485649109,38.36340689659119,2.2888184680880386e-09,-1.1825561863076928e-08
778.282084426163,45.9925,1000.0,0.0,242,4840000,24,0.021467842161655426,0.00011850000000000051,185.73068602678646,2.4084216735408277,-0.011273239995033641,14.20132040977478,13.365071058273315,27.566393852233887,3.6239624634504253e-09,1.287460360543946e-08
887.1832619896866,49.4875,1000.0,0.0,243,4860000,33,0.02029714360833168,0.0001177500000000005,195.05382316598136,2.091128959800258,-0.012981302681295784,11.984697580337524,19.916064739227295,31.90076494216919,8.01086397217432e-09,-9.63211022053656e-09
760.0052124059305,43.88250000000001,1000.0,0.0,244,4880000,39,0.02245694398880005,0.0001170000000000005,165.162345163159,1.7323136322976551,-0.014776836538919197,11.371034383773804,25.699812173843384,37.07084918022156,-2.956390465769232e-09,-3.433227480087453e-09
748.6518840255405,46.7575,1000.0,0.0,245,4900000,42,0.02014395035803318,0.0001162500000000005,166.66363660939993,2.1822818177086964,-0.015744420634164414,11.21993088722229,25.555113077163696,36.77504563331604,-7.534026735811494e-09,-4.625320570994518e-09
668.4306129754118,42.99,1000.0,0.0,246,4920000,32,0.021563544869422913,0.00011550000000000049,137.4968074379088,2.0125861308431325,-0.013680033654871963,11.910431861877441,18.823264122009277,30.73369860649109,7.057189943537878e-09,1.277923544762416e-08
723.100757385186,49.66250000000001,1000.0,0.0,247,4940000,44,0.019355136901140213,0.0001147500000000005,196.65192244653736,2.6623344270488882,-0.014622732645886123,11.702846050262451,25.52931523323059,37.232163429260254,2.1934509764065524e-09,2.307891833197573e-08
999.6903129962417,65.2475,1000.0,0.0,248,4960000,34,0.020048052072525024,0.0001140000000000005,215.9380143592363,3.3372999567729895,-0.014132060086384433,12.34781002998352,22.00703740119934,34.35485100746155,-3.2424927187690855e-09,6.675720420901143e-09
854.7252264214128,60.13749999999999,1000.0,0.0,249,4980000,44,0.01993299089372158,0.00011325000000000049,160.41576050340237,2.4248891144099254,-0.014787288720977265,11.454050540924072,26.533719301223755,37.98777174949646,-7.915496702537439e-09,-1.754760781125242e-08
883.5270799929233,60.157500000000006,1000.0,0.0,250,5000000,20,0.02050364948809147,0.00011250000000000048,242.67599269528932,3.568463592589656,-0.011050762784596579,12.74672794342041,12.127836227416992,24.87456750869751,-2.8610229740877458e-09,-3.051757735406113e-09
1905.6094419023598,244.97750000000002,1000.0,0.0,251,5020000,4,0.023602532222867012,0.00011175000000000048,215.45008562788178,12.510314241240296,0.003114463397466778,11.505237579345703,2.3655505180358887,13.87079119682312,-3.7193297330873065e-09,-2.2811889266449725e-07
2634.8386399396504,400.29749999999996,1000.0,0.0,252,5040000,6,0.02128027006983757,0.00011100000000000048,197.1449718394863,9.527026181482565,-0.0005232501506828998,11.684064865112305,3.7076804637908936,15.391747236251831,2.0980834847250662e-08,-1.5735626845980732e-07
2656.698713445004,408.615,1000.0,0.0,253,5060000,2,0.020572055131196976,0.00011025000000000047,222.72584876531286,12.573400189604941,0.00288246552860718,11.465431451797485,1.1330456733703613,12.598480701446533,1.0681151962899094e-08,1.4877319642891962e-07
2701.9154230512163,429.89250000000004,1000.0,0.0,254,5080000,8,0.020187661051750183,0.00010950000000000047,205.83969867380358,10.18134492635727,-0.003813019832095155,11.479012966156006,4.852632284164429,16.331647396087646,2.2125243859250077e-08,2.0179749071758124e-07
2711.7055816487273,432.45250000000004,1000.0,0.0,255,5100000,3,0.021451590582728386,0.00010875000000000046,254.7650188172417,11.406932794595066,0.0010427233275764854,11.024867534637451,1.816986083984375,12.841856479644775,-5.340576336720915e-08,-3.013610694324598e-08
2754.3916650002143,450.7075,1000.0,0.0,256,5120000,13,0.02030518837273121,0.00010800000000000046,312.6633004668625,12.474270188703974,-0.0075057359653077985,11.47189712524414,7.438865423202515,18.910764455795288,7.438659821445981e-08,9.765624753299562e-08
2765.848209699558,455.9075000000001,1000.0,0.0,257,5140000,3,0.02056051604449749,0.00010725000000000045,231.14466437810583,13.86886912156761,0.0010195633176446966,11.675797462463379,1.7455110549926758,13.421310424804688,-1.754760781125242e-08,9.078979701371281e-08
2755.409248218345,453.16499999999996,1000.0,0.0,258,5160000,8,0.020227909088134766,0.00010650000000000045,289.6851000846187,16.527070931995972,-0.004994979336573389,11.687241315841675,6.0224339962005615,17.709678173065186,2.7847290695603988e-08,-4.2724607851596375e-08
2767.470910476567,457.28000000000003,1000.0,0.0,259,5180000,31,0.022376228123903275,0.00010575000000000044,278.4998464767375,16.414680095632107,-0.012109703312132838,12.776550054550171,19.237232446670532,32.013784885406494,-1.1444091896350983e-08,1.3732909920349812e-08
2793.0407602783853,468.15,1000.0,0.0,260,5200000,1,0.023109599947929382,0.00010500000000000044,340.31041809275183,20.391382000114344,0.0037206796858506867,11.501329898834229,0.591841459274292,12.09317398071289,-4.386901863995263e-08,-3.814697180359872e-08
2811.8082640645166,475.2374999999999,1000.0,0.0,261,5220000,11,0.020702315494418144,0.00010425000000000043,119.87030247906684,13.675937299212597,-0.007011838784061964,11.21009087562561,6.824150562286377,18.034244537353516,-8.01086397217432e-09,9.384154964209301e-08
2815.7371705409582,477.35999999999996,1000.0,0.0,262,5240000,26,0.021955663338303566,0.00010350000000000043,269.8522537049439,14.661831964884668,-0.011326988852136708,12.259816646575928,15.267528295516968,27.527347564697266,-4.959106458812812e-09,-1.5258788677030566e-09
2840.4158190177795,484.02,1000.0,0.0,263,5260000,7,0.020323118194937706,0.00010275000000000042,266.72558153645684,16.971402736512058,-0.004642365474226947,11.270665407180786,4.483035326004028,15.753703355789185,-1.7166136956348055e-08,-6.866454960174906e-09
2879.1237684180755,498.10749999999996,1000.0,0.0,264,5280000,25,0.023217104375362396,0.00010200000000000042,318.9141393540781,19.380259750462784,-0.009789914340370251,11.77217984199524,15.889639854431152,27.661822080612183,1.907348723406699e-09,-3.662109548940862e-08
2895.3185501965813,508.76000000000005,1000.0,0.0,265,5300000,1,0.020474227145314217,0.00010125000000000041,203.52471373352824,15.247811426090289,0.00571682358372815,11.279682397842407,0.5344572067260742,11.814141273498535,-6.103515914901436e-08,-3.433227391269611e-08
2929.7484489918975,524.0775,1000.0,0.0,266,5320000,2,0.02493630349636078,0.00010050000000000041,492.94705745841884,19.474968041045756,-0.0005506636851903381,11.442991018295288,1.082561731338501,12.52555537223816,-3.051757735406113e-09,2.8228759774151513e-08
2910.541755523283,515.2574999999999,1000.0,0.0,267,5340000,11,0.02123110555112362,9.97500000000004e-05,255.3298088135187,12.40891855742495,-0.006638451443204894,11.592225790023804,6.325333595275879,17.917561531066895,-2.6702879907247734e-09,-1.020431525944332e-07
2976.493185808592,544.1899999999999,1000.0,0.0,268,5360000,16,0.020027363672852516,9.90000000000004e-05,333.14380626738824,17.04500739446169,-0.008363959336943652,12.030702352523804,10.696494579315186,22.72719931602478,-5.149841442175784e-09,-8.69750991228102e-08
2955.5579293137375,537.2975,1000.0,0.0,269,5380000,23,0.02037782222032547,9.82500000000004e-05,300.986924387166,20.3841649762995,-0.009080749912183357,11.885427713394165,14.346194505691528,26.231624126434326,7.2479249269008506e-09,1.0681151962899094e-08
2974.013231143973,539.6625,1000.0,0.0,270,5400000,20,0.02197594754397869,9.750000000000039e-05,237.2556206063379,17.088850831080087,-0.009653041364633939,11.460379362106323,12.596765279769897,24.05714750289917,-7.629394338515283e-10,-2.1362303925798187e-08
2976.710368994479,541.4475,1000.0,0.0,271,5420000,26,0.020584357902407646,9.675000000000039e-05,225.02187259380634,16.494761492052238,-0.010183564126205892,11.520606279373169,17.573914527893066,29.094524145126343,2.8610229740877458e-09,5.493163968139925e-08
3014.6794758295514,556.5324999999999,1000.0,0.0,272,5440000,9,0.0209171362221241,9.600000000000038e-05,439.423436348616,20.33638434805783,-0.005392854358364321,12.079930305480957,4.923753261566162,17.003684997558594,1.5258788677030566e-09,-6.103515470812226e-09
3013.299160750602,558.06,1000.0,0.0,273,5460000,38,0.02022608555853367,9.525000000000038e-05,315.3165163844526,21.473740440460144,-0.010215860773588367,10.83971381187439,22.618950366973877,33.45866680145264,-8.77380390562621e-09,-2.7465819840699623e-08
3010.777495637539,554.0675,1000.0,0.0,274,5480000,1,0.027469849213957787,9.450000000000037e-05,138.73088730437846,14.953755336471751,0.005963544638332309,11.86939549446106,0.5864479541778564,12.455846309661865,-1.2588500908350397e-08,-7.781982702681489e-08
2975.8637516349563,543.2300000000001,1000.0,0.0,275,5500000,1,0.024017291143536568,9.375000000000037e-05,104.028655474699,16.914706483671935,0.003925914914476909,11.853744268417358,0.5454826354980469,12.399229764938354,3.2424927187690855e-09,9.155273872352154e-09
3014.7336064954425,556.155,1000.0,0.0,276,5520000,39,0.020031863823533058,9.300000000000036e-05,323.5397714641488,16.657731789499472,-0.01194013224566142,11.055415868759155,21.687392234802246,32.742809772491455,1.4495849853801701e-08,-1.2207030941624453e-08
3092.367328107342,589.5024999999999,1000.0,0.0,277,5540000,35,0.021178657189011574,9.225000000000036e-05,211.39348212409408,13.797007565213802,-0.012101193690701147,11.536681652069092,22.775295734405518,34.31198167800903,-7.629394893626795e-09,3.051757957450718e-08
3087.314581984676,587.37,1000.0,0.0,278,5560000,34,0.02074092999100685,9.150000000000035e-05,239.47132066142976,17.180404296315434,-0.011078036231701682,12.267203092575073,20.5858154296875,32.85302019119263,-4.577636936176077e-09,-2.8991699707603402e-08
3095.1699071305848,589.495,1000.0,0.0,279,5580000,44,0.016896797344088554,9.075000000000035e-05,208.18130926213414,20.48699638909383,-0.012436430004562795,11.052384853363037,27.764253854751587,38.816641330718994,-4.00543198608716e-09,-3.509521562250484e-08
3099.3113171825553,589.6249999999999,1000.0,0.0,280,5600000,35,0.02005445398390293,9.000000000000034e-05,250.0139929621388,18.844838613713627,-0.011505282391367942,13.046967029571533,23.863706350326538,36.91067600250244,-4.1961669694501325e-09,5.7983399415206804e-08
3114.4441087898035,597.5525,1000.0,0.0,281,5620000,32,0.020915664732456207,8.925000000000034e-05,202.8965510658071,21.180478038855746,-0.012507924327444096,11.728609800338745,19.260743141174316,30.98935604095459,3.814697446813398e-09,-1.3732909920349812e-08
3099.8839443540287,593.2425000000001,1000.0,0.0,282,5640000,35,0.020186742767691612,8.850000000000034e-05,470.45291873317944,21.169223652610295,-0.01241196431076427,11.00348162651062,20.521446228027344,31.524929523468018,-3.433227480087453e-09,4.730224745230771e-08
3107.616649510451,592.2275,1000.0,0.0,283,5660000,20,0.020394541323184967,8.775000000000033e-05,324.481515326681,17.89283953044988,-0.009240540551004012,11.616791486740112,15.248952388763428,26.865745544433594,0.0,-3.814697446813398e-09
3165.1750567166087,615.69,1000.0,0.0,284,5680000,28,0.020101774483919144,8.700000000000033e-05,267.07081040249597,15.804901296363816,-0.011048218559620694,12.469722747802734,17.58773636817932,30.05746102333069,3.051757735406113e-09,-4.577636936176077e-09
3132.3246025940643,602.4075,1000.0,0.0,285,5700000,44,0.017109597101807594,8.625000000000032e-05,396.46834884331884,19.580915215374823,-0.012318411419782075,12.272142171859741,28.90239667892456,41.17454147338867,4.577636936176077e-09,-2.7465819840699623e-08
3136.2024972186787,604.2475000000001,1000.0,0.0,286,5720000,16,0.020135682076215744,8.550000000000032e-05,204.16594950156875,13.716226244274575,-0.00686952597358488,11.503483772277832,11.77381682395935,23.277305126190186,-1.907348723406699e-09,9.918212917625624e-09
3177.3090048424647,619.2675000000002,1000.0,0.0,287,5740000,41,0.020451396703720093,8.475000000000031e-05,396.39378929903717,18.845681355079776,-0.011534866638750174,12.838833093643188,26.54234266281128,39.381179332733154,1.1444092340440193e-09,3.051757957450718e-08
3164.668195491111,616.9475,1000.0,0.0,288,5760000,1,0.023075899109244347,8.400000000000031e-05,219.6572778436202,20.007897352870508,0.005966770733836331,11.536684036254883,0.5279796123504639,12.0646653175354,1.907348723406699e-09,2.4414061883248905e-08
3198.1386161909754,629.425,1000.0,0.0,289,5780000,22,0.021318495273590088,8.32500000000003e-05,305.13387836109507,17.359629941617662,-0.010008012191689883,11.044316053390503,13.161955833435059,24.206274032592773,-7.629394338515283e-10,-8.16345249177175e-08
3220.7988318508546,632.9825,1000.0,0.0,290,5800000,21,0.021521739661693573,8.25000000000003e-05,246.56929368610625,20.68669494740427,-0.008926471817543514,11.359227418899536,13.820022106170654,25.179252862930298,1.0299682884351569e-08,2.7465819840699623e-08
3249.2848024823284,644.4125,1000.0,0.0,291,5820000,30,0.020865729078650475,8.175000000000029e-05,243.93755602615292,18.339601132638343,-0.012314277044045523,13.247002840042114,18.959728002548218,32.20673394203186,2.6702879907247734e-09,1.9836425835251248e-08
3250.258423830915,643.6675,1000.0,0.0,292,5840000,44,0.01741800270974636,8.100000000000029e-05,264.44170872169207,18.714222208677146,-0.01087800930885805,10.996610164642334,26.017000436782837,37.01361393928528,-6.866454960174906e-09,3.204345588869728e-08
3243.789332384056,641.03,1000.0,0.0,293,5860000,43,0.020524118095636368,8.025000000000028e-05,267.4218546699207,16.66159072580638,-0.012342579129078251,12.506739377975464,26.803183555603027,39.309926986694336,8.77380390562621e-09,-1.0681151962899094e-08
3244.4685093290964,643.2874999999999,1000.0,0.0,294,5880000,18,0.0206422358751297,7.950000000000028e-05,387.5831257622956,18.663579316078863,-0.009120647712075576,11.119675874710083,10.096020460128784,21.2156982421875,9.727478378351861e-09,7.629394893626795e-09
3241.020433144182,640.98,1000.0,0.0,295,5900000,44,0.01735858991742134,7.875000000000027e-05,175.01753800922214,16.903701650808266,-0.013158126492022458,13.67424726486206,28.946642875671387,42.62089204788208,5.340575981449547e-09,2.4414061883248905e-08
3285.5496218519356,654.3549999999999,1000.0,0.0,296,5920000,44,0.016810819506645203,7.800000000000027e-05,252.41024426459168,16.099246969843076,-0.012704717674693446,14.037088871002197,27.45734453201294,41.49443578720093,6.866454960174906e-09,-2.6702879907247734e-09
3303.335275282299,664.55,1000.0,0.0,297,5940000,44,0.016296399757266045,7.725000000000026e-05,210.33706731214622,13.10589660832742,-0.013685359422428805,11.28515100479126,26.752763271331787,38.03791689872742,6.484985437538171e-09,-3.280639759850601e-08
3303.4317806142762,660.9949999999999,1000.0,0.0,298,5960000,44,0.01657680980861187,7.650000000000026e-05,181.3288556967012,14.762046294327572,-0.012811975037934681,11.743470191955566,25.975062608718872,37.71853470802307,1.201629640235069e-08,-1.2207030941624453e-08
3322.4987436845136,668.0174999999999,1000.0,0.0,299,5980000,44,0.01610487885773182,7.575000000000026e-05,438.8781941932968,17.71892580544304,-0.011867402716093966,11.518110752105713,25.087088108062744,36.605201959609985,0.0,-3.051757735406113e-09
3346.6518452066384,679.0125,1000.0,0.0,300,6000000,9,0.02102874033153057,7.500000000000025e-05,199.31034215291342,14.261580575199906,-0.004923258018686466,13.705307960510254,5.938376188278198,19.643688440322876,7.629394338515283e-10,6.561279519701202e-08
2002.5072051241743,330.30249999999995,1000.0,0.0,301,6020000,12,0.02246638759970665,7.425000000000025e-05,425.80654286734665,14.584262703289966,-0.0025136741805371716,11.660630702972412,6.573039293289185,18.23367166519165,3.051757957450718e-08,1.9531249506599124e-07
791.0106709338636,16.195,1000.0,0.0,302,6040000,14,0.02057771384716034,7.350000000000024e-05,313.36513361318634,4.978673612338509,-0.00349993802666846,11.191056251525879,7.701811075210571,18.89286994934082,-6.465911894792953e-08,-1.3332366677332175e-07
793.7924607589454,16.845000000000002,1000.0,0.0,303,6060000,11,0.020332593470811844,7.275000000000024e-05,402.7569624524396,3.74980174308542,-0.0038487767839270577,11.71886396408081,6.031410217285156,17.750277042388916,1.1444091896350983e-08,-1.525878978725359e-08
781.1811098983069,16.235,1000.0,0.0,304,6080000,3,0.023612938821315765,7.200000000000023e-05,184.25689124256246,3.6631490917648444,0.0017822642755627883,11.88224720954895,1.7455449104309082,13.62779426574707,-1.2073516586497135e-07,1.1081695561188099e-07
772.8593087508879,17.1175,1000.0,0.0,305,6100000,20,0.020029738545417786,7.125000000000023e-05,239.35384095348888,1.6682526085950151,-0.005210363478444021,11.577698469161987,11.050132036209106,22.62783193588257,3.3950804834148585e-08,-7.934570334100499e-08
832.1354971611848,22.13,1000.0,0.0,306,6120000,1,0.02080605737864971,7.050000000000022e-05,126.47970955281318,3.6591856721081313,0.0016953645957798898,11.737820148468018,0.5513813495635986,12.289203643798828,6.928443951892405e-08,9.231567332790291e-08
866.1524780937183,26.2825,1000.0,0.0,307,6140000,30,0.029619093984365463,6.975000000000022e-05,179.08534236779192,2.4233919702753237,-0.006314872744844888,11.419582605361938,17.835245609283447,29.254830598831177,-4.653930574249898e-08,3.356933575560106e-08
852.0520336555676,24.610000000000007,1000.0,0.0,308,6160000,3,0.020131932571530342,6.900000000000021e-05,145.6038896504334,2.520866410390234,0.0009032324534145337,12.167754173278809,1.8477919101715088,14.015548706054688,-9.040832793516529e-08,-1.2817382355478912e-07
834.7658228756916,22.65,1000.0,0.0,309,6180000,44,0.014115403406322002,6.825000000000021e-05,85.35633043425267,3.617001864043149,-0.011003351000379299,13.743074178695679,28.550622940063477,42.293700218200684,-8.583068478174027e-09,5.502700872739297e-08
846.9145146794641,24.4275,1000.0,0.0,310,6200000,39,0.0221386831253767,6.75000000000002e-05,105.48950068960713,2.043698731760281,-0.009019516077466492,11.928282260894775,22.512649059295654,34.44093561172485,7.057189943537878e-09,1.2359619461221882e-07
868.189561516424,25.387499999999996,1000.0,0.0,311,6220000,44,0.016447780653834343,6.67500000000002e-05,98.13146291037012,2.707477561812269,-0.009992286459364905,11.9728102684021,28.167253494262695,40.14006686210632,-1.3828277412031298e-09,4.005432074905002e-08
906.8201113841972,29.577500000000004,1000.0,0.0,312,6240000,44,0.0187239907681942,6.60000000000002e-05,175.18934247244076,2.033270846850853,-0.008638562884096536,11.251319169998169,27.08945393562317,38.34077501296997,-1.7166137400437265e-09,-5.092620725122288e-08
916.4353536250386,31.159999999999997,1000.0,0.0,313,6260000,5,0.021830959245562553,6.525000000000019e-05,205.68375274078755,1.6425278221504598,-0.001045146717725298,11.673377752304077,3.175391912460327,14.848772048950195,-4.1961669694501325e-09,1.525878978725359e-08
926.5792403239675,31.165,1000.0,0.0,314,6280000,28,0.020464463159441948,6.450000000000019e-05,252.95479199856143,2.112748539307665,-0.007212677069362438,12.44169306755066,17.516486406326294,29.958180904388428,-1.7166137400437265e-09,-1.8739699569891854e-08
942.9682573507318,33.364999999999995,1000.0,0.0,315,6300000,30,0.02028791606426239,6.375000000000018e-05,136.98899633029342,2.898367919826306,-0.009061695627164771,11.987518072128296,18.21056842803955,30.198090314865112,3.3378602104505717e-09,-3.0899048653054706e-08
940.7901650207765,33.085,1000.0,0.0,316,6320000,40,0.022804852575063705,6.300000000000018e-05,206.03605930050716,2.343036709178852,-0.007859524781520985,11.771729707717896,29.36654543876648,41.13827705383301,-5.340575981449547e-09,3.1661986810149756e-08
956.9245120913483,33.33500000000001,1000.0,0.0,317,6340000,17,0.02011856622993946,6.225000000000017e-05,167.05677356279705,2.2202066717002253,-0.0053961632049650135,12.1182701587677,11.036019325256348,23.15429139137268,5.7220459481754915e-09,2.2888183792701966e-08
970.5800045208744,35.285000000000004,1000.0,0.0,318,6360000,21,0.020353948697447777,6.150000000000017e-05,161.33201269962618,2.2256367068609753,-0.006698557348459321,11.193131923675537,12.44793701171875,23.64107036590576,-1.3351439953623867e-09,-2.2888184680880386e-09
984.9329536526886,37.11,1000.0,0.0,319,6380000,26,0.020565766841173172,6.075000000000016e-05,167.36355415500245,1.7994847342357432,-0.007711108723050482,12.393712997436523,15.851497650146484,28.24521255493164,-1.3828277412031298e-09,-7.629394338515283e-10
1002.5406360441044,42.36500000000001,1000.0,0.0,320,6400000,44,0.01436134148389101,6.000000000000016e-05,113.90091323468435,1.82869401647869,-0.009225455676512236,12.126341819763184,26.069843292236328,38.19618892669678,4.1961669694501325e-09,1.907348723406699e-09
1001.1937342346007,41.55,1000.0,0.0,321,6420000,44,0.015835631638765335,5.925000000000016e-05,105.98766401530135,1.7608251350109816,-0.010398528064643723,12.486278295516968,25.779046058654785,38.265326261520386,7.629394893626795e-09,-2.38418573772492e-09
999.8003419254776,39.4675,1000.0,0.0,322,6440000,44,0.016014285385608673,5.850000000000016e-05,187.99540435431055,2.114602884142665,-0.007957520088774631,12.033735036849976,24.408991813659668,36.44272994995117,1.8119812317252126e-09,-1.2969970875076342e-08
1034.8795534816793,45.6275,1000.0,0.0,323,6460000,38,0.020641576498746872,5.7750000000000164e-05,184.25238706841617,2.223618975962741,-0.008888707362592523,11.291987419128418,22.905040979385376,34.197030782699585,4.863739189175931e-09,5.912780931538464e-09
1037.851681512215,46.84500000000001,1000.0,0.0,324,6480000,44,0.012049046345055103,5.700000000000016e-05,117.34315395245481,1.792500302589941,-0.008723516478606471,12.15501618385315,29.36474084854126,41.51976013183594,-2.6702879907247734e-09,-5.340575981449547e-09
1023.9415984600222,47.3875,1000.0,0.0,325,6500000,44,0.014313358813524246,5.6250000000000154e-05,159.28194261996464,2.879031157140353,-0.009207252489561772,12.001640319824219,27.49044942855835,39.49209451675415,-4.00543198608716e-09,-8.392333938900265e-09
1039.0067624212572,48.11750000000001,1000.0,0.0,326,6520000,44,0.014326317235827446,5.5500000000000156e-05,221.70311738487217,1.9302202365409382,-0.00942297147035543,11.467199802398682,28.12276530265808,39.589966773986816,2.6702879907247734e-09,1.2207030941624453e-08
1064.5657848537328,51.03000000000001,1000.0,0.0,327,6540000,18,0.023309405893087387,5.475000000000016e-05,159.7224643240498,2.0643181745513077,-0.005374903997777058,11.270667552947998,11.404348373413086,22.675018072128296,-2.8610229740877458e-09,1.1444092340440193e-09
1075.3279964818717,52.4175,1000.0,0.0,328,6560000,44,0.011743059381842613,5.4000000000000154e-05,180.13281500435534,2.4050212715965693,-0.0075882181088472,11.181967973709106,27.745856761932373,38.92782664299011,1.5258788677030566e-09,2.6702879907247734e-09
1091.9732575856785,55.915,1000.0,0.0,329,6580000,44,0.01343939546495676,5.3250000000000156e-05,126.18590390064911,1.9682290513235625,-0.010600339511487904,11.303323745727539,27.470309495925903,38.77363562583923,3.433227480087453e-09,3.8146971692576415e-10
1080.7916054203156,52.557500000000005,1000.0,0.0,330,6600000,44,0.014996771700680256,5.250000000000016e-05,150.42014639835776,2.0402267860598067,-0.01018805122978892,11.377188444137573,28.67949652671814,40.056686878204346,1.3351439953623867e-09,1.0776520120714395e-08
1108.413630960478,58.68499999999999,1000.0,0.0,331,6620000,28,0.020410818979144096,5.175000000000016e-05,206.92181854092837,2.246683738088306,-0.0073915977874319415,11.586267232894897,16.669434547424316,28.255704641342163,-1.907348723406699e-09,5.7220459481754915e-09
1125.2193252480502,60.839999999999996,1000.0,0.0,332,6640000,3,0.02069629356265068,5.100000000000016e-05,147.9347629144725,2.5979986869836154,0.0003924142433731239,11.174188375473022,1.6774353981018066,12.851625204086304,-1.7166137400437265e-09,-8.01086397217432e-09
1127.8546118144936,62.44250000000001,1000.0,0.0,333,6660000,44,0.01560219842940569,5.0250000000000164e-05,223.01042168159617,2.1288556243422665,-0.009997822612232525,11.167405843734741,27.617127180099487,38.78453516960144,3.8146971692576415e-10,9.918212917625624e-09
1127.6567887532651,59.25750000000001,1000.0,0.0,334,6680000,44,0.01279180496931076,4.950000000000016e-05,228.95966618683863,2.007604188676945,-0.009632142916092943,11.24478268623352,26.218778371810913,37.463563203811646,-5.722046170220096e-10,3.8146971692576415e-10
1124.7604334153925,59.56999999999999,1000.0,0.0,335,6700000,44,0.013168733566999435,4.8750000000000155e-05,208.38076587047073,2.138902094013672,-0.010670064071030437,11.785813570022583,25.023252487182617,36.80906844139099,-1.907348723406699e-09,1.754760781125242e-08
1124.9497670445294,61.75750000000001,1000.0,0.0,336,6720000,44,0.01740284636616707,4.800000000000016e-05,242.14360797857935,2.0658234326282496,-0.009679212913010108,11.794234037399292,29.23402428627014,41.02826118469238,-1.9073485846288207e-10,4.1961669694501325e-09
1115.129303472257,59.45000000000001,1000.0,0.0,337,6740000,17,0.021076370030641556,4.725000000000015e-05,262.20207879726155,1.8663129219792267,-0.006626087092820136,11.335262775421143,10.905891180038452,22.241156578063965,-1.3351439953623867e-09,-6.961822673900997e-09
1129.7980739189832,60.542500000000004,1000.0,0.0,338,6760000,42,0.020488541573286057,4.6500000000000154e-05,226.69101070049945,2.1497409708928172,-0.010816842386981268,12.914484977722168,25.732721090316772,38.64720869064331,6.1988831845383174e-09,-3.2424927187690855e-09
1151.0754855373666,63.4525,1000.0,0.0,339,6780000,44,0.01361012551933527,4.575000000000015e-05,175.3840776688759,2.1266899441547853,-0.008774283535290757,13.398759603500366,25.578368186950684,38.97712993621826,-4.577636936176077e-09,1.3184547675848535e-08
1160.5358442020229,66.8875,1000.0,0.0,340,6800000,44,0.014173096045851707,4.5000000000000145e-05,183.99567039926526,2.0359600699915026,-0.009847637737007496,11.1959867477417,25.478968620300293,36.67495775222778,-6.198883073516015e-10,-1.5258788677030566e-09
1150.1411011665614,63.322500000000005,1000.0,0.0,341,6820000,44,0.012344945222139359,4.425000000000014e-05,203.85987592566548,2.126416278962299,-0.009205751270749707,11.438785791397095,29.3538556098938,40.792643547058105,2.8610229740877458e-09,-2.00271599304358e-09
1156.6515677459806,65.09500000000001,1000.0,0.0,342,6840000,44,0.0159866064786911,4.350000000000014e-05,214.63940492351256,2.0337273659585398,-0.009623421374703055,11.264492273330688,24.080612421035767,35.34510684013367,7.629394338515283e-10,7.629394338515283e-10
1176.275541368264,67.86,1000.0,0.0,343,6860000,44,0.017241844907402992,4.275000000000014e-05,192.0273083087627,2.129694801051131,-0.009583622990623524,10.912566184997559,25.111774444580078,36.02434277534485,-1.1444092340440193e-09,1.0871887390351276e-08
1181.702766902992,69.5975,1000.0,0.0,344,6880000,44,0.013531298376619816,4.200000000000013e-05,199.83363007456578,1.9818459407986926,-0.009614358701723358,11.262317419052124,24.235981941223145,35.4983012676239,7.629394338515283e-10,1.4019012617438875e-08
1172.7852238932685,65.95750000000001,1000.0,0.0,345,6900000,44,0.014918329194188118,4.125000000000013e-05,186.95029988305342,1.9424554637887261,-0.008961417875942582,11.097164630889893,26.902234077453613,37.999401330947876,2.7656554824062596e-09,7.057189943537878e-09
1169.9313935205878,66.0775,1000.0,0.0,346,6920000,44,0.013652765192091465,4.0500000000000124e-05,172.99951970755575,1.9318009853637397,-0.008612895738834492,11.803128480911255,25.574458837509155,37.377588987350464,4.386901952813105e-09,-4.00543198608716e-09
1178.2527214648883,69.0925,1000.0,0.0,347,6940000,44,0.01403211709111929,3.9750000000000126e-05,163.0202047624577,2.3028772923971075,-0.008155020021030227,11.135868549346924,26.838143587112427,37.97401404380798,2.00271599304358e-09,-8.01086397217432e-09
1189.819861866182,73.47,1000.0,0.0,348,6960000,44,0.014038709923624992,3.900000000000012e-05,164.59977549650588,2.04851422639793,-0.01025720090937283,11.544477701187134,23.910463333129883,35.45494246482849,4.00543198608716e-09,9.155273872352154e-09
1195.1669651476382,67.405,1000.0,0.0,349,6980000,44,0.01363333873450756,3.8250000000000117e-05,160.71006591136216,2.0925521041567774,-0.008877142789364113,10.995715856552124,23.676681756973267,34.67239952087402,-2.479553229406406e-09,-6.484985437538171e-09
1219.9485479123812,73.93749999999999,1000.0,0.0,350,7000000,44,0.014957346953451633,3.750000000000011e-05,221.10681741119666,2.1279035952409475,-0.008626014142415366,11.094804763793945,23.490594625473022,34.585402965545654,2.6702879907247734e-09,-1.602172794434864e-08
2145.1296102454844,316.3975,1000.0,0.0,351,7020000,44,0.010841649025678635,3.675000000000011e-05,216.48980799368803,9.520635455469542,-0.01234979613375865,10.974395036697388,23.311028242111206,34.28542494773865,7.33375529193836e-08,3.583908210202935e-07
2988.478472433272,544.8550000000001,1000.0,0.0,352,7040000,44,0.010838181711733341,3.60000000000001e-05,124.36345988560052,11.525824083420432,-0.013451455901867214,10.879911422729492,23.609551906585693,34.48946499824524,-7.762908893482745e-08,-7.934570334100499e-08
3036.2636215162647,567.3824999999999,1000.0,0.0,353,7060000,44,0.011080877855420113,3.52500000000001e-05,101.08238155685443,12.638878457976979,-0.013601077177329524,10.909370422363281,23.655458211898804,34.56482982635498,1.9569397124996613e-07,3.376007029487482e-08
3025.9553200249425,557.7600000000001,1000.0,0.0,354,7080000,44,0.012188252992928028,3.450000000000009e-05,94.11403980902615,11.531006465024037,-0.014292055334302653,10.813907861709595,24.139670372009277,34.95357942581177,-1.0471344324969323e-07,5.035400363340159e-08
3078.1381447712647,580.8425,1000.0,0.0,355,7100000,44,0.012194608338177204,3.375000000000009e-05,122.98738405207908,12.913512862318541,-0.012661064100006737,10.983088493347168,24.44111394882202,35.42420506477356,1.2493133283442148e-07,-3.54766854115951e-07
3101.5351955537635,589.7875000000001,1000.0,0.0,356,7120000,44,0.01195681281387806,3.3000000000000084e-05,116.56687474772077,11.560648343917004,-0.013656718962864953,10.801293134689331,23.9531192779541,34.7544162273407,5.092620725122288e-08,2.3269653581792227e-07
3142.5249505921884,601.75,1000.0,0.0,357,7140000,44,0.013058659620583057,3.2250000000000086e-05,140.01786844255736,13.727516219997296,-0.013950563486830532,10.724961280822754,24.100258350372314,34.82522106170654,-6.90460240093671e-08,-3.280639759850601e-07
3161.874272175439,609.9375,1000.0,0.0,358,7160000,44,0.012717635370790958,3.150000000000008e-05,221.69296361881516,13.233400874911572,-0.01289929859336172,10.82132887840271,23.57659649848938,34.39792728424072,-7.2479249269008506e-09,-3.540039017480012e-07
3192.8487790589434,622.5775,1000.0,0.0,359,7180000,44,0.011238901875913143,3.0750000000000077e-05,117.74907744575562,13.60061916383144,-0.014832072806193882,10.800928592681885,23.836646795272827,34.637577056884766,-2.5367736355974557e-08,-6.294250454175199e-08
3160.7580949118133,608.9425,1000.0,0.0,360,7200000,44,0.012210746295750141,3.0000000000000075e-05,152.90682331245432,15.19367049176619,-0.012960863554133778,10.823402643203735,23.51452922821045,34.33793377876282,1.7166136956348055e-08,3.356933575560106e-08
3199.9406218594477,624.9075,1000.0,0.0,361,7220000,44,0.011754801496863365,2.9250000000000074e-05,121.24914605323958,15.426011302117237,-0.01374365666895136,10.648966789245605,25.718451976776123,36.3674201965332,3.3950804834148585e-08,1.708984314063855e-07
3204.736115329625,628.53,1000.0,0.0,362,7240000,44,0.011458133347332478,2.8500000000000073e-05,88.1186623172738,13.940567405369258,-0.013979881791485274,11.266120195388794,24.394649744033813,35.66077184677124,-3.5476684701052363e-08,6.484985703991697e-08
3227.7317995467993,637.48,1000.0,0.0,363,7260000,44,0.01067336369305849,2.775000000000007e-05,93.98879832255689,12.097368790447643,-0.01288764649645508,11.14777159690857,24.813833713531494,35.96160817146301,-7.553100545010238e-08,-1.678466787780053e-08
3202.0614581078685,625.23,1000.0,0.0,364,7280000,44,0.011361069045960903,2.700000000000007e-05,159.1730497961626,13.264519009683431,-0.012612586218051364,10.754632472991943,23.800960302352905,34.55559420585632,1.9073485846288207e-10,3.662109548940862e-08
3252.777418960085,643.7825,1000.0,0.0,365,7300000,44,0.011059524491429329,2.625000000000007e-05,94.58668532991574,12.478106105972351,-0.014174499829761659,11.10738754272461,25.746793746948242,36.854182720184326,1.5830993405074878e-08,4.7683716530855236e-08
3282.150089914344,655.5474999999999,1000.0,0.0,366,7320000,44,0.011174887418746948,2.5500000000000068e-05,130.3240970056268,13.866133824728163,-0.012864339068533062,10.730063438415527,23.58787703514099,34.31794261932373,2.07901003079769e-08,6.866454782539222e-08
3311.563992006338,661.4775,1000.0,0.0,367,7340000,44,0.011734314262866974,2.4750000000000066e-05,141.5497925278781,14.548751397017643,-0.01102363720889363,10.872463941574097,23.714709281921387,34.58717489242554,6.675720420901143e-09,7.476806729300733e-08
3330.919819310563,671.0224999999999,1000.0,0.0,368,7360000,44,0.011148192919790745,2.4000000000000065e-05,169.69268975625516,13.2875938186437,-0.011724281498465165,10.90544843673706,24.072656631469727,34.97810673713684,-2.002716037452501e-08,2.555847089524832e-08
3339.608796388054,674.4475,1000.0,0.0,369,7380000,44,0.01001758687198162,2.3250000000000064e-05,107.74410310576233,12.934886909875551,-0.013268407457400974,10.80289077758789,23.028939723968506,33.83183240890503,-1.277923544762416e-08,8.010864149810004e-08
3340.8932130854546,675.975,1000.0,0.0,370,7400000,44,0.010711876675486565,2.2500000000000062e-05,115.80516777982372,12.554456863222242,-0.013047859496281615,10.75069284439087,24.537774562835693,35.28846883773804,2.2888184680880386e-09,-1.678466787780053e-08
3347.5899406614312,678.185,1000.0,0.0,371,7420000,44,0.010430262424051762,2.175000000000006e-05,128.16848644041494,11.812946680225904,-0.013063478128821401,10.668051719665527,24.28327178955078,34.95132517814636,8.77380390562621e-09,3.051757957450718e-08
3348.998579691254,679.5875,1000.0,0.0,372,7440000,44,0.010783293284475803,2.100000000000006e-05,163.34123619132268,12.663452005084556,-0.011044853301168236,10.821099519729614,24.668131828308105,35.48923301696777,-1.1444092340440193e-09,1.2207030941624453e-08
3391.8373737295237,695.095,1000.0,0.0,373,7460000,44,0.01082147192209959,2.025000000000006e-05,122.37756635075472,13.877010046269731,-0.01343400181449041,10.8800528049469,24.22373127937317,35.10378623008728,-1.0299682884351569e-08,5.7220457705398076e-08
3378.1352095924167,689.72,1000.0,0.0,374,7480000,44,0.009825612418353558,1.9500000000000057e-05,112.17777264927555,12.415028199502046,-0.012312859779774931,10.930014848709106,25.34136152267456,36.27137780189514,1.5258788677030566e-09,3.8909913513407446e-08
3382.9600196047513,692.0424999999999,1000.0,0.0,375,7500000,44,0.01039718184620142,1.8750000000000056e-05,101.97597008058747,12.223585643208617,-0.012273234133895323,10.801576614379883,24.26543378829956,35.0670120716095,1.506805347162299e-08,2.4414061883248905e-08
3422.7681191240104,704.3425,1000.0,0.0,376,7520000,44,0.010761754587292671,1.8000000000000055e-05,145.081160224897,12.33854351603395,-0.011906496889591035,10.831660985946655,23.51810622215271,34.34976887702942,-8.01086397217432e-09,-1.754760781125242e-08
3436.806842453403,704.9825,1000.0,0.0,377,7540000,44,0.009848183020949364,1.7250000000000053e-05,89.47344056536605,10.052549054762574,-0.013207829612485691,10.802808046340942,25.27696418762207,36.079774141311646,2.38418573772492e-09,3.5476684701052363e-08
3409.78878595302,697.9175,1000.0,0.0,378,7560000,44,0.010035913437604904,1.6500000000000052e-05,121.884926347107,10.908915902583317,-0.011554817148741233,11.070385694503784,25.471537590026855,36.54192566871643,-9.346008411625917e-09,2.5939941750152684e-08
3441.0818397061425,711.16,1000.0,0.0,379,7580000,44,0.009530437178909779,1.575000000000005e-05,170.5053527621323,12.020689983979741,-0.01083468441719214,10.913282871246338,25.48797845840454,36.40126419067383,-2.2888184680880386e-09,-2.3651123726153855e-08
3434.9957523015482,707.5825,1000.0,0.0,380,7600000,44,0.009539340622723103,1.5000000000000048e-05,176.62988915240393,12.483287848180677,-0.011422141331196543,10.787172555923462,23.589543104171753,34.37671756744385,-3.8146971692576415e-10,1.3732909920349812e-08
3425.1374452851246,704.935,1000.0,0.0,381,7620000,44,0.009377064183354378,1.4250000000000045e-05,173.08124133989094,12.156833456355491,-0.011344916786785774,11.232520818710327,23.141846895217896,34.3743691444397,3.814697446813398e-09,1.3732909920349812e-08
3424.095876538857,704.6199999999999,1000.0,0.0,382,7640000,44,0.009619339369237423,1.3500000000000044e-05,207.43226399986872,15.660092184266507,-0.011330462430611305,10.69972538948059,23.35268545150757,34.05241298675537,5.340575981449547e-09,3.9672851670502496e-08
3419.2486032825145,703.855,1000.0,0.0,383,7660000,44,0.00949414074420929,1.275000000000004e-05,151.0526452399233,13.141830210032754,-0.011801517714416208,10.755017042160034,24.273905992507935,35.02892446517944,-4.959106458812812e-09,-3.814697446813398e-09
3459.3334242111982,712.3750000000001,1000.0,0.0,384,7680000,44,0.009652901440858841,1.2000000000000038e-05,146.92164774786067,13.486290029126838,-0.011814183142898664,10.876360177993774,24.360015630722046,35.23637795448303,5.7220459481754915e-09,-2.1362303925798187e-08
3475.9303780411356,718.605,1000.0,0.0,385,7700000,44,0.008516485802829266,1.1250000000000035e-05,191.29550836056094,12.118680461092291,-0.010005417558076815,10.664688348770142,23.162041187286377,33.82673144340515,-5.7220459481754915e-09,7.629394338515283e-10
3422.860571991473,702.105,1000.0,0.0,386,7720000,44,0.008667276240885258,1.0500000000000032e-05,155.76123935251707,14.257263151356485,-0.011007233795048659,10.743713855743408,24.014988660812378,34.758704662323,-3.814697446813398e-09,9.155273872352154e-09
3467.3139528148654,716.4925000000001,1000.0,0.0,387,7740000,44,0.008712943643331528,9.75000000000003e-06,293.9540442608305,13.957376565977125,-0.009851609553328058,10.738957166671753,24.100545644760132,34.83950471878052,6.103515470812226e-09,1.525878978725359e-08
3486.003303320086,724.455,1000.0,0.0,388,7760000,44,0.008260916918516159,9.000000000000029e-06,122.0479014432883,11.908891367692805,-0.011668387419526477,11.012433528900146,23.976226568222046,34.988664865493774,1.602172794434864e-08,-6.866454960174906e-09
3488.8743300412657,724.3475000000001,1000.0,0.0,389,7780000,44,0.007721823174506426,8.250000000000026e-06,149.94106348913476,12.78454841980314,-0.010093231199603148,10.743182182312012,23.612870454788208,34.35605478286743,-5.7220459481754915e-09,-2.3651123726153855e-08
3488.973929954889,727.865,1000.0,0.0,390,7800000,44,0.008389285765588284,7.500000000000023e-06,259.0060634031395,13.016824232077845,-0.009199842985756148,10.783590316772461,23.85922908782959,34.642821311950684,3.8146971692576415e-10,-1.2207030941624453e-08
3494.9985807101875,728.5375,1000.0,0.0,391,7820000,44,0.007599163800477982,6.750000000000021e-06,145.22997627543634,12.930349652457155,-0.010759491870206297,10.628475427627563,23.620687246322632,34.24916434288025,3.8146971692576415e-10,5.226135257885289e-08
3540.5685051094742,742.6775,1000.0,0.0,392,7840000,44,0.006996058858931065,6.000000000000018e-06,167.87391107293624,11.134281258588556,-0.008799277367303416,10.699185371398926,23.240149974822998,33.9393367767334,-3.051757735406113e-09,2.8991699707603402e-08
3498.738062930246,729.2325,1000.0,0.0,393,7860000,44,0.006947212386876345,5.250000000000016e-06,206.22465877072034,11.839721663911817,-0.009130493138231695,10.645721435546875,23.505319356918335,34.151042222976685,8.01086397217432e-09,-7.629394338515283e-10
3527.679560075715,738.115,1000.0,0.0,394,7880000,44,0.006871136371046305,4.500000000000014e-06,248.31054864736367,11.433427219972511,-0.007728713407534602,10.597025632858276,23.44999384880066,34.04702162742615,6.103515470812226e-09,-1.3732909920349812e-08
3547.5637503095772,747.275,1000.0,0.0,395,7900000,44,0.006572505924850702,3.7500000000000115e-06,174.8982006990457,10.781857448699697,-0.007411256013592165,10.638170957565308,23.25280261039734,33.89097499847412,1.2588500908350397e-08,-1.678466787780053e-08
3535.5404406065436,742.07,1000.0,0.0,396,7920000,44,0.006557564716786146,3.0000000000000094e-06,134.1577734195459,10.457862123932745,-0.008282407115723174,10.661726713180542,23.391493558883667,34.053221702575684,-8.964538444899972e-09,8.392333938900265e-09
3516.176124953779,734.885,1000.0,0.0,397,7940000,44,0.00565937627106905,2.2500000000000073e-06,147.15744163855584,10.727605450139633,-0.007787788231276786,10.686869859695435,23.195578575134277,33.882450342178345,1.5258788677030566e-09,3.814697180359872e-08
3529.202001102961,741.1000000000001,1000.0,0.0,398,7960000,44,0.005625491496175528,1.500000000000005e-06,165.67731575367776,12.28730282465251,-0.007093277471624979,10.776419878005981,23.687387704849243,34.46380925178528,9.155273872352154e-09,1.525878978725359e-08
3546.5123938801758,742.33,1000.0,0.0,399,7980000,44,0.005730565637350082,7.500000000000025e-07,200.42011000893334,12.705191981120269,-0.005601560219241386,10.74581241607666,23.208478927612305,33.95429301261902,-4.1961669694501325e-09,2.3651123726153855e-08
3549.3533514612636,747.4725,1000.0,0.0,400,8000000,44,0.003911678213626146,0.0,188.2724847936246,12.965414456585883,-0.0031070362324922872,10.65056562423706,23.784627199172974,34.43519425392151,-3.051757735406113e-09,2.2888183792701966e-08
