Metrics/EpRet,Metrics/EpCost,Metrics/EpLen,Metrics/EpSuccess,Train/Epoch,Train/TotalSteps,Train/StopIter,Train/KL,Train/LR,Loss/Loss_reward_critic,Loss/Loss_cost_critic,Loss/Loss_actor,Loss/Loss_ewc,Time/Rollout,Time/Update,Time/Total,Value/RewardAdv,Value/CostAdv
-628.8516682347719,0.0,1000.0,0.0,1,20000,36,0.010199716314673424,0.00029925,22.17536099527506,0.0022650669758333274,-0.01119699163308474,0.0,11.237105131149292,58.30979132652283,69.54690051078796,-8.46862775460977e-08,2.0861626315316073e-10
-622.9014165074435,0.0,1000.0,0.0,2,40000,36,0.010535206645727158,0.0002985,25.339474073402585,0.00021061541224984783,-0.011404150367887538,0.0,11.971303939819336,51.24197173118591,63.213276863098145,3.2424927187690855e-09,-2.0861624927537292e-11
-576.6950727558042,0.0,1000.0,0.0,3,60000,36,0.01092559564858675,0.00029775,25.666391614315398,0.00014360195391686502,-0.012718959773852985,0.0,11.215368270874023,49.59133005142212,60.80669927597046,1.0614395051788961e-07,-8.367002091169695e-10
-522.1514353298703,0.0,1000.0,0.0,4,80000,36,0.01191754825413227,0.000297,34.904658266276726,6.264822053935132e-05,-0.012143284557930257,0.0,11.93468189239502,52.24456334114075,64.17924642562866,2.7656554379973386e-08,-4.0233136266998315e-10
-480.5433754275449,0.0,1000.0,0.0,5,100000,36,0.012348895892500877,0.00029625,27.27023722213932,1.5876618134221641e-06,-0.014315414252240683,0.0,11.996664762496948,53.6919584274292,65.68862581253052,-7.772445798082117e-09,-2.8088689707495007e-10
-467.28031526487604,0.0,1000.0,0.0,6,120000,36,0.0137086883187294,0.0002955,24.324763487491534,1.093447382642837e-06,-0.014986806048240174,0.0,11.199410200119019,51.09269833564758,62.292109966278076,7.343292196537732e-09,-2.0638107889325852e-10
-434.80761450381044,0.0,1000.0,0.0,7,140000,36,0.013685372658073902,0.00029475000000000004,23.060093244424642,7.676101616051319e-07,-0.015970788612174262,0.0,12.005569219589233,55.163482904434204,67.16905331611633,-3.52859501617786e-08,-1.0561197749670015e-10
-405.03471559663683,0.0,1000.0,0.0,8,160000,36,0.014273274689912796,0.00029400000000000004,20.611082490683025,5.293815743440758e-07,-0.01673469117417453,0.0,11.292698860168457,52.06501483917236,63.357715368270874,-9.536743617033494e-10,8.465722012296339e-10
-382.1634453560051,0.0,1000.0,0.0,9,180000,36,0.015416421927511692,0.00029325000000000005,20.185167766819198,3.6825006837389767e-07,-0.016624398742420422,0.0,11.616667747497559,53.93209886550903,65.54876780509949,-6.675719976811934e-10,-2.4354085415012605e-10
-349.1557086592411,0.0,1000.0,0.0,10,200000,36,0.015418324619531631,0.00029250000000000006,19.565378990501728,2.5703643681279934e-07,-0.016365271099988716,0.0,11.532357692718506,53.553142786026,65.08550143241882,-2.145767119543507e-09,-2.285465566798095e-10
-313.76398286144547,0.04500000000000001,1000.0,0.0,11,220000,36,0.015691448003053665,0.00029175000000000007,17.84818207747893,0.00043240679742299366,-0.01892154488188453,0.0,11.533169031143188,50.08521771430969,61.618388175964355,-6.103515470812226e-09,3.18884862959834e-10
-279.01823783482195,0.005,1000.0,0.0,12,240000,36,0.01788283884525299,0.0002910000000000001,14.751923896972702,1.0994133076145635e-07,-0.021507948180273795,0.0,11.167642831802368,53.80051231384277,64.96815633773804,1.8119812317252126e-09,3.11434267263877e-10
-231.22608497780317,0.0,1000.0,0.0,13,260000,36,0.017292000353336334,0.0002902500000000001,14.708970591960158,7.583954400480449e-08,-0.0217331690504819,0.0,11.579748153686523,53.09059762954712,64.67034792900085,-4.410743770222325e-08,-5.797482979796875e-11
-166.842177457785,0.05000000000000001,1000.0,0.0,14,280000,36,0.01868061162531376,0.0002895000000000001,18.727184096887513,0.00043358809515849366,-0.0204402198450095,0.0,12.400511741638184,51.51540279388428,63.9159152507782,1.530647253389361e-08,3.7327407831355686e-10
-85.38969237631922,0.0,1000.0,0.0,15,300000,36,0.018006768077611923,0.0002887500000000001,20.075955656897655,2.7374982930663004e-08,-0.02067829420309703,0.0,11.572828769683838,53.09900975227356,64.67184019088745,3.042221052851346e-08,7.664784779093381e-11
-8.061636809377132,0.0,1000.0,0.0,16,320000,36,0.018134627491235733,0.0002880000000000001,20.541395031986905,1.9352539886389245e-08,-0.020802659054027582,0.0,13.129131555557251,54.138147830963135,67.26728177070618,-2.1362303925798187e-08,-2.9080546998239143e-11
-10.59365035898722,0.0225,1000.0,0.0,17,340000,36,0.0216140728443861,0.0002872500000000001,20.613110189366772,0.0008646212700603917,-0.021471342115655056,0.0,11.405896663665771,50.53343319892883,61.93933153152466,-6.761550963574336e-08,4.470348397012103e-11
60.072310157624585,0.19250000000000003,1000.0,0.0,18,360000,36,0.01869887299835682,0.00028650000000000013,22.950161059443563,0.0023572717168889134,-0.020544770750825295,0.0,11.436127185821533,51.0407874584198,62.476916551589966,2.245903019115758e-08,1.326203313833929e-10
82.34799033708157,0.12250000000000001,1000.0,0.0,19,380000,34,0.020530380308628082,0.00028575000000000014,24.0107409044935,0.0012921297777767134,-0.02020949425882548,0.0,12.155145168304443,50.751877546310425,62.9070258140564,1.2683868177987279e-08,-4.693865851557177e-10
134.99185877833744,0.18,1000.0,0.0,20,400000,35,0.020019540563225746,0.00028500000000000015,27.082429082618898,0.0008635127561825189,-0.02015831984206779,0.0,12.535147428512573,50.200385093688965,62.735533714294434,1.115798919926192e-08,1.1920929521291868e-10
223.98942171864672,0.11500000000000002,1000.0,0.0,21,420000,34,0.022427799180150032,0.00028425000000000016,30.696892561264626,0.0017212440910204007,-0.01968492384075144,0.0,11.525590181350708,50.90154838562012,62.42714023590088,-3.4904481083231076e-08,-5.900859800789249e-10
318.2392159630661,0.47000000000000003,1000.0,0.0,22,440000,31,0.02046279050409794,0.00028350000000000017,30.669488136785297,0.006389065328899169,-0.019378625109603052,0.0,12.15347170829773,41.91948652267456,54.0729603767395,1.4114379887075756e-08,-1.1563301427486294e-09
329.448029136901,0.4675000000000001,1000.0,0.0,23,460000,25,0.02031891793012619,0.0002827500000000002,28.617043291037074,0.004896180338499793,-0.018961646074292283,0.0,11.914827108383179,36.14715552330017,48.061984062194824,7.68661507777324e-08,7.748603980672897e-10
364.9735246219736,0.7075000000000001,1000.0,0.0,24,480000,31,0.02114117704331875,0.0002820000000000002,35.82735100439206,0.01492642735635129,-0.01925693303272727,0.0,12.901477336883545,44.96790146827698,57.86938214302063,4.558563304613017e-08,-1.281499906191641e-09
549.6814533375348,1.6275,1000.0,0.0,25,500000,28,0.021422002464532852,0.0002812500000000002,43.389982148535665,0.03913798701285172,-0.01839212124327955,0.0,12.052396535873413,39.10439682006836,51.15679454803467,4.5299529460862686e-08,1.9848347410089673e-09
564.4185666596893,1.9324999999999999,1000.0,0.0,26,520000,23,0.020627515390515327,0.0002805000000000002,42.99903123672513,0.03992316108579257,-0.018895565586223843,0.0,12.126325607299805,31.872864246368408,43.99919128417969,3.376007029487482e-08,-3.0398369932349567e-10
622.889148847008,2.755,1000.0,0.0,27,540000,26,0.020004117861390114,0.0002797500000000002,47.3764637785129,0.058423465623957026,-0.01733114491080081,0.0,11.423303842544556,35.62060070037842,47.04390573501587,3.786087177104491e-08,-2.00271599304358e-09
594.1895632159946,3.6975000000000002,1000.0,0.0,28,560000,25,0.020440468564629555,0.0002790000000000002,49.734464237103445,0.07310229333236623,-0.01707909762674865,0.0,11.328230857849121,32.51887345314026,43.847105503082275,2.2125243859250077e-08,-5.125999624766564e-09
762.8642286988869,5.6825,1000.0,0.0,29,580000,24,0.020352603867650032,0.00027825000000000023,57.73763191966584,0.10331354250226872,-0.017245662606826362,0.0,12.068058013916016,36.71565890312195,48.78371787071228,-3.986358620977626e-08,2.1100043934296764e-09
668.0650159066118,4.4025,1000.0,0.0,30,600000,17,0.020146073773503304,0.00027750000000000024,53.197078326841286,0.09173819128333965,-0.014232957392340791,0.0,12.41308331489563,23.879753589630127,36.29283952713013,5.435943695175638e-09,1.931190540815919e-09
778.1551116741828,7.160000000000001,1000.0,0.0,31,620000,22,0.020653942599892616,0.00027675000000000025,69.66610044329242,0.16661934114883337,-0.01670291623720889,0.0,12.415632486343384,30.423238039016724,42.83887219429016,5.0735472711949114e-08,-5.674362313357051e-09
887.2211443379865,8.682500000000001,1000.0,0.0,32,640000,16,0.02041998878121376,0.00027600000000000026,65.00742155142105,0.20471702261229816,-0.014870853277857596,0.0,12.408246994018555,21.332921743392944,33.741169691085815,2.5367736355974557e-08,-1.4901161415892261e-09
935.0430681502627,11.23,1000.0,0.0,33,660000,23,0.020077241584658623,0.00027525000000000027,59.6054807321978,0.3047669040110852,-0.015838494498421354,0.0,12.408162832260132,32.350534200668335,44.75869798660278,3.9768220716496216e-08,-1.0502338554374546e-08
949.0953977890616,12.419999999999998,1000.0,0.0,34,680000,15,0.020664311945438385,0.0002745000000000003,68.64883593964501,0.28759215323847576,-0.01312673169533356,0.0,11.301564931869507,20.734110593795776,32.0356764793396,-1.354217538107605e-08,8.344650304081824e-09
1003.8680715163991,13.280000000000001,1000.0,0.0,35,700000,17,0.02103009819984436,0.0002737500000000003,69.2845671893376,0.3096381506384304,-0.01361515556757556,0.0,11.9702889919281,23.149027824401855,35.119319677352905,-1.6403198799253005e-08,8.964538444899972e-09
1025.9797194861032,15.635000000000002,1000.0,0.0,36,720000,11,0.021286802366375923,0.0002730000000000003,76.84001149973342,0.5484636601513982,-0.011364293875345311,0.0,11.35842490196228,14.880095481872559,26.23852276802063,-9.346008411625917e-09,-2.0980834847250662e-09
1188.510857247716,21.4575,1000.0,0.0,37,740000,24,0.020539166405797005,0.0002722500000000003,84.61648217532327,0.6031901444495914,-0.0134151573265016,0.0,11.653301239013672,33.48475003242493,45.13805294036865,2.5177001816700795e-08,-4.577636936176077e-09
1199.1182443137109,19.840000000000003,1000.0,0.0,38,760000,13,0.02311474271118641,0.0002715000000000003,82.94554305480897,0.5080051354443186,-0.011200664693599077,0.0,11.461941957473755,18.244414806365967,29.706357955932617,-4.1198731537406275e-08,9.226798880490605e-09
1159.3411506831478,22.980000000000004,1000.0,0.0,39,780000,19,0.020234104245901108,0.0002707500000000003,88.77509308342415,0.7313280308674579,-0.013042975941396358,0.0,12.551458597183228,25.44978094100952,38.00124144554138,1.525878978725359e-08,-7.462501727673043e-09
1262.0142780852088,31.847499999999997,1000.0,0.0,40,800000,15,0.022529399022459984,0.00027000000000000033,91.46741243348208,1.0174007345566227,-0.012463295156199632,0.0,12.02491283416748,20.218689680099487,32.24360418319702,9.918212917625624e-09,-7.760524667332902e-09
1347.387592193762,39.58,1000.0,0.0,41,820000,12,0.022049665451049805,0.00026925000000000034,87.09310336412587,1.3292308525282481,-0.010474215959448217,0.0,11.627703666687012,15.22017502784729,26.847879886627197,-2.70843507621521e-08,5.912780931538464e-09
1440.9990439227038,48.1525,1000.0,0.0,42,840000,15,0.02123001031577587,0.00026850000000000035,106.05843282543178,1.7548254530523786,-0.011548138752875253,0.0,12.115578889846802,20.8355655670166,32.9511456489563,-1.9836425835251248e-08,2.546310362561144e-08
1491.3158973703278,56.57249999999999,1000.0,0.0,43,860000,16,0.026956824585795403,0.00026775000000000036,104.30420255356323,2.0913798004365005,-0.012331179950625068,0.0,11.505014419555664,22.88576316833496,34.390780210494995,5.302429073594794e-08,6.82830787468447e-08
1488.980403840738,62.2675,1000.0,0.0,44,880000,21,0.020033374428749084,0.00026700000000000036,123.76592079660546,2.3909397207854566,-0.012888911905398523,0.0,12.33791995048523,27.96152687072754,40.29944849014282,3.0899048653054706e-08,7.2479249269008506e-09
1443.7728983766428,65.0125,1000.0,0.0,45,900000,14,0.021986501291394234,0.0002662500000000004,117.24607189601548,2.55870710236468,-0.011762474497301154,0.0,11.780123233795166,18.28224205970764,30.062366724014282,-1.8882751362525596e-08,-2.9373168786150927e-08
1482.824604042968,71.295,1000.0,0.0,46,920000,7,0.021051866933703423,0.0002655000000000004,108.28932857034631,3.012222714698353,-0.006653833770695164,0.0,12.70403242111206,9.114042043685913,21.818076610565186,1.6403198799253005e-08,-5.292892346631106e-09
1517.6750470811046,75.83250000000001,1000.0,0.0,47,940000,9,0.020209958776831627,0.0002647500000000004,131.0420195105908,3.5029437981220606,-0.006756990927066237,0.0,11.569448232650757,11.37228536605835,22.941734552383423,2.326965287124949e-08,-5.283355619667418e-08
1566.4682267256578,82.75749999999998,1000.0,0.0,48,960000,11,0.020622262731194496,0.0002640000000000004,116.37939811549214,3.628549806018434,-0.008947324359801934,0.0,11.584450483322144,15.203094244003296,26.787545919418335,4.1961669694501325e-08,7.2479249269008506e-09
1455.2367561910232,80.67,1000.0,0.0,49,980000,12,0.020822927355766296,0.0002632500000000004,130.3307385805189,4.070968820835454,-0.008034747583504977,0.0,11.640146017074585,16.558857679367065,28.199005126953125,8.01086397217432e-09,-4.005432074905002e-08
1529.6639258619489,89.89500000000001,1000.0,0.0,50,1000000,1,0.026100460439920425,0.0002625000000000004,124.16183393679488,5.118081782953427,0.004929306821677441,0.0,11.549430847167969,1.318493366241455,12.86792540550232,-5.7220459481754915e-09,1.287460360543946e-08
757.5798032616947,56.572500000000005,1000.0,0.0,51,1020000,1,0.02514195628464222,0.0002617500000000004,75.3655884867659,0.34735555563586207,0.01311134697256473,0.07326133346393185,11.1669442653656,1.6735153198242188,12.840462923049927,-2.326965287124949e-08,-1.1348724626714102e-08
-184.6886146935166,0.7150000000000001,1000.0,0.0,52,1040000,15,0.02123490907251835,0.00026100000000000044,14.338703348334478,0.12820723474073334,-0.009768559462544573,1.0812598097565582,12.504295110702515,23.588250875473022,36.092548847198486,-5.064010721866907e-08,6.580352707175052e-09
-156.49319577396784,0.5275000000000001,1000.0,0.0,53,1060000,11,0.02084687538444996,0.00026025000000000044,12.272211300159935,0.06932452507912161,-0.00962614037715669,2.520011506868662,12.063390493392944,17.73653554916382,29.799928426742554,3.986358620977626e-08,-1.239776614703203e-09
-131.81721081679876,0.8175000000000001,1000.0,0.0,54,1080000,13,0.02189152128994465,0.00025950000000000045,11.731555616805817,0.04616019945764723,-0.008328337505694162,3.8656374284341606,11.577796220779419,20.15652370452881,31.73432230949402,-1.8215178698710588e-08,1.633167268089153e-09
-130.71923694942265,0.9899999999999999,1000.0,0.0,55,1100000,15,0.02342665009200573,0.00025875000000000046,12.69991458541415,0.052139945406391344,-0.010082335002756062,5.3081543481641935,12.592631578445435,22.929532766342163,35.52216649055481,2.5177001816700795e-08,-3.814697446813398e-09
-163.90636744950748,1.2474999999999998,1000.0,0.0,56,1120000,8,0.02052571065723896,0.00025800000000000047,15.443778079919541,0.02607988329312672,-0.006501814240393357,6.721706779429707,11.188988208770752,12.35299277305603,23.541982650756836,-4.3678284100678866e-08,1.9550323582251394e-09
-92.02112097295044,1.4975,1000.0,0.0,57,1140000,16,0.02230890281498432,0.0002572500000000005,16.44782429619338,0.045706704670835596,-0.011404414759605182,8.386359316758073,11.522219896316528,25.238661289215088,36.76088213920593,-4.7683716530855236e-08,2.7418137205081905e-10
-36.176156078903794,0.7099999999999999,1000.0,0.0,58,1160000,4,0.022790836170315742,0.0002565000000000005,14.89308434858109,0.03382468129770039,-0.004411884412071266,9.79037243337296,13.583026647567749,5.710070610046387,19.29309844970703,-4.00543198608716e-09,5.602836528062483e-10
-9.210141616128947,1.595,1000.0,0.0,59,1180000,5,0.02189226634800434,0.0002557500000000005,22.12114865787494,0.046828136921000366,-0.005683006932393621,10.835669596736043,11.303621530532837,7.424295425415039,18.72791814804077,1.1634826435624745e-08,2.384185730786026e-11
46.82513495348342,1.6199999999999999,1000.0,0.0,60,1200000,9,0.02191237360239029,0.0002550000000000005,18.678584372358284,0.04341526145467923,-0.009792825546152665,12.578831740376964,12.39722728729248,13.884839057922363,26.28206729888916,8.726120270807769e-09,-4.649162166359133e-10
57.88617687718797,1.73,1000.0,0.0,61,1220000,9,0.021786963567137718,0.0002542500000000005,19.47740663430942,0.04378574807858072,-0.008196664221299152,14.446609751654298,12.109763622283936,13.803434371948242,25.913198947906494,-3.814697446813398e-09,-2.980232380322967e-11
68.90483781802008,1.3000000000000003,1000.0,0.0,62,1240000,15,0.021312454715371132,0.0002535000000000005,22.117876786952074,0.03334524428097013,-0.011493270848485957,16.931003100524187,11.719331502914429,22.94727873802185,34.66661310195923,5.722046170220096e-10,2.3841859042583735e-10
94.46990466715201,1.6149999999999998,1000.0,0.0,63,1260000,4,0.021734915673732758,0.00025275000000000053,20.337162285567093,0.0340599395191898,-0.002851461302846099,18.660117045759012,11.407124519348145,5.697168588638306,17.10429573059082,8.058547606992761e-09,-9.536742923144104e-11
131.32879433252694,1.58,1000.0,0.0,64,1280000,10,0.02071547694504261,0.00025200000000000054,18.341221746316734,0.0291466672535831,-0.008944528635231236,20.513806392438113,11.227442264556885,14.918572425842285,26.146015644073486,-4.76837147544984e-09,-8.940696516468449e-10
136.0362121614293,1.3024999999999998,1000.0,0.0,65,1300000,16,0.02082878164947033,0.00025125000000000055,12.689787872111836,0.020413507442321097,-0.012507753536334267,23.668646092612903,11.60856556892395,24.621798038482666,36.23036456108093,3.3378602104505717e-09,-3.1590460802810583e-10
162.5756210718614,1.4250000000000003,1000.0,0.0,66,1320000,14,0.020137928426265717,0.00025050000000000056,16.151423965616893,0.040045091088747306,-0.012825994476053688,26.80085373185966,13.262948751449585,21.114599466323853,34.37755012512207,-1.277923544762416e-08,-2.3841859042583735e-10
204.3719202076806,3.1949999999999994,1000.0,0.0,67,1340000,13,0.021814532577991486,0.00024975000000000057,16.236638314309708,0.05357152339195547,-0.011545653400943141,30.114136209063695,11.798993825912476,18.865686416625977,30.66468119621277,2.479553229406406e-09,-2.384185730786026e-11
220.40419052365672,2.925,1000.0,0.0,68,1360000,4,0.020950639620423317,0.0002490000000000006,17.664636849976194,0.06145870126783848,-0.0037350457268781937,32.46825104399611,11.283263444900513,6.8320887088775635,18.11535358428955,-8.678436635989328e-09,1.919269632111309e-09
234.15461459294548,2.4349999999999996,1000.0,0.0,69,1380000,7,0.02069675549864769,0.0002482500000000006,12.276375312230622,0.05947591263345187,-0.005098630319677194,34.96379281396139,11.37794828414917,11.41998553276062,22.797935485839844,8.392333938900265e-09,-1.1920929521291868e-10
239.91827907668034,2.09,1000.0,0.0,70,1400000,1,0.02070683054625988,0.0002475000000000006,12.163498157891222,0.034905376885764706,0.0045190939468483385,36.072628849992356,11.27971887588501,1.508432149887085,12.788153409957886,-5.340575981449547e-09,-6.556510889765832e-10
259.275312039587,2.5075000000000003,1000.0,0.0,71,1420000,14,0.020601505413651466,0.0002467500000000006,12.667418030613037,0.0518795620681508,-0.010376912534036276,38.32225052813099,12.320911169052124,20.53935933113098,32.86027240753174,2.1839142050339433e-08,-4.768371461572052e-11
256.4928304301545,2.155,1000.0,0.0,72,1440000,12,0.022153208032250404,0.0002460000000000006,13.35611798131047,0.0410736975462411,-0.011240831215325863,41.16101472040081,13.242539644241333,17.48334550857544,30.72588610649109,-3.7193297330873065e-09,9.536742923144104e-11
313.313929413201,3.6599999999999993,1000.0,0.0,73,1460000,11,0.022807644680142403,0.0002452500000000006,18.659304508732184,0.0919119704911291,-0.010064824809832323,44.28219807137592,11.733190536499023,17.24514150619507,28.97833514213562,-2.6893616222878336e-08,-2.336502102906479e-09
344.7822772309474,4.1975,1000.0,0.0,74,1480000,13,0.020636823028326035,0.00024450000000000063,18.720026607330613,0.07739313581487373,-0.009875968647843814,47.88228133270271,11.129992485046387,19.266252517700195,30.396246194839478,4.482269222449986e-09,-6.794929618969547e-10
316.04117976958923,2.5675,1000.0,0.0,75,1500000,10,0.020659446716308594,0.00024375000000000064,13.752442097587707,0.03311896439010914,-0.008721784761431404,50.880350721072844,11.575936555862427,15.02499508857727,26.600932836532593,-1.7166136956348055e-08,-1.5735626135437997e-09
353.97697646662874,2.2425,1000.0,0.0,76,1520000,14,0.020815229043364525,0.00024300000000000062,18.472318568876048,0.04839853576326251,-0.010912776384143468,54.536192748166826,11.556543111801147,23.543640851974487,35.10018563270569,-3.0803679607060985e-08,-2.336502102906479e-09
368.36220324578596,2.9525,1000.0,0.0,77,1540000,12,0.020889053121209145,0.0002422500000000006,17.941988407486416,0.057917933484600885,-0.008954547728854206,57.44666120267143,11.998225450515747,18.38992428779602,30.3881516456604,6.055831835993786e-09,-3.69548808221154e-10
398.78067541064735,5.26,1000.0,0.0,78,1560000,17,0.022011764347553253,0.00024150000000000058,19.154690075852642,0.1334980934220521,-0.011080006225529224,60.18236731013237,11.645937204360962,26.14279842376709,37.78873658180237,1.9788741312254388e-08,-3.576278717609682e-10
381.25301743703574,4.654999999999999,1000.0,0.0,79,1580000,4,0.02149065211415291,0.0002407500000000006,20.291054839524218,0.0890132581559233,-0.0026265709958866405,63.050189999345776,11.759722709655762,5.734549522399902,17.49427318572998,1.6593933338526767e-08,1.430511542555024e-10
483.43164599597475,7.664999999999999,1000.0,0.0,80,1600000,8,0.0203416645526886,0.0002400000000000006,28.134321228002968,0.19530127665173774,-0.004983514276580117,65.62485818131663,11.506950378417969,11.9325852394104,23.43953776359558,2.067089077684159e-08,-4.291534350109316e-10
545.1293830374776,10.3,1000.0,0.0,81,1620000,9,0.021353205665946007,0.00023925000000000058,52.34943412981179,0.3754686179432329,-0.006178558947413334,67.88418604289127,11.898617506027222,15.100813150405884,26.999433040618896,-1.602172794434864e-08,8.249283034444943e-09
654.5479928193896,14.594999999999999,1000.0,0.0,82,1640000,8,0.020826099440455437,0.00023850000000000057,47.45337538597302,0.34453534978790024,-0.004659883243075688,69.85160001626792,11.990957736968994,11.646055936813354,23.637014627456665,-1.4972686201986107e-08,-2.4318695945879654e-09
556.3013598556665,9.4625,1000.0,0.0,83,1660000,13,0.021656431257724762,0.00023775000000000057,41.687951102014196,0.3241108431505773,-0.006782131416716952,72.0143732392955,11.916498184204102,20.101693391799927,32.01819324493408,5.674362313357051e-09,3.19480886190604e-09
572.412481301319,11.799999999999999,1000.0,0.0,84,1680000,10,0.020598474889993668,0.00023700000000000058,39.292844407322306,0.30198448211335527,-0.006518074564082316,73.92513172527471,11.931147575378418,15.174474477767944,27.105624437332153,1.0776520120714395e-08,2.0503998499066256e-09
582.410532163547,11.73,1000.0,0.0,85,1700000,3,0.020070737227797508,0.00023625000000000057,40.68494785987277,0.28597158983080023,0.00021756737849043328,75.8481875776102,11.98167896270752,4.8795342445373535,16.861215114593506,1.1110305564443479e-08,-1.3351439953623867e-09
591.5410632524155,11.085,1000.0,0.0,86,1720000,8,0.02022579312324524,0.00023550000000000057,48.15879030958913,0.46560680489844314,-0.004800989299814719,77.66138151126167,11.848427295684814,12.092387676239014,23.940816402435303,-1.678466787780053e-08,3.69548808221154e-10
598.6367815397649,13.3325,1000.0,0.0,87,1740000,11,0.022023363038897514,0.00023475000000000058,50.830177545616735,0.46664024383098,-0.006610962589988997,79.78988916029807,11.550458669662476,17.08214545249939,28.63260555267334,-1.0108947456899386e-08,1.521110526425673e-08
661.0276259893005,19.21,1000.0,0.0,88,1760000,8,0.020977944135665894,0.00023400000000000056,50.794306827810246,0.531574624926804,-0.005913099896284742,81.75243874632132,11.535364389419556,14.441004037857056,25.97637152671814,-9.727478378351861e-09,-6.198883073516015e-10
647.203225242352,18.572499999999998,1000.0,0.0,89,1780000,13,0.021318206563591957,0.00023325000000000057,57.52632219136918,0.6271305848769048,-0.006761911110350536,84.00952718626459,11.177854537963867,21.314405918121338,32.492262840270996,1.2588500908350397e-08,2.479553229406406e-09
699.2375790104036,17.965,1000.0,0.0,90,1800000,4,0.020868323743343353,0.00023250000000000058,61.9478095301424,0.7227352340809834,-0.0007159141853404121,85.66530241067417,11.38726258277893,6.71598744392395,18.103251218795776,1.3780593555168252e-08,6.294250454175199e-09
740.8260683175238,22.357499999999998,1000.0,0.0,91,1820000,12,0.02258659526705742,0.0002317500000000006,67.6893812439566,0.7621277562234475,-0.007086035811998887,88.05533083305318,11.5500648021698,19.683222770690918,31.233289003372192,-1.6593933338526767e-08,1.8119812317252126e-09
784.5259645659378,25.0,1000.0,0.0,92,1840000,12,0.0206526480615139,0.0002310000000000006,72.36158739035122,1.0132294237907258,-0.006582502082175713,89.94581836176376,11.81221866607666,18.385761976242065,30.197981595993042,8.440017573718706e-09,1.4305114870438729e-09
841.591582050386,27.77,1000.0,0.0,93,1860000,8,0.020540863275527954,0.00023025000000000058,85.06745486899305,1.1160203890559581,-0.00486396307309051,92.4551057571801,11.437583684921265,12.61316442489624,24.05074906349182,-1.7166136956348055e-08,4.220008786859353e-09
818.8133279716827,24.167500000000004,1000.0,0.0,94,1880000,6,0.021154727786779404,0.0002295000000000006,74.76860883466986,1.0367844567750208,-0.0034075591401261486,94.35972786559084,11.516623735427856,9.68047308921814,21.197097778320312,8.630753001170888e-09,1.6212463593845428e-09
857.0836883109312,31.674999999999994,1000.0,0.0,95,1900000,13,0.02154405601322651,0.0002287500000000006,100.86940849568575,1.5702197334856622,-0.006638619580868477,96.65203184482652,12.150995969772339,19.546996355056763,31.697994232177734,-9.822845647988743e-09,9.536743617033494e-10
887.2373674097244,32.287499999999994,1000.0,0.0,96,1920000,9,0.023244215175509453,0.0002280000000000006,103.59997072175838,1.644004954210951,-0.004579303200321287,98.58155374794426,12.37405514717102,13.473946571350098,25.848002433776855,1.9073485846288207e-10,5.912780931538464e-09
976.1842823128596,42.9625,1000.0,0.0,97,1940000,11,0.022152133285999298,0.00022725000000000062,119.1070283983393,2.4210257211501536,-0.005314504882479544,100.59655007421364,11.283178567886353,16.743001699447632,28.026181936264038,-1.2397766369076635e-08,-1.7213821479344915e-08
988.3096195242094,43.925,1000.0,0.0,98,1960000,11,0.02100181207060814,0.0002265000000000006,107.2773940601288,1.8526530869991116,-0.006009924769547078,103.08707835706832,11.484255075454712,15.981953382492065,27.466209411621094,-1.2302399099439754e-08,-7.534026735811494e-09
1027.4946121317848,45.864999999999995,1000.0,0.0,99,1980000,14,0.021130643784999847,0.00022575000000000058,129.59171657570963,2.658994610779691,-0.0060314940628079195,105.30257878723562,13.769192218780518,21.310712575912476,35.07990598678589,9.63211022053656e-09,-2.4318695945879654e-09
1128.6635599813367,55.85,1000.0,0.0,100,2000000,7,0.021075980737805367,0.00022500000000000056,156.02267836653877,2.9523039529009094,-0.0031475704635137674,107.069613781872,11.330601453781128,10.569697856903076,21.900300979614258,3.8146971692576415e-10,4.768371808516747e-10
1198.8777360611045,29.545000000000005,1000.0,0.0,101,2020000,1,0.02669125609099865,0.00022425000000000057,86.26033533723971,0.8444836457697348,0.014844605963998518,108.11059085248758,11.327746629714966,1.599442958831787,12.92719054222107,3.433227480087453e-09,1.602172794434864e-08
1254.1824425189247,4.74,1000.0,0.0,102,2040000,1,0.036502741277217865,0.00022350000000000058,61.530370407591995,0.39425512277089747,0.013211730143840843,108.38317961281481,11.353140592575073,1.833810567855835,13.186953783035278,-4.1961669694501325e-09,-5.197525076994225e-09
1330.6372566070359,7.3725,1000.0,0.0,103,2060000,1,0.021644802764058113,0.00022275000000000056,65.23619724310244,0.38922407518560515,0.008583142667616043,109.21703185060154,11.724252462387085,2.3794546127319336,14.103709697723389,9.918212917625624e-09,-7.197856888296883e-08
1416.9073407731605,10.765,1000.0,0.0,104,2080000,2,0.020121494308114052,0.00022200000000000057,62.214042486855014,0.5018187347835246,0.002839729343109523,109.70873201997897,11.498073101043701,3.4879815578460693,14.986056327819824,-2.8419494313425275e-08,-3.600120379587679e-08
1500.375149504109,17.7575,1000.0,0.0,105,2100000,3,0.02239226922392845,0.00022125000000000055,74.85809393406421,0.8371727843476306,-0.0005236789785004176,111.02306996468411,11.713043689727783,4.975111722946167,16.688156366348267,9.918212917625624e-09,7.629394338515283e-10
1584.674231314984,23.44,1000.0,0.0,106,2120000,3,0.02222578413784504,0.00022050000000000056,74.4586869911137,0.9987951013734673,0.0006692852845754677,112.94789606161392,11.659716367721558,5.143300771713257,16.803019046783447,6.790160966829717e-08,-4.00543198608716e-09
1704.62089088623,39.19,1000.0,0.0,107,2140000,6,0.022476952522993088,0.00021975000000000057,92.86153211583472,1.9182769641264306,-0.0037149595431695843,115.03554963506957,11.491063356399536,9.303471326828003,20.794535636901855,2.9754637864698452e-08,6.961822673900997e-09
1783.8358191033997,52.56750000000001,1000.0,0.0,108,2160000,7,0.021560976281762123,0.00021900000000000055,98.47518100155266,2.587786240264304,-0.0038242575122508513,117.11887895174083,11.771695852279663,11.483783483505249,23.25548267364502,-2.9373168786150927e-08,-5.755424581366242e-08
1854.3464237717494,67.00750000000001,1000.0,0.0,109,2180000,2,0.02194705419242382,0.00021825000000000053,105.15157679475534,3.369676647285303,0.0013759006060267123,118.82533652942402,11.272147178649902,3.275784969329834,14.547933101654053,2.70843507621521e-08,7.820129432900558e-09
1937.4070760752777,87.9075,1000.0,0.0,110,2200000,3,0.020545920357108116,0.00021750000000000054,128.45956747118024,4.49573138778329,-0.002492712826752704,120.8430563263492,11.154401302337646,4.776068925857544,15.930471658706665,-1.9836425835251248e-08,-7.705688176429248e-08
2056.240612581003,120.54750000000001,1000.0,0.0,111,2220000,4,0.020894784480333328,0.00021675000000000055,149.5613385496048,5.8565972378840465,-0.0014029609633776279,122.33694823024372,12.681763648986816,6.152221441268921,18.833986043930054,1.525878978725359e-08,-7.572174354208983e-08
2118.238034515428,138.2,1000.0,0.0,112,2240000,2,0.022572550922632217,0.00021600000000000053,171.76639791494742,6.08382907195594,0.0032469991433877535,123.70944042022998,11.311416149139404,3.0383260250091553,14.349743127822876,1.2588500908350397e-08,1.6803741686999274e-07
2208.2319247728983,166.55749999999998,1000.0,0.0,113,2260000,5,0.02236953005194664,0.00021525000000000054,136.43633007622375,8.08325188837874,-0.00045825932383204037,125.45183392119483,12.458605289459229,8.13761591911316,20.59622359275818,3.032684503523342e-08,1.4953613458601467e-07
2284.87960419437,200.23,1000.0,0.0,114,2280000,2,0.020655635744333267,0.00021450000000000055,168.55156289121976,9.439247601329328,0.0035780037213235904,126.74792051467652,11.763960599899292,3.7857625484466553,15.549726247787476,-2.3651123726153855e-08,-5.378723244575667e-08
2302.4535520893724,211.51,1000.0,0.0,115,2300000,1,0.020895397290587425,0.00021375000000000053,192.73104885211006,10.3718184663084,0.003490552871514814,127.84574239322552,11.984050035476685,1.692110300064087,13.676162242889404,3.013610694324598e-08,9.994506910970813e-08
2384.52561038329,238.41499999999996,1000.0,0.0,116,2320000,1,0.030583996325731277,0.00021300000000000054,185.01367111937307,11.337110840855315,0.006407330253015692,128.76925434929115,11.322122573852539,1.7302172183990479,13.052341938018799,-1.7929076889799944e-08,7.2479249269008506e-09
2474.2855111384124,286.5200000000001,1000.0,0.0,117,2340000,1,0.03035813942551613,0.00021225000000000055,179.30316146265585,13.227857969058588,0.016893103855629317,129.46219486321885,11.323512554168701,1.8327431678771973,13.156256914138794,-1.678466787780053e-08,1.6212463593845428e-09
2498.6948700925045,297.68999999999994,1000.0,0.0,118,2360000,1,0.028815874829888344,0.00021150000000000053,183.46024522385278,13.283570414534012,0.006800167741605078,130.22760926267972,11.312102317810059,1.5781126022338867,12.89021611213684,-3.1661986810149756e-08,-2.8228759774151513e-08
2468.1946515068144,295.90250000000003,1000.0,0.0,119,2380000,1,0.02399124950170517,0.00021075000000000054,221.2775193723246,13.456838092864892,0.012973155841207543,130.74331981914872,10.970227718353271,1.5065276622772217,12.476756572723389,-1.5258788677030566e-09,-5.6457519548303026e-08
2473.0746481379583,305.31,1000.0,0.0,120,2400000,1,0.028698401525616646,0.00021000000000000055,179.94066271309654,14.240529176145316,0.010780930422401181,131.6197012026851,11.231364250183105,1.549555778503418,12.78092098236084,-1.0299682884351569e-08,4.653930574249898e-08
2509.2568696129338,313.5725,1000.0,0.0,121,2420000,1,0.024745259433984756,0.00020925000000000056,195.18538540239913,13.886288815032179,0.011018253626307836,132.5041955819907,11.02287244796753,1.5662992000579834,12.589172840118408,-5.340575981449547e-09,-6.942749308791463e-08
2523.7280516917176,324.24,1000.0,0.0,122,2440000,1,0.025965027511119843,0.00020850000000000054,217.69912606382522,13.563254083688268,0.011181593323632265,133.55068779601075,11.01206636428833,1.565100908279419,12.577168464660645,-1.4877318932349226e-08,7.324219097881723e-08
2495.0086669470693,327.65749999999997,1000.0,0.0,123,2460000,11,0.020786941051483154,0.00020775000000000055,201.4535746124294,13.404540713706613,-0.005722910466376988,135.46962988213886,11.9069242477417,18.031919717788696,29.93884563446045,1.754760781125242e-08,-8.049011057664757e-08
2531.8842356114883,333.09000000000003,1000.0,0.0,124,2480000,8,0.021711144596338272,0.00020700000000000053,259.584380027966,15.418493490440015,-0.0035541832494287613,138.2011435328962,11.507672548294067,12.875445127487183,24.383119344711304,-7.629394338515283e-10,1.1520386067331856e-07
2582.0274561781557,354.285,1000.0,0.0,125,2500000,1,0.021818142384290695,0.00020625000000000051,251.4292057025166,16.000098298532894,0.00952507682537404,139.69428080110885,11.263025760650635,1.637315273284912,12.900343179702759,-1.1062621929625038e-08,4.5108794921588924e-08
2584.5905533376754,369.6375,1000.0,0.0,126,2520000,5,0.02220030128955841,0.0002055000000000005,318.77474552678603,17.24784322104896,-0.0002179483292451777,141.67163417438348,11.318932294845581,7.738715410232544,19.05764865875244,-9.53674295089968e-09,-1.831054774470431e-08
2638.7161449864307,385.86500000000007,1000.0,0.0,127,2540000,4,0.020526278764009476,0.00020475000000000048,215.39285353883005,15.607205391691897,0.0004778623963280703,143.1756262855408,11.692109107971191,7.0569868087768555,18.74909734725952,-6.484985437538171e-09,-6.752014058974964e-08
2650.5922390652086,401.325,1000.0,0.0,128,2560000,3,0.02791725844144821,0.00020400000000000049,300.09660205292624,17.52840970093196,0.0028365086620282757,144.6018746957992,11.657280683517456,4.802783250808716,16.460065364837646,-1.754760781125242e-08,-1.960754332230863e-07
2657.900199159676,409.9425,1000.0,0.0,129,2580000,3,0.022947534918785095,0.0002032500000000005,220.54694763768595,17.11596496874532,0.0017618540068443653,147.08013901390586,11.755434513092041,4.8382792472839355,16.593714714050293,-4.577636936176077e-09,-5.340575981449547e-09
2684.3181105665412,413.71750000000003,1000.0,0.0,130,2600000,6,0.029654692858457565,0.0002025000000000005,274.5531424622947,17.341462135568847,-0.0027210418887722034,149.83516243801583,11.200721979141235,9.327080249786377,20.527803421020508,-8.392333938900265e-09,-5.8746337572301854e-08
2665.642951378147,403.0875,1000.0,0.0,131,2620000,1,0.03230517357587814,0.0002017500000000005,191.57243716450165,17.177888702660702,0.009261649783355549,151.82734753300969,11.292697191238403,1.5294597148895264,12.822158098220825,1.9454956756703723e-08,1.907348590179936e-08
2737.6627605453023,431.63250000000005,1000.0,0.0,132,2640000,5,0.02096521481871605,0.00020100000000000052,221.45093102744593,15.697767048064893,0.0013326017629390898,154.79963979507787,11.33583688735962,7.730323076248169,19.066160678863525,-1.5258788677030566e-09,9.155273872352154e-09
2687.686251540051,416.89,1000.0,0.0,133,2660000,1,0.024455571547150612,0.00020025000000000053,193.69041506246256,15.565752650983036,0.007099511604696607,156.5068457362751,11.102089405059814,1.6831364631652832,12.785228252410889,5.340575981449547e-09,-5.493163968139925e-08
2519.3906319183698,386.11,1000.0,0.0,134,2680000,3,0.02130359224975109,0.00019950000000000054,281.1875641754768,17.22156050106207,0.0010878582940267298,158.06302141508482,11.533719062805176,4.781829595565796,16.315550088882446,-3.051757735406113e-09,-4.501342942830888e-08
2598.394835114121,418.88,1000.0,0.0,135,2700000,3,0.02702002041041851,0.00019875000000000052,268.6816826841702,18.01493366026142,0.0018877899658561736,159.608369528676,11.279008150100708,4.975543260574341,16.254552602767944,-4.1961669694501325e-09,1.9836425835251248e-08
2594.466224861034,407.18999999999994,1000.0,0.0,136,2720000,2,0.022966019809246063,0.00019800000000000053,330.43630051536684,20.29398707612254,0.002399680791601253,160.73275708085814,11.499687910079956,3.525648593902588,15.025339365005493,1.1444092340440193e-09,1.678466787780053e-08
2642.6755824680904,416.2299999999999,1000.0,0.0,137,2740000,2,0.020028648898005486,0.00019725000000000054,283.18530430656654,20.12442650810217,0.003129473436600008,161.81761959185616,11.523252248764038,3.446329116821289,14.969582557678223,4.577636936176077e-09,-5.493163968139925e-08
2765.113889900405,448.61749999999995,1000.0,0.0,138,2760000,2,0.021729212254285812,0.00019650000000000052,280.2917936221479,19.463322697356105,0.0018281442761873476,162.47367932011906,11.248014450073242,3.0659050941467285,14.313920974731445,-2.2888184680880386e-09,1.2207030941624453e-08
2810.792785839235,465.1125,1000.0,0.0,139,2780000,2,0.024179421365261078,0.00019575000000000053,320.759817775446,19.898703267399114,0.004361011491070826,163.5378971526417,11.02760624885559,3.227375030517578,14.254982233047485,-7.629394338515283e-10,-9.307861148499796e-08
2760.9851033697187,456.92749999999995,1000.0,0.0,140,2800000,2,0.02355576865375042,0.0001950000000000005,320.20602791758773,18.672455815080635,0.004192435316527233,165.00360638798236,11.17583179473877,3.224621057510376,14.40045428276062,0.0,1.907348590179936e-08
2730.6468213684093,457.105,1000.0,0.0,141,2820000,3,0.023764755576848984,0.00019425000000000052,257.01018115887626,19.229110266834784,0.0011502117564737068,167.441803124766,11.059417247772217,5.122979164123535,16.182398796081543,-5.340575981449547e-09,-4.882812376649781e-08
2830.8878322164214,479.5125000000001,1000.0,0.0,142,2840000,1,0.032780684530735016,0.00019350000000000053,299.02595080049656,18.514474792602343,0.005977319535641625,168.7296034352848,11.183035135269165,1.5426971912384033,12.725733995437622,3.8146971692576415e-10,-1.602172794434864e-08
2742.382298490081,453.05249999999995,1000.0,0.0,143,2860000,1,0.028415203094482422,0.00019275000000000054,288.8604734987497,19.341255297676064,0.007609857304301411,169.21063593172798,11.23848032951355,1.5226361751556396,12.761117696762085,3.814697446813398e-09,1.2969970875076342e-08
2631.904783160713,431.62250000000006,1000.0,0.0,144,2880000,1,0.020308423787355423,0.00019200000000000055,346.7544031600221,20.727517914086484,0.004933555327808133,169.5139627669947,11.424658060073853,1.767479658126831,13.192139863967896,-1.1444092340440193e-09,-6.027221388649195e-08
2682.408837675429,441.4,1000.0,0.0,145,2900000,7,0.023515233770012856,0.00019125000000000056,300.57857630689193,18.381281409618357,-0.004465229686227211,172.32812786929307,12.687299489974976,11.158778190612793,23.846078395843506,-6.484985437538171e-09,1.907348590179936e-08
2611.424641065685,425.87,1000.0,0.0,146,2920000,1,0.026140494272112846,0.00019050000000000056,273.06906154742256,20.333555172807493,0.010904800456267195,173.94334513996355,10.96630311012268,1.5340831279754639,12.500386953353882,-3.814697446813398e-09,-9.155273872352154e-09
2781.6407670288513,453.2075,1000.0,0.0,147,2940000,1,0.023720307275652885,0.00018975000000000057,289.62273057200275,21.533516009394734,0.009376221662982347,174.99309322856865,11.815141916275024,1.6308183670043945,13.445962905883789,3.8146971692576415e-10,-3.280639759850601e-08
2702.168149080045,433.71000000000004,1000.0,0.0,148,2960000,2,0.028796490281820297,0.00018900000000000058,199.36038017882325,17.05078209779514,0.004294243277446292,176.68567055406663,10.998610973358154,3.0493452548980713,14.047957420349121,-3.8146971692576415e-10,-2.2125243859250077e-08
2782.068266574689,456.175,1000.0,0.0,149,2980000,2,0.021483995020389557,0.0001882500000000006,218.25800883198698,19.744495790225628,0.005609989945833295,178.48245173445144,10.974182367324829,3.1432390213012695,14.117424011230469,1.4305114426349519e-08,-3.738403364650367e-08
2829.361109054726,475.74500000000006,1000.0,0.0,150,3000000,3,0.021374691277742386,0.0001875000000000006,269.3581580953222,19.222571011930228,0.0013644352410964596,180.72466551889372,11.01994013786316,5.116899013519287,16.1368408203125,-4.959106458812812e-09,-2.9754637864698452e-08
1094.8856535376722,223.65749999999997,1000.0,0.0,151,3020000,1,0.02392689511179924,0.0001867500000000006,256.6098799111363,4.991237685036736,0.013109763454907714,31.296491214642508,11.677428245544434,1.5190272331237793,13.19645643234253,2.7303696015223977e-07,-6.19888282926695e-07
-412.87317715659356,0.0,1000.0,0.0,152,3040000,1,0.02062465436756611,0.0001860000000000006,207.56574786737704,4.622142098296565,0.010851228971200914,31.513255963310264,11.399701833724976,1.573038101196289,12.97274112701416,6.618499526211963e-08,-3.509521562250484e-08
-412.0277039452776,0.0,1000.0,0.0,153,3060000,1,0.06780091673135757,0.0001852500000000006,198.7645267206259,3.5839330367386912,0.005293957070825389,31.638066014542748,11.35647177696228,1.6129627227783203,12.969436407089233,1.78337103307058e-07,-2.8152464892627904e-07
-398.7196920750951,0.0,1000.0,0.0,154,3080000,1,0.09427272528409958,0.00018450000000000058,111.67281113036525,3.2182370420462028,0.019030468801732738,32.135365739036295,11.159518241882324,1.5490362644195557,12.708555698394775,-6.847381683883214e-08,9.918212917625624e-09
-371.68037945661433,0.0,1000.0,0.0,155,3100000,1,0.02701667509973049,0.0001837500000000006,91.67542261666003,2.194374597681978,0.005573696714227859,32.650103291764424,12.238218545913696,1.6576664447784424,13.895886182785034,-5.273819070339414e-08,8.811950635845278e-08
-356.8509831983294,0.0,1000.0,0.0,156,3120000,1,0.0266161747276783,0.00018300000000000057,75.86652268845434,1.9269223901600883,0.007446012739389659,32.85570477372922,11.873491525650024,1.6359491348266602,13.509442567825317,1.1177063186096348e-07,4.9972534554854064e-08
-347.11903824280967,0.0,1000.0,0.0,157,3140000,1,0.02079748921096325,0.00018225000000000058,71.31551091434856,1.0772876484325518,0.0049985259259565954,33.346169834319774,11.242383241653442,1.6728932857513428,12.91527771949768,-1.1482238448934368e-07,-1.12152100939511e-07
-309.5382101632584,0.0,1000.0,0.0,158,3160000,4,0.03083045594394207,0.0001815000000000006,82.47509028050847,1.2192179117197046,0.00025106244794905375,34.07699454859042,11.285144090652466,6.204521656036377,17.48966670036316,6.361007365285332e-08,-3.013610694324598e-08
-280.38722853132646,0.0,1000.0,0.0,159,3180000,1,0.03480132669210434,0.0001807500000000006,77.79545295276581,1.0029439882824596,0.002866679131568145,34.89733418717552,11.154131650924683,1.5424702167510986,12.696602821350098,-7.915496524901755e-08,3.9577482624508775e-08
-266.71382424943624,0.0,1000.0,0.0,160,3200000,2,0.0251966193318367,0.0001800000000000006,77.77156478071365,0.8786499559784088,0.0021143259823518676,35.68151761015383,11.504871368408203,3.2257497310638428,14.730622053146362,2.8514861583062157e-08,-1.907348723406699e-09
-246.9412468152172,0.0,1000.0,0.0,161,3220000,1,0.02419184520840645,0.00017925000000000062,63.27317234502433,1.3077768819591107,0.006226946308185308,36.46330757262989,11.223156452178955,1.5537323951721191,12.77689003944397,-4.014968979504374e-08,-7.743835794826737e-08
-225.43577723459907,0.0,1000.0,0.0,162,3240000,1,0.02008846215903759,0.00017850000000000063,65.57153196609059,1.4278806342294041,0.004540335098370767,36.86203522118517,11.251407384872437,1.565730094909668,12.817139387130737,3.0708314113780943e-08,1.4686584393075464e-08
-207.3467774263022,0.0,1000.0,0.0,163,3260000,2,0.021009618416428566,0.00017775000000000063,87.69341288130884,0.8777371130574244,0.0029843226714898795,37.69767981215407,13.405569553375244,3.112717866897583,16.51828908920288,5.62667867853861e-09,-4.653930574249898e-08
-189.55390199855321,0.0,1000.0,0.0,164,3280000,1,0.025757286697626114,0.00017700000000000064,56.585798376284465,0.4964819426258532,0.005077492764826638,38.720361252562306,11.429704666137695,1.5709755420684814,13.000681400299072,2.403259280470138e-08,2.2983551062338847e-08
-167.7505985259433,0.0,1000.0,0.0,165,3300000,2,0.024186214432120323,0.00017625000000000065,106.84267769301661,0.6423103802453596,0.0026072974293715897,39.53921778133502,11.346657037734985,3.192413091659546,14.539071798324585,2.479553229406406e-09,2.651214536797397e-08
-148.95726786333557,0.0,1000.0,0.0,166,3320000,1,0.03636579588055611,0.00017550000000000066,78.42806297978655,0.4012947125842396,0.004194056647963608,40.134977614917695,11.778650999069214,1.7614140510559082,13.540066719055176,-3.8146971692576415e-10,-5.62667867853861e-09
-136.479620913455,0.0,1000.0,0.0,167,3340000,2,0.020161932334303856,0.00017475000000000067,77.76062440186644,0.5512833334148501,0.0025790555450244074,40.96129482013349,11.759459495544434,3.8782687187194824,15.637731075286865,1.1444092340440193e-09,2.14815134569335e-08
-124.21740396225513,0.0,1000.0,0.0,168,3360000,1,0.03190699964761734,0.00017400000000000068,58.293704165437354,0.5471181970434829,0.007660661675273991,41.963025809096074,11.576280355453491,1.600287675857544,13.17656922340393,2.479553229406406e-09,1.2421607742396645e-08
-100.11114866250274,0.0,1000.0,0.0,169,3380000,1,0.03478593751788139,0.0001732500000000007,70.80289319681283,0.3549437266759598,0.003299763325018624,42.32461775758396,11.340887784957886,2.07279109954834,13.413680791854858,-2.0980834847250662e-09,-1.3780593555168252e-08
-84.5806984580959,0.0,1000.0,0.0,170,3400000,2,0.02347029559314251,0.0001725000000000007,59.07469914210871,0.39760086414056084,0.004002242943066687,43.225882752634845,12.652657747268677,3.0768961906433105,15.729555606842041,3.3378602104505717e-09,1.7642974858844696e-09
-75.14996851944895,0.0,1000.0,0.0,171,3420000,1,0.024805806577205658,0.0001717500000000007,74.85220071225882,0.6489041830880192,0.003368224700192769,44.15885501166883,11.403373956680298,1.68784761428833,13.091224193572998,4.577636936176077e-09,-1.287460360543946e-09
-46.612569532341716,0.0,1000.0,0.0,172,3440000,2,0.022088460624217987,0.0001710000000000007,72.02024406670762,0.44484003161946045,0.0033358423665653877,44.76881893755148,11.69667100906372,3.0751399993896484,14.771812915802002,-8.964538444899972e-09,4.768371461572052e-11
-34.05226517635133,0.0,1000.0,0.0,173,3460000,1,0.021569224074482918,0.00017025000000000067,62.17313513435876,0.41872230029334656,0.004214089045437952,45.90646888806035,11.3132963180542,1.6082587242126465,12.921556949615479,-4.959106458812812e-09,-2.8610229740877458e-09
7.1723876396758515,0.0,1000.0,0.0,174,3480000,1,0.02761603705585003,0.00016950000000000065,44.827014274109665,0.42562487907112595,0.004787688403905105,46.783858485115225,11.350831747055054,1.5827257633209229,12.933558702468872,-1.2207030941624453e-08,-4.00543198608716e-09
15.009282506949129,0.0,1000.0,0.0,175,3500000,1,0.021395472809672356,0.00016875000000000066,75.97765331755812,0.6022676674131388,0.0033457423872745836,47.13624394815951,12.045608520507812,1.788665771484375,13.834276676177979,2.2888184680880386e-09,3.8146971692576415e-10
36.62814179330126,0.0,1000.0,0.0,176,3520000,1,0.02414633519947529,0.00016800000000000064,35.72820541881525,0.4159098501784352,0.0063932136730692635,48.15443062096739,11.615888357162476,2.151433229446411,13.767322540283203,3.051757735406113e-09,2.622604355906333e-10
66.85086819567898,0.0,1000.0,0.0,177,3540000,1,0.022425873205065727,0.00016725000000000065,43.387990520404166,0.37017441695681014,0.0047482825419939935,48.96387325689054,11.959864139556885,1.621170997619629,13.581036567687988,6.103515470812226e-09,-4.768371461572052e-11
82.67938071034314,0.0,1000.0,0.0,178,3560000,2,0.026128891855478287,0.00016650000000000063,56.12252684218434,0.3769369152264473,0.0024952556950578724,49.99693331855555,11.227149248123169,3.1098744869232178,14.33702564239502,-6.484985437538171e-09,1.4305114870438729e-09
85.2813362825481,0.0,1000.0,0.0,179,3580000,4,0.03539205342531204,0.00016575000000000064,55.66194852891441,0.30443750117152646,0.00041198998865576243,52.40708586049918,12.034679412841797,6.114789009094238,18.14947009086609,-2.5939941750152684e-08,7.629394338515283e-10
120.92069642737638,0.0,1000.0,0.0,180,3600000,1,0.021755654364824295,0.00016500000000000065,82.07749049579755,0.4104078459663513,0.004292627906623168,54.07000037732597,12.024150371551514,1.6703450679779053,13.694496870040894,3.433227480087453e-09,1.907348723406699e-09
145.8680388170065,0.0,1000.0,0.0,181,3620000,4,0.02333272621035576,0.00016425000000000066,73.61925525025438,0.35690647274398574,-1.0452268960567328e-05,55.74455650926779,11.701408863067627,7.594223976135254,19.295634508132935,-1.3732909920349812e-08,-4.768371808516747e-10
167.57482342244236,0.0,1000.0,0.0,182,3640000,1,0.023258058354258537,0.00016350000000000067,68.47181553581652,0.36450476149400585,0.003689021427041521,57.420496041782364,12.315234899520874,1.6637470722198486,13.978983163833618,-3.356933575560106e-08,1.239776614703203e-09
200.26912391057286,0.07499999999999998,1000.0,0.0,183,3660000,1,0.02195674367249012,0.00016275000000000068,57.3772888488282,0.22609952396858995,0.003911018300170716,58.448203175212626,11.226089715957642,1.6605794429779053,12.8866708278656,9.155273872352154e-09,1.907348723406699e-09
222.41451246201532,0.075,1000.0,0.0,184,3680000,6,0.020737838000059128,0.00016200000000000069,55.41480578909032,0.4529306714019328,-0.0007452589128200159,60.533630927657676,11.769919633865356,9.240883350372314,21.010804176330566,-4.005432074905002e-08,-9.536743617033494e-10
256.7747969767625,0.025,1000.0,0.0,185,3700000,3,0.02089611440896988,0.00016125000000000067,43.083189540777724,0.47307818336164353,0.0019855704842902983,62.97285474425814,11.136852264404297,4.61534309387207,15.752196788787842,-2.7465819840699623e-08,1.1444092340440193e-09
286.17395648119816,0.07250000000000002,1000.0,0.0,186,3720000,2,0.022474613040685654,0.00016050000000000068,42.1679548699254,0.44077399162391123,0.0027102423458398818,64.52372320010639,11.943437099456787,3.2292535305023193,15.172693014144897,2.8228759774151513e-08,7.629394338515283e-10
288.22373769723146,0.0025,1000.0,0.0,187,3740000,3,0.02252490632236004,0.00015975000000000068,59.480205834991,0.39711712303157815,0.0004881200632546593,66.14579235072841,11.274118185043335,5.070066928863525,16.344186544418335,-1.2969970875076342e-08,1.5258788677030566e-09
307.3951587398477,0.0,1000.0,0.0,188,3760000,2,0.022046366706490517,0.0001590000000000007,50.84445273914276,0.4589220103197776,0.0018274284737071576,68.00043221860648,11.446995258331299,3.0371766090393066,14.484172821044922,-1.7166137400437265e-09,-3.8146971692576415e-10
351.60438578103515,0.019999999999999997,1000.0,0.0,189,3780000,6,0.02280176430940628,0.00015825000000000068,29.1117645688712,0.31174917209246794,-0.0004344890578486287,70.8909959803247,11.232452392578125,10.47624921798706,21.70870304107666,2.412796007433826e-08,-1.9073485846288207e-10
381.022108305409,0.03500000000000001,1000.0,0.0,190,3800000,4,0.02545000985264778,0.00015750000000000066,31.57363613649679,0.3146773820070508,-0.0010746281302813738,73.77699595442215,12.490971565246582,8.080422163009644,20.571396589279175,-9.250641141989036e-09,-8.583068700218632e-10
419.08130637910256,0.05000000000000001,1000.0,0.0,191,3820000,9,0.02658618427813053,0.00015675000000000067,57.10757223663492,0.3494606616493231,-0.002474758711391924,77.1200910574331,12.993146896362305,14.562231302261353,27.555379152297974,5.912780931538464e-09,3.8146971692576415e-10
440.17946359867426,0.15000000000000002,1000.0,0.0,192,3840000,1,0.020008694380521774,0.00015600000000000065,44.46403087213778,0.1683248310995559,0.002523522649983914,79.00809617697621,11.624380588531494,1.7409791946411133,13.365362167358398,-2.2602081983791322e-08,-6.675719976811934e-10
465.6962299291122,0.40750000000000003,1000.0,0.0,193,3860000,1,0.0208510123193264,0.00015525000000000066,33.23044614517651,0.2601148724889222,0.005834454640793724,80.58092474404235,11.449926376342773,1.5970890522003174,13.047016382217407,-1.6975402417074292e-08,1.1444092340440193e-09
475.35020647293385,0.27749999999999997,1000.0,0.0,194,3880000,2,0.02115877903997898,0.00015450000000000064,27.142037158576063,0.20864378862059155,0.003913641649152572,82.73880196227053,11.704417943954468,3.2388105392456055,14.943229913711548,-9.822845647988743e-09,7.152557435219364e-10
510.1862461909601,0.32,1000.0,0.0,195,3900000,2,0.02298368699848652,0.00015375000000000065,48.20460009879579,0.2361048911088191,0.002906444277941657,84.64509799457586,11.574531316757202,3.418525218963623,14.99305772781372,-1.850128228397807e-08,-5.722046170220096e-10
529.6469501475395,0.2125,1000.0,0.0,196,3920000,5,0.023854870349168777,0.00015300000000000066,54.30056653098938,0.18248685238460383,-0.0011141312777246245,86.8027713665947,11.565539360046387,8.212361574172974,19.777902364730835,-1.7929076889799944e-08,1.5258788677030566e-09
556.6873780756566,0.30500000000000005,1000.0,0.0,197,3940000,3,0.020277494564652443,0.00015225000000000066,39.12166055602133,0.25443121133108365,0.0018659195836923056,89.08620322068025,11.231160402297974,5.287440061569214,16.518601417541504,1.1587142800806305e-08,2.2888184680880386e-09
570.2457481850106,0.43249999999999994,1000.0,0.0,198,3960000,2,0.026791971176862717,0.00015150000000000067,34.972883881090546,0.1926259326692016,0.0033772667741980224,90.44335506061395,11.881924867630005,3.439619302749634,15.321546077728271,-1.4305114870438729e-09,1.4305114870438729e-09
590.840723120549,0.21000000000000002,1000.0,0.0,199,3980000,9,0.024166183546185493,0.00015075000000000068,30.37394660019392,0.2212860681193282,-0.0016249722620471651,93.61006195155026,11.726274251937866,15.266897439956665,26.99317479133606,-1.0490417423625331e-08,1.4305114870438729e-09
627.2570236833046,0.585,1000.0,0.0,200,4000000,3,0.024329928681254387,0.0001500000000000007,29.903877067362792,0.14198890510902873,0.00038006262609752985,96.16726145881434,11.819113969802856,4.658373594284058,16.477489471435547,-9.727478378351861e-09,4.5299530793130316e-10
229.7992647657914,0.9775000000000003,1000.0,0.0,201,4020000,2,0.02301558293402195,0.0001492500000000007,22.66044608358377,0.26508501730264183,0.004217094815962504,97.05291315389518,11.634433031082153,4.421284198760986,16.05571937561035,-4.7731401053852096e-08,-2.8610229740877458e-09
-158.36677310631364,1.7599999999999998,1000.0,0.0,202,4040000,31,0.020009813830256462,0.00014850000000000068,9.258234104421671,0.12157126490841032,-0.012719858943846675,104.05555569411774,11.531026601791382,56.85970330238342,68.39073181152344,-8.31604012319076e-08,-2.38418573772492e-09
-148.24510835352018,2.1224999999999996,1000.0,0.0,203,4060000,11,0.021835004910826683,0.00014775000000000066,16.08764259149749,0.12687245113036677,-0.006895315211110473,111.5897850171792,11.455892086029053,20.39010787010193,31.846001148223877,-2.3002624516266224e-07,9.900331221501801e-09
-130.44814702523985,1.645,1000.0,0.0,204,4080000,14,0.023229103535413742,0.00014700000000000065,11.21989224545763,0.08371095785582952,-0.009184260832975542,116.70938029565642,11.529524803161621,24.4881694316864,36.01769685745239,-3.356933575560106e-08,4.851818058426716e-09
-106.03047632935977,2.1850000000000005,1000.0,0.0,205,4100000,13,0.022624319419264793,0.00014625000000000065,10.216556763174376,0.07828639193629568,-0.011038954064852412,121.96151732273435,12.417834758758545,25.792918920516968,38.210755825042725,-3.1685829071648186e-08,1.6510486311460681e-09
-51.93154655756439,2.0025000000000004,1000.0,0.0,206,4120000,5,0.020936058834195137,0.00014550000000000066,11.387008180405005,0.07431191884861968,-0.009954349779949401,124.84183923885846,11.372797966003418,8.472978591918945,19.84577775001526,-3.9768220716496216e-08,3.933906533859499e-10
40.423193810943246,1.9375000000000004,1000.0,0.0,207,4140000,5,0.023944178596138954,0.00014475000000000067,12.982090359221631,0.08436250656890792,-0.011598574889514345,127.12942958746474,11.982828140258789,10.319472551345825,22.30230212211609,1.3256072683986986e-08,3.337859988405967e-10
141.99973154136404,3.3299999999999996,1000.0,0.0,208,4160000,6,0.021705884486436844,0.00014400000000000065,18.145467353958924,0.1365996695027406,-0.01075919392665985,130.4541828533331,12.651915550231934,10.262056827545166,22.913973808288574,-7.152557435219364e-10,7.867813067718998e-10
172.88477871663622,2.5174999999999996,1000.0,0.0,209,4180000,10,0.024038970470428467,0.00014325000000000064,11.546340902849508,0.09726622067510891,-0.011102109463117755,135.72718517559406,11.846831321716309,18.33738660812378,30.184219121932983,1.840591501434119e-08,-4.768371461572052e-11
225.7994374649317,3.4549999999999996,1000.0,0.0,210,4200000,9,0.02193397283554077,0.00014250000000000064,11.713282989617735,0.10017146416772837,-0.010404057600752,140.54393517789072,11.379788160324097,15.895821809768677,27.27561092376709,3.8146971692576415e-10,1.072883587527329e-10
258.81855498544377,3.09,1000.0,0.0,211,4220000,10,0.022138848900794983,0.00014175000000000063,15.459001297387072,0.1299223289286462,-0.008210541715900513,146.65528646840835,12.825525283813477,17.178833961486816,30.00436019897461,2.7513504363696484e-08,3.0994415367580075e-10
288.7398225819842,3.9125,1000.0,0.0,212,4240000,11,0.02049344778060913,0.0001410000000000006,12.797306772930623,0.13242905281079462,-0.009440635606611915,153.56539653741513,11.415949583053589,21.150346517562866,32.56629753112793,-4.234313877304885e-08,-4.768371461572052e-11
319.738152384235,4.025,1000.0,0.0,213,4260000,11,0.02048814855515957,0.0001402500000000006,20.49153860329266,0.2066680998889004,-0.009353353447710103,161.49837858857646,11.563254594802856,19.08291220664978,30.646170139312744,1.7261506002341775e-08,4.291534350109316e-10
363.80411667123366,5.0875,1000.0,0.0,214,4280000,8,0.024008186534047127,0.00013950000000000057,22.26336699248122,0.1582564463342031,-0.006243474287120031,167.87908038544577,11.357229232788086,13.558750629425049,24.91598105430603,-4.005432074905002e-08,-1.9073485846288207e-10
375.50028493609443,4.65,1000.0,0.0,215,4300000,8,0.02221868745982647,0.00013875000000000058,26.653357622436822,0.18790744518051847,-0.004651971847025719,172.58129311217286,11.923066854476929,15.976196527481079,27.89926505088806,-1.1539459165987864e-08,-1.0490417423625331e-09
421.0352259642924,6.9925,1000.0,0.0,216,4320000,12,0.020674627274274826,0.0001380000000000006,21.941079883720167,0.2228479455021846,-0.007898533976562688,179.0205665198378,11.319047689437866,23.06117296218872,34.38022232055664,3.0755995084064125e-08,-3.5524367891781594e-09
459.8172764145115,7.8625,1000.0,0.0,217,4340000,12,0.020321331918239594,0.00013725000000000057,28.427307009950866,0.23577993122525553,-0.007559603829104433,185.95213157808183,12.74741816520691,22.500020742416382,35.24744009971619,-3.862381081631838e-09,-1.0967254882032762e-09
494.01222163554604,7.8625,1000.0,0.0,218,4360000,11,0.020016783848404884,0.00013650000000000058,34.6138203664121,0.36623984824994815,-0.006692067174876075,192.77402471298055,12.33940076828003,19.899751663208008,32.239155530929565,2.007484489752187e-08,9.536743617033494e-10
534.2284174081171,9.794999999999998,1000.0,0.0,219,4380000,8,0.02253887616097927,0.0001357500000000006,30.601981386018636,0.2925646094063791,-0.005797805450652122,199.6426631574052,12.210625410079956,14.105701923370361,26.316328287124634,-2.2172928382246937e-08,4.649162166359133e-10
491.2515804466417,7.19,1000.0,0.0,220,4400000,9,0.020690718665719032,0.0001350000000000006,23.556640916823664,0.26105587980929823,-0.005338374977043037,204.60437938512788,12.406550645828247,18.848943948745728,31.255496978759766,5.817413217812373e-09,-1.5258788677030566e-09
540.3724634744184,11.220000000000002,1000.0,0.0,221,4420000,9,0.021188154816627502,0.0001342500000000006,38.23936271972169,0.5038267463011906,-0.003746618488600182,208.98758957239596,13.9355947971344,15.331451654434204,29.2670476436615,2.4223327343975143e-08,2.6702879907247734e-09
571.3244870386934,10.924999999999999,1000.0,0.0,222,4440000,9,0.020330779254436493,0.0001335000000000006,30.84831393641024,0.41228070744849876,-0.004990249887601574,215.26545322081026,11.579078435897827,18.588471174240112,30.167550563812256,1.4495849853801701e-08,-9.536742923144104e-11
631.6711558024807,14.715,1000.0,0.0,223,4460000,15,0.02175789512693882,0.00013275000000000057,61.62554347431317,0.9088146586260729,-0.007718564840420461,220.91553963203145,12.600318670272827,27.068769693374634,39.669089794158936,1.3303756318805426e-08,9.775162013170302e-09
733.3799415118189,24.1475,1000.0,0.0,224,4480000,5,0.02144661173224449,0.00013200000000000058,61.70112472753555,1.0115021359806244,-0.0028564165209452757,224.84417970310005,12.29487681388855,10.107611656188965,22.402491807937622,-5.817413217812373e-09,-6.103515470812226e-09
674.9489158629386,17.232499999999998,1000.0,0.0,225,4500000,8,0.020182808861136436,0.00013125000000000056,54.8080150208915,0.7732154218652568,-0.0037098648364115626,229.09490484170638,11.811160802841187,14.258410692214966,26.069573163986206,1.1634826435624745e-08,-7.629394338515283e-10
728.4145395366795,19.830000000000002,1000.0,0.0,226,4520000,8,0.02016252465546131,0.00013050000000000057,71.82749163533171,1.1048568816373523,-0.0034784056075562995,233.57321094476376,11.156736612319946,13.533016681671143,24.689754247665405,-1.4114379887075756e-08,1.0204315614714687e-08
732.3179588946773,22.4925,1000.0,0.0,227,4540000,12,0.020107736811041832,0.00012975000000000055,69.00686954055477,1.0693809064868858,-0.007247065156137846,240.76584929119917,11.77408242225647,23.236088752746582,35.01017236709595,-1.668930060816365e-08,4.81605511026828e-09
820.844097436115,28.960000000000008,1000.0,0.0,228,4560000,14,0.022233130410313606,0.00012900000000000053,67.96841830893882,0.9062268511140962,-0.007804520968335036,247.25109891834896,11.544981479644775,24.411213159561157,35.956197023391724,8.678436635989328e-09,2.7656554824062596e-09
705.0044636962797,20.6325,1000.0,0.0,229,4580000,10,0.02007407322525978,0.00012825000000000054,74.95509475123006,1.1572878030923228,-0.004717681126686902,252.38224695955222,12.131083965301514,18.376548528671265,30.507635354995728,1.0299682884351569e-08,9.346008411625917e-09
837.1174903569636,35.677499999999995,1000.0,0.0,230,4600000,11,0.020422905683517456,0.00012750000000000055,83.91669306116606,1.6657495306755545,-0.005832794695784779,256.1721897928513,13.043171167373657,19.849650859832764,32.89282298088074,-2.574920721087892e-09,1.8215178698710588e-08
886.9669587444147,38.599999999999994,1000.0,0.0,231,4620000,13,0.0210842564702034,0.00012675000000000056,96.3629180062576,1.8639670537551694,-0.0054678222098193,259.9887641537362,14.155148267745972,26.18651819229126,40.341668367385864,-8.201599399626502e-09,-7.3909758313561724e-09
784.4062323447606,27.435000000000002,1000.0,0.0,232,4640000,9,0.02001471258699894,0.00012600000000000054,92.45317150152529,1.58949206621883,-0.005407164982669809,265.7424061822265,11.705219268798828,15.800606966018677,27.5058274269104,-1.4305114870438729e-09,1.3351439953623867e-09
1012.6328740245347,44.5125,1000.0,0.0,233,4660000,17,0.02267524041235447,0.00012525000000000055,117.30124499559895,2.211611804277058,-0.007608796704841963,271.78285231910195,11.891690254211426,30.39498543739319,42.286677837371826,5.722046170220096e-10,-1.4877318932349226e-08
1034.1421986526402,47.905,1000.0,0.0,234,4680000,8,0.020655591040849686,0.00012450000000000053,114.3525134549735,2.0867961446364847,-0.00444170518758924,277.3745126937525,11.786340951919556,14.268523454666138,26.05486559867859,-6.008148201175345e-09,-1.7166137400437265e-09
862.3845622865399,32.62,1000.0,0.0,235,4700000,18,0.020677870139479637,0.00012375000000000054,94.539468802837,1.8101502140923769,-0.008136982590373027,282.45270345767085,11.477223873138428,32.95102405548096,44.4282500743866,-7.629394893626795e-09,2.8610229740877458e-09
973.859700789602,42.125,1000.0,0.0,236,4720000,8,0.020840033888816833,0.00012300000000000052,121.91408304208383,2.240434043204632,-0.004795577615955488,288.4590092131886,11.64095401763916,17.25142526626587,28.89238214492798,-1.2326240472759764e-08,-7.438659466174613e-09
1024.8887986974396,49.252500000000005,1000.0,0.0,237,4740000,16,0.023932170122861862,0.00012225000000000053,130.86282692092675,2.605899350057109,-0.00629422991275646,293.3545472812348,11.636489868164062,30.13204050064087,41.76853156089783,-4.577636936176077e-09,8.583068700218632e-10
1131.5103651992772,56.989999999999995,1000.0,0.0,238,4760000,17,0.020782431587576866,0.00012150000000000053,137.27817493891092,2.7202996495544767,-0.007891351040389709,299.2275544503335,12.0242280960083,31.13004183769226,43.15427088737488,-4.577636936176077e-09,-1.907348723406699e-09
1130.8038668732001,55.845000000000006,1000.0,0.0,239,4780000,5,0.020416278392076492,0.00012075000000000052,152.57693526295427,3.103895618321416,-0.0017217876696096251,303.09276294647316,12.067121982574463,8.65814471244812,20.725269079208374,4.81605511026828e-09,1.0013580187262505e-08
1112.4313822421134,57.697500000000005,1000.0,0.0,240,4800000,10,0.020657652989029884,0.00012000000000000052,131.06609167519468,2.7203462905015425,-0.004226674128639194,305.49248460276056,11.891634702682495,17.9032781124115,29.794914722442627,-5.912780931538464e-09,2.0217894913798773e-08
1216.4136095729743,61.91749999999998,1000.0,0.0,241,4820000,8,0.020538384094834328,0.00011925000000000051,157.00510662127607,3.4152452351091007,-0.004175574018767984,308.60435738121737,11.817778825759888,15.007898330688477,26.82567834854126,-2.336502102906479e-09,-1.907348723406699e-09
1201.9473258872188,67.76,1000.0,0.0,242,4840000,9,0.02095719240605831,0.00011850000000000051,135.47028173704624,2.7469017502895094,-0.0058509051382960205,311.0722668383364,12.29077935218811,16.851744413375854,29.142525911331177,1.273155181280572e-08,9.155273872352154e-09
1207.2380486715506,66.86500000000001,1000.0,0.0,243,4860000,8,0.021986737847328186,0.0001177500000000005,147.09937623209848,3.260483518671304,-0.0038775178561427483,315.20027083863084,11.825064182281494,14.324294567108154,26.14936113357544,4.386901952813105e-09,8.678436635989328e-09
1424.7668414488612,89.9725,1000.0,0.0,244,4880000,7,0.020942119881510735,0.0001170000000000005,170.88634464154228,3.8099678089933167,-0.0025013573838602744,318.39515802339025,11.19563341140747,13.395520448684692,24.59115505218506,-7.2479249269008506e-09,2.2029876589613195e-08
1437.8337131711944,93.52000000000001,1000.0,0.0,245,4900000,8,0.021882031112909317,0.0001162500000000005,174.72264207437777,3.7352340243780575,-0.004140954822660409,321.6823723156231,11.621124267578125,14.217380285263062,25.838507413864136,9.918212917625624e-09,-1.506805347162299e-08
1272.0860334474812,75.65999999999998,1000.0,0.0,246,4920000,12,0.02068992145359516,0.00011550000000000049,133.93183119330035,2.894324512463916,-0.0055814873237714285,326.58347333556674,11.592753648757935,22.347731828689575,33.940486431121826,-7.534026735811494e-09,-1.277923544762416e-08
1431.6470711654263,97.725,1000.0,0.0,247,4940000,11,0.020557710900902748,0.0001147500000000005,185.4449041268523,4.71837515717428,-0.005383950785749719,333.15349837454676,12.014255046844482,20.839010000228882,32.85326790809631,3.433227480087453e-09,-1.8692016823251834e-08
1516.5113366892392,108.99000000000001,1000.0,0.0,248,4960000,13,0.023494748398661613,0.0001140000000000005,164.57960703379402,4.491883149513831,-0.00635382077620294,339.0736937786561,12.064336776733398,23.572815895080566,35.6371545791626,2.6702879907247734e-09,1.3828277412031298e-09
1438.674868336167,98.475,1000.0,0.0,249,4980000,2,0.02073736861348152,0.00011325000000000049,176.28524923476928,4.348147340475942,0.0025884506200401546,341.96464319198657,11.899558305740356,3.4831130504608154,15.382673025131226,-1.239776614703203e-09,1.440048258416482e-08
1491.3397202503397,104.88999999999999,1000.0,0.0,250,5000000,11,0.02404465712606907,0.00011250000000000048,187.10511578580096,5.434894858838651,-0.005579138050224246,347.08598517762204,11.435495376586914,20.653350830078125,32.088847398757935,-4.00543198608716e-09,2.2888183792701966e-08
1973.7422639616839,160.18249999999998,1000.0,0.0,251,5020000,1,0.02160981297492981,0.00011175000000000048,153.25454669257704,8.764181693902792,0.011399862618325428,209.2201623886157,11.83802604675293,1.8788540363311768,13.71688175201416,-2.8324127043788394e-08,5.035400363340159e-08
2291.968066688408,195.065,1000.0,0.0,252,5040000,1,0.024877097457647324,0.00011100000000000048,99.91520653745998,7.716517818621553,0.008021009589036622,210.39792352743424,11.472792387008667,1.7992913722991943,13.272085428237915,-2.250671471415444e-08,6.790160966829717e-08
2294.4891025163124,201.5775,1000.0,0.0,253,5060000,1,0.02394188940525055,0.00011025000000000047,103.43024065547858,7.552878315837239,0.004215698116444075,211.15046662644457,12.453473329544067,1.7745535373687744,14.228028059005737,5.41687015243042e-08,-1.525878978725359e-08
2318.6939535991705,208.625,1000.0,0.0,254,5080000,7,0.023890677839517593,0.00010950000000000047,104.7617547415207,8.363127686453975,-0.003964022169844343,211.44341103620368,11.729215621948242,11.748064279556274,23.477281093597412,2.9945372403972215e-08,-6.790160966829717e-08
2375.3195464796963,231.8625,1000.0,0.0,255,5100000,12,0.020448986440896988,0.00010875000000000046,95.6124879458207,10.051666180864055,-0.00604851756525584,213.41091004880474,11.24029016494751,21.34062695503235,32.58091926574707,-2.8419494313425275e-08,1.7166137400437265e-09
2470.347875403817,276.46750000000003,1000.0,0.0,256,5120000,6,0.021204328164458275,0.00010800000000000046,126.95538187179322,11.346545887704348,-0.0038794430967815084,216.22233790356003,12.156088829040527,11.2811861038208,23.437276124954224,-2.7847290695603988e-08,7.324219097881723e-08
2563.9997510609014,319.06999999999994,1000.0,0.0,257,5140000,1,0.029431799426674843,0.00010725000000000045,108.07328361901232,11.698999065179795,0.005128810203042083,217.2507279368635,13.0754976272583,1.7176098823547363,14.79310941696167,3.0899048653054706e-08,-1.0089874535879062e-07
2642.224785303697,360.865,1000.0,0.0,258,5160000,7,0.021466180682182312,0.00010650000000000045,106.18483334205729,10.696548879119371,-0.0026254046547669954,219.52825383125838,11.279510498046875,11.615025281906128,22.8945369720459,-6.866454960174906e-09,1.1138916278241595e-07
2648.3386762439804,362.0575,1000.0,0.0,259,5180000,15,0.021766318008303642,0.00010575000000000044,133.02115275633855,11.572169679371566,-0.007105500526385059,222.78479067931414,11.643976211547852,27.311622381210327,38.955599784851074,-6.484985437538171e-09,-1.525878978725359e-08
2713.0272545866455,399.3,1000.0,0.0,260,5200000,5,0.02277986705303192,0.00010500000000000044,95.46554741052012,12.758956608757044,-0.0014564147599922203,224.4283616038557,11.783143520355225,8.440306425094604,20.223450899124146,4.711151291303395e-08,1.2817382355478912e-07
2757.7061848066787,418.8449999999999,1000.0,0.0,261,5220000,6,0.02253769151866436,0.00010425000000000043,90.91450379222346,13.443258020697565,-0.001879041056997709,225.53631649484524,11.268627405166626,11.78889799118042,23.05752682685852,3.8909913513407446e-08,1.5869140668200998e-07
2802.5863825793303,437.5275,1000.0,0.0,262,5240000,20,0.023226724937558174,0.00010350000000000043,121.7924412779153,11.829586048438527,-0.007818726406167872,229.38991039629562,11.496066570281982,36.43567752838135,47.931745290756226,-4.539489850685641e-08,6.179809730610941e-08
2836.3189587304087,455.4199999999999,1000.0,0.0,263,5260000,13,0.02033822610974312,0.00010275000000000042,80.19603761076253,11.290264433155073,-0.006315099384885626,233.6641080438666,11.45183515548706,23.65554976463318,35.107386112213135,3.1471252270875993e-08,-3.204345588869728e-08
2875.3227329175006,475.55000000000007,1000.0,0.0,264,5280000,4,0.021085510030388832,0.00010200000000000042,100.80469835756686,11.074816937263781,-0.00046276762678374215,237.1512416803037,11.456194639205933,7.022775650024414,18.478971242904663,-3.833770634287248e-08,-3.051757735406113e-09
2935.2801267176883,506.6825,1000.0,0.0,265,5300000,9,0.025440877303481102,0.00010125000000000041,103.96313585166945,10.016282901300112,-0.004660825323932373,240.66975221373232,11.192950248718262,17.185031175613403,28.37798261642456,4.577636936176077e-09,3.280639759850601e-08
2928.486834221033,503.3349999999999,1000.0,0.0,266,5320000,13,0.02483638934791088,0.00010050000000000041,85.24798450624658,11.107149770319037,-0.005624043802268625,244.1576563998504,11.641480445861816,25.452160596847534,37.093642473220825,4.005432074905002e-08,-4.577636758540393e-08
2958.7542679620406,515.485,1000.0,0.0,267,5340000,6,0.020406456664204597,9.97500000000004e-05,99.02202658201305,10.977461333218981,-0.002284871681972235,247.10621990817296,11.614764213562012,10.391159057617188,22.005924701690674,3.4713746543957313e-08,8.354187031045512e-08
2983.861870467406,527.745,1000.0,0.0,268,5360000,16,0.02137535996735096,9.90000000000004e-05,82.33516018535383,12.856825361141382,-0.006090268179576788,251.86962820546697,11.32127833366394,27.3660147190094,38.687294006347656,8.01086397217432e-09,8.926391359409536e-08
2999.590895212389,536.01,1000.0,0.0,269,5380000,3,0.025002112612128258,9.82500000000004e-05,57.5841613481093,14.236961327167872,0.0031499826335432495,254.26774759668385,11.43111777305603,6.08838152885437,17.519500494003296,1.4114379887075756e-08,-8.16345249177175e-08
3027.8399275750044,552.6800000000001,1000.0,0.0,270,5400000,14,0.02077924832701683,9.750000000000039e-05,93.98020887744856,12.844637925306014,-0.0066057136618128,258.37693162619496,12.572429180145264,26.037644147872925,38.61007475852966,-7.629394338515283e-10,-5.7983399415206804e-08
3062.6332435023787,573.3525000000001,1000.0,0.0,271,5420000,21,0.020641062408685684,9.675000000000039e-05,119.69395425188003,12.512428857013186,-0.007049243973924289,262.76537059863443,11.32960295677185,41.268237590789795,52.5978422164917,-1.1825561863076928e-08,1.907348590179936e-08
3088.5744964545206,584.5749999999999,1000.0,0.0,272,5440000,16,0.023435624316334724,9.600000000000038e-05,201.72829733755643,12.62112785318789,-0.006744469003175376,269.08124314938874,12.580713987350464,33.418654918670654,45.999370098114014,-5.340575981449547e-09,-5.5694581391207976e-08
3101.8864279253335,590.5675,1000.0,0.0,273,5460000,12,0.023610947653651237,9.525000000000038e-05,183.58368016051028,14.570889281642577,-0.004595618686404206,275.1224898723241,11.69199800491333,20.69125199317932,32.38325262069702,1.2588500908350397e-08,-7.629394360719743e-08
3153.5707223142117,619.6525,1000.0,0.0,274,5480000,12,0.025098079815506935,9.450000000000037e-05,208.64827617060263,13.984778245417074,-0.004051213949017179,280.93183676300214,11.1434485912323,22.66671061515808,33.810160875320435,2.2888184680880386e-09,-3.280639759850601e-08
3161.845182548142,623.71,1000.0,0.0,275,5500000,12,0.020004302263259888,9.375000000000037e-05,150.01130631886605,12.58379408028433,-0.006483993180967962,287.48499413471,11.680400371551514,20.840948820114136,32.521350383758545,1.3160705414350105e-08,-7.400512913591228e-08
3170.013523806862,633.74,1000.0,0.0,276,5520000,1,0.021130187436938286,9.300000000000036e-05,214.31144539464395,14.723752247258878,0.003718943153612149,289.6627255765775,11.256894588470459,1.7364888191223145,12.993385076522827,-1.5258788677030566e-09,1.457214295896847e-07
3192.4006157312324,639.48,1000.0,0.0,277,5540000,3,0.023785589262843132,9.225000000000036e-05,281.8634893094389,13.353850928358376,-0.00078120927625912,290.95416562016396,11.612171411514282,5.0835206508636475,16.695693731307983,3.8146971692576415e-10,1.3732909565078444e-07
3201.033585724993,646.1299999999999,1000.0,0.0,278,5560000,4,0.020075112581253052,9.150000000000035e-05,209.28296232985232,14.077284653346759,-0.0008844183194421279,292.5451270399002,11.157448768615723,6.654236555099487,17.811686515808105,-4.1961669694501325e-09,9.918212917625624e-09
3187.428716951029,639.76,1000.0,0.0,279,5580000,1,0.024930177256464958,9.075000000000035e-05,183.00522430103047,14.193813448896805,0.004503809838011242,293.6050148863381,11.138316631317139,1.7635283470153809,12.901846408843994,9.918212917625624e-09,-3.128051773160223e-08
3234.785961438686,660.5450000000001,1000.0,0.0,280,5600000,4,0.021139351651072502,9.000000000000034e-05,305.5729968966767,12.745785030313193,-0.0009299037869634351,296.10321895611554,11.64799976348877,7.6722776889801025,19.320279836654663,-1.1825561863076928e-08,-8.392333938900265e-09
3235.2624085905823,659.42,1000.0,0.0,281,5620000,20,0.022564943879842758,8.925000000000034e-05,299.35669769494297,15.830392770492992,-0.0066438049400268425,300.8490497186923,12.14480209350586,38.855114698410034,50.99991965293884,-3.433227480087453e-09,5.111694179049664e-08
3252.574110038733,664.325,1000.0,0.0,282,5640000,1,0.020428087562322617,8.850000000000034e-05,120.90725893867663,16.72144289290943,0.00816838296290975,303.49485442432734,11.210538864135742,1.9020838737487793,13.112624883651733,-6.484985437538171e-09,3.9672851670502496e-08
3276.934676478915,674.3974999999999,1000.0,0.0,283,5660000,10,0.022247355431318283,8.775000000000033e-05,203.24607225850747,19.157424929804694,-0.00525551538999243,307.03734594960565,11.743746757507324,18.79011559486389,30.533863306045532,6.103515470812226e-09,7.629394893626795e-09
3283.657657840865,678.8949999999999,1000.0,0.0,284,5680000,7,0.02049768716096878,8.700000000000033e-05,304.8218658339319,16.3487839228701,-0.002854026003797262,310.9391156069931,12.829544067382812,13.297435760498047,26.12698221206665,1.7166137400437265e-09,6.103515470812226e-09
3270.5252401300922,675.1474999999999,1000.0,0.0,285,5700000,13,0.02194739505648613,8.625000000000032e-05,197.88464400468865,13.574793868230115,-0.005048489522014494,317.22184576042514,11.494996547698975,22.733661651611328,34.22865915298462,-2.2888184680880386e-09,-6.103515914901436e-08
3300.9791303468983,688.1800000000001,1000.0,0.0,286,5720000,6,0.021327681839466095,8.550000000000032e-05,193.79495402976983,12.737847275881213,-0.002399255032378375,322.34610440352725,11.935283184051514,10.029223442077637,21.964507818222046,8.583068478174027e-09,-3.7193299107229905e-08
3321.465232246973,699.4200000000001,1000.0,0.0,287,5740000,18,0.02316938154399395,8.475000000000031e-05,212.08878540815002,14.899857895823713,-0.007008600472312263,327.26995329066375,11.197822093963623,32.118398904800415,43.31622266769409,3.8146971692576415e-10,1.068115267344183e-07
3353.7803993395123,714.1899999999999,1000.0,0.0,288,5760000,9,0.020508551970124245,8.400000000000031e-05,154.57258597290343,15.899149466965865,-0.003513820128853244,331.7647815903409,12.256438970565796,16.467604875564575,28.724045515060425,7.2479249269008506e-09,-5.7983399415206804e-08
3376.830336884933,720.5200000000001,1000.0,0.0,289,5780000,2,0.024220893159508705,8.32500000000003e-05,161.98040549975997,16.873497357383705,0.002011184507725052,334.6806749337778,12.265682935714722,3.377840042114258,15.643524169921875,0.0,3.356933575560106e-08
3353.696268079491,717.3824999999999,1000.0,0.0,290,5800000,12,0.02386801689863205,8.25000000000003e-05,126.06226618830769,17.12337430889487,-0.006890818054903858,338.1340857963846,11.651685237884521,23.515153646469116,35.16684055328369,4.1961669694501325e-09,-7.629394893626795e-09
3396.687475109206,732.5325,1000.0,0.0,291,5820000,10,0.023540066555142403,8.175000000000029e-05,402.9551217977993,17.034398063760214,-0.005392066447343974,342.1060960373559,13.009889841079712,21.768076419830322,34.777968883514404,-7.629394338515283e-10,6.561279519701202e-08
3459.596698895094,750.16,1000.0,0.0,292,5840000,7,0.020114267244935036,8.100000000000029e-05,386.11921184457964,14.216793542145485,-0.0028369788967569443,346.35703351757724,11.651837825775146,14.550406694412231,26.20224666595459,6.866454960174906e-09,-2.2125243859250077e-08
3483.68130629113,759.3924999999999,1000.0,0.0,293,5860000,4,0.023259563371539116,8.025000000000028e-05,344.0210145365316,14.289389429762721,-0.0019238386528206447,348.352768748713,11.592432498931885,7.905230283737183,19.497665405273438,-1.907348723406699e-09,-3.204345588869728e-08
3478.0778101603755,757.5825,1000.0,0.0,294,5880000,7,0.025379132479429245,7.950000000000028e-05,325.38375126200145,11.857805395387505,-0.003126503322558288,352.8924927426386,11.099053859710693,12.082953929901123,23.18200945854187,-1.1444092340440193e-09,-7.629394893626795e-09
3498.412781818092,764.8699999999999,1000.0,0.0,295,5900000,1,0.0251347366720438,7.875000000000027e-05,254.6669700793184,13.019249723361323,0.0029665167880848576,355.90878383648663,12.159545421600342,1.675748586654663,13.83529543876648,-3.8146971692576415e-10,-5.7983399415206804e-08
3520.5482096670908,769.1024999999998,1000.0,0.0,296,5920000,3,0.025750359520316124,7.800000000000027e-05,273.7176906516631,11.465696931012268,-0.0006018894619414537,357.4396524480103,11.958521127700806,5.107163190841675,17.065685510635376,7.629394338515283e-10,-1.3732909920349812e-08
3506.16105081392,766.7049999999999,1000.0,0.0,297,5940000,10,0.023180466145277023,7.725000000000026e-05,181.6533047459758,12.703226971321593,-0.00491690110287275,362.0585012905133,11.448593378067017,19.647281169891357,31.095877170562744,1.1825561863076928e-08,-4.959106547630654e-08
3521.1048414874845,771.8950000000001,1000.0,0.0,298,5960000,4,0.020155560225248337,7.650000000000026e-05,291.2569980682276,11.833847593956481,-0.0010986616246412679,365.5127206138148,11.23532247543335,7.88007378578186,19.11539936065674,3.051757735406113e-09,3.356933575560106e-08
3544.277548598437,778.7025,1000.0,0.0,299,5980000,4,0.022047802805900574,7.575000000000026e-05,178.26785887087496,10.102504576357028,8.717912733525085e-05,366.8904790665014,12.472148418426514,7.467160940170288,19.939310789108276,-1.5258788677030566e-09,3.204345588869728e-08
3588.208800469657,789.6550000000001,1000.0,0.0,300,6000000,10,0.0201896782964468,7.500000000000025e-05,283.4343864885763,12.039670414970324,-0.004299855383206754,369.1130297676062,12.105323553085327,20.40723419189453,32.512558698654175,-2.2888184680880386e-09,-4.2724607851596375e-08
1902.377303509283,377.305,1000.0,0.0,301,6020000,11,0.02276095189154148,7.425000000000025e-05,228.53135076983185,7.575196607286696,-0.0004464112528668235,204.74037465570004,12.908291339874268,22.049431324005127,34.95772385597229,-6.942749308791463e-08,-3.0517577442878974e-07
390.4165247688736,0.08500000000000003,1000.0,0.0,302,6040000,23,0.026577599346637726,7.350000000000024e-05,210.25227183543205,3.953916961285021,-0.004501462769124759,207.35722653113035,12.323704242706299,41.32865023612976,53.652355909347534,3.099441414633475e-08,1.5258788677030566e-09
415.21928317137497,0.12250000000000001,1000.0,0.0,303,6060000,1,0.0232924185693264,7.275000000000024e-05,166.1409218029473,3.707818421788109,0.002541031387929147,208.8674614757014,12.010971069335938,1.7154431343078613,13.726416110992432,-1.0147094542389823e-07,1.703262313412779e-07
456.22641535351477,0.29999999999999993,1000.0,0.0,304,6080000,6,0.020213469862937927,7.200000000000023e-05,143.23643506296906,3.1327087114445065,-0.0018362661546415574,209.12055397236816,13.288240432739258,11.499829769134521,24.788071632385254,-8.392333938900265e-08,3.700256456795614e-08
504.30916953920917,0.0825,1000.0,0.0,305,6100000,14,0.021666722372174263,7.125000000000023e-05,100.65664734224488,2.327767875329483,-0.005006092324177511,210.86428434301433,12.06577205657959,25.770946264266968,37.83672022819519,-6.04629519784794e-08,2.555847231633379e-07
569.7648229878645,0.15749999999999997,1000.0,0.0,306,6120000,22,0.02336028590798378,7.050000000000022e-05,68.13952155671353,1.8954493496918658,-0.004283288798214218,214.6640527566228,12.432999610900879,44.40915131568909,56.84215259552002,1.354217538107605e-08,2.0217894913798773e-08
600.075541207973,0.28250000000000003,1000.0,0.0,307,6140000,13,0.02003198303282261,6.975000000000022e-05,108.80224687633013,4.198755456045413,-0.0036268148221749365,217.4574548773345,11.480172157287598,24.078742265701294,35.55891561508179,-7.553100545010238e-08,1.4648438195763447e-07
636.615519828507,0.7625,1000.0,0.0,308,6160000,7,0.020531488582491875,6.900000000000021e-05,100.17263424532537,2.9173877989522183,-0.0028813703318578345,219.02203625426995,11.328689098358154,13.580281257629395,24.90897250175476,5.998611385393815e-08,-6.942749308791463e-08
662.6027738089573,0.5050000000000001,1000.0,0.0,309,6180000,6,0.021377768367528915,6.825000000000021e-05,97.7680150215872,3.325555738914635,-0.0027632938139537334,220.77038637593913,11.50370168685913,11.685148239135742,23.18885064125061,2.326965287124949e-08,5.9509275729396904e-08
704.9561183824235,1.1299999999999997,1000.0,0.0,310,6200000,20,0.023903610184788704,6.75000000000002e-05,102.9092485909264,5.43406447122177,-0.003354434495250257,224.41106513757674,13.773082256317139,37.97873640060425,51.75182032585144,-2.4414061883248905e-08,-5.493163968139925e-08
743.0627117926279,1.5100000000000002,1000.0,0.0,311,6220000,20,0.02367563545703888,6.67500000000002e-05,115.4058923799009,3.1938863854819592,-0.005459664680306226,229.23587368852415,11.661393642425537,42.40344738960266,54.06484293937683,-2.6702881683604573e-08,-9.155273872352154e-09
797.4308226239893,3.4375,1000.0,0.0,312,6240000,5,0.023420201614499092,6.60000000000002e-05,134.46005802763918,2.4751209573052564,-0.0002441309478740913,232.28532434043032,12.941036224365234,10.038547277450562,22.97958469390869,-2.2888184680880386e-09,-2.6702881683604573e-08
833.5674635106559,5.464999999999999,1000.0,0.0,313,6260000,9,0.0208657905459404,6.525000000000019e-05,53.46305636052845,5.095112365052596,-0.0018177106735165296,235.50872916484667,13.604473114013672,20.57004165649414,34.174516677856445,-7.629394338515283e-10,3.662109548940862e-08
863.7709609977304,8.790000000000001,1000.0,0.0,314,6280000,14,0.020274698734283447,6.450000000000019e-05,94.71560530616833,3.3238196308919687,-0.0033938879843113503,239.26230900606464,12.780940055847168,25.867032766342163,38.64797496795654,0.0,3.051757735406113e-09
888.2448582268596,8.4325,1000.0,0.0,315,6300000,14,0.020519105717539787,6.375000000000018e-05,45.337574686105256,4.717882462155324,-0.0031795249505896022,244.30956051720707,12.377788066864014,26.83271360397339,39.210503339767456,-7.629394338515283e-10,1.0681151962899094e-08
929.4920621726922,14.655000000000001,1000.0,0.0,316,6320000,14,0.020696241408586502,6.300000000000018e-05,85.22572751286802,5.75757465092274,-0.0018835889708674978,248.3390105859921,11.55833888053894,26.008363485336304,37.56670522689819,5.340575981449547e-09,6.103515470812226e-09
969.2812702533668,20.0925,1000.0,0.0,317,6340000,16,0.02031066082417965,6.225000000000017e-05,76.628307629698,5.056112287881466,-0.0037393396580443026,253.45688723603757,12.664867639541626,29.461844444274902,42.12671375274658,2.479553273815327e-08,3.051757735406113e-09
989.1185723417673,25.877499999999998,1000.0,0.0,318,6360000,6,0.021030733361840248,6.150000000000017e-05,43.43578987405958,4.943883799262448,-0.0016805337252505956,256.97817573100485,13.433896541595459,10.835591316223145,24.269489288330078,2.7656554379973386e-08,3.433227480087453e-09
1007.3563029205318,28.214999999999996,1000.0,0.0,319,6380000,13,0.023074598982930183,6.075000000000016e-05,64.11979247651249,5.571771982364204,-0.003541622299518556,259.69573752608807,12.395216941833496,23.51645517349243,35.9116735458374,-2.4223327343975143e-08,-2.6702879907247734e-09
1062.5632431862289,40.155,1000.0,0.0,320,6400000,36,0.017754817381501198,6.000000000000016e-05,55.946524993553204,4.407436013703106,-0.00714730411955125,266.0037583719131,12.174430847167969,67.77359247207642,79.94802474975586,2.1362303925798187e-08,1.5258788677030566e-09
1093.615879419347,52.022499999999994,1000.0,0.0,321,6420000,36,0.013677114620804787,5.925000000000016e-05,44.284316379464514,4.418443778013353,-0.006148706071413848,274.20159202253393,12.25426697731018,67.70421004295349,79.95848059654236,-1.2969970875076342e-08,-2.5177001816700795e-08
1107.5817214872704,56.225,1000.0,0.0,322,6440000,36,0.01600089855492115,5.850000000000016e-05,53.879693847113906,3.9985794560639283,-0.006586866543153357,283.17947418841226,13.117354154586792,68.52456569671631,81.64192247390747,1.6212464259979242e-08,-7.629394338515283e-10
1133.5154219196997,60.76249999999999,1000.0,0.0,323,6460000,27,0.02381264604628086,5.7750000000000164e-05,83.79987010215531,3.1119017550161274,-0.0037315080110735263,290.043429846736,13.290400505065918,54.37254333496094,67.6629467010498,3.433227480087453e-09,-8.392333938900265e-09
1132.588022863471,62.8,1000.0,0.0,324,6480000,36,0.016557596623897552,5.700000000000016e-05,78.42112164756361,3.040804270452585,-0.005469247939249495,298.93890731589437,12.133440017700195,70.23300457000732,82.36644673347473,9.155273872352154e-09,1.525878978725359e-08
1163.719499752226,67.83500000000001,1000.0,0.0,325,6500000,36,0.02148585021495819,5.6250000000000154e-05,76.36116736994003,2.4398632418254524,-0.005431554165500506,307.4584025341355,11.514393329620361,72.93513011932373,84.44952607154846,3.051757735406113e-09,-6.484985437538171e-09
1181.4113386086187,75.535,1000.0,0.0,326,6520000,36,0.022365618497133255,5.5500000000000156e-05,73.46973376566949,2.6860592032223676,-0.006327797199960965,316.6298577657692,11.660762786865234,74.43405532836914,86.09481930732727,1.1444092340440193e-09,-1.5735626135437997e-08
1204.8272244027596,80.1825,1000.0,0.0,327,6540000,34,0.02047099731862545,5.475000000000016e-05,55.06871450388707,2.5284826588169165,-0.0051593131277357695,324.9792586858728,12.47884488105774,72.17580509185791,84.65465211868286,5.340575981449547e-09,2.403259280470138e-08
1212.9893049689513,82.9475,1000.0,0.0,328,6560000,36,0.01021076925098896,5.4000000000000154e-05,80.59371176923807,2.5281310887001576,-0.005268532517707464,330.8431663364225,12.038780450820923,72.15245914459229,84.191241979599,6.484985437538171e-09,3.051757957450718e-08
1245.308929896734,92.84,1000.0,0.0,329,6580000,28,0.020534977316856384,5.3250000000000156e-05,88.83768956011585,2.453755868958426,-0.005026836631312075,337.16100710682105,11.73283338546753,57.174936056137085,68.90777111053467,7.057189943537878e-09,-2.7847290695603988e-08
1244.7536615181057,94.16000000000001,1000.0,0.0,330,6600000,36,0.014935862272977829,5.250000000000016e-05,60.491435851617446,2.381832842004608,-0.005159929835567014,345.69479321908733,11.27656102180481,71.87965846061707,83.15622067451477,-6.866454960174906e-09,-2.5939941750152684e-08
1248.1431432984668,93.6225,1000.0,0.0,331,6620000,36,0.011754295788705349,5.175000000000016e-05,72.58359187132592,2.42477209592568,-0.005774132815006337,354.70777414773517,11.393073320388794,72.73194074630737,84.12501573562622,-1.0490417423625331e-08,1.754760781125242e-08
1273.682008575845,103.665,1000.0,0.0,332,6640000,36,0.01203848421573639,5.100000000000016e-05,118.31339667120173,2.590365123306558,-0.004427747071997048,362.46760994583144,12.38824987411499,70.41426205635071,82.8025131225586,3.051757735406113e-09,-4.9972534554854064e-08
1291.6727564741022,110.66249999999998,1000.0,0.0,333,6660000,31,0.020804623141884804,5.0250000000000164e-05,86.77361590294915,2.5181539217786644,-0.005911617364582182,368.4840917523394,11.907995462417603,56.97299885749817,68.88099527359009,-7.629394893626795e-09,-7.629394338515283e-10
1291.0417116204405,114.295,1000.0,0.0,334,6680000,36,0.012777972035109997,4.950000000000016e-05,126.84321336421215,2.6576787721488677,-0.007022052952624827,376.8733359063649,12.502830743789673,69.63733744621277,82.14017105102539,-7.629394338515283e-10,1.907348590179936e-08
1288.981187851768,114.35749999999999,1000.0,0.0,335,6700000,36,0.0165597815066576,4.8750000000000155e-05,135.61310812383414,2.55917192767561,-0.004775466076776955,388.65932261203255,12.12747573852539,72.17260503768921,84.30008220672607,4.577636936176077e-09,1.602172794434864e-08
1303.2486182282898,117.99499999999998,1000.0,0.0,336,6720000,36,0.013616126962006092,4.800000000000016e-05,80.99643977635458,2.631713111549986,-0.006295255395774074,399.15356342937235,12.297950506210327,65.51575040817261,77.81370258331299,-2.6702879907247734e-09,-1.4495849853801701e-08
1301.9700990758615,117.3875,1000.0,0.0,337,6740000,36,0.014053106307983398,4.725000000000015e-05,87.03578175083305,2.4350337386131287,-0.005609484745003498,407.42229254752726,13.122234582901001,69.8546953201294,82.97693252563477,-7.629394338515283e-10,1.907348723406699e-09
1305.6374092874312,119.33500000000001,1000.0,0.0,338,6760000,36,0.01150190457701683,4.6500000000000154e-05,111.33578258446019,2.468456528089044,-0.005122326107581721,414.7352600260157,11.768080234527588,70.71290445327759,82.48098564147949,-7.629394338515283e-10,2.5177001816700795e-08
1326.119948379814,124.205,1000.0,0.0,339,6780000,14,0.020658057183027267,4.575000000000015e-05,115.00647659140708,2.5148121594893014,-0.0034139032831856752,420.23950631277904,11.589544534683228,26.458499431610107,38.048046350479126,6.866454960174906e-09,3.814697446813398e-09
1313.6177657802784,120.4425,1000.0,0.0,340,6800000,36,0.015281599014997482,4.5000000000000145e-05,59.483747635574936,2.7511361465413477,-0.005075662414597715,426.43437038552986,11.805517196655273,74.36429381370544,86.16981220245361,1.5258788677030566e-09,-3.814697446813398e-09
1323.296741377373,126.33000000000001,1000.0,0.0,341,6820000,36,0.01177841704338789,4.425000000000014e-05,125.24263237044876,2.543081724372873,-0.0043595286309692635,433.1325414222227,11.120265483856201,68.13047003746033,79.25073647499084,6.294250454175199e-09,6.484985437538171e-09
1314.3331171062061,120.5125,1000.0,0.0,342,6840000,36,0.012369290925562382,4.350000000000014e-05,131.70984062963993,2.8694403205181973,-0.005994264122778001,438.50186820769926,11.703094482421875,69.40400624275208,81.10710310935974,2.2888184680880386e-09,1.7166136956348055e-08
1342.1055682921453,129.65249999999997,1000.0,0.0,343,6860000,36,0.01415668148547411,4.275000000000014e-05,99.58006949825916,2.7269039512802027,-0.006493597938678332,446.0128958244716,10.866995573043823,71.93272924423218,82.79972648620605,0.0,-1.9836425835251248e-08
1342.9362630642431,130.435,1000.0,0.0,344,6880000,36,0.011064502410590649,4.200000000000013e-05,131.9781780606853,2.644862924309373,-0.004330810670265075,452.67665660994925,12.30990219116211,69.52568769454956,81.83559131622314,0.0,3.8146971692576415e-10
1344.2443526744855,128.89749999999998,1000.0,0.0,345,6900000,32,0.021455414593219757,4.125000000000013e-05,99.85347921122758,2.5708873034380497,-0.005682529932040105,460.826374678566,12.496706247329712,66.6378664970398,79.13457489013672,-3.8146971692576415e-10,-3.814697446813398e-09
1364.0436627699123,137.61,1000.0,0.0,346,6920000,36,0.011499950662255287,4.0500000000000124e-05,91.92383797523355,2.7150651739131995,-0.005780216507457612,469.53436595901854,12.72619080543518,67.21041464805603,79.9366066455841,-3.433227480087453e-09,8.77380390562621e-09
1357.854619577478,134.23,1000.0,0.0,347,6940000,36,0.01378931850194931,3.9750000000000126e-05,101.73147253157359,2.8871488495312305,-0.005720041486680776,477.6777739628097,11.914037942886353,69.21594882011414,81.12998819351196,-3.8146971692576415e-10,-1.1444091896350983e-08
1367.176881225677,138.00500000000002,1000.0,0.0,348,6960000,36,0.01111802738159895,3.900000000000012e-05,111.73158216061726,3.2495686583456354,-0.0041677203176679984,486.0372995194451,13.288063287734985,72.34068202972412,85.62874794006348,-2.6702879907247734e-09,2.1362303925798187e-08
1381.0774639006218,141.16500000000002,1000.0,0.0,349,6980000,36,0.013697562739253044,3.8250000000000117e-05,178.49394191966059,2.713624633676751,-0.005677326453352439,494.95218124362566,11.515907287597656,70.2294864654541,81.74539518356323,-3.433227480087453e-09,3.8146971692576415e-10
1394.5045247008604,142.3825,1000.0,0.0,350,7000000,36,0.01340652909129858,3.750000000000011e-05,132.92284626617135,3.1125896211672557,-0.005510295496527522,502.2519215945026,12.203474521636963,67.21687150001526,79.42034721374512,3.051757735406113e-09,-3.814697446813398e-09
2510.204353690331,468.84000000000015,1000.0,0.0,351,7020000,36,0.013266047462821007,3.675000000000011e-05,106.56342930720976,3.9983390188985233,-0.009690199631160006,286.0578112129967,11.962820291519165,68.70596623420715,80.66878771781921,7.171630755919978e-08,4.867553684562154e-07
3555.3999656798223,776.62,1000.0,0.0,352,7040000,36,0.01365787535905838,3.60000000000001e-05,139.25000417202892,6.955002826062931,-0.009425610113159327,291.09313213279324,11.898371696472168,72.71010756492615,84.60848188400269,1.907348590179936e-08,1.328659095634066e-06
3586.7735013338925,783.0325,1000.0,0.0,353,7060000,36,0.018626965582370758,3.52500000000001e-05,178.18420725288567,10.077328337965428,-0.009971027163161183,296.0086972714317,12.203495264053345,69.65961956977844,81.86311674118042,-7.05719003235572e-08,5.424499249784276e-07
3604.243970303743,787.9875,1000.0,0.0,354,7080000,36,0.015472006052732468,3.450000000000009e-05,116.48403723729939,13.843176101025936,-0.010738067548474239,301.7217877556933,11.063338041305542,70.95259284973145,82.0159318447113,1.30462652236929e-07,2.5634764710957825e-07
3654.54219965673,802.6600000000001,1000.0,0.0,355,7100000,36,0.014039818197488785,3.375000000000009e-05,279.1667608106056,16.75174377975542,-0.009751830799805142,306.64774582239596,11.90962839126587,68.00642466545105,79.91605424880981,-1.0223388358099328e-07,3.387451101843908e-07
3665.909012941588,808.0775000000001,1000.0,0.0,356,7120000,36,0.013687588274478912,3.3000000000000084e-05,269.5559579571977,16.22728554921917,-0.009878869753967035,311.9475394246593,12.094136953353882,75.61994743347168,87.71408677101135,7.2479249269008506e-09,2.3498535028920742e-07
3647.3592642646545,804.3525000000001,1000.0,0.0,357,7140000,36,0.019580474123358727,3.2250000000000086e-05,211.1589461808345,18.145450528670086,-0.00919781581946739,317.2190850487744,12.290034532546997,73.25259447097778,85.54263043403625,-6.141662822756189e-08,4.730224745230771e-08
3690.337949223678,816.3725,1000.0,0.0,358,7160000,36,0.015392420813441277,3.150000000000008e-05,342.9340511819002,16.116571005287007,-0.008440646615416112,321.69455849806974,11.913061618804932,67.05961990356445,78.9726836681366,4.577636936176077e-09,-2.5787352342376835e-07
3706.977291460833,822.7975,1000.0,0.0,359,7180000,36,0.01283938717097044,3.0750000000000077e-05,312.7406867028637,14.888327088324703,-0.010245155099753994,326.9247318114801,11.566428422927856,74.61449313163757,86.18092441558838,-3.509521562250484e-08,-1.8463134665580583e-07
3683.028339720816,812.1000000000001,1000.0,0.0,360,7200000,36,0.014897054992616177,3.0000000000000075e-05,198.16728862042032,12.766912082005867,-0.009931649804407222,331.7315340729356,12.783592939376831,71.65577149391174,84.43936681747437,7.2479249269008506e-09,1.3427734302240424e-07
3699.3897041171854,814.7875,1000.0,0.0,361,7220000,36,0.015313999727368355,2.9250000000000074e-05,184.34732802624308,16.97530351933072,-0.00936091250342353,335.40457083986803,12.712421178817749,73.4254400730133,86.137864112854,7.2479249269008506e-09,3.051757957450718e-08
3708.56499104199,816.2125,1000.0,0.0,362,7240000,36,0.013866754248738289,2.8500000000000073e-05,256.37559888597326,17.797695293382503,-0.008798652425646236,338.87361541520545,12.835975408554077,66.6746928691864,79.51066946983337,-1.907348590179936e-08,-6.866454782539222e-08
3738.0954726206955,828.9325000000001,1000.0,0.0,363,7260000,36,0.013012190349400043,2.775000000000007e-05,249.42552185041666,14.96082415964149,-0.009184924611639275,342.74351403964596,12.858478307723999,71.80200719833374,84.66048693656921,4.310608048285758e-08,-2.1362303925798187e-08
3742.106245355992,828.1899999999999,1000.0,0.0,364,7280000,36,0.012615700252354145,2.700000000000007e-05,228.33737941748038,15.329400313336416,-0.009797106167807532,347.4203470925469,12.56888747215271,74.51330995559692,87.08219957351685,7.2479249269008506e-09,-1.5258788677030566e-09
3782.7061050567877,838.3799999999999,1000.0,0.0,365,7300000,36,0.012081603519618511,2.625000000000007e-05,160.5483816419039,13.008197714387842,-0.009668016118425356,351.1033036350823,12.117159843444824,70.83811259269714,82.9552743434906,-1.678466787780053e-08,6.713867151120212e-08
3798.0254867307312,845.0925,1000.0,0.0,366,7320000,36,0.011386695317924023,2.5500000000000068e-05,225.502108599135,18.13528422137969,-0.00899547189418729,354.9177958576824,13.412261247634888,67.50336599349976,80.91562867164612,1.754760781125242e-08,-2.4414061883248905e-08
3810.3836749247203,848.89,1000.0,0.0,367,7340000,36,0.012518252246081829,2.4750000000000066e-05,267.17973042600835,26.472109156083164,-0.008697827644831308,359.0882695949285,12.244902610778809,68.60071563720703,80.8456199169159,4.959106458812812e-09,-6.408691177739456e-08
3836.1228784833925,854.4275,1000.0,0.0,368,7360000,36,0.013822223991155624,2.4000000000000065e-05,466.93363773107615,20.055787971690904,-0.008572747074444486,360.9738045266896,12.733601331710815,70.34066247940063,83.07426500320435,1.1444092340440193e-09,5.9509275729396904e-08
3865.687139039807,863.5475,1000.0,0.0,369,7380000,36,0.013777540996670723,2.3250000000000064e-05,478.5524173466754,12.26482007875483,-0.009910079432276326,362.9920033707786,10.81248950958252,65.92681074142456,76.7393012046814,-2.2888184680880386e-09,3.662109548940862e-08
3866.9039127090036,861.7450000000001,1000.0,0.0,370,7400000,36,0.013318680226802826,2.2500000000000062e-05,389.719654324125,14.280107121159517,-0.010425614548402741,367.71072783383823,11.47736406326294,63.71626138687134,75.1936264038086,5.340575981449547e-09,-4.730224745230771e-08
3862.2635377026027,861.39,1000.0,0.0,371,7420000,36,0.014593279920518398,2.175000000000006e-05,550.9452722899491,12.126982214669196,-0.007896567198486647,371.2359129608122,11.052871465682983,62.8620662689209,73.9149386882782,1.1444092340440193e-09,9.155273872352154e-09
3857.1721692790843,855.335,1000.0,0.0,372,7440000,36,0.012820790521800518,2.100000000000006e-05,369.6895098261347,14.994972343896778,-0.009453926936760155,375.06792967514997,11.581533193588257,69.34508013725281,80.92661428451538,4.577636936176077e-09,4.425048771850015e-08
3850.217143572883,855.9274999999998,1000.0,0.0,373,7460000,36,0.010666225105524063,2.025000000000006e-05,252.93745499229362,12.977461977846284,-0.008090008962071687,377.8978599031047,11.727596998214722,65.19132113456726,76.91891980171204,-1.4495849853801701e-08,-4.806518560940276e-08
3884.694494586614,867.04,1000.0,0.0,374,7480000,36,0.011733461171388626,1.9500000000000057e-05,157.2643395406285,11.745417939186266,-0.008651158871508692,382.34895534332566,11.482481002807617,65.0986123085022,76.58109521865845,-1.1444091896350983e-08,1.2969970875076342e-08
3872.5042672733375,861.2875,1000.0,0.0,375,7500000,36,0.01224423199892044,1.8750000000000056e-05,205.2685261173878,7.601473433109391,-0.009106310041824073,386.6116405130914,11.284919738769531,69.86447620391846,81.14939904212952,-4.1961669694501325e-09,0.0
3878.2607319931076,863.8675000000001,1000.0,0.0,376,7520000,36,0.009626785293221474,1.8000000000000055e-05,142.39623074451998,9.663077235771995,-0.009202243319589758,391.2068498751607,11.96822452545166,63.65592813491821,75.62415409088135,-1.0299682884351569e-08,4.577636936176077e-09
3900.681114386546,869.6375000000002,1000.0,0.0,377,7540000,36,0.011628407984972,1.7250000000000053e-05,142.2412015588562,13.772566788483056,-0.009774387988624225,395.00626736479444,11.453424215316772,61.288877964019775,72.74230337142944,7.629394338515283e-10,1.5258788677030566e-09
3917.726340002838,873.6875,1000.0,0.0,378,7560000,36,0.00943291001021862,1.6500000000000052e-05,176.73311584690677,11.156099031432369,-0.008209670274216338,399.2387158438209,11.143075704574585,61.3331561088562,72.47623348236084,-6.866454960174906e-09,-1.9836425835251248e-08
3926.6525976152616,875.585,1000.0,0.0,379,7580000,36,0.009991628117859364,1.575000000000005e-05,272.84043381389336,20.730844315333194,-0.008365691565953702,403.4184567035408,11.040133953094482,63.192901849746704,74.23303699493408,-4.1961669694501325e-09,-7.629394893626795e-09
3947.180605028567,881.1775,1000.0,0.0,380,7600000,36,0.010719173587858677,1.5000000000000048e-05,177.23052909706854,32.07689359604276,-0.00927821547014078,406.26080651328965,10.770280599594116,64.88859009742737,75.65887212753296,-6.484985437538171e-09,3.051757957450718e-08
3969.2198287202905,889.635,1000.0,0.0,381,7620000,36,0.011181270703673363,1.4250000000000045e-05,87.39049601478699,17.650568945138303,-0.00978115183432852,409.77301054369866,11.626430988311768,62.37971115112305,74.00614309310913,3.013610694324598e-08,4.577636936176077e-09
3967.95549304994,887.8324999999999,1000.0,0.0,382,7640000,36,0.009712706319987774,1.3500000000000044e-05,103.10914454969651,6.128879141418232,-0.009805078267494735,414.7052093467943,11.015214443206787,60.68476462364197,71.69998025894165,9.53674295089968e-09,5.340575981449547e-09
3939.4795103813717,879.0975000000001,1000.0,0.0,383,7660000,36,0.009800845757126808,1.275000000000004e-05,164.6568630226631,13.694802573028083,-0.009771196944499405,420.15210649397596,11.040545225143433,60.565831899642944,71.6063780784607,6.866454960174906e-09,4.577636936176077e-09
3960.3609114540413,885.4200000000001,1000.0,0.0,384,7680000,36,0.009289761073887348,1.2000000000000038e-05,264.8197691813825,41.203782500328224,-0.008955248996652107,425.7087716917472,11.106873512268066,66.26725339889526,77.37412858009338,1.1444092340440193e-09,1.3732909920349812e-08
4009.7507218673827,898.1524999999999,1000.0,0.0,385,7700000,36,0.008958789519965649,1.1250000000000035e-05,156.46684619319916,14.112181918287598,-0.00859865347986747,429.7871609851321,11.102589845657349,63.307517290115356,74.4101083278656,3.051757735406113e-09,-7.629394893626795e-09
3999.9641301543584,891.6350000000002,1000.0,0.0,386,7720000,36,0.011235387995839119,1.0500000000000032e-05,264.34572703135024,12.617476448559533,-0.008301083870079365,433.06068982390764,10.983155012130737,66.65191173553467,77.63506746292114,3.814697446813398e-09,4.577636936176077e-09
4016.262417788375,896.885,1000.0,0.0,387,7740000,36,0.009041975252330303,9.75000000000003e-06,125.62105812009108,11.237740111035745,-0.00930195888198367,435.96477874712525,11.076987266540527,60.19053339958191,71.26752161979675,-4.00543198608716e-09,1.2207030941624453e-08
4029.1691291601483,901.8375,1000.0,0.0,388,7760000,36,0.00792481005191803,9.000000000000029e-06,403.5730601411616,10.830737892209024,-0.00760648256915522,437.8158565490094,10.76948070526123,64.3993718624115,75.1688539981842,3.051757735406113e-09,-9.155273872352154e-09
4037.0149682505144,903.51,1000.0,0.0,389,7780000,36,0.008298972621560097,8.250000000000026e-06,250.70554453081638,13.383355656921081,-0.00810547783724282,440.58165752070994,11.177947521209717,62.32099723815918,73.49894595146179,9.536743617033494e-10,-1.2207030941624453e-08
4033.664593866057,900.51,1000.0,0.0,390,7800000,36,0.007984924130141735,7.500000000000023e-06,299.5300490420297,9.390820487757122,-0.00644013494618315,443.82165469656104,10.817212104797363,62.4508581161499,73.26807165145874,3.051757735406113e-09,-9.155273872352154e-09
4043.392526928334,902.1899999999999,1000.0,0.0,391,7820000,36,0.00818559993058443,6.750000000000021e-06,172.35725315403423,18.544943779315513,-0.007595017135200228,446.57655922994996,10.701538324356079,62.02185940742493,72.72339916229248,5.340575981449547e-09,2.7465819840699623e-08
4031.5437497821285,901.8324999999999,1000.0,0.0,392,7840000,36,0.007132615894079208,6.000000000000018e-06,193.2267816651574,26.03436165272576,-0.0072654552800843035,448.9503071317446,10.779744863510132,61.55783486366272,72.33758091926575,6.103515470812226e-09,1.5258788677030566e-09
4061.046540122654,908.1674999999999,1000.0,0.0,393,7860000,36,0.007235754281282425,5.250000000000016e-06,279.7418882321245,14.845035769338933,-0.0072999755203065,451.1027021289591,11.080672025680542,61.43615221977234,72.51682710647583,2.2888184680880386e-09,-7.629394338515283e-10
4082.393360827898,910.375,1000.0,0.0,394,7880000,36,0.007696380838751793,4.500000000000014e-06,214.22086294703675,16.963977549139134,-0.0073259125458209505,453.4045405389571,10.807063341140747,62.994524002075195,73.80158972740173,-1.5258788677030566e-09,-4.577636936176077e-09
4065.1565969525946,907.9675,1000.0,0.0,395,7900000,36,0.006262453738600016,3.7500000000000115e-06,243.89262099176338,12.643979660206583,-0.006183037703596389,455.63397795298357,10.933804273605347,59.93231415748596,70.86611986160278,0.0,2.5939941750152684e-08
4086.0395038108086,912.5200000000002,1000.0,0.0,396,7920000,36,0.006022301036864519,3.0000000000000094e-06,392.74573431549913,14.507614561364209,-0.006375374711037805,457.28579317308885,11.039544820785522,62.50798320770264,73.54752898216248,4.1961669694501325e-09,-3.051757735406113e-09
4095.122673408013,911.2824999999999,1000.0,0.0,397,7940000,36,0.006150312256067991,2.2500000000000073e-06,152.14451399448708,11.313624918344471,-0.0069884276437832,458.57867006972873,10.843579530715942,61.897547006607056,72.74112820625305,-5.7220459481754915e-09,1.754760781125242e-08
4082.624391130431,911.1375,1000.0,0.0,398,7960000,36,0.005738589912652969,1.500000000000005e-06,215.50967701589295,18.51642179613973,-0.005576668629920514,459.7018397002513,10.963894605636597,62.143450021743774,73.10734581947327,7.629394338515283e-10,-1.0681151962899094e-08
4097.447579137982,911.2175,1000.0,0.0,399,7980000,36,0.004873516038060188,7.500000000000025e-07,249.58717522385868,10.167725409023044,-0.004082339060356273,460.78975729490367,10.89761734008789,64.14115524291992,75.0387749671936,-2.8610229740877458e-09,1.907348723406699e-09
4095.594579156778,912.2825,1000.0,0.0,400,8000000,36,0.004903831519186497,0.0,149.95764245265843,16.01735352163286,-0.004170672326381948,461.36685662477794,12.955286979675293,65.67817497253418,78.63346433639526,-1.1444091896350983e-08,1.0681151962899094e-08
