Metrics/EpRet,Metrics/EpCost,Metrics/EpLen,Metrics/EpSuccess,Train/Epoch,Train/TotalSteps,Train/StopIter,Train/KL,Train/LR,Loss/Loss_reward_critic,Loss/Loss_cost_critic,Loss/Loss_actor,Loss/Loss_ewc,Time/Rollout,Time/Update,Time/Total,Value/RewardAdv,Value/CostAdv
-630.8565042963511,0.0,1000.0,0.0,1,20000,36,0.010377482511103153,0.00029925,27.438833541213345,0.0016030355633290523,-0.011169486281436061,0.0,13.959426164627075,67.51793360710144,81.47736620903015,1.638412499005426e-07,4.768371808516747e-10
-640.3017137887871,0.0,1000.0,0.0,2,40000,36,0.01062418706715107,0.0002985,26.37272864992753,0.00013173740670990159,-0.012581246153081716,0.0,14.267483234405518,73.45023036003113,87.71771669387817,-1.8925666722680035e-07,-3.8258732293350306e-10
-597.5961107481266,0.0,1000.0,0.0,3,60000,36,0.01167580671608448,0.00029775,22.89349999756182,4.208578445257006e-06,-0.012780306364603361,0.0,16.924307584762573,68.61979532241821,85.54410576820374,3.929138259195497e-08,2.719461981992577e-11
-555.2531058085549,0.0,1000.0,0.0,4,80000,36,0.012626384384930134,0.000297,27.73461979942877,1.0505949012476718e-06,-0.01383452958840299,0.0,14.411651849746704,70.24304103851318,84.65469670295715,-9.965896552444065e-09,3.034248963196262e-10
-499.38499684874444,0.03500000000000001,1000.0,0.0,5,100000,36,0.012765868566930294,0.00029625,24.20186746268565,0.00035571195581206446,-0.013664029160023355,0.0,14.768476724624634,63.7062349319458,78.4747142791748,-4.558563304613017e-08,3.7550926257345907e-10
-472.976036933526,0.015000000000000003,1000.0,0.0,6,120000,36,0.012553452514111996,0.0002955,24.71166518405688,5.049899043531353e-07,-0.014098648767230932,0.0,14.159061431884766,65.45631241798401,79.61537718772888,-1.4305114870438729e-09,3.3434480184446613e-10
-439.5569419890313,0.0,1000.0,0.0,7,140000,36,0.014196319505572319,0.00029475000000000004,21.68680987376713,3.4690033356569964e-07,-0.016588942570494303,0.0,15.74507212638855,67.76411604881287,83.50918936729431,-2.6226043559063328e-08,-2.736225690469496e-10
-384.43871958470334,0.0,1000.0,0.0,8,160000,36,0.014369357377290726,0.00029400000000000004,22.24701021815345,2.4303578758119314e-07,-0.016791888309863685,0.0,13.675066709518433,64.58242082595825,78.25748872756958,-5.2452087118126656e-09,-5.941838132628163e-10
-351.71328202424587,0.025,1000.0,0.0,9,180000,36,0.015536668710410595,0.00029325000000000005,17.344682663054936,0.00043274303793541227,-0.017642631958487396,0.0,13.433296203613281,63.497297048568726,76.93059515953064,-4.959106458812812e-09,6.705522248573459e-11
-319.34891506359844,0.05250000000000001,1000.0,0.0,10,200000,36,0.016035089269280434,0.00029250000000000006,16.978464591532767,0.00043286415349061397,-0.017633978563379383,0.0,14.223392248153687,61.69669461250305,75.92008972167969,1.0490417423625331e-09,-3.8146971692576415e-10
-294.01173556745186,0.0225,1000.0,0.0,11,220000,36,0.015216650441288948,0.00029175000000000007,17.99709003467614,5.69338908025043e-08,-0.017144205287751173,0.0,13.656702280044556,75.01587414741516,88.67258071899414,-9.870529282807183e-09,-7.44126704699255e-11
-249.5335010532462,0.0,1000.0,0.0,12,240000,36,0.017146876081824303,0.0002910000000000001,16.977337195173323,3.887639409384782e-08,-0.01825434403686125,0.0,14.736678838729858,67.94886684417725,82.68554902076721,2.4175644597335122e-08,1.0137446437852304e-10
-214.64773969276456,0.0,1000.0,0.0,13,260000,36,0.016657918691635132,0.0002902500000000001,12.578272644915732,2.6801660730472242e-08,-0.019157682722503004,0.0,13.49010419845581,65.61673307418823,79.10683870315552,1.9454956756703723e-08,-8.041970561700751e-11
-189.12168919855836,0.0,1000.0,0.0,14,280000,36,0.01916705258190632,0.0002895000000000001,13.059107307766531,1.947857182668684e-08,-0.021270378760234406,0.0,13.422028541564941,64.5619158744812,77.98394727706909,-4.0340424334317504e-08,-6.405170838164054e-11
-157.71572381508338,0.0,1000.0,0.0,15,300000,36,0.01717195101082325,0.0002887500000000001,15.733425141269533,1.3665219443610033e-08,-0.01916848780785019,0.0,13.734063625335693,70.24880933761597,83.98287630081177,-4.3725968623675726e-08,-4.332978420507061e-11
-112.57732844927776,0.0,1000.0,0.0,16,320000,36,0.018126366659998894,0.0002880000000000001,12.800940746358831,9.926768277099378e-09,-0.02005232377985329,0.0,13.604785442352295,64.74951934814453,78.35430765151978,-5.340575981449547e-09,1.2246891868683552e-11
-94.1449625868099,0.0,1000.0,0.0,17,340000,33,0.020638760179281235,0.0002872500000000001,11.72809551549057,6.941321155323514e-09,-0.02100054799851024,0.0,14.006278038024902,58.13980293273926,72.14608502388,-4.8446654687950286e-08,-4.915054821474918e-11
-37.68684105328053,0.0,1000.0,0.0,18,360000,36,0.01933140866458416,0.00028650000000000013,13.398041291697295,4.9476909113523175e-09,-0.021074913921165103,0.0,13.48969578742981,64.44709420204163,77.93679237365723,2.956390465769232e-09,-4.481989866050862e-12
12.179591540753666,0.0,1000.0,0.0,19,380000,36,0.01864270679652691,0.00028575000000000014,15.01454981248515,3.535663242559126e-09,-0.0209353374713646,0.0,13.908886909484863,63.55776882171631,77.46665930747986,-1.1634826435624745e-08,2.5203917078386873e-11
35.097260055888825,0.015,1000.0,0.0,20,400000,25,0.02074446715414524,0.00028500000000000015,14.240067356036494,0.00043351738338350817,-0.019276965682844097,0.0,14.3648362159729,47.56933951377869,61.934178829193115,-5.197525076994225e-09,-2.525746833903497e-10
89.98306481467402,0.035,1000.0,0.0,21,420000,34,0.020137926563620567,0.00028425000000000016,16.339952773963613,4.4780196089336544e-10,-0.019928657394254347,0.0,13.715190172195435,65.95280385017395,79.66799664497375,1.2969971407983394e-07,6.225309330532003e-12
136.93183486633794,0.03750000000000001,1000.0,0.0,22,440000,32,0.02078259363770485,0.00028350000000000017,18.025581194569888,0.0004343340625661144,-0.02151258174593511,0.0,14.073686838150024,58.500727891922,72.57441639900208,1.4591217123438582e-08,1.7285346765039122e-10
171.7973392469427,0.0125,1000.0,0.0,23,460000,30,0.020424839109182358,0.0002827500000000002,18.81538347360044,4.4221340124506074e-10,-0.02103750011422478,0.0,13.39218020439148,59.5728600025177,72.96504402160645,4.868507375022091e-08,9.892391593380179e-12
244.61139103932533,0.14000000000000004,1000.0,0.0,24,480000,19,0.020292244851589203,0.0002820000000000002,21.01649577521027,0.002407257251014668,-0.01727152970724111,0.0,16.004863500595093,35.74772810935974,51.75259280204773,2.2792816523065085e-08,-4.678964438120659e-10
323.4110256646142,0.08000000000000002,1000.0,0.0,25,500000,16,0.02022075280547142,0.0002812500000000002,25.362848353652527,0.00043200253897737235,-0.014649460205254844,0.0,14.213607549667358,30.305567979812622,44.519179344177246,9.155273872352154e-09,-3.427267150635238e-11
372.50379481052494,0.26,1000.0,0.0,26,520000,26,0.02060968056321144,0.0002805000000000002,23.581548736616327,0.004682177189767396,-0.018453394886650765,0.0,13.926215410232544,45.074548959732056,59.000768184661865,9.536743617033494e-10,-2.503394991304475e-10
414.42377279262956,0.465,1000.0,0.0,27,540000,27,0.021135326474905014,0.0002797500000000002,32.275926988656074,0.0038109364167443825,-0.016072940519992043,0.0,13.51427936553955,49.75112581253052,63.26540946960449,-6.818771680627833e-08,1.2695788864647284e-09
538.9240602069528,0.51,1000.0,0.0,28,560000,23,0.02033122256398201,0.0002790000000000002,32.32977101868731,0.010929748870145,-0.01694969297186185,0.0,13.924438953399658,39.75951290130615,53.68395495414734,-1.0318755983007577e-07,9.417533419764368e-10
537.4952715184136,0.9924999999999999,1000.0,0.0,29,580000,26,0.020514095202088356,0.00027825000000000023,38.244234485748095,0.021362857385049578,-0.0162107217850923,0.0,14.405193567276001,47.42430114746094,61.82949781417847,-4.1961669694501325e-08,-1.7493962944925556e-09
573.6507585987462,1.2425,1000.0,0.0,30,600000,15,0.02060016058385372,0.00027750000000000024,27.122039386436455,0.011058510372548336,-0.016436604343263453,0.0,13.719919681549072,26.967885732650757,40.6878080368042,7.820129432900558e-09,3.5166741740866314e-10
659.8894085238221,1.9675,1000.0,0.0,31,620000,23,0.020015712827444077,0.00027675000000000025,34.543136738955866,0.03941901337290788,-0.017021215533283205,0.0,13.827560424804688,42.22000789642334,56.047571420669556,9.727478378351861e-09,1.5497207961345794e-09
725.1542878465538,2.245,1000.0,0.0,32,640000,20,0.020361989736557007,0.00027600000000000026,41.84789366584997,0.07914923968347022,-0.014660026287059702,0.0,13.807641983032227,33.77852511405945,47.586169719696045,-1.125335735707722e-08,-2.3484230116110894e-09
776.8365716160454,2.9349999999999996,1000.0,0.0,33,660000,18,0.020887667313218117,0.00027525000000000027,41.70752996462306,0.06630501391089735,-0.014828607964669617,0.0,13.973017454147339,30.808135747909546,44.781155586242676,2.3651123726153855e-08,-3.933906533859499e-10
811.6654223757993,4.0125,1000.0,0.0,34,680000,9,0.021798579022288322,0.0002745000000000003,51.85270236187638,0.07393507764519007,-0.011284591519347542,0.0,13.314135551452637,15.393720626831055,28.707857847213745,-1.0337829792206321e-07,1.7523765771798594e-09
922.097880539269,5.384999999999999,1000.0,0.0,35,700000,12,0.020619504153728485,0.0002737500000000003,50.4157414827357,0.10627953141245344,-0.012562081624599545,0.0,15.297212600708008,23.479468822479248,38.77668356895447,6.408691177739456e-08,-5.483627441016381e-10
871.4489683280406,6.615,1000.0,0.0,36,720000,17,0.020444253459572792,0.0002730000000000003,51.233115603972635,0.17159370485090422,-0.013095497166520179,0.0,14.258847951889038,28.843106508255005,43.10195755958557,5.035400363340159e-08,-6.818771325356465e-09
933.837618324524,7.225000000000001,1000.0,0.0,37,740000,13,0.022928357124328613,0.0002722500000000003,46.539632792084944,0.15046153934093404,-0.011889032696818479,0.0,13.955152988433838,25.135369300842285,39.09052538871765,5.054473817267535e-08,-7.605552632128365e-09
1016.0877353535928,8.4125,1000.0,0.0,38,760000,13,0.020251652225852013,0.0002715000000000003,45.452071542381276,0.15033045719872312,-0.01165421412887844,0.0,13.499926328659058,22.589179515838623,36.08910918235779,1.7929076889799944e-08,-5.292892346631106e-09
1004.0742820498235,8.4775,1000.0,0.0,39,780000,15,0.02020648866891861,0.0002707500000000003,58.62828247184063,0.17181843426336432,-0.012454745010795177,0.0,13.512241125106812,26.727694034576416,40.2399377822876,1.7356873271978657e-08,1.5497207961345794e-09
1109.0699604227423,12.4075,1000.0,0.0,40,800000,10,0.023396503180265427,0.00027000000000000033,57.26359446345808,0.3290844413966607,-0.01016210333128778,0.0,13.888674974441528,17.321674823760986,31.210353136062622,-1.277923544762416e-08,-9.465217942761228e-09
1227.2164013262645,18.832500000000003,1000.0,0.0,41,820000,10,0.020370110869407654,0.00026925000000000034,87.04306150381558,0.468658212179574,-0.009613729445315813,0.0,14.034719944000244,19.28687334060669,33.32159900665283,-7.629394338515283e-10,1.0108947456899386e-08
1269.7241657532534,21.42,1000.0,0.0,42,840000,3,0.020139312371611595,0.00026850000000000035,80.12135226175555,0.5235782851315282,-0.0033132659779173245,0.0,13.946691989898682,5.478899240493774,19.42559552192688,-6.866454960174906e-09,1.0156631091717827e-08
1289.7158723256807,25.820000000000004,1000.0,0.0,43,860000,14,0.02013040892779827,0.00026775000000000036,79.91662121602576,0.6870036291571471,-0.010898394602177038,0.0,13.893693208694458,26.282304286956787,40.176000356674194,2.307891833197573e-08,-2.6750564430244594e-08
1324.1141374654349,32.4825,1000.0,0.0,44,880000,15,0.0210967268794775,0.00026700000000000036,67.400015232789,0.7879237051335133,-0.011524554622469665,0.0,14.035207509994507,26.536471366882324,40.57168126106262,1.506805347162299e-08,-5.912780931538464e-09
1205.0516728652085,32.49499999999999,1000.0,0.0,45,900000,16,0.02152714878320694,0.0002662500000000004,87.8456319429623,0.9962274250142966,-0.010378228253800238,0.0,13.341961145401001,29.002044200897217,42.344008684158325,8.201599399626502e-09,-2.7751923425967107e-08
1309.7529481123852,36.2325,1000.0,0.0,46,920000,10,0.020970474928617477,0.0002655000000000004,97.94623985290528,1.3732273008876714,-0.007841212299173346,0.0,14.922008037567139,16.76831841468811,31.69032907485962,-1.0681151962899094e-08,-3.814697446813398e-09
1355.1388559606119,44.27499999999999,1000.0,0.0,47,940000,5,0.023360736668109894,0.0002647500000000004,83.81975705082804,1.5594536206592766,-0.005578627470529641,0.0,13.830570459365845,8.868231773376465,22.698806047439575,3.433227480087453e-09,-3.433227480087453e-09
1366.5045045345655,49.1075,1000.0,0.0,48,960000,8,0.022139905020594597,0.0002640000000000004,83.02590820964532,1.8380007827624727,-0.007951704833486204,0.0,13.786961793899536,14.331584930419922,28.118549823760986,4.76837147544984e-09,-2.069473303834002e-08
1342.2565883513062,53.485000000000014,1000.0,0.0,49,980000,9,0.02090146765112877,0.0002632500000000004,81.19209326384208,2.025958726581293,-0.00815592833206502,0.0,13.654714107513428,16.330531358718872,29.985249280929565,1.2969970875076342e-08,-1.831054774470431e-08
1557.1667773481367,78.7975,1000.0,0.0,50,1000000,12,0.022142834961414337,0.0002625000000000004,105.78262553402918,2.9550859425712823,-0.010258951236536534,0.0,13.802743673324585,21.12159514427185,34.924341917037964,-3.261566305923225e-08,4.1961669694501325e-09
504.3746377217982,37.522499999999994,1000.0,0.0,51,1020000,1,0.036221276968717575,0.0002617500000000004,73.23495541593898,0.2146051137592084,0.011835719010950372,0.06134599353770583,13.448950290679932,1.9351460933685303,15.38409948348999,3.0899048653054706e-08,-8.583068700218632e-10
-427.9002857664661,0.20749999999999996,1000.0,0.0,52,1040000,2,0.026846222579479218,0.00026100000000000044,42.9208353434127,0.09585567207310718,0.005250946990550517,0.2851326605572868,13.737703561782837,4.082412958145142,17.820119619369507,-2.4423599143119645e-07,2.6702879907247734e-09
-467.45093842800617,0.21999999999999997,1000.0,0.0,53,1060000,3,0.030044836923480034,0.00026025000000000044,35.144045452467296,0.09698589605153306,-0.0002980552116831461,0.6326132571925751,13.641757011413574,6.111701250076294,19.753462314605713,1.773834270579755e-07,1.0251999249533128e-08
-441.8538902697643,0.17250000000000001,1000.0,0.0,54,1080000,1,0.022807229310274124,0.00025950000000000045,39.20348157517064,0.0728854502137667,0.0056137476806728225,0.9381415263151589,13.866683006286621,2.00534725189209,15.872032403945923,1.0299682884351569e-07,7.1525572131747595e-09
-375.8285876379362,0.057499999999999996,1000.0,0.0,55,1100000,9,0.02184080332517624,0.00025875000000000046,32.591874658193916,0.045972046805668014,-0.006159124365469846,1.6014570223341438,14.034509420394897,21.57657742500305,35.6110897064209,1.4686584393075464e-08,-7.140636526514754e-09
-354.67445445521696,0.0875,1000.0,0.0,56,1120000,6,0.02007255330681801,0.00025800000000000047,16.646450316944062,0.025932286538707373,-0.00525891354703766,2.7887298305448507,13.57240629196167,12.189641952514648,25.762053966522217,-4.0531158873591266e-08,5.4001807470172025e-09
-293.0313867959006,0.4050000000000001,1000.0,0.0,57,1140000,10,0.020321182906627655,0.0002572500000000005,22.330025727908833,0.02065031763386374,-0.007476345507782131,3.9449932416026203,13.564286470413208,20.23328161239624,33.79757285118103,-1.184463513936862e-07,-6.580352707175052e-09
-231.27416292314484,0.495,1000.0,0.0,58,1160000,8,0.02146296016871929,0.0002565000000000005,19.901845374808143,0.014299637526266288,-0.007596852046170885,5.22466586173152,13.80017638206482,15.666463851928711,29.466643571853638,-4.615783666395146e-08,-5.125999624766564e-10
-162.8026111630876,0.625,1000.0,0.0,59,1180000,7,0.022342748939990997,0.0002557500000000005,22.205723516367605,0.014075339015187302,-0.008455191601394234,6.456182429149563,13.753244161605835,14.494750261306763,28.247998476028442,-1.1444092340440193e-09,1.2099743429416776e-09
-135.5079865170728,0.6850000000000002,1000.0,0.0,60,1200000,1,0.022457143291831017,0.0002550000000000005,22.642905997011226,0.018298260402678252,0.001629372520116381,7.289158501183263,14.01228404045105,2.323488473892212,16.335776567459106,1.0907649894420501e-08,1.4543533044530932e-09
-106.86268507049492,0.5675,1000.0,0.0,61,1220000,10,0.020051511004567146,0.0002542500000000005,22.056331496802382,0.00995242719132358,-0.009782585047613888,8.349795389632447,14.503278255462646,21.58819818496704,36.091479539871216,2.8610229740877458e-09,7.152557435219364e-10
-46.18669495719419,0.585,1000.0,0.0,62,1240000,5,0.020473189651966095,0.0002535000000000005,23.00610526941074,0.01843860097565709,-0.006084020476871596,9.585404996902417,13.949388265609741,9.505581378936768,23.454973697662354,1.5735626135437997e-08,-1.2278557059985928e-09
-30.839747998722665,0.6224999999999999,1000.0,0.0,63,1260000,13,0.020358892157673836,0.00025275000000000053,21.210936021089964,0.013350216719746712,-0.010247663572122992,11.359039951173525,13.54859709739685,26.408709049224854,39.95730972290039,1.9073485846288207e-10,-2.0861624927537292e-11
13.558123013896045,0.8899999999999999,1000.0,0.0,64,1280000,9,0.020198868587613106,0.00025200000000000054,21.59269584609043,0.021046508376897876,-0.00726206146377672,13.54835402394255,14.682754516601562,17.55800986289978,32.24076724052429,-2.0980834847250662e-09,-5.722046170220096e-10
45.42393404169162,1.275,1000.0,0.0,65,1300000,8,0.020354045554995537,0.00025125000000000055,23.270059875786878,0.03130793626815938,-0.007461745406410987,15.558243217940529,13.591735601425171,15.544925212860107,29.136664628982544,-6.9141385949933465e-09,-2.98023217215615e-10
80.94872871155663,0.9199999999999999,1000.0,0.0,66,1320000,9,0.02284601517021656,0.00025050000000000056,16.49913129850529,0.008637347201018981,-0.010205934270006368,17.8752769535215,13.591931581497192,18.019551038742065,31.61148500442505,3.528594971768939e-09,-1.1920929521291868e-10
100.98524556495958,0.48500000000000015,1000.0,0.0,67,1340000,15,0.02177351899445057,0.00024975000000000057,17.53670273690432,0.011600166914416269,-0.012932841525898098,20.557607607287974,13.461496591567993,28.637134313583374,42.098634004592896,-1.525878978725359e-08,-4.1723252630632146e-10
132.76005726687376,0.6950000000000001,1000.0,0.0,68,1360000,9,0.02161913365125656,0.0002490000000000006,17.836388510763964,0.008893936256848985,-0.009017824754879318,23.174972694648847,13.42008638381958,18.511353492736816,31.931442737579346,1.8119812317252126e-09,2.98023217215615e-10
150.98830676948342,0.675,1000.0,0.0,69,1380000,13,0.020170249044895172,0.0002482500000000006,14.247457874820284,0.011746881675401107,-0.010196234756516707,25.608300998188056,13.9221510887146,26.939667463302612,40.86182236671448,-5.359649790648291e-08,9.536742923144104e-11
174.97534858761577,1.1600000000000001,1000.0,0.0,70,1400000,12,0.020438361912965775,0.0002475000000000006,22.038227691310155,0.02996901258852539,-0.011308113535872587,28.12120455903367,13.676520109176636,24.687394618988037,38.36391806602478,9.536742923144104e-11,-1.0251999249533128e-09
186.80101854701164,2.0825,1000.0,0.0,71,1420000,9,0.022042270749807358,0.0002467500000000006,19.452728742227766,0.06814069288326867,-0.008434019573728786,30.59206079734231,13.452484130859375,17.746619939804077,31.199106454849243,6.675720420901143e-09,1.0251999249533128e-09
197.450255271196,2.45,1000.0,0.0,72,1440000,19,0.020130455493927002,0.0002460000000000006,17.600956875195077,0.05933972140814848,-0.01292276635310469,33.52341057678141,13.733392000198364,37.10583281517029,50.83922863006592,-3.3235551200050395e-08,7.003545521300225e-10
218.29481882682768,2.2775,1000.0,0.0,73,1460000,12,0.020030973479151726,0.0002452500000000006,14.899999555942223,0.055107504643484476,-0.009580577626855125,36.389746470954094,13.659149169921875,22.97199773788452,36.631150007247925,9.536743617033494e-10,3.218650901359865e-10
224.8118854738369,1.1,1000.0,0.0,74,1480000,11,0.020472625270485878,0.00024450000000000063,17.721232421585825,0.031938107082668414,-0.00949018455515966,39.399412537950646,13.873466730117798,20.64923644065857,34.52270865440369,-2.145767119543507e-09,-2.384185730786026e-11
263.0915326684975,1.9475000000000002,1000.0,0.0,75,1500000,2,0.02368062362074852,0.00024375000000000064,16.909053087996217,0.03607396215844614,0.0005262745596385136,41.4207068556033,14.648664951324463,3.8365488052368164,18.48521637916565,-2.875328064533278e-08,-7.748603841895019e-11
272.41974000578426,2.9799999999999995,1000.0,0.0,76,1520000,7,0.020126689225435257,0.00024300000000000062,18.91660238607242,0.06922571210378534,-0.00617023165682471,44.01947462847112,13.788134574890137,13.651480436325073,27.439617395401,1.0251999249533128e-08,-1.5735626135437997e-09
285.0174801823024,1.7774999999999999,1000.0,0.0,77,1540000,11,0.020552966743707657,0.0002422500000000006,16.359451204477754,0.036790262074746685,-0.009128719994826975,46.72022230473501,13.33948016166687,22.828864574432373,36.16834783554077,-3.19480886190604e-09,4.291534350109316e-10
321.0009750252801,2.5675,1000.0,0.0,78,1560000,13,0.020967582240700722,0.00024150000000000058,23.751389590666726,0.06927541357758744,-0.011867222668965612,49.658945259399864,13.959913492202759,26.04274272918701,40.002660274505615,2.150535571843193e-08,-7.867813067718998e-10
310.7387951431937,2.5249999999999995,1000.0,0.0,79,1580000,4,0.020863234996795654,0.0002407500000000006,19.812960625456544,0.034313045150508134,-0.0009773883952970464,52.04664918637504,13.620512247085571,8.167792081832886,21.788307428359985,-1.0776520120714395e-08,-3.337859988405967e-10
310.97163637643655,2.8249999999999997,1000.0,0.0,80,1600000,4,0.020203473046422005,0.0002400000000000006,21.26806382782543,0.10013616126895059,-0.0026953334900767754,53.66782360869094,13.988429069519043,7.761023283004761,21.749457359313965,8.249283034444943e-09,-2.3603439203156995e-09
327.77093021302085,3.0650000000000004,1000.0,0.0,81,1620000,7,0.02363399602472782,0.00023925000000000058,19.96317116760435,0.0791728667230934,-0.0062920552428041565,55.94880725541979,14.042165517807007,13.748648643493652,27.790817499160767,1.7166137400437265e-09,-1.275539451839336e-09
355.860421433959,3.1425,1000.0,0.0,82,1640000,13,0.022270428016781807,0.00023850000000000057,24.399145093295814,0.09446401863010327,-0.009332002331755651,59.14216221799778,13.843865633010864,25.884832620620728,39.728705167770386,-2.55107881486083e-08,1.1205673056124965e-09
389.0972428143293,3.9199999999999995,1000.0,0.0,83,1660000,5,0.021426374092698097,0.00023775000000000057,24.948527571949334,0.0734502619709641,-0.003922991637295237,61.611844340071514,13.637988567352295,10.508336305618286,24.146329402923584,1.4066696252257316e-08,6.198883073516015e-10
406.8917335960724,4.1325,1000.0,0.0,84,1680000,10,0.020137406885623932,0.00023700000000000058,28.07479248046875,0.13232706563231852,-0.00780194787667118,64.28932236254025,13.501302242279053,19.096128702163696,32.597434282302856,3.4809113369504985e-09,-2.2649765396565158e-10
437.10600590231826,5.1425,1000.0,0.0,85,1700000,1,0.020468072965741158,0.00023625000000000057,28.615715633185147,0.10829827743478286,0.0043323809510102855,65.83152166494546,14.186323165893555,2.101013660430908,16.287340879440308,-2.956390465769232e-09,-7.510185251469181e-10
474.5914056146835,6.262499999999999,1000.0,0.0,86,1720000,4,0.021375808864831924,0.00023550000000000057,33.23082572126541,0.17200348771418245,-0.0032117130181279047,67.89285715243307,13.80261492729187,8.26123046875,22.06384801864624,1.0204315614714687e-08,1.6689299942029834e-10
474.27832128364645,7.097500000000001,1000.0,0.0,87,1740000,6,0.022499943152070045,0.00023475000000000058,27.03558687051645,0.28083589973564915,-0.003061121652131906,70.24790202619168,14.15175986289978,13.56435227394104,27.716115713119507,4.291534350109316e-10,-1.59740443095302e-09
502.5380211392532,6.857499999999999,1000.0,0.0,88,1760000,5,0.02114635705947876,0.00023400000000000056,36.46754268061239,0.23284438516432865,-0.0043645705001208535,71.7852574991342,13.71225380897522,9.459733009338379,23.171990156173706,-2.474784821515641e-08,1.8119812317252126e-09
517.6653895508784,7.719999999999999,1000.0,0.0,89,1780000,9,0.023041505366563797,0.00023325000000000057,37.89228100077582,0.2890028776068678,-0.0063201908786200255,73.98354520516739,13.638656377792358,18.125778675079346,31.764440059661865,-1.5258788677030566e-09,8.583068700218632e-10
547.3126654070022,9.317499999999999,1000.0,0.0,90,1800000,9,0.02159148082137108,0.00023250000000000058,36.35618047270743,0.2965282347922127,-0.0058082566653762805,76.3625245938963,13.562499523162842,18.47903275489807,32.041537046432495,1.3160705414350105e-08,-1.3828277412031298e-09
527.9072065848853,7.227499999999999,1000.0,0.0,91,1820000,2,0.021380707621574402,0.0002317500000000006,34.18027629486669,0.3588033522874974,0.003513815234781216,77.7779234011714,13.908757448196411,4.192371129989624,18.101133823394775,-4.482269222449986e-09,-1.9669532669297496e-09
564.789514293708,9.187499999999998,1000.0,0.0,92,1840000,11,0.022368185222148895,0.0002310000000000006,45.3575520514057,0.39588605892318923,-0.006478768460411441,80.13836478688431,14.706214666366577,22.411744356155396,37.11796236038208,3.290176353587526e-09,-8.583068700218632e-10
598.4572165398257,12.055,1000.0,0.0,93,1860000,9,0.02074439637362957,0.00023025000000000058,49.35069478298698,0.49519163835892915,-0.005682096632450745,82.37416248639764,13.995957612991333,18.348267793655396,32.34422969818115,1.3351440841802287e-08,5.388260060357197e-09
672.9032814825965,14.710000000000003,1000.0,0.0,94,1880000,5,0.020186545327305794,0.0002295000000000006,55.24546528532863,0.5269750995281787,-0.002601826462460259,84.0448794916415,14.143853425979614,10.383141040802002,24.526998281478882,-6.580352707175052e-09,-2.38418573772492e-09
644.1187405433801,12.09,1000.0,0.0,95,1900000,7,0.021247396245598793,0.0002287500000000006,48.11033021386276,0.4805952026311092,-0.004626320301168711,86.30502290085863,13.799212455749512,14.320451498031616,28.119667053222656,-3.6239624634504253e-09,-5.1200390593919565e-09
661.6167850319108,12.882500000000002,1000.0,0.0,96,1920000,6,0.02218843810260296,0.0002280000000000006,53.68509975916788,0.5325790783102774,-0.004040091598795229,88.57691401033736,13.382930517196655,12.118068218231201,25.501002311706543,-8.583068700218632e-10,2.2053718851111626e-09
668.0893542780757,13.845000000000002,1000.0,0.0,97,1940000,9,0.02029087021946907,0.00022725000000000062,61.289665156152175,0.7184052095663518,-0.005619841711585736,90.9168986414272,14.886745929718018,17.928470373153687,32.81521964073181,-1.5258788677030566e-09,5.912780931538464e-09
724.5172743417785,19.3375,1000.0,0.0,98,1960000,7,0.021472088992595673,0.0002265000000000006,63.56817825435776,1.0071594917994555,-0.003440985705836118,92.82623817168758,13.442842483520508,14.516731023788452,27.95957636833191,1.9645691295977485e-08,-4.768371808516747e-10
752.6290983372899,22.6625,1000.0,0.0,99,1980000,7,0.020703401416540146,0.00022575000000000058,75.45487187802111,1.4856415410555426,-0.0032902783944833867,95.53082361399774,13.591742753982544,14.065823554992676,27.65756893157959,-6.580352707175052e-09,2.6702879907247734e-09
794.1424912938198,23.1275,1000.0,0.0,100,2000000,7,0.020097805187106133,0.00022500000000000056,80.17900293507788,1.4326506639005712,-0.0038055472951790464,97.9039899407321,13.707741260528564,14.209004640579224,27.916748762130737,-2.1362303925798187e-08,-1.6212463593845428e-09
1093.3423409204538,22.634999999999998,1000.0,0.0,101,2020000,4,0.022800380364060402,0.00022425000000000057,84.86747562237822,1.4021037517549892,0.0022639437718465685,98.54024860272392,13.638705015182495,8.93508791923523,22.573796033859253,-3.433227480087453e-09,9.155273872352154e-09
1366.0696279827334,22.285,1000.0,0.0,102,2040000,3,0.0216833408921957,0.00022350000000000058,100.43063673399254,1.3019441707700459,-0.0013521737280213478,99.38516670852677,13.454447269439697,6.039239883422852,19.493690490722656,-3.1661986810149756e-08,-6.484985437538171e-09
1471.297084406077,29.517500000000002,1000.0,0.0,103,2060000,7,0.023847337812185287,0.00022275000000000056,105.48646822589437,1.3109066819611448,-0.005342757285137744,100.53342711093055,13.842118501663208,15.770262002944946,29.612384557724,1.678466787780053e-08,-7.820129432900558e-09
1570.7564008866607,34.69,1000.0,0.0,104,2080000,6,0.026628345251083374,0.00022200000000000057,189.8705224523656,1.657016215201257,-0.004973629903379546,101.73772878514819,13.410710334777832,12.732854843139648,26.143568992614746,1.525878978725359e-08,1.2588500908350397e-08
1668.546342780266,48.9775,1000.0,0.0,105,2100000,1,0.020427601411938667,0.00022125000000000055,149.98649450917594,2.2890884683916743,0.0054342222932619024,102.90174873035176,13.663132190704346,2.0290966033935547,15.692231893539429,3.33786012163273e-08,-2.7656554379973386e-08
1765.9935501498499,61.0125,1000.0,0.0,106,2120000,1,0.021982934325933456,0.00022050000000000056,134.47371811303086,2.933606575091426,0.006943064374319566,103.90935823483208,13.674882888793945,2.52449107170105,16.199378967285156,-4.501342942830888e-08,-5.464553964884544e-08
1849.730315781456,77.42500000000001,1000.0,0.0,107,2140000,1,0.02084953896701336,0.00021975000000000057,137.91718895519122,3.4593100349743144,0.004812834985232868,104.87080042049908,13.682504415512085,2.1061205863952637,15.788628339767456,-9.918212917625624e-09,-7.629394338515283e-10
1908.0556090147984,86.595,1000.0,0.0,108,2160000,5,0.02014250122010708,0.00021900000000000055,88.17081050080613,4.173967660958774,-0.0009702490147250815,106.71670822289805,13.343869686126709,10.755495071411133,24.099368572235107,2.2888183792701966e-08,-2.6607512637610853e-08
1926.6290943026863,90.2325,1000.0,0.0,109,2180000,7,0.02161373198032379,0.00021825000000000053,150.0201289117309,4.273378355271301,-0.0044986604808968725,108.7812616965478,14.058871269226074,15.03857946395874,29.097452402114868,3.051757735406113e-09,-1.1062621929625038e-08
1955.2553589591976,99.37249999999999,1000.0,0.0,110,2200000,8,0.023486845195293427,0.00021750000000000054,141.06980221492415,4.793151810241583,-0.004540312637094432,110.53781829931485,13.82059645652771,17.257176160812378,31.077775716781616,-3.662109548940862e-08,-8.106232129989621e-09
2006.4649212041363,122.92249999999999,1000.0,0.0,111,2220000,6,0.020164165645837784,0.00021675000000000055,149.34823391054132,6.201754561374489,-0.0019994897574991686,113.05371881877018,14.116493701934814,12.629273891448975,26.74577045440674,-5.149841442175784e-08,-2.6893616222878336e-08
2066.0948878260515,142.785,1000.0,0.0,112,2240000,1,0.024853728711605072,0.00021600000000000053,147.7458399568503,7.086117820617871,0.005644536681306629,114.327455075785,13.880184412002563,2.437657117843628,16.31784415245056,-7.629394338515283e-10,2.4604798198879507e-08
2097.2167743973273,155.81,1000.0,0.0,113,2260000,1,0.02764037996530533,0.00021525000000000054,188.6070483271687,8.233736147895788,0.006259956776488798,115.43131109853141,14.26649284362793,2.2523193359375,16.518815517425537,-2.0980834847250662e-08,-2.8610228852699038e-08
2175.3974577972767,184.32,1000.0,0.0,114,2280000,1,0.03014538809657097,0.00021450000000000055,152.96682749007837,9.044535857800858,0.01128724039184114,115.97733092384216,13.618665933609009,2.26773738861084,15.886406660079956,2.250671471415444e-08,2.8991699707603402e-08
2190.189270932285,190.76,1000.0,0.0,115,2300000,5,0.022982820868492126,0.00021375000000000053,168.9351637965193,9.515144073011015,-0.0010940489324982078,117.89191763880916,15.161679744720459,10.838238716125488,25.999921321868896,9.53674295089968e-09,-7.476806729300733e-08
2157.773072590838,179.14249999999998,1000.0,0.0,116,2320000,8,0.02214348129928112,0.00021300000000000054,211.07258470066057,10.231193693301167,-0.0035671551669828783,120.7539496863612,13.776001453399658,18.199587106704712,31.975592136383057,-9.53674295089968e-09,-5.683898862685055e-08
2145.2307454397733,189.3675,1000.0,0.0,117,2340000,1,0.020544856786727905,0.00021225000000000055,200.83502549485277,10.410161131106246,0.007269195529421012,121.99671950660193,13.614420413970947,2.2638769149780273,15.878299713134766,-1.9836425835251248e-08,-9.117126609226034e-08
2179.476243558591,205.08499999999998,1000.0,0.0,118,2360000,4,0.02137986198067665,0.00021150000000000053,164.54820162038834,10.10189675142209,0.0017122503387899445,123.69380184941399,13.533216714859009,8.93805480003357,22.471274375915527,9.918212917625624e-09,3.376007029487482e-08
2256.137921496141,235.185,1000.0,0.0,119,2380000,1,0.026447707787156105,0.00021075000000000054,196.73178678274917,11.5234374116404,0.00834359963552449,124.9819435144004,13.838127613067627,2.1521825790405273,15.990313529968262,-4.577636936176077e-09,9.078979701371281e-08
2219.9143648947784,230.76500000000001,1000.0,0.0,120,2400000,1,0.021155977621674538,0.00021000000000000055,187.7401419082008,11.836662115761266,0.010651701012441811,125.70117248437656,13.792794227600098,2.5947043895721436,16.387503385543823,-9.155273872352154e-09,-1.1444091541079615e-07
2290.9322330276464,250.7225,1000.0,0.0,121,2420000,2,0.02467546984553337,0.00020925000000000056,187.2504502683402,11.545539634296308,0.004765982680117932,127.17290864889614,13.909759283065796,4.625827074050903,18.53558921813965,-6.484985437538171e-09,1.1043548653333346e-07
2283.3969026814734,251.10499999999996,1000.0,0.0,122,2440000,6,0.02563575468957424,0.00020850000000000054,168.94341459467262,11.838232690153031,-0.0019867191826617218,130.20498444757268,13.575958728790283,13.518151998519897,27.09411334991455,-4.959106458812812e-09,1.3542175736347417e-07
2342.3810109847286,277.06,1000.0,0.0,123,2460000,1,0.021954286843538284,0.00020775000000000055,215.8050677753485,12.704151954894629,0.0036763042276992965,131.6042224530595,13.709383010864258,1.9909451007843018,15.700332164764404,3.6239624634504253e-09,2.231597839852384e-08
2402.0580853216766,302.4775000000001,1000.0,0.0,124,2480000,3,0.03136080875992775,0.00020700000000000053,182.0605597247204,12.626639340759212,0.0021731644473113,132.93722864055533,13.608814716339111,6.778024911880493,20.38684391975403,-9.53674295089968e-09,-3.271102855251229e-08
2394.57250573301,307.22999999999996,1000.0,0.0,125,2500000,3,0.02001851424574852,0.00020625000000000051,183.3199901966749,12.707522850320997,0.002837391454167069,134.2880039885402,14.029799222946167,6.366105794906616,20.39590859413147,4.1961669694501325e-09,1.3847350999185437e-07
2437.605298379759,322.14500000000004,1000.0,0.0,126,2520000,2,0.020108187571167946,0.0002055000000000005,223.85310883567738,13.458008228399502,0.0012318544408169607,135.42990260992568,13.51926326751709,4.5651421546936035,18.084410667419434,1.1444091896350983e-08,-2.6702879907247734e-09
2341.946080693726,290.825,1000.0,0.0,127,2540000,5,0.020342150703072548,0.00020475000000000048,194.94173335358738,12.455843767342857,-0.002324562801863439,137.59414536351213,13.821320295333862,11.2455575466156,25.066881895065308,-1.1062621929625038e-08,-1.3256072683986986e-08
2430.5162965871573,326.3225,1000.0,0.0,128,2560000,4,0.028418423607945442,0.00020400000000000049,227.2668157309389,14.394896408239493,0.00025014283050732396,140.07187346680857,13.450846195220947,8.369050025939941,21.81989884376526,7.629394893626795e-09,4.081726245885875e-08
2364.674366363245,298.685,1000.0,0.0,129,2580000,6,0.021260401234030724,0.0002032500000000005,234.82306461313917,13.355512164525203,-0.0018861927570630345,142.1057014830958,13.650058031082153,13.259744882583618,26.9098060131073,7.629394893626795e-09,6.256103546320446e-08
2404.4836768911296,312.1225,1000.0,0.0,130,2600000,1,0.020873453468084335,0.0002025000000000005,249.10308252889126,13.606044949053194,0.007180559605110092,143.55589733184718,13.59035587310791,2.5239763259887695,16.114335775375366,-4.1961669694501325e-09,-9.689330937590057e-08
2350.3865719564715,308.18,1000.0,0.0,131,2620000,4,0.02276880480349064,0.0002017500000000005,230.24709862718186,13.97381235920964,-0.0006417858768804981,145.82953556048602,13.588670253753662,9.01346731185913,22.60214114189148,2.6702879907247734e-09,3.4904481083231076e-08
2408.9172304923895,330.93999999999994,1000.0,0.0,132,2640000,1,0.024178829044103622,0.00020100000000000052,181.82047318041134,14.148154447634761,0.008069394251551872,147.65311073571348,13.396393775939941,2.309006929397583,15.705403566360474,-2.174377478070255e-08,3.814697180359872e-08
2501.431959053153,361.7375,1000.0,0.0,133,2660000,1,0.024186009541153908,0.00020025000000000053,292.9436717536122,15.415193318558957,0.0051507310876355,147.87725293826753,13.359675168991089,2.209573268890381,15.569252014160156,7.2479249269008506e-09,-7.724761985627993e-08
2448.4721161993675,361.75250000000005,1000.0,0.0,134,2680000,5,0.020350197330117226,0.00019950000000000054,239.5153323383758,14.824847092186682,-0.001253035358382395,148.82176506846858,13.658788681030273,10.94010329246521,24.59889531135559,-9.918212917625624e-09,-1.5258788677030566e-09
2436.537619381934,354.32499999999993,1000.0,0.0,135,2700000,6,0.021827327087521553,0.00019875000000000052,220.33413854726967,15.635148231721661,-0.0022322895269170483,151.23338559996714,13.813416004180908,13.296949625015259,27.110369443893433,6.484985437538171e-09,-2.0599365768703137e-08
2499.0085940947297,376.54749999999996,1000.0,0.0,136,2720000,5,0.022755872458219528,0.00019800000000000053,204.08748438777252,15.334777549585214,0.0008337753789184002,155.17346263556433,13.68635082244873,11.344234704971313,25.030588150024414,1.1444091896350983e-08,5.340575981449547e-09
2413.664927371062,350.175,1000.0,0.0,137,2740000,7,0.026835884898900986,0.00019725000000000054,229.94600544646144,16.0869958373522,-0.003212062445597146,157.19063537124083,14.197851181030273,15.060471296310425,29.258328676223755,1.1444092340440193e-09,1.907348590179936e-08
2459.5857091026364,369.3175,1000.0,0.0,138,2760000,1,0.027121499180793762,0.00019650000000000052,219.1027094929363,18.524109173125733,0.007925133432109897,158.76022216991876,13.663479566574097,2.3330352306365967,15.996518850326538,1.5640258865801115e-08,1.7166136956348055e-08
2568.5648080966416,395.59499999999997,1000.0,0.0,139,2780000,1,0.02482820861041546,0.00019575000000000053,237.44743170448766,15.398955905780245,0.01033986748728794,159.94069713068467,13.916552305221558,2.415966033935547,16.33252191543579,-6.103515470812226e-09,-3.204345588869728e-08
2517.3191371079533,378.3225,1000.0,0.0,140,2800000,1,0.023509807884693146,0.0001950000000000005,268.9366109805366,16.026665599201433,0.00638927377688999,161.0048941712791,13.761707305908203,2.242839813232422,16.004552125930786,-3.8146971692576415e-10,-3.662109548940862e-08
2436.4033762824847,360.4,1000.0,0.0,141,2820000,1,0.02408331073820591,0.00019425000000000052,224.0350341431249,15.648191458120133,0.008257069110203855,161.35422381806296,13.45246934890747,2.233067035675049,15.68553900718689,0.0,6.866454960174906e-09
2429.0509711601617,361.2625,1000.0,0.0,142,2840000,5,0.02082121931016445,0.00019350000000000053,266.22991427339304,16.236521620948476,-0.0007286994096141654,162.59109342044917,14.239435195922852,11.229043006896973,25.46848177909851,-6.866454960174906e-09,1.9836425835251248e-08
2441.4732586421924,367.0325,1000.0,0.0,143,2860000,5,0.022722406312823296,0.00019275000000000054,237.40105698558088,14.835511321533984,-0.0008733299688790172,165.29129565546688,13.90020227432251,11.190819501876831,25.091026067733765,3.8146971692576415e-10,6.866454960174906e-09
2526.453647290365,386.88000000000005,1000.0,0.0,144,2880000,1,0.022276047617197037,0.00019200000000000055,265.55383838251373,17.68401611955783,0.007361187729032371,166.83684040106144,14.294591665267944,2.1284284591674805,16.42302370071411,-7.629394338515283e-10,-5.41687015243042e-08
2580.996467959598,401.51000000000005,1000.0,0.0,145,2900000,1,0.024564580991864204,0.00019125000000000056,232.89171032402842,14.542818227895914,0.00802198736615979,167.66937626360323,13.60034441947937,2.3111610412597656,15.911510705947876,3.433227480087453e-09,-4.959106547630654e-08
2569.4132374465926,407.86250000000007,1000.0,0.0,146,2920000,5,0.02140815742313862,0.00019050000000000056,240.20087810674795,17.89767198379809,-0.0005537691424948911,170.21636145838534,13.540954351425171,11.287256956100464,24.82821559906006,1.0490417423625331e-08,2.231597839852384e-08
2436.5056343616025,380.10249999999996,1000.0,0.0,147,2940000,6,0.02091282606124878,0.00018975000000000057,233.66336864963,14.86422198623641,-0.0014025593700663001,172.65210799439646,13.459675788879395,13.161588668823242,26.621269464492798,-6.484985437538171e-09,5.6457519548303026e-08
2526.778585886009,396.89,1000.0,0.0,148,2960000,1,0.021777605637907982,0.00018900000000000058,249.13158007246997,17.007769086490423,0.005728856978801111,174.48489077632038,13.495486974716187,2.203444242477417,15.69893479347229,-3.814697446813398e-09,-2.9373168786150927e-08
2551.8985638850686,406.51,1000.0,0.0,149,2980000,2,0.02057092823088169,0.0001882500000000006,195.85835784692733,18.027813036982625,0.0046949610210800415,175.9700432433107,14.362374067306519,4.191288948059082,18.553666353225708,1.5449524326527353e-08,7.438659821445981e-08
2420.437302170988,372.2975,1000.0,0.0,150,3000000,2,0.020683208480477333,0.0001875000000000006,240.6390512850338,16.222145525411296,0.002860294083674876,177.35405743388702,13.930294752120972,4.163602352142334,18.093900442123413,3.433227480087453e-09,-6.256103546320446e-08
1182.197895380683,195.67999999999998,1000.0,0.0,151,3020000,1,0.048604026436805725,0.0001867500000000006,266.5473946519553,6.577007953541728,0.013927089770476277,36.17664572377555,14.080685138702393,2.1228692531585693,16.203558683395386,-2.8848648980783764e-07,-1.4495849853801701e-08
-84.27283577184568,0.63,1000.0,0.0,152,3040000,1,0.031216967850923538,0.0001860000000000006,167.9734270199419,6.764977604436417,0.012121000739272695,36.65173746907292,13.978293180465698,2.1805758476257324,16.158873558044434,3.0899048653054706e-08,-1.270294234245739e-07
-66.2844944987951,0.8300000000000001,1000.0,0.0,153,3060000,1,0.0394270159304142,0.0001852500000000006,150.25011247263168,3.880291514122448,0.011107190080677358,37.00910151423738,13.828498363494873,2.375331401824951,16.203832864761353,2.479553229406406e-09,-7.667541268574496e-08
-51.94282896260889,0.41,1000.0,0.0,154,3080000,2,0.02070312760770321,0.00018450000000000058,85.4601206886121,4.2797826947971656,0.006561818619306309,37.52285329069193,14.00007700920105,4.240891933441162,18.240972995758057,-1.6212464259979242e-08,2.7351379117135366e-07
-38.74277022447381,0.4025,1000.0,0.0,155,3100000,1,0.02912965416908264,0.0001837500000000006,70.90483817201073,2.536548456730553,0.007486787376205285,38.13859806731105,14.784323453903198,2.282210111618042,17.066536903381348,6.132125918156817e-08,5.493163968139925e-08
11.819461814287372,0.7675,1000.0,0.0,156,3120000,1,0.029464831575751305,0.00018300000000000057,50.413896975045006,2.852591225133536,0.009705195926091138,38.637061963066124,14.100614786148071,2.3725690841674805,16.47319269180298,1.5764236138693377e-07,-1.907348590179936e-08
41.09043674885909,0.625,1000.0,0.0,157,3140000,3,0.03211405500769615,0.00018225000000000058,35.25828134416899,2.2373227579112505,0.005856229640499821,39.37962535496591,13.7008216381073,6.4623963832855225,20.163221836090088,-5.5694581391207976e-08,5.9509275729396904e-08
38.40492043817886,0.49749999999999994,1000.0,0.0,158,3160000,1,0.02196471020579338,0.0001815000000000006,39.29519451616671,2.820012772616487,0.0039021880589068508,40.130151974126555,13.83074951171875,2.361706256866455,16.192458629608154,3.52859501617786e-08,5.149841442175784e-09
88.99955875021723,1.035,1000.0,0.0,159,3180000,1,0.020517468452453613,0.0001807500000000006,45.7151609975309,1.8756621427143725,0.0044004008227501055,40.72053409612979,13.785227060317993,2.0020694732666016,15.787298917770386,1.4495849853801701e-08,7.858276518390994e-08
136.33824019262642,1.0299999999999998,1000.0,0.0,160,3200000,7,0.020171072334051132,0.0001800000000000006,55.43176913946962,3.1003591902435015,-7.543077612476826e-05,41.86916689957619,14.084407567977905,15.424415349960327,29.50882625579834,-2.489090000779015e-08,-1.1444091896350983e-08
145.4437876031495,0.7575000000000001,1000.0,0.0,161,3220000,2,0.03557441383600235,0.00017925000000000062,47.01494956854433,2.3524037679306233,0.004303497277176418,43.00701457623857,13.919077634811401,4.714448928833008,18.633530139923096,7.2479249269008506e-09,-1.2588500908350397e-08
166.52034785323036,0.85,1000.0,0.0,162,3240000,3,0.03378784656524658,0.00017850000000000063,52.13100073512751,2.0281948488963426,0.0033845720575632443,44.25453565879879,13.582225799560547,6.39301061630249,19.97524118423462,4.863739189175931e-09,1.0299682884351569e-07
209.07440864460136,1.185,1000.0,0.0,163,3260000,2,0.025233061984181404,0.00017775000000000063,60.66214176184072,2.8981766337975143,0.004476606929168915,45.30058768153572,13.593215465545654,4.636203765869141,18.229424953460693,-1.1634826435624745e-08,-1.5258788677030566e-09
245.55165980366527,1.1199999999999999,1000.0,0.0,164,3280000,2,0.024571727961301804,0.00017700000000000064,55.2266315332236,2.4368304060147215,0.004271450314890986,46.48889569047922,13.921876907348633,4.534811735153198,18.456692695617676,1.907348723406699e-09,6.866454960174906e-09
266.34255427119325,0.9574999999999999,1000.0,0.0,165,3300000,2,0.032233353704214096,0.00017625000000000065,54.696443716177164,2.024091942717854,0.002589924713245596,47.71078385179416,13.843716621398926,4.301866054534912,18.145588159561157,-4.4345855876315454e-09,7.867813067718998e-09
292.0808780140258,1.2100000000000002,1000.0,0.0,166,3320000,1,0.02437140978872776,0.00017550000000000066,45.49198352643095,2.4928908659912907,0.005392296712833662,48.99573002531886,13.979719877243042,2.2811872959136963,16.260911226272583,-5.149841442175784e-09,6.866454960174906e-09
329.5866917949469,1.1350000000000002,1000.0,0.0,167,3340000,1,0.02050039917230606,0.00017475000000000067,55.21332596666135,2.4217021817597337,0.006535761815588029,50.10226071147492,13.995593786239624,2.2503881454467773,16.24598741531372,-3.910064716450279e-09,-4.76837147544984e-09
358.38821575740764,1.1625,1000.0,0.0,168,3360000,4,0.027171066030859947,0.00017400000000000068,42.368467448999326,1.8135192744410076,0.003112691136957786,52.15928217854363,13.646117210388184,8.733006477355957,22.379127264022827,1.0681151962899094e-08,1.907348723406699e-09
350.1630597033163,1.2,1000.0,0.0,169,3380000,5,0.024253910407423973,0.0001732500000000007,75.69904724035781,3.1243701222605598,0.0016360299138072582,54.200919890479916,13.916224479675293,11.303681135177612,25.219908237457275,6.484985437538171e-09,5.722046170220096e-10
373.8592433163321,1.0125,1000.0,0.0,170,3400000,3,0.02001483179628849,0.0001725000000000007,50.67266839304671,1.6162783082681722,0.004658462392925994,56.177691076764155,13.949820280075073,6.66287899017334,20.612703323364258,1.5258788677030566e-09,-1.5640258865801115e-08
398.29917743725105,1.3350000000000004,1000.0,0.0,171,3420000,1,0.020378490909934044,0.0001717500000000007,60.982340553698066,2.7451873367872484,0.00656530547875185,57.060024956163886,13.783668279647827,2.015491008758545,15.799161911010742,5.722046170220096e-10,1.1444092340440193e-09
410.98204793004925,1.1024999999999998,1000.0,0.0,172,3440000,1,0.021036390215158463,0.0001710000000000007,63.42230942759651,2.405415331688933,0.005836715891261023,57.79153541101815,14.097657442092896,2.310636281967163,16.408297061920166,7.2479249269008506e-09,4.577636936176077e-09
402.04734101438237,1.095,1000.0,0.0,173,3460000,2,0.023664817214012146,0.00017025000000000067,82.9465572430303,2.98724155082775,0.0037625481968912218,59.11851414933372,14.12574815750122,4.3718414306640625,18.497596740722656,3.0994415922691587e-09,7.629394338515283e-10
417.6174539277484,1.8675000000000002,1000.0,0.0,174,3480000,5,0.0210499856621027,0.00016950000000000065,85.37688482607516,3.366424782626545,0.001812517204985451,61.29026995527859,13.885319948196411,11.06521224975586,24.95053458213806,6.294250454175199e-09,1.3732909920349812e-08
436.5712462413435,3.04,1000.0,0.0,175,3500000,1,0.0382789745926857,0.00016875000000000066,82.97145415114137,1.965224230060943,0.006185276191324567,62.69455448430948,13.76206922531128,2.3224358558654785,16.084507703781128,-2.574920721087892e-09,-5.722046170220096e-10
452.99710124136726,3.15,1000.0,0.0,176,3520000,2,0.025936108082532883,0.00016800000000000064,92.64945874960658,4.14640632847818,0.005184781493636937,63.94898159283038,14.066761016845703,4.482301473617554,18.549066305160522,-1.0871887390351276e-08,1.0681151962899094e-08
444.2949064810118,3.345,1000.0,0.0,177,3540000,1,0.026032933965325356,0.00016725000000000065,103.69740799669259,3.1998532051666855,0.0054244901612996105,64.97677614742194,14.436813592910767,2.3360867500305176,16.77290439605713,-3.910064716450279e-09,0.0
462.84490881957197,3.25,1000.0,0.0,178,3560000,1,0.020827870815992355,0.00016650000000000063,100.26616773209251,3.292446568084601,0.0065954662301538946,65.39808513409794,13.721637725830078,2.282844305038452,16.0044846534729,-1.5258788677030566e-09,1.19209286886246e-09
472.07886557583953,4.742500000000001,1000.0,0.0,179,3580000,5,0.0225897878408432,0.00016575000000000064,87.2577698564377,3.455173716253747,0.0017725534383029031,66.56971242983882,13.795125722885132,10.963083028793335,24.758211612701416,-9.155273872352154e-09,-1.9454956756703723e-08
470.6361705170372,4.1425,1000.0,0.0,180,3600000,3,0.023135636001825333,0.00016500000000000065,107.45928752968233,3.209897398837585,0.00451381721645911,68.91418799094626,13.902161121368408,6.849203109741211,20.751368045806885,1.6212463593845428e-09,-3.051757735406113e-09
486.0318146833891,4.215,1000.0,0.0,181,3620000,3,0.022336769849061966,0.00016425000000000066,107.5744899073348,2.9193858689012617,0.003909660454420918,71.11487199907232,13.909144401550293,6.746557950973511,20.655706644058228,7.2479249269008506e-09,7.629394338515283e-10
503.92986897764956,4.3549999999999995,1000.0,0.0,182,3640000,1,0.033307407051324844,0.00016350000000000067,131.8349995201769,2.445780599793306,0.003017061485197788,72.0312924613587,14.172821998596191,2.246381998062134,16.419207096099854,2.336502102906479e-09,4.959106458812812e-09
509.2373998903813,3.2725,1000.0,0.0,183,3660000,1,0.02003239095211029,0.00016275000000000068,122.56852113705473,3.405569308196394,0.004721358451194847,72.87131358868778,14.079442501068115,2.223158359527588,16.302605867385864,6.294250454175199e-09,-2.2888184680880386e-09
493.0555087931207,2.45,1000.0,0.0,184,3680000,1,0.022778168320655823,0.00016200000000000069,137.42144920422245,3.048447119970672,0.005915063570964689,73.61959814492126,13.873945713043213,2.0849337577819824,15.958883285522461,-1.6212463593845428e-09,3.051757735406113e-09
491.6093419604143,2.5575,1000.0,0.0,185,3700000,1,0.02645144611597061,0.00016125000000000067,108.20259871498084,3.305823016709413,0.00516746765353714,74.09721194136257,13.584805488586426,2.0748722553253174,15.65968108177185,1.5258788677030566e-09,-3.051757735406113e-09
499.6815542061116,2.7474999999999996,1000.0,0.0,186,3720000,2,0.021059386432170868,0.00016050000000000068,105.74642528131747,3.5792668384199327,0.00504759185986159,75.20118654878756,13.505005598068237,4.560292720794678,18.065301179885864,-4.577636936176077e-09,0.0
509.4033442760281,3.1174999999999997,1000.0,0.0,187,3740000,4,0.021073875948786736,0.00015975000000000068,115.24608520806407,2.6169666817870003,0.00100588697096565,77.32031995267533,13.750483274459839,8.691611528396606,22.442099571228027,1.1444092340440193e-09,-3.4809113369504985e-09
532.9091124397548,2.78,1000.0,0.0,188,3760000,1,0.033813655376434326,0.0001590000000000007,90.9462414640969,1.3279353572537724,0.006342426710092603,79.03409357040454,14.4183988571167,2.165285587310791,16.58368682861328,-2.38418573772492e-09,3.051757735406113e-09
547.592843843366,2.5450000000000004,1000.0,0.0,189,3780000,1,0.033551886677742004,0.00015825000000000068,124.52029193171298,1.5678842699946687,0.005504870260604464,79.69875686694257,13.651524305343628,2.1643574237823486,15.815884113311768,5.340575981449547e-09,7.629394338515283e-10
572.9915711181768,2.9349999999999996,1000.0,0.0,190,3800000,2,0.025206806138157845,0.00015750000000000066,137.0850926374856,2.556996460682668,0.004501387434520613,81.00411832523041,13.667144536972046,4.8080713748931885,18.475219249725342,1.0299682884351569e-08,1.5258788677030566e-09
581.4903423697812,4.072500000000001,1000.0,0.0,191,3820000,8,0.025832179933786392,0.00015675000000000067,113.95725869256468,1.1107407375491751,5.2071988680057775e-05,84.00646073825824,13.702855587005615,17.625462770462036,31.328321933746338,1.7166137400437265e-09,6.055831835993786e-09
604.421521288355,4.880000000000001,1000.0,0.0,192,3840000,2,0.02002386562526226,0.00015600000000000065,116.27619631983602,1.6571531779945088,0.003211065786503874,86.37112364601403,13.833229303359985,4.7143566608428955,18.547589540481567,1.7166137400437265e-09,-1.5258788677030566e-09
602.6383355605682,4.45,1000.0,0.0,193,3860000,4,0.023144245147705078,0.00015525000000000066,99.65514384367215,2.7233859353457777,0.0029280176402974173,88.33967562910087,13.642741441726685,8.279385805130005,21.922130346298218,1.1444092340440193e-09,-7.629394893626795e-09
616.7799169782339,7.307500000000002,1000.0,0.0,194,3880000,2,0.026137372478842735,0.00015450000000000064,121.01069261928717,1.3892279583901261,0.0024529950464138397,90.78735416156415,13.61629056930542,4.11929988861084,17.735594272613525,1.0490417423625331e-09,-1.907348723406699e-09
629.4123863093015,6.625,1000.0,0.0,195,3900000,1,0.021101126447319984,0.00015375000000000065,84.5717252633823,2.2486796606653416,0.0049799618686135775,91.80291440921089,13.7817063331604,2.259129047393799,16.040838479995728,-1.602172794434864e-08,-1.5258788677030566e-09
653.342748807862,6.467499999999999,1000.0,0.0,196,3920000,3,0.03203887492418289,0.00015300000000000066,159.3710161976921,1.7099253460526846,0.002063572521820363,93.17089048310464,13.520966529846191,6.213202476501465,19.734172582626343,3.433227480087453e-09,1.239776614703203e-09
664.0055903207008,10.215,1000.0,0.0,197,3940000,2,0.02074873447418213,0.00015225000000000066,100.93778816351113,2.3630120288402128,0.004462606774214595,94.21905778391293,14.538506269454956,4.11787748336792,18.65639328956604,5.149841442175784e-09,-4.1961669694501325e-09
658.494962003294,11.1875,1000.0,0.0,198,3960000,3,0.02031799405813217,0.00015150000000000067,97.56604917260151,2.8030715659974863,0.004626554516079628,96.07779537603116,13.377497911453247,6.4312193393707275,19.80872130393982,6.484985437538171e-09,-5.7220459481754915e-09
652.435070034019,11.495,1000.0,0.0,199,3980000,5,0.02270331233739853,0.00015075000000000068,120.16995918529864,2.990388149280137,-0.0008844320077639514,98.59380434663913,13.775422811508179,11.377920866012573,25.15334677696228,-6.771087690538025e-09,3.051757735406113e-09
672.824806029322,12.639999999999997,1000.0,0.0,200,4000000,2,0.02524157054722309,0.0001500000000000007,138.98803753441516,1.6841041594267654,0.0023103959043138324,100.59540758955593,14.059922695159912,4.320686101913452,18.380611896514893,-2.0980834847250662e-09,-5.531310964812519e-09
293.6576839963467,7.3175,1000.0,0.0,201,4020000,8,0.0221807062625885,0.0001492500000000007,37.98189765433915,1.1655820181456427,0.0004531636025374249,102.28728607287422,14.017544507980347,19.12364959716797,33.14119815826416,-3.5476684701052363e-08,-1.365661574936894e-07
-64.16291817717622,0.5149999999999999,1000.0,0.0,202,4040000,1,0.025849584490060806,0.00014850000000000068,13.81985560240456,1.0028427132783226,0.00131033410350926,103.79832716871755,13.95191478729248,2.448124408721924,16.400043487548828,9.231567332790291e-08,1.136779772537011e-07
-13.180490074956825,1.4049999999999998,1000.0,0.0,203,4060000,2,0.02252938598394394,0.00014775000000000066,12.155650013171066,1.7754630249576828,-0.00291870101637686,104.15325681546244,13.894998550415039,4.751668453216553,18.6466703414917,-4.701614386704023e-08,2.0599365768703137e-08
44.472106932622644,1.6149999999999998,1000.0,0.0,204,4080000,2,0.029190387576818466,0.00014700000000000065,11.980072818244228,0.9096961722920497,-0.0007174307876192152,104.89855256248207,13.764294862747192,4.569760322570801,18.334057807922363,1.678466787780053e-08,-6.217956638465694e-08
78.97233729889537,0.795,1000.0,0.0,205,4100000,2,0.020466521382331848,0.00014625000000000065,10.918640116914013,1.2375589506313824,-0.0018468533267680639,105.76030598357082,13.711773872375488,4.431195497512817,18.142971992492676,6.484985437538171e-09,5.531310875994677e-08
139.07307539388142,0.585,1000.0,0.0,206,4120000,1,0.024098508059978485,0.00014550000000000066,10.147120699714929,0.8358221010992322,0.0002771781001704189,106.33682804290478,13.70505142211914,2.221707582473755,15.926762580871582,-2.1934509764065524e-09,-2.4604798198879507e-08
185.33946685242375,0.7350000000000001,1000.0,0.0,207,4140000,5,0.022164437919855118,0.00014475000000000067,12.957822027602516,0.8208360533839978,-0.004113748845921014,107.62732985621443,14.39248538017273,11.586431741714478,25.978920698165894,-3.814697446813398e-09,2.8228759774151513e-08
235.40903524332407,1.1300000000000003,1000.0,0.0,208,4160000,14,0.024935366585850716,0.00014400000000000065,12.36258335180992,0.3806766534350823,-0.011127833124706697,111.45232632496432,13.605520486831665,33.25519633293152,46.860718965530396,8.964538444899972e-09,-1.525878978725359e-08
303.4417611775799,1.9125,1000.0,0.0,209,4180000,9,0.020851537585258484,0.00014325000000000064,15.656040324359063,0.41768946877112406,-0.007276176103881045,115.77077202734306,13.909558057785034,21.646257877349854,35.55581974983215,-2.5177001816700795e-08,5.7220459481754915e-09
317.27563589667506,1.2925,1000.0,0.0,210,4200000,3,0.020573806017637253,0.00014250000000000064,14.273315333710691,0.16410609780631252,-0.0013773769950563598,118.31147868488543,13.447511672973633,6.940155982971191,20.38767170906067,-9.489059316081239e-09,7.343292196537732e-09
359.9885230398302,1.8850000000000002,1000.0,0.0,211,4220000,6,0.023356754332780838,0.00014175000000000063,13.760710261754207,0.1863194540841257,-0.0058324308630155405,121.39358692352002,13.56069278717041,14.067383527755737,27.62808060646057,8.201599399626502e-09,9.059906158626063e-10
393.23850740710077,1.8574999999999995,1000.0,0.0,212,4240000,10,0.022585010156035423,0.0001410000000000006,13.880903623355463,0.18549732979589376,-0.006974443971676329,124.81224622147532,13.510292530059814,23.377172470092773,36.887468338012695,-9.698867842189429e-08,-7.20024129208241e-09
451.64160450016,2.7675,1000.0,0.0,213,4260000,9,0.020276740193367004,0.0001402500000000006,17.630327117244192,0.1835552662780279,-0.006545324460479319,129.4787696131502,14.608288526535034,21.044838666915894,35.65313005447388,4.2724607851596375e-08,-1.729726761823258e-08
474.04240302077204,2.2725,1000.0,0.0,214,4280000,8,0.02047811448574066,0.00013950000000000057,17.47699881380739,0.37027753160272636,-0.005458614984214806,134.75765573178617,13.473072052001953,20.134886503219604,33.607962131500244,-4.949569643031282e-08,-2.0122527644161892e-08
506.5444873234681,3.3325000000000005,1000.0,0.0,215,4300000,8,0.020253432914614677,0.00013875000000000058,22.17414276763654,0.23047332343951868,-0.005590665882963616,139.76746244704762,13.653852939605713,16.584892988204956,30.238749504089355,1.2111663671987571e-08,6.461143620128951e-09
550.7325516316752,4.345,1000.0,0.0,216,4320000,21,0.022445952519774437,0.0001380000000000006,22.31798417365444,0.26231586157359726,-0.009550922182188113,147.06403637875457,13.527916431427002,50.574761629104614,64.10268068313599,5.7172776735114894e-08,-2.4318695945879654e-09
589.3987858405574,3.5675,1000.0,0.0,217,4340000,12,0.020542316138744354,0.00013725000000000057,25.42943488408963,0.16217387190308816,-0.007324877938432213,155.49454789979262,13.521231412887573,28.37937092781067,41.90060567855835,-3.271102855251229e-08,-6.794929507947245e-09
653.5482934024054,6.402500000000001,1000.0,0.0,218,4360000,15,0.024133460596203804,0.00013650000000000058,34.21035348569242,0.2847552930521635,-0.008110001615741557,162.15916748696876,14.978434562683105,35.51491928100586,50.49335479736328,2.1409988448795048e-08,-9.65595248203499e-09
688.2250071407775,10.452499999999999,1000.0,0.0,219,4380000,13,0.022271504625678062,0.0001357500000000006,38.89634106111749,0.32425158483869587,-0.006947699397171553,169.017514851088,13.452617168426514,31.858699321746826,45.31131982803345,-3.19957749184141e-08,3.6478042808596456e-09
752.333532419573,13.834999999999999,1000.0,0.0,220,4400000,10,0.023201927542686462,0.0001350000000000006,56.11207156562196,0.6064295304421419,-0.005994307735455803,174.0432892186954,14.30144190788269,24.191819667816162,38.4932656288147,1.4686584393075464e-08,-9.536743617033494e-10
791.5277478818074,15.1775,1000.0,0.0,221,4420000,10,0.020409192889928818,0.0001342500000000006,55.105456959782316,0.5307558350574475,-0.0045884961330781154,178.48130926552673,13.45461916923523,23.280965089797974,36.73558783531189,2.0980834847250662e-08,-1.7166137400437265e-09
825.124063545426,14.6625,1000.0,0.0,222,4440000,15,0.025871990248560905,0.0001335000000000006,52.414660744875256,0.5657953837206061,-0.008442558133548187,184.5971881675517,13.95202350616455,36.95542550086975,50.90745234489441,3.032684503523342e-08,-1.6689301052252858e-09
904.5294120129138,21.47,1000.0,0.0,223,4460000,10,0.02094908058643341,0.00013275000000000057,81.13255467094933,0.8997508775026273,-0.00522681442595209,191.1346739845154,15.490608215332031,24.0353786945343,39.525988817214966,-3.9482117131228733e-08,-1.6307831529616124e-08
918.0216490832132,21.2575,1000.0,0.0,224,4480000,22,0.0220082588493824,0.00013200000000000058,89.13208936585474,0.9486234525963556,-0.008601248579712721,196.82510091674698,14.563632726669312,52.26532769203186,66.82896399497986,2.2888184680880386e-09,3.814697446813398e-09
991.37768210221,25.622500000000002,1000.0,0.0,225,4500000,18,0.022546935826539993,0.00013125000000000056,101.92854580796269,1.1582295887851952,-0.007046523519663056,203.4389051302638,13.667774438858032,40.92705726623535,54.59483599662781,9.012222079718413e-09,-1.4972686201986107e-08
1066.672196323191,27.502500000000005,1000.0,0.0,226,4520000,17,0.020719388499855995,0.00013050000000000057,107.31826068682456,0.9721739243977143,-0.006333703244673122,210.80411117889227,13.240478515625,39.9599928855896,53.20047450065613,3.6239624634504253e-09,5.340575981449547e-09
1141.0760087802244,35.9375,1000.0,0.0,227,4540000,20,0.020726779475808144,0.00012975000000000055,112.63774962074841,1.3217519263918407,-0.007614103035247043,219.23886190054895,14.11650562286377,49.985568046569824,64.10207676887512,1.1634826435624745e-08,1.0824203755532835e-08
1174.1078551183914,37.325,1000.0,0.0,228,4560000,11,0.020838016644120216,0.00012900000000000053,111.60385950284055,1.3209855595266546,-0.0036591264835012156,224.61792762882655,13.761483669281006,25.430869102478027,39.19235587120056,-3.604888831887365e-08,9.775162013170302e-09
1152.877789322259,35.1625,1000.0,0.0,229,4580000,7,0.020637724548578262,0.00012825000000000054,108.38698926792466,1.2813400022518902,-0.0021920312951148467,227.957143305644,13.63828706741333,16.51953649520874,30.157827377319336,7.629394338515283e-10,-6.866454960174906e-09
1250.3527087615387,42.3975,1000.0,0.0,230,4600000,12,0.020053748041391373,0.00012750000000000055,107.6696571384629,1.4733931423661808,-0.004930531376222976,231.72664776803077,14.72685170173645,29.9662823677063,44.693137645721436,3.8146971692576415e-10,-3.528594971768939e-09
1341.1482403188288,49.65,1000.0,0.0,231,4620000,14,0.02020855061709881,0.00012675000000000056,150.78023565789437,1.8690578511783056,-0.005571495225361456,236.39395981844785,13.576221704483032,32.70611810684204,46.28234267234802,1.4877318932349226e-08,-1.19209286886246e-09
1410.670936904659,54.089999999999996,1000.0,0.0,232,4640000,6,0.020016539841890335,0.00012600000000000054,158.4186055850678,2.0260984792559547,-0.002133899955009532,241.05757186613397,13.49289345741272,14.156455516815186,27.649354219436646,-1.1444091896350983e-08,9.250641141989036e-09
1355.1678586708247,52.0825,1000.0,0.0,233,4660000,12,0.020293503999710083,0.00012525000000000055,139.22201453788847,1.7781606753762411,-0.005794556133540326,244.1896852284067,13.82824993133545,29.865427017211914,43.693681716918945,-5.7220459481754915e-09,-1.9073485846288207e-10
1392.932945887614,57.61999999999999,1000.0,0.0,234,4680000,16,0.021341197192668915,0.00012450000000000053,130.26330465325913,2.0249914980639283,-0.005998127229079179,250.05492777108384,14.806817054748535,40.198814868927,55.00563597679138,9.346008411625917e-09,3.452301200468355e-08
1450.4003443118213,67.00750000000001,1000.0,0.0,235,4700000,11,0.020268743857741356,0.00012375000000000054,133.37328122571358,2.2767865147626645,-0.004966717720574897,256.1225516579368,13.745383977890015,24.05515956878662,37.80054688453674,-1.7738342350526182e-08,-8.01086397217432e-09
1426.7351310358515,60.9575,1000.0,0.0,236,4720000,12,0.021746085956692696,0.00012300000000000052,135.75665391164338,2.0075694519998675,-0.006620631625697798,261.10627115267914,15.66609501838684,29.984950065612793,45.65104794502258,-2.00271599304358e-09,2.1934509764065524e-09
1472.541224310588,69.99,1000.0,0.0,237,4740000,10,0.02426539547741413,0.00012225000000000053,128.00292371439096,2.760771739520966,-0.004829426220180794,266.4523468212579,14.31335973739624,23.409889698028564,37.72325301170349,-2.0408631229429375e-08,3.204345588869728e-08
1591.0797769160558,82.1325,1000.0,0.0,238,4760000,6,0.021655233576893806,0.00012150000000000053,131.97134701664837,2.8956776875149584,-0.0027694525603796094,270.801953901752,13.540640115737915,13.926841735839844,27.467486143112183,1.9454956756703723e-08,2.6988983492515217e-08
1597.596736820545,86.89,1000.0,0.0,239,4780000,7,0.022432507947087288,0.00012075000000000052,139.08774604431738,3.2221141830528777,-0.003138931205224999,277.8390681633716,13.293574094772339,15.307430267333984,28.60100769996643,-8.869171175263091e-09,-1.525878978725359e-08
1532.524800609982,80.02000000000001,1000.0,0.0,240,4800000,4,0.022263040766119957,0.00012000000000000052,130.2018129604693,2.8323774751002033,0.0005866950734878501,283.3133987085507,13.707478523254395,9.411299705505371,23.118781566619873,-5.912780931538464e-09,1.4495849853801701e-08
1638.1429072183448,100.50750000000002,1000.0,0.0,241,4820000,7,0.022125903517007828,0.00011925000000000051,173.80275787256016,4.035922710289427,-0.004579702843429494,289.1364799997459,13.468941688537598,16.418220281600952,29.887165069580078,-3.051757735406113e-09,-1.525878978725359e-08
1638.0498296979747,102.71499999999999,1000.0,0.0,242,4840000,10,0.022214384749531746,0.00011850000000000051,185.03330991214838,4.106207403816735,-0.005356189969498605,295.18553444371815,13.634196996688843,24.34816002845764,37.982359409332275,8.77380390562621e-09,-2.632141082870021e-08
1533.9548206951126,89.66000000000001,1000.0,0.0,243,4860000,9,0.023351116105914116,0.0001177500000000005,136.17169538693602,4.113848893194703,-0.003721473096758471,300.497510558627,13.492420673370361,20.912379026412964,34.40480279922485,-9.536743617033494e-10,-1.1539459165987864e-08
1669.611711264238,108.68999999999998,1000.0,0.0,244,4880000,11,0.021035870537161827,0.0001170000000000005,140.0493759323683,4.924164804856929,-0.0051541477965200205,305.84619351580085,13.252891540527344,26.959760427474976,40.212656021118164,-6.866454960174906e-09,1.2207030941624453e-08
1787.052910643729,134.5825,1000.0,0.0,245,4900000,13,0.020757758989930153,0.0001162500000000005,187.92429686588747,5.396527196711186,-0.005768462608832272,312.4835391903603,13.4042489528656,30.04795479774475,43.45220637321472,-4.577636936176077e-09,1.4114379887075756e-08
1699.4590423425966,124.67,1000.0,0.0,246,4920000,8,0.020013559609651566,0.00011550000000000049,179.96708203580815,5.642384084744956,-0.0035267049207176548,319.6082760868743,13.742899656295776,18.67806053161621,32.42096161842346,-3.814697446813398e-09,3.051757735406113e-09
1705.1276615961774,127.95250000000001,1000.0,0.0,247,4940000,11,0.022185616195201874,0.0001147500000000005,160.11667196410636,6.011306360125922,-0.004624357646519998,326.361776838876,14.894518852233887,24.740604400634766,39.6351261138916,-6.484985437538171e-09,-8.049011057664757e-08
1894.371269931728,158.07750000000001,1000.0,0.0,248,4960000,7,0.020374365150928497,0.0001140000000000005,176.9293204585693,6.561038856797978,-0.0026739315917891407,332.2799040926259,13.417348146438599,16.91684627532959,30.334198474884033,3.6239624634504253e-09,3.690719552196242e-08
1771.0887802203968,142.7525,1000.0,0.0,249,4980000,17,0.023861590772867203,0.00011325000000000049,167.4295208075512,6.107365800392984,-0.007035342886574179,340.23631718776613,13.097835063934326,40.0908842086792,53.18872284889221,-1.7166136956348055e-08,3.433227480087453e-09
1793.9128537570195,146.205,1000.0,0.0,250,5000000,10,0.021367156878113747,0.00011250000000000048,210.34290859843975,7.107862973517884,-0.0048549893665493435,348.77587464548907,13.646926403045654,24.314809322357178,37.96173930168152,-3.8146971692576415e-10,1.602172794434864e-08
2054.4237545011274,171.3125,1000.0,0.0,251,5020000,3,0.021543608978390694,0.00011175000000000048,155.65488854713968,9.484114089839883,0.005612463015404404,208.90101495159828,13.523411989212036,7.482054948806763,21.00546908378601,-9.155273872352154e-09,-1.831054774470431e-08
2105.1689622382028,164.76000000000002,1000.0,0.0,252,5040000,10,0.023783007636666298,0.00011100000000000048,139.8391623707244,9.391425631526179,-0.002645492301688503,210.49149151396827,13.662967443466187,24.125814199447632,37.78878617286682,-8.583068700218632e-10,-1.7929076889799944e-08
2155.4864310579724,175.11999999999998,1000.0,0.0,253,5060000,7,0.02271796576678753,0.00011025000000000047,150.52734474763648,10.416118523890653,-0.0030088086711563297,212.17972514206065,13.429512977600098,16.80498504638672,30.23450016975403,9.918212917625624e-09,2.2888184680880386e-09
2246.989116122179,215.89499999999998,1000.0,0.0,254,5080000,10,0.020396390929818153,0.00010950000000000047,151.74938958993735,11.823486421816646,-0.004946639345878491,213.15543826167195,13.372951030731201,24.47494149208069,37.84789562225342,-2.7465819840699623e-08,3.814697180359872e-08
2336.657206405618,249.8475,1000.0,0.0,255,5100000,7,0.020662667229771614,0.00010875000000000046,159.0398315001383,14.623511529414962,-0.0035858038604167676,215.12490673404696,14.22937536239624,15.718053579330444,29.94743275642395,3.128051773160223e-08,-6.103515914901436e-08
2382.023795849429,268.6075,1000.0,0.0,256,5120000,3,0.02026328630745411,0.00010800000000000046,142.02324871920422,14.568600256476032,0.001246364013102457,216.27923577484358,13.681121349334717,6.881123304367065,20.562245845794678,-6.866454960174906e-09,-1.0948181028425097e-07
2434.2166499586715,294.7075,1000.0,0.0,257,5140000,9,0.020437685772776604,0.00010725000000000045,163.69119688310985,13.275569771383093,-0.004096928009542514,218.96122350614885,13.713595628738403,23.408523559570312,37.122122049331665,-2.6702879907247734e-09,-2.3651123726153855e-08
2452.9912799654567,305.71,1000.0,0.0,258,5160000,1,0.02022828347980976,0.00010650000000000045,224.1240774892009,14.75435575966637,0.004816922365119472,220.3792565683968,13.914084672927856,2.414794921875,16.328883409500122,-5.149841442175784e-09,-5.817413395448057e-08
2502.6442900402462,329.8375,1000.0,0.0,259,5180000,9,0.021160082891583443,0.00010575000000000044,245.1076845278078,14.29694758250352,-0.0031151801461296374,221.99716006689644,14.012911081314087,22.462365865707397,36.47528028488159,1.525878978725359e-08,-1.426696769613045e-07
2541.1060773230524,347.21750000000003,1000.0,0.0,260,5200000,11,0.020704371854662895,0.00010500000000000044,137.1131175526207,15.648405424218312,-0.003848965802020846,225.49637133764244,14.516537427902222,26.773460626602173,41.290000915527344,2.2888184680880386e-09,-1.602172794434864e-08
2558.129862680727,355.93000000000006,1000.0,0.0,261,5220000,9,0.020112790167331696,0.00010425000000000043,86.02748202566649,14.67744334318725,-0.0031872908275655115,228.49494683289723,13.829591512680054,22.255401849746704,36.08499598503113,-3.814697446813398e-09,-9.918212917625624e-09
2565.3242639237883,361.4625,1000.0,0.0,262,5240000,18,0.02123875729739666,0.00010350000000000043,120.8803513519807,13.665246220061574,-0.006772440344420549,232.41429198037915,13.617636919021606,47.455326557159424,61.07296681404114,1.5258788677030566e-09,1.0223388358099328e-07
2677.1976897950194,414.88,1000.0,0.0,263,5260000,10,0.02044721320271492,0.00010275000000000042,101.00604327083015,13.883117010646735,-0.003833605916337512,237.1318328467421,13.541746377944946,22.35854959487915,35.900299310684204,9.727478378351861e-09,7.324219097881723e-08
2684.441750163195,417.93500000000006,1000.0,0.0,264,5280000,8,0.02408088743686676,0.00010200000000000042,95.82073126052515,13.737220794248124,-0.0029642654725308784,241.8531781827299,14.26272439956665,17.974584341049194,32.23731088638306,1.3732909920349812e-08,1.380920480187342e-07
2690.5122037611172,421.52250000000004,1000.0,0.0,265,5300000,10,0.020124956965446472,0.00010125000000000041,116.93494551356989,13.077100673803507,-0.0041404020671283424,244.89433620562568,13.907701969146729,23.092732667922974,37.00043797492981,-3.051757735406113e-09,1.0070800726680318e-07
2729.118346513099,434.90500000000003,1000.0,0.0,266,5320000,3,0.020096782594919205,0.00010050000000000041,64.0757572673761,13.305533003375427,0.0027492261537339804,246.9447507035618,13.91581916809082,7.021328687667847,20.937150955200195,-3.356933575560106e-08,-1.9836425835251248e-08
2751.421876430016,439.9175,1000.0,0.0,267,5340000,31,0.020432880148291588,9.97500000000004e-05,70.83567757160777,12.848367765541237,-0.008643887612814535,252.5195837145698,13.394453763961792,71.51205253601074,84.90650796890259,1.9645691295977485e-08,4.730224745230771e-08
2784.6177804307,456.9375,1000.0,0.0,268,5360000,30,0.02305801399052143,9.90000000000004e-05,66.07565119177643,11.175839147984156,-0.008327237333550938,259.01896525130104,16.304497241973877,72.45904731750488,88.76354742050171,2.8610229740877458e-09,4.577636936176077e-09
2789.548315114193,461.3999999999999,1000.0,0.0,269,5380000,9,0.02125139907002449,9.82500000000004e-05,124.71951584956474,14.30637872138682,-0.005826462409376403,263.8689140344199,13.988851308822632,22.04397964477539,36.03283405303955,-1.907348723406699e-09,4.882812376649781e-08
2862.3729769932315,494.3175000000001,1000.0,0.0,270,5400000,5,0.02570360153913498,9.750000000000039e-05,92.00284345462299,12.66521821585707,-0.0013291533808774366,267.8225126126323,13.727254629135132,12.277295351028442,26.00455594062805,2.9754637864698452e-08,3.204345588869728e-08
2867.921355547208,499.10249999999996,1000.0,0.0,271,5420000,9,0.02199084870517254,9.675000000000039e-05,78.22962987681082,11.156434433232565,-0.0026708365131049216,272.3529236143178,13.523714542388916,21.747087240219116,35.27080488204956,-7.2479249269008506e-09,1.678466787780053e-08
2876.3527788671463,500.3974999999999,1000.0,0.0,272,5440000,10,0.023448633030056953,9.600000000000038e-05,89.95719985108786,11.02635789008948,-0.0037511743688450074,278.8081669914075,13.580343246459961,22.257832527160645,35.83817911148071,3.814697446813398e-09,-4.234313877304885e-08
2896.6466476033133,509.26500000000016,1000.0,0.0,273,5460000,14,0.02409561537206173,9.525000000000038e-05,78.25232090508214,11.634778244590063,-0.005105391958543953,283.046255873415,14.297362089157104,33.51621961593628,47.8135883808136,-5.340575981449547e-09,-1.068115267344183e-07
2881.5055877180666,499.91999999999996,1000.0,0.0,274,5480000,7,0.021216243505477905,9.450000000000037e-05,123.32265373431946,9.867884400227146,-0.002851972360264243,286.09668154000474,13.348017930984497,16.836276292800903,30.184298515319824,9.536743617033494e-10,7.019043124500968e-08
2910.250295515908,511.8349999999999,1000.0,0.0,275,5500000,4,0.021292507648468018,9.375000000000037e-05,84.51898582293964,11.693108374699236,0.0003954972558544752,289.1770592832718,14.632275581359863,8.289605855941772,22.92188286781311,4.1961669694501325e-09,-7.019043124500968e-08
2923.9214886616314,518.255,1000.0,0.0,276,5520000,16,0.02002018876373768,9.300000000000036e-05,75.51658402540433,10.277722436779985,-0.005977333996014613,295.03763379228,13.60991883277893,36.92326283454895,50.53318548202515,2.1934509319976314e-08,-2.0980834847250662e-08
2948.850423115947,530.3225,1000.0,0.0,277,5540000,4,0.026303710415959358,9.225000000000036e-05,100.93982524079637,12.198712919847653,-0.001089775420430774,298.7012855846661,13.957470178604126,10.167142629623413,24.124615907669067,5.722046170220096e-10,4.959106547630654e-08
2942.2367860276195,529.125,1000.0,0.0,278,5560000,13,0.02048514224588871,9.150000000000035e-05,98.65344605407189,11.966122429738263,-0.004734241662734218,301.22089252298485,13.83890986442566,29.490010976791382,43.328924894332886,1.907348723406699e-09,-2.3651123726153855e-08
2973.1768154384,539.3000000000001,1000.0,0.0,279,5580000,1,0.020365344360470772,9.075000000000035e-05,85.82193010226607,11.182279988980522,0.0037010329144712265,302.7553511061988,13.94481372833252,2.344545841217041,16.289363622665405,1.7166136956348055e-08,1.2626648526747886e-07
3003.2432706163886,552.3425,1000.0,0.0,280,5600000,18,0.02196365036070347,9.000000000000034e-05,76.20202509359049,10.713489135444947,-0.006870046542006266,308.5479952941179,13.93051266670227,44.480751514434814,58.41126751899719,-4.577636936176077e-09,-4.882812376649781e-08
2972.418000460468,542.6775,1000.0,0.0,281,5620000,12,0.02001669630408287,8.925000000000034e-05,116.48176021342333,12.079228755511162,-0.005247803553824806,314.6580686884058,14.441067695617676,35.959696531295776,50.40076732635498,-4.577636936176077e-09,2.4414061883248905e-08
3003.1198021076716,553.4125,1000.0,0.0,282,5640000,15,0.026758380234241486,8.850000000000034e-05,84.27037825132457,11.223474302535621,-0.005801235367390262,318.74594202011156,13.368078708648682,36.3354754447937,49.70355677604675,1.4114379887075756e-08,2.2888183792701966e-08
3047.437869461038,572.0699999999999,1000.0,0.0,283,5660000,22,0.02081255614757538,8.775000000000033e-05,97.51831143711875,11.198806733680678,-0.005804350461557642,324.40007294702764,13.544467687606812,51.92903232574463,65.47350311279297,7.2479249269008506e-09,6.103515470812226e-09
3047.465350720065,566.6324999999999,1000.0,0.0,284,5680000,7,0.023903362452983856,8.700000000000033e-05,110.30139245904238,11.334964793765453,-0.002698013226793665,328.5336637301077,14.69451355934143,16.539632081985474,31.234150171279907,1.1444092340440193e-09,-2.2888184680880386e-09
3069.629478320244,579.3199999999999,1000.0,0.0,285,5700000,17,0.020080186426639557,8.625000000000032e-05,81.75193698297338,11.157876208276145,-0.005857733542737046,334.6984734523567,14.316009044647217,44.66896343231201,58.9849750995636,8.964538444899972e-09,7.820129432900558e-09
3050.422565125123,571.8025,1000.0,0.0,286,5720000,24,0.021154241636395454,8.550000000000032e-05,87.79814353512245,11.717751801363068,-0.00839533877497761,344.20053419493,13.305687427520752,56.606674909591675,69.91236758232117,9.536743617033494e-10,2.2888184680880386e-09
3121.3891186217325,597.1150000000001,1000.0,0.0,287,5740000,5,0.020046601071953773,8.475000000000031e-05,105.34558238678466,12.231733387346846,-0.0017292623339702907,350.1510033360685,13.475875616073608,10.198495149612427,23.67437195777893,6.484985437538171e-09,3.814697180359872e-08
3115.928520419541,596.245,1000.0,0.0,288,5760000,11,0.020186694338917732,8.400000000000031e-05,88.73098981183108,12.496462197695712,-0.003954122234119636,353.7429334478187,14.667054176330566,26.05959439277649,40.726651668548584,-3.433227480087453e-09,1.5640258865801115e-08
3122.637767205588,601.4325000000001,1000.0,0.0,289,5780000,10,0.020467789843678474,8.32500000000003e-05,84.40796702387996,8.30796806682794,-0.00488174716189218,357.4152513985436,15.959143877029419,22.932217121124268,38.891366481781006,-1.0681151962899094e-08,-9.53674295089968e-09
3153.3198808430416,610.135,1000.0,0.0,290,5800000,8,0.020355546846985817,8.25000000000003e-05,82.08015315677412,10.929971013967982,-0.0027581234795440094,361.0204241816609,13.562801361083984,18.934728860855103,32.497533321380615,5.149841442175784e-09,3.662109548940862e-08
3166.892124046167,617.245,1000.0,0.0,291,5820000,36,0.016886483877897263,8.175000000000029e-05,72.14034110161697,8.992967702562098,-0.010145377234499908,372.69721415570154,13.549391746520996,89.14364218711853,102.69303679466248,-6.294250454175199e-09,3.9672851670502496e-08
3170.773917098468,619.8399999999999,1000.0,0.0,292,5840000,16,0.021304277703166008,8.100000000000029e-05,169.66780734214538,11.768084046892083,-0.006400404985261019,381.6133775071214,13.446715831756592,39.39723873138428,52.84395742416382,-5.722046170220096e-10,4.0435789827597546e-08
3182.6560342885177,623.3175,1000.0,0.0,293,5860000,2,0.02022700384259224,8.025000000000028e-05,90.4735034083406,10.441704366153802,0.0042264527922418835,386.15020215701753,13.70637559890747,5.702223777770996,19.408602714538574,5.7220459481754915e-09,-4.882812376649781e-08
3216.8151558866057,636.1075,1000.0,0.0,294,5880000,1,0.020317645743489265,7.950000000000028e-05,77.64041045070076,8.082827001333998,0.005955105913749423,387.6245711939023,13.859885454177856,2.314021110534668,16.173909425735474,-7.438659466174613e-09,2.9754637864698452e-08
3189.689104694877,621.8225,1000.0,0.0,295,5900000,13,0.020672937855124474,7.875000000000027e-05,84.71444108521918,8.95538919456587,-0.00465908958063923,392.0840757552339,13.546591758728027,31.304511785507202,44.85110664367676,-7.629394893626795e-09,1.602172794434864e-08
3213.9491271546726,629.4375,1000.0,0.0,296,5920000,15,0.020301494747400284,7.800000000000027e-05,127.81969383491622,9.30085870668657,-0.005940081881353269,395.30242592321036,13.614176750183105,35.42264652252197,49.03682613372803,1.0299682884351569e-08,-2.4414061883248905e-08
3226.6609385886663,638.1725,1000.0,0.0,297,5940000,25,0.020612958818674088,7.725000000000026e-05,114.7079707424176,10.981953488645463,-0.0076269797760749256,401.67576825126673,13.902318716049194,64.32856965065002,78.23088955879211,-7.2479249269008506e-09,-7.629394893626795e-09
3221.010548440358,636.745,1000.0,0.0,298,5960000,30,0.02065691165626049,7.650000000000026e-05,85.76763426198747,9.628369361346268,-0.010563094914294243,412.8149717060776,14.108779907226562,68.02745366096497,82.13623666763306,1.0108947456899386e-08,-1.525878978725359e-08
3255.549010297892,647.415,1000.0,0.0,299,5980000,21,0.021008431911468506,7.575000000000026e-05,64.12638208141759,10.159033269401956,-0.006743652673377123,421.27360922579675,14.005025863647461,49.176018714904785,63.181047439575195,-1.4114379887075756e-08,-4.653930574249898e-08
3268.6933176798,648.4825000000001,1000.0,0.0,300,6000000,10,0.022857071831822395,7.500000000000025e-05,122.00788515901414,10.168697682432473,-0.005179296267522386,427.37997769974294,14.503020763397217,24.979421377182007,39.482444047927856,-2.6702879907247734e-09,2.3651123726153855e-08
1799.8671940284742,309.65749999999997,1000.0,0.0,301,6020000,18,0.025137610733509064,7.425000000000025e-05,127.85309997720417,3.67651274443773,0.0015119897242735331,255.461500257899,15.105729103088379,39.55028247833252,54.656015396118164,-1.1568069169243245e-07,2.616882284200983e-07
466.5642059786745,0.04250000000000001,1000.0,0.0,302,6040000,17,0.027740204706788063,7.350000000000024e-05,78.69979358709658,2.987541695579598,-0.003366813817553487,257.92733595456826,13.703659296035767,39.7646689414978,53.46833086013794,8.735656820135773e-08,6.050109959687688e-07
477.17697466457855,0.04750000000000001,1000.0,0.0,303,6060000,2,0.029320599511265755,7.275000000000024e-05,169.0086904699429,2.8906981224735704,0.0002600837219208955,259.6311408582206,15.741326332092285,4.754656076431274,20.4959876537323,2.479553273815327e-08,1.1901855145879381e-07
479.58432872207794,0.11500000000000002,1000.0,0.0,304,6080000,9,0.02141009457409382,7.200000000000023e-05,156.5561955827409,2.901419425321717,-0.00044627540465807993,261.13574172166545,16.330750226974487,23.26650643348694,39.59725856781006,1.1444091541079615e-07,1.5363693250947108e-07
504.1874852713801,0.22000000000000003,1000.0,0.0,305,6100000,7,0.026187486946582794,7.125000000000023e-05,213.51276502517845,3.265502760531096,4.382964275906561e-05,262.7790602697514,13.51021409034729,15.63495945930481,29.145177841186523,5.435943695175638e-09,1.194000276427687e-07
526.4495863841458,0.20250000000000004,1000.0,0.0,306,6120000,2,0.02262096479535103,7.050000000000022e-05,250.8981296094462,2.446945053367569,0.002962342459714403,263.2046751564684,14.251641988754272,4.629873752593994,18.88151979446411,4.34875495614051e-08,1.214981040220664e-07
537.4849636036986,0.3450000000000001,1000.0,0.0,307,6140000,1,0.02778766117990017,6.975000000000022e-05,217.80326744847403,2.614289933881059,0.003363455773685306,263.83885763247554,13.77382755279541,2.2439167499542236,16.017748594284058,-4.634857120322522e-08,-6.570815713757838e-08
535.836661945345,0.225,1000.0,0.0,308,6160000,1,0.027770156040787697,6.900000000000021e-05,243.96160806710728,3.092557996987535,0.0010519663806254872,264.1380990610336,13.969158411026001,2.5398194789886475,16.508984804153442,-3.051757735406113e-09,-3.585815377959989e-08
563.104911224278,0.5349999999999999,1000.0,0.0,309,6180000,9,0.02063865214586258,6.825000000000021e-05,175.67671534843296,2.5643013563082495,-0.0005102382705374669,264.3590020290452,14.438943862915039,23.731765270233154,38.17071056365967,-2.956390332542469e-08,4.062652436687131e-08
568.2130248313576,0.73,1000.0,0.0,310,6200000,10,0.021200377494096756,6.75000000000002e-05,194.58678636063402,3.286190934883901,0.00010211735219209672,266.4579682956488,14.163148164749146,23.760596752166748,37.92374634742737,-3.0946733176051566e-08,-6.866454960174906e-09
572.8699509471176,0.8299999999999998,1000.0,0.0,311,6220000,3,0.020507918670773506,6.67500000000002e-05,181.329354394866,2.3705295992735476,0.002182694959094206,268.3737255092373,13.922073364257812,9.194469928741455,23.11654543876648,-4.730224745230771e-08,3.9768220716496216e-08
572.9523032102729,1.04,1000.0,0.0,312,6240000,10,0.020548569038510323,6.60000000000002e-05,205.1055653063253,2.8451468161405464,-0.0009724635150307379,269.08786939919565,14.305733442306519,22.250713109970093,36.556448221206665,-2.6702879907247734e-09,-8.392333938900265e-08
578.364731769061,0.8550000000000001,1000.0,0.0,313,6260000,2,0.023948101326823235,6.525000000000019e-05,211.6179769107709,2.3587787727387948,0.0014844918125175154,269.50295435506314,13.549911499023438,4.232049465179443,17.781964778900146,-2.6702879907247734e-09,5.340575981449547e-09
588.0818710814127,1.2275,1000.0,0.0,314,6280000,1,0.022582752630114555,6.450000000000019e-05,213.48488149551537,2.7451544150757714,0.005657139414260848,269.5822413630379,13.410441637039185,2.039141893386841,15.4495849609375,1.1444091896350983e-08,3.814697446813398e-09
592.4573161471809,1.7375,1000.0,0.0,315,6300000,16,0.022703228518366814,6.375000000000018e-05,224.4830878618807,2.5365383610986294,-0.0017669439281299026,272.1950488715126,13.395521640777588,38.51853108406067,51.91405510902405,-4.00543198608716e-09,-4.00543198608716e-09
608.4222749389952,1.0924999999999998,1000.0,0.0,316,6320000,8,0.021905770525336266,6.300000000000018e-05,144.10562357506433,3.0530502630617864,-8.784155720270599e-05,273.65186236689266,13.655646562576294,17.88778305053711,31.543432235717773,9.536742923144104e-11,-1.907348723406699e-09
625.2789575593719,1.0250000000000001,1000.0,0.0,317,6340000,4,0.027173373848199844,6.225000000000017e-05,170.90626450011524,3.0001946704361004,0.0006680361325510394,274.188914070495,13.43424105644226,8.15229320526123,21.586535453796387,-2.7656554824062596e-09,-6.866454960174906e-09
641.5290199781305,1.6349999999999998,1000.0,0.0,318,6360000,4,0.025496629998087883,6.150000000000017e-05,116.03591943777407,1.1692101508378983,0.002974208504052315,274.93321191464753,13.574032068252563,9.543831825256348,23.117868185043335,5.149841442175784e-09,-9.53674295089968e-09
653.7113121573213,1.3625,1000.0,0.0,319,6380000,3,0.02337179332971573,6.075000000000016e-05,149.21268613955465,4.082626436623776,0.0015389739478223177,275.3403072986867,16.126851797103882,7.778407573699951,23.90526270866394,3.433227480087453e-09,4.577636936176077e-09
639.7863861209695,1.1725,1000.0,0.0,320,6400000,21,0.024498911574482918,6.000000000000016e-05,152.65570990708835,3.073174133656523,-0.003148048589281368,276.825311727798,14.039220571517944,48.848626136779785,62.88784980773926,-1.7166137400437265e-09,0.0
651.4393749845183,1.525,1000.0,0.0,321,6420000,3,0.02345709130167961,5.925000000000016e-05,132.2866538294588,3.888558630554821,0.0026318702168110063,278.6059681462784,15.111713409423828,6.629233360290527,21.740949153900146,2.861023085110048e-10,0.0
663.4604755141379,2.0375,1000.0,0.0,322,6440000,1,0.026981020346283913,5.850000000000016e-05,116.2055160991681,3.3088470635513145,0.0038998306419450444,279.1717262146191,13.886719703674316,2.460448741912842,16.347172260284424,1.9073485846288207e-10,4.577636936176077e-09
661.7960061328301,1.86,1000.0,0.0,323,6460000,7,0.021600963547825813,5.7750000000000164e-05,118.59135161834675,2.3143360280775687,-0.00019547795302594622,279.6209418167539,14.478693723678589,16.511200666427612,30.989897966384888,-4.577636936176077e-09,-3.051757735406113e-09
686.1348831798928,2.6149999999999998,1000.0,0.0,324,6480000,18,0.02544684149324894,5.700000000000016e-05,141.6778186898643,4.1537707208010755,-0.0018274145387890022,282.37807970788407,15.04083776473999,42.6438148021698,57.684654712677,6.484985437538171e-09,-3.051757735406113e-09
677.4421884018001,1.6275000000000002,1000.0,0.0,325,6500000,1,0.028605109080672264,5.6250000000000154e-05,155.5034742111596,3.2356052813343346,0.003166356919922482,284.4070197644706,13.846307516098022,2.203965425491333,16.05027484893799,1.5258788677030566e-09,-6.866454960174906e-09
697.677638968479,1.9875,1000.0,0.0,326,6520000,5,0.029981674626469612,5.5500000000000156e-05,137.9953214090853,3.633144682541061,0.0011328580985649134,284.7496854641948,13.82583737373352,10.620138883590698,24.445980310440063,9.536742923144104e-11,-7.629394338515283e-10
681.0243197746147,1.6375,1000.0,0.0,327,6540000,4,0.02049143612384796,5.475000000000016e-05,140.93939994470762,3.3209225756172747,-4.000782508391161e-06,285.9201198492568,13.481484174728394,8.191131591796875,21.6726176738739,9.536743617033494e-10,-2.2888184680880386e-09
683.4037022540929,1.2325,1000.0,0.0,328,6560000,23,0.020631251856684685,5.4000000000000154e-05,153.10903722853408,3.598094031622483,-0.0034170643424246304,289.4405655816522,13.403615474700928,53.96152400970459,67.36514139175415,-4.577636936176077e-09,7.629394338515283e-10
686.3590062986575,0.8774999999999998,1000.0,0.0,329,6580000,29,0.03175408020615578,5.3250000000000156e-05,145.2205991239633,3.0824162342369235,-0.0019456346582802327,294.0885624218922,14.317498445510864,76.97637462615967,91.2938756942749,-5.435943695175638e-09,-3.051757735406113e-09
694.853911243011,1.545,1000.0,0.0,330,6600000,7,0.021604998037219048,5.250000000000016e-05,214.7361065300019,4.142659609214947,-0.0009410394725888382,297.48540318191783,13.628554821014404,15.944509506225586,29.57306718826294,7.629394338515283e-10,-2.2888184680880386e-09
705.2672180881657,2.2525000000000004,1000.0,0.0,331,6620000,1,0.028346216306090355,5.175000000000016e-05,170.89507852804167,3.759521186446991,0.002193874530732251,298.32657591603436,13.651750087738037,2.543524742126465,16.195278644561768,1.907348723406699e-09,-6.103515470812226e-09
701.4196805222635,1.9725000000000001,1000.0,0.0,332,6640000,16,0.02162768319249153,5.100000000000016e-05,176.47279348959938,2.9792529719408614,-0.001755705520216102,300.0726718780713,13.99295449256897,34.437992572784424,48.43094992637634,4.863739189175931e-09,-1.5258788677030566e-09
718.3987113355612,2.775,1000.0,0.0,333,6660000,13,0.021117376163601875,5.0250000000000164e-05,165.07505486714047,3.3462720535279904,-0.0017727416056318405,302.42472545729714,15.843619585037231,34.346914529800415,50.19053649902344,-1.1444092340440193e-09,4.1961669694501325e-09
748.6186971641503,4.8374999999999995,1000.0,0.0,334,6680000,33,0.028555987402796745,4.950000000000016e-05,191.095803015483,3.893893495011634,-0.004139333043815687,305.1534850081489,14.53921890258789,77.62998080253601,92.16920328140259,1.3351439953623867e-09,1.4495849853801701e-08
750.6710703826221,3.9200000000000004,1000.0,0.0,335,6700000,18,0.022949635982513428,4.8750000000000155e-05,183.31244993869996,3.5475115988656145,-0.0024422426298667337,308.63820261171537,13.453402519226074,43.599360942840576,57.05276560783386,-4.386901952813105e-09,7.629394338515283e-10
758.7659241991228,3.9449999999999994,1000.0,0.0,336,6720000,18,0.020356474444270134,4.800000000000016e-05,236.66950108491235,5.508759030733056,-0.0016225605570708882,312.1737661852581,14.040961265563965,45.409037828445435,59.450000524520874,-6.866454960174906e-09,-3.051757735406113e-09
760.4209528321263,3.3599999999999994,1000.0,0.0,337,6740000,34,0.020186688750982285,4.725000000000015e-05,213.10869963745765,3.838450138540258,-0.0047022210531503985,317.65230515137176,13.811948537826538,85.7449963092804,99.55694651603699,3.8146971692576415e-10,-9.918212917625624e-09
767.9285014948489,4.5,1000.0,0.0,338,6760000,19,0.020293159410357475,4.6500000000000154e-05,208.68002702890374,3.1986847345681078,-0.002268888137124921,322.6380639712069,15.081544876098633,46.12427353858948,61.20582032203674,3.2424927187690855e-09,7.629394338515283e-10
779.4056260345336,4.0025,1000.0,0.0,339,6780000,15,0.020433224737644196,4.575000000000015e-05,166.71275081147022,3.4927027434586715,-0.0028646285997761195,327.9507132468259,15.010200500488281,38.323591232299805,53.33379602432251,3.814697446813398e-09,-1.1062621929625038e-08
774.1272581368828,3.3975,1000.0,0.0,340,6800000,21,0.023637918755412102,4.5000000000000145e-05,221.09638258726397,3.3068456028297795,-0.003978754573241081,334.25761167734305,13.801373958587646,51.023173093795776,64.82454943656921,-4.959106458812812e-09,-4.1961669694501325e-09
807.1128787435924,5.05,1000.0,0.0,341,6820000,22,0.022929226979613304,4.425000000000014e-05,168.7384654148145,3.707226220036865,-0.004568090707939005,337.97300624487326,16.487127780914307,53.24216294288635,69.72929406166077,-3.1471252270875993e-09,-8.77380390562621e-09
814.6100218924532,5.6674999999999995,1000.0,0.0,342,6840000,18,0.0215732604265213,4.350000000000014e-05,213.02450843190826,1.7302512130390932,-0.003257179926610745,341.9142891880803,13.366720199584961,46.52594971656799,59.89267158508301,-1.1444092340440193e-09,-1.1444092340440193e-09
825.9680277656693,5.1125,1000.0,0.0,343,6860000,21,0.020070873200893402,4.275000000000014e-05,152.90798440785525,2.256617606323222,-0.0036547826490943487,347.9298819387121,15.136900186538696,46.679818630218506,61.81672263145447,-9.536742923144104e-11,-3.8146971692576415e-10
825.3838377473888,5.155,1000.0,0.0,344,6880000,35,0.020284323021769524,4.200000000000013e-05,206.58974098055833,1.6458136628529407,-0.004711660284951537,354.5997493435726,14.072001934051514,74.57899832725525,88.65100336074829,1.8119812317252126e-09,-2.6702879907247734e-09
853.7642891443686,7.1825,1000.0,0.0,345,6900000,36,0.01912381872534752,4.125000000000013e-05,132.87216260723497,1.698063268306717,-0.004711687665726602,359.1473308342503,17.014938354492188,93.50384306907654,110.51878356933594,-8.869171175263091e-09,-8.77380390562621e-09
863.9079842910575,8.0875,1000.0,0.0,346,6920000,36,0.014447666704654694,4.0500000000000124e-05,150.98354176726798,1.3494776355186633,-0.005149531889706685,364.53686542395883,13.910057783126831,94.83536505699158,108.74542593955994,-2.8610229740877458e-09,7.2479249269008506e-09
872.6298531899171,8.430000000000001,1000.0,0.0,347,6940000,20,0.027337372303009033,3.9750000000000126e-05,154.64287666527989,0.7629820609245056,-0.004341084424766322,370.0538719494122,13.916357517242432,50.901601791381836,64.81796050071716,-7.20024129208241e-09,-3.8146971692576415e-10
875.4191970411733,9.889999999999997,1000.0,0.0,348,6960000,36,0.01855248399078846,3.900000000000012e-05,139.25434855488882,0.8937865233046813,-0.005306120128307593,377.7767706299911,13.772576570510864,88.68778705596924,102.46036672592163,-1.9073485846288207e-10,-3.6239624634504253e-09
903.4385789806595,13.2125,1000.0,0.0,349,6980000,36,0.012259982526302338,3.8250000000000117e-05,89.86540070924092,0.9112113689475442,-0.006596417067192936,385.4999962001986,14.30440092086792,92.13857579231262,106.44297981262207,4.76837147544984e-09,6.484985437538171e-09
917.1930420816273,14.4725,1000.0,0.0,350,7000000,36,0.010301651433110237,3.750000000000011e-05,81.75696905310119,0.9852013588745119,-0.005822331227160815,392.0151160405721,13.274863958358765,94.56802487373352,107.84289026260376,-5.435943695175638e-09,4.1961669694501325e-09
1943.2346222104177,256.3075,1000.0,0.0,351,7020000,36,0.01151696965098381,3.675000000000011e-05,128.1801557408862,6.946550504383484,-0.008886312543154013,189.0558353054384,13.550013542175293,101.04132151603699,114.59133791923523,2.6702879907247734e-09,-6.217956638465694e-08
2918.2897080895955,497.0550000000001,1000.0,0.0,352,7040000,36,0.0145261837169528,3.60000000000001e-05,128.09646617854196,12.016081390120181,-0.01193522272980648,194.4875609709686,13.810588598251343,83.83060646057129,97.641197681427,-1.708984314063855e-07,2.1095276281357656e-07
2912.3926156713865,494.8624999999999,1000.0,0.0,353,7060000,36,0.01217647548764944,3.52500000000001e-05,124.47279453345297,15.895803201016612,-0.011518942892708585,200.14356485054685,13.49369478225708,92.69377970695496,106.18747615814209,4.558563304613017e-08,-1.30462652236929e-07
2954.794337700266,512.4124999999999,1000.0,0.0,354,7080000,36,0.013355978764593601,3.450000000000009e-05,129.03977452434881,16.19921110659827,-0.01235850491307006,205.50117980854114,14.12976622581482,91.39346861839294,105.52323722839355,1.9645691295977485e-08,-1.396179243329243e-07
2975.291349161594,519.8374999999999,1000.0,0.0,355,7100000,36,0.012231233529746532,3.375000000000009e-05,151.37273947939536,19.799915613330846,-0.011216869570037504,210.35646498452954,17.78766703605652,95.60247325897217,113.39014410972595,1.7929076889799944e-08,4.0054320038507285e-07
3046.299471838892,549.365,1000.0,0.0,356,7120000,36,0.011317149735987186,3.3000000000000084e-05,159.24648047458376,17.49442180755251,-0.009771583020065725,214.71481960514652,13.768967151641846,89.86310911178589,103.63208031654358,-1.4877318932349226e-08,-1.1444091896350983e-08
3022.843548543536,540.1,1000.0,0.0,357,7140000,36,0.012893008068203926,3.2250000000000086e-05,162.78298161323502,20.155090927485247,-0.01055252315009305,218.9155036850436,13.229790925979614,88.35327410697937,101.58306860923767,2.5939941750152684e-08,-9.002685885661776e-08
3042.8434193361386,546.6449999999999,1000.0,0.0,358,7160000,36,0.011816155165433884,3.150000000000008e-05,142.26866076337052,19.456020211936483,-0.010809141543493326,225.52154322994232,13.399015188217163,86.8177843093872,100.21680092811584,0.0,1.0070800726680318e-07
3093.784125894192,566.1875,1000.0,0.0,359,7180000,36,0.014359132386744022,3.0750000000000077e-05,80.64092088820539,13.112046698411813,-0.011287798730386728,233.34478320066583,14.259005784988403,88.16190934181213,102.42091870307922,-1.0108947456899386e-08,-1.411438006471144e-07
3102.242872437447,574.135,1000.0,0.0,360,7200000,36,0.01294537354260683,3.0000000000000075e-05,103.01738356646807,12.226484763524953,-0.010362524029476133,238.038062958587,15.908933639526367,92.92355585098267,108.8324921131134,-2.231597839852384e-08,-1.194000276427687e-07
3152.2636399733874,595.9375,1000.0,0.0,361,7220000,36,0.011932509951293468,2.9250000000000074e-05,196.16040165525064,14.99797216955973,-0.008907046059570033,241.31826660622085,13.556196689605713,89.96832013130188,103.52452063560486,2.8228759774151513e-08,-3.204345588869728e-08
3137.578479321587,589.875,1000.0,0.0,362,7240000,36,0.014682109467685223,2.8500000000000073e-05,116.9597931002995,12.667252126466225,-0.01023449366340294,245.48869190615545,13.30841326713562,88.11017942428589,101.4185938835144,2.6702881683604573e-08,4.653930574249898e-08
3149.4006324841566,593.6025,1000.0,0.0,363,7260000,36,0.012349945493042469,2.775000000000007e-05,133.7274879930203,12.300503938110069,-0.011449522620382235,249.7760859493842,14.091991662979126,93.5170247554779,107.60901975631714,-3.433227480087453e-09,8.85009754370003e-08
3147.8509563075195,589.8225,1000.0,0.0,364,7280000,36,0.01175515167415142,2.700000000000007e-05,152.85141678164518,11.9492807075577,-0.00980769072406068,254.06379874259562,13.425171852111816,82.29715967178345,95.72233295440674,3.8146971692576415e-10,-6.103515470812226e-09
3137.7240959168544,587.015,1000.0,0.0,365,7300000,36,0.012377106584608555,2.625000000000007e-05,185.34465399218402,14.999262052856949,-0.009460479739142508,259.0755549177956,13.895102500915527,89.11578488349915,103.01088905334473,1.354217538107605e-08,-2.7465819840699623e-08
3165.228438682295,600.3925000000002,1000.0,0.0,366,7320000,36,0.012233100831508636,2.5500000000000068e-05,99.04911358372557,16.994100387823426,-0.011716343454140006,264.83817789052705,13.385860681533813,84.84405565261841,98.22992038726807,-1.754760781125242e-08,6.866454782539222e-08
3190.1977856156873,612.5124999999999,1000.0,0.0,367,7340000,36,0.011250981129705906,2.4750000000000066e-05,172.3379878931787,12.610742609087017,-0.009103589556478314,269.90795946375124,13.977973461151123,86.82966709136963,100.80764365196228,6.294250454175199e-09,-1.068115267344183e-07
3224.7508555890427,622.8,1000.0,0.0,368,7360000,36,0.01291495468467474,2.4000000000000065e-05,100.33382098743328,12.816818792979937,-0.010916431240984898,274.80353138808204,14.368088245391846,93.23335456848145,107.60144710540771,2.326965287124949e-08,9.346008056354549e-08
3234.010906805851,628.7524999999999,1000.0,0.0,369,7380000,36,0.010510017164051533,2.3250000000000064e-05,154.23827579506417,14.524701240006008,-0.008823044986515245,279.1096775893163,14.153781414031982,88.61598610877991,102.769770860672,-3.814697446813398e-09,-2.3651123726153855e-08
3250.9860348319585,632.5275000000001,1000.0,0.0,370,7400000,36,0.011313162744045258,2.2500000000000062e-05,109.54796229062201,14.341686871316698,-0.00951568507780326,283.6738647119687,14.61329436302185,92.55906343460083,107.17236161231995,-1.4877318932349226e-08,-1.2969970875076342e-08
3282.813444482076,647.4575000000001,1000.0,0.0,371,7420000,36,0.01111671794205904,2.175000000000006e-05,97.6741161485238,12.86131537904289,-0.011263538285111133,289.26267565807467,13.847071409225464,91.80837225914001,105.65544772148132,1.1444092340440193e-09,1.907348590179936e-08
3312.5882579582053,658.2274999999998,1000.0,0.0,372,7440000,36,0.011492276564240456,2.100000000000006e-05,140.35784077771302,15.632564746660673,-0.010393782398194162,295.3504232014584,13.841584205627441,95.31971788406372,109.16130542755127,-1.7929076889799944e-08,-7.629394893626795e-09
3321.353147597777,661.97,1000.0,0.0,373,7460000,36,0.010290130041539669,2.025000000000006e-05,189.1598998807109,11.598566810480449,-0.008610725822332185,303.66822437398775,13.514267921447754,94.80476927757263,108.31903910636902,-5.7220459481754915e-09,4.577636936176077e-09
3311.8302347123417,658.1299999999999,1000.0,0.0,374,7480000,36,0.011506861075758934,1.9500000000000057e-05,138.06947234221118,11.858982886961686,-0.00977682217675895,312.9139966412897,13.751249074935913,90.34958410263062,104.10083603858948,-1.9073485846288207e-10,2.8228759774151513e-08
3325.3657351753377,661.43,1000.0,0.0,375,7500000,36,0.011725520715117455,1.8750000000000056e-05,459.77037948490585,16.891324434248233,-0.009176068381501996,318.4178747137176,14.27773141860962,90.62201309204102,104.899747133255,-7.629394338515283e-10,-1.5258788677030566e-09
3325.888279056742,663.1300000000001,1000.0,0.0,376,7520000,36,0.011462530121207237,1.8000000000000055e-05,97.75565392758604,17.55837971228084,-0.009904147793381333,323.59969120750117,13.64157509803772,91.07811117172241,104.7196888923645,3.814697446813398e-09,6.103515470812226e-09
3332.7801481426163,665.275,1000.0,0.0,377,7540000,36,0.011297517456114292,1.7250000000000053e-05,131.4851241001729,10.818573170809362,-0.009635876878565984,328.20266622882554,15.48398232460022,89.02551507949829,104.50950002670288,7.629394338515283e-10,9.155273872352154e-09
3345.5691028686515,674.4350000000001,1000.0,0.0,378,7560000,36,0.011988627724349499,1.6500000000000052e-05,218.3071403750554,12.266818558488453,-0.009340100406417322,331.8094409025854,14.261662006378174,88.06228804588318,102.32395315170288,7.629394338515283e-10,3.8909913513407446e-08
3376.3402350576202,685.31,1000.0,0.0,379,7580000,36,0.010253195650875568,1.575000000000005e-05,243.41211916277246,10.064840215294337,-0.008598010797439725,335.57151485953636,13.921937704086304,94.49705767631531,108.41899871826172,-1.7166137400437265e-09,-3.204345588869728e-08
3396.0317167952053,689.795,1000.0,0.0,380,7600000,36,0.009451713413000107,1.5000000000000048e-05,498.5267855725815,12.144986108680714,-0.007975581396200615,340.05206712391686,14.133471965789795,102.66402006149292,116.79749631881714,3.051757735406113e-09,4.0435789827597546e-08
3438.468899894278,707.5825000000001,1000.0,0.0,381,7620000,36,0.009923220612108707,1.4250000000000045e-05,172.94003940280297,10.952419995436399,-0.007874964464621643,344.756087094958,14.462722063064575,93.04235506057739,107.50508165359497,-1.1825561863076928e-08,-4.1198731537406275e-08
3416.6218106802435,699.0875,1000.0,0.0,382,7640000,36,0.009799853898584843,1.3500000000000044e-05,175.80854272622355,9.792121497332987,-0.009424557860935405,350.4495452052107,13.713123321533203,80.46609282493591,94.17922115325928,-6.103515470812226e-09,3.051757735406113e-09
3395.131292832527,692.0125,1000.0,0.0,383,7660000,36,0.00886270496994257,1.275000000000004e-05,166.2225638179014,10.608564412314545,-0.009143206489058843,354.7392137748873,13.984779834747314,87.46381378173828,101.44859719276428,4.959106458812812e-09,-4.959106458812812e-09
3426.6251658876436,705.4350000000002,1000.0,0.0,384,7680000,36,0.010482384823262691,1.2000000000000038e-05,321.51121709801265,12.351816843556392,-0.008058240213705409,356.39034726512233,13.606900691986084,87.86199903488159,101.468905210495,-5.722046170220096e-10,-2.5939941750152684e-08
3420.7066519997434,702.8149999999999,1000.0,0.0,385,7700000,36,0.009126674383878708,1.1250000000000035e-05,159.4195517010836,10.694823640752102,-0.008862635115893669,359.6525678055736,13.551579475402832,88.16780209541321,101.7193853855133,-4.577636936176077e-09,-1.831054774470431e-08
3426.5093733509043,702.435,1000.0,0.0,386,7720000,36,0.009458324871957302,1.0500000000000032e-05,354.8966122227101,12.901675743480332,-0.007285600084403809,361.53978153184073,13.492447137832642,87.40520739555359,100.8976571559906,-7.629394338515283e-10,-1.602172794434864e-08
3413.8023417809513,698.09,1000.0,0.0,387,7740000,36,0.009814808145165443,9.75000000000003e-06,344.62327511834474,12.714896082201028,-0.010036736813586775,363.0242124455255,13.608996391296387,84.62236285209656,98.23136234283447,-9.536743617033494e-10,-3.2424928519958485e-08
3439.5990102749965,704.78,1000.0,0.0,388,7760000,36,0.009197068400681019,9.000000000000029e-06,311.6584041183791,12.329636503586245,-0.007854411566257163,365.724052602533,13.281437158584595,83.44343519210815,96.72487545013428,3.051757735406113e-09,-3.356933575560106e-08
3453.3640469755346,709.6524999999999,1000.0,0.0,389,7780000,36,0.007664552424103022,8.250000000000026e-06,205.61436278607601,12.428460257291201,-0.007382577019289449,368.10396633886216,13.163565874099731,89.47125935554504,102.63482856750488,-7.629394338515283e-10,-6.103515470812226e-09
3459.2677687615405,714.89,1000.0,0.0,390,7800000,36,0.0083004804328084,7.500000000000023e-06,174.11293391077749,11.796221237699742,-0.008270511422421186,370.77204338726443,13.427234411239624,88.51030015945435,101.93753814697266,-3.8146971692576415e-10,2.0599365768703137e-08
3448.1347395175226,708.51,1000.0,0.0,391,7820000,36,0.007497500628232956,6.750000000000021e-06,114.88504142189093,14.644204696887005,-0.008584867906628588,373.6531014379813,13.60375189781189,87.51566958427429,101.11942481994629,-1.907348723406699e-09,-2.7465819840699623e-08
3459.072272371713,710.5425,1000.0,0.0,392,7840000,36,0.008057408966124058,6.000000000000018e-06,282.3788089061571,15.446515233604714,-0.008132577550752132,376.5342811744265,13.393027782440186,85.6574239730835,99.05045533180237,-3.814697446813398e-09,0.0
3474.332600694606,723.2499999999999,1000.0,0.0,393,7860000,36,0.008019765838980675,5.250000000000016e-06,178.36177040712184,12.07548897643863,-0.00828155068609398,379.438727086683,13.308950185775757,83.53814601898193,96.8470995426178,4.577636936176077e-09,1.907348590179936e-08
3497.743966288842,733.3925,1000.0,0.0,394,7880000,36,0.007143717724829912,4.500000000000014e-06,247.03002458250094,14.583172993792004,-0.007244871574111665,381.70820223070604,13.263631343841553,82.33115816116333,95.5947949886322,4.577636936176077e-09,-1.1444091896350983e-08
3509.2136399757533,734.0074999999999,1000.0,0.0,395,7900000,36,0.006777069065719843,3.7500000000000115e-06,111.51215693846551,12.32726051513718,-0.008203648077352962,383.7703608417071,13.436917304992676,82.37408566474915,95.81100606918335,3.8146971692576415e-10,1.2969970875076342e-08
3514.215244341892,735.6399999999999,1000.0,0.0,396,7920000,36,0.007395119406282902,3.0000000000000094e-06,353.83420794154887,11.512237855039846,-0.007056764107218021,384.76203970728,13.110928773880005,84.82064318656921,97.93157529830933,3.433227480087453e-09,-1.3732909920349812e-08
3496.734823573481,730.555,1000.0,0.0,397,7940000,36,0.007002479396760464,2.2500000000000073e-06,247.9583171223934,16.46342799616571,-0.007824098166669456,386.22225140729694,13.630539417266846,81.72474145889282,95.3552839756012,-1.907348723406699e-09,3.051757735406113e-09
3505.8771779905946,732.2899999999998,1000.0,0.0,398,7960000,36,0.0057423654943704605,1.500000000000005e-06,250.9154596491236,18.473390928641845,-0.005635902840418647,387.41248895159674,13.39309549331665,83.49026823043823,96.88336706161499,-4.577636936176077e-09,2.1362303925798187e-08
3478.69983687371,720.7825,1000.0,0.0,399,7980000,36,0.005023512057960033,7.500000000000025e-07,156.7076293392134,11.143218959884353,-0.0050749694096014755,388.2349738113246,13.711458921432495,84.23024487495422,97.94170713424683,7.820129432900558e-09,-2.1362303925798187e-08
3508.2341554272143,730.53,1000.0,0.0,400,8000000,36,0.0045346589758992195,0.0,166.34843324726256,14.502630558109555,-0.003863102794625857,388.61386022273217,13.704060077667236,86.44490361213684,100.14896702766418,-3.814697446813398e-09,1.602172794434864e-08
