Metrics/EpRet,Metrics/EpCost,Metrics/EpLen,Metrics/EpSuccess,Train/Epoch,Train/TotalSteps,Train/StopIter,Train/KL,Train/LR,Loss/Loss_reward_critic,Loss/Loss_cost_critic,Loss/Loss_actor,Loss/Loss_ewc,Loss/Loss_safety,Time/Rollout,Time/Update,Time/Total,Value/RewardAdv,Value/CostAdv
-684.8879819668066,0.0,1000.0,0.0,1,20000,36,0.011616949923336506,0.00029925,26.860258362079115,0.0029738050224943856,-0.013367885560183106,0.0,0.0,14.913665533065796,70.45351886749268,85.36718821525574,-6.246566641721074e-08,-1.430511542555024e-10
-648.8641069990988,0.0,1000.0,0.0,2,40000,36,0.011329440400004387,0.0002985,22.76631144111276,0.00032675713607472967,-0.013688282539711305,0.0,0.0,13.746285200119019,68.18199825286865,81.92828464508057,-1.0490417423625331e-07,-1.0058284066749579e-10
-602.1552483876172,0.0,1000.0,0.0,3,60000,36,0.010820436291396618,0.00029775,33.31889445019141,0.0001230314953728511,-0.01344926196100808,0.0,0.0,15.561764478683472,73.22872400283813,88.7904920578003,1.4114379887075756e-08,3.315508423362701e-10
-555.6780376933759,0.0,1000.0,0.0,4,80000,36,0.011162284761667252,0.000297,30.832170188109586,1.325089096511255e-05,-0.014491601734209566,0.0,0.0,13.831536054611206,69.47123837471008,83.30277800559998,-2.8419494313425275e-08,-1.8784776512070778e-10
-516.1602422565761,0.0,1000.0,0.0,5,100000,36,0.012367608956992626,0.00029625,26.422850250224506,1.999136013633593e-07,-0.014518860863717746,0.0,0.0,15.053725481033325,67.62012124061584,82.67384910583496,-9.417534307942788e-09,5.342997710933162e-10
-480.43126912256855,0.0,1000.0,0.0,6,120000,36,0.013096359558403492,0.0002955,22.38212008902821,1.386476230939705e-07,-0.016002992783040987,0.0,0.0,14.667959213256836,71.60276556015015,86.27072787284851,-4.177093515522756e-08,1.2163073326298957e-10
-453.7274201308275,0.0,1000.0,0.0,7,140000,36,0.013812742196023464,0.00029475000000000004,20.663614172566476,9.72301938500691e-08,-0.015220420605582038,0.0,0.0,14.131399393081665,71.70627856254578,85.83768200874329,-1.4305114870438729e-09,3.267079662361283e-10
-411.95410285924453,0.0,1000.0,0.0,8,160000,36,0.014158865436911583,0.00029400000000000004,20.979646291130184,6.84243966752134e-08,-0.016047396609596188,0.0,0.0,14.903082370758057,65.53665685653687,80.43974280357361,-7.629394338515283e-10,1.8230639220462308e-10
-373.80905290921754,0.019999999999999997,1000.0,0.0,9,180000,36,0.014741194434463978,0.00029325000000000005,20.56584366843935,0.0004321334276518896,-0.017860719746692497,0.0,0.25,13.719008684158325,70.17758631706238,83.89659786224365,7.629394338515283e-10,-2.980232380322967e-11
-340.77176301237034,0.030000000000000006,1000.0,0.0,10,200000,36,0.014747858047485352,0.00029250000000000006,18.741245032203167,3.8480689811979285e-08,-0.0179722663320113,0.0,0.0,14.292062759399414,74.88655757904053,89.17862367630005,-4.00543198608716e-09,2.402812324109327e-11
-299.01627449215385,0.0,1000.0,0.0,11,220000,36,0.015443419106304646,0.00029175000000000007,19.596309521793263,2.651617578685511e-08,-0.017369170873932558,0.0,0.0,14.370378494262695,68.0492901802063,82.41967248916626,-1.0657310589579083e-08,-7.61821855599365e-11
-271.7689998430283,0.0,1000.0,0.0,12,240000,36,0.016927771270275116,0.0002910000000000001,12.687389591843006,1.8394607607628264e-08,-0.02008023898363733,0.0,0.0,14.805882930755615,63.56780505180359,78.37368988990784,1.7929076889799944e-08,-8.014030411507278e-11
-235.60262483691204,0.0,1000.0,0.0,13,260000,36,0.017449986189603806,0.0002902500000000001,15.46243492931519,1.2777090083628843e-08,-0.01882036029457726,0.0,0.0,13.406961679458618,70.48688387870789,83.89384698867798,3.33786012163273e-08,9.126961339478434e-12
-196.0345961335876,0.0,1000.0,0.0,14,280000,36,0.017603972926735878,0.0002895000000000001,15.131322959275968,8.753114197327536e-09,-0.019498819464292473,0.0,0.0,13.845449209213257,64.59364461898804,78.4390971660614,-1.840591501434119e-08,-8.312053823011922e-11
-168.05190971739125,0.0,1000.0,0.0,15,300000,36,0.01800657995045185,0.0002887500000000001,14.727484276627326,6.330572557903269e-09,-0.019184657582346342,0.0,0.0,14.099482774734497,64.66229248046875,78.76177763938904,-5.354881338348605e-08,-5.746260411942927e-11
-102.82047372396605,0.0,1000.0,0.0,16,320000,36,0.018565913662314415,0.0002880000000000001,15.279319606015223,4.605543837613772e-09,-0.021118652196324975,0.0,0.0,13.573874473571777,64.3813853263855,77.95526385307312,-3.9768220716496216e-08,3.038439942357196e-12
-66.95642363289335,0.0,1000.0,0.0,17,340000,33,0.020463166758418083,0.0002872500000000001,10.959210740018415,3.1871837666132883e-09,-0.021471560674573714,0.0,0.0,14.195740699768066,61.66855525970459,75.86429834365845,-2.00271599304358e-09,-3.07569282542719e-11
-8.434015781929077,0.0,1000.0,0.0,18,360000,30,0.020269127562642097,0.00028650000000000013,14.95576993319681,2.4923591629889173e-09,-0.019362721135081074,0.0,0.0,13.720876455307007,53.15904760360718,66.87992644309998,1.1186599380152984e-07,-3.4237744583887064e-11
12.732721066788475,0.0125,1000.0,0.0,19,380000,30,0.02072761207818985,0.00028575000000000014,15.102764418635505,0.00043236357650598624,-0.020385103562402442,0.0,0.25,14.229017496109009,59.284363746643066,73.51338648796082,6.732940960318956e-08,1.072883587527329e-10
85.17726262107504,0.095,1000.0,0.0,20,400000,25,0.02062523365020752,0.00028500000000000015,20.244400313989804,0.0012927819106339513,-0.019211825094670773,0.0,0.75,14.380752086639404,50.989707946777344,65.37046313285828,-3.499984657651112e-08,3.173947216161821e-10
118.16995698127303,0.14250000000000002,1000.0,0.0,21,420000,24,0.021084392443299294,0.00028425000000000016,17.270012461339324,0.00043512145477418024,-0.018835645704093157,0.0,0.25,14.872130155563354,43.97937250137329,58.85150718688965,1.201629640235069e-08,1.8626451075975936e-11
153.495054539073,0.09999999999999999,1000.0,0.0,22,440000,25,0.02044595591723919,0.00028350000000000017,17.808852763800576,0.001928362187313778,-0.018128222370320878,0.0,0.75,13.49622917175293,50.57770323753357,64.07393670082092,-9.508132592372931e-08,1.1235475882998003e-09
203.05236534720888,0.14000000000000004,1000.0,0.0,23,460000,22,0.02069167234003544,0.0002827500000000002,20.35325520723461,0.0018489142487585703,-0.017770867919113306,0.0,1.0,13.735334157943726,34.691645860672,48.42698359489441,-3.19480886190604e-09,-3.904104262097974e-10
258.2012120053266,0.17500000000000004,1000.0,0.0,24,480000,21,0.02037271484732628,0.0002820000000000002,22.57686890435694,0.0017220608245379113,-0.017552342043038207,0.0,1.0,14.048539876937866,35.699950218200684,49.7484929561615,-1.8119811429073707e-08,4.1723249855074585e-11
316.64826949741285,0.43,1000.0,0.0,25,500000,16,0.02006763219833374,0.0002812500000000002,25.631266058253022,0.00475336680283101,-0.015992524508668032,0.0,2.25,15.831923961639404,31.17855167388916,47.01048183441162,7.3909758313561724e-09,-6.288289888800591e-10
352.06390542045835,0.5549999999999999,1000.0,0.0,26,520000,21,0.02074652723968029,0.0002805000000000002,20.192215997988132,0.009787220749306397,-0.015981144088161883,0.0,4.25,15.163678407669067,38.84217357635498,54.0058536529541,-8.106231774718253e-08,-1.400709104260045e-09
387.9292753395711,0.7299999999999999,1000.0,0.0,27,540000,14,0.02082619071006775,0.0002797500000000002,24.169150999940623,0.006324982194043532,-0.014777079954320869,0.0,3.0,13.925997734069824,26.35290813446045,40.27890920639038,-3.1661986810149756e-08,-9.179115245672165e-10
475.22830514865836,1.4725000000000001,1000.0,0.0,28,560000,15,0.02082131803035736,0.0002790000000000002,25.915260619223435,0.01978102116587674,-0.014260465412919386,0.0,10.0,14.747236728668213,26.288322687149048,41.03556251525879,1.0433196706571835e-07,-7.39097616442308e-10
532.1322543537462,1.385,1000.0,0.0,29,580000,18,0.02107568271458149,0.00027825000000000023,29.866302894792703,0.013897925845754737,-0.014761761917174258,0.0,6.0,13.70712685585022,34.526015281677246,48.23314547538757,-5.016326909412783e-08,6.079673986469913e-10
598.6945034301502,1.9324999999999999,1000.0,0.0,30,600000,17,0.020558806136250496,0.00027750000000000024,34.768550115741974,0.027514876142600852,-0.015380208520455017,0.0,12.0,14.39055609703064,30.97766351699829,45.36822295188904,-8.77380390562621e-09,-3.4093856626782326e-09
672.6676485708131,2.5149999999999997,1000.0,0.0,31,620000,18,0.020454496145248413,0.00027675000000000025,34.54269426411503,0.045531139099951615,-0.01443428350575741,0.0,16.5,14.235886335372925,37.45553636550903,51.691425800323486,4.4441222257773916e-08,1.436471941396178e-09
762.6465532407952,3.8000000000000007,1000.0,0.0,32,640000,17,0.020424339920282364,0.00027600000000000026,40.05492665717934,0.04978566047443391,-0.014969536018594777,0.0,16.0,16.796606063842773,31.48994541168213,48.28655505180359,-1.1825561863076928e-08,1.430511542555024e-10
779.0652339721198,4.26,1000.0,0.0,33,660000,18,0.020481402054429054,0.00027525000000000027,38.93484796054151,0.07203443530746291,-0.013448390599576915,0.0,26.25,13.661086082458496,31.57482123374939,45.23591208457947,3.833770634287248e-08,2.8550624087131382e-09
847.0342340789257,6.472499999999999,1000.0,0.0,34,680000,12,0.02033475786447525,0.0002745000000000003,41.68059143268516,0.0959062806044976,-0.011787731581440947,0.0,37.25,14.862929105758667,23.19192934036255,38.05486178398132,2.1171569386524425e-08,5.292892346631106e-09
927.8866151434604,8.77,1000.0,0.0,35,700000,9,0.020342348143458366,0.0002737500000000003,47.2709610251446,0.17123904320939365,-0.011657597030783095,0.0,56.25,13.632999897003174,18.47776460647583,32.11076903343201,-1.9454956756703723e-08,-9.894370656127194e-09
1020.6058757894847,12.617500000000001,1000.0,0.0,36,720000,9,0.024758704006671906,0.0002730000000000003,44.44237910275092,0.19346701306313074,-0.008874568438080077,0.0,62.75,15.086206436157227,17.934409379959106,33.02061891555786,4.386901952813105e-09,1.8119812317252126e-09
1026.1529922501884,14.464999999999998,1000.0,0.0,37,740000,3,0.020742731168866158,0.0002722500000000003,57.794603975436175,0.2753779587828821,-0.0028214765195878613,0.0,89.5,13.648959875106812,5.79279899597168,19.44176149368286,-7.629394893626795e-09,5.865096852630813e-09
1124.2124519664355,16.937499999999996,1000.0,0.0,38,760000,14,0.020263580605387688,0.0002715000000000003,50.907723820301996,0.22867536812932293,-0.011648669771651708,0.0,74.75,13.41939377784729,27.340710163116455,40.760108947753906,8.544921570319275e-08,4.410743770222325e-09
1185.1699819553282,17.7425,1000.0,0.0,39,780000,11,0.022043554112315178,0.0002707500000000003,69.6290977355044,0.3119073143483697,-0.009517612899584636,0.0,96.25,16.21140694618225,20.38657546043396,36.597986936569214,-9.918212917625624e-09,3.19480886190604e-09
1230.830966513949,20.77,1000.0,0.0,40,800000,2,0.025104830041527748,0.00027000000000000033,54.523387192918086,0.37223012445452874,0.0011370329561229712,0.0,115.0,14.160293817520142,4.21071195602417,18.371010303497314,-2.326965287124949e-08,-7.104873578356319e-09
1261.8600964377476,24.405000000000005,1000.0,0.0,41,820000,1,0.02477625198662281,0.00026925000000000034,44.11033084674384,0.5039776845481068,0.00489179725749805,0.0,135.5,13.994104862213135,1.9557156562805176,15.949824094772339,-1.3351440841802287e-08,-4.8398973717667104e-09
1296.2644993215272,26.755000000000003,1000.0,0.0,42,840000,7,0.020301368087530136,0.00026850000000000035,43.26206339205416,0.41795062883457385,-0.005641856197002529,0.0,122.0,13.881937265396118,11.007480144500732,24.889419078826904,9.727478378351861e-09,1.0681151962899094e-08
1322.7022861388975,27.139999999999997,1000.0,0.0,43,860000,10,0.022068653255701065,0.00026775000000000036,45.774174186292164,0.4710317712812759,-0.009159683937522265,0.0,149.0,13.53087854385376,18.31110668182373,31.84198832511902,-2.307891833197573e-08,-1.9454956756703723e-08
1369.382024721295,28.335,1000.0,0.0,44,880000,10,0.020353609696030617,0.00026700000000000036,40.56548350916122,0.43926117922932195,-0.010459929002454868,0.0,134.0,13.565625190734863,17.720618963241577,31.286247491836548,-2.3651123726153855e-08,1.7738342350526182e-08
1421.5514619040814,27.6,1000.0,0.0,45,900000,1,0.02018202655017376,0.0002662500000000004,50.70960203603434,0.4612361129385214,0.0016562843281692399,0.0,143.25,13.961643695831299,1.7463228702545166,15.707970380783081,-3.3187866677053535e-08,-2.9087066089061864e-09
1449.476943112584,29.78,1000.0,0.0,46,920000,11,0.02041575126349926,0.0002655000000000004,44.65837340184571,0.4792929010667532,-0.007909880390779188,0.0,147.5,13.854610919952393,22.211095571517944,36.065709590911865,8.201599399626502e-09,9.58442658571812e-09
1477.54177484623,30.242499999999996,1000.0,0.0,47,940000,7,0.02011122740805149,0.0002647500000000004,34.76043485713734,0.5350525317835187,-0.006936737982108203,0.0,165.75,14.30991792678833,13.15758991241455,27.467514753341675,-4.2724607851596375e-08,-3.8146971692576415e-10
1519.2504599666456,31.850000000000005,1000.0,0.0,48,960000,5,0.022316768765449524,0.0002640000000000004,33.4922953029791,0.4835382350622275,-0.004704573647990918,0.0,155.75,13.879449129104614,9.540062665939331,23.419517040252686,1.0871887390351276e-08,1.3351439953623867e-09
1547.361236044604,29.25,1000.0,0.0,49,980000,1,0.02132013812661171,0.0002632500000000004,40.8438437282087,0.44122751380879277,0.0036528919534846997,0.0,129.25,13.567164659500122,1.9098896980285645,15.47705864906311,2.0599365768703137e-08,-5.102157807357344e-09
1567.173674014844,27.7575,1000.0,0.0,50,1000000,10,0.021909737959504128,0.0002625000000000004,42.96756301093787,0.4705706143483948,-0.0073879958155710765,0.0,153.25,13.53829288482666,17.95635223388672,31.49464726448059,1.2207030941624453e-08,4.243850604268573e-09
520.0686332836985,14.815000000000001,1000.0,0.0,51,1020000,1,0.021799517795443535,0.0002617500000000004,82.24755468155249,0.09551509129353605,0.0020474792538454738,0.018420565511608984,0.0,13.858670234680176,1.9091856479644775,15.767858505249023,-5.302429073594794e-08,3.185272134942352e-08
-395.3003212334635,0.0,1000.0,0.0,52,1040000,4,0.027185875922441483,0.00026100000000000044,23.764823821786873,0.01789983726901035,-0.0037178751378775404,0.20521955089137767,0.0,13.911643743515015,7.89484429359436,21.80649423599243,-6.256103688428993e-07,2.2220611128886958e-08
-337.2057397246193,0.0,1000.0,0.0,53,1060000,2,0.02067473530769348,0.00026025000000000044,25.742660890752894,0.012553030451664482,-0.0012886121753043832,0.5243769988370018,0.0,14.155526638031006,3.9931352138519287,18.14867067337036,9.918212917625624e-09,-6.508827254947391e-09
-254.6402048764026,0.04500000000000001,1000.0,0.0,54,1080000,4,0.020482931286096573,0.00025950000000000045,20.075434530504975,0.007799016289076747,-0.007569986754826035,1.0123901959425343,0.25,13.935708045959473,8.029062986373901,21.964774131774902,-1.926422044107312e-08,2.3484230116110894e-09
-174.5820202593254,0.005,1000.0,0.0,55,1100000,3,0.020842745900154114,0.00025875000000000046,22.87345689706528,0.0048446712905840595,-0.005782926451172819,1.5764210858918861,0.0,14.420722723007202,6.363781213760376,20.784507274627686,2.5672912329355313e-07,-7.529556533825144e-09
-83.22095497295402,0.09749999999999999,1000.0,0.0,56,1120000,3,0.02192339301109314,0.00025800000000000047,17.132960906551794,0.005325520751825251,-0.005874416311355794,2.19377094437393,0.75,14.252997398376465,5.988433837890625,20.241436004638672,-2.9325486039510906e-08,-3.3587217451724882e-09
-25.06958839728106,0.07750000000000003,1000.0,0.0,57,1140000,4,0.021102067083120346,0.0002572500000000005,15.749970928548624,0.00390741712032124,-0.008218246364085295,3.033827636759883,0.5,13.514933109283447,7.847023248672485,21.361961364746094,-1.5640258865801115e-08,5.860626650644463e-09
54.200824833504406,0.1,1000.0,0.0,58,1160000,4,0.024844156578183174,0.0002565000000000005,20.678353075783093,0.0024631795344707635,-0.007623288016870451,4.034556436843385,0.5,13.587148666381836,6.865453720092773,20.45260524749756,-7.438659466174613e-09,4.261732078347791e-10
125.67915958411979,0.18750000000000006,1000.0,0.0,59,1180000,2,0.02233431488275528,0.0002557500000000005,17.144282306725987,0.005456125851498899,-0.004093110815773662,5.00565531154791,1.75,14.182319641113281,4.056529760360718,18.23885464668274,1.1014938294806598e-08,-1.794099757645995e-09
155.0039576741538,0.34,1000.0,0.0,60,1200000,8,0.02278161607682705,0.0002550000000000005,16.21651069729473,0.008003274115352383,-0.008933905328731067,6.349799195417581,2.0,14.266113042831421,14.781612396240234,29.0477294921875,4.00543198608716e-09,1.7255544770833353e-09
156.8157689514792,0.9200000000000002,1000.0,0.0,61,1220000,9,0.0226746816188097,0.0002542500000000005,11.871752248912319,0.03901826821857409,-0.010009820593694898,8.293440932029098,5.0,14.386892557144165,22.35438823699951,36.741283655166626,-1.19209286886246e-09,-8.344650526126429e-10
251.0666013705933,0.6600000000000001,1000.0,0.0,62,1240000,10,0.020909801125526428,0.0002535000000000005,16.708908401129726,0.014710379601902546,-0.010303238526688883,10.507985074527728,2.75,15.128309488296509,21.175343990325928,36.30365777015686,3.738403364650367e-08,7.15255771277512e-11
320.3812730462687,0.5349999999999999,1000.0,0.0,63,1260000,8,0.02025519125163555,0.00025275000000000053,15.45083970212327,0.009551119208981182,-0.00787885648275788,12.383564591026916,2.5,13.540368795394897,17.269041061401367,30.80941343307495,1.7976761412796805e-08,8.344650526126429e-10
292.8529814261855,0.4999999999999999,1000.0,0.0,64,1280000,9,0.022262437269091606,0.00025200000000000054,13.760481478434148,0.006900394092020365,-0.007637761932138829,14.291028634851013,2.25,14.672168016433716,19.456693410873413,34.12886595726013,2.4271011866972003e-08,1.6689299942029834e-10
339.55447979825715,0.5225,1000.0,0.0,65,1300000,8,0.021410347893834114,0.00025125000000000055,16.976705155243128,0.014572167737134612,-0.00819450003517488,16.239369202726564,4.25,14.35996675491333,15.499177694320679,29.85915493965149,1.239776614703203e-09,-5.9604643443123e-10
412.9521725843868,0.6975,1000.0,0.0,66,1320000,7,0.024082457646727562,0.00025050000000000056,16.37685428521014,0.007121121973416286,-0.006624790889477516,18.24978120769882,2.0,14.032161712646484,15.96524691581726,29.997411489486694,1.201629640235069e-08,1.3470650150892993e-09
481.90989244562354,0.44749999999999995,1000.0,0.0,67,1340000,9,0.026039380580186844,0.00024975000000000057,23.410091392360005,0.004626931368800149,-0.008737858430430212,20.141827554536874,2.0,14.18361234664917,17.026153087615967,31.209769010543823,3.1661986810149756e-08,7.39097616442308e-10
593.4875987023295,0.4,1000.0,0.0,68,1360000,3,0.02015397511422634,0.0002490000000000006,23.22282140425092,0.016683591575412868,-0.002711073699763344,21.903753103920447,4.0,13.90713906288147,6.29786491394043,20.205007076263428,-1.2969970875076342e-08,2.861023085110048e-10
582.9679545839065,0.7325000000000002,1000.0,0.0,69,1380000,3,0.02094385400414467,0.0002482500000000006,21.136142093914387,0.007788674908251769,-0.0009858241638008016,23.570687443303605,2.5,13.999808311462402,7.747132062911987,21.746943473815918,3.8146971692576415e-10,-7.867813067718998e-10
798.0003165253177,0.4225,1000.0,0.0,70,1400000,9,0.020331408828496933,0.0002475000000000006,20.94563161256172,0.002507353387000241,-0.0074963595693019166,26.1145066866267,1.0,13.595316648483276,17.940386295318604,31.53570556640625,-3.8909913513407446e-08,1.1920929521291868e-10
808.2415452972675,0.6975,1000.0,0.0,71,1420000,2,0.020223673433065414,0.0002467500000000006,27.32788350406927,0.01652644971504989,-0.0015298335615117043,27.67572512032506,5.25,14.454352378845215,5.0737035274505615,19.528059720993042,1.4114379887075756e-08,-1.743435812384675e-10
852.1586161925667,0.6725000000000001,1000.0,0.0,72,1440000,3,0.02128048799932003,0.0002460000000000006,25.125609895545708,0.003996038179424581,-0.00010032903430814814,29.565064374377297,1.75,14.252952814102173,6.089376926422119,20.3423330783844,6.484985437538171e-09,5.602836528062483e-10
807.4387834557313,0.5449999999999999,1000.0,0.0,73,1460000,8,0.02620118111371994,0.0002452500000000006,24.441227700001896,0.008944846445410222,-0.005250563391279012,31.819686799765396,4.75,13.506488800048828,14.636257648468018,28.142749309539795,-5.340575981449547e-09,-3.933906533859499e-10
871.2682498284963,1.2575,1000.0,0.0,74,1480000,6,0.025046970695257187,0.00024450000000000063,25.255619820949242,0.020809051244591807,-0.00422167627245517,34.220144808101956,7.5,14.913253784179688,12.197591304779053,27.110849380493164,-6.04629519784794e-08,-2.8014182640312413e-10
927.9186574852744,1.2150000000000003,1000.0,0.0,75,1500000,6,0.02279914729297161,0.00024375000000000064,23.144494597015544,0.01453698979132398,-0.003953770184403442,36.96529860694569,6.25,14.459698677062988,12.439330339431763,26.89903211593628,-4.234313877304885e-08,3.0994415367580075e-10
993.5545618588637,2.04,1000.0,0.0,76,1520000,7,0.025402098894119263,0.00024300000000000062,35.734689988484945,0.021167359502419884,-0.0051261154430634025,39.43144682932531,11.25,13.89657998085022,13.781352758407593,27.67793560028076,-5.264282165740042e-08,-1.7225741943960315e-09
1113.242797057305,1.9650000000000005,1000.0,0.0,77,1540000,6,0.028905795887112617,0.0002422500000000006,32.20893646429141,0.019053648530700986,-0.0034057512835731396,41.96758043981843,9.75,13.653363227844238,12.714807748794556,26.368173837661743,3.929138259195497e-08,-1.192092865393013e-11
1142.2660670747312,1.9625000000000004,1000.0,0.0,78,1560000,4,0.020909560844302177,0.00024150000000000058,30.216702794876344,0.019421736692850546,-0.0015756239807352232,44.28714217164646,8.5,14.607922554016113,8.25440502166748,22.86233139038086,2.4604798198879507e-08,-2.562999812383282e-10
1156.486198989962,2.915,1000.0,0.0,79,1580000,8,0.02438994124531746,0.0002407500000000006,29.72640668660307,0.035749139653454824,-0.005202098839864962,46.62046877035318,18.5,14.261390924453735,14.955209970474243,29.216604232788086,-1.0871887390351276e-08,-1.5020370502938363e-09
1187.2443087397671,3.1874999999999996,1000.0,0.0,80,1600000,1,0.024108169600367546,0.0002400000000000006,33.525779550448775,0.039692903648669155,0.007879727258207127,48.005673161710796,15.75,13.901579141616821,1.8863270282745361,15.787909984588623,4.76837147544984e-09,-8.583068700218632e-10
1224.2990044462397,3.69,1000.0,0.0,81,1620000,1,0.020721735432744026,0.00023925000000000058,25.855744081564225,0.0423183939553583,0.005341777835374538,49.105174616122014,19.75,13.893831968307495,2.414621591567993,16.308456659317017,-2.0980834847250662e-09,-4.309415935210836e-09
1191.2725037446862,3.4924999999999997,1000.0,0.0,82,1640000,1,0.028225967660546303,0.00023850000000000057,36.1283168548974,0.038913524629304204,0.003359036603436683,50.11587323319797,16.75,13.924139261245728,2.1608431339263916,16.084986209869385,3.051757735406113e-09,1.9073485846288207e-10
1219.1903269824538,4.205,1000.0,0.0,83,1660000,4,0.021267356351017952,0.00023775000000000057,25.91999280109954,0.054811710076698196,-0.0002931901830257461,52.01008907598428,26.75,13.743380546569824,8.071088314056396,21.81447172164917,2.307891833197573e-08,-1.5497207961345794e-09
1263.787526438102,6.5825000000000005,1000.0,0.0,84,1680000,2,0.021029792726039886,0.00023700000000000058,30.606240165881076,0.07245041221118392,0.004013564677897115,53.99489919522319,34.75,13.836446762084961,4.201622486114502,18.03807306289673,-9.53674295089968e-09,2.4318695945879654e-09
1246.1258646105377,5.8375,1000.0,0.0,85,1700000,2,0.027808398008346558,0.00023625000000000057,34.19621583371878,0.060570874937271445,0.0027438192025791056,55.700631248303495,27.75,13.636565208435059,3.995241165161133,17.63180923461914,6.103515470812226e-09,-1.2159347972939827e-09
1282.338813164712,5.785,1000.0,0.0,86,1720000,1,0.023363616317510605,0.00023550000000000057,26.538617091437878,0.05172996197086268,0.009000552644114049,56.99057667400128,25.25,13.802326440811157,1.8939368724822998,15.696265697479248,1.4877318932349226e-08,-1.794099757645995e-09
1308.1265180985824,4.547500000000001,1000.0,0.0,87,1740000,5,0.021344704553484917,0.00023475000000000058,19.433758165584965,0.05177356821600907,0.00027107519407075243,59.32947583914565,25.25,13.585543632507324,10.14141321182251,23.72696042060852,2.7465819840699623e-08,-1.8119812317252126e-09
1318.4819231146835,5.1975,1000.0,0.0,88,1760000,4,0.02059144526720047,0.00023400000000000056,24.478484171647995,0.046440047026721956,-0.0006424702879505607,61.873229657499174,22.75,13.823384523391724,8.183613777160645,22.00700092315674,-5.722046170220096e-10,6.43730180271973e-10
1318.742875565623,5.6575,1000.0,0.0,89,1780000,1,0.02169783227145672,0.00023325000000000057,29.248628534067173,0.06749406422431857,0.009619016465120993,63.39146301464532,33.5,13.639298677444458,2.477790117263794,16.117092609405518,-5.7220459481754915e-09,1.949071792850532e-09
1332.3434489485912,6.38,1000.0,0.0,90,1800000,2,0.02357485145330429,0.00023250000000000058,33.134680917087834,0.07015535808480776,0.003821128797821534,64.34371893398297,32.5,14.745480060577393,4.0417799949646,18.787262678146362,-1.3351439953623867e-09,-1.00135799652179e-09
1276.176161239823,8.07,1000.0,0.0,91,1820000,2,0.020623860880732536,0.0002317500000000006,27.31229707608208,0.10560566604661104,0.002397550132345801,65.85362957841672,49.0,13.764421701431274,4.0153093338012695,17.779733896255493,8.869171175263091e-09,4.768371461572052e-11
1350.1522155663718,11.415,1000.0,0.0,92,1840000,4,0.026267681270837784,0.0002310000000000006,28.590787945844877,0.14616416925237105,0.0001304458942823707,67.78766288391698,64.75,14.131892681121826,7.866811513900757,21.998707056045532,1.1444092340440193e-09,1.3589859237939095e-09
1319.0636501603917,13.569999999999999,1000.0,0.0,93,1860000,2,0.0245217178016901,0.00023025000000000058,23.463431852694136,0.14924788056090235,0.0054799670936724245,68.90112982314234,68.75,14.058441162109375,3.955235242843628,18.013678789138794,1.6212464259979242e-08,8.344650304081824e-09
1306.2363341548307,13.024999999999997,1000.0,0.0,94,1880000,4,0.020118102431297302,0.0002295000000000006,27.53003426900687,0.15035861716888393,-9.76247256606841e-05,70.01195828373821,67.0,14.22783374786377,8.388450145721436,22.616286754608154,-3.2424927187690855e-09,-1.7404556684752492e-09
1358.6487358997915,14.272499999999999,1000.0,0.0,95,1900000,2,0.022847136482596397,0.0002287500000000006,27.332890857142,0.15861878610742738,0.007552075384262081,71.5509046121908,76.5,13.711544752120972,4.082229137420654,17.793776750564575,-9.918212917625624e-09,1.8596648665436533e-09
1386.8267966852418,15.617500000000001,1000.0,0.0,96,1920000,3,0.027722125872969627,0.0002280000000000006,30.077302773793537,0.15935687806469184,0.002618055799837136,73.49412115745017,71.25,13.654021739959717,5.949570655822754,19.603595495224,-2.2888184680880386e-09,-8.01086397217432e-09
1398.9044592390806,15.8,1000.0,0.0,97,1940000,3,0.020714299753308296,0.00022725000000000062,22.7284583928613,0.19218838522736384,0.002549204654263628,75.1442712087093,90.75,13.806655645370483,6.1163880825042725,19.92304754257202,3.2424927187690855e-09,-8.487701208537146e-09
1398.9623944031937,17.045000000000005,1000.0,0.0,98,1960000,1,0.0246164221316576,0.0002265000000000006,25.184659612064543,0.18135083904757668,0.005713868886232376,76.40408651821149,74.75,13.812036514282227,1.912691593170166,15.724731922149658,6.675720420901143e-09,2.813339339269305e-09
1402.5354562816235,14.3475,1000.0,0.0,99,1980000,1,0.023270316421985626,0.00022575000000000058,27.539884494135556,0.18640550356893876,0.007534012231178368,77.04917142337884,70.75,13.606936693191528,1.8087165355682373,15.415656805038452,-1.0681151962899094e-08,4.935264641403592e-09
1408.6570726635955,13.1,1000.0,0.0,100,2000000,5,0.02473846822977066,0.00022500000000000056,28.09522641124055,0.1507943202797978,-0.0011001693703734075,78.83507273616121,64.75,14.466680765151978,10.536180019378662,25.002864360809326,-1.5449524326527353e-08,2.861023085110048e-10
934.6129058296841,6.532500000000001,1000.0,0.0,101,2020000,4,0.02400153875350952,0.00022425000000000057,40.67769766006226,0.022604878269546567,-0.004432479306436575,79.84840670942117,0.25,13.714291334152222,8.314644813537598,22.028939247131348,3.204345588869728e-08,-1.1825561863076928e-08
620.2093315696944,0.05000000000000001,1000.0,0.0,102,2040000,7,0.02380361407995224,0.00022350000000000058,44.523090380830126,0.0070202027942512625,-0.01151300432004922,80.92560229177401,0.25,13.847967147827148,15.096800327301025,28.944770336151123,-4.386901952813105e-09,-6.19292261916371e-09
831.6830926619966,0.1525,1000.0,0.0,103,2060000,3,0.027853218838572502,0.00022275000000000056,42.747023676911866,0.00450670701331093,-0.005834418957947859,82.54501853024743,1.5,14.429693460464478,6.982213973999023,21.411911249160767,-1.9073485846288207e-10,-6.771087690538025e-09
996.6670288157671,0.48749999999999993,1000.0,0.0,104,2080000,2,0.022284504026174545,0.00022200000000000057,40.242535895813766,0.007195961080304088,-0.0038202943625493934,83.60188321488353,3.5,13.908601522445679,4.400736331939697,18.309340715408325,1.9073485846288207e-10,1.1175871339474952e-09
1146.7317164054136,1.3675,1000.0,0.0,105,2100000,5,0.02123093605041504,0.00022125000000000055,36.7012573437188,0.015469645906891377,-0.0067367340283343395,85.61468791535107,8.75,13.826866149902344,10.87633490562439,24.703204870224,-2.1362303925798187e-08,-5.364417937636645e-11
1282.296451048681,2.3325000000000005,1000.0,0.0,106,2120000,1,0.022580312564969063,0.00022050000000000056,32.35945990443611,0.031247773993992433,0.002191344897944135,86.89040001817405,14.75,14.415166139602661,2.3880860805511475,16.803256034851074,-2.574920721087892e-08,5.602836528062483e-10
1366.4499341946896,5.3025,1000.0,0.0,107,2140000,2,0.023014433681964874,0.00021975000000000057,34.99589939239307,0.0863477134119017,0.002503219503945055,88.86643083712545,38.5,13.88206958770752,4.496971368789673,18.37904405593872,-1.4114379887075756e-08,2.98023217215615e-10
1461.9801748102664,8.017500000000002,1000.0,0.0,108,2160000,1,0.0456555038690567,0.00021900000000000055,29.94020207621419,0.07615578489991041,0.008744940435448394,90.43737505343013,39.0,14.27380084991455,2.2667737007141113,16.540576934814453,3.738403364650367e-08,-3.3855438452690123e-09
1506.3435203548756,9.3325,1000.0,0.0,109,2180000,1,0.02040412649512291,0.00021825000000000053,33.234592321962594,0.10644165312234587,0.004411245660540966,91.89150893726288,53.25,13.717434406280518,2.283299446105957,16.000736713409424,2.5177001816700795e-08,-3.290176353587526e-09
1541.3800385699458,12.34,1000.0,0.0,110,2200000,3,0.023598961532115936,0.00021750000000000054,27.074282843210952,0.13468408112089855,0.0014917629337507568,93.94045073130387,67.0,14.6224205493927,6.80964732170105,21.43207335472107,4.081726245885875e-08,-1.0228156988034698e-08
1605.105252290595,15.5475,1000.0,0.0,111,2220000,1,0.02039133943617344,0.00021675000000000055,26.542366979982905,0.17554710586421407,0.005006636919888159,95.50727868613343,88.25,13.682349920272827,2.0818395614624023,15.764192342758179,3.5667419240326126e-08,-5.245208711812666e-10
1644.461883662959,20.4775,1000.0,0.0,112,2240000,1,0.020477931946516037,0.00021600000000000053,16.93541530450693,0.24320185993807003,0.006698797904728606,97.2374226140519,122.75,13.735715627670288,2.4724044799804688,16.208123922348022,-3.299713213777977e-08,-3.6382676427137994e-08
1673.994106187627,26.009999999999998,1000.0,0.0,113,2260000,1,0.02349356934428215,0.00021525000000000054,19.731306728082725,0.28300045787716827,0.007596878314051575,98.21281423355444,130.5,13.705754518508911,2.240257501602173,15.946014881134033,-7.400512913591228e-08,-2.7632713894831795e-08
1705.7315076830685,26.294999999999998,1000.0,0.0,114,2280000,2,0.023490337654948235,0.00021450000000000055,25.11268991860338,0.3202175218076371,0.002525534101065617,99.80159987428318,141.0,14.053771495819092,4.690694332122803,18.74446725845337,-5.41687015243042e-08,5.769729582993932e-09
1727.3669059423446,29.089999999999996,1000.0,0.0,115,2300000,1,0.030686838552355766,0.00021375000000000053,19.889695764730533,0.33661465489635833,0.0049428091244623305,101.48206487783608,145.5,13.58622932434082,2.1910042762756348,15.777236461639404,-1.0108947456899386e-08,-1.3113021779531664e-09
1775.5958235243918,26.8975,1000.0,0.0,116,2320000,1,0.04080209508538246,0.00021300000000000054,22.078360909471115,0.3016585456772734,0.005114673587758415,102.74535964624569,123.0,14.23245882987976,2.2945556640625,16.52701759338379,-6.294250454175199e-09,2.861023085110048e-10
1803.3809237366029,23.7875,1000.0,0.0,117,2340000,5,0.025239376351237297,0.00021225000000000055,18.789977210931504,0.286222870633625,-0.0003446469941851906,105.47980131691637,113.25,14.064872026443481,11.728931903839111,25.793808221817017,8.392333938900265e-08,-3.0040741005876725e-09
1818.8041199848435,25.345,1000.0,0.0,118,2360000,1,0.02717900648713112,0.00021150000000000053,20.26245783083736,0.31085792869424667,0.008988018439243586,107.48944264859819,135.25,13.985074043273926,2.150991916656494,16.13606905937195,4.138946607668004e-08,5.4836273299940785e-09
1842.1812280721792,23.3525,1000.0,0.0,119,2380000,4,0.02317802980542183,0.00021075000000000054,13.983887737170576,0.2480102337170809,0.0021286861280711313,109.98290493998665,108.0,13.921166896820068,8.898690938949585,22.81986093521118,-4.34875495614051e-08,-4.023313682210983e-09
1858.3703435287139,19.555,1000.0,0.0,120,2400000,5,0.02151738479733467,0.00021000000000000055,16.29845772094239,0.19458519784501566,0.0005484063874561185,113.3529671470959,83.75,13.738548994064331,11.565979242324829,25.304532051086426,-6.294250454175199e-08,-1.3440847324019956e-09
1883.511773458522,17.222499999999997,1000.0,0.0,121,2420000,1,0.02167704701423645,0.00020925000000000056,22.548767889650485,0.21313135311626397,0.007886718753308724,115.634445702306,88.25,13.883136749267578,2.0599446296691895,15.94308590888977,-4.463195679704768e-08,-4.494190353199201e-09
1900.9840642485137,19.009999999999998,1000.0,0.0,122,2440000,1,0.022728603333234787,0.00020850000000000054,22.874987414850594,0.25277855373419134,0.009503327259502281,117.37645818935796,105.75,14.569341659545898,2.2428572177886963,16.812202215194702,1.4114379887075756e-08,9.679794743533421e-09
1911.733503221302,21.814999999999998,1000.0,0.0,123,2460000,1,0.029355796054005623,0.00020775000000000055,19.75364092135201,0.25291484261092284,0.008479145432884892,118.51812897703518,113.5,14.285759687423706,2.2316792011260986,16.517442226409912,1.831054774470431e-08,-8.344650526126429e-10
1926.5539373745826,22.277499999999996,1000.0,0.0,124,2480000,1,0.03324092924594879,0.00020700000000000053,23.851108231102696,0.26716510856303927,0.0056713561946972494,119.5912794168003,109.75,14.719430923461914,2.4818482398986816,17.201282024383545,1.0681151962899094e-08,-5.0783155458589135e-09
1933.1870816863004,22.935000000000002,1000.0,0.0,125,2500000,2,0.0213614534586668,0.00020625000000000051,16.13187520801069,0.24579322642792528,0.0036517663876683756,121.08106413283669,112.25,14.834649085998535,4.171494007110596,19.006145477294922,-2.2697449253428204e-08,2.7418136649970393e-09
1942.7693093358334,22.472500000000004,1000.0,0.0,126,2520000,3,0.02376292645931244,0.0002055000000000005,36.918601982128884,0.2671621136042003,0.0023009121277656197,123.00704336115601,107.25,13.98180103302002,7.222721815109253,21.204526662826538,-1.4686584393075464e-08,1.1444092340440193e-09
1956.24869490436,19.6625,1000.0,0.0,127,2540000,2,0.020918702706694603,0.00020475000000000048,16.167708357302146,0.24428334352545464,0.00450440378303226,125.30990115522195,95.0,14.75788426399231,3.9291751384735107,18.68706250190735,-4.692077482104651e-08,9.298324332718266e-10
1983.7950792559884,18.625,1000.0,0.0,128,2560000,1,0.04360661655664444,0.00020400000000000049,26.031580175454625,0.20133220263944265,0.009715465621981091,126.86609110969324,85.25,13.762934446334839,2.235147476196289,15.998085498809814,2.2125243859250077e-08,2.9087066089061864e-09
1990.7422138514944,14.99,1000.0,0.0,129,2580000,1,0.024271009489893913,0.0002032500000000005,14.803806513643112,0.19339883970185973,0.006426123652262048,128.19556132063698,77.0,13.953452825546265,2.233614921569824,16.187071084976196,3.433227391269611e-08,-2.622604355906333e-10
2005.2244483490533,14.030000000000001,1000.0,0.0,130,2600000,1,0.03334140405058861,0.0002025000000000005,28.700747560007503,0.15186887396315035,0.010918788153666276,129.84119646846295,63.75,13.824305772781372,2.0227108001708984,15.847020864486694,-1.3732909920349812e-08,1.907348723406699e-09
2018.9956093421174,13.569999999999999,1000.0,0.0,131,2620000,5,0.026160208508372307,0.0002017500000000005,34.604797841946535,0.18367793592401205,-0.0006466716261634144,132.5729256334396,71.0,13.671388387680054,11.350727796554565,25.02211880683899,-4.1961669694501325e-09,-2.503394991304475e-10
2016.4729762273805,14.690000000000001,1000.0,0.0,132,2640000,4,0.021880878135561943,0.00020100000000000052,14.504232097548037,0.19698457754612825,0.0025882760788828803,136.17018079910034,73.0,14.239914417266846,9.10607099533081,23.345991373062134,-1.754760781125242e-08,1.19209286886246e-09
2030.6933129973008,13.030000000000001,1000.0,0.0,133,2660000,6,0.02053721994161606,0.00020025000000000053,15.683179087024401,0.15306780528757202,-0.0011693251304848158,140.2038701212825,60.0,13.947697639465332,13.388803005218506,27.336503982543945,-1.3351440841802287e-08,-9.775161791125697e-10
2057.926774314283,12.2775,1000.0,0.0,134,2680000,3,0.020348580554127693,0.00019950000000000054,20.95551918362911,0.16965125198054493,0.00046028296713131113,143.90192326392355,62.0,14.455019235610962,6.451498508453369,20.90652108192444,-2.0599365768703137e-08,-1.1205673056124965e-09
2068.2689114624336,13.117500000000001,1000.0,0.0,135,2700000,1,0.022553736343979836,0.00019875000000000052,22.830383981759557,0.15841359668932023,0.0076588438154338075,146.14681548584764,64.25,13.972981929779053,2.397404670715332,16.370391607284546,6.103515470812226e-09,2.145767119543507e-09
2083.4835765869457,13.227499999999997,1000.0,0.0,136,2720000,1,0.02417009323835373,0.00019800000000000053,22.976943040427308,0.20620119112272994,0.01019438233720466,147.6552850400297,76.0,14.016743659973145,2.271523952484131,16.28827166557312,-3.433227480087453e-09,-3.7193297330873065e-09
2093.127644883051,18.267500000000002,1000.0,0.0,137,2740000,2,0.028043784201145172,0.00019725000000000054,16.50637543848909,0.27244219683801024,0.004528955106412213,150.45348328904223,101.5,13.952964305877686,4.192919731140137,18.145888328552246,-8.77380390562621e-09,-5.984306383766125e-09
2113.636277631586,19.072499999999998,1000.0,0.0,138,2760000,3,0.028846610337495804,0.00019650000000000052,12.635786796403261,0.25563234917589395,0.0037734295485523373,154.35829422598323,86.5,13.724935054779053,6.774872779846191,20.499810934066772,-1.7356873271978657e-08,2.1219253021342865e-09
2135.4053828868095,15.752500000000001,1000.0,0.0,139,2780000,6,0.022091979160904884,0.00019575000000000053,17.61795624376486,0.20443014169550233,-0.00029765216225046065,159.97877082377832,76.25,13.952327966690063,13.870739936828613,27.823070764541626,5.340575981449547e-09,-5.483627441016381e-10
2153.0661366425843,14.5125,1000.0,0.0,140,2800000,1,0.020691433921456337,0.0001950000000000005,26.07325148049254,0.1918513608483461,0.009333904535054399,163.1081950032292,71.5,14.04473090171814,2.3214054107666016,16.366141080856323,1.6403198799253005e-08,6.198883073516015e-10
2165.47326920006,15.145000000000001,1000.0,0.0,141,2820000,2,0.021059280261397362,0.00019425000000000052,16.563859397230058,0.20070121367090046,0.006377628996236303,165.59663356988193,75.5,13.808557271957397,4.630817174911499,18.439377069473267,-1.9836425835251248e-08,-1.1682510514532396e-09
2156.5206192108276,17.385,1000.0,0.0,142,2840000,3,0.05300742760300636,0.00019350000000000053,25.043417367945338,0.2946929768188058,0.003239629345849807,167.90354501807525,97.75,14.552591800689697,6.576428651809692,21.129024028778076,-2.6702879907247734e-09,1.5497207961345794e-09
2168.739748327997,15.272499999999999,1000.0,0.0,143,2860000,1,0.022276252508163452,0.00019275000000000054,15.725352128854574,0.19145707217173075,0.011074951086669399,169.32550731329871,58.75,13.624880313873291,2.244830369949341,15.869713306427002,2.5177001816700795e-08,-7.772445798082117e-09
2169.448696607844,15.2125,1000.0,0.0,144,2880000,1,0.03646117076277733,0.00019200000000000055,20.831135730012157,0.24630460385887767,0.007045468189024602,171.1035068012274,84.5,14.024801015853882,2.2481069564819336,16.272911071777344,-9.918212917625624e-09,-4.0531160649948106e-09
2192.043475945865,15.552499999999998,1000.0,0.0,145,2900000,1,0.022582316771149635,0.00019125000000000056,14.176366393177654,0.27740594920830225,0.009059096829364665,172.69419348963532,87.0,14.061071872711182,2.5810577869415283,16.642134189605713,-1.7166137400437265e-09,-1.8119812317252126e-09
2184.8032555046075,19.925,1000.0,0.0,146,2920000,4,0.02702903188765049,0.00019050000000000056,17.012961341931035,0.3264674354796878,0.0014940759995743967,175.803855664433,99.75,14.377074956893921,8.719768762588501,23.09684681892395,-8.583068478174027e-09,1.0967254882032762e-09
2193.780955983474,17.290000000000003,1000.0,0.0,147,2940000,1,0.021147102117538452,0.00018975000000000057,20.985325628957046,0.2734497102161947,0.00820500339521244,178.68924705822246,78.75,13.99599838256836,2.186856746673584,16.18285846710205,-2.7847290695603988e-08,-4.023313682210983e-09
2204.271565034104,18.805,1000.0,0.0,148,2960000,1,0.020582260563969612,0.00018900000000000058,16.9910288679714,0.3401792919197783,0.008759288005709362,180.43262576752196,102.75,14.271995782852173,2.141171932220459,16.41317081451416,-1.7738342350526182e-08,1.9788741756343597e-09
2208.041230402912,18.98,1000.0,0.0,149,2980000,4,0.027018137276172638,0.0001882500000000006,17.25157989442539,0.29032843798613206,0.0026351902786398325,183.22839944126508,86.5,14.265443801879883,8.818492650985718,23.083938598632812,-3.433227480087453e-09,5.912780931538464e-09
2221.63907434425,14.949999999999998,1000.0,0.0,150,3000000,1,0.026974698528647423,0.0001875000000000006,11.431096220168824,0.21730299084521712,0.0072690570539536,184.86415997099954,70.75,14.004086256027222,2.21880841255188,16.22289776802063,-4.34875495614051e-08,3.433227480087453e-09
981.3277246896077,7.1175,1000.0,0.0,151,3020000,18,0.031787797808647156,0.0001867500000000006,71.82039714443545,0.03349521363095867,-0.0002084999115635761,45.59026249325948,0.0,15.020639896392822,40.521552324295044,55.54219651222229,7.629394893626795e-09,4.00543198608716e-09
-148.93053825194826,0.0,1000.0,0.0,152,3040000,1,0.029791565611958504,0.0001860000000000006,44.351393570153476,0.0036034602694177686,0.004094318943484999,46.81712850747398,0.0,14.306251525878906,2.101546049118042,16.407801628112793,-2.9964448344799166e-07,4.458427405040766e-09
-143.3927075485237,0.0,1000.0,0.0,153,3060000,1,0.02154272049665451,0.0001852500000000006,55.12866772630344,0.002602491115321057,0.006573295598617568,47.33091995434258,0.0,14.72726821899414,2.056974411010742,16.784245491027832,3.032684503523342e-08,3.6656857549388633e-09
-124.32409066366907,0.0,1000.0,0.0,154,3080000,1,0.021826399490237236,0.00018450000000000058,51.26633621709416,0.002199173766224029,0.0029586436793791315,47.559485475095315,0.0,14.337215423583984,1.9493827819824219,16.286603927612305,9.498596398316295e-08,3.4928322456551086e-09
-109.27527912114506,0.0,1000.0,0.0,155,3100000,1,0.033540040254592896,0.0001837500000000006,31.570490368638936,0.0018620469712298186,0.006676771649763512,47.87762463359406,0.0,13.826184511184692,2.209498643875122,16.035685539245605,-1.3732909565078444e-07,1.19209286886246e-09
-102.18759561562273,0.0,1000.0,0.0,156,3120000,1,0.020005932077765465,0.00018300000000000057,32.89812403136549,0.0016007640889247718,0.005811626322198504,48.57923759972326,0.0,14.34747576713562,2.414637565612793,16.76211643218994,1.4801025827182457e-07,6.091594784152221e-09
-91.13098445020754,0.0,1000.0,0.0,157,3140000,2,0.02140975557267666,0.00018225000000000058,33.88577705869279,0.0011578416144966293,0.0025469914269142637,49.31943617994412,0.0,14.234883308410645,4.376481533050537,18.611369371414185,3.042221052851346e-08,-1.3113021779531664e-10
-75.88586621795982,0.0,1000.0,0.0,158,3160000,2,0.02978832647204399,0.0001815000000000006,21.01426459920292,0.0007126487385851299,0.004213858855897174,50.39650180316961,0.0,14.234412670135498,4.545589208602905,18.78000569343567,-1.1363029273070424e-07,2.3454427289237856e-09
-51.5424022353566,0.0,1000.0,0.0,159,3180000,2,0.03957903012633324,0.0001807500000000006,17.556075283894522,0.0003876323919477739,0.0050115286879919875,51.71605149777933,0.0,14.248410940170288,4.648164510726929,18.896579265594482,5.550384685193421e-08,2.10106376741237e-10
-32.124368026890934,0.0,1000.0,0.0,160,3200000,1,0.023802872747182846,0.0001800000000000006,24.212167360531254,0.00023684569173485054,0.0028393285396618967,52.811378040252784,0.0,14.385375022888184,1.9967286586761475,16.38210654258728,5.92231756968431e-08,1.3612210247870848e-09
-17.69273865000077,0.0,1000.0,0.0,161,3220000,1,0.022291196510195732,0.00017925000000000062,29.963810882629296,0.00017166138978484577,0.004687000862724436,53.88699194569938,0.0,13.93287181854248,2.2627835273742676,16.195659160614014,1.9550324026340604e-08,-7.711351002193112e-10
3.78164839058939,0.0,1000.0,0.0,162,3240000,1,0.03914286941289902,0.00017850000000000063,25.389537524872313,0.00012105300644737706,0.0037103983002325027,54.88726604327607,0.0,14.078857660293579,2.2489938735961914,16.327855348587036,-1.602172794434864e-08,-1.063942933754447e-09
17.506913063869966,0.0,1000.0,0.0,163,3260000,1,0.021285220980644226,0.00017775000000000063,29.29127283218189,8.044537321075621e-05,0.005415585095110459,55.8808174986428,0.0,13.884408473968506,2.156890869140625,16.04130244255066,1.907348723406699e-09,-3.6656855328942584e-10
31.858488832712244,0.0,1000.0,0.0,164,3280000,2,0.02017262950539589,0.00017700000000000064,38.27876042139035,4.0021491139677513e-05,0.003291892797813361,57.13196170672822,0.0,14.086846113204956,4.718440532684326,18.805289268493652,-1.5258788677030566e-09,-1.2256205772498419e-10
48.91598692295746,0.0,1000.0,0.0,165,3300000,1,0.030704334378242493,0.00017625000000000065,47.80826645918167,1.744415397096921e-05,0.00592099394673071,58.56851224320384,0.0,14.111946105957031,2.1681833267211914,16.280133962631226,-4.768371808516747e-10,-3.673136239612518e-10
64.64939924234446,0.0,1000.0,0.0,166,3320000,1,0.03354572504758835,0.00017550000000000066,33.85938086067907,8.79115530191333e-06,0.008499562621307069,59.538034420805616,0.0,14.223414182662964,2.4937992095947266,16.717217445373535,8.678436635989328e-09,-3.57627885638756e-11
82.05570571656038,0.0,1000.0,0.0,167,3340000,2,0.020341698080301285,0.00017475000000000067,32.82730181986531,2.8264265086381027e-06,0.0037716893023980883,61.20369017238434,0.0,14.336030721664429,4.528675079345703,18.864710092544556,6.294250454175199e-09,2.734363013789931e-10
99.64942231383064,0.0,1000.0,0.0,168,3360000,1,0.020719872787594795,0.00017400000000000068,50.445431134952145,1.5556952982374228e-06,0.0033988420767471577,62.12393745446738,0.0,14.20813274383545,2.322077512741089,16.530212879180908,4.768371808516747e-10,1.0747462642068939e-10
107.41562889408567,0.0,1000.0,0.0,169,3380000,1,0.028398742899298668,0.0001732500000000007,36.13545308174036,8.979867767773164e-07,0.005990225559148116,63.03596836614152,0.0,14.237721681594849,2.223822593688965,16.4615478515625,-2.169609158997332e-09,-4.3362380353073604e-10
119.47587880159486,0.0,1000.0,0.0,170,3400000,1,0.06551002711057663,0.0001725000000000007,43.925161864429995,6.563279824174202e-07,0.008370630923634806,64.64329656777672,0.0,14.275126457214355,2.1267755031585693,16.401905059814453,-2.479553229406406e-09,-8.163973941321956e-10
124.74546370502783,0.0,1000.0,0.0,171,3420000,1,0.04135598614811897,0.0001717500000000007,36.67975235366212,4.6596864030914895e-07,0.006935262662052109,66.12076446728203,0.0,14.445117473602295,2.2073826789855957,16.65250277519226,1.0490417423625331e-09,-3.919936597540641e-10
134.06912423904345,0.0,1000.0,0.0,172,3440000,1,0.03107847273349762,0.0001710000000000007,40.90480301555353,3.076163417141526e-07,0.011734135114192105,67.39396314042064,0.0,14.030570030212402,2.146400213241577,16.17697310447693,2.1934509764065524e-09,7.925555350896119e-11
141.46366919221083,0.0,1000.0,0.0,173,3460000,1,0.026854492723941803,0.00017025000000000067,31.749486089133608,2.0649978928656655e-07,0.003014067992770348,68.55702068097294,0.0,14.15833330154419,2.158334255218506,16.316670894622803,-1.0490417423625331e-09,-4.572793879664694e-11
148.32464671741621,0.0,1000.0,0.0,174,3480000,1,0.027011748403310776,0.00016950000000000065,41.94928203070887,1.3721275973721597e-07,0.008434340540028085,69.591294529339,0.0,14.323272943496704,2.2680680751800537,16.591343641281128,3.8146971692576415e-10,-1.5115365903373146e-10
160.20052954129656,0.0,1000.0,0.0,175,3500000,1,0.02087181806564331,0.00016875000000000066,64.70928647495306,1.0548738109641032e-07,0.006348845798867389,70.39931137036211,0.0,14.133569478988647,2.0982446670532227,16.231818675994873,-1.7166137400437265e-09,1.6046687589810205e-10
165.81196657033442,0.0,1000.0,0.0,176,3520000,1,0.022043857723474503,0.00016800000000000064,45.17393254929076,6.589434537244714e-08,0.006465352272775512,70.79478532590043,0.0,14.011517524719238,2.2763028144836426,16.287825107574463,6.723404055719584e-09,-6.118789502851385e-11
173.49808925724926,0.0,1000.0,0.0,177,3540000,2,0.03107348643243313,0.00016725000000000065,32.59729976052294,3.7305349852199297e-08,0.004387572642784721,72.12729916557336,0.0,14.139798164367676,4.610742807388306,18.750545740127563,-5.912780931538464e-09,1.852400594026804e-10
179.96781048705287,0.0,1000.0,0.0,178,3560000,1,0.03375616297125816,0.00016650000000000063,32.28748236829861,3.385927160657672e-08,0.005034529926112523,73.43610252892248,0.0,14.318045377731323,2.1685426235198975,16.486593008041382,-1.039505015398845e-08,1.5576370748782153e-10
186.3485437462669,0.0,1000.0,0.0,179,3580000,1,0.0254954993724823,0.00016575000000000064,43.76846099509218,2.4913250739634093e-08,0.003521363683098469,74.35860430927703,0.0,14.43669080734253,2.1523241996765137,16.589019298553467,6.294250454175199e-09,-1.1455267984183948e-10
198.71045408641197,0.0,1000.0,0.0,180,3600000,1,0.029036328196525574,0.00016500000000000065,43.87647184091635,1.8709797860100632e-08,0.006965485048114349,75.06228364694614,0.0,14.382509708404541,2.4859778881073,16.86849045753479,-4.4345855876315454e-09,4.870816944224643e-11
207.34686260179674,0.0,1000.0,0.0,181,3620000,1,0.03642253950238228,0.00016425000000000066,30.459780415026145,1.0992229750496454e-08,0.0054885839400723715,76.25712380698694,0.0,14.075260162353516,2.3182296752929688,16.39349341392517,3.8146971692576415e-10,9.953510238247532e-11
213.4642170172202,0.0,1000.0,0.0,182,3640000,1,0.031233331188559532,0.00016350000000000067,39.0116296583852,8.322074045860047e-09,0.004314464994128972,77.03879037680336,0.0,14.795650005340576,2.320551872253418,17.11620569229126,5.531310964812519e-09,1.0710209628894685e-11
223.5533070722009,0.0,1000.0,0.0,183,3660000,1,0.02865772694349289,0.00016275000000000068,44.10215075556843,5.195888127986925e-09,0.0076574805421760666,78.18911943039573,0.0,14.292736530303955,2.240318536758423,16.5330593585968,-7.3194503791285115e-09,7.101334494399869e-13
238.43877202378007,0.0,1000.0,0.0,184,3680000,1,0.02200421877205372,0.00016200000000000069,32.68142469622457,3.3343403338346235e-09,0.007333337320401646,78.56233951458915,0.0,14.269220352172852,2.234621524810791,16.503845930099487,-7.629394338515283e-10,-2.3411121999328266e-11
244.74107711948804,0.0,1000.0,0.0,185,3700000,1,0.023812567815184593,0.00016125000000000067,37.665008722402796,2.684060034932698e-09,0.005369193191393115,79.45790165910324,0.0,14.410819292068481,2.0890965461730957,16.499918937683105,1.1730193705261627e-08,2.1548476544785977e-11
245.88278974317186,0.0,1000.0,0.0,186,3720000,1,0.036341965198516846,0.00016050000000000068,25.352692495138882,1.8677638473835526e-09,0.007173397005520785,80.04932301189191,0.0,13.931888103485107,2.341449499130249,16.27334237098694,1.6403198799253005e-08,-8.17817601833637e-12
249.6250799316578,0.0,1000.0,0.0,187,3740000,3,0.029116977006196976,0.00015975000000000068,61.435574923333526,1.0958089307568413e-09,0.0035825692215404764,81.36516712420284,0.0,15.722034454345703,7.116631984710693,22.838669538497925,7.629394338515283e-10,1.5320257215623023e-11
260.4226905831305,0.0,1000.0,0.0,188,3760000,2,0.025233227759599686,0.0001590000000000007,44.500814888043145,1.2271535167156575e-09,0.0026630961589854413,82.45166717626797,0.0,14.12375545501709,4.472851753234863,18.596609830856323,7.724762163263676e-09,-2.4121255340348036e-11
265.150340786265,0.0,1000.0,0.0,189,3780000,1,0.04610862955451012,0.00015825000000000068,43.78173552534451,1.0354028712686075e-09,0.009284995132893586,84.03125424126085,0.0,14.193164587020874,2.3510265350341797,16.54419469833374,1.3732909920349812e-08,2.4674227938614735e-11
270.1250271363745,0.0,1000.0,0.0,190,3800000,1,0.055243708193302155,0.00015750000000000066,54.186190222779786,5.583978986070225e-10,0.005618082430844489,84.71782845201584,0.0,14.271846055984497,2.219257354736328,16.491107940673828,3.2424927187690855e-09,1.1260272228530432e-11
276.94405882126244,0.0,1000.0,0.0,191,3820000,1,0.020887432619929314,0.00015675000000000067,45.32365496090045,9.233606220326199e-10,0.006150840674512112,85.55676237843669,0.0,14.107192039489746,2.178854465484619,16.286049365997314,6.38961772381208e-09,-1.8160789712340364e-12
284.1356848127572,0.0,1000.0,0.0,192,3840000,1,0.033588629215955734,0.00015600000000000065,31.591761288170616,4.6108776920374653e-10,0.006241329945623875,86.81416030737539,0.0,14.123475313186646,2.293569564819336,16.41704821586609,5.388260060357197e-09,1.1592055440545757e-11
297.01423390138496,0.0,1000.0,0.0,193,3860000,1,0.026121197268366814,0.00015525000000000066,38.035762169109745,2.6411820208274804e-10,0.008570018042170535,88.32375881694757,0.0,14.258415460586548,2.3353075981140137,16.593726634979248,6.771087690538025e-09,-7.34580712230537e-12
308.15709249801637,0.0,1000.0,0.0,194,3880000,1,0.02906765416264534,0.00015450000000000064,29.49253380641389,4.811449797664702e-10,0.006982021056079922,89.73389239813955,0.0,14.16314172744751,2.2622811794281006,16.425426483154297,-1.7642974858844696e-09,8.381903027557258e-13
310.58872660110893,0.0,1000.0,0.0,195,3900000,1,0.02961025945842266,0.00015375000000000065,38.57043744199954,2.30579601365552e-09,0.006056935097962713,91.3566938650113,0.0,13.76997423171997,2.05186128616333,15.821839332580566,-9.155273872352154e-09,3.52156346618282e-13
316.9800651312633,0.0,1000.0,0.0,196,3920000,1,0.023587292060256004,0.00015300000000000066,38.402791705756144,1.6859096834009632e-10,0.004908175889801341,91.86828952094618,0.0,13.968336343765259,2.3369240760803223,16.305265426635742,1.907348723406699e-09,-6.171467416965504e-12
328.5681973153541,0.0,1000.0,0.0,197,3940000,1,0.02366337925195694,0.00015225000000000066,43.07676354307717,5.574450718374167e-10,0.0063950634485604564,92.91456472378569,0.0,14.337403059005737,2.257534980773926,16.59494113922119,8.225440772946513e-09,-3.5695847319661134e-12
340.2026750322443,0.0,1000.0,0.0,198,3960000,1,0.029745427891612053,0.00015150000000000067,37.312331023688515,6.897252922110334e-11,0.006162199722126888,94.20554427369333,0.0,14.257503747940063,2.193453788757324,16.450961351394653,-1.9073485846288207e-10,-4.6951752381840794e-12
339.31018814578,0.0,1000.0,0.0,199,3980000,1,0.024390043690800667,0.00015075000000000068,62.26574835305016,7.381411918817075e-09,0.006270944753798624,95.09670991257738,0.0,14.308387279510498,2.251391649246216,16.559782028198242,-2.479553229406406e-09,-3.8562574899807245e-13
341.0944167505345,0.0,1000.0,0.0,200,4000000,1,0.04819689691066742,0.0001500000000000007,32.95769328202683,7.381323301792901e-11,0.005324718061114509,95.42563846088446,0.0,14.473798990249634,2.045891284942627,16.519695281982422,-6.675719976811934e-10,2.462184102436371e-12
793.497015902659,0.3625,1000.0,0.0,201,4020000,21,0.03147992119193077,0.0001492500000000007,122.99796287621353,0.00807238485409027,-0.0027485577044301514,96.17684724344323,4.5,14.2285737991333,52.664607524871826,66.89318513870239,-5.340575981449547e-09,1.9371509951682242e-10
1223.320501814604,1.9024999999999999,1000.0,0.0,202,4040000,1,0.020589318126440048,0.00014850000000000068,55.78847267224004,0.024918742214192668,0.005285578141637598,97.69850424379587,12.75,14.664898872375488,2.482869863510132,17.147772789001465,-3.540515791655707e-08,-2.839416257671701e-09
1267.51898678777,3.910000000000001,1000.0,0.0,203,4060000,1,0.02772657759487629,0.00014775000000000066,41.55696053245959,0.042493415916094575,0.007740527272414857,97.98900843123658,24.5,14.216965913772583,2.3743538856506348,16.59132432937622,2.1934509319976314e-08,2.169609158997332e-09
1309.857919613495,3.5349999999999993,1000.0,0.0,204,4080000,1,0.027295248582959175,0.00014700000000000065,33.89874399203462,0.026121873716517283,0.007560536559944907,98.93020810258274,14.0,13.94918966293335,2.441624402999878,16.390816688537598,-4.577636936176077e-09,-1.19209286886246e-09
1285.3110842321773,3.3125,1000.0,0.0,205,4100000,4,0.024321598932147026,0.00014625000000000065,45.21241359703076,0.038128532252063196,0.00119740473379503,99.42515875965643,19.0,13.988964080810547,9.639607429504395,23.62857484817505,-1.209259039569588e-07,2.2053718851111626e-09
1296.40935643758,4.6899999999999995,1000.0,0.0,206,4120000,2,0.021899407729506493,0.00014550000000000066,39.98407439378123,0.04821071271359111,0.0020809263763086386,100.31959999255098,25.0,13.970724105834961,5.0395848751068115,19.010312795639038,-6.38961772381208e-09,3.0994415367580075e-10
1316.8564507326248,5.675,1000.0,0.0,207,4140000,1,0.02321409061551094,0.00014475000000000067,31.554348010224658,0.0637592107307511,0.007425347404084362,101.4709910919872,34.5,14.04679536819458,2.2529382705688477,16.299737453460693,5.111694179049664e-08,-2.4318695945879654e-09
1357.2208217814236,7.427499999999999,1000.0,0.0,208,4160000,5,0.020052777603268623,0.00014400000000000065,27.200534226109806,0.0700834914887199,-0.0009371815612331366,103.3260206667379,36.75,14.04366946220398,12.490865230560303,26.534539461135864,-4.081726245885875e-08,-2.479553229406406e-09
1379.8708574062862,7.900000000000001,1000.0,0.0,209,4180000,1,0.022583262994885445,0.00014325000000000064,25.47000382731136,0.08203179071458003,0.004594271520551401,104.90256717182196,42.0,14.163487195968628,2.470191717147827,16.633682250976562,6.999969315302224e-08,-1.20401377756707e-09
1406.1697535771996,9.665,1000.0,0.0,210,4200000,4,0.02200419455766678,0.00014250000000000064,18.909194390613813,0.09952022860380122,0.0003827796198618107,106.6548426204596,53.0,14.047633409500122,9.824035167694092,23.871671676635742,-1.4829635297530785e-08,7.3194503791285115e-09
1405.2461243315827,10.790000000000003,1000.0,0.0,211,4220000,7,0.021641140803694725,0.00014175000000000063,22.922324303348876,0.10809515012808174,-0.0008657196545586609,108.74279635075509,57.75,13.938536405563354,15.091108083724976,29.029647827148438,-3.376007029487482e-08,4.2796135524270085e-09
1392.9623555500248,11.819999999999999,1000.0,0.0,212,4240000,5,0.020989537239074707,0.0001410000000000006,23.50047846023267,0.1371212891115548,-0.0005191797972284852,111.46704293637991,59.25,14.082710027694702,11.262215852737427,25.344932317733765,-3.7193297330873065e-09,3.5762786065873797e-09
1374.1754590115254,14.155000000000001,1000.0,0.0,213,4260000,5,0.02098821848630905,0.0001402500000000006,32.10400553084791,0.1682667310007464,-0.0005945929787315119,114.23523414294941,82.75,13.83733081817627,12.091203212738037,25.92853808403015,-3.814697446813398e-09,8.106232129989621e-09
1388.8381100352644,16.970000000000002,1000.0,0.0,214,4280000,4,0.027301281690597534,0.00013950000000000057,22.012792612797917,0.1657206284554717,0.0018874918963885108,116.42233323898559,83.0,13.848767280578613,9.831759691238403,23.680529832839966,-5.7220459481754915e-09,8.463859835217136e-09
1450.7120435563506,14.622499999999999,1000.0,0.0,215,4300000,5,0.024522878229618073,0.00013875000000000058,22.04641716107012,0.15653874324961972,0.001031756538231247,119.05267830260645,70.5,13.90967345237732,11.763861894607544,25.673539638519287,-7.057189943537878e-09,-2.0980834847250662e-09
1394.1678650212602,14.622499999999999,1000.0,0.0,216,4320000,8,0.02049846574664116,0.0001380000000000006,32.929639771723515,0.16936289587209877,-0.00217483874195413,122.56719021903821,74.25,13.8460214138031,19.710728645324707,33.556753396987915,2.3651123726153855e-08,-4.267692421677793e-09
1417.8402576492304,15.097499999999997,1000.0,0.0,217,4340000,8,0.02178277261555195,0.00013725000000000057,19.036680513677506,0.15668326665382512,-0.0030667550039675515,127.12586459869775,74.5,13.686691761016846,19.3216814994812,33.008376598358154,-4.76837147544984e-09,4.768371808516747e-10
1460.3275376134163,16.842499999999998,1000.0,0.0,218,4360000,1,0.02602054737508297,0.00013650000000000058,16.3168388372793,0.18106912552548673,0.007569448799251938,129.69848350061775,89.25,13.779340505599976,2.382667303085327,16.162014961242676,-1.4495849853801701e-08,3.9577483512687195e-09
1485.7569655672419,18.512499999999996,1000.0,0.0,219,4380000,15,0.02323073148727417,0.0001357500000000006,19.035646749990054,0.2013801208081337,-0.004246987580074765,133.45278304062458,100.75,14.009141445159912,35.912147998809814,49.92129349708557,-2.2888184680880386e-09,8.82148754044465e-09
1433.115461831401,19.3725,1000.0,0.0,220,4400000,5,0.02205941081047058,0.0001350000000000006,27.680461490192354,0.21466217420923825,-0.00106387671437293,137.21308487474727,87.5,14.073540210723877,11.977516651153564,26.051060676574707,8.201599399626502e-09,5.245208711812666e-10
1495.0974746555526,17.7775,1000.0,0.0,221,4420000,7,0.022015059366822243,0.0001342500000000006,23.08671994690262,0.18467808120711,9.51443543799633e-05,140.78955876234187,89.25,13.956929206848145,17.250089168548584,31.2070255279541,-7.057189943537878e-09,2.00271599304358e-09
1499.2609631465575,19.715,1000.0,0.0,222,4440000,3,0.02190164290368557,0.0001335000000000006,24.306361644285808,0.21905031049657808,0.002661794647217368,143.19850998818558,115.25,13.672277450561523,7.452794551849365,21.125075101852417,-1.7166137400437265e-09,-9.58442658571812e-09
1511.446586644463,20.857499999999995,1000.0,0.0,223,4460000,14,0.025146357715129852,0.00013275000000000057,20.918979737487682,0.18343460051464414,-0.004418780097867767,147.81871500716042,84.5,13.734749794006348,35.06524848937988,48.80000162124634,6.103515470812226e-09,-5.531310964812519e-09
1507.5017772024044,18.192500000000003,1000.0,0.0,224,4480000,10,0.02076573483645916,0.00013200000000000058,23.556120769360575,0.21291542425751686,-0.003376217032767856,152.4849132355029,98.25,13.920750141143799,24.50257635116577,38.4233295917511,-3.433227480087453e-09,3.9577483512687195e-09
1471.3949435110396,18.1025,1000.0,0.0,225,4500000,4,0.021158266812562943,0.00013125000000000056,25.36675381317687,0.19468440162464262,0.0002684826005291872,155.46371055334902,91.25,13.68527603149414,9.181459903717041,22.866739749908447,-4.76837147544984e-09,4.0292738034963804e-09
1502.544414853917,18.152500000000003,1000.0,0.0,226,4520000,9,0.027987860143184662,0.00013050000000000057,30.13160664094946,0.1820674212289102,-0.002809029823333755,158.92698291349294,85.5,13.798683643341064,21.047147750854492,34.84583401679993,4.577636936176077e-09,-3.767013367905747e-09
1520.497399301545,17.3475,1000.0,0.0,227,4540000,3,0.021649299189448357,0.00012975000000000055,17.984028761379253,0.18160938915892785,0.0037303689660958717,161.9704356980654,92.0,14.221053123474121,7.358366250991821,21.57942223548889,-7.438659466174613e-09,3.0994415367580075e-10
1528.416734561178,19.57,1000.0,0.0,228,4560000,9,0.02103457786142826,0.00012900000000000053,13.242401618503873,0.20724441102888722,-0.0013432237266750996,166.58173804508272,104.0,14.918615818023682,22.51263689994812,37.43125534057617,2.8228759774151513e-08,4.243850604268573e-09
1542.5296817108529,19.867500000000003,1000.0,0.0,229,4580000,7,0.020407315343618393,0.00012825000000000054,11.00686695650798,0.18815079106622393,-0.0010709919863040862,169.87875933105246,89.25,13.760161638259888,16.29390549659729,30.054070711135864,4.081726245885875e-08,3.433227480087453e-09
1548.144935338483,18.640000000000008,1000.0,0.0,230,4600000,16,0.020571967586874962,0.00012750000000000055,20.523676100154272,0.1938260687699619,-0.00488432234437867,176.03235653642648,94.25,14.589178562164307,37.41950964927673,52.00869059562683,-8.392333938900265e-09,2.2172927938157727e-09
1549.6863676858,16.769999999999996,1000.0,0.0,231,4620000,17,0.02076362632215023,0.00012675000000000056,13.898321409194995,0.1860040369573291,-0.005135527448324366,183.40350386532285,83.75,14.103402376174927,41.784358739852905,55.88776469230652,3.8146971692576415e-10,4.577636936176077e-09
1564.5109249473676,16.777499999999996,1000.0,0.0,232,4640000,3,0.025521984323859215,0.00012600000000000054,24.66766466601842,0.2118839565049599,0.0014380312155777464,186.77380299593568,84.5,14.229095935821533,6.909793376922607,21.1388943195343,-1.5258788677030566e-09,1.6689301052252858e-09
1554.4532037689087,16.777500000000003,1000.0,0.0,233,4660000,5,0.02051340602338314,0.00012525000000000055,21.91280092111411,0.1730650970301689,1.9216111090522225e-05,189.5774849596115,79.0,13.625732898712158,11.777306079864502,25.403042316436768,9.536743617033494e-10,4.339218317994664e-09
1562.710405979461,15.815000000000001,1000.0,0.0,234,4680000,10,0.022215761244297028,0.00012450000000000053,10.58175451473687,0.15640864213006184,-0.0016175644835248924,194.21466138065813,78.75,13.974419593811035,23.09081745147705,37.06524157524109,8.77380390562621e-09,2.813339339269305e-09
1564.8877642647628,15.332500000000001,1000.0,0.0,235,4700000,12,0.02263612300157547,0.00012375000000000054,11.293786226687466,0.1576450680510495,-0.003261582608408115,199.16237907694043,73.25,14.214516878128052,29.919068336486816,44.13359236717224,6.866454960174906e-09,1.0728835597717534e-09
1567.7077886510226,16.277499999999996,1000.0,0.0,236,4720000,1,0.02819126285612583,0.00012300000000000052,13.089687912608868,0.17483761490057834,0.007057018701534587,201.68121981392272,92.0,14.03500509262085,2.3431801795959473,16.378188133239746,-6.866454960174906e-09,-2.2172927938157727e-09
1581.3728852015522,16.8725,1000.0,0.0,237,4740000,6,0.021963883191347122,0.00012225000000000053,16.315989389206273,0.1714484410814711,-0.00169778365643816,205.06631924727728,77.0,13.863489389419556,16.429218530654907,30.29271125793457,-1.0681151962899094e-08,1.5020370502938363e-09
1503.227690418184,13.772499999999999,1000.0,0.0,238,4760000,13,0.020867660641670227,0.00012150000000000053,28.89211287642615,0.15933519145521904,-0.006657687882151438,210.74569998774197,60.0,13.994243383407593,30.836238861083984,44.830485343933105,-3.3855438452690123e-09,-2.0265580324974053e-09
1564.9883444898387,14.439999999999998,1000.0,0.0,239,4780000,8,0.020843442529439926,0.00012075000000000052,19.897442153277108,0.1489469332995411,-0.0010107900189424005,216.99165317425712,85.75,13.730057001113892,19.71209406852722,33.44215416908264,-7.629394338515283e-10,3.6478042808596456e-09
1592.1265152988294,17.9925,1000.0,0.0,240,4800000,6,0.02143182046711445,0.00012000000000000052,16.462981339079885,0.17026464339579764,0.0009987433608353567,220.35676182268526,91.5,14.362478971481323,15.117647647857666,29.48012948036194,-3.814697446813398e-09,-3.1471252270875993e-09
1594.9975961682135,17.822499999999998,1000.0,0.0,241,4820000,5,0.02070428617298603,0.00011925000000000051,21.796287400730122,0.17947679897085927,-0.0004334283073227436,222.56517213084066,90.75,13.722416639328003,10.720812559127808,24.443230390548706,-1.907348723406699e-09,-3.2424927187690855e-09
1597.2781737281925,18.420000000000005,1000.0,0.0,242,4840000,3,0.02515278197824955,0.00011850000000000051,31.534543515267337,0.17998604159861709,0.0012121930965386068,224.69402094669363,86.5,14.11972165107727,7.113839864730835,21.233564853668213,-2.6702879907247734e-09,1.0967254882032762e-09
1600.8292296319405,15.985,1000.0,0.0,243,4860000,8,0.020329885184764862,0.0001177500000000005,9.714843765424844,0.14844519724123204,-0.0005393454436058054,229.44912621616936,79.0,14.914045572280884,19.009227752685547,33.92327666282654,-1.1825561863076928e-08,-3.0994415922691587e-09
1606.405003757388,15.845000000000002,1000.0,0.0,244,4880000,8,0.021206771954894066,0.0001170000000000005,25.165456780610373,0.14950011200167404,-0.001658380243866987,233.90268928479082,77.25,13.782307624816895,19.15872287750244,32.94103384017944,3.6239624634504253e-09,9.536742923144104e-11
1606.4023986934933,14.805000000000003,1000.0,0.0,245,4900000,6,0.023724474012851715,0.0001162500000000005,26.573338712747105,0.14624356818648254,-0.001210463543546994,237.36546353308665,71.75,13.383004903793335,14.282120704650879,27.665128707885742,-3.814697446813398e-09,-8.40425506964948e-10
1608.4688591384897,14.429999999999998,1000.0,0.0,246,4920000,2,0.024799097329378128,0.00011550000000000049,10.393432396288498,0.1388783325045444,0.006695684213667346,240.0561965601132,71.5,14.278849363327026,4.672104358673096,18.950957536697388,4.577636936176077e-09,2.6702879907247734e-09
1611.327145775791,13.217499999999998,1000.0,0.0,247,4940000,18,0.020373333245515823,0.0001147500000000005,17.446670488596894,0.12387507577335154,-0.0057272786371833735,245.11150789650188,62.0,13.627141237258911,42.76077103614807,56.38791608810425,1.907348723406699e-09,1.2683868177987279e-08
1622.7993851725935,11.2,1000.0,0.0,248,4960000,2,0.030719619244337082,0.0001140000000000005,16.592849767627047,0.10319341236529068,0.0033464236690784795,248.55380553711717,53.25,14.034245729446411,4.703864812850952,18.73811411857605,8.01086397217432e-09,3.433227480087453e-09
1608.6164990750042,10.4675,1000.0,0.0,249,4980000,3,0.023542627692222595,0.00011325000000000049,17.12321286054211,0.09001319119518303,0.0015158898403413823,251.49042311923318,47.5,13.935239791870117,7.47098970413208,21.40623450279236,-3.051757735406113e-09,1.1444092340440193e-09
1607.8533011189634,9.125000000000002,1000.0,0.0,250,5000000,1,0.020375311374664307,0.00011250000000000048,28.800235812275556,0.08258251144815558,0.0047745173871398166,253.36210188698084,44.0,14.052762269973755,2.4892418384552,16.542007446289062,-7.629394338515283e-10,-4.768371808516747e-10
1448.622768691997,4.047499999999999,1000.0,0.0,251,5020000,6,0.027007393538951874,0.00011175000000000048,22.952099355772788,0.012977880527661108,-0.00255687203353987,135.04846643157407,0.0,13.884118795394897,13.51066279411316,27.39478325843811,2.00271599304358e-09,2.326965287124949e-08
1351.8533576638422,0.040000000000000015,1000.0,0.0,252,5040000,10,0.020220519974827766,0.00011100000000000048,16.419957530384245,0.003938129926085496,-0.010420982943276485,136.24002260445786,0.25,13.962892770767212,23.55077052116394,37.51366662979126,-1.1444092340440193e-09,-1.0192394483965472e-08
1451.140871277294,0.01,1000.0,0.0,253,5060000,7,0.022057190537452698,0.00011025000000000047,15.515334362420031,0.0015276586636900902,-0.006362716182086588,137.5688264220885,0.0,13.868669748306274,17.58719491958618,31.455868005752563,9.918212917625624e-09,7.092952891696314e-10
1516.7059726409657,0.027500000000000004,1000.0,0.0,254,5080000,6,0.02254321426153183,0.00010950000000000047,14.078324864339777,0.0012601515439639504,-0.006586384664327343,139.1515416804467,0.25,14.123090982437134,13.60946774482727,27.73256254196167,-1.1634826435624745e-08,-2.7120112822132114e-09
1579.905737351895,0.027500000000000004,1000.0,0.0,255,5100000,2,0.021592499688267708,0.00010875000000000046,15.078067080281413,0.0011205996295397048,-0.0026999891173249235,140.47847357801737,0.25,14.17395806312561,4.413025140762329,18.58698534965515,-7.629394338515283e-10,7.855891936969783e-09
1646.009671373798,0.16999999999999998,1000.0,0.0,256,5120000,7,0.020305195823311806,0.00010800000000000046,14.212352401967573,0.0030060064998583503,-0.005213011366590204,141.96373614020024,1.5,14.491196393966675,16.614302158355713,31.10550308227539,5.035400363340159e-08,-9.298324332718266e-10
1696.4935583593008,0.33999999999999997,1000.0,0.0,257,5140000,1,0.024621833115816116,0.00010725000000000045,11.271319217194383,0.0032314163332912153,0.0005735219753802585,142.98774748488356,1.5,14.431387186050415,2.344468593597412,16.775861024856567,-2.002716037452501e-08,-4.580616774774171e-09
1756.9660101505629,0.5299999999999999,1000.0,0.0,258,5160000,1,0.0201862845569849,0.00010650000000000045,16.798213484949958,0.006761917074976382,0.0015826777572901295,143.8796284830989,3.5,13.86436128616333,2.4165244102478027,16.280889749526978,3.261566305923225e-08,4.547834553392249e-09
1785.5339852624893,0.9775,1000.0,0.0,259,5180000,2,0.020202334970235825,0.00010575000000000044,12.50418580111604,0.01200974389746861,-0.0011993011053556355,144.79892786775534,6.25,14.32277250289917,4.792354106903076,19.115128993988037,3.776550272505119e-08,4.154443900006299e-09
1811.6180147724008,1.83,1000.0,0.0,260,5200000,1,0.021115966141223907,0.00010500000000000044,13.970123297871112,0.020357045205533147,0.0024887009928473078,145.47776701808357,11.5,13.878020763397217,2.3134067058563232,16.191431283950806,1.6403198799253005e-08,4.5895576228360824e-10
1842.461194578938,1.875,1000.0,0.0,261,5220000,2,0.02437679097056389,0.00010425000000000043,9.816535857157966,0.016338415819178588,5.7430500491929893e-05,147.09530939461706,9.0,14.539681196212769,5.021724700927734,19.561409950256348,-2.2125243859250077e-08,-3.0070543832749763e-09
1867.4556167636133,2.88,1000.0,0.0,262,5240000,1,0.022463221102952957,0.00010350000000000043,8.37037968559387,0.034871175627822215,0.0011880443232080427,148.85093693839858,18.0,13.918878555297852,2.6680381298065186,16.5869197845459,-4.577636758540393e-08,1.5854835222484098e-09
1900.1809179075979,4.2575,1000.0,0.0,263,5260000,6,0.02007574401795864,0.00010275000000000042,23.48701268021926,0.04522007270651662,-0.0029548841637199205,150.6721333512864,25.5,13.711030721664429,14.36953616142273,28.08057165145874,1.3732909920349812e-08,-1.5616417048391895e-09
1919.5022112332122,5.865,1000.0,0.0,264,5280000,3,0.02006877399981022,0.00010200000000000042,16.714380350102758,0.06721263373800265,0.0016154239253717236,152.80504626841844,33.25,14.189687252044678,7.173768997192383,21.363459825515747,-1.7166137400437265e-09,3.528594971768939e-09
1939.9282621275645,7.860000000000001,1000.0,0.0,265,5300000,6,0.024975610896945,0.00010125000000000041,18.369716472011277,0.08177819956268588,-0.0008619268039485422,155.25181271651556,45.25,13.647647142410278,14.116672992706299,27.764323949813843,-5.531310875994677e-08,2.7656554824062596e-09
1958.2960137055884,9.015,1000.0,0.0,266,5320000,2,0.024775628000497818,0.00010050000000000041,19.617674416246505,0.08391450830815604,0.0023755714763699773,157.3376198424318,44.0,13.852240562438965,5.6352527141571045,19.487496614456177,-4.653930574249898e-08,-2.4318695945879654e-09
1973.084016686308,8.767500000000002,1000.0,0.0,267,5340000,1,0.02119799330830574,9.97500000000004e-05,24.045338898801955,0.07903459073660282,0.002430155360029814,158.23359967801517,42.0,14.438685894012451,3.1156132221221924,17.554302215576172,-9.155273872352154e-09,2.551078903678672e-09
1977.8463427234117,9.682500000000001,1000.0,0.0,268,5360000,4,0.020828193053603172,9.90000000000004e-05,19.995291667624404,0.09064926149638983,0.0006602125064939998,158.68266693700235,51.75,14.36257791519165,9.725983619689941,24.0885648727417,-2.632141082870021e-08,2.956390465769232e-09
1989.4517908570374,9.6225,1000.0,0.0,269,5380000,3,0.020459627732634544,9.82500000000004e-05,15.506820453749425,0.09315898763739898,0.0016487818094777762,160.05676666032264,49.0,13.943409442901611,7.530534982681274,21.47394871711731,-3.356933575560106e-08,4.577636936176077e-09
2005.0132500289826,10.7625,1000.0,0.0,270,5400000,10,0.020703934133052826,9.750000000000039e-05,17.24653856975202,0.11296651679724931,-0.003650605939358425,162.2250306589535,59.0,13.965959787368774,24.180342197418213,38.146305561065674,4.577636936176077e-09,4.0531160649948106e-09
2018.708996408754,10.034999999999998,1000.0,0.0,271,5420000,2,0.02065303921699524,9.675000000000039e-05,14.917183931262349,0.08461478096656144,0.0024751026747590558,163.9307459383346,43.5,14.148512601852417,4.493031024932861,18.641546726226807,-2.2888183792701966e-08,4.291534350109316e-10
2025.6646617681986,9.84,1000.0,0.0,272,5440000,6,0.02175014652311802,9.600000000000038e-05,11.258452117633515,0.09908463275486541,-0.0017268066376316758,166.02769305276922,52.5,16.302273988723755,14.879318237304688,31.18159532546997,-2.250671471415444e-08,-1.2993812692485562e-09
2028.5459686868005,11.285,1000.0,0.0,273,5460000,6,0.022439006716012955,9.525000000000038e-05,15.253989379626875,0.10216255502872511,-0.0014605105882341933,168.5164228932926,55.0,14.84926438331604,13.264215469360352,28.11348271369934,1.1062621929625038e-08,-3.1471252270875993e-09
2043.0094832890481,10.435,1000.0,0.0,274,5480000,1,0.022956911474466324,9.450000000000037e-05,16.331632189857313,0.10698025516522959,0.004174394048036287,169.92624744744347,55.75,13.47662615776062,2.327538251876831,15.804169178009033,8.77380390562621e-09,-1.0490417423625331e-09
2047.5408569150738,11.52,1000.0,0.0,275,5500000,7,0.025029337033629417,9.375000000000037e-05,19.601073068442926,0.11444644360122534,-0.0016738631944705543,171.57407225587497,59.25,13.849892139434814,16.60481572151184,30.454710960388184,1.5258788677030566e-09,-2.0503998499066256e-09
2059.8963998223467,12.0325,1000.0,0.0,276,5520000,1,0.02218734659254551,9.300000000000036e-05,10.348001754321992,0.11348540376360043,0.007134413194899171,173.36060306439384,60.0,13.962340116500854,2.259981870651245,16.222325563430786,-3.700256456795614e-08,-1.3113021779531664e-10
2068.6132738122606,12.2625,1000.0,0.0,277,5540000,1,0.025687607005238533,9.225000000000036e-05,15.6930763866193,0.11395243920695286,0.0056833268512195105,174.31157028636994,58.75,14.300693035125732,2.4179582595825195,16.71865463256836,1.3351440841802287e-08,2.169609158997332e-09
2076.3930254744164,10.250000000000002,1000.0,0.0,278,5560000,3,0.02490036003291607,9.150000000000035e-05,14.192110324693056,0.09085351281875746,0.0018533985388363068,176.02539868502063,46.5,14.18347716331482,7.565830230712891,21.74931049346924,-1.7166137400437265e-09,-9.298324332718266e-10
2083.7448612655144,9.934999999999999,1000.0,0.0,279,5580000,6,0.022269589826464653,9.075000000000035e-05,13.571407528477101,0.12154667928648262,-0.0016435280276603274,178.69582037880016,58.0,14.05719804763794,12.830780744552612,26.88798189163208,-2.3651123726153855e-08,-4.315376500585444e-09
2088.4960458497626,10.415,1000.0,0.0,280,5600000,5,0.02532934956252575,9.000000000000034e-05,14.421186184654601,0.0884664911776781,-0.0008023878857017326,182.04468227788664,42.5,15.09786319732666,11.971786260604858,27.069652795791626,-3.2424928519958485e-08,-4.76837147544984e-09
2098.3805053130686,9.180000000000001,1000.0,0.0,281,5620000,2,0.02060256153345108,8.925000000000034e-05,22.1970015729959,0.0922053437680006,0.0003456103175836868,184.09675044830615,47.75,13.668742418289185,4.843344211578369,18.512089490890503,-3.8146971692576415e-10,9.536743617033494e-10
2093.3172477702287,10.559999999999999,1000.0,0.0,282,5640000,9,0.021951574832201004,8.850000000000034e-05,12.265553451490012,0.10352326636121635,-0.0022983831000726908,186.6009455509206,53.0,14.049438953399658,20.947818517684937,34.9972608089447,1.1444092340440193e-09,-4.5299530793130316e-10
2105.541792116384,10.1,1000.0,0.0,283,5660000,1,0.020494837313890457,8.775000000000033e-05,24.718806874637785,0.09774632241350774,0.0019926498034082284,188.5897077371518,48.25,13.55366325378418,2.641960620880127,16.195627450942993,-1.1444091896350983e-08,-6.198883073516015e-10
2112.928160108922,9.6125,1000.0,0.0,284,5680000,7,0.020633075386285782,8.700000000000033e-05,20.62633350482002,0.09827760471152638,-0.0019429378519247025,189.67252650363213,51.75,13.733125686645508,16.233580589294434,29.96670937538147,6.484985437538171e-09,9.536742923144104e-11
2116.1968701328083,10.265,1000.0,0.0,285,5700000,10,0.020066631957888603,8.625000000000032e-05,25.288979947985933,0.10166299496881497,-0.00386631772206269,193.12140833455533,53.25,13.853935718536377,23.127628326416016,36.98156809806824,-5.340575981449547e-09,-3.4511089541666706e-09
2130.72151845905,10.645,1000.0,0.0,286,5720000,1,0.02021242305636406,8.550000000000032e-05,34.06861653571693,0.0938066945860561,0.005045274460015777,195.75793861657286,49.75,13.741794347763062,2.504335403442383,16.24613308906555,1.907348723406699e-09,8.344649971014917e-11
2137.7461137360992,9.1575,1000.0,0.0,287,5740000,1,0.024867912754416466,8.475000000000031e-05,29.67367086242944,0.09180130166843677,0.005841987237286644,196.0672410958872,45.0,14.500010967254639,2.3612000942230225,16.861214876174927,-4.959106458812812e-09,4.172325152040912e-09
2138.7680411941838,9.652500000000002,1000.0,0.0,288,5760000,1,0.02923530340194702,8.400000000000031e-05,31.784946003660988,0.09594761884917086,0.0060757826292179165,196.21972353999226,49.5,13.520346403121948,2.4479379653930664,15.968286752700806,-3.8146971692576415e-10,8.344650526126429e-10
2139.3073384872423,8.8625,1000.0,0.0,289,5780000,11,0.020714685320854187,8.32500000000003e-05,25.014964529362107,0.07575416785667291,-0.0025199600661077706,198.31158375469985,39.5,13.985298156738281,26.452385187149048,40.437686920166016,-3.433227480087453e-09,3.0994415922691587e-09
2144.151416541076,7.909999999999999,1000.0,0.0,290,5800000,3,0.029856372624635696,8.25000000000003e-05,17.20315371534695,0.07894289556045692,0.001358023489338442,200.05016337466824,42.25,14.2813138961792,6.526706218719482,20.80802297592163,3.814697446813398e-09,3.57627885638756e-11
2149.756063257045,9.56,1000.0,0.0,291,5820000,4,0.027905166149139404,8.175000000000029e-05,18.645323832195025,0.08844221277406421,-0.00015847457921691835,201.0542605829696,48.75,14.015942335128784,8.906711101531982,22.922656774520874,3.051757735406113e-09,-4.076957882404031e-09
2159.6599082593502,10.772499999999999,1000.0,0.0,292,5840000,2,0.02313128113746643,8.100000000000029e-05,23.29068561407705,0.11414321795248757,0.0025330969964127287,202.21234776798528,61.5,13.651002645492554,4.7213428020477295,18.37234854698181,-1.0299682884351569e-08,4.5180321706084214e-09
2172.519495654713,12.422500000000001,1000.0,0.0,293,5860000,6,0.020529616624116898,8.025000000000028e-05,11.948210285875364,0.10990394950230409,-0.0018606343677543158,203.32115551965813,59.5,14.176406860351562,13.732619762420654,27.909032106399536,8.77380390562621e-09,1.1026859425555813e-09
2172.436090830891,11.672500000000001,1000.0,0.0,294,5880000,1,0.02180526778101921,7.950000000000028e-05,22.176538195472936,0.12117625229036846,0.0024520980131726103,203.66073881399137,58.0,13.938450336456299,2.3570728302001953,16.295526266098022,-2.632141082870021e-08,2.145767119543507e-09
2177.0668127630825,10.175,1000.0,0.0,295,5900000,4,0.020128430798649788,7.875000000000027e-05,13.146498502443393,0.1011351237978084,-0.0006054737779963464,205.6216405070247,47.75,13.867337226867676,9.854742050170898,23.72208333015442,-1.7166137400437265e-09,5.245208711812666e-10
2175.2007644536816,9.595000000000002,1000.0,0.0,296,5920000,11,0.022377263754606247,7.800000000000027e-05,15.622077477244904,0.10318196102578626,-0.005984389748464325,210.90486960919347,47.5,13.855119943618774,26.398499011993408,40.25362300872803,-1.7929076889799944e-08,-2.384185730786026e-11
2179.3297787226948,9.592499999999998,1000.0,0.0,297,5940000,3,0.021262578666210175,7.725000000000026e-05,27.356156238732627,0.10370827997073578,0.0009154911511066876,214.43729849948417,49.5,14.137964248657227,6.404296398162842,20.542264223098755,3.433227480087453e-09,3.051757735406113e-09
2190.459861292381,9.3975,1000.0,0.0,298,5960000,3,0.020251557230949402,7.650000000000026e-05,15.551999229973497,0.09214867154757182,-0.0007861767106027966,216.85951127284886,43.5,13.823312997817993,6.342598915100098,20.165915489196777,-8.392333938900265e-09,4.506111039859206e-09
2197.234188370301,9.629999999999999,1000.0,0.0,299,5980000,6,0.020319834351539612,7.575000000000026e-05,16.31111902830065,0.1254240811283723,-0.0012756513746076436,219.23884802707596,56.25,14.13213324546814,14.99308466911316,29.12522053718567,5.7220459481754915e-09,-1.2278557059985928e-09
2202.955918994327,11.065,1000.0,0.0,300,6000000,10,0.02076256088912487,7.500000000000025e-05,8.72658623475998,0.11176027199878288,-0.0041312665610868755,224.87992505935816,50.0,14.298964500427246,21.589391946792603,35.88835906982422,1.6403198799253005e-08,-1.239776614703203e-09
1197.229204774972,4.7725,1000.0,0.0,301,6020000,16,0.025465404614806175,7.425000000000025e-05,118.05625469692218,0.011293056889851102,-0.00012668432601275275,126.12841206846146,0.0,14.098958730697632,39.958587884902954,54.0575487613678,7.629394893626795e-09,3.767013367905747e-09
284.8537136098779,0.0,1000.0,0.0,302,6040000,36,0.017223477363586426,7.350000000000024e-05,21.742846509159396,0.00032605360085132863,-0.007313418203114671,128.53161693338726,0.0,14.09896206855774,86.16421747207642,100.26318287849426,4.9877165508860344e-08,-8.046627253399663e-11
289.4017712690525,0.0,1000.0,0.0,303,6060000,6,0.020058466121554375,7.275000000000024e-05,32.92354455809243,0.00018692249382614963,-0.0013389788490905563,131.18610490142854,0.0,14.019948244094849,14.314396858215332,28.334349155426025,-1.083374030486084e-07,-5.1617621288357896e-09
301.439716911554,0.0,1000.0,0.0,304,6080000,2,0.02285756915807724,7.200000000000023e-05,34.8986457810996,0.00018966392952732714,0.0006289806989833903,131.89105404984838,0.0,15.070746898651123,6.015605926513672,21.086358308792114,7.247924571629483e-08,-1.6231835431312902e-08
314.0008231457167,0.0,1000.0,0.0,305,6100000,13,0.023498153313994408,7.125000000000023e-05,30.302413803612932,7.487973058640599e-05,-0.002198630716671362,133.0094294928895,0.0,15.759716987609863,33.252017974853516,49.01173949241638,5.531310964812519e-09,-2.6851891821166873e-09
322.3386084800246,0.0,1000.0,0.0,306,6120000,1,0.028356412425637245,7.050000000000022e-05,29.002004241791017,0.0001090655674407156,0.0009908789832787678,134.17762146971097,0.0,14.565139055252075,2.437613010406494,17.002753973007202,9.841919279551803e-08,-3.683567006973476e-09
329.2765243809481,0.0,1000.0,0.0,307,6140000,8,0.023385724052786827,6.975000000000022e-05,37.14223213946096,3.6319919639988716e-05,-0.000502413910603115,135.16436334920766,0.0,14.43052339553833,19.196380376815796,33.626906871795654,-4.625320570994518e-08,3.1545759338058588e-09
340.3039096122401,0.0,1000.0,0.0,308,6160000,1,0.021010857075452805,6.900000000000021e-05,58.01070325976362,4.659587171807597e-05,0.002679394228910557,135.92731229641947,0.0,14.125258207321167,2.578130006790161,16.703391790390015,-3.051757957450718e-08,-4.0903688769411417e-10
346.533604866032,0.0,1000.0,0.0,309,6180000,10,0.02043912187218666,6.825000000000021e-05,51.82887669325637,1.6385081914941054e-05,-0.002174023414713542,137.07739875476582,0.0,13.788174152374268,25.192623376846313,38.98080039024353,1.678466787780053e-08,1.4051795282910007e-09
358.3504487741682,0.0,1000.0,0.0,310,6200000,6,0.021044038236141205,6.75000000000002e-05,28.049265678063495,1.155952669891067e-05,-0.001016942955651722,139.1392246851652,0.0,14.824521780014038,15.013711929321289,29.8382408618927,3.0803679607060985e-08,6.489455639524522e-10
367.4314044819806,0.0,1000.0,0.0,311,6220000,10,0.022550977766513824,6.67500000000002e-05,54.855137567322096,7.6095298165234624e-06,-0.003213699479154445,141.61139795467875,0.0,14.399782180786133,25.386266708374023,39.786051750183105,2.8610229740877458e-09,-9.454786953355665e-10
366.0179516697964,0.0,1000.0,0.0,312,6240000,7,0.02395033836364746,6.60000000000002e-05,46.80979849094128,5.37038544598192e-06,-0.0012519826813626887,144.30882293826528,0.0,14.224836349487305,17.018681287765503,31.243520736694336,-9.63211022053656e-09,-1.0628252722355569e-09
373.47356239713775,0.0,1000.0,0.0,313,6260000,1,0.022799696773290634,6.525000000000019e-05,49.64120204227801,5.138004518504514e-06,0.0010140798889255276,145.59761715239992,0.0,15.768746376037598,2.5200068950653076,18.288756847381592,-1.6975402417074292e-08,-1.899898120771848e-11
374.17682899333704,0.0,1000.0,0.0,314,6280000,10,0.021688174456357956,6.450000000000019e-05,56.46324661631173,2.582504020430146e-06,-0.0032539784237325857,147.81027596080645,0.0,14.255353927612305,25.06489872932434,39.32025718688965,9.536743617033494e-10,-1.5676021591914946e-09
380.12700040604875,0.0,1000.0,0.0,315,6300000,8,0.02026227116584778,6.375000000000018e-05,43.60848624466326,1.792617183128458e-06,-0.0016892358826952406,150.60988964897376,0.0,14.201237201690674,19.894938230514526,34.09617877006531,1.907348723406699e-09,1.5072524339743154e-09
395.5870807075706,0.0,1000.0,0.0,316,6320000,6,0.022341998293995857,6.300000000000018e-05,43.917529151970335,1.2603724640449032e-06,-8.934312172757741e-05,152.6098546037278,0.0,14.124057292938232,15.836005449295044,29.96006727218628,4.673004205812958e-09,6.560236243124962e-10
400.53561585024215,0.0,1000.0,0.0,317,6340000,2,0.02209644578397274,6.225000000000017e-05,59.90751399285496,1.0236778201341311e-06,0.0004680754264263204,153.48585459066274,0.0,13.896339178085327,5.1378724575042725,19.034212589263916,7.629394338515283e-10,2.726912584627428e-10
407.20341108692764,0.0,1000.0,0.0,318,6360000,13,0.02056565135717392,6.150000000000017e-05,50.283394837033754,5.917260721411947e-07,-0.0015540705711616747,156.14455123005115,0.0,14.207293272018433,31.55908203125,45.7663779258728,-5.722046170220096e-10,-7.024034687219682e-10
417.67136406221545,0.0,1000.0,0.0,319,6380000,9,0.022221140563488007,6.075000000000016e-05,46.73580004519759,4.165452604919922e-07,-0.002035597436181952,159.05260672008987,0.0,15.254368543624878,20.299119472503662,35.55349087715149,5.722046170220096e-10,-2.7976929106721116e-10
428.04587453937756,0.0,1000.0,0.0,320,6400000,10,0.0248323492705822,6.000000000000016e-05,86.31264548050329,2.9164213360011823e-07,-0.0031506582222411783,161.8644258980553,0.0,13.731003522872925,25.696457147598267,39.42746448516846,9.536743617033494e-10,-1.9576400223098034e-10
440.6463680133749,0.0,1000.0,0.0,321,6420000,7,0.023345623165369034,5.925000000000016e-05,57.490929012699034,2.0060631883775056e-07,0.00033679130739634,164.93545849798804,0.0,13.760555744171143,15.27504587173462,29.03560447692871,9.918212917625624e-09,4.619359894597608e-10
445.19846080062746,0.0,1000.0,0.0,322,6440000,5,0.021504255011677742,5.850000000000016e-05,52.339107899315444,1.4638104903061292e-07,-0.0008835788956060767,166.76526089506788,0.0,13.832344770431519,12.328080177307129,26.16042971611023,1.1444092340440193e-09,-3.113411473076866e-10
448.74646189838904,0.0,1000.0,0.0,323,6460000,6,0.02134035713970661,5.7750000000000164e-05,45.90064480154913,9.762863819562574e-08,-0.000373926646119783,168.8521446902404,0.0,14.305099725723267,14.572221517562866,28.87732481956482,-8.964538444899972e-09,1.8426217496259056e-10
459.87141860700683,0.0,1000.0,0.0,324,6480000,21,0.02782577835023403,5.700000000000016e-05,51.56196845428377,6.643593173297158e-08,-0.0051518204208698916,173.13906446207645,0.0,14.737022399902344,53.22672891616821,67.96375560760498,6.866454960174906e-09,1.9152648911280323e-10
464.53675338228913,0.0,1000.0,0.0,325,6500000,1,0.021097803488373756,5.6250000000000154e-05,56.241476945602855,5.8745087403004696e-08,0.0020613067235928564,175.57963459636457,0.0,13.712673425674438,2.49863600730896,16.21131420135498,-2.2888184680880386e-09,-7.757917225292843e-11
467.70318906670155,0.0,1000.0,0.0,326,6520000,27,0.020998377352952957,5.5500000000000156e-05,51.23149504104094,3.2212911950286244e-08,-0.005616535072439384,178.91364379601146,0.0,14.121656656265259,66.8120129108429,80.93367338180542,5.435943695175638e-09,5.112961096176427e-11
469.9009420175009,0.0,1000.0,0.0,327,6540000,11,0.021131208166480064,5.475000000000016e-05,50.253711288071564,2.0829345007505594e-08,-0.001595452842232291,183.54936601614972,0.0,13.980868577957153,27.695738077163696,41.676607608795166,-5.531310964812519e-09,-8.768401976722018e-11
474.47083381991297,0.0,1000.0,0.0,328,6560000,18,0.02084561251103878,5.4000000000000154e-05,47.90812199907943,1.5080159283577963e-08,-0.004610618946605676,188.2335422395348,0.0,14.757304191589355,45.977336406707764,60.73464345932007,2.956390465769232e-09,1.7462298967929613e-11
490.7234577560125,0.0,1000.0,0.0,329,6580000,13,0.020882846787571907,5.3250000000000156e-05,45.757873432206765,1.019135234868977e-08,-0.0031554166419382585,193.77823450853035,0.0,14.71183466911316,32.17265772819519,46.884495973587036,-7.629394338515283e-10,-2.430751953885757e-11
497.53343056112965,0.0,1000.0,0.0,330,6600000,11,0.020130017772316933,5.250000000000016e-05,61.536313257486086,8.508662007709596e-09,-0.003458606107284878,198.4022855113282,0.0,13.892849922180176,25.923645734786987,39.81649947166443,3.1471252270875993e-09,3.1036326286759675e-11
507.5190108906339,0.0,1000.0,0.0,331,6620000,19,0.020895343273878098,5.175000000000016e-05,46.31315291174444,5.199914427001612e-09,-0.004710009637557638,204.1602739225381,0.0,14.769932270050049,44.198511362075806,58.968446493148804,-4.243850604268573e-09,5.967449451249607e-11
516.2518489656769,0.0,1000.0,0.0,332,6640000,11,0.02142639085650444,5.100000000000016e-05,48.579325306322076,4.261839229541508e-09,-0.0033780538811811743,207.73759914711746,0.0,14.321306228637695,24.26853084564209,38.58984112739563,-9.536743617033494e-10,6.402842665786945e-13
520.5034214530722,0.0,1000.0,0.0,333,6660000,13,0.022835811600089073,5.0250000000000164e-05,38.2846441248413,3.154375609599822e-09,-0.0035852483344342378,211.70786801589213,0.0,14.17105770111084,29.453100442886353,43.62415933609009,4.768371808516747e-10,-1.4156103372853224e-11
527.233339572394,0.0,1000.0,0.0,334,6680000,36,0.015338419005274773,4.950000000000016e-05,29.264278706481875,1.976048022180788e-09,-0.005454897056472576,218.9410976400433,0.0,13.869399070739746,87.75717759132385,101.62658071517944,4.959106458812812e-09,-4.017492588603844e-11
527.6606588150114,0.0,1000.0,0.0,335,6700000,13,0.022628983482718468,4.8750000000000155e-05,38.03475814441054,1.709124534357111e-09,-0.004502414435812685,224.55324032629522,0.0,13.980749607086182,32.37044668197632,46.35119986534119,-3.051757735406113e-09,-1.1973315568181153e-11
534.3075201075698,0.0,1000.0,0.0,336,6720000,22,0.021763039752840996,4.800000000000016e-05,45.35895560482301,1.6358886381574845e-09,-0.004592493944537655,230.52866107365645,0.0,14.274140357971191,54.19267988204956,68.46682381629944,1.3351439953623867e-09,1.2980308017676578e-12
545.6078598706974,0.0,1000.0,0.0,337,6740000,25,0.020135365426540375,4.725000000000015e-05,37.19889130117033,1.1225690482073942e-09,-0.005376567112344403,239.35379184320712,0.0,15.037275075912476,57.439077854156494,72.4763572216034,-1.1444092340440193e-09,2.0163133315764803e-11
560.400869279687,0.0,1000.0,0.0,338,6760000,27,0.022182384505867958,4.6500000000000154e-05,52.71919019057784,1.4356200852246229e-09,-0.006508351908236303,247.5562392399447,0.0,14.10915994644165,65.62238955497742,79.73155236244202,1.125335735707722e-08,6.990740018114616e-12
566.6992646228907,0.0,1000.0,0.0,339,6780000,13,0.020702257752418518,4.575000000000015e-05,41.63500243277419,7.510799549273799e-10,-0.0033016597653727025,253.62846298011522,0.0,14.71279764175415,33.55432748794556,48.26712894439697,3.6239624634504253e-09,-9.516952113527988e-13
576.5046437417017,0.0,1000.0,0.0,340,6800000,25,0.020978113636374474,4.5000000000000145e-05,43.46651738343528,7.60986549115284e-10,-0.005606748648359776,259.73709861877245,0.0,15.104287385940552,62.31250810623169,77.41679835319519,7.915496702537439e-09,-1.3547832994342812e-11
584.0545831931203,0.0,1000.0,0.0,341,6820000,21,0.02112988568842411,4.425000000000014e-05,58.04056137641525,1.1530402824013618e-09,-0.00333601815127492,264.91094221344065,0.0,14.366173267364502,48.589505672454834,62.9556827545166,1.6689301052252858e-09,4.124012763229157e-12
594.6868616018512,0.0,1000.0,0.0,342,6840000,21,0.020394811406731606,4.350000000000014e-05,53.55529111943868,7.888265942874968e-10,-0.00490287121018857,271.08553777683386,0.0,14.221349716186523,53.238067626953125,67.45942115783691,-1.1348724626714102e-08,1.839361996047728e-12
593.7001760472638,0.0,1000.0,0.0,343,6860000,12,0.02373359724879265,4.275000000000014e-05,44.6144791906888,4.232791470321097e-10,-0.0025059210254745785,275.38681472274567,0.0,14.481553316116333,28.38833785057068,42.86989450454712,5.102157807357344e-09,-1.177249920811252e-12
606.1353280099872,0.0,1000.0,0.0,344,6880000,36,0.014403030276298523,4.200000000000013e-05,41.077397370871644,6.401494450432507e-10,-0.006119779027024972,280.85108668524026,0.0,14.115219116210938,88.20485091209412,102.32007360458374,-4.339218317994664e-09,7.62811428606236e-12
616.912417047562,0.0,1000.0,0.0,345,6900000,36,0.012853491120040417,4.125000000000013e-05,34.730631955705896,7.356058087250879e-10,-0.005919458834983968,289.5360367232957,0.0,13.63811707496643,90.51220560073853,104.15032410621643,-5.102157807357344e-09,8.19272817989547e-13
621.6385379993292,0.0,1000.0,0.0,346,6920000,20,0.021582970395684242,4.0500000000000124e-05,53.29240801067779,1.4031208412194851e-09,-0.006194662724691518,296.49340940237806,0.0,14.48343276977539,48.597039461135864,63.080475091934204,5.9604645663569045e-09,2.684828271162787e-12
632.3258232445966,0.0,1000.0,0.0,347,6940000,36,0.017315128818154335,3.9750000000000126e-05,34.958742276738626,4.557693003316051e-10,-0.006467819056146536,304.45781629763474,0.0,14.020740509033203,84.61060190200806,98.63134574890137,-6.771087690538025e-09,9.240466464915942e-13
640.8150991990461,0.0,1000.0,0.0,348,6960000,14,0.020751243457198143,3.900000000000012e-05,26.552005773426355,7.054479531176637e-10,-0.004210506416510813,311.93903002963117,0.0,14.164135694503784,34.504615783691406,48.66875386238098,3.3855438452690123e-09,1.6694684914012048e-12
651.3866291085433,0.0,1000.0,0.0,349,6980000,36,0.01260411087423563,3.8250000000000117e-05,30.760888953749745,5.021679082386332e-10,-0.006971526397323139,319.89909198396714,0.0,14.300019979476929,90.34105563163757,104.64107871055603,-1.3351439953623867e-09,-3.3178367280124743e-13
661.7343172698069,0.0,1000.0,0.0,350,7000000,19,0.02020511031150818,3.750000000000011e-05,46.3913056558975,8.123771723255202e-10,-0.006036634605065644,327.5769807062811,0.0,13.894142866134644,43.620965242385864,57.515111446380615,2.00271599304358e-09,-8.021743534182557e-14
1384.5787365530857,0.11749999999999998,1000.0,0.0,351,7020000,36,0.007891378365457058,3.675000000000011e-05,16.89134399371237,0.0021506792690902245,-0.006415162224381737,172.65826638099526,1.25,14.074936389923096,92.12658977508545,106.2015290260315,-8.735656820135773e-08,-7.15255771277512e-11
2044.6351507311642,0.19750000000000004,1000.0,0.0,352,7040000,36,0.015699997544288635,3.60000000000001e-05,8.277125464714628,0.0008636106057496536,-0.011276208056409056,177.7272440497656,0.5,17.584081888198853,89.98230791091919,107.56639337539673,5.302429073594794e-08,-4.3213366218708416e-10
2062.9416869855586,0.08250000000000002,1000.0,0.0,353,7060000,22,0.022153232246637344,3.52500000000001e-05,15.099361463009256,0.0008628131298709066,-0.00776443701959533,181.25228753534472,0.5,14.986323356628418,48.70651412010193,63.69284152984619,-3.1471253691961465e-07,5.960464760645934e-11
2084.4389267548386,0.395,1000.0,0.0,354,7080000,36,0.01438754890114069,3.450000000000009e-05,13.023996362014996,0.006325640506572084,-0.0076686000787022975,184.74491989168243,3.25,13.788603782653809,93.94009947776794,107.72870469093323,-3.1661986810149756e-08,-1.591443976600715e-09
2099.5006696785713,0.7350000000000001,1000.0,0.0,355,7100000,13,0.023503713309764862,3.375000000000009e-05,14.909272640540694,0.006036900114358848,-0.005246211163073404,188.09995516713522,3.5,15.236786842346191,28.240164756774902,43.47695469856262,-5.302429073594794e-08,3.218650901359865e-10
2115.284185399068,0.745,1000.0,0.0,356,7120000,36,0.0152726536616683,3.3000000000000084e-05,8.062297968913953,0.007745106391662564,-0.009483369920527736,190.797827930877,4.5,13.894304275512695,91.82672786712646,105.72103548049927,-1.270294234245739e-07,4.5299530793130316e-10
2137.131429280194,1.47,1000.0,0.0,357,7140000,36,0.014795498922467232,3.2250000000000086e-05,6.12981890469398,0.014653884494543868,-0.009877843276124294,195.61795687582378,8.75,15.446746110916138,83.44918489456177,98.89593362808228,1.2779236158166896e-07,3.349781119155182e-09
2151.0142245194834,2.2725,1000.0,0.0,358,7160000,36,0.012499728240072727,3.150000000000008e-05,5.529452998607685,0.02793319651858341,-0.00941837641294321,201.92149120787167,16.0,13.925012588500977,85.58922362327576,99.51423931121826,2.4909974172260263e-07,2.9206275176107965e-09
2171.455761636473,3.0449999999999995,1000.0,0.0,359,7180000,36,0.013687310740351677,3.0750000000000077e-05,6.017946825663926,0.02831242303752443,-0.009442323824877754,208.6936333859098,15.75,13.956766128540039,92.70473837852478,106.66150832176208,-1.8119811784345075e-07,2.0265580324974053e-09
2183.1427456936863,4.47,1000.0,0.0,360,7200000,36,0.013489744625985622,3.0000000000000075e-05,5.0532754780470075,0.050197070867296294,-0.010059831123380866,217.18890760974932,25.0,14.150736570358276,93.84071969985962,107.99145984649658,-4.692077482104651e-08,-1.835823049134433e-09
2195.219249867462,4.385,1000.0,0.0,361,7220000,36,0.013330111280083656,2.9250000000000074e-05,6.3673212680149724,0.03662709606510386,-0.007967114772997733,224.3054161315528,20.0,13.913231134414673,92.17953085899353,106.09276485443115,5.8746337572301854e-08,-3.0875206835645486e-09
2209.727366247548,4.9925,1000.0,0.0,362,7240000,36,0.013749973848462105,2.8500000000000073e-05,10.149956488021097,0.05308155059696426,-0.008322460166235508,230.19384253207022,29.75,14.072811365127563,91.47079515457153,105.54360938072205,1.0452270515770579e-07,5.435943695175638e-09
2215.9277780114016,6.267499999999999,1000.0,0.0,363,7260000,36,0.012912606820464134,2.775000000000007e-05,7.743974066643923,0.05973822139373811,-0.010113888062384802,236.58896213378472,31.5,14.189220190048218,84.41346549987793,98.60268712043762,-4.539489850685641e-08,-7.748603980672897e-10
2226.3817630541807,6.107499999999999,1000.0,0.0,364,7280000,36,0.012969748117029667,2.700000000000007e-05,7.014391008509276,0.06178605829421424,-0.00957375258386428,245.430161000483,31.75,14.030694007873535,94.25954532623291,108.2902421951294,-9.803771661154315e-08,1.3470650150892993e-09
2238.5274492718368,6.592499999999999,1000.0,0.0,365,7300000,36,0.011390023864805698,2.625000000000007e-05,7.9790103425994845,0.06329224836249876,-0.008667082301265618,254.46936336865355,34.75,13.913159847259521,96.46963882446289,110.3828022480011,2.8610228852699038e-08,-3.266334536178306e-09
2248.667051470527,6.472499999999999,1000.0,0.0,366,7320000,36,0.01574210450053215,2.5500000000000068e-05,12.324882254094403,0.048466965933451026,-0.009690360475498833,259.8691193239038,26.5,14.082509517669678,90.32171058654785,104.40422177314758,-1.525878978725359e-08,-2.3305415375318717e-09
2259.147387565918,6.770000000000001,1000.0,0.0,367,7340000,36,0.014459536410868168,2.4750000000000066e-05,16.185007039879416,0.08631137998994172,-0.008134195353196674,266.4215438999857,42.5,15.312653303146362,90.03917932510376,105.35183715820312,1.2969970875076342e-08,-1.3589859237939095e-09
2263.402698766092,8.127500000000001,1000.0,0.0,368,7360000,36,0.01310209184885025,2.4000000000000065e-05,8.409851984284556,0.07416400816232062,-0.008273409768816858,273.72350217029054,38.75,14.37942099571228,87.67712426185608,102.05654859542847,-7.591247452864991e-08,-1.0311603793056179e-09
2270.0612757586887,8.085000000000003,1000.0,0.0,369,7380000,36,0.011477474123239517,2.3250000000000064e-05,8.424695449959609,0.08387425305906328,-0.008818181840990355,280.6287600158756,40.25,16.424335479736328,87.61168217658997,104.03602004051208,1.678466787780053e-08,-2.145767175054658e-10
2281.62596561946,7.647500000000001,1000.0,0.0,370,7400000,36,0.012076268903911114,2.2500000000000062e-05,11.973736449235037,0.0766171850870738,-0.008420560057820914,286.08105849000975,41.5,14.69736647605896,96.15952682495117,110.8568959236145,-1.1062621929625038e-08,1.2636184321124233e-09
2282.5861250292096,7.547499999999999,1000.0,0.0,371,7420000,36,0.011481162160634995,2.175000000000006e-05,12.146719603365856,0.06101123644300215,-0.007525075263058437,292.68972547028056,31.25,14.776569128036499,83.87192130088806,98.64849352836609,2.2888183792701966e-08,-1.5497207683790037e-10
2292.2344879975835,6.935,1000.0,0.0,372,7440000,36,0.011740241199731827,2.100000000000006e-05,10.136209780817808,0.06981880010375445,-0.009535438164421957,300.72526192792054,37.25,15.864083290100098,94.44771838188171,110.31180381774902,-3.814697446813398e-09,-8.702278342376246e-10
2299.942937265456,7.642500000000001,1000.0,0.0,373,7460000,36,0.010793703608214855,2.025000000000006e-05,10.53324506576492,0.08458382772915872,-0.008451825619007721,308.25934081912084,40.25,15.244293928146362,93.42200875282288,108.66630578041077,1.5258788677030566e-09,-1.5020370502938363e-09
2304.301441724809,8.9125,1000.0,0.0,374,7480000,36,0.010822230018675327,1.9500000000000057e-05,7.846246998721418,0.09484924635422418,-0.0078649270827901,313.14318684343334,45.0,14.024714946746826,91.79680752754211,105.8215262889862,-7.629394893626795e-09,7.688999437149846e-10
2309.3722352570503,7.8675,1000.0,0.0,375,7500000,36,0.009880995377898216,1.8750000000000056e-05,7.4158877319463565,0.08024960149718957,-0.008505378864237504,318.19045889424143,40.5,14.070039987564087,84.34371328353882,98.41375589370728,1.8692016823251834e-08,-4.0531160649948106e-09
2315.075096529871,8.46,1000.0,0.0,376,7520000,36,0.010024528950452805,1.8000000000000055e-05,8.498302517353663,0.0874804393761918,-0.008429669782631417,325.4868137033264,43.0,14.14709758758545,99.80349707603455,113.95059847831726,9.53674295089968e-09,3.051757735406113e-09
2319.182669697696,8.515000000000002,1000.0,0.0,377,7540000,36,0.00991842057555914,1.7250000000000053e-05,8.790833768456974,0.08245380675961701,-0.008412949479851054,331.84028643363325,39.0,13.801122188568115,86.87344169616699,100.674565076828,-7.629394338515283e-10,6.675719976811934e-10
2328.7045504650196,7.597499999999999,1000.0,0.0,378,7560000,36,0.01101532019674778,1.6500000000000052e-05,8.355329433040158,0.07596523729809235,-0.008788221253976946,337.28676929954605,39.0,14.316778898239136,88.88744783401489,103.20422983169556,-1.1444091896350983e-08,2.0146369017481902e-09
2329.020771432285,7.8774999999999995,1000.0,0.0,379,7580000,36,0.011008189059793949,1.575000000000005e-05,8.252169873598497,0.0780897395380164,-0.008376578635117584,341.2955779839713,38.0,14.085373163223267,94.49922060966492,108.58459711074829,-5.340575981449547e-09,-1.7642974858844696e-09
2338.9746569275326,6.9,1000.0,0.0,380,7600000,36,0.00998230092227459,1.5000000000000048e-05,9.101556309728618,0.06501190262335198,-0.007554107738185933,345.6002896721582,32.5,15.518062829971313,87.92919754981995,103.44726419448853,1.8692016823251834e-08,1.6927719226345062e-09
2340.9511337584972,6.8549999999999995,1000.0,0.0,381,7620000,36,0.008302904665470123,1.4250000000000045e-05,9.073425762125224,0.0729297257453682,-0.008197046663907774,350.5898437012499,35.5,14.249738454818726,89.98367166519165,104.2334144115448,-1.125335735707722e-08,5.960464760645934e-11
2346.915126976056,7.025,1000.0,0.0,382,7640000,36,0.009224950335919857,1.3500000000000044e-05,8.510927004110826,0.06664547116666263,-0.007599002746161785,355.90711739472056,34.0,13.680783033370972,92.17261123657227,105.85339832305908,-7.2479249269008506e-09,6.198883073516015e-10
2348.039166764979,7.7625,1000.0,0.0,383,7660000,36,0.01057484932243824,1.275000000000004e-05,9.91264924006044,0.10611988482867885,-0.009177935533013121,361.71988198331456,46.25,14.017918586730957,95.1121838092804,109.1301052570343,1.7166136956348055e-08,3.790855629404177e-09
2348.486708457123,8.614999999999998,1000.0,0.0,384,7680000,36,0.010150520130991936,1.2000000000000038e-05,7.994961960204832,0.08210786327712746,-0.008783473874614856,368.1495330778047,38.0,13.612639665603638,80.91055059432983,94.52319264411926,1.0681151962899094e-08,-2.40802755513414e-09
2358.267701956654,6.5375,1000.0,0.0,385,7700000,36,0.009564743377268314,1.1250000000000035e-05,8.978903878420686,0.058550891789112124,-0.007865947593355774,372.0092857260631,28.0,14.587720155715942,90.12323546409607,104.71095824241638,-4.959106458812812e-09,-2.634525264610943e-09
2362.8933306544864,6.365,1000.0,0.0,386,7720000,36,0.009559202939271927,1.0500000000000032e-05,20.96720957902039,0.08299976242645017,-0.007068331622904832,374.67037160844296,36.25,14.454058647155762,87.10108375549316,101.5551450252533,-3.814697446813398e-09,1.6689301052252858e-09
2364.375024761438,7.027499999999999,1000.0,0.0,387,7740000,36,0.011256005614995956,9.75000000000003e-06,15.019585126293522,0.06526619202145274,-0.008217303861899783,377.85337645422703,31.75,13.777021408081055,97.22232365608215,110.999347448349,-1.5258788677030566e-09,-2.145767175054658e-10
2364.0684439538823,7.652500000000001,1000.0,0.0,388,7760000,36,0.009562082588672638,9.000000000000029e-06,9.359374013402423,0.09238081958880837,-0.008406096539707418,379.59329687029833,42.75,13.888750314712524,92.56355881690979,106.45231175422668,-9.727478378351861e-09,9.536742923144104e-11
2369.5877588192225,8.1075,1000.0,0.0,389,7780000,36,0.008041935972869396,8.250000000000026e-06,9.349442527084262,0.08482429533330661,-0.007145664653380708,382.8354583079399,37.0,14.46370244026184,84.62962532043457,99.09333086013794,-3.814697446813398e-09,-1.5616417048391895e-09
2375.8681936449916,6.725,1000.0,0.0,390,7800000,36,0.008858682587742805,7.500000000000023e-06,9.734644615358183,0.06662871536499905,-0.008439843626951592,386.30711502871446,32.25,13.617807149887085,95.10367703437805,108.72148752212524,-7.2479249269008506e-09,1.8119812317252126e-09
2379.5683836330454,6.452500000000001,1000.0,0.0,391,7820000,36,0.009229086339473724,6.750000000000021e-06,6.924964371178647,0.08090719665732284,-0.008800997981459202,390.072797388653,35.0,14.219566822052002,79.33503866195679,93.55460953712463,-1.4495849853801701e-08,-2.1934509764065524e-09
2384.3047290570717,6.4875,1000.0,0.0,392,7840000,36,0.008886594325304031,6.000000000000018e-06,7.71534834371038,0.05872509107595382,-0.008061511964549767,393.7794710537792,29.5,13.8215811252594,88.29642796516418,102.11801195144653,1.3732909920349812e-08,-6.198883073516015e-10
2389.0032646207715,6.17,1000.0,0.0,393,7860000,36,0.007100034970790148,5.250000000000016e-06,9.00551139730742,0.07029286185605138,-0.005569228059894471,396.7853190375001,33.0,14.479701280593872,94.34299492835999,108.82269835472107,-6.866454960174906e-09,-9.059906158626063e-10
2392.7128623264425,7.047500000000001,1000.0,0.0,394,7880000,36,0.007568418048322201,4.500000000000014e-06,7.478018040368436,0.08723479783295379,-0.007738319985000249,399.05249907439764,39.5,14.273796796798706,92.69525265693665,106.96905255317688,9.155273872352154e-09,5.9604643443123e-10
2395.455734394272,7.25,1000.0,0.0,395,7900000,36,0.007190147414803505,3.7500000000000115e-06,7.241451832136873,0.06650651253615716,-0.00676995960441456,400.60175981883845,30.25,13.498545408248901,90.42485523223877,103.9234025478363,-1.907348723406699e-09,1.7166137400437265e-09
2402.300938063344,6.132499999999999,1000.0,0.0,396,7920000,36,0.0071535417810082436,3.0000000000000094e-06,5.559109798296995,0.08145800446145922,-0.007105670304341459,402.30944306654925,34.5,18.103134870529175,91.4488000869751,109.55193948745728,1.2207030941624453e-08,-9.059906158626063e-10
2404.3959727313973,7.3875,1000.0,0.0,397,7940000,36,0.00697485264390707,2.2500000000000073e-06,6.87219585416416,0.08621354549934768,-0.006673656960762177,404.41528754459443,37.5,13.87367868423462,89.1056752204895,102.97935748100281,9.53674295089968e-09,-2.145767175054658e-10
2403.461359542236,8.435,1000.0,0.0,398,7960000,36,0.005670756567269564,1.500000000000005e-06,6.547045579310381,0.0990363980235481,-0.0057422956099469555,406.1580476798104,44.0,14.092375040054321,88.7823395729065,102.87471842765808,1.1825561863076928e-08,-3.4093856626782326e-09
2408.9111559449616,7.270000000000001,1000.0,0.0,399,7980000,36,0.006121627986431122,7.500000000000025e-07,8.283257714771912,0.062444720968673845,-0.004990885371444294,407.678224868964,27.0,14.50043511390686,85.87478280067444,100.37522101402283,4.1961669694501325e-09,-2.6822088994293836e-10
2411.053304677812,6.7299999999999995,1000.0,0.0,400,8000000,36,0.005855632945895195,0.0,6.998234487104636,0.08933758418198727,-0.004526265487667467,408.5126077654009,40.25,16.229297876358032,90.72491407394409,106.95421576499939,-5.7220459481754915e-09,-6.139278529992964e-10
