Metrics/EpRet,Metrics/EpCost,Metrics/EpLen,Metrics/EpSuccess,Train/Epoch,Train/TotalSteps,Train/StopIter,Train/KL,Train/LagragianMultiplier,Train/LR,Loss/Loss_reward_critic,Loss/Loss_cost_critic,Loss/Loss_actor,Time/Rollout,Time/Update,Time/Total,Value/RewardAdv,Value/CostAdv
313.57121105299296,44.55499999999999,500.0,0.0,1,20000,40,0.011439265683293343,0.0,0.00029959999999999996,4.665140125362933,91.32090987967257,-0.0047215270806882014,65.35417461395264,33.11309289932251,98.46726942062378,6.053924721527437e-07,-3.128051773160223e-08
313.24466719463106,2.3449999999999998,500.0,0.0,2,40000,4,0.03751321882009506,0.0,0.00029919999999999995,3.538269934586332,1.1097872909865802,0.00572332137417567,68.97315907478333,3.044160842895508,72.01732134819031,4.0912627241596056e-07,-8.106231796922714e-10
315.5399713242296,0.0,500.0,0.0,3,60000,40,0.007956069894134998,0.0,0.00029879999999999994,0.9328109609081021,0.6713157125005994,-0.004484633195709107,65.82872128486633,35.558207750320435,101.38693022727966,3.553390399702039e-07,3.290176353587526e-09
298.709279857503,395.77625,500.0,0.0,4,80000,1,0.10218736529350281,5.432437493750002,0.00029839999999999993,15.186448993562143,19261.449013124537,1.6995749850816364,64.21496915817261,0.7048647403717041,64.91983532905579,5.538463554444206e-08,8.178710686479462e-07
307.3827878495944,230.74874999999997,500.0,0.0,5,100000,40,0.011734130792319775,8.547809369062502,0.0002979999999999999,1.1593369699967435,39.42317273247091,-0.06784502601875818,65.09904313087463,36.187387466430664,101.28643417358398,1.7812251940085844e-07,2.2888184680880386e-09
302.1271308763282,1333.4,500.0,0.0,6,120000,1,0.13924972712993622,28.701381400609385,0.0002975999999999999,9.222729062732261,65263.155125388614,5.239392054231861,66.98326086997986,0.8546445369720459,67.83790707588196,-5.140304537576412e-08,-1.5136719184738467e-06
305.89058828352626,57.89,497.20874999999995,0.0,7,140000,2,0.022083379328250885,28.731069830578917,0.0002971999999999999,3.058187803512887,20903.367648523064,1.661385952106005,66.11572813987732,1.5593714714050293,67.6751012802124,-5.860328755602495e-08,1.2207031829802872e-07
302.6418189423609,445.3125,497.71625000000006,0.0,8,160000,2,0.021387634798884392,34.78076758904997,0.0002967999999999999,9.029742826389361,6886.91938464551,0.9972717343251917,65.22433257102966,1.6576201915740967,66.88195419311523,-2.8514861583062157e-08,-3.295898522992502e-07
306.4013956946108,2.2224999999999997,500.0,0.0,9,180000,40,0.015433111228048801,33.870241709597465,0.0002963999999999999,0.8060518013808546,4.598705321512645,-0.036963620590623705,64.65572881698608,32.179035902023315,96.83476638793945,-1.3432502043997374e-07,-1.0013580187262505e-08
309.04155690757597,0.0,500.0,0.0,10,200000,40,0.005796891637146473,32.959404624117596,0.0002959999999999999,0.582579803806317,9.183357012837748,-0.012049886762883655,66.98888897895813,33.659165382385254,100.64805579185486,1.365661574936894e-07,1.5258788721439487e-07
320.03490433166473,0.0,500.0,0.0,11,220000,40,0.008678147569298744,32.081609392911716,0.00029559999999999987,0.20401622552566137,53.65664631596094,-0.0409139717979168,63.5096275806427,32.92550730705261,96.43513607978821,-4.0941239376479643e-07,-1.441955532754946e-07
320.41238261658816,0.0,500.0,0.0,12,240000,40,0.007171319797635078,31.234031423266128,0.00029519999999999986,0.15875903939757544,197.4763275092161,-0.07100542639500072,69.3033275604248,33.9566171169281,103.25994682312012,3.4008024840659346e-07,8.392333938900265e-08
319.79943094869924,0.0,500.0,0.0,13,260000,40,0.006765452679246664,30.417504852102823,0.00029479999999999985,0.11866412605571595,91.0143741126302,-0.05530144574910496,67.9280457496643,33.18387722969055,101.11192464828491,-1.5859603763601626e-07,-4.2266844957339345e-07
319.4028092674612,0.0,500.0,0.0,14,280000,40,0.011143632233142853,29.43141648449768,0.00029439999999999984,0.1351012925039741,49.66251626739019,-0.06590606175787464,65.38802027702332,32.49792766571045,97.88594937324524,2.2392272569504712e-07,1.4190673880420945e-07
320.4655383774592,0.0,500.0,0.0,15,300000,40,0.008888515643775463,28.564646285272797,0.00029399999999999983,0.1749421663346547,36.3704873288734,-0.0685381018049732,66.30851745605469,31.0011088848114,97.3096272945404,-2.559661993473128e-07,1.4457702945946949e-07
317.23540883297164,0.0,500.0,0.0,16,320000,40,0.008596460334956646,27.39420485073884,0.0002935999999999998,0.10495934230098619,11.478284341549571,-0.04450597569605783,65.16722702980042,32.86276435852051,98.0299928188324,2.732276982442272e-07,2.8991699707603402e-08
318.32889747840056,0.0,500.0,0.0,17,340000,40,0.007968386635184288,26.719669608201897,0.0002931999999999998,0.13732711283277863,11.314415821697139,-0.03921733315550734,64.02978277206421,34.60324811935425,98.63303208351135,2.4986267277427032e-08,-3.0899048653054706e-08
317.5205289757267,0.0,500.0,0.0,18,360000,40,0.008478338830173016,26.0663611277918,0.0002927999999999998,0.17382294351965943,5.453068719936322,-0.037081040806708786,61.375404834747314,32.20619535446167,93.58160138130188,-1.3446808111439168e-08,3.261566305923225e-08
319.7729824116476,0.0,500.0,0.0,19,380000,40,0.008263456635177135,25.433218071402212,0.0002923999999999998,0.1834848496025499,3.2996572492997855,-0.028391528857689162,67.90675616264343,34.56572723388672,102.47248435020447,-1.5945434483910503e-07,2.946853605578781e-08
312.51940463961057,0.0,500.0,0.0,20,400000,40,0.012334605678915977,24.8192321678321,0.0002919999999999998,3.398084477641726,2.2287585310920885,-0.03426841771675132,65.22641634941101,34.58001375198364,99.80643200874329,-2.38418573772492e-09,-8.106232129989621e-09
318.31206836966834,0.0,500.0,0.0,21,420000,40,0.009091164916753769,24.223445559440496,0.00029159999999999977,7.600214898463669,1.8744018294765978,-0.023192720355383487,63.224119424819946,31.855103969573975,95.07922625541687,2.5272368642248466e-09,-4.76837147544984e-09
313.7867611589574,0.0,500.0,0.0,22,440000,40,0.009247653186321259,23.644948281468473,0.00029119999999999976,0.7820012922528424,1.6291967402530623,-0.026345873598371858,60.48624277114868,31.272116899490356,91.75836062431335,-3.8146971692576415e-10,1.4877318932349226e-08
316.2558049879169,0.0,500.0,0.0,23,460000,40,0.010248318314552307,23.082875867395046,0.00029079999999999975,1.556185888706506,1.4446661741295947,-0.020179843284260434,66.08631420135498,34.69748497009277,100.78380036354065,4.863739189175931e-09,2.9325486039510906e-08
317.99582042488714,0.0,500.0,0.0,24,480000,40,0.009563880041241646,22.536407074025295,0.00029039999999999974,1.0145199765793131,1.3250695639396015,-0.0204759038944988,63.90995001792908,34.637808322906494,98.54776167869568,-1.6689301052252858e-09,5.340575981449547e-09
320.51059611023084,0.0,500.0,0.0,25,500000,40,0.009492185898125172,22.00476172032403,0.00028999999999999973,0.33915453969111925,1.2995832000918026,-0.018971502244888062,67.79060935974121,34.37268853187561,102.16329908370972,1.530647253389361e-08,-2.2888184680880386e-09
317.32288103825124,0.0,500.0,0.0,26,520000,40,0.00944843702018261,21.48719863430783,0.0002895999999999997,0.21352181885910185,1.123564991147458,-0.016764482996084646,64.75147771835327,33.33382439613342,98.08530378341675,-6.008148201175345e-09,1.907348590179936e-08
318.20134817508017,0.0,500.0,0.0,27,540000,40,0.01176768820732832,20.983013702592437,0.0002891999999999997,0.13261000293342373,1.3827481034813047,-0.01918387655050883,68.57266664505005,35.330987215042114,103.90365552902222,2.470016546851639e-08,3.104209866933161e-08
314.22700141323645,0.0,500.0,0.0,28,560000,40,0.010563386604189873,20.491538017462815,0.0002887999999999997,0.2896416535577442,1.1476525110345852,-0.019653236565380535,63.06683325767517,31.17557382583618,94.24240803718567,2.956390465769232e-09,-5.7220459481754915e-09
313.43713598283676,30.675,500.0,0.0,29,580000,40,0.012471947818994522,20.472261116589674,0.0002883999999999997,0.3935494685521986,5.204735407610483,-0.10731876887074565,64.9447934627533,33.74164795875549,98.68644261360168,7.438659466174613e-09,6.256103546320446e-08
309.0777231574745,0.0,500.0,0.0,30,600000,40,0.011391795240342617,19.99666056076019,0.0002879999999999997,0.8521624030238842,4.262336356089085,-0.03422886568587273,64.85012149810791,34.93349313735962,99.78361678123474,-5.722046170220096e-10,2.2125243859250077e-08
303.43961251323185,0.0,500.0,0.0,31,620000,40,0.012125675566494465,19.532340032722182,0.00028759999999999967,1.0457210044459075,1.443843930921977,-0.02246502046031241,61.25565791130066,32.79215860366821,94.04781746864319,4.768371461572052e-11,-1.592636067471176e-08
316.44787626977813,0.0,500.0,0.0,32,640000,40,0.012191187590360641,19.078735531086075,0.00028719999999999966,0.3944412979662796,1.001261250863347,-0.02106780044666692,64.85627365112305,34.12762689590454,98.9839015007019,2.956390465769232e-09,2.965927059506157e-08
307.1507517307433,660.0150000000001,500.0,0.0,33,660000,3,0.12401767820119858,28.670945032617805,0.00028679999999999965,2.169664237381034,57211.43925866799,3.560222261565647,79.22629141807556,2.6637649536132812,81.89005732536316,-5.4836273299940785e-09,-2.5634765279392013e-06
315.803416400262,440.01000000000005,500.0,0.0,34,680000,40,0.011881809681653976,34.88557278098692,0.00028639999999999964,0.3428544390522226,1.573785603517973,-0.036591190897234824,86.68520498275757,49.82353186607361,136.5087378025055,6.675720420901143e-09,7.438659466174613e-09
312.7075084980671,0.0,500.0,0.0,35,700000,40,0.011485299095511436,34.17681914193757,0.00028599999999999963,0.37724936729933645,1.3332945785944974,-0.02099614374595989,85.98624229431152,40.5045907497406,126.49083423614502,-3.051757735406113e-09,-4.5967102124677695e-08
314.7838294230379,0.0,500.0,0.0,36,720000,40,0.011263047344982624,33.49100318484069,0.0002855999999999996,0.255527008692675,1.4825940734977963,-0.023568277596643407,79.58885097503662,40.34956693649292,119.93841862678528,1.1444091896350983e-08,-1.9550324026340604e-08
316.5444499173679,0.0,500.0,0.0,37,740000,40,0.015157814137637615,32.82697802559866,0.0002851999999999996,0.3285665609272598,2.3482913597475124,-0.03378470142584153,85.78720021247864,43.026941776275635,128.81414318084717,9.155273872352154e-09,-1.3160705414350105e-08
306.5746700263089,0.0,500.0,0.0,38,760000,40,0.013916135765612125,32.18365412431873,0.0002847999999999996,0.6049369968756845,3.600891128182411,-0.03325804869343727,77.81163477897644,43.24601149559021,121.05764770507812,-2.861023085110048e-10,-1.3351439953623867e-09
309.8804341373285,7.775,500.0,0.0,39,780000,40,0.013230807147920132,31.66517141810279,0.0002843999999999996,2.4347475798729854,4.059016517785531,-0.05722989944411041,89.59907364845276,36.79729342460632,126.39636874198914,-1.759529055789244e-08,-5.7983399415206804e-08
314.80548611861934,0.0,500.0,0.0,40,800000,40,0.01349557377398014,31.058825347197654,0.0002839999999999996,0.8008598196921469,1.6038418434088744,-0.025008242109737393,78.90380525588989,44.21295666694641,123.11676406860352,3.910064716450279e-09,1.506805347162299e-08
317.1242078721031,0.0,500.0,0.0,41,820000,40,0.012868979014456272,30.470296579837772,0.0002835999999999996,0.35832947051694874,1.1230096536912495,-0.022386812580722868,84.44846725463867,38.903029918670654,123.35149931907654,-1.1062621929625038e-08,1.1444091896350983e-08
312.2518781029109,0.475,500.0,0.0,42,840000,40,0.012465162202715874,29.906056750845885,0.00028319999999999957,0.32179515003875087,0.9902592949097669,-0.020733113102600145,82.69382643699646,45.91009259223938,128.60392117500305,-2.5844574480515803e-08,-5.531310964812519e-09
302.52594403824526,0.025,500.0,0.0,43,860000,40,0.013261144980788231,29.140147126142388,0.00028279999999999956,0.5564649529613649,0.7965949894318097,-0.017749311761632917,80.39823818206787,42.919252157211304,123.31749129295349,1.1730193705261627e-08,-2.6702879907247734e-09
306.45398506355644,0.025,500.0,0.0,44,880000,40,0.012436751276254654,28.610677269835268,0.00028239999999999955,1.4749669374355787,0.8469253235225436,-0.014034544389188006,73.15808749198914,42.8716094493866,116.02969861030579,3.0040741005876725e-09,-1.2743472943554934e-08
305.83416934330864,761.95,500.0,0.0,45,900000,40,0.009263083338737488,39.5883252317565,0.00028199999999999954,1.1488718294173101,20065.934349392865,-0.31379421145855624,84.26388335227966,47.13292741775513,131.39681196212769,4.339218317994664e-09,-3.1738281904836185e-06
305.52018448010847,0.0,500.0,0.0,46,920000,40,0.01706811971962452,38.89205897016867,0.0002815999999999995,0.46478687098980703,8.998409007546268,-0.11804009726937106,71.09259009361267,35.473384380340576,106.56597638130188,4.148483334631692e-09,-1.4495849853801701e-08
318.7786751164897,0.0,500.0,0.0,47,940000,40,0.01403715368360281,38.21810602166024,0.0002811999999999995,0.2314116902602247,7.7896203489243225,-0.0676539270590425,68.82843375205994,33.64725637435913,102.47569131851196,1.2969970875076342e-08,9.231567332790291e-08
318.29356183995736,5.3,500.0,0.0,48,960000,40,0.013526352122426033,37.64750072057723,0.0002807999999999995,1.0173572466531886,16.149558833279187,-0.1058619195666117,63.812196254730225,36.05692720413208,99.86912488937378,3.8146971692576415e-10,-1.1062621929625038e-08
303.462292707864,1.18625,500.0,0.0,49,980000,40,0.015631726011633873,37.02792505954836,0.0002803999999999995,0.7123880368103332,4.787227719644957,-0.07533357478265615,68.60292315483093,34.58216977119446,103.18509459495544,-7.629394338515283e-10,-3.814697446813398e-09
309.81526030622706,0.6387499999999999,500.0,0.0,50,1000000,40,0.013401995413005352,36.42282255657094,0.0002799999999999995,0.33754407809693604,2.898701981577692,-0.06445872558669859,63.904865980148315,35.71995306015015,99.62482023239136,-3.5762786065873797e-09,-2.5939941750152684e-08
78.4030454873428,0.0,500.0,0.0,51,1020000,40,0.007699040230363607,35.825893928742396,0.0002795999999999995,2.6059068231548688,3.487940313431281,-0.0017054854152441213,93.88424396514893,37.64196705818176,131.52621269226074,5.578994688448802e-08,-1.300811760529541e-07
0.27020409579472915,0.0,500.0,0.0,52,1040000,40,0.008012557402253151,35.24607423230528,0.00027919999999999947,0.6539936903345434,1.9881775182259234,-0.007472586333221178,70.619699716568,37.885541915893555,108.50524353981018,-1.5354156346347736e-07,-1.3732909920349812e-08
0.2438287635391724,0.0,500.0,0.0,53,1060000,40,0.012381675653159618,34.68297052069001,0.00027879999999999946,0.31305962958950784,2.6146553810261475,-0.0109673568639975,89.0500955581665,34.809491872787476,123.85959076881409,1.397943492520426e-06,4.501342942830888e-08
0.18665306068110862,0.0,500.0,0.0,54,1080000,40,0.0073730237782001495,34.13552199465551,0.00027839999999999945,0.4589882638163959,2.251080911370772,-0.011722127637012473,76.60688304901123,53.4168860912323,130.02377247810364,4.3535231952773756e-07,-1.907348590179936e-08
0.16408418402192249,0.0,500.0,0.0,55,1100000,40,0.004457590635865927,33.565036190987904,0.00027799999999999944,0.21313155535372752,1.896952482341211,-0.008948981403844737,79.11054849624634,35.90627598762512,115.01682615280151,-1.6093254373572563e-07,-3.433227391269611e-08
0.14678425413137658,0.0,500.0,0.0,56,1120000,40,0.0061928569339215755,33.04849688143851,0.00027759999999999943,0.14320336057792735,1.617743611222581,-0.006718525497531636,89.08318543434143,36.725858211517334,125.80904507637024,-8.226871273109282e-07,6.694794052464204e-08
0.19578648556130102,0.0,500.0,0.0,57,1140000,40,0.008159087039530277,32.545284537366584,0.0002771999999999994,0.1279988492450005,1.4654504176936571,-0.00698803090519873,76.35871887207031,49.53944110870361,125.89816188812256,1.4033317938810796e-06,8.487701208537146e-09
0.1832420912641724,0.0,500.0,0.0,58,1160000,40,0.0070473747327923775,32.05473281049826,0.0002767999999999994,0.10121755963545057,1.3863845100885706,-0.010189385733808851,78.8862452507019,37.8080050945282,116.69425249099731,7.947444942146831e-07,-1.5449524326527353e-08
0.17210107880744413,0.0,500.0,0.0,59,1180000,40,0.01015378162264824,31.576208669973344,0.0002763999999999994,0.08092477268456846,1.5162561275913746,-0.010426217980706427,77.62472009658813,41.98260140419006,119.60732364654541,-1.547050487715751e-06,-8.392333938900265e-09
0.1964886815904213,0.0,500.0,0.0,60,1200000,40,0.006610571872442961,31.109110736474676,0.0002759999999999994,0.06655295464575668,1.2582492857039729,-0.009432580095533093,73.21500039100647,35.66819739341736,108.88320088386536,3.104686641108856e-07,-1.7261506002341775e-08
0.20457839489083568,0.0,500.0,0.0,61,1220000,40,0.006996174808591604,30.652867699650944,0.0002755999999999994,0.056052331306936244,1.3450961541525925,-0.010199103278514659,82.7974956035614,34.35216164588928,117.14965891838074,-3.859996766664153e-08,-1.5354156346347736e-07
0.12480573863717907,0.0,500.0,0.0,62,1240000,40,0.005936142522841692,30.206936814668396,0.00027519999999999937,0.04640943662063042,1.1875286874137347,-0.00591356134678744,67.96312379837036,44.443894386291504,112.40702104568481,-3.059387267967395e-07,2.3841858265427618e-08
0.11740374781632937,0.0,500.0,0.0,63,1260000,40,0.009353350847959518,29.770802473934978,0.00027479999999999936,0.038262499956107594,1.271877749584898,-0.009379748656426238,73.96405506134033,33.51216530799866,107.47622275352478,1.1040210665669292e-06,6.55174261510183e-08
0.17795379299660402,0.0,500.0,0.0,64,1280000,40,0.008836212567985058,29.343974850238226,0.00027439999999999935,0.03168765426542657,1.0564494589650177,-0.007405796335845054,82.4440279006958,33.48670530319214,115.93073511123657,3.614425736486737e-08,5.340576336720915e-08
0.20307357811453283,0.0,500.0,0.0,65,1300000,40,0.009250236675143242,28.925988607726318,0.00027399999999999934,0.02440815673539816,1.096904411949689,-0.004790821236549417,64.02804112434387,33.81594181060791,97.84398412704468,3.232002256936539e-07,-3.9672851670502496e-08
0.1887535502189419,0.0,500.0,0.0,66,1320000,40,0.00802107434719801,28.51640167734,0.00027359999999999933,0.016754943875690237,1.101685031418559,-0.007294806227960353,71.28063869476318,44.13663339614868,115.41727328300476,-1.451969211530013e-07,-1.673698513116051e-08
0.16277370718664474,0.0,500.0,0.0,67,1340000,40,0.00763678876683116,28.114794093473,0.0002731999999999993,0.009453427241938307,1.0047295103910603,-0.004973780254750878,70.78348731994629,35.06613492965698,105.84962582588196,-1.1816978258138988e-06,9.918212917625624e-09
0.21682575529843442,0.0,500.0,0.0,68,1360000,40,0.00907200202345848,27.72076688879935,0.0002727999999999993,0.004612777902172949,1.1193429228814342,-0.005110004858376865,82.64565205574036,34.252012729644775,116.8976662158966,-3.356933575560106e-07,-8.249283034444943e-09
0.19938041622388583,0.0,500.0,0.0,69,1380000,40,0.008637836202979088,27.333941044359385,0.0002723999999999993,0.003435971106025331,0.9093490785247162,-0.00479604643865347,68.14355278015137,46.4215521812439,114.56510663032532,-3.8437843841165886e-07,-1.0967254882032762e-09
0.22828512301546344,0.0,500.0,0.0,70,1400000,40,0.008601721376180649,26.953956492141415,0.0002719999999999993,0.002779610528643066,0.9737811643111555,-0.0039767846088602996,68.33328914642334,32.888437271118164,101.22172856330872,-3.53860855284438e-07,-1.3208389049168545e-08
0.24166250220561025,0.0,500.0,0.0,71,1420000,40,0.009856085292994976,26.580471167534345,0.0002715999999999993,0.0022709074594106974,0.805717310630068,-0.004094670757616699,69.27787661552429,36.717562437057495,105.99544048309326,-8.67366765078259e-08,6.628036341993493e-09
0.2469258411159095,0.0,500.0,0.0,72,1440000,40,0.01009015180170536,26.213160109157627,0.0002711999999999993,0.0017315105308153772,0.7289763209940512,-0.004024461837915727,80.11148881912231,33.39439845085144,113.50589036941528,8.363723935644884e-08,-5.149841442175784e-09
0.19175496359217253,0.0,500.0,0.0,73,1460000,40,0.01019335724413395,25.851714603699747,0.00027079999999999926,0.0014527385249804659,0.6773385365929785,-0.003467701628908833,69.6087019443512,47.074875831604004,116.68357968330383,-7.967948789655566e-08,-1.3113021779531664e-09
0.17137658134735378,0.0,500.0,0.0,74,1480000,40,0.01092693954706192,25.495841373514757,0.00027039999999999925,0.001221303647322156,0.7371645518873311,-0.0022920550213746515,67.07229685783386,35.614238262176514,102.68653583526611,-1.6522407975116948e-07,8.344650526126429e-10
0.1569120633814525,0.0,500.0,0.0,75,1500000,40,0.010681236162781715,25.14526180483902,0.00026999999999999924,0.0010185384768491635,0.6529468600319911,-0.004108694887313332,80.08865785598755,33.174386739730835,113.2630455493927,-7.572174354208983e-08,6.341934088993639e-09
0.16269431525280792,0.0,500.0,0.0,76,1520000,40,0.012523511424660683,24.79971121459707,0.00026959999999999923,0.0007627317776219754,0.6077553179067902,-0.00316363178575603,64.54951596260071,33.32497525215149,97.87449288368225,-1.4405250681193138e-07,4.76837147544984e-09
0.3073854175149596,0.0,500.0,0.0,77,1540000,40,0.009918641299009323,24.458938153867216,0.0002691999999999992,0.0007224407385227188,0.5558626812847355,-0.002134944690762403,79.73487734794617,36.88652539253235,116.62140440940857,-7.553100545010238e-08,6.139278529992964e-10
0.23555630175015976,0.0,500.0,0.0,78,1560000,40,0.01254044845700264,24.12270374617386,0.0002687999999999992,0.0005696584249528337,0.5213258174118361,-0.0017286180951348888,69.516428232193,34.170788526535034,103.68721914291382,2.106189782580259e-07,-1.3113021779531664e-09
0.201163360772747,0.0,500.0,0.0,79,1580000,40,0.00844805408269167,23.790781058865164,0.0002683999999999992,0.00045374305848816195,0.48360993372677247,-0.0013158577930328106,82.15312933921814,33.85256791114807,116.00569915771484,1.2311934938225022e-07,2.00271599304358e-09
0.16762412339624516,0.0,500.0,0.0,80,1600000,40,0.009988279081881046,23.462954505921907,0.0002679999999999992,0.00043231515653904443,0.4814239826949337,-0.001730766062154302,70.39404821395874,48.7050461769104,119.09909653663635,-1.8320083938760945e-07,-6.079673653403006e-09
0.20871969988984293,0.0,500.0,0.0,81,1620000,40,0.0110049182549119,23.13901928062581,0.0002675999999999992,0.0003227382213285464,0.4654518337000774,-0.00264649318252643,68.84193110466003,35.562172174453735,104.40410470962524,3.604888831887365e-08,1.6450881545893026e-08
0.24783133612777175,0.0,500.0,0.0,82,1640000,40,0.00936472974717617,22.818780816594522,0.0002671999999999992,0.0003297973055517024,0.4147068529566632,-0.0015384691407925397,79.15071558952332,37.47478795051575,116.62550520896912,3.185272134942352e-08,-8.344650526126429e-10
0.21635986723825873,0.0,500.0,0.0,83,1660000,40,0.011157686822116375,22.502054275764795,0.00026679999999999917,0.0003242312980488995,0.3747803234978567,-0.0014298665097250036,70.59660720825195,40.25347089767456,110.85008215904236,-1.0995864840879221e-07,6.377697037152075e-09
0.20435130126741097,0.0,500.0,0.0,84,1680000,40,0.016609949991106987,22.188664061976556,0.00026639999999999916,0.0002479834540189344,0.3583290158381945,-0.0017517373086925142,81.46246671676636,34.20980215072632,115.67227005958557,2.717971847587819e-09,-1.3828277412031298e-09
0.2056315647405035,0.0,500.0,0.0,85,1700000,40,0.011894560419023037,21.87844335887773,0.00026599999999999915,0.00040498578117749965,0.31658593504866467,-0.0013964063295456462,65.70412516593933,33.86259365081787,99.56672048568726,1.1932850263463024e-08,-3.910064716450279e-09
0.29252871998150287,0.0,500.0,0.0,86,1720000,40,0.013295591808855534,21.57123369093384,0.00026559999999999914,0.0008363954835888912,0.29695640521336203,-0.001320722613751128,81.57128190994263,32.11899971961975,113.69028401374817,-2.803802523487775e-08,1.5646218765041908e-09
0.2408156536806111,0.0,500.0,0.0,87,1740000,40,0.012801524251699448,21.26688450638715,0.00026519999999999913,0.000778604050761323,0.26264469345819347,-0.0013190959211379213,71.83722019195557,50.748703718185425,122.58592557907104,-5.7220459481754915e-09,-5.9604645663569045e-09
0.22205390832048658,0.0,500.0,0.0,88,1760000,40,0.010988264344632626,20.965252781067793,0.0002647999999999991,0.0003009267929468755,0.23603852166310896,-0.0011815745767837396,68.04346537590027,35.64298677444458,103.68645405769348,1.2445450003895075e-08,-3.820657568098795e-09
0.2422524877524898,0.0,500.0,0.0,89,1780000,40,0.015452750958502293,20.666202642014404,0.0002643999999999991,0.0005997245398823827,0.20606677094120768,-0.0011654848889359332,84.20824432373047,35.53504180908203,119.74328851699829,-1.0061263822080946e-08,3.5643576978827696e-09
0.2536681284965491,0.0,500.0,0.0,90,1800000,40,0.01161871012300253,20.369605009913684,0.0002639999999999991,0.0008969654486291008,0.17841835916513885,-0.0009925286301973135,68.7257125377655,37.81385087966919,106.53956484794617,-4.76837147544984e-09,6.669759855526536e-09
0.2935772302314309,0.0,500.0,0.0,91,1820000,40,0.011538387276232243,20.075337259418,0.0002635999999999991,0.000451700112263339,0.14986045348304736,-0.0010997342293171354,80.86596083641052,42.974297761917114,123.84026002883911,-6.1988831845383174e-09,1.2278557059985928e-09
0.37346169106195376,0.0,500.0,0.0,92,1840000,40,0.01261142548173666,19.7832828964471,0.0002631999999999991,0.0016337254403591527,0.1190718248910919,-0.000904970145636727,74.15972328186035,35.81775403022766,109.97747874259949,4.0531160649948106e-09,1.1950731515497637e-09
0.5721066247569231,0.0,500.0,0.0,93,1860000,40,0.012960665859282017,19.493331251624745,0.00026279999999999907,0.002330628525089219,0.08429879998151638,-0.0009009415373965786,74.80646252632141,43.489084243774414,118.29554867744446,2.2649764286342133e-09,-3.796815750689575e-09
0.5865717866774242,0.0,500.0,0.0,94,1880000,40,0.013759594410657883,19.20537718904351,0.00026239999999999906,0.0014652305773180862,0.046508665617461066,-0.0008125088289892154,73.41721510887146,34.93790149688721,108.35511875152588,-1.39474864990774e-09,3.638863654842339e-09
0.6078874903066849,0.0,500.0,0.0,95,1900000,40,0.01488404255360365,18.919320829591335,0.00026199999999999905,0.0019229065685067326,0.015502446243993325,-0.0009862778247512738,83.28588438034058,34.106162309646606,117.39204788208008,-4.76837147544984e-09,-1.6689299942029834e-10
0.6144771443265611,0.0,500.0,0.0,96,1920000,40,0.014968005008995533,18.635067288111767,0.00026159999999999904,0.003956316495491074,0.0031047633076175057,-0.0010061178457443573,68.54288005828857,52.1925265789032,120.73540925979614,1.5854835222484098e-09,-3.1054019355991613e-09
0.7188882555575764,0.0,500.0,0.0,97,1940000,40,0.015625279396772385,18.35252642370618,0.00026119999999999903,0.017743156270103387,0.002066606992916086,-0.0009395376718905165,69.06649589538574,34.77789783477783,103.8443956375122,1.9073485846288207e-10,1.3291835410100816e-09
0.8196747434658128,0.0,500.0,0.0,98,1960000,40,0.01392899826169014,18.071612602520872,0.000260799999999999,0.005598273513620554,0.0016535509491554473,-0.0008759529954371414,84.95496320724487,34.24146223068237,119.19642758369446,5.340575981449547e-09,2.5928020841448074e-10
1.0575550394052937,0.0,500.0,0.0,99,1980000,40,0.015517489984631538,17.792244472394827,0.000260399999999999,0.013708723216358855,0.001344517528269546,-0.0007894200153587698,71.42095637321472,35.91926836967468,107.3402259349823,-1.9073485846288207e-10,1.3858080238904336e-09
2.2190082879530117,0.0,500.0,0.0,100,2000000,40,0.015580987557768822,17.514344748775088,0.000259999999999999,0.13756956366138368,0.0009712104469904665,-0.0006784456706105928,93.56640410423279,38.01316285133362,131.57956838607788,5.9604643443123e-10,7.465481566271137e-10
819.094714752096,0.0,500.0,0.0,101,2020000,40,0.01205830555409193,17.23784001133633,0.000259599999999999,57.918489986129956,0.0008394199961728616,-0.0004908143701051145,63.07836055755615,43.91011834144592,106.98848128318787,-2.9702187021030113e-07,7.748603841895019e-11
1123.0895316141869,0.0,500.0,0.0,102,2040000,40,0.010907446034252644,16.962660510769517,0.000259199999999999,31.210034238537656,0.0006610395709720228,-0.0005081624613634217,70.29524159431458,38.73831486701965,109.0335578918457,-3.914832902296439e-08,5.155801896528089e-10
1148.230497755839,0.0,500.0,0.0,103,2060000,40,0.011773812584578991,16.68873998523104,0.00025879999999999897,14.566569902323469,0.0005256182774499831,-0.0006492491181959366,70.40655374526978,43.06516098976135,113.47171592712402,-1.356601675439606e-08,2.8908253568715736e-10
1158.0447027304913,0.0,500.0,0.0,104,2080000,40,0.015811089426279068,16.41601548596949,0.00025839999999999896,23.49151577670363,0.0003964765074543502,-0.0006873202934301948,62.21431636810303,36.48023438453674,98.69455170631409,-1.6441344996565022e-07,-9.983777693456375e-11
1180.1968546670248,0.0,500.0,0.0,105,2100000,40,0.01617945358157158,16.144427211671015,0.00025799999999999895,13.931988129283809,0.0002877821985840697,-0.0007167984202883245,81.77847361564636,36.13719701766968,117.91567158699036,2.2144317313177453e-07,-3.7215650006139356e-10
1204.3782215878532,0.0,500.0,0.0,106,2120000,40,0.015347911044955254,15.873918351087465,0.00025759999999999894,17.082478663136687,0.00021324695690400173,-0.0007277755904719407,68.024977684021,35.047929525375366,103.0729079246521,2.3660659564939124e-07,-6.616115433288883e-10
1238.0906726757325,0.0,500.0,0.0,107,2140000,40,0.015323779545724392,15.604434933533092,0.00025719999999999893,18.08646138702767,0.0001568061281478215,-0.0008080821517207277,81.7527482509613,36.20173263549805,117.95448160171509,-1.0395049798717082e-07,-6.407499530958205e-11
1239.0096842158068,440.175,500.0,0.0,108,2160000,1,0.1362757831811905,22.135727581072903,0.0002567999999999989,56.0281371828876,21756.878459390206,2.272495179991179,79.62453627586365,1.1339640617370605,80.75850224494934,-2.403259280470138e-08,3.41796862812771e-07
1272.5671128580575,470.15,500.0,0.0,109,2180000,1,0.029734957963228226,29.035566202019258,0.0002563999999999989,64.77520351168475,24109.286511566064,5.208298895932451,94.84377145767212,0.8744034767150879,95.71817564964294,5.3262709798218566e-08,-1.8615722865433781e-06
1260.551327975165,0.0,500.0,0.0,110,2200000,40,0.01215345598757267,28.525662891918294,0.0002559999999999989,17.76298666920843,0.31079940066637496,-0.00617636556706179,65.32001185417175,36.165048360824585,101.48506259918213,1.8570423776509415e-07,-1.3828277189986693e-08
1251.2097909035808,12.05,500.0,0.0,111,2220000,1,0.027430761605501175,28.21552974732238,0.0002555999999999989,50.45280532595478,14.83802850487866,0.1837284976168524,70.43536734580994,1.4386913776397705,71.8740599155426,4.9877165508860344e-08,-2.4986267277427032e-08
1251.3821247842611,20.775,500.0,0.0,112,2240000,1,0.035972919315099716,28.04966575995626,0.0002551999999999989,62.37868200374555,60.620554470563235,0.10238466001575507,76.15657711029053,0.8698587417602539,77.0264368057251,5.0735472711949114e-08,5.836486849375433e-08
1264.5968271510628,386.425,500.0,0.0,113,2260000,1,0.12796452641487122,33.557557471958454,0.0002547999999999989,80.6208853419823,18334.91587498822,2.600149578686002,60.345608949661255,0.7051939964294434,61.050803899765015,-3.104209866933161e-08,-2.807617249800387e-07
1242.8821329531343,0.0,500.0,0.0,114,2280000,26,0.020439160987734795,32.98117959836053,0.00025439999999999887,22.384351805795596,5.607109120374994,-0.0242983078284365,74.67710399627686,23.29942226409912,97.97652816772461,-3.685951099896556e-08,4.1961669694501325e-08
1196.697982769913,0.0,500.0,0.0,115,2300000,40,0.01634620875120163,32.4211206184425,0.00025399999999999886,13.327546906320354,0.34843512804400695,-0.01048870587038448,60.389657735824585,34.86770057678223,95.25735926628113,-5.7935714892209944e-08,-4.768371808516747e-10
1199.6218020929484,0.0,500.0,0.0,116,2320000,40,0.015310458838939667,31.876564587520377,0.00025359999999999885,22.976353289205818,0.26881148991516873,-0.003952175578989583,73.99568843841553,34.843366622924805,108.83905625343323,-7.343292196537732e-09,-1.3828277412031298e-09
1233.6173358090443,0.21875,500.0,0.0,117,2340000,40,0.015987902879714966,31.35012698314436,0.00025319999999999884,16.913936183422425,0.2607727043637181,-0.00650292720422414,67.1003909111023,37.83804678916931,104.93843841552734,-1.1920929132713809e-08,2.717971847587819e-09
1242.9376511690693,0.40625,500.0,0.0,118,2360000,40,0.01834915205836296,30.620439383987144,0.0002527999999999988,26.770758704822274,0.11099400399724328,-0.004209577496943825,74.33376622200012,38.102473974227905,112.43624138832092,-1.4305114870438729e-09,1.0228156988034698e-08
1204.214090146214,0.0,500.0,0.0,119,2380000,39,0.020047595724463463,29.931339009804642,0.0002523999999999988,34.98921947578299,0.12486587385612237,-0.003808654551361033,62.452956438064575,31.97639226913452,94.42934966087341,-6.198883073516015e-10,5.00678998260895e-10
1237.1425935171733,0.0,500.0,0.0,120,2400000,16,0.02112746424973011,29.46158455931441,0.0002519999999999988,22.959717266167267,0.04115019755768059,-0.0017500514197446955,74.1524407863617,14.071608304977417,88.224050283432,7.152557435219364e-10,1.361370127739292e-08
1193.412211445301,0.0,500.0,0.0,121,2420000,40,0.014717498794198036,29.00281783134869,0.0002515999999999988,27.829364088366304,0.02193372880957455,-0.0014475556195883412,61.44399118423462,31.987410306930542,93.43140244483948,-2.813339339269305e-09,-3.3676623711897946e-09
1142.8814717887121,0.0,500.0,0.0,122,2440000,40,0.014241116121411324,28.554489439781257,0.0002511999999999988,9.457965966870512,0.012188866674381344,-0.001014746421258425,75.406662940979,35.913604736328125,111.32026886940002,-4.2796135524270085e-09,2.551078903678672e-09
1192.2740451289803,0.0,500.0,0.0,123,2460000,40,0.01563098095357418,28.116077467792195,0.0002507999999999988,25.639070123584965,0.008033932807643107,-0.0008515586481896403,63.42229080200195,49.38341808319092,112.8057107925415,-6.675720420901143e-09,-9.518862142954276e-09
1218.356184896748,0.0,500.0,0.0,124,2480000,40,0.017642052844166756,27.687086094402584,0.00025039999999999877,14.065729803073255,0.0067970792793881005,-0.0007539712046228845,70.93337631225586,35.66754770278931,106.60092520713806,-1.5759468396936427e-08,-1.8179416860775177e-09
1182.6543229995752,0.0,500.0,0.0,125,2500000,40,0.014463742263615131,27.267044289682456,0.00024999999999999876,15.367857616309879,0.004439957891561421,-0.0005693989510441094,74.56486701965332,40.93302083015442,115.49788999557495,4.243850604268573e-09,-3.8146971692576415e-10
1229.3133208349225,0.0,500.0,0.0,126,2520000,40,0.01621340401470661,26.855504575198335,0.00024959999999999875,14.283962980403176,0.0030920406482978194,-0.00058558047544178,77.1197669506073,36.027387619018555,113.14715600013733,-4.339218317994664e-09,6.496906346242781e-10
1226.131782019715,0.0,500.0,0.0,127,2540000,40,0.015590417198836803,26.452041846438416,0.00024919999999999874,8.653656043432935,0.0020661580147548824,-0.000542036957016581,71.6405827999115,47.79878282546997,119.43936657905579,1.9788741312254388e-08,-1.8522143818699988e-09
1288.459507941899,0.0,500.0,0.0,128,2560000,40,0.022613823413848877,26.056252254116497,0.00024879999999999873,18.94977357357363,0.0014179686660571848,-0.0005112199669084371,64.14212226867676,34.70876884460449,98.85089230537415,2.884864791496966e-08,-1.5020370502938363e-09
1274.8413599724897,0.0,494.95,0.0,129,2580000,23,0.021279312670230865,25.667752141410674,0.0002483999999999987,35.02686028120999,0.0010315421255598595,-0.00030058185430765783,81.3252522945404,20.533783435821533,101.85903787612915,-2.7656554824062596e-09,-2.157688250292722e-09
1321.4861512161074,0.0,500.0,0.0,130,2600000,40,0.01876228116452694,25.286177034340138,0.0002479999999999987,17.071085390033602,0.0005809466693203313,-0.0003840657567476988,67.72209048271179,37.93552565574646,105.65761923789978,2.6178360812423307e-08,-1.4454126784357868e-09
1388.0934307972364,0.0,500.0,0.0,131,2620000,39,0.02105623669922352,24.911180682623133,0.0002475999999999987,21.887738854960162,0.0003146197640546227,-0.00047599745682709045,78.2544801235199,33.25169634819031,111.50617790222168,2.3007393323837277e-08,3.69548808221154e-10
1436.8080726217784,12.68375,500.0,0.0,132,2640000,1,0.0723579078912735,24.732690398491975,0.0002471999999999987,57.98055784008171,25.005255707999385,0.21394073288840584,66.8473334312439,1.435124397277832,68.28245878219604,3.0851364130057846e-08,5.550384685193421e-08
1427.0498467597683,257.64390243902443,497.4048780487805,0.0,133,2660000,1,0.109614297747612,28.231368790152747,0.0002467999999999987,144.90746652627294,10135.586095085628,0.7901262739036656,74.30176544189453,0.8699808120727539,75.1717472076416,-8.296966669263384e-09,1.098632793627985e-07
1454.7947758353803,1370.2875,498.86,0.0,134,2680000,1,0.029566558077931404,49.038047751499484,0.00024639999999999867,184.99726606924324,129271.60522151898,12.717192587973196,68.69132947921753,0.9999959468841553,69.6913275718689,7.438659466174613e-09,-4.156494014750933e-06
1378.7820957998315,513.59375,500.0,0.0,135,2700000,35,0.021270129829645157,56.206468565144014,0.00024599999999999866,36.11170786448887,17.788946393687297,-0.03870636065293501,67.46477127075195,40.78339600563049,108.24816870689392,-1.3732909920349812e-08,-1.0375976700061074e-07
1459.047713903451,1063.14625,500.0,0.0,136,2720000,1,0.15033313632011414,71.77882896310633,0.00024559999999999865,178.84544720227206,51190.26766064801,9.947783338872693,74.44926357269287,0.8619663715362549,75.31123089790344,-1.0299682884351569e-08,2.752685531959287e-06
1431.3433042447698,728.15625,495.325,0.0,137,2740000,9,0.022366365417838097,81.89929946617053,0.00024519999999999864,110.16614604365138,63405.690871548555,-0.6040488136133229,64.45888352394104,9.473827123641968,73.93271136283875,1.2397766369076635e-08,2.978515567519935e-06
1460.6863944638862,635.6425,500.0,0.0,138,2760000,26,0.02050335519015789,90.43136144408152,0.00024479999999999863,51.562506143166935,392.0941745540764,-0.3606501289560825,82.1856803894043,22.20454239845276,104.39022493362427,-1.907348723406699e-09,2.7465819840699623e-08
1432.1583369533776,163.555,500.0,0.0,139,2780000,40,0.02080332115292549,91.52478532309694,0.0002443999999999986,51.033069560346725,4597.431808816481,-0.8076366106425471,63.99258828163147,45.369932413101196,109.36252284049988,-1.6975402417074292e-08,-1.770019508740006e-07
1403.2600321341179,0.0,500.0,0.0,140,2800000,33,0.02032473124563694,90.0977130081616,0.00024399999999999864,49.31023447038938,122.64767318252956,-0.07861216474320178,77.47184205055237,38.732327461242676,116.20417046546936,3.7193297330873065e-09,-5.493163968139925e-08
1353.9379758907394,16.127499999999998,500.0,0.0,141,2820000,9,0.02012300305068493,88.97947055897305,0.00024359999999999866,38.477719396813846,97.80857025017718,-0.10941988775184386,78.50913047790527,7.526416063308716,86.03554773330688,1.2397766369076635e-08,2.9602051654364914e-07
1341.9586622465038,3.3975,500.0,0.0,142,2840000,40,0.018320567905902863,87.70904710724389,0.00024319999999999865,53.72179617459261,3.9415470630307743,-0.038670483575338095,60.61595416069031,32.67646503448486,93.29241991043091,7.2479249269008506e-09,4.76837147544984e-09
1385.0445526858193,0.0,500.0,0.0,143,2860000,34,0.02209862694144249,86.3162022518817,0.00024279999999999864,47.93480249633562,2.3288440338196543,-0.018210874351101414,79.69233202934265,32.57928419113159,112.27161693572998,-1.4305114426349519e-08,-1.4019012617438875e-08
1370.8085124965426,0.0,500.0,0.0,144,2880000,10,0.023856453597545624,84.42417784050711,0.00024239999999999865,48.01424451538279,6.036679522598846,-0.01653085478781899,64.694251537323,7.4854066371917725,72.17965936660767,3.0994415367580075e-10,-5.8746337572301854e-08
1361.3463944409737,0.0,500.0,0.0,145,2900000,40,0.016451988369226456,83.04260152470128,0.00024199999999999867,32.90537755987312,2.563922642925872,-0.016945215846158424,75.61003732681274,36.38860869407654,111.99864792823792,1.2397766369076635e-08,-3.051757735406113e-09
1367.651700995001,0.0,500.0,0.0,146,2920000,12,0.0210616085678339,81.61713380490694,0.0002415999999999987,26.741019478830104,9.731671506845498,-0.01897033490044092,62.745460987091064,10.172054290771484,72.91751599311829,-4.863738922722405e-08,-2.3651123726153855e-08
1346.9109610882563,0.0,500.0,0.0,147,2940000,40,0.018382560461759567,80.6077065658811,0.0002411999999999987,16.665806703024273,2.196813297799871,-0.01838572961823496,79.12484645843506,37.242475509643555,116.36732292175293,4.744529658040619e-09,-3.585815377959989e-08
1331.730319805282,0.0,500.0,0.0,148,2960000,33,0.02013738453388214,79.63625068880657,0.00024079999999999872,15.863436740433341,5.0005332621569645,-0.032756908844776327,76.2806465625763,38.03241729736328,114.31306529045105,-3.7193297330873065e-09,4.577636936176077e-09
1339.339109146977,0.0,500.0,0.0,149,2980000,40,0.014894939959049225,78.70086760558574,0.00024039999999999874,34.94212456534181,1.2249227972913392,-0.0125011510282749,77.39555788040161,36.41266131401062,113.80822110176086,8.01086397217432e-09,2.6702879907247734e-09
1293.3057745787696,0.0,500.0,0.0,150,3000000,29,0.021083906292915344,77.79975367652597,0.00023999999999999873,26.740071054214685,0.7670532921577113,-0.006500808085255579,65.27869057655334,27.867552518844604,93.14624452590942,1.926422044107312e-08,2.956390465769232e-09
323.5948660458606,0.0,500.0,0.0,151,3020000,9,0.020928718149662018,76.93119544391918,0.00023959999999999872,306.2637583629324,63.52983476743417,-0.05823028294838514,83.68765091896057,7.56911039352417,91.25676250457764,-5.340575981449547e-09,2.136230534688366e-07
0.3392361527105755,0.0,500.0,0.0,152,3040000,34,0.020527934655547142,76.09356512294274,0.0002391999999999987,92.03694522904533,9.755013956743127,-0.06273272426276068,68.86744213104248,30.813056230545044,99.680499792099,1.678466787780053e-08,-6.729126198479207e-07
0.6482240891785096,0.0,500.0,0.0,153,3060000,40,0.014293815940618515,75.2853163180151,0.0002387999999999987,27.676027739651595,4.273489459028727,-0.04298963215809221,87.0502564907074,34.328630447387695,121.37888860702515,-2.1362303925798187e-08,1.7356872206164553e-07
0.5123815780052243,0.0,500.0,0.0,154,3080000,40,0.013454420492053032,74.50497995333387,0.0002383999999999987,16.517781942705565,3.538069316631631,-0.04098040245184557,74.47070813179016,47.029979944229126,121.5006890296936,-9.083748153670967e-08,-2.2315978753795207e-07
0.48952799953234455,0.0,500.0,0.0,155,3100000,40,0.01215749979019165,73.75116040688668,0.00023799999999999868,11.798287387739254,2.214303877968577,-0.03232934724692774,72.90323424339294,32.96703600883484,105.87027168273926,-2.4628638684021098e-08,-4.693984863024525e-07
0.5417024667807377,0.0,500.0,0.0,156,3120000,40,0.014834347181022167,73.02253183776186,0.00023759999999999867,7.242058319834214,1.3367205453258526,-0.03314491308270659,88.92094326019287,32.88982701301575,121.81077289581299,3.762245270877429e-08,6.179809730610941e-08
0.3611421903681362,0.0,500.0,0.0,157,3140000,40,0.013665243983268738,72.31783469709328,0.00023719999999999866,6.273455781951736,0.8592777745821808,-0.024665786993772358,74.267169713974,35.6807758808136,109.94794654846191,2.231597839852384e-08,7.038116223156976e-08
0.3332096008176254,0.0,500.0,0.0,158,3160000,40,0.014032119885087013,71.63587241345813,0.00023679999999999868,4.998188921394227,1.1855604846643497,-0.01993575701401628,85.94120025634766,36.96309781074524,122.90429949760437,8.630753001170888e-09,1.1444091541079615e-07
0.3203997353767506,0.0,500.0,0.0,159,3180000,40,0.01277940720319748,70.97550824400473,0.0002363999999999987,4.447211617231369,0.6460826432968997,-0.015623047347018448,73.17940664291382,48.78795886039734,121.96736717224121,6.079673653403006e-09,-1.8916129818080663e-07
0.35761894810427763,0.0,500.0,0.0,160,3200000,40,0.0148483170196414,70.335662283024,0.00023599999999999872,5.075608628233777,1.164934987999216,-0.015365206439319197,68.76068019866943,36.89599919319153,105.65668153762817,-1.7642974858844696e-09,-4.959106547630654e-08
0.3293278032054688,0.0,500.0,0.0,161,3220000,40,0.014143264852464199,69.71530862009232,0.00023559999999999873,4.743442188184472,0.8308639359813702,-0.0111839162064952,83.67185497283936,34.989317655563354,118.66117405891418,1.850128228397807e-08,-8.544921570319275e-08
0.3524166315559759,0.0,500.0,0.0,162,3240000,40,0.017397265881299973,69.11347264030721,0.00023519999999999872,4.604494928408273,0.7501322522665126,-0.010482946397512679,68.31057858467102,41.2246413230896,109.53522109985352,-2.1934509764065524e-09,2.3841858265427618e-08
0.43381832243708773,0.0,500.0,0.0,163,3260000,40,0.01632576994597912,68.52922845951136,0.00023479999999999874,4.659239813345897,0.8265994513147994,-0.009849436520495676,79.09865236282349,33.545198917388916,112.64385223388672,1.4591217123438582e-08,1.5258788677030566e-09
0.42963859778257374,0.0,500.0,0.0,164,3280000,40,0.01760932244360447,67.9616964877553,0.00023439999999999873,3.5033375665356843,0.764136252231613,-0.011207766922027214,75.81845164299011,36.671064615249634,112.48951935768127,3.3855438452690123e-09,4.577636936176077e-09
0.5272955350551026,0.0,500.0,0.0,165,3300000,40,0.01446010172367096,67.41004111458706,0.00023399999999999872,3.5676742309256446,1.0466140256086482,-0.008929022428206805,77.62702012062073,34.07287359237671,111.69989538192749,8.77380390562621e-09,-4.34875495614051e-08
0.46951746525021426,0.0,500.0,0.0,166,3320000,40,0.014618963934481144,66.87346851007722,0.0002335999999999987,3.2560052320927,0.593479306609193,-0.00978538564441702,70.87792873382568,47.84603548049927,118.72396636009216,-6.198883073516015e-10,1.645088176793763e-09
0.4962198588710941,0.0,500.0,0.0,167,3340000,40,0.017179464921355247,66.35122453579287,0.00023319999999999873,3.0957244072533863,0.5231240549419499,-0.009461870570254476,69.65184926986694,33.30521106719971,102.95706129074097,1.1324882365215672e-08,6.6041945245842726e-09
0.47386108898012946,0.0,500.0,0.0,168,3360000,40,0.014214087277650833,65.84259276022273,0.00023279999999999872,2.8897129401375974,0.4490436805105662,-0.007979465823081216,80.04338431358337,33.2904908657074,113.33387589454651,4.673004205812958e-09,1.8119812317252126e-09
0.4568127128511016,0.0,500.0,0.0,169,3380000,40,0.014918780885636806,65.3468925734311,0.0002323999999999987,2.8238902810253674,0.4139571363978748,-0.00580906912554026,66.53728079795837,35.717323541641235,102.2546055316925,-1.3875961712983553e-08,8.153915764808062e-09
0.43430971972384064,0.0,500.0,0.0,170,3400000,40,0.017331600189208984,64.86347739597906,0.00023199999999999873,2.6651662270479566,0.3906973248606996,-0.006695297022594752,79.40475916862488,38.0782744884491,117.48303484916687,-2.243518792965915e-08,9.822845647988743e-09
0.4087238460318785,0.0,500.0,0.0,171,3420000,40,0.018157977610826492,64.39173297739963,0.00023159999999999874,2.5532748498494113,0.2921006178365478,-0.005068956140304998,75.05748510360718,41.831079721450806,116.8885669708252,1.0490417423625331e-09,3.8862228990410586e-09
0.4749557302388969,0.0,500.0,0.0,172,3440000,40,0.017368309199810028,63.93107577974915,0.00023119999999999876,2.2282422126848487,0.3101213693571619,-0.00411957923486487,84.24417090415955,33.47164821624756,117.7158215045929,7.629394338515283e-10,-5.841255035221593e-09
0.4342497372756792,0.0,500.0,0.0,173,3460000,40,0.019925028085708618,63.480951441981205,0.00023079999999999875,2.3125282528279705,0.2797382730236159,-0.004364836767276353,75.90127420425415,47.0777702331543,122.97904562950134,1.4209747156712638e-08,1.2636184321124233e-09
0.640606305739208,0.0,500.0,0.0,174,3480000,40,0.016631200909614563,63.04083332110166,0.00023039999999999877,2.117384231392341,0.2353336416090591,-0.004297622833966463,67.78902649879456,34.13516855239868,101.92419624328613,-1.1444092340440193e-09,5.090236676608129e-09
0.4654760861421498,0.0,500.0,0.0,175,3500000,40,0.01806194894015789,62.61022110626609,0.00022999999999999876,1.9401976005186008,0.21945779721099365,-0.003683284513266975,81.84742760658264,36.92798566818237,118.77541494369507,-1.478195232884616e-09,3.671646098268866e-09
0.48570329817914093,1.875,500.0,0.0,176,3520000,1,0.11931195110082626,62.21676450217229,0.00022959999999999878,2.698948725869384,1.8569213898876045,0.02334016440672022,80.39772820472717,0.829758882522583,81.2274899482727,9.679794743533421e-09,1.00135799652179e-09
0.8323507119289648,0.0,500.0,0.0,177,3540000,40,0.019790716469287872,61.80329322828319,0.0002291999999999988,1.8476081327169755,0.19044049287427076,-0.005310905710598778,79.2063307762146,37.39622116088867,116.60255312919617,-9.822845647988743e-09,3.8146971692576415e-10
1.2115957122248688,1008.3,500.0,0.0,178,3560000,1,0.554770827293396,76.83032894630965,0.0002287999999999988,2.847121498252772,46987.41171836853,-1.5576680287530151,72.6029863357544,1.06251859664917,73.66550731658936,-1.9073485846288207e-10,2.1606444988719886e-06
1.7461837334661297,0.0,500.0,0.0,179,3580000,3,0.02097886987030506,76.16532945021368,0.0002283999999999988,2.215800131423564,4.096005640955414,0.004546812849457254,77.04850101470947,2.5707311630249023,79.61923360824585,1.2636184321124233e-09,-3.738403364650367e-08
1.503656559501593,0.0,500.0,0.0,180,3600000,40,0.017525289207696915,75.5210799289225,0.00022799999999999882,1.7362171935884259,0.5521301220489454,-0.021111086262552113,79.77265739440918,35.70242357254028,115.47508358955383,-2.5367736355974557e-08,4.482269222449986e-09
1.6153646959268335,0.0,500.0,0.0,181,3620000,40,0.016298720613121986,74.89654288369589,0.0002275999999999988,1.6382835503620437,0.3660658064899565,-0.016483395332485273,74.21488404273987,33.2247428894043,107.43962860107422,2.3674964211295446e-08,3.433227480087453e-09
1.6193430774594268,0.0,500.0,0.0,182,3640000,40,0.015758469700813293,74.29073269073061,0.00022719999999999883,1.6019744870028918,0.3363349249610041,-0.010349750744077213,74.87483310699463,37.82119941711426,112.69603395462036,9.918212917625624e-09,-5.722046170220096e-10
1.3184483606218755,0.0,500.0,0.0,183,3660000,1,0.021396156400442123,73.70271300741358,0.00022679999999999882,1.7567192783838586,1.4068716790857194,0.005297169949906536,76.96196341514587,0.8316936492919922,77.79365825653076,-1.3160705414350105e-08,2.6702879907247734e-09
1.1289540193987662,0.0,500.0,0.0,184,3680000,40,0.015300022438168526,73.13159430826241,0.00022639999999999884,1.375944388478617,0.22684713833599907,-0.0066987200317789415,68.75932621955872,38.193702697753906,106.9530303478241,1.7642974858844696e-09,-8.368492565580254e-09
1.473641331108175,0.0,500.0,0.0,185,3700000,40,0.014858262613415718,72.5765315440688,0.00022599999999999883,1.2715860343809369,0.21176755834323696,-0.004688925827692021,80.60222482681274,42.14631509780884,122.7485408782959,-1.6593933338526767e-08,7.629394338515283e-10
1.1495734836777414,0.0,500.0,0.0,186,3720000,40,0.018148258328437805,72.03578441808487,0.00022559999999999884,1.2241755210523364,0.1862336226420689,-0.0037816599866392275,78.81560182571411,33.362011194229126,112.17761373519897,6.675720420901143e-09,-1.3828277412031298e-09
1.1626711043785576,0.0,500.0,0.0,187,3740000,1,0.02715061604976654,71.51051214840015,0.00022519999999999886,1.2505444891845123,0.8680848367983782,0.007462744559809754,71.31519865989685,0.8692903518676758,72.18449068069458,-2.0217894913798773e-08,1.6593933338526767e-08
0.6361179474545213,0.0,500.0,0.0,188,3760000,40,0.019462522119283676,70.8155383413413,0.00022479999999999888,1.0968077383086652,0.25532193131084685,-0.004389315694876316,73.35555982589722,36.9505455493927,110.30610704421997,1.481771505495999e-08,5.435943695175638e-09
0.9255829576493634,0.0,500.0,0.0,189,3780000,40,0.016471436247229576,70.32627837549374,0.00022439999999999887,1.069267257010635,0.15443637446040595,-0.00210109105072304,68.09751534461975,37.08069658279419,105.17821335792542,6.484985437538171e-09,-2.5033950468156263e-09
0.7063542654337288,0.0,500.0,0.0,190,3800000,7,0.02426125481724739,69.84898140793857,0.00022399999999999886,1.1582169099483524,0.2238234282348298,-0.0012445956475739695,73.17422914505005,5.589203834533691,78.76343441009521,-7.629394893626795e-09,1.907348723406699e-09
0.8731618273830024,0.0,500.0,0.0,191,3820000,23,0.020831815898418427,69.38304928876114,0.00022359999999999885,1.1908475349549088,0.16231015769905222,-0.0020511868673396727,69.53019595146179,20.97372794151306,90.50392532348633,-2.479553229406406e-09,2.00271599304358e-09
0.9329196086576397,0.0,500.0,0.0,192,3840000,31,0.020259389653801918,68.9279137755426,0.00022319999999999884,0.9579903300122954,0.1701905064196575,-0.0024214829655254634,76.7648696899414,25.922569751739502,102.6874406337738,-5.674362313357051e-09,2.0503998499066256e-09
0.8058975175046544,0.0,500.0,0.0,193,3860000,16,0.020000841468572617,68.48303503798498,0.00022279999999999886,0.9228495516448836,0.13853612329952325,-0.0015022302452536356,79.90702748298645,15.18139910697937,95.08842849731445,-1.2493133638713516e-08,-1.4305114870438729e-09
0.5734874958802086,0.0,500.0,0.0,194,3880000,25,0.02173304744064808,68.04790023730524,0.00022239999999999887,0.8748831570601161,0.14405133529931685,-0.0017644324543137292,69.83130073547363,20.733463287353516,90.5647668838501,-5.2452087118126656e-09,0.0
0.7199376416374299,0.0,500.0,0.0,195,3900000,28,0.02051125094294548,67.6220221766595,0.0002219999999999989,0.86100655233666,0.13039379514026275,-0.0014060239537334227,75.29763698577881,24.401168823242188,99.69880676269531,-2.1934509764065524e-09,6.914138706015649e-10
0.9072537490360194,0.0,500.0,0.0,196,3920000,10,0.020808834582567215,67.20493801904603,0.0002215999999999989,0.8715290805207023,0.12636921432199358,-0.0007969659082650478,69.04960536956787,8.298158645629883,77.34776520729065,-7.772445798082117e-09,-1.1920929521291868e-10
0.7368488386167048,0.0,500.0,0.0,197,3940000,25,0.02036958932876587,66.79620806931324,0.0002211999999999989,0.8199011014986641,0.11501231934450849,-0.0013104544560383722,70.31989979743958,21.21466898918152,91.53457021713257,-7.438659466174613e-09,5.125999624766564e-10
0.9703184971027735,0.0,500.0,0.0,198,3960000,39,0.020479369908571243,66.39541461706709,0.0002207999999999989,0.7309710402374181,0.09952348046771353,-0.001168046161471266,68.9003803730011,33.410736322402954,102.31111764907837,-2.956390465769232e-09,-1.287460360543946e-09
1.2336591411970055,0.0,500.0,0.0,199,3980000,30,0.02058934047818184,66.00216083743325,0.00022039999999999888,0.6935356527692658,0.09121408943196892,-0.0012295875939509128,77.7880527973175,26.49951481819153,104.28756928443909,-5.054473728449693e-09,-2.0265579492306784e-10
1.306926020325503,0.0,500.0,0.0,200,4000000,35,0.020286735147237778,65.6160697467811,0.00021999999999999887,0.6776327052125016,0.0811156527501334,-0.0010596389985577225,71.45277214050293,32.958303451538086,104.41107845306396,1.3351439953623867e-09,2.145767175054658e-10
4.21357568178656,0.0,500.0,0.0,201,4020000,4,0.021986111998558044,65.23678321066156,0.00021959999999999886,3.387552855135519,0.11454553197173378,-0.0001290951542522393,76.86574792861938,4.252671718597412,81.11842155456543,-5.493163968139925e-08,-5.7220459481754915e-09
5.235889022351131,0.0,500.0,0.0,202,4040000,40,0.013470281846821308,64.86396100134799,0.00021919999999999885,2.0459599477014963,0.06374715723427414,-0.0008838447904629821,77.70516562461853,37.83328437805176,115.53845500946045,2.4604798198879507e-08,-5.100667443969087e-09
5.160283946614676,0.0,500.0,0.0,203,4060000,8,0.021229257807135582,64.4972799025001,0.00021879999999999887,1.0505296398378625,0.05489872502092319,-0.00019384052964458625,73.41816782951355,6.732826471328735,80.15099596977234,6.847381683883214e-08,-1.0299682884351569e-08
4.845565401155928,0.0,500.0,0.0,204,4080000,24,0.02011226862668991,64.1364328585946,0.00021839999999999888,1.3683207597787874,0.03685545854030751,-0.00044658547286505424,74.1566014289856,22.279135704040527,96.43573832511902,-5.60760504697555e-08,-7.355213327286947e-09
5.451733302825701,0.0,500.0,0.0,205,4100000,40,0.014843950048089027,63.781128166884386,0.00021799999999999888,1.1594848036011562,0.01398722609619999,-0.000682578839674718,72.45854759216309,32.02169322967529,104.48024296760559,2.403259280470138e-08,-1.2844800778566423e-09
6.311501743486266,0.8,500.0,0.0,206,4120000,1,0.07851624488830566,63.44308870975967,0.0002175999999999989,1.0231222065189216,0.25748229679899126,0.002472764579579234,72.657799243927,0.7954962253570557,73.45329666137695,-6.921291628714243e-08,-5.9604643443123e-10
5.797703017384622,0.0,500.0,0.0,207,4140000,40,0.012148728594183922,63.0978512254912,0.00021719999999999888,0.6649021905434283,0.00320182517159854,-0.0004351341499674578,70.06581234931946,33.91328716278076,103.97910046577454,3.6382676427137994e-08,-6.0021876358007376e-09
5.173023304195047,0.0,500.0,0.0,208,4160000,40,0.01073931623250246,62.75737561543615,0.00021679999999999887,0.7751576395163053,0.0015454827549224838,-0.00023507509672008727,72.55483937263489,32.30455803871155,104.85939836502075,5.3215025275221706e-08,1.9252299754413116e-09
5.445230552268264,0.0,500.0,0.0,209,4180000,35,0.05629964545369148,62.42142378588385,0.0002163999999999989,0.7885179810670573,0.001063368903729007,-0.00014637739987661608,73.25978112220764,29.11237335205078,102.37215566635132,1.8119812317252126e-09,1.026093965350583e-08
5.902567979811196,0.0,500.0,0.0,210,4200000,40,0.016315320506691933,62.089769547809176,0.00021599999999999888,0.6700754752076125,0.0007850788402536153,-0.0001668873499142989,73.9297571182251,33.69189262390137,107.62165141105652,-5.7220459481754915e-09,5.549192216847132e-09
5.4987929224300816,0.0,500.0,0.0,211,4220000,40,0.013921783305704594,61.76219802163823,0.00021559999999999887,0.6128956142954434,0.0005932228944575285,-0.00018818370225733217,72.12666726112366,33.49739670753479,105.62406492233276,-1.9645691295977485e-08,3.5077334370470226e-09
5.202855821035942,0.0,500.0,0.0,212,4240000,38,0.020116513594985008,61.43850507177583,0.00021519999999999886,0.6804622872859776,0.0004501982865847187,-0.0001974429777608319,65.71104788780212,30.458879709243774,96.16992855072021,1.0108947456899386e-08,7.1927903633195456e-09
5.2065098775161385,0.0,500.0,0.0,213,4260000,29,0.0200005155056715,61.11849676940655,0.00021479999999999888,0.5142459702096304,0.00029447498744882526,-0.00014865145658762087,69.2841305732727,21.59952998161316,90.8836612701416,4.1913985171504464e-08,-3.4570693530078245e-10
5.517275414677451,0.0,500.0,0.0,214,4280000,40,0.014312784187495708,60.801988882155726,0.00021439999999999887,0.45200847222269336,0.00015610995033978414,-0.0001508123963578581,69.6157455444336,33.500587701797485,103.11633443832397,9.822845647988743e-09,-1.1682510514532396e-09
5.809555083224333,0.0,500.0,0.0,215,4300000,40,0.015928398817777634,60.48880638926745,0.00021399999999999886,0.41510733166072944,5.709681494915423e-05,-0.0001298578447611224,71.16063737869263,33.497578859329224,104.65821743011475,2.6702879907247734e-09,8.098781090204454e-10
5.728113503631656,0.0,500.0,0.0,216,4320000,40,0.01354456041008234,60.17878302102359,0.00021359999999999885,0.3661051408022265,2.7660776351948226e-05,-0.00013097423636707713,75.96085810661316,34.9582314491272,110.9193274974823,2.3365020140886372e-08,-3.233551870707174e-09
5.808502483464602,0.0,500.0,0.0,217,4340000,40,0.016761720180511475,59.87176082119193,0.00021319999999999884,0.3610928490192075,1.930145405355999e-05,-0.00017024481044187914,469.0942385196686,34.80213689804077,503.89637637138367,3.814697180359872e-08,3.509223467368372e-10
6.057860613336172,893.85,500.0,0.0,218,4360000,1,0.6520485281944275,73.35328847575192,0.00021279999999999883,0.5770366625695289,42427.66364749172,-2.1671986851511122,73.0032103061676,0.6680870056152344,73.67129850387573,-1.8596648665436533e-09,-7.727050615358166e-06
6.019069300172177,0.0,500.0,0.0,219,4380000,1,0.021354585886001587,72.80946600318383,0.00021239999999999885,0.38267278369468977,1.0678978588762162,0.01901076253079161,79.2509195804596,0.7533636093139648,80.00428557395935,-1.3351439953623867e-09,-1.5878677928071738e-08
5.73384145463504,0.0,500.0,0.0,220,4400000,40,0.018067408353090286,72.28033465424416,0.00021199999999999884,0.310138650653483,0.2851441392262431,-0.006548104364177377,71.85286355018616,38.171220541000366,110.02408623695374,-3.2520294013238527e-08,-2.2888184680880386e-09
6.073787903436244,179.03249999999997,500.0,0.0,221,4420000,1,0.08648250252008438,74.54016362275145,0.00021159999999999883,1.1180137512804587,9206.51522133622,1.4907720104048523,71.53912353515625,0.9037802219390869,72.44311547279358,-1.0299682884351569e-08,1.068115267344183e-07
6.473284282855564,804.5425,500.0,0.0,222,4440000,1,0.09355711191892624,86.45942239283339,0.00021119999999999882,0.588177783579766,40625.97068149228,6.805823594708986,75.16435289382935,130.12356972694397,205.2980329990387,-6.866454782539222e-08,-8.544921570319275e-08
6.129067234277974,0.0,500.0,0.0,223,4460000,4,0.021064145490527153,85.70208072441123,0.0002107999999999988,0.3199381166243855,8.482388550722145,0.009479496221329216,70.27922916412354,3.5306053161621094,73.80983853340149,-2.174377478070255e-08,5.455017060285172e-08
6.961355201378413,341.125,500.0,0.0,224,4480000,1,0.1707429736852646,90.25754363941019,0.0002103999999999988,0.3834196955342836,8622.07401165781,2.2162270644043067,69.93734407424927,0.8370845317840576,70.7744300365448,1.8787384092888715e-08,1.5869140668200998e-07
5.639591965082786,0.225,500.0,0.0,225,4500000,22,0.02070082351565361,89.45934590865919,0.00020999999999999882,0.28541511115462653,5.5630217370833295,-0.012956730492243712,75.34778618812561,19.98337411880493,95.33116269111633,3.5762788286319847e-08,-2.5177001816700795e-08
5.483766921207576,0.0,500.0,0.0,226,4520000,40,0.02058115229010582,88.68518306444574,0.00020959999999999883,0.2703454834750936,0.6865519169812339,-0.007524713818934345,75.45056986808777,41.50605750083923,116.95684266090393,4.825592014867652e-08,7.629394893626795e-09
5.490810203277627,0.0,500.0,0.0,227,4540000,40,0.011953655630350113,87.93722836244297,0.00020919999999999885,0.2701679798526854,0.2682016414130413,-0.006733867387571726,85.13077545166016,68.04799437522888,153.19827342033386,3.433227391269611e-08,3.290176353587526e-09
5.77087063318742,0.0,500.0,0.0,228,4560000,40,0.011811316944658756,86.76724639554033,0.00020879999999999887,0.25937702164902715,0.1867499580288518,-0.008697335141868613,72.9898464679718,33.0189266204834,106.00877404212952,2.4604798198879507e-08,2.1457672971791908e-08
5.4849085008484355,0.0,500.0,0.0,229,4580000,36,0.021790828555822372,86.09018852698283,0.00020839999999999886,0.21744117705064986,0.07050471160555606,-0.004761724663597405,70.15893363952637,30.141939163208008,100.30087447166443,-3.2424927187690855e-09,-1.4925003455346086e-08
5.549693986553648,0.0,500.0,0.0,230,4600000,40,0.01336729433387518,85.43448355185319,0.00020799999999999885,0.20430228723378122,0.05230418961330117,-0.003985719057463133,76.13646697998047,33.709052085876465,109.84552049636841,7.057189943537878e-09,5.149841442175784e-09
5.431589329601065,0.0,500.0,0.0,231,4620000,40,0.013954363763332367,84.70954757548004,0.00020759999999999884,0.18086038094155396,0.050681782526235224,-0.003808435673871125,71.05584907531738,34.974587202072144,106.03043913841248,1.0490417423625331e-09,-2.861023085110048e-10
5.454580586341355,0.0,500.0,0.0,232,4640000,37,0.021039150655269623,83.95761742668836,0.00020719999999999883,0.17503462123148986,0.05872539822948925,-0.004352482409436151,72.74762606620789,30.431838750839233,103.17946648597717,-3.852844088214624e-08,-1.769065782752932e-08
5.332311687510769,0.0,500.0,0.0,233,4660000,40,0.012840624898672104,83.37104100657345,0.00020679999999999882,0.14418505176053018,0.039602959092965795,-0.002746902565255207,70.68348860740662,31.690474271774292,102.3739640712738,1.3351440841802287e-08,2.2840499269705106e-08
5.173897051273554,0.0,500.0,0.0,234,4680000,40,0.012609419412910938,82.80129340746429,0.0002063999999999988,0.11485833416492501,0.02965578714362051,-0.0023093087458872542,70.87144017219543,33.41530776023865,104.2867488861084,-9.059906158626063e-10,-5.817413217812373e-09
4.99720897191291,0.0,500.0,0.0,235,4700000,40,0.012194239534437656,82.24753318831058,0.0002059999999999988,0.09063119194647179,0.02474673734182091,-0.0017284068283849672,62.834331035614014,33.3949511051178,96.22928380966187,7.486343100993054e-09,1.3351439953623867e-09
5.140430776957696,0.0,500.0,0.0,236,4720000,40,0.01629750244319439,81.70896098011457,0.00020559999999999882,0.0671456629410386,0.01797337770326464,-0.0013953969402285145,71.01194143295288,28.01094341278076,99.02288603782654,5.435943695175638e-09,-3.290176353587526e-09
5.4752110896160975,0.0,500.0,0.0,237,4740000,40,0.014263007789850235,81.18481738232835,0.0002051999999999988,0.048081824783518724,0.013000590688714026,-0.001106206308464561,74.02947688102722,31.81933093070984,105.84880900382996,-1.2588500908350397e-08,-1.0204315614714687e-08
5.2964415596996135,0.0,500.0,0.0,238,4760000,40,0.014354859478771687,80.67438096443145,0.0002047999999999988,0.03229628257052619,0.01023817345443995,-0.0008026532989892007,71.08557510375977,32.02974200248718,103.11531829833984,1.0299682884351569e-08,7.498264231742269e-09
5.4208183396552085,0.0,500.0,0.0,239,4780000,40,0.012174113653600216,80.17696636742939,0.0002043999999999988,0.019840494865150767,0.008299304616101134,-0.0006894466253896421,71.74530053138733,33.761619567871094,105.50692129135132,3.604888831887365e-08,-3.910064716450279e-09
5.3635248859689195,0.0,500.0,0.0,240,4800000,40,0.012959389947354794,79.69192250027743,0.0002039999999999988,0.014699222406525684,0.005835230407876823,-0.000632467835608231,70.13074946403503,30.723839282989502,100.85458946228027,-3.414153937342235e-08,1.3232230866577765e-09
5.4252248758077135,0.0,500.0,0.0,241,4820000,40,0.017282944172620773,79.21863082648306,0.0002035999999999988,0.013594412344177784,0.004521186043555506,-0.0005131053750038875,72.66240286827087,32.52541995048523,105.18782448768616,-4.76837147544984e-09,-5.912780931538464e-09
5.4431953462849245,0.0,500.0,0.0,242,4840000,40,0.013963330537080765,78.75650373637842,0.0002031999999999988,0.012956658110782929,0.003224123017626661,-0.0003469394404545929,68.0616135597229,29.931901931762695,97.99351692199707,1.277923544762416e-08,3.18884862959834e-10
5.507151344846515,0.0,500.0,0.0,243,4860000,40,0.016242746263742447,78.30498300077902,0.0002027999999999988,0.011756825241071607,0.0018168675016591183,-0.0003164005767792309,67.17547488212585,34.678629875183105,101.85410618782043,-2.6702879907247734e-09,1.0132789746153392e-10
5.510145624784718,0.0,500.0,0.0,244,4880000,40,0.016638781875371933,77.86353830195957,0.0002023999999999988,0.012028605733184686,0.0006935187981830898,-0.00023949283043213102,66.99218773841858,30.852493286132812,97.84468293190002,1.2969970875076342e-08,2.1055339693987207e-09
5.543970690937701,0.0,500.0,0.0,245,4900000,40,0.016581403091549873,77.4316658380811,0.0002019999999999988,0.012161848837763212,0.0005139257396715752,-0.0001975229682775995,66.09730815887451,32.752092123031616,98.84940147399902,-1.9645691295977485e-08,4.3809414429496485e-10
5.7777565665686925,0.0,500.0,0.0,246,4920000,40,0.013369238004088402,77.00888699739656,0.0002015999999999988,0.012349075385770182,0.0003686389482165304,-0.00013579580722129138,66.18686771392822,28.807488679885864,94.99435877799988,1.125335735707722e-08,1.6361475507764567e-09
5.675975550234766,0.0,500.0,0.0,247,4940000,40,0.021454794332385063,76.59474709874624,0.0002011999999999988,0.011548220165386277,0.00024047490724920931,-0.0001725091488899263,60.14656186103821,34.733601808547974,94.88016510009766,-1.831054774470431e-08,7.897615200702646e-11
5.9569253854610995,0.0,500.0,0.0,248,4960000,5,0.020051052793860435,76.18881419502844,0.00020079999999999878,0.013570391077878354,7.107762198584285e-05,-5.678601816806447e-05,67.55295896530151,3.7570230960845947,71.30998396873474,9.441375681262798e-09,-7.852912209393992e-10
6.26687957301251,0.0,500.0,0.0,249,4980000,15,0.02160794287919998,75.79067793649654,0.00020039999999999877,0.015147785781116425,4.9704757774354205e-06,-0.00013882933638837406,66.30062127113342,10.834172487258911,77.13479471206665,2.2888184680880386e-09,4.9918888467281874e-11
6.825472180803827,0.0,500.0,0.0,250,5000000,12,0.02407155930995941,75.39994849089122,0.00019999999999999876,0.015211975633241394,3.5403979177125648e-06,-0.00012143351990675046,69.03311681747437,9.94016718864441,78.97328519821167,9.155273872352154e-09,4.619359894597608e-10
195.0906434330145,4371.218292682927,492.0975609756098,0.0,251,5020000,1,0.4140050411224365,142.59990195255708,0.00019959999999999875,14.866691100446484,329297.3714398734,41.08455757853351,63.409515142440796,0.8090255260467529,64.21854209899902,9.431838776663426e-08,8.78906234902388e-07
236.30320967631232,8304.451250000002,500.0,0.0,252,5040000,40,0.01845403015613556,269.7483148274903,0.00019919999999999874,2.6385006965432742,613625.3371884889,-8.859017103231405,64.87245750427246,31.85150170326233,96.7239601612091,4.253387331232261e-08,-2.4804687200230546e-05
242.6340774025121,9606.632499999998,500.0,0.0,253,5060000,39,0.020865395665168762,414.86284205867673,0.00019879999999999873,6.314470878594574,360766.774537995,-8.386428489038133,65.21069264411926,30.141064167022705,95.35175776481628,7.266998380828227e-08,5.0781250138243195e-06
268.120096763944,12951.44875,500.0,0.0,254,5080000,25,0.021550877019762993,609.3571110533038,0.00019839999999999872,9.159586719259432,560624.8437816455,-10.749117698609075,67.36658716201782,21.280088186264038,88.6466772556305,-2.5939941750152684e-08,-8.789062121650204e-06
239.44199311077014,9637.78375,500.0,0.0,255,5100000,32,0.02023601159453392,749.2280834731997,0.00019799999999999871,15.106464518399179,487411.35325603245,-7.191806996170478,61.63057589530945,25.203404188156128,86.83398151397705,-3.8719178974133683e-08,2.7832031264551915e-05
254.2892028971268,6608.921249999999,490.25,0.0,256,5120000,40,0.014673956669867039,839.9645303971008,0.0001975999999999987,17.24363920839527,278592.93445674074,-5.2416505377126645,62.07339954376221,31.247519731521606,93.32091999053955,6.294250454175199e-09,6.152343758003553e-06
260.1571843385619,7871.151219512194,491.6402439024391,0.0,257,5140000,40,0.018433280289173126,949.0206801272458,0.00019719999999999872,26.169193352098706,495676.8368670886,-7.224321523685998,73.77600479125977,32.65070581436157,106.42671251296997,-2.4223327343975143e-08,1.5283203538274392e-05
285.7060964726564,4544.128048780488,495.1158536585366,0.0,258,5160000,40,0.01285340916365385,1004.9782388342982,0.00019679999999999874,30.52190014244635,180998.20490393337,-3.2677834428563903,66.76120233535767,32.26506805419922,99.02627205848694,6.198883073516015e-10,5.273437636788003e-06
238.46946469834188,9829.117857142857,470.52857142857135,0.0,259,5180000,40,0.01934671401977539,1142.3148256600048,0.00019639999999999873,31.650622428821613,570902.277670095,-11.00210230448578,60.11940383911133,36.0399010181427,96.15930581092834,1.8119811429073707e-08,-2.4511718947906047e-05
250.531096517546,9961.52625,495.74500000000006,0.0,260,5200000,1,0.020092681050300598,1279.7389721622835,0.00019599999999999872,44.49091709716411,374614.582278481,5.376722740221627,65.15772914886475,0.7954585552215576,65.95318841934204,2.6702879907247734e-09,2.2766114398109494e-06
240.78367268694623,6598.408536585366,488.9024390243902,0.0,261,5220000,40,0.01564796082675457,1360.9462407601798,0.0001955999999999987,37.416283319418945,264463.3455683841,-4.127983353767968,59.282567262649536,32.585848331451416,91.868417263031,-5.531310964812519e-09,-2.3632812371943146e-05
258.78851009127004,3514.5787499999997,500.0,0.0,262,5240000,33,0.023607030510902405,1391.613872025742,0.00019519999999999873,16.824828632133055,91240.24065080474,-1.767633141664696,63.38298439979553,25.755607843399048,89.13859343528748,-4.959106458812812e-09,-1.2695312534560799e-06
262.26428975159297,5128.887804878049,495.5414634146343,0.0,263,5260000,34,0.020165888592600822,1446.863610828636,0.00019479999999999874,15.400929990315385,267465.9759927552,-6.150816738161682,64.01790595054626,23.271971940994263,87.28987956047058,-1.0871887390351276e-08,2.0318602764746174e-05
246.4076748058198,5058.620000000001,493.1450000000001,0.0,264,5280000,40,0.01540282741189003,1499.1412474932147,0.00019439999999999876,14.408180625906473,167270.6758074024,-3.3368959956342663,57.537009477615356,30.08094048500061,87.61795234680176,3.6239624634504253e-09,8.496093869325705e-06
261.27770993755144,1864.2304878048783,488.1463414634146,0.0,265,5300000,12,0.02050047740340233,1503.4656073855401,0.00019399999999999875,15.197176787169171,59834.276356548195,-1.8622013534800412,56.70278525352478,8.73309850692749,65.43588542938232,1.0728835597717534e-09,9.033203127728484e-07
269.232536699757,534.7612500000001,500.0,0.0,266,5320000,31,0.021129516884684563,1489.401022591176,0.00019359999999999877,17.052819044553974,10674.934837201119,-1.5883200322914826,57.77931332588196,21.80803394317627,79.58734822273254,2.2888184680880386e-09,2.624511807880481e-07
230.76278393099847,2204.94268292683,490.20243902439023,0.0,267,5340000,1,0.1330161988735199,1501.5512448871395,0.00019319999999999876,15.24698644951929,112223.71183525762,6.468018042890331,55.824414014816284,0.6513867378234863,56.475801944732666,3.433227480087453e-09,-7.055663900246145e-06
291.5363894229249,977.2725,498.9674999999999,0.0,268,5360000,1,0.05371914058923721,1496.8185511597687,0.00019279999999999875,12.636034132559088,70918.31784018988,4.240034613428237,53.39932560920715,0.7068037986755371,54.106131076812744,1.7976761412796805e-08,2.148437488358468e-06
275.24653027002336,6431.00125,500.0,0.0,269,5380000,2,0.02588498778641224,1574.6889290895854,0.00019239999999999877,12.409400164326534,504217.3615506329,9.543134616900094,54.413494348526,1.2745094299316406,55.688005447387695,-3.261566305923225e-08,1.816406256693881e-05
271.440134246497,5090.827500000001,500.0,0.0,270,5400000,40,0.015657315030694008,1631.0298914264822,0.00019199999999999879,10.372410046903394,125460.56885692259,-2.4535328684728355,54.7582802772522,28.2252299785614,82.9835114479065,-2.336502102906479e-09,-2.3437501113221515e-06
271.56407545489316,1957.19375,500.0,0.0,271,5420000,40,0.013598756864666939,1641.361177136814,0.0001915999999999988,4.008719573518898,52488.185571397706,-0.2977425594024266,55.75921607017517,26.036900758743286,81.79611802101135,-1.4495849853801701e-08,-1.2145995924583985e-06
284.0155988851311,4172.95625,500.0,0.0,272,5440000,31,0.021706724539399147,1686.5348183213493,0.00019119999999999882,5.347457301767567,272691.503472792,-3.2731479808426527,52.7473886013031,20.289915800094604,73.03730511665344,1.115798919926192e-08,-2.3437501113221515e-06
254.66265708020654,3000.9880952380954,481.3833333333333,0.0,273,5460000,40,0.021714763715863228,1713.9442332502297,0.00019079999999999884,6.839373895035514,89094.62890634658,-2.5771716670144964,53.5122857093811,27.007577896118164,80.519864320755,-8.392333938900265e-09,-3.808593646681402e-06
293.87539994785436,744.95625,498.9725,0.0,274,5480000,18,0.021872350946068764,1707.6306938017135,0.00019039999999999883,8.255646346742092,14583.53362537604,-1.0662401885674473,57.45453405380249,13.724801301956177,71.17933654785156,6.866454960174906e-09,-4.882812376649781e-08
294.82369137503804,430.61625000000004,500.0,0.0,275,5500000,39,0.022835267707705498,1697.2777094506232,0.00018999999999999884,8.120491862954818,1685.5300524203044,-0.9333929782349426,65.10401487350464,32.842568159103394,97.94658374786377,1.5830993405074878e-08,6.225586162145191e-07
294.30688583405936,1229.8,500.0,0.0,276,5520000,2,0.02069994993507862,1699.6329386920875,0.00018959999999999886,8.797146816042405,41336.41738234894,2.9288481534281865,70.98560762405396,1.3780016899108887,72.36361026763916,3.0994415367580075e-10,2.5634765279392013e-06
297.8814311229446,0.0,500.0,0.0,277,5540000,14,0.02396291494369507,1684.0258064714783,0.00018919999999999888,2.5796190736306728,1339.9097464563188,-0.08415983816706465,66.00946736335754,11.867294311523438,77.87676286697388,3.590583830259675e-08,-4.882812731921149e-07
287.95862390326977,2430.325,494.525,0.0,278,5560000,8,0.02122379280626774,1705.6414058618998,0.00018879999999999887,5.119672226754925,80975.82734419424,1.0918141235656376,66.2674355506897,5.758145332336426,72.02558183670044,2.1409988448795048e-08,-2.5390625069121597e-06
300.7095219290744,359.86499999999995,500.0,0.0,279,5580000,17,0.020745322108268738,1696.3219877827999,0.00018839999999999886,4.540469397294903,29887.71127438634,-0.18577976077684075,63.26272249221802,16.745287895202637,80.00801157951355,-1.125335735707722e-08,-2.3925781533762347e-06
292.4302944324342,1796.8537499999998,500.0,0.0,280,5600000,1,0.050619639456272125,1709.1908043576552,0.00018799999999999885,10.560653457158729,51896.5573535388,3.466636515870879,60.95907139778137,0.7881748676300049,61.74724793434143,3.051757735406113e-09,-6.103515914901436e-08
294.9193414151953,2576.3025000000002,500.0,0.0,281,5620000,9,0.02098950557410717,1733.9938382287678,0.00018759999999999887,7.241182766047879,91120.30676183687,0.001969526421001021,69.64289450645447,6.878419876098633,76.52131533622742,5.912780931538464e-09,-1.416015606992005e-06
284.6725439743454,989.0621951219513,498.48292682926825,0.0,282,5640000,30,0.021956905722618103,1735.0237670831539,0.00018719999999999886,7.451485807785002,28329.970295168077,-1.0622981027586047,74.93804335594177,28.689160585403442,103.62720584869385,-2.8610229740877458e-09,-7.202148708529421e-07
281.8548830176342,1032.94,493.78000000000003,0.0,283,5660000,40,0.01348036341369152,1737.1423976655526,0.00018679999999999888,4.018838842646985,32939.355196696895,-1.2102347462049012,57.379119634628296,30.6938898563385,88.07301068305969,-7.629394338515283e-10,-4.943847784488753e-07
278.29867904414766,1461.39,500.0,0.0,284,5680000,1,0.05900071933865547,1746.0858167188314,0.00018639999999999887,9.390722081631045,77473.42790743671,9.379418315766733,65.67743849754333,1.1315994262695312,66.80903887748718,-5.435943695175638e-09,3.1005859000288183e-06
292.45855588817574,3495.6462499999993,500.0,0.0,285,5700000,1,0.24098733067512512,1785.8141035694462,0.00018599999999999886,6.611685248869884,124471.97206289557,6.805999722661851,66.7702124118805,0.6639227867126465,67.43413615226746,1.2969970875076342e-08,-1.074218744179234e-06
298.49127349689485,716.9637500000001,500.0,0.0,286,5720000,34,0.02031663805246353,1783.6110617025302,0.00018559999999999885,3.4692363473167194,774.9221345783611,-0.5790502730277121,58.69977521896362,30.081324577331543,88.78110122680664,2.9087066089061864e-09,-5.004882837056357e-07
287.5136369582882,982.4625,500.0,0.0,287,5740000,2,0.17985813319683075,1785.84663505396,0.00018519999999999884,9.820438173752796,58324.27204354202,10.786259175101414,58.696380615234375,1.5444118976593018,60.24079370498657,-3.2424927187690855e-09,-3.5278319501230726e-06
263.7277437199325,1858.6324999999997,500.0,0.0,288,5760000,29,0.021009208634495735,1801.5917109878183,0.00018479999999999883,6.547442478989993,50790.58564064962,-2.0405796045353712,64.46441555023193,23.229369640350342,87.69378614425659,-9.441375681262798e-09,-5.883789071958745e-06
268.59548228744916,214.1341463414634,486.16097560975606,0.0,289,5780000,36,0.023179916664958,1792.7988740701055,0.00018439999999999884,3.0828992977591674,1033.0901057783897,-1.0551895433735579,61.7227578163147,29.764365673065186,91.4871256351471,5.2452087118126656e-09,9.765624753299562e-08
283.810062961035,1015.0658536585366,497.6804878048781,0.0,290,5800000,1,0.19743062555789948,1796.5542216812053,0.00018399999999999886,7.131452732448336,39124.83107477502,0.3122119647038134,61.26693058013916,0.9676291942596436,62.2345609664917,-1.688003514743741e-08,-1.757812469804776e-06
296.15594234287556,12.25,483.7625,0.0,291,5820000,12,0.022172188386321068,1785.5745970337014,0.00018359999999999888,2.4310007788209473,872.7982653766745,-0.249376428977661,66.42258024215698,9.78225588798523,76.20483708381653,-1.3160705414350105e-08,-6.408691177739456e-08
303.0538823621712,880.8,500.0,0.0,292,5840000,1,0.21744580566883087,1788.1658286185725,0.00018319999999999887,3.614125533948971,30207.203182172172,3.8100799473026132,62.27965307235718,0.907437801361084,63.187093019485474,7.677078173173868e-08,-1.2207031829802872e-07
300.64049713801313,1361.55,500.0,0.0,293,5860000,10,0.020021775737404823,1798.2666486242003,0.0001827999999999989,3.8234566522549978,79997.54201192735,-1.3139033512224125,64.04784917831421,7.04785943031311,71.09570980072021,9.393692046444357e-09,-7.324218813664629e-07
273.42463379140406,3715.2674999999995,500.0,0.0,294,5880000,40,0.016207953914999962,1843.8364651295467,0.0001823999999999989,2.3331871675916864,135492.07641335018,-2.04533172004585,59.11981439590454,32.410874366760254,91.53068995475769,5.674362313357051e-09,2.19726558725597e-07
288.92227050263125,898.0,488.390243902439,0.0,295,5900000,40,0.012860815040767193,1846.7139120596257,0.00018199999999999892,2.2289887286062484,56895.202806110625,-1.3500085758257516,59.25669717788696,31.20039200782776,90.4570906162262,5.5551527822217395e-08,-2.0751953400122147e-07
257.2264170852633,479.6575000000001,500.0,0.0,296,5920000,40,0.016033291816711426,1843.6088491432008,0.0001815999999999989,2.1654329026801675,1912.2328824393358,-0.8369937962887785,60.669573068618774,32.495084285736084,93.1646580696106,3.337859988405967e-10,-2.9907226917202934e-07
293.6768793510117,0.0,500.0,0.0,297,5940000,4,0.021273989230394363,1833.691505622597,0.0001811999999999989,2.4295104538338093,3018.0558073792276,0.09614966880482963,64.5406060218811,2.8877382278442383,67.42834568023682,-2.727508530142586e-08,3.0517577442878974e-07
293.78839766963495,0.0,500.0,0.0,298,5960000,24,0.022061441093683243,1824.2575292780234,0.0001807999999999989,2.445915181739924,4481.267709064081,-0.8437387797085545,73.0296859741211,20.7235848903656,93.75327229499817,1.8024444159436825e-08,9.887695568977506e-07
284.85272511143876,32.7125,500.0,0.0,299,5980000,1,0.020670557394623756,1815.7734392506786,0.0001803999999999989,4.307484050340291,2758.8116037875793,0.4148359626908846,60.66656446456909,0.7079522609710693,61.37451767921448,2.570152268788206e-08,-2.5024414185281785e-07
282.704775483354,732.145,500.0,0.0,300,6000000,5,0.2358226627111435,1818.208897474701,0.00017999999999999893,4.45585106113289,24581.838156784637,1.7387236252615723,62.22870087623596,3.840355396270752,66.06905722618103,-1.0156631091717827e-08,3.540039017480012e-07
78.76217207701715,285.8175,500.0,0.0,301,6020000,29,0.022618811577558517,1814.1812427875223,0.00017959999999999892,8.601485772925868,30025.69354964697,-1.6354534896842676,60.64972996711731,20.447150468826294,81.0968828201294,-8.406639295799323e-08,9.521484116703505e-07
0.18753865699215913,0.0,500.0,0.0,302,6040000,39,0.02067265845835209,1806.1981170847025,0.00017919999999999893,1.7989667745930389,15808.488483710013,-0.7723426480149728,66.38909769058228,30.1972599029541,96.58636093139648,2.3841858265427618e-08,-3.906249901319825e-07
0.23993997413921245,0.0,500.0,0.0,303,6060000,17,0.02327819913625717,1798.6016476670236,0.00017879999999999893,1.0987566275465248,10849.877257982653,-0.13726618914842073,64.20859718322754,12.927945613861084,77.1365442276001,1.0643005055044341e-07,-3.192138592567062e-06
0.2435122730297012,0.0,500.0,0.0,304,6080000,20,0.023587694391608238,1791.3725017202287,0.00017839999999999892,0.9193907586456854,7444.025532821463,-0.2869965841404245,65.61064052581787,15.768604516983032,81.37924599647522,-1.3771057183475932e-07,-6.866455350973411e-07
0.21976978231547903,0.0,500.0,0.0,305,6100000,6,0.031334634870290756,1784.4923130707737,0.0001779999999999989,0.8743771832703539,13287.293088760054,0.41150527249408675,59.54874873161316,5.346017837524414,64.89476776123047,-6.113052108958072e-08,1.3549804407375632e-06
0.1655435565709657,0.0,500.0,0.0,306,6120000,7,0.020080512389540672,1777.9436338537912,0.00017759999999999892,0.7816165948647056,7737.416988434887,0.004055714035982681,62.69628572463989,4.991379737854004,67.68766617774963,-8.525848471663267e-08,-5.920410330872983e-07
0.17891105936588825,0.0,500.0,0.0,307,6140000,8,0.021644610911607742,1771.709888597658,0.00017719999999999894,0.7265542314588269,7083.632010254679,0.046921691232467,61.40315771102905,6.338362693786621,67.74152874946594,9.975433101772069e-08,1.3000487797398819e-06
0.21258766021012554,0.0,500.0,0.0,308,6160000,1,0.03537523373961449,1765.7753306043314,0.00017679999999999896,0.9466805661780925,9048.456626409217,0.3609280906900575,65.45317316055298,0.7632899284362793,66.21646523475647,1.0805130301605459e-07,-1.0070800726680318e-06
0.22861064637137946,0.0,500.0,0.0,309,6180000,23,0.0217480156570673,1760.1250005106713,0.00017639999999999895,0.5824149330041536,5177.68951281651,-0.1726079314176237,64.06542015075684,17.738741874694824,81.80416417121887,-5.149841442175784e-08,9.460449490461542e-08
0.22798060520658084,0.0,500.0,0.0,310,6200000,7,0.025899613276124,1754.744686921694,0.00017599999999999894,0.5825734223638263,5038.660711912738,0.0030712468067948685,63.09405994415283,5.699173212051392,68.79323506355286,-5.855560303302809e-08,-3.784179796184617e-07
0.24374286497441747,0.0,500.0,0.0,311,6220000,15,0.020297173410654068,1749.6208890121657,0.00017559999999999893,0.492511988465796,1639.3043944668668,-0.03048281237042906,64.76095390319824,13.564056634902954,78.32501196861267,4.9114227351765294e-08,2.288818308215923e-07
0.20540489035865567,0.0,500.0,0.0,312,6240000,3,0.020838934928178787,1744.7407809981137,0.00017519999999999892,0.5007848288188,7535.867621441934,0.4297580857317156,66.76662158966064,2.2682571411132812,69.03488087654114,1.5497207073167374e-07,4.333496121944336e-07
0.19989351402922656,0.0,500.0,0.0,313,6260000,20,0.021253293380141258,1740.0921783847643,0.00017479999999999894,0.46230739687062516,7301.801488610762,0.1737953014388869,61.47846841812134,16.80195641517639,78.28042697906494,9.145736612481414e-08,-1.4648438195763447e-07
0.21503269852229118,0.0,500.0,0.0,314,6280000,18,0.021642394363880157,1735.6635059020823,0.00017439999999999893,0.43159695286120375,4610.572125548887,-0.07225572688795846,63.62413263320923,11.832274198532104,75.45640826225281,6.370544269884704e-08,-2.746581913015689e-07
0.22421574597527377,0.0,500.0,0.0,315,6300000,8,0.025178922340273857,1731.4437670435345,0.00017399999999999892,0.4056172089863427,5914.512203747713,-0.05158852295407766,66.18761157989502,7.47422194480896,73.66183686256409,-7.510185362491484e-09,-2.258300781932121e-07
0.23961514641980636,0.0,500.0,0.0,316,6320000,5,0.021376224234700203,1727.4225151279143,0.0001735999999999989,0.38137092590332033,4603.2122366989715,0.1899719934108891,67.39836239814758,5.229426145553589,72.62779140472412,-2.314090750132891e-07,-3.356933575560106e-08
0.1920752249567598,0.0,500.0,0.0,317,6340000,2,0.02227862924337387,1723.5898258080747,0.0001731999999999989,0.36933217225949977,3424.9543362388126,0.11210933818092829,64.46838784217834,1.391531229019165,65.8599202632904,-7.352829101137104e-08,2.624511807880481e-07
0.19927703866357488,0.0,500.0,0.0,318,6360000,40,0.011163716204464436,1719.9362709542274,0.00017279999999999891,0.33420638008208214,3819.212210324444,-0.2371522055160773,63.01708483695984,34.854148149490356,97.87123537063599,1.0852813403516848e-07,2.136230534688366e-07
0.2560844510139606,0.0,500.0,0.0,319,6380000,9,0.03506958484649658,1716.4528938430724,0.00017239999999999893,0.3034940013234961,3821.464295592489,0.06889607173648732,63.616649866104126,7.4854817390441895,71.10213279724121,1.0013580187262505e-08,2.4414061883248905e-08
0.22612043105682983,0.0,500.0,0.0,320,6400000,40,0.013181294314563274,1713.131185587475,0.00017199999999999895,0.26750855584027644,4162.039216058465,0.015165303976428282,68.26311230659485,30.93009614944458,99.19321084022522,7.605552809764049e-08,-3.1127930810725957e-07
0.20997651890243274,0.0,500.0,0.0,321,6420000,33,0.022490184754133224,1709.9630627446575,0.00017159999999999894,0.23591122578216506,2790.084623055116,-0.16185646840540166,67.32181906700134,24.994688510894775,92.31650996208191,1.039505015398845e-08,-5.55419944703317e-07
0.20669785170237653,0.0,500.0,0.0,322,6440000,40,0.014096316881477833,1706.940846043981,0.00017119999999999893,0.20666912086779557,1293.947766282287,-0.24693312486279992,68.47587895393372,30.651227712631226,99.12710881233215,1.916885317143624e-08,-3.7536619856837206e-07
0.1959627695527705,0.0,500.0,0.0,323,6460000,7,0.020095568150281906,1704.0572401783384,0.00017079999999999892,0.19604631207519588,2408.0619222630644,0.10919061936370719,61.86368918418884,5.885668516159058,67.7493588924408,-4.863739189175931e-09,-6.134033014859597e-07
0.20191728400594716,0.0,500.0,0.0,324,6480000,35,0.020903611555695534,1701.3053146059776,0.0001703999999999989,0.17171417246783188,2448.9396090736873,-0.12970498877612852,61.9420850276947,27.591422080993652,89.53350877761841,-1.3160705414350105e-08,5.126952942191565e-07
0.27022439174694163,0.0,500.0,0.0,325,6500000,40,0.012738041579723358,1698.6784853122351,0.0001699999999999989,0.15505118707218501,784.6673607572725,-0.29962186243950945,70.44583415985107,30.403766632080078,100.84960198402405,-1.5354157056890472e-08,6.286621214712795e-07
0.20124196478090486,0.0,500.0,0.0,326,6520000,6,0.02300119213759899,1696.1704974831796,0.00016959999999999892,0.1501628532062603,7088.427145978067,0.20844170275116772,67.73009538650513,4.681026935577393,72.41112399101257,-5.030631911040473e-09,1.068115267344183e-07
0.1662477015674283,0.0,500.0,0.0,327,6540000,18,0.023042455315589905,1693.775409045577,0.0001691999999999989,0.1437635031933523,2066.172405398512,-0.08793482364125225,65.79037761688232,15.674857378005981,81.46523642539978,2.1934509764065524e-09,5.523681920749368e-07
0.19527806280180743,0.0,500.0,0.0,328,6560000,10,0.021506918594241142,1691.4875750298545,0.0001687999999999989,0.14161967999195751,4230.950965707513,0.08132245012476474,65.76293182373047,7.912771701812744,73.6757071018219,1.2683868177987279e-08,-1.1596679883041361e-07
0.21888383481973167,0.0,500.0,0.0,329,6580000,40,0.016017137095332146,1689.301632714918,0.00016839999999999892,0.13465104950238255,4924.522188869911,-0.1598577760985192,69.04518580436707,30.284571170806885,99.32975912094116,-6.031990018584565e-09,4.577636758540393e-08
0.19581387511815895,0.0,500.0,0.0,330,6600000,40,0.016620639711618423,1687.2124875157285,0.0001679999999999989,0.12251454266141865,1980.2752652301065,-0.2309162687486674,66.98780035972595,34.26607942581177,101.25388097763062,1.835823049134433e-08,5.493163968139925e-08
0.15661110717841747,0.0,500.0,0.0,331,6620000,17,0.02065848559141159,1685.2152995764984,0.00016759999999999892,0.11359391083534494,2140.5975677422066,-0.013246836530478784,67.080899477005,14.262721538543701,81.34362196922302,1.4209747156712638e-08,-4.39453117451194e-07
0.16178114377057193,0.0,500.0,0.0,332,6640000,40,0.016257282346487045,1683.3054710342299,0.00016719999999999891,0.10566547014337929,4369.818654173839,-0.3445732412364664,60.12122941017151,37.29915404319763,97.42038464546204,2.2888184680880386e-09,4.6997070057841484e-07
0.14992310787945112,0.0,500.0,0.0,333,6660000,40,0.0149083836004138,1681.4786339190746,0.00016679999999999893,0.09263418861016443,543.6370479994182,-0.3252116038947354,63.286131381988525,27.95819640159607,91.24432921409607,3.19480886190604e-09,2.0812988168472657e-06
0.14483977377776586,0.0,500.0,0.0,334,6680000,29,0.020106125622987747,1679.7306386596772,0.00016639999999999895,0.08132681018371657,2411.0444807920953,-0.2733921377302933,64.31261420249939,20.397918701171875,84.71053385734558,-3.190040587242038e-08,-1.2512207092640892e-07
0.1885386042637803,0.0,500.0,0.0,335,6700000,40,0.0133898314088583,1678.0575431632496,0.00016599999999999897,0.0684198793106347,567.7723531964459,-0.31685375545197464,69.21569609642029,30.615885496139526,99.83158278465271,2.9206276508375595e-08,1.7364501445626956e-06
0.147980584714198,0.0,500.0,0.0,336,6720000,40,0.012605703435838223,1676.4556024416436,0.00016559999999999898,0.05566093611259815,968.3654172800764,-0.25355608086985876,62.30498790740967,41.04470705986023,103.34969592094421,-5.960464477539063e-08,-7.81249980263965e-07
0.28688675869935637,0.0,500.0,0.0,337,6740000,40,0.021983975544571877,1674.9212587561176,0.00016519999999999897,0.043126402026678945,1645.3501992092856,-0.2661819618761162,63.41969347000122,33.81041979789734,97.23011445999146,8.306503218591388e-08,-5.035400363340159e-07
0.21232193050195516,0.0,500.0,0.0,338,6760000,40,0.011013871990144253,1673.451132254868,0.00016479999999999896,0.029813428806683306,1043.847840678541,-0.23659159938179994,66.9607093334198,29.469988346099854,96.43069958686829,8.931159811709222e-08,-2.9602051654364914e-07
0.19557212998355158,0.0,500.0,0.0,339,6780000,40,0.015086133033037186,1672.042012078681,0.00016439999999999895,0.017700529942006063,600.373418170591,-0.27374967258847965,63.011942863464355,28.615567207336426,91.62751126289368,3.662109548940862e-08,-1.7425537635062938e-06
0.15937813090606215,0.0,500.0,0.0,340,6800000,40,0.014363069087266922,1670.6908479113033,0.00016399999999999894,0.007591148693618494,691.9931551293482,-0.34799747196603803,65.07638454437256,28.058295011520386,93.13468146324158,1.9836425835251248e-08,-8.728027296456276e-07
0.19659338701607063,0.0,500.0,0.0,341,6820000,40,0.014867358841001987,1669.3947419522945,0.00016359999999999894,0.0027015075455213413,1558.4993565499028,-0.5383879385228398,60.569889068603516,33.27852201461792,93.84841275215149,2.8228759774151513e-08,-1.367187451251084e-06
0.26426737995448923,0.0,500.0,0.0,342,6840000,40,0.012668208219110966,1668.150941291236,0.00016319999999999895,0.0012101495666856747,164.29797411568558,-0.3153405115809999,63.788392305374146,35.79932475090027,99.58771848678589,2.1934509319976314e-08,-5.859375278305379e-07
0.21980440500751697,0.0,500.0,0.0,343,6860000,40,0.018876519054174423,1666.9568306632304,0.00016279999999999897,0.0006917111056892178,1747.8586216262624,-0.419888588915803,56.754595041275024,30.633193969726562,87.38778972625732,-6.332397362029951e-08,-6.713867151120212e-08
0.2365944760567377,0.0,500.0,0.0,344,6880000,20,0.021705441176891327,1665.8099255666255,0.000162399999999999,0.000459946066018082,1186.4104786595212,-0.2230372330716139,65.2393548488617,17.404476642608643,82.64383554458618,1.916885317143624e-08,5.493163826031378e-07
0.16602076324916046,0.0,500.0,0.0,345,6900000,40,0.01338098756968975,1664.7078657248503,0.00016199999999999898,0.0003213798283813728,656.6115422502348,-0.3355499554118967,67.06248068809509,34.04844522476196,101.11092853546143,-5.846023398703437e-08,-3.6621094068323146e-07
0.21678553291191963,0.0,500.0,0.0,346,6920000,20,0.023027902469038963,1663.6484088751643,0.000161599999999999,0.00020611788040466157,1785.7617830590357,-0.24149991056964368,67.04570960998535,16.114288330078125,83.16000032424927,-1.688003550270878e-07,1.3427734302240424e-07
0.1660700512161249,0.0,500.0,0.0,347,6940000,40,0.011635863222181797,1662.6294248679624,0.00016119999999999899,0.0001032840849365118,448.810230810431,-0.30554330007326375,63.341225147247314,31.728960275650024,95.07018685340881,-2.1934509319976314e-08,2.3956299628480338e-06
0.14911604447863716,0.0,500.0,0.0,348,6960000,40,0.014971014112234116,1661.6488900611205,0.00016079999999999898,4.3708138323842224e-05,838.4491335108311,-0.2598582664681481,65.92838454246521,33.217132568359375,99.14551830291748,-2.1886824796979454e-08,-1.4068604059502832e-06
0.2078551254215956,0.0,500.0,0.0,349,6980000,40,0.012880722060799599,1660.7048819946208,0.00016039999999999897,5.855054748994744e-05,758.8586407890803,-0.296721343007646,63.90507626533508,32.57337260246277,96.4784505367279,-5.283355619667418e-08,4.1809082063082315e-07
0.19300277728376997,0.0,500.0,0.0,350,7000000,40,0.013932772912085056,1659.795574331446,0.00015999999999999898,7.44874214698156e-05,306.2727365517918,-0.2334407303323144,68.87916278839111,29.2509868144989,98.13015079498291,-2.7847290695603988e-08,-1.2420654229572392e-06
1155.9255041423519,0.0,486.5833333333334,0.0,351,7020000,40,0.015558510087430477,1658.91923205143,0.000159599999999999,214.61694254513029,14320.754999426346,-2.3950572400907926,60.99525237083435,29.419694900512695,90.41494989395142,1.386642480838418e-07,5.004882950743195e-06
1547.2075765552454,0.0,495.2875,0.0,352,7040000,36,0.02026200480759144,1658.074206885415,0.00015919999999999902,186.0575348495934,8905.53384983154,-2.3099867102549885,66.87357020378113,32.142112255096436,99.01568388938904,1.855373312764641e-07,1.220703097715159e-06
1562.977160065752,0.0,500.0,0.0,353,7060000,37,0.020010914653539658,1657.2589329777004,0.00015879999999999904,114.83680481442515,3126.634828643851,-1.8663284345069568,58.28597450256348,32.7489914894104,91.03496766090393,1.672744787128977e-07,2.514648485885118e-06
1547.4976982559892,0.0,500.0,0.0,354,7080000,40,0.01627725176513195,1656.4719227653718,0.00015839999999999905,61.41022788784172,1598.3517114904862,-1.0932618766787308,63.98149919509888,33.30077409744263,97.2822744846344,1.2836456164677656e-07,-2.362060513405595e-06
1491.4055917349317,0.0,493.1362499999999,0.0,355,7100000,25,0.024699617177248,1655.7117630636594,0.00015799999999999907,45.0772261957579,1305.5931640315962,-0.9201481833035433,60.81173253059387,18.471519947052002,79.28325366973877,9.155273872352154e-09,1.367187451251084e-06
1539.2099546706759,0.0,499.63874999999996,0.0,356,7120000,40,0.018613750115036964,1654.9771113470329,0.00015759999999999906,16.352652842410002,680.8732535084591,-0.9016186358289251,62.70216655731201,32.217724561691284,94.91989350318909,-2.9830931680407957e-07,-1.4648437627329258e-06
1539.9522601542565,0.0,500.0,0.0,357,7140000,38,0.02019764482975006,1654.2666922162375,0.00015719999999999908,10.982283165898028,548.8209384686942,-0.9247185706715041,61.93007206916809,32.34128212928772,94.27135515213013,1.4944076554002095e-07,3.515624939609552e-06
1502.8125454076292,0.0,500.0,0.0,358,7160000,40,0.016467681154608727,1653.579294041982,0.0001567999999999991,10.694015091657638,338.20121000748645,-0.6758342636159703,66.56161451339722,33.95381999015808,100.51543593406677,7.429122916846609e-08,-1.0925292599495151e-06
1501.8601284024226,0.0,500.0,0.0,359,7180000,38,0.021633600816130638,1652.9137657764393,0.0001563999999999991,17.90176335467568,479.66931950100894,-0.6346531879730141,64.34171032905579,31.289650440216064,95.63136148452759,-8.31604012319076e-08,-3.41796862812771e-07
1512.036848282332,0.0,499.45,0.0,360,7200000,40,0.01585487276315689,1652.2690139241736,0.0001559999999999991,11.891854749902894,198.68116275932215,-0.5404547481031358,69.79224991798401,37.55226135253906,107.34451460838318,-1.0633468860987705e-07,1.0314940936950734e-06
1487.4123535979802,0.0,500.0,0.0,361,7220000,40,0.01669556461274624,1651.6439996645213,0.0001555999999999991,9.666349523580527,256.2293274239649,-0.4330762477143656,65.70250821113586,39.694769620895386,105.39728045463562,-9.582042537203961e-08,-1.63269049835435e-07
1475.6752340256403,0.0,500.0,0.0,362,7240000,40,0.018454404547810555,1651.0377361178514,0.00015519999999999908,11.53119436132757,208.21493590149697,-0.574554730334048,69.38679647445679,34.21247458457947,103.59927272796631,7.402896784469704e-08,2.227783255648319e-07
1459.3918503317468,0.0,500.0,0.0,363,7260000,40,0.020779525861144066,1650.4492857485152,0.00015479999999999907,10.763895917844168,243.93556656897823,-0.5206552958882213,67.92599558830261,38.31352186203003,106.23952007293701,-4.339218051541138e-08,-5.432128773463774e-07
1490.1026716233791,0.0,500.0,0.0,364,7280000,25,0.02070506662130356,1649.8777578976458,0.0001543999999999991,16.787342845820174,313.06599966314775,-0.4162479745587216,63.21653366088867,23.51304054260254,86.72957563400269,-1.8644332300254973e-08,9.460449490461542e-08
1441.1734426932558,0.0,500.0,0.0,365,7300000,40,0.016305841505527496,1649.3223064393198,0.00015399999999999908,10.666686739121811,179.6483482481558,-0.41093151029788805,75.17548847198486,35.21766495704651,110.39315462112427,3.4093858403139166e-08,-1.103210479413974e-06
1419.306019740247,0.0,500.0,0.0,366,7320000,36,0.021512039005756378,1648.7821275539102,0.00015359999999999907,10.06414284099171,191.19400868100624,-0.38381992249570146,69.92658162117004,31.83421540260315,101.76079821586609,1.3685226285531371e-08,-1.3275146670821414e-07
1488.9553421864325,0.0,500.0,0.0,367,7340000,30,0.020027291029691696,1648.2564576127709,0.0001531999999999991,15.259467843011462,147.5874535411722,-0.41925622615570257,64.25761890411377,25.787756204605103,90.04537677764893,2.00271599304358e-09,-1.3000487797398819e-06
1469.171787224384,0.0,500.0,0.0,368,7360000,31,0.0214894600212574,1647.7445711686887,0.00015279999999999908,13.307855787935331,166.08824656164467,-0.3642813930993009,66.38993978500366,30.83074688911438,97.22068786621094,1.1587142800806305e-08,1.0681151962899094e-08
1464.9276491905716,0.0,500.0,0.0,369,7380000,40,0.01587923802435398,1647.2457790468106,0.0001523999999999991,11.521542461989801,125.55381553022167,-0.3649351601618566,64.55933165550232,34.68661665916443,99.24595046043396,4.811287013239962e-08,1.085662802324805e-06
1465.8109679981158,0.0,500.0,0.0,370,7400000,38,0.020382137969136238,1646.7594265310265,0.00015199999999999911,9.162971633819641,132.1004969084128,-0.3910487095920306,74.84901022911072,32.371484994888306,107.22049641609192,-2.1362303925798187e-08,8.361816412616463e-07
1414.6889981395714,0.5325,500.0,0.0,371,7420000,40,0.018628759309649467,1646.2928791410316,0.0001515999999999991,9.126920880622501,115.86417770627179,-0.379387063210052,72.20494079589844,37.69433617591858,109.89927887916565,-1.0037422448760935e-08,-1.4724732011472952e-07
1421.8367554165893,1.2425,500.0,0.0,372,7440000,40,0.019656801596283913,1645.8480753705362,0.0001511999999999991,10.762004120591321,134.1023360699038,-0.3356120835329536,70.41481900215149,36.72733521461487,107.14215517044067,1.2588500908350397e-08,1.136779772537011e-07
1434.6438793512261,0.0,500.0,0.0,373,7460000,27,0.020551007241010666,1645.3949955385656,0.00015079999999999908,16.389420105602838,130.38157306139982,-0.2493378277911695,66.8840708732605,24.231121301651,91.11519360542297,2.0980834847250662e-09,-4.1198731537406275e-07
1393.854936439197,0.0,500.0,0.0,374,7480000,40,0.022422509267926216,1644.9520696981938,0.00015039999999999908,20.62278074840956,103.33619128360024,-0.3377917850684799,64.71477174758911,33.30926203727722,98.02403497695923,6.866454960174906e-09,1.6174315931039018e-07
1448.5014232257204,0.0,500.0,0.0,375,7500000,40,0.017293881624937057,1644.5187901498402,0.0001499999999999991,21.584343452695048,125.31856055199346,-0.3339889994904965,63.8185875415802,37.41206192970276,101.23065066337585,1.6307831529616124e-08,-6.179809730610941e-08
1419.9646898207636,0.0,500.0,0.0,376,7520000,35,0.020173631608486176,1644.0946745789047,0.00014959999999999908,15.712478106879843,107.0223298388407,-0.2535047991824409,72.44250869750977,31.72154712677002,104.16405701637268,1.5258788677030566e-09,-3.856658850054373e-07
1448.950081217672,0.0,500.0,0.0,377,7540000,40,0.019078964367508888,1643.6792647865157,0.00014919999999999907,12.965741578084003,94.36771456078638,-0.24671746446644957,61.29364800453186,34.39842224121094,95.69207096099854,6.222725001947538e-09,2.700805623589986e-07
1459.6127644541896,0.0,500.0,0.0,378,7560000,40,0.01687539368867874,1643.2721254837463,0.00014879999999999906,15.92656489044805,98.03254392116885,-0.31185701495342993,58.278406620025635,36.34248733520508,94.6208975315094,-4.00543198608716e-09,-1.5258788721439487e-07
1484.400920753372,0.0,500.0,0.0,379,7580000,27,0.02068130485713482,1642.8728431461152,0.00014839999999999905,22.271072495223994,101.8053874549204,-0.2186952695910689,70.8314745426178,22.97028160095215,93.80175709724426,6.294250454175199e-09,-1.1138916278241595e-07
1460.025259208336,0.06,500.0,0.0,380,7600000,16,0.02022155188024044,1642.481924925366,0.00014799999999999904,22.054877460380144,105.61561943609503,-0.18408875900049565,74.0905921459198,13.476059436798096,87.56665253639221,-1.3232231310666975e-08,-2.838134776084189e-07
1450.8382602153708,0.54,500.0,0.0,381,7620000,38,0.02012348547577858,1642.105282615654,0.00014759999999999906,20.11986831170094,98.28911580664567,-0.2625289028752434,66.38435053825378,32.251816749572754,98.63616824150085,1.7738342350526182e-08,1.693725550921954e-07
1440.6385806406001,52.0875,500.0,0.0,382,7640000,13,0.02498553693294525,1642.5084549214275,0.00014719999999999905,53.19232231314714,3489.7530687623735,-1.4385678936467083,69.10757493972778,10.390608310699463,79.4981849193573,2.574920721087892e-09,-1.1962890766881173e-06
1483.0524350791507,311.93902439024396,496.5853658536585,0.0,383,7660000,31,0.02047433704137802,1646.8289376727885,0.00014679999999999907,22.410123017818503,555.2874451618187,-0.6601210899830546,57.866973876953125,25.09139657020569,82.95837140083313,-4.291534350109316e-10,2.3193359766082722e-07
1444.2605665230888,3.2,500.0,0.0,384,7680000,22,0.020339123904705048,1646.4212279879002,0.00014639999999999906,27.66138628300095,161.0928570623365,-0.31689339173128195,65.85912799835205,18.161587715148926,84.02071762084961,3.5762786065873797e-09,-1.5716553036781988e-07
1474.2356715221356,90.10875000000001,500.0,0.0,385,7700000,26,0.02012428641319275,1647.3700894122564,0.00014599999999999905,69.50530582068609,871.4620245104292,-0.7497353366337637,59.472620487213135,21.028860092163086,80.50148177146912,9.53674295089968e-09,-3.890991138177924e-07
1471.1084052600313,28.12375,500.0,0.0,386,7720000,31,0.020026920363307,1647.3432946403952,0.00014559999999999907,116.59850418757496,511.61279569776167,-0.5963691508297825,57.604076862335205,26.99008083343506,84.59415936470032,-2.38418573772492e-09,-1.2817382355478912e-07
1482.303395731094,12.017499999999998,500.0,0.0,387,7740000,32,0.020193930715322495,1647.069754607127,0.00014519999999999908,51.62160097628455,192.0183940356291,-0.3368420373070749,65.82318019866943,25.508533239364624,91.33171463012695,2.7656554824062596e-09,-1.1444091541079615e-07
1475.0328768483705,0.0,500.0,0.0,388,7760000,38,0.020838605239987373,1646.617129075522,0.00014479999999999907,52.256989240011,146.96401554135622,-0.31867022510819004,65.71798205375671,32.4850959777832,98.20307993888855,-1.2493133638713516e-08,1.678466787780053e-08
1433.7946866452364,298.74,500.0,0.0,389,7780000,3,0.024382734671235085,1650.8051048204973,0.00014439999999999906,83.82751942083303,12442.12456992105,0.8482019691276148,67.1147346496582,2.765705108642578,69.88044118881226,3.433227480087453e-09,7.629394644936838e-07
1438.36718517086,160.86,500.0,0.0,390,7800000,40,0.015871413052082062,1652.7833817782239,0.00014399999999999908,64.66019647393045,215.49038710775255,-0.29676857604822027,64.55364942550659,35.599486112594604,100.15313673019409,-3.3378602104505717e-09,1.754760745598105e-07
1470.0638037809722,0.0,500.0,0.0,391,7820000,18,0.02029472589492798,1652.2371048880643,0.0001435999999999991,36.87336657050625,218.3951167711561,-0.21039882255652617,69.69013738632202,14.72324538230896,84.41338396072388,-1.0752677859215964e-08,-2.9945372403972215e-08
1426.5419295436088,0.0,500.0,0.0,392,7840000,16,0.02160537801682949,1651.6798680924123,0.00014319999999999912,38.258503284258175,230.28660942632942,-0.2577032885791239,58.707419872283936,14.995047807693481,73.70246887207031,3.6239624634504253e-09,2.0294189084779646e-07
1502.3667952386872,1.2574999999999998,499.85,0.0,393,7860000,25,0.020286163315176964,1651.027558624348,0.0001427999999999991,30.317965651162062,199.58451053281374,-0.32769197546983064,65.54446911811829,18.24963903427124,83.794109582901,-5.7220459481754915e-09,-9.765624753299562e-08
1459.6337945601176,0.0175,500.0,0.0,394,7880000,38,0.021454116329550743,1650.531142891882,0.00014239999999999912,15.795477852195521,162.23971016545204,-0.2850770715395762,61.050312995910645,34.02563118934631,95.07594609260559,-8.630753001170888e-09,-2.5177001816700795e-07
1476.217216229347,0.225,500.0,0.0,395,7900000,28,0.0231168270111084,1650.0068185710393,0.00014199999999999914,13.418872300582596,145.16925053656857,-0.264263832805237,59.116698026657104,23.730198621749878,82.8468976020813,1.3113021779531664e-08,5.767822131019784e-07
1463.0129708988131,0.0,500.0,0.0,396,7920000,27,0.020566927269101143,1649.5238279662387,0.00014159999999999913,21.304749032560224,143.903673013722,-0.2446932319640778,73.57822489738464,20.86048197746277,94.43870902061462,-4.100799699813251e-09,-1.083374030486084e-07
1479.2250369752555,1.12875,500.0,0.0,397,7940000,25,0.02058500424027443,1649.080881480627,0.00014119999999999912,59.13053236635425,259.3549780312067,-0.4521903132241738,64.38925409317017,22.19115924835205,86.58041477203369,9.727478378351861e-09,2.7465819840699623e-08
1489.02531284937,14.821249999999997,500.0,0.0,398,7960000,25,0.020632775500416756,1648.8608398083456,0.0001407999999999991,40.502389597832405,116.77926184545589,-0.24302481469097018,71.07064986228943,23.212900638580322,94.28355193138123,2.403259280470138e-08,-2.4871826553862775e-07
1442.17721563029,88.4725,500.0,0.0,399,7980000,2,0.13763952255249023,1649.742300792581,0.00014039999999999913,94.28263550770434,4946.376876058458,1.4126416591903832,61.92273545265198,1.612673044204712,63.53541040420532,-3.051757735406113e-09,0.0
1493.5921867483814,298.84625,497.9,0.0,400,8000000,28,0.021780064329504967,1653.7715029517035,0.00013999999999999915,46.242181316206725,200.69463956118923,-0.37018017609187726,59.64626407623291,28.98155903816223,88.62782430648804,3.051757735406113e-09,1.3122559039402404e-07
360.13881668484555,1.40625,500.0,0.0,401,8020000,19,0.020991045981645584,1653.2745681278695,0.00013959999999999914,132.34573397169424,1313.7913609961522,-0.4123401833148419,70.00952482223511,14.763733863830566,84.77325987815857,-2.6702881683604573e-08,-1.30615239868348e-06
0.360123566900418,0.0,500.0,0.0,402,8040000,40,0.01686452142894268,1652.7695894202275,0.00013919999999999913,55.117405771001984,626.5281656313546,-0.42230255926334404,69.07980561256409,33.74456000328064,102.8243670463562,1.530647253389361e-08,-2.2094727682997473e-06
0.36957475481468466,0.0,500.0,0.0,403,8060000,40,0.017744701355695724,1652.2773596479676,0.00013879999999999912,21.169046796877172,487.2192961704882,-0.326728988094609,72.08103656768799,35.2522988319397,107.333336353302,4.5108794921588924e-08,1.2756347587128403e-06
0.39902114794070076,0.0,500.0,0.0,404,8080000,40,0.015712827444076538,1651.7972413643206,0.0001383999999999991,10.289602836626994,428.81499688112285,-0.2682018359050249,74.36754536628723,34.470752239227295,108.83829927444458,-3.2377243996961624e-08,-4.028320290672127e-07
0.3262748003079531,0.0,500.0,0.0,405,8100000,38,0.021447213366627693,1651.328628994856,0.0001379999999999991,8.334783782171138,354.1901556189103,-0.2451372561873316,74.09539985656738,30.98625898361206,105.08166122436523,1.0423660512515198e-07,2.294921841894393e-06
0.3465912134214834,0.0,500.0,0.0,406,8120000,40,0.015112458728253841,1650.8709472438647,0.00013759999999999912,9.121738641775107,201.08026020436347,-0.22238787134071883,66.67467904090881,34.561158895492554,101.23583889007568,4.959106458812812e-09,-5.249023615760962e-07
0.42493906963079053,0.0,500.0,0.0,407,8140000,40,0.013713827356696129,1650.4236495804228,0.0001371999999999991,7.787892382431634,278.73310255219667,-0.1821615916488197,70.10951900482178,31.26445198059082,101.37397313117981,-2.965927059506157e-08,7.385253866232233e-07
0.4506432185242944,0.0,500.0,0.0,408,8160000,40,0.012824362143874168,1649.9862168001532,0.00013679999999999912,5.4863984488233735,156.81100124890293,-0.20091902178865445,74.03121900558472,35.46826124191284,109.49948167800903,7.724762163263676e-09,1.1917114761672565e-06
0.3925445095090302,0.0,500.0,0.0,409,8180000,40,0.01630077138543129,1649.5581556588968,0.00013639999999999914,5.46160344564462,239.51589647124086,-0.2092503022048858,69.04620409011841,33.824596881866455,102.87080240249634,-1.4114379887075756e-08,8.239746307481255e-08
0.2316556320226341,0.0,500.0,0.0,410,8200000,23,0.022571565583348274,1649.1389975747034,0.00013599999999999913,5.266370306713081,199.80169937646053,-0.1519351054431976,73.20768284797668,19.8194260597229,93.02711009979248,2.9158591985378735e-08,-7.720947223788244e-07
0.38532815619096944,0.0,500.0,0.0,411,8220000,16,0.027890680357813835,1648.7282973947197,0.00013559999999999915,6.270405913455577,268.12831177892565,-0.17645562202610734,72.15550565719604,13.673589706420898,85.82909631729126,-2.1934509764065524e-09,1.3519287449526018e-06
0.42008668493403806,0.0,500.0,0.0,412,8240000,40,0.01671724021434784,1648.325632223735,0.00013519999999999914,5.034871456668347,218.61235584790194,-0.2802753886997794,68.83116698265076,32.67123293876648,101.50240182876587,1.0013580187262505e-08,3.0517577442878974e-07
0.4734880016380494,0.0,500.0,0.0,413,8260000,40,0.017321951687335968,1647.9306003112997,0.00013479999999999913,4.673889973571029,186.3337757376176,-0.2185110635466025,69.5269205570221,36.34385108947754,105.870774269104,3.910064716450279e-09,3.7078856962580176e-07
0.37999001984969755,0.0,500.0,0.0,414,8280000,40,0.014946870505809784,1647.5428199944863,0.00013439999999999912,4.3277648337279695,211.62766961689238,-0.254778548229863,70.34363031387329,35.907509088516235,106.25114059448242,-5.197525076994225e-09,-8.209228781197453e-07
0.3354145407192057,0.0,500.0,0.0,415,8300000,40,0.015491086058318615,1647.1619286935133,0.00013399999999999914,4.089867258675491,206.51657921996298,-0.2884287474464767,69.51034355163574,35.17856168746948,104.68890643119812,-2.1219253909521285e-08,-2.395629792317777e-07
0.25064478733621626,0.0,500.0,0.0,416,8320000,40,0.014955270104110241,1646.787581957589,0.00013359999999999913,4.100322174045104,176.74426086039483,-0.22371569967156724,74.61724185943604,34.56710863113403,109.18435168266296,-8.583068478174027e-09,-1.5258788721439487e-07
0.38911591841753557,0.0,500.0,0.0,417,8340000,40,0.01744348369538784,1646.419452558461,0.00013319999999999914,3.844166423701033,377.2127885287321,-0.30214253551079123,93.26160621643066,39.40099883079529,132.66260695457458,-7.486343100993054e-09,-6.103515470812226e-09
0.3172670470918583,0.0,500.0,0.0,418,8360000,40,0.01685977913439274,1646.0572296292894,0.00013279999999999914,3.4798303924783878,372.3902627631079,-0.24813024001431805,95.86819815635681,46.316893339157104,142.1850929260254,-1.0490417423625331e-09,-7.324218813664629e-07
0.38842548714976244,0.0,500.0,0.0,419,8380000,26,0.023712195456027985,1645.7006178465763,0.00013239999999999913,3.247911097012105,242.31985460632384,-0.2414368126312853,82.85998630523682,31.651503086090088,114.51149034500122,-2.250671471415444e-08,-2.624511807880481e-07
0.36441950913098903,0.0,500.0,0.0,420,8400000,27,0.02001434750854969,1645.349336652999,0.00013199999999999914,3.1688890317433103,235.45362324631947,-0.2566185929352724,86.0448989868164,32.8279492855072,118.87284994125366,1.3351439953623867e-09,-2.3193359766082722e-07
0.29798227755993023,0.0,500.0,0.0,421,8420000,40,0.017269454896450043,1645.0031195191004,0.00013159999999999913,2.903333503536031,255.90299558760245,-0.23987063420936466,86.14680814743042,38.81414175033569,124.96095132827759,1.3399124476620727e-08,-1.3427734302240424e-07
0.3960592725245807,0.0,500.0,0.0,422,8440000,40,0.01638869196176529,1644.661713241897,0.00013119999999999915,2.9467691952669166,295.0766691159598,-0.23786504863985355,93.54836201667786,42.28752589225769,135.83589148521423,-6.771087690538025e-09,7.080078034960025e-07
0.4079683973272122,0.0,500.0,0.0,423,8460000,13,0.020763523876667023,1644.3248772785535,0.00013079999999999914,2.7771359251443926,203.3789376144632,-0.10042486213575667,90.65856337547302,14.846625566482544,105.5051908493042,-7.104873578356319e-09,-1.1123656804556958e-06
0.35982058470135925,0.0,500.0,0.0,424,8480000,27,0.023425830528140068,1643.9923831133772,0.00013039999999999913,2.6523590513757846,238.84123919952435,-0.21650458794773547,88.18635106086731,30.028062343597412,118.21441507339478,-3.137588677759595e-08,1.0803222494359943e-06
0.27293219391021617,0.0,500.0,0.0,425,8500000,40,0.01572970673441887,1643.6640136564597,0.00012999999999999915,2.568203257156324,198.27938383802584,-0.2456862875236835,84.4722831249237,43.185956716537476,127.65824103355408,-1.2207030941624453e-08,-5.096435415907763e-07
0.370311304767397,0.0,500.0,0.0,426,8520000,40,0.015012528747320175,1643.3395626723882,0.00012959999999999914,2.986300526766837,264.9021069393882,-0.278581321861925,86.57612037658691,41.3562707901001,127.93239235877991,-5.149841442175784e-09,-2.9907226917202934e-07
