Metrics/EpRet,Metrics/EpCost,Metrics/EpLen,Metrics/EpSuccess,Train/Epoch,Train/TotalSteps,Train/StopIter,Train/KL,Train/LR,Loss/Loss_reward_critic,Loss/Loss_cost_critic,Loss/Loss_actor,Time/Rollout,Time/Update,Time/Total,Value/RewardAdv,Value/CostAdv
889.7118162289873,0.0,500.0,0.0,1,20000,44,0.005758399143815041,0.00029949999999999996,411.5544902222066,0.002427508357305576,-0.5478429097352149,51.815171241760254,44.65071153640747,96.46588516235352,-5.960464477539063e-08,0.0
943.1946715143237,1486.23,500.0,0.0,2,40000,44,0.00389207829721272,0.00029899999999999995,458.8125722773193,75414.644105959,-0.29254041353221316,51.04003286361694,38.47468852996826,89.51472330093384,-1.3875961712983553e-08,-7.495117188227596e-06
1089.999669884334,580.845,500.0,0.0025,3,60000,44,0.004496443551033735,0.00029849999999999994,322.82350676463034,16729.38814599714,-0.18766526920440682,51.841880321502686,43.70449638366699,95.54637908935547,-1.9826889285923244e-07,5.9509275729396904e-08
1151.3700589859898,821.3650000000001,500.0,0.0475,4,80000,44,0.0034412106033414602,0.0002979999999999999,336.3879375896739,40510.61129078135,-0.12223772758146978,54.65514421463013,38.05234909057617,92.70749568939209,1.319885285511191e-07,-5.493163826031378e-07
1175.6335583892562,157.45,500.0,0.05,5,100000,44,0.004070907365530729,0.0002974999999999999,403.9805647780898,14521.361018636833,-0.1002968581196701,50.313557386398315,40.11849880218506,90.43206024169922,2.8610228852699038e-08,-1.2207030941624453e-08
1187.61655974616,366.635,500.0,0.0,6,120000,44,0.004763571545481682,0.0002969999999999999,311.33546267773943,22615.54089721245,-0.08640761137471113,52.130199909210205,42.99328947067261,95.12349271774292,-4.00543198608716e-09,8.117675633911858e-07
1316.613766404098,980.51875,500.0,0.0425,7,140000,44,0.003718354506418109,0.0002964999999999999,392.3838357914441,34646.60198919079,-0.07524116560826143,52.338409423828125,42.06346678733826,94.40187954902649,6.866454782539222e-08,2.5634764710957825e-07
1312.1457864580675,2468.51375,500.0,0.0325,8,160000,44,0.005390654318034649,0.0002959999999999999,378.14898350653084,86481.30850595051,-0.05703133036940058,52.74754023551941,41.318254709243774,94.06579852104187,-2.70843507621521e-08,-4.101562353753252e-06
1472.586718899442,1018.4862499999999,500.0,0.03375,9,180000,44,0.004971485584974289,0.00029549999999999986,517.4066722461625,62301.045978342016,-0.05515406994576838,52.06983923912048,47.25996780395508,99.32981038093567,-4.1961669694501325e-09,3.3203125440195436e-06
1687.2048685825346,3177.93875,500.0,0.12250000000000001,10,200000,44,0.005996009334921837,0.00029499999999999985,738.4966362271676,97555.88154789494,-0.05620091350671971,51.54393553733826,48.718291997909546,100.2622320652008,6.694794052464204e-08,5.102539034851361e-06
1576.0309053128308,1775.3875,500.0,0.052500000000000005,11,220000,44,0.004673204850405455,0.00029449999999999984,818.3108598425968,62630.91934041461,-0.04355913660467856,51.5533390045166,48.28105711936951,99.8343997001648,4.9209596397759015e-08,-1.3183594091970008e-06
1616.9925767615398,1540.8225,500.0,0.07625,12,240000,44,0.004480740986764431,0.00029399999999999983,1177.7391594293065,46065.3253695364,-0.04071449566807601,53.14780068397522,45.12181234359741,98.26961660385132,-3.662109548940862e-08,9.765624753299562e-08
1815.3174770849516,1782.7150000000001,500.0,0.20249999999999999,13,260000,44,0.005080405157059431,0.00029349999999999987,1354.9563495912541,65288.030334639465,-0.04017987228997381,53.01056909561157,47.71101784706116,100.72159004211426,-2.7465819840699623e-08,1.6113281162688509e-06
1774.7398018877589,3519.38,500.0,0.14,14,280000,44,0.007989096455276012,0.00029299999999999986,1700.2654680047951,193181.0605278037,-0.03851737512761333,51.30440878868103,43.9476592540741,95.25207114219666,-2.0217894913798773e-08,4.39453117451194e-07
1779.7166487277925,2375.46,500.0,0.15125000000000002,15,300000,44,0.005449085030704737,0.00029249999999999985,1434.245110752119,103309.80419739262,-0.029336644206769437,52.00302720069885,44.5512433052063,96.55427432060242,-1.9073485846288207e-10,1.757812469804776e-06
1862.0640725863072,3698.7625,500.0,0.17875000000000002,16,320000,44,0.004850935190916061,0.00029199999999999983,1517.6827999944653,100408.21524529628,-0.031034238460363597,51.4673593044281,44.45054793357849,95.91791033744812,2.0599365768703137e-08,2.19726558725597e-07
2016.54053873029,2138.14,500.0,0.23500000000000001,17,340000,44,0.0062963091768324375,0.0002914999999999998,1904.1017232177173,91743.44314678574,-0.03641738869293761,51.38008642196655,43.95757246017456,95.33766102790833,1.3160705414350105e-08,3.808593646681402e-06
2114.464391424025,623.54,500.0,0.27999999999999997,18,360000,44,0.005786505993455648,0.0002909999999999998,2432.3091636631375,35728.457224623104,-0.02286372038299192,51.40450692176819,42.612926959991455,94.01743698120117,-2.803802523487775e-08,7.324219097881723e-08
2011.4784361034847,994.09375,500.0,0.21000000000000002,19,380000,44,0.004785654600709677,0.0002904999999999998,2130.3663497064413,54423.02253071705,-0.028350842248616788,52.73664593696594,39.6063814163208,92.34303188323975,-7.438659466174613e-09,1.8676757918001385e-06
2066.2873596368904,1916.7862499999999,500.0,0.27375,20,400000,44,0.00569930812343955,0.0002899999999999998,3179.9235833698094,77871.11777331063,-0.016681086527505436,58.23863673210144,39.18586039543152,97.42449998855591,-1.7166137400437265e-09,4.980468929716153e-06
2245.3109374646765,223.94250000000002,500.0,0.2975,21,420000,44,0.0057771638967096806,0.0002894999999999998,3432.9286684271106,32741.267499122576,-0.017094349264744235,55.177247762680054,39.09492063522339,94.27217173576355,-3.051757735406113e-09,-9.765624753299562e-08
2105.315965179247,2781.74125,500.0,0.25625,22,440000,44,0.007641215343028307,0.0002889999999999998,3604.270291573159,107083.92770399789,-0.02029340232335169,52.670629262924194,39.11235547065735,91.78298807144165,3.433227480087453e-09,-9.521484116703505e-07
2109.033873918051,4025.1349999999998,500.0,0.26375,23,460000,44,0.006127736996859312,0.0002884999999999998,3494.7169020710935,142876.05197863476,-0.02703325863091931,54.19878911972046,41.738524198532104,95.93731713294983,-1.3351439953623867e-09,5.126953055878403e-06
2323.8401445054255,1581.3049999999998,500.0,0.3225,24,480000,44,0.005255170166492462,0.0002879999999999998,3612.537463101474,58825.533213818446,-0.022998278276796288,57.412996768951416,41.959023237228394,99.37202405929565,-3.6239624634504253e-09,-1.56249996052793e-06
2276.404010243546,2848.5587499999997,500.0,0.30874999999999997,25,500000,44,0.005854387301951647,0.0002874999999999998,4320.875915211282,84446.29617681821,-0.026148400517886288,56.12325382232666,42.33719229698181,98.46044993400574,3.6239624634504253e-09,7.5683592513087206e-06
2136.9198249047977,3256.15875,500.0,0.24375,26,520000,44,0.005914322100579739,0.00028699999999999977,3980.4780320144496,114952.86259497324,-0.025716422362077843,54.73545479774475,41.302887201309204,96.0383448600769,-7.629394338515283e-10,7.519531209254637e-06
2085.83876858858,2545.3675,500.0,0.24000000000000005,27,540000,44,0.005996412597596645,0.00028649999999999975,3628.288793864541,67474.66246778973,-0.027789462821478275,56.51567077636719,41.696492433547974,98.21216630935669,-3.2424927187690855e-09,1.416015606992005e-06
2480.15093679497,4247.93125,500.0,0.35625,28,560000,44,0.006605967879295349,0.00028599999999999974,4328.438699210884,150860.6891897397,-0.01401274334305069,51.83551526069641,42.80867624282837,94.64419364929199,-2.7465819840699623e-08,-3.4179688555013854e-06
2136.7852190921103,2811.1137500000004,500.0,0.20125,29,580000,44,0.006846855394542217,0.00028549999999999973,3976.587349684247,60559.808510239294,-0.017203340402495392,52.12939524650574,43.208701610565186,95.33809971809387,3.8146971692576415e-10,-1.0986327652062755e-06
2355.6001322038,693.9512499999998,500.0,0.33625,30,600000,44,0.006071607116609812,0.0002849999999999997,4176.967856702377,31691.064309650243,-0.023574699679909647,52.07582879066467,41.650063276290894,93.72589540481567,9.346008411625917e-09,1.4648438195763447e-07
2168.8887238454945,2175.8537499999998,500.0,0.29500000000000004,31,620000,44,0.006148837972432375,0.0002844999999999997,3915.7414792744557,74608.60301118945,-0.01567576293028694,51.234418630599976,41.79040265083313,93.02482414245605,1.3351439953623867e-09,5.22460959473392e-06
1945.2690554138499,1787.99375,500.0,0.17250000000000001,32,640000,44,0.006643102969974279,0.0002839999999999997,3275.3883470682335,47816.726583711294,-0.017688556490121708,51.80314064025879,41.09305286407471,92.89619731903076,4.76837147544984e-09,3.430175866014906e-06
2102.6771558693954,4215.515,500.0,0.22750000000000004,33,660000,44,0.007373814936727285,0.0002834999999999997,3557.1476661848938,205577.95975641004,-0.01779730260019567,53.57059836387634,44.34946608543396,97.92006754875183,-7.438659466174613e-09,-1.4062499758438207e-05
2196.6956038150724,3971.8399999999992,500.0,0.3125,34,680000,44,0.0058687543496489525,0.0002829999999999997,3428.921662184668,105990.6384443101,-0.0154787490254357,54.679423332214355,41.468557357788086,96.14798307418823,-1.0490417423625331e-08,-1.206054730573669e-05
1933.2194222888115,3643.4899999999993,500.0,0.19,35,700000,44,0.007470850367099047,0.0002824999999999997,3237.2805772436777,80249.58683987564,-0.01886239160803148,53.828365087509155,42.383376598358154,96.21174597740173,-3.051757735406113e-09,-3.735351583600277e-06
2446.1450755579613,2796.2,500.0,0.35875,36,720000,44,0.006583714857697487,0.0002819999999999997,3522.1713820480504,91508.62828337886,-0.019379828699846495,58.82671570777893,42.047428131103516,100.87414741516113,4.959106458812812e-09,6.591797045985004e-07
2496.3036054214626,4068.68375,500.0,0.4125,37,740000,44,0.006825817748904228,0.0002814999999999997,4185.367355662742,130222.00844595923,-0.015625076618496225,54.806336641311646,41.09032487869263,95.89666485786438,-9.727478378351861e-09,6.83593725625542e-07
1973.7387512296857,10412.74625,500.0,0.20625,38,760000,44,0.008412658236920834,0.0002809999999999997,3963.451410133353,324191.86605473247,-0.012407821446414169,55.44858264923096,40.9786217212677,96.4272072315216,-1.7166137400437265e-09,-3.442382876528427e-06
2043.0061461067767,2795.47375,500.0,0.1925,39,780000,44,0.0062792436219751835,0.00028049999999999966,4157.398100191211,62907.722413233154,-0.019734251176736394,56.36986565589905,41.83069610595703,98.20056533813477,-3.8146971692576415e-10,1.3183594091970008e-06
2220.488373291548,2233.44125,500.0,0.22874999999999995,40,800000,44,0.006008240394294262,0.00027999999999999965,3741.2622166535934,66764.73861890996,-0.012415558228453288,54.64310932159424,41.09226059913635,95.7353744506836,1.5258788677030566e-09,-3.1738281336401997e-07
2074.219817105216,3024.9824999999996,500.0,0.19375,41,820000,44,0.006944690831005573,0.00027949999999999964,3615.601195727174,110842.73853199281,-0.01711309715953813,54.237189292907715,38.764983892440796,93.00217604637146,-4.386901952813105e-09,5.468749805004336e-06
2064.386174289467,4311.71375,500.0,0.2,42,840000,44,0.006156950257718563,0.0002789999999999996,3633.46200299894,113708.48382564848,-0.016411039035489208,52.656144857406616,44.247880697250366,96.90402913093567,1.1444092340440193e-09,1.904296823340701e-06
1960.8379711804585,5947.9725,500.0,0.17625000000000002,43,860000,44,0.007386828772723675,0.0002784999999999996,3349.2964013629735,157877.78080133192,-0.015571969802113854,52.359947204589844,43.62948536872864,95.98943448066711,-8.77380390562621e-09,4.0039062696450856e-06
2243.78071894567,5358.6275000000005,500.0,0.26375000000000004,44,880000,44,0.006942617241293192,0.0002779999999999996,3798.731739250508,106745.04903433814,-0.008355495760938575,51.64406657218933,43.97971796989441,95.62378859519958,5.340575981449547e-09,-9.619140655559022e-06
2090.966583664671,3254.155,500.0,0.17750000000000002,45,900000,44,0.006588098127394915,0.0002774999999999996,4189.687242409165,108549.44775418719,-0.012204900860930583,51.88194942474365,45.278802156448364,97.16075444221497,-5.340575981449547e-09,2.6855468604480848e-06
2182.558170723873,1954.8725,500.0,0.19624999999999998,46,920000,44,0.005869919899851084,0.0002769999999999996,3489.412248460004,59005.39202715804,-0.020868588943675832,52.43439507484436,43.25091862678528,95.68531632423401,-1.907348723406699e-09,2.5390625069121597e-06
2344.3360065249917,1603.4550000000002,500.0,0.24874999999999997,47,940000,44,0.007515000179409981,0.00027649999999999957,4035.649255890841,75005.3919371505,-0.009047037705961804,52.13067412376404,43.088308334350586,95.21898484230042,1.907348723406699e-09,-4.907226411887677e-06
2196.560264511799,1869.0074999999997,500.0,0.24124999999999996,48,960000,44,0.006465138401836157,0.00027599999999999955,3864.9174142361235,95059.55951187608,-0.013753336989549895,52.31458854675293,43.97850179672241,96.29309344291687,-3.8146971692576415e-10,3.41796862812771e-07
1871.706985679805,3995.1975000000007,500.0,0.12375,49,980000,44,0.006307786330580711,0.00027549999999999954,3695.9523312971423,100146.38679067175,-0.012800215685291197,51.085214376449585,41.66243839263916,92.74765515327454,7.629394338515283e-10,-1.4062499758438207e-05
2071.6391203503404,1779.9762499999997,500.0,0.16125,50,1000000,44,0.007177287247031927,0.00027499999999999953,3657.5416802163777,67737.95682953196,-0.012196439994612689,53.627891063690186,42.30219554901123,95.93008923530579,2.8610229740877458e-09,1.025390588438313e-06
1931.9533474122204,8937.68125,500.0,0.16125,51,1020000,44,0.008473486639559269,0.0002744999999999995,3213.1190558500475,288412.270681998,-0.012240111460586124,53.56407308578491,40.453531980514526,94.01760816574097,-2.7656554824062596e-09,-1.4746094166184776e-05
2260.698677299305,2978.19875,500.0,0.25749999999999995,52,1040000,44,0.007157334126532078,0.0002739999999999995,3450.365603500735,47097.54833085353,-0.01915625848380583,52.59622669219971,40.322038888931274,92.91826939582825,1.907348723406699e-09,3.0273438369476935e-06
2350.961593910826,2078.03375,500.0,0.33625,53,1060000,44,0.006971656810492277,0.0002734999999999995,3566.59290362008,106130.76372328782,-0.014905579293629538,58.375688314437866,42.56708121299744,100.94277429580688,-1.1444092340440193e-09,2.978515567519935e-06
2334.199117428874,1432.245,500.0,0.27875,54,1080000,44,0.006031401455402374,0.0002729999999999995,3565.7564804024473,42165.871655006544,-0.009912587232527113,55.67653679847717,43.74473214149475,99.42127275466919,-8.583068478174027e-09,-9.277343906433089e-07
2231.919753748965,734.55,500.0,0.20250000000000004,55,1100000,44,0.006052898708730936,0.00027249999999999947,3970.857325423299,57415.035416685394,-0.013492975374920856,52.427406311035156,43.74947476387024,96.17688393592834,3.8146971692576415e-10,-2.197265530412551e-06
2358.6833391672963,4005.34375,500.0,0.2875,56,1120000,44,0.006335743237286806,0.0002719999999999995,3738.3560257396985,115866.1283808841,-0.008140373579306814,51.52652072906494,46.3328001499176,97.85932397842407,7.2479249269008506e-09,5.9082030929857865e-06
2468.097644904027,4211.077499999999,500.0,0.35750000000000004,57,1140000,44,0.006049912888556719,0.0002714999999999995,3854.4623460846474,125724.13472741657,-0.01033027337262406,52.28197407722473,43.04671812057495,95.32869577407837,-2.8610229740877458e-09,5.859375050931703e-06
2097.7830820858717,5356.2325,500.0,0.20875000000000005,58,1160000,44,0.007711405865848064,0.0002709999999999995,3702.753831202745,161194.78015544088,-0.010467146492384479,53.53300595283508,41.94002175331116,95.47303175926208,0.0,1.1230468999201548e-06
2150.493093752235,4943.98625,500.0,0.14125000000000001,59,1180000,44,0.005876453593373299,0.0002704999999999995,3434.118584759079,195939.60300543008,-0.007790393139915144,52.6184458732605,43.47390913963318,96.09235787391663,4.577636936176077e-09,-7.812500371073838e-06
2313.7080989358697,5162.248750000001,500.0,0.22999999999999998,60,1200000,44,0.00683668814599514,0.00026999999999999946,3422.1116056277647,71633.33788219668,-0.007810788751871596,52.83861756324768,42.98347616195679,95.82209658622742,9.346008411625917e-09,-2.4414063659605745e-07
2587.0357488665713,1483.7424999999998,500.0,0.3275,61,1220000,44,0.0069254860281944275,0.00026949999999999945,3739.349574608139,67183.50717868959,-0.016408933174284122,54.812814712524414,38.90413498878479,93.7169542312622,5.340575981449547e-09,-1.074218744179234e-06
2282.157051794728,3721.22125,500.0,0.23625,62,1240000,44,0.00729056540876627,0.00026899999999999944,3133.9450638993835,138190.1496264564,-0.015880420287841018,51.8590874671936,45.37651491165161,97.23560619354248,1.0490417423625331e-08,2.9296876391526894e-07
2503.168103875596,4707.25,500.0,0.3075,63,1260000,44,0.009044093079864979,0.0002684999999999994,3343.7351517759616,144352.19382461882,-0.006294449303446282,54.46277379989624,41.23994731903076,95.70272469520569,1.5258788677030566e-09,-6.152343758003553e-06
2395.8974779325845,3275.8325,500.0,0.27,64,1280000,44,0.0071866754442453384,0.0002679999999999994,3611.8370034027976,72620.9786746395,-0.01313446447527118,53.14392328262329,41.9956259727478,95.13955307006836,-2.6702879907247734e-09,-1.8554687812866177e-06
2579.6185672236998,3327.34625,500.0,0.32999999999999996,65,1300000,44,0.0068384879268705845,0.0002674999999999994,3752.340769812756,102617.30079754477,-0.013436957271130631,52.09595084190369,44.7601900100708,96.85614466667175,-2.2888184680880386e-09,-4.882812731921149e-07
2740.0247640585476,2489.0824999999995,500.0,0.3875,66,1320000,44,0.00649248668923974,0.0002669999999999994,3972.207915592523,106087.74603306603,-0.0077572032198110555,51.629966497421265,41.92003154754639,93.5500020980835,-1.5258788677030566e-09,2.441406195430318e-06
2472.2557205546996,5352.305,500.0,0.28875,67,1340000,44,0.00853265542536974,0.0002664999999999994,4331.609383112268,168684.38183031863,-0.008174216691648396,51.286250829696655,42.118374824523926,93.40462899208069,2.0980834847250662e-09,-4.39453117451194e-07
2453.8745979540236,4722.52125,500.0,0.29874999999999996,68,1360000,44,0.008051950484514236,0.00026599999999999936,4092.09062431871,173515.83057033946,-0.008871327098676027,55.628390073776245,44.49003481864929,100.11842918395996,-8.392333938900265e-09,7.81249980263965e-07
2596.803281787212,3657.65,500.0,0.36750000000000005,69,1380000,44,0.007364450953900814,0.00026549999999999935,4311.897646237846,103332.35642002751,-0.004077109903412238,54.19695281982422,43.40590262413025,97.602858543396,7.629394338515283e-10,7.324218586290954e-06
2474.216178776256,7296.445,500.0,0.30375,70,1400000,44,0.006539703346788883,0.00026499999999999934,3510.0208945674917,172793.98718669088,-0.011659010916861777,52.5183219909668,44.235673666000366,96.75399780273438,3.814697446813398e-09,7.81249980263965e-07
2611.6605549210194,3686.7050000000004,500.0,0.36875,71,1420000,44,0.007265667896717787,0.00026449999999999933,3811.0206610325154,122224.7733037705,-0.007931081072418758,52.37963247299194,39.73986744880676,92.11950373649597,2.2888184680880386e-09,-5.859375050931703e-06
2680.488541819629,2062.26875,500.0,0.3675,72,1440000,44,0.007748797535896301,0.0002639999999999993,4323.136958114571,62769.44532542344,-0.003758841003614164,52.70360565185547,42.687971353530884,95.39158201217651,4.577636936176077e-09,-3.41796862812771e-07
2516.3773182241216,1803.475,500.0,0.31625,73,1460000,44,0.006308990065008402,0.0002634999999999993,4667.504470842754,105676.70623224432,-0.0031320250047420627,53.09587621688843,48.40791940689087,101.50379967689514,4.1961669694501325e-09,-7.81249980263965e-07
2442.5959161651303,3186.7837499999996,500.0,0.2625,74,1480000,44,0.007026728242635727,0.0002629999999999993,4051.8873367572955,144565.22256803347,-0.007619403561589793,54.935418128967285,45.460604667663574,100.39602637290955,5.149841442175784e-09,1.8066406255456968e-06
2590.3633275669513,2787.19375,500.0,0.325,75,1500000,44,0.006290661636739969,0.0002624999999999993,3934.723554429031,79717.4377896536,-0.015568285869597645,52.427818059921265,52.43391227722168,104.86173343658447,-5.7220459481754915e-09,-8.78906234902388e-07
2756.299207468454,1388.3200000000002,500.0,0.40125,76,1520000,44,0.006089931353926659,0.00026199999999999927,3624.0053909003254,77088.11216618195,-0.011205367394522051,51.686888217926025,42.60378551483154,94.29067802429199,-7.629394338515283e-10,-2.6855468604480848e-06
2951.0034454644497,7040.735000000001,500.0,0.49124999999999996,77,1540000,44,0.00805011484771967,0.00026149999999999925,3755.1453814929046,187927.09289368166,-0.01393232665126377,51.299261808395386,44.06636571884155,95.36563014984131,-1.602172794434864e-08,1.4160155842546374e-05
2761.401689005469,3199.9925000000003,500.0,0.38875000000000004,78,1560000,44,0.007523715030401945,0.00026099999999999924,4040.7582910535525,97514.57257410188,-0.010166086953254449,50.93921208381653,45.77453064918518,96.7137463092804,-2.479553229406406e-09,-3.906249901319825e-07
2974.9589007735303,1613.0449999999998,500.0,0.4699999999999999,79,1580000,44,0.007106159348040819,0.00026049999999999923,4980.005479643616,84270.98093216767,-0.006604471241138174,52.07732081413269,42.65498399734497,94.73230791091919,0.0,1.757812469804776e-06
2934.5772385221608,1298.0987499999999,500.0,0.45124999999999993,80,1600000,44,0.007719187065958977,0.0002599999999999992,3995.455488795378,75044.663906014,-0.010655344064485832,51.671953201293945,43.17720293998718,94.84915947914124,-5.149841442175784e-09,2.0019531348225428e-06
3246.207500277739,323.09499999999997,500.0,0.58375,81,1620000,44,0.007193100638687611,0.0002594999999999992,4335.635953001103,54642.44926187496,-0.0050497683096286956,52.74494647979736,45.35310482978821,98.09805464744568,1.8119811429073707e-08,2.9296876391526894e-07
3397.0122618856794,2574.00875,500.0,0.5862499999999999,82,1640000,44,0.007558534853160381,0.0002589999999999992,4334.432301757251,97812.73058674662,-0.011262454606123243,52.463643312454224,41.69916915893555,94.16281533241272,-7.057189943537878e-09,-1.56249996052793e-06
3239.58866945122,3580.1725000000006,500.0,0.57,83,1660000,44,0.008114820346236229,0.0002584999999999992,4889.254659988526,137136.85080619785,-0.009951204808696277,51.665449142456055,47.58173489570618,99.2471878528595,-7.2479249269008506e-09,2.050781176876626e-06
2897.1480639848696,5843.5112500000005,500.0,0.46374999999999994,84,1680000,44,0.008181296288967133,0.00025799999999999917,4896.719134893736,130172.12034924752,-0.010336003171427924,51.244295835494995,46.06471514701843,97.30901455879211,3.814697446813398e-09,3.906249901319825e-07
3245.874070273536,2315.6625,500.0,0.6125,85,1700000,44,0.006222558673471212,0.00025749999999999916,4740.2489101818155,88274.10428344586,-0.012099286129702713,51.93575167655945,49.6351261138916,101.570880651474,1.1444092340440193e-09,-7.81249980263965e-07
3496.6577733174317,1693.6337500000002,500.0,0.66875,86,1720000,44,0.006747069768607616,0.00025699999999999915,5311.789776098604,84735.3473267023,-0.011154862993611295,52.76292276382446,45.19567036628723,97.9585964679718,-2.0980834847250662e-09,1.5136719184738467e-06
3365.2801120102677,3423.19,500.0,0.5912499999999999,87,1740000,44,0.006761180702596903,0.00025649999999999913,4744.246985923846,165773.31144364932,-0.009038730480874835,52.341161251068115,44.00720477104187,96.34836888313293,-2.2888184680880386e-09,2.9296876391526894e-07
3801.7932230908673,3860.9975,500.0,0.775,88,1760000,44,0.0065191504545509815,0.0002559999999999991,4437.3495851084335,83788.20471402115,-0.00916607444355708,51.956334829330444,43.09336805343628,95.04970526695251,5.722046170220096e-10,2.7832031719299266e-06
3539.3122114585726,3437.19125,500.0,0.6837500000000001,89,1780000,44,0.008184772916138172,0.0002554999999999991,5407.751258981791,108590.60460400334,-0.007396131458395387,52.30798530578613,49.70111107826233,102.0091004371643,-8.01086397217432e-09,-1.3183594091970008e-06
3553.509853897932,361.45625,500.0,0.6837500000000001,90,1800000,44,0.00816456601023674,0.00025499999999999915,5779.880392656228,55929.95195936196,-0.00807288465913577,53.988120555877686,52.45060157775879,106.43872618675232,-3.814697446813398e-09,0.0
3398.1359661093898,1938.065,500.0,0.6612500000000001,91,1820000,44,0.007851578295230865,0.00025449999999999914,5366.073103892652,83613.49108956955,-0.009145144703870336,53.92297077178955,43.539976358413696,97.46295094490051,-1.0871887390351276e-08,-2.587890548966243e-06
3764.2073964244737,481.7825000000001,500.0,0.76375,92,1840000,44,0.007037803530693054,0.0002539999999999991,6144.255080211012,61208.55967622851,-0.01077489501758349,52.078136920928955,47.18193745613098,99.26007747650146,1.907348723406699e-09,1.7089844277506927e-06
3673.574720233379,2292.2262499999997,500.0,0.7150000000000001,93,1860000,44,0.007631216198205948,0.0002534999999999991,5173.047745470896,87913.14284165078,-0.006264174867495605,53.13817811012268,41.985873222351074,95.12405467033386,-6.294250454175199e-09,1.56249996052793e-06
3719.1347931285054,5173.171249999999,500.0,0.7387499999999999,94,1880000,44,0.008587679825723171,0.0002529999999999991,5211.52120178012,136250.7414238933,-0.009637965179273272,52.26850962638855,39.626922845840454,91.89543604850769,8.392333938900265e-09,-8.984375199361239e-06
4035.039391356853,1961.2412500000003,500.0,0.8274999999999999,95,1900000,44,0.005482965148985386,0.0002524999999999991,4688.327588607033,105358.57777438147,-0.010850752890022939,55.58155655860901,44.83497214317322,100.41653227806091,-8.392333938900265e-09,1.56249996052793e-06
3636.259118694681,3959.34875,500.0,0.7074999999999999,96,1920000,44,0.00757238594815135,0.0002519999999999991,4950.442721104594,96950.6423868019,0.001538951725412189,61.6022207736969,41.079394817352295,102.68161940574646,1.1444092340440193e-09,5.37109372089617e-07
3745.5795401414107,1788.8375,500.0,0.75875,97,1940000,44,0.0064298659563064575,0.00025149999999999907,4779.317210031735,71118.98493351733,-0.0048847894609763244,53.69192028045654,44.223700284957886,97.9156231880188,4.577636936176077e-09,-1.4648437627329258e-06
4264.746305480389,345.5775,500.0,0.9324999999999999,98,1960000,44,0.006871368270367384,0.00025099999999999905,5099.181167865924,81263.27655148698,-0.00794631181228788,56.18230605125427,43.57084655761719,99.75315642356873,7.438659466174613e-09,-1.074218744179234e-06
3726.532226747511,5519.45125,500.0,0.76875,99,1980000,44,0.008385512046515942,0.00025049999999999904,5152.399743329258,149371.3337562482,-0.011148930194652244,57.669121980667114,38.40042757987976,96.06955409049988,2.6702879907247734e-09,-1.103515660361154e-05
3866.7538816076076,4456.38125,500.0,0.8262499999999999,100,2000000,44,0.006585398688912392,0.00024999999999999903,5472.867584474342,96728.31191816428,-0.014730583145895381,51.88033747673035,46.98857235908508,98.86891341209412,-8.583068478174027e-09,5.37109372089617e-07
1073.732073480081,1650.515,500.0,0.22374999999999998,101,2020000,44,0.007524827495217323,0.000249499999999999,3683.5553140409797,74345.59613240794,-0.007974589208499458,53.23655557632446,42.541401624679565,95.77796030044556,-3.02314759892397e-08,-4.296874976716936e-06
90.22127762909611,0.0,500.0,0.0,102,2040000,44,0.004857507534325123,0.000248999999999999,3018.544232788788,63005.25378474157,-0.010410001956519078,53.05159568786621,47.701751708984375,100.75335216522217,8.964538444899972e-09,4.882812731921149e-07
86.75421428227878,0.0,500.0,0.0,103,2060000,44,0.00772893289104104,0.000248499999999999,2811.878467853928,51940.33367926945,-0.01172798497850714,56.27821063995361,41.831340074539185,98.10955381393433,6.303787358774571e-08,7.324218813664629e-07
80.57172333881556,0.0,500.0,0.0,104,2080000,44,0.004431256093084812,0.000247999999999999,2726.6282028883043,56280.51699235607,-0.007692196524279488,53.47722840309143,41.76879024505615,95.24602174758911,-4.00543198608716e-09,6.83593725625542e-07
74.07044703035334,0.0,500.0,0.0,105,2100000,44,0.00508887879550457,0.00024749999999999897,2820.897178957185,57083.64411938561,-0.00472964907118084,52.64528250694275,47.445462226867676,100.09074831008911,-4.9972534554854064e-08,-1.025390588438313e-06
74.85338645608434,0.0,500.0,0.0,106,2120000,44,0.004736847244203091,0.00024699999999999896,2543.176050456127,53563.76342323927,-0.010790620173692813,52.729084968566895,39.640992164611816,92.3700807094574,4.959106547630654e-08,-9.765625463842298e-07
81.45138426164442,0.0,500.0,0.0,107,2140000,44,0.005894615780562162,0.00024649999999999894,2588.5385175909078,50240.70083038716,-0.007787412530900664,50.13427758216858,41.77435350418091,91.9086332321167,-4.253387331232261e-08,2.9296876391526894e-07
87.50504299229127,0.0,500.0,0.0,108,2160000,44,0.0046567171812057495,0.00024599999999999893,2364.0913183565654,38820.84052166867,-0.01079980035042401,53.14882802963257,38.73014521598816,91.87897729873657,-2.3841858265427618e-08,1.6357421372958925e-06
85.90237841704166,0.0,500.0,0.0,109,2180000,44,0.005482085980474949,0.0002454999999999989,2570.654326356596,33801.559101697356,-0.010420809090322353,58.653292655944824,40.22166204452515,98.87495732307434,1.7166136956348055e-08,6.591797045985004e-07
84.36540836275756,0.0,500.0,0.0,110,2200000,44,0.007529126945883036,0.0002449999999999989,2521.1773890944155,41135.78090233139,-0.004450854082449561,52.01052260398865,43.697779178619385,95.70830488204956,-1.277923544762416e-08,-9.765624753299562e-08
94.46064593396065,0.0,500.0,0.0,111,2220000,44,0.005058672279119492,0.0002444999999999989,2423.4818292229306,45187.24651123328,-0.012504945171260011,52.048180103302,44.28457427024841,96.33275699615479,7.820129432900558e-09,-9.765624753299562e-08
94.3899419476975,0.0,500.0,0.0,112,2240000,44,0.007079296745359898,0.0002439999999999989,2519.7063056937022,44530.836068841476,-0.005392921880255716,50.62059712409973,39.522061586380005,90.14266109466553,8.77380390562621e-09,1.4648438195763447e-07
103.87406763293359,0.0,500.0,0.0,113,2260000,44,0.00476460624486208,0.00024349999999999893,2468.362381560893,37876.2019874564,-0.007175880013865936,52.815120220184326,42.24563455581665,95.06075835227966,3.051757735406113e-09,2.685546860448085e-07
117.84472382221142,0.0,500.0,0.00625,114,2280000,44,0.007264410611242056,0.00024299999999999894,2542.1550027476355,34362.03743260146,-0.006540011545368315,50.21571612358093,39.153831243515015,89.36955094337463,-3.8146971692576415e-10,-1.098632793627985e-07
125.93638436092935,0.0,500.0,0.03875,115,2300000,44,0.006675195414572954,0.00024249999999999893,2424.0551532705854,38653.76264621748,-0.015546135610711394,57.102465867996216,38.62903881072998,95.73150873184204,2.6702879907247734e-09,8.056640581344254e-07
135.5783925863291,0.0,500.0,0.005,116,2320000,44,0.0071190111339092255,0.00024199999999999894,2454.860011198441,33661.234445376555,-0.009012774529361023,55.19634747505188,43.10888051986694,98.30523180961609,-3.6239624634504253e-09,-1.2207031829802872e-07
154.12754181723636,0.0,500.0,0.0,117,2340000,44,0.005498139653354883,0.00024149999999999893,2372.9039692675697,34296.56761641771,-0.0066734344251850415,54.72775077819824,43.08086276054382,97.80861830711365,1.7356873271978657e-08,1.9531249506599124e-07
187.6415609302751,7.154999999999999,500.0,0.1325,118,2360000,44,0.004882619716227055,0.00024099999999999892,2311.1255428722457,33851.553344094435,-0.014530637230754507,50.845874309539795,45.89355969429016,96.7394368648529,5.340575981449547e-09,9.277343906433089e-07
192.69839318789835,1281.645,500.0,0.14625,119,2380000,44,0.007560514844954014,0.00024049999999999893,2411.9906056780537,33228.14581783457,-0.009686623067750196,52.01826763153076,38.75487971305847,90.77315258979797,1.1444091896350983e-08,1.416015606992005e-06
245.07803729046114,1005.78125,500.0,0.19249999999999998,120,2400000,44,0.006361933425068855,0.00023999999999999895,2256.007339960412,40554.1010457029,-0.009048332452220238,49.788373708724976,42.33411264419556,92.12248945236206,-1.1539459165987864e-08,1.0498047231521923e-06
297.08213999345355,3030.7575,500.0,0.39125,121,2420000,44,0.005385211668908596,0.00023949999999999896,2266.0925573035133,59587.652243312405,-0.008380908875241747,53.11266279220581,38.85352444648743,91.96619033813477,-4.501342942830888e-08,1.1962890766881173e-06
305.77711940452656,6618.0737500000005,500.0,0.3175,122,2440000,44,0.00619507348164916,0.00023899999999999898,2622.835574274096,132885.24518910924,-0.009502058709683315,54.142531394958496,40.04220938682556,94.18474435806274,-2.8610229740877458e-09,-4.589843683788786e-06
313.12282853317225,12186.914999999999,500.0,0.305,123,2460000,44,0.006943663582205772,0.000238499999999999,2381.1882870479885,236884.51464169484,-0.012116010172342961,57.48979115486145,39.020951986312866,96.51074504852295,6.103515470812226e-09,-2.9687500500585884e-05
351.07670732818326,6994.154999999999,500.0,0.385,124,2480000,44,0.006961519829928875,0.00023799999999999898,2456.9447712431843,175446.90789801945,-0.004543635065820587,53.2517306804657,40.74752736091614,93.99925994873047,3.051757735406113e-09,0.0
376.6673701628214,5939.205,500.0,0.35625,125,2500000,44,0.007238470483571291,0.000237499999999999,2302.8964991772546,146940.56474418333,-0.009658288378253744,51.0478298664093,45.99920177459717,97.04703450202942,1.3351439953623867e-09,6.98242183716502e-06
483.7312915055835,7033.31875,500.0,0.40875000000000006,126,2520000,44,0.0074523803777992725,0.000236999999999999,2492.3204347459027,171149.74460586882,-0.007289492900763832,52.23349952697754,38.710150480270386,90.94365286827087,3.2424927187690855e-09,-4.492187599680619e-06
554.1053730963806,7159.83,500.0,0.6649999999999999,127,2540000,44,0.007127418648451567,0.00023649999999999903,2425.769098718641,146574.29767400568,-0.009871721918802114,53.103434562683105,43.37792897224426,96.4813666343689,5.340575981449547e-09,4.5410156417347025e-06
508.19404454440144,10795.6,500.0,0.45375000000000004,128,2560000,44,0.00764345470815897,0.00023599999999999901,2459.9731264981356,226203.15689280065,-0.006690648795362461,53.445923805236816,37.029186725616455,90.47511339187622,8.01086397217432e-09,2.9296875254658516e-06
581.7365807753488,10352.966250000001,500.0,0.62,129,2580000,44,0.007428454700857401,0.00023549999999999903,2754.0173420615247,218123.77173834867,-0.005935944500513229,56.019848108291626,43.06409168243408,99.08394312858582,8.01086397217432e-09,7.226562502182787e-06
543.0914375626642,12578.99625,500.0,0.4425,130,2600000,44,0.007356360089033842,0.00023499999999999904,2585.6018442344885,229248.05885896145,-0.00893969302071297,53.249746322631836,41.728410720825195,94.97816157341003,-9.727478378351861e-09,-6.933593795110937e-06
637.7336956718989,7107.241250000001,500.0,0.5962500000000001,131,2620000,44,0.006685950327664614,0.00023449999999999906,2378.5753719386903,143214.8022135042,-0.013633051566510077,53.34189558029175,44.87442946434021,98.21632695198059,-4.76837147544984e-09,5.029296971770236e-06
589.8639936845354,2002.45,500.0,0.6262500000000001,132,2640000,44,0.006994151510298252,0.00023399999999999905,2609.0042490547626,61550.83869117588,-0.007193756420328737,51.36843991279602,43.933862924575806,95.3023054599762,4.959106458812812e-09,7.81249980263965e-07
766.2527587848724,1821.3024999999998,500.0,0.80375,133,2660000,44,0.007233047392219305,0.00023349999999999906,2829.099426199295,79991.96269958286,-0.005263632412345317,52.951210737228394,46.295742988586426,99.24695658683777,-3.8146971692576415e-10,8.105468623398338e-06
829.9347411229091,1424.2824999999998,500.0,0.6950000000000001,134,2680000,44,0.005805324297398329,0.00023299999999999905,2566.8756566547004,42464.95382005628,-0.006917632082875087,51.4623761177063,41.46199703216553,92.92437648773193,-5.7220459481754915e-09,6.225586162145191e-07
775.5017342291256,1.3,500.0,0.6737500000000001,135,2700000,44,0.006964885164052248,0.00023249999999999904,2719.279241774793,42775.94556043337,-0.005840580603598121,54.45671200752258,40.100473403930664,94.55718851089478,3.814697446813398e-09,2.3193359766082722e-07
798.536661659555,1251.025,500.0,0.7325,136,2720000,44,0.006866627372801304,0.00023199999999999903,2299.872462782953,72236.66464293099,-0.011829869611477061,55.958247423172,41.36806011199951,97.32631087303162,2.479553229406406e-09,-5.37109372089617e-07
821.6942579979934,2544.425,500.0,0.7125,137,2740000,44,0.006595579441636801,0.000231499999999999,2690.857802835515,90168.38999484185,-0.002082157844634163,51.9674289226532,39.14668536186218,91.11411690711975,5.149841442175784e-09,2.734374902502168e-06
828.994310364569,1652.025,500.0,0.7075,138,2760000,44,0.007152542006224394,0.000230999999999999,2573.4963747821275,70703.16292383261,-0.0035461849566244693,54.556313037872314,46.40326476097107,100.95958161354065,-9.822845647988743e-09,5.859375278305379e-07
950.7439150311413,1534.54,500.0,0.7175,139,2780000,44,0.006004458758980036,0.00023049999999999902,2481.5094365162736,94862.3850361744,-0.0073188176241026,52.048288345336914,45.05517506599426,97.10346603393555,-4.577636936176077e-09,-2.9296876391526894e-07
1036.8768949552245,2139.6349999999998,500.0,0.69375,140,2800000,44,0.006448294036090374,0.00022999999999999903,2702.466860105034,84651.71581188418,-0.0019737457769391877,51.52060604095459,47.893702268600464,99.41431140899658,-6.866454960174906e-09,8.300781360048859e-07
1237.0514139216684,4161.39375,500.0,0.74125,141,2820000,44,0.006059735082089901,0.00022949999999999905,2752.4927951474733,196372.4173484249,-0.006387517643035192,52.822874546051025,42.70284700393677,95.52572536468506,-5.722046170220096e-10,2.5390625069121597e-06
1238.3554291334153,2887.0412499999998,500.0,0.79125,142,2840000,44,0.006350411567837,0.00022899999999999903,2754.674103257297,53137.941181635004,-0.006711634987144626,52.05794620513916,41.33867597579956,93.39662623405457,2.956390465769232e-09,-9.277343906433089e-07
1374.6016229197453,966.64,500.0,0.7162499999999999,143,2860000,44,0.005100179463624954,0.00022849999999999905,2850.0050167000336,40365.26855482797,-0.004450097052232814,56.20296883583069,42.36509728431702,98.56806969642639,1.7738342350526182e-08,4.882812376649781e-08
1243.5584674559548,812.0600000000001,500.0,0.7074999999999999,144,2880000,44,0.006691925227642059,0.00022799999999999906,2898.367551533619,50245.2204724697,-0.0030669571795785893,57.17246913909912,40.82489323616028,97.99736523628235,1.125335735707722e-08,-1.757812469804776e-06
1524.4168925673928,203.01500000000001,500.0,0.875,145,2900000,44,0.00587435020133853,0.00022749999999999908,2876.0537604890565,34032.955540278424,-0.007191643095514989,53.926692724227905,44.18925476074219,98.1159508228302,-1.525878978725359e-08,3.1738281336401997e-07
1410.1537385128001,1634.1112500000004,500.0,0.7137499999999999,146,2920000,44,0.004985941108316183,0.0002269999999999991,2721.6479286571366,87387.4027101014,-0.008789958632125125,54.57013511657715,42.084391593933105,96.65453052520752,-9.155273872352154e-09,-8.496093869325705e-06
1461.8732464280376,2866.71375,500.0,0.705,147,2940000,44,0.004672797862440348,0.00022649999999999908,2805.6343227689367,54247.207584429394,-0.0026263514486349416,51.038241386413574,40.08776593208313,91.12601113319397,1.0681151962899094e-08,9.765625463842298e-07
1628.0440307072352,1178.4462500000002,500.0,0.7175,148,2960000,44,0.007149684242904186,0.00022599999999999907,2919.4091005665523,57703.31350002135,-0.008169368696608018,51.750298261642456,44.914122343063354,96.66442370414734,3.814697446813398e-09,1.074218744179234e-06
1685.0439803879785,0.82875,500.0,0.73125,149,2980000,44,0.007072817999869585,0.00022549999999999908,2650.211381813462,33481.2876524404,-0.011067658303787378,53.73326396942139,43.15581822395325,96.8890860080719,8.01086397217432e-09,1.56249996052793e-06
1807.1268592034844,0.0,500.0,0.85,150,3000000,44,0.0063054533675313,0.0002249999999999991,2815.577484798102,33369.231586135844,-0.0035516011877782788,53.69514727592468,42.1224467754364,95.81759738922119,1.3351439953623867e-09,4.1809082063082315e-07
1522.7026470419491,0.0,500.0,0.6525000000000001,151,3020000,44,0.005928580649197102,0.0002244999999999991,2720.8345743932164,32639.26613161287,-0.0031690777072327166,53.048160791397095,39.05573892593384,92.10390377044678,1.907348723406699e-09,-1.727294943520974e-06
1616.3748015008343,1720.31125,500.0,0.7775000000000001,152,3040000,44,0.005955677945166826,0.0002239999999999991,2770.750818706903,55597.43991436536,-0.004863685021478087,55.12706923484802,39.66822671890259,94.79529857635498,3.433227480087453e-09,-2.2766114398109494e-06
1699.8470294083104,410.61375,500.0,0.8550000000000001,153,3060000,44,0.004052496515214443,0.0002234999999999991,2840.9795295179783,36533.78660943456,-0.004682721434628872,52.69566059112549,44.243072748184204,96.9387378692627,1.2397766369076635e-08,-4.516601563864242e-07
1750.6105241487116,0.0,500.0,0.68125,154,3080000,44,0.005364039447158575,0.00022299999999999908,2872.250466508064,32386.245497024236,-0.0004074073841251964,54.91537857055664,40.821457624435425,95.73683953285217,8.583068478174027e-09,-9.368896485284495e-07
1717.5290613834636,1055.6,500.0,0.7412500000000001,155,3100000,44,0.004767249338328838,0.00022249999999999907,2739.1831313683056,42101.411962019694,-0.008143296123600713,52.379350423812866,45.64692306518555,98.0262758731842,-4.959106458812812e-09,-3.295898522992502e-07
1977.7907715401766,0.0,500.0,0.81875,156,3120000,44,0.005831984803080559,0.00022199999999999908,3174.4072203466067,32952.84008887393,-0.005269407909136438,200.4871973991394,39.82966446876526,240.31686544418335,1.0681151962899094e-08,-2.1057128662960167e-07
1937.8108326469126,0.0,500.0,0.76125,157,3140000,44,0.00693034753203392,0.0002214999999999991,2926.841923545776,29835.71959508055,-0.003967395402798944,53.47464346885681,38.41399359703064,91.88864088058472,1.5258788677030566e-09,-2.868652302367991e-07
2012.9172090687275,0.0,500.0,0.8262499999999999,158,3160000,44,0.005673504434525967,0.0002209999999999991,3317.348607492392,32055.45417236047,-0.01132081755258382,54.016578912734985,42.697898387908936,96.71448087692261,-3.2424927187690855e-09,-3.997802764388325e-07
2043.9937471264518,1693.2050000000004,500.0,0.8487500000000001,159,3180000,44,0.00556104676797986,0.00022049999999999913,2950.6730391279602,54113.603442017586,-0.008949052580067006,53.757570028305054,37.825676918029785,91.58325004577637,5.912780931538464e-09,1.6601562720097718e-06
1961.6552790744258,421.21999999999997,500.0,0.7925,160,3200000,44,0.006934996694326401,0.0002199999999999991,2900.3223050098836,32557.953495003687,-0.00031491054098204346,52.08125185966492,37.834206342697144,89.91546249389648,1.1634826435624745e-08,-9.460449490461542e-08
1961.3580563640778,0.0,500.0,0.8149999999999998,161,3220000,44,0.0059973555617034435,0.0002194999999999991,2714.2122649970893,28450.23999388665,-0.00838821110922749,51.46512460708618,41.10128974914551,92.5664165019989,-2.2888184680880386e-09,-6.042480436008191e-07
2036.6198721824082,0.0,500.0,0.785,162,3240000,44,0.00603391183540225,0.00021899999999999912,2701.495507629886,27813.00362973054,-0.004818419864847592,53.25230932235718,39.09234976768494,92.34466195106506,3.433227480087453e-09,1.2359619461221882e-07
2025.5385304860865,939.125,500.0,0.83625,163,3260000,44,0.006591207347810268,0.00021849999999999913,2695.580351835016,40612.557013578604,-0.0023844918014156932,51.37397241592407,41.45983123779297,92.83380722999573,-7.915496702537439e-09,1.1474609209471964e-06
2063.1478041104265,0.0,500.0,0.8237500000000001,164,3280000,44,0.005651835817843676,0.00021799999999999915,2775.5494528222825,30559.552343581432,-0.004081527794376648,52.0464129447937,41.6200315952301,93.66644835472107,1.0681151962899094e-08,5.21850608947716e-07
2189.550877921697,0.0,500.0,0.8324999999999999,165,3300000,44,0.00519166886806488,0.00021749999999999913,2686.7442472258153,28848.4600537896,-0.00422390198124861,53.437257528305054,36.725375175476074,90.1626365184784,-1.2588500908350397e-08,-2.4414061883248905e-08
2163.974210829218,0.0,500.0,0.925,166,3320000,44,0.00609359098598361,0.00021699999999999912,2844.988696696432,28266.53577186927,-0.004390011719952877,55.465352296829224,43.23698091506958,98.70233654975891,5.722046170220096e-10,2.3803710291758762e-07
2162.844414039034,60.7,500.0,0.8862500000000001,167,3340000,44,0.005390883889049292,0.0002164999999999991,2879.1434944951766,31581.523893613125,-0.0027383763355788935,52.58584380149841,36.76852107048035,89.35436773300171,-1.1444092340440193e-09,4.882812376649781e-08
2273.322730811705,0.0,500.0,0.9337499999999999,168,3360000,44,0.007345627527683973,0.00021599999999999912,2602.7218783502612,28583.985774524193,-0.009463337307491246,52.04892611503601,38.94690275192261,90.99583268165588,3.433227480087453e-09,6.591797045985004e-07
2238.567147136974,0.0,500.0,0.89625,169,3380000,44,0.005030052736401558,0.00021549999999999914,2739.373277811241,30975.652610155463,-0.010226513535716443,52.10014629364014,43.02579641342163,95.1259458065033,-6.103515470812226e-09,-2.4414061883248905e-08
2273.0783088921994,0.0,500.0,0.925,170,3400000,44,0.00524055166170001,0.00021499999999999915,2664.8985629767626,28086.818284573572,-0.0027761866957266997,51.3532931804657,38.792914390563965,90.14621019363403,-2.1934509764065524e-09,-4.1503906800244295e-07
2279.406717947883,0.0,500.0,0.93,171,3420000,44,0.0046867975033819675,0.00021449999999999914,2946.3956120779653,29142.8863271136,-0.006214553825326812,51.41826009750366,39.49636363983154,90.91462635993958,1.5258788677030566e-09,-5.493163968139925e-08
2587.442633283021,0.0,500.0,0.97,172,3440000,44,0.006203333847224712,0.00021399999999999913,2849.136120338572,27273.147305575283,-0.006654108372316385,51.554457902908325,45.006728649139404,96.56118941307068,8.01086397217432e-09,-3.051757957450718e-08
2672.931393304435,0.0,500.0,0.95,173,3460000,44,0.0055242362432181835,0.00021349999999999912,2640.096192424673,24957.29297106779,-0.007559233834522991,53.219863176345825,38.5085723400116,91.72843909263611,-9.346008411625917e-09,-2.4414061883248905e-08
2553.853789025542,0.0,500.0,0.8712500000000001,174,3480000,44,0.005916114430874586,0.00021299999999999913,2807.340182287921,28557.32344587214,-0.004828586338274931,52.347601890563965,37.716901779174805,90.06450629234314,-2.479553229406406e-09,6.408691177739456e-08
2462.5389648180435,0.0,500.0,0.7962499999999999,175,3500000,44,0.005352717358618975,0.00021249999999999912,2646.427694796967,25594.58426981444,-0.005683188665118626,52.3335063457489,44.22068953514099,96.55419874191284,-4.76837147544984e-09,0.0
2698.799300199897,0.0,500.0,0.9262499999999999,176,3520000,44,0.00569140212610364,0.00021199999999999914,2904.4101862583666,31160.57789013054,-0.0042958763317913415,52.19354486465454,38.05537176132202,90.24891924858093,-4.76837147544984e-09,4.1198731537406275e-08
2734.1955410398377,0.0,500.0,0.9199999999999999,177,3540000,44,0.005708002485334873,0.00021149999999999912,2871.7965374102664,25679.90727053029,-0.00759781438041338,51.94414162635803,40.94423532485962,92.88838076591492,9.918212917625624e-09,4.2724607851596375e-08
2695.0628879347187,0.0,500.0,0.96125,178,3560000,44,0.00607374357059598,0.0002109999999999991,2779.570696937201,26085.349909142602,-0.0013256691467170728,52.41131520271301,45.74324631690979,98.15456557273865,5.722046170220096e-10,-6.103515914901436e-08
2758.2731644949577,0.0,500.0,0.9487500000000001,179,3580000,44,0.006498295813798904,0.00021049999999999913,2966.9336442848617,25926.192513451613,-0.0035630850559041564,51.034563302993774,40.60577940940857,91.64034652709961,-1.3351439953623867e-09,1.831054774470431e-08
2773.567965732839,0.0,500.0,0.9399999999999998,180,3600000,44,0.005662835668772459,0.00020999999999999911,2911.2782607698605,26772.609462795102,9.852484401376538e-05,52.18624305725098,38.050321102142334,90.23656749725342,7.629394338515283e-10,1.2817382355478912e-07
2603.39199925607,0.0,500.0,0.8262499999999999,181,3620000,44,0.00562351243570447,0.00020949999999999913,2756.515934741127,29881.055414338105,-0.00012713011215688495,51.59045720100403,41.17616009712219,92.76661968231201,-5.7220459481754915e-09,6.103515470812226e-09
2737.330838283485,0.0,500.0,0.9100000000000001,182,3640000,44,0.00628186808899045,0.00020899999999999912,2583.767848446125,24406.486324823905,-0.0035053772318276864,51.98882031440735,39.49917197227478,91.4879961013794,3.509521562250484e-08,-1.3427734302240424e-07
2650.016356225247,0.0,500.0,0.9587500000000002,183,3660000,44,0.005406532436609268,0.00020849999999999913,2956.2813925090127,24351.69391936729,-0.0009591560506034681,53.39658045768738,38.28343319892883,91.6800184249878,-3.433227480087453e-09,7.934570334100499e-08
2577.094070032904,0.0,500.0,0.9162500000000001,184,3680000,44,0.005170963704586029,0.00020799999999999915,2781.819112112662,26652.853465335964,-0.004864063476201873,52.0137984752655,42.18460035324097,94.19840168952942,4.1961669694501325e-09,-5.493163968139925e-08
2843.7595116387974,0.0,500.0,0.99875,185,3700000,44,0.005813417956233025,0.00020749999999999916,2782.310119611347,27988.81977540467,-0.0025868625241110446,51.517534255981445,41.17250394821167,92.69004368782043,0.0,-1.525878978725359e-08
2779.7237341865753,0.0,500.0,0.88375,186,3720000,44,0.0060030934400856495,0.00020699999999999918,3099.783407652474,25471.247688319796,0.0007512347453010726,52.124902963638306,38.30826473236084,90.4331705570221,6.103515470812226e-09,1.0375976700061074e-07
2690.0224065861366,0.0,500.0,0.9487500000000001,187,3740000,44,0.004154028370976448,0.00020649999999999916,3025.955510498328,24442.783118420284,-0.0012152713021137285,51.573291063308716,45.714479207992554,97.2877733707428,7.629394338515283e-10,-2.4414061883248905e-08
2829.5673684522408,0.0,500.0,0.9475,188,3760000,44,0.005191747099161148,0.00020599999999999915,2749.0387551644594,25398.475922087393,-0.00868753699302594,51.73760724067688,40.22643280029297,91.96404242515564,1.0681151962899094e-08,-1.2207030941624453e-08
2741.868862721117,0.0,500.0,0.9025000000000001,189,3780000,44,0.00500723859295249,0.00020549999999999917,2623.2929158973475,23218.86125550089,-0.0076472580676238714,51.418176889419556,36.44910740852356,87.86728763580322,6.294250454175199e-09,-3.051757735406113e-09
2759.996148927106,0.0,500.0,0.99375,190,3800000,44,0.004767020232975483,0.00020499999999999918,2688.4106169460283,22312.42719980817,-0.011452221535014951,52.15947890281677,41.73873448371887,93.89821600914001,7.629394338515283e-10,-7.629394893626795e-09
2632.997868281299,0.0,500.0,0.9175000000000001,191,3820000,44,0.005224529653787613,0.0002044999999999992,2674.812099689444,23265.003482234766,-0.003384059233534963,55.126713037490845,39.10474181175232,94.23145818710327,-2.0980834847250662e-09,2.85339353922609e-07
2645.752386124101,0.0,500.0,0.9325000000000001,192,3840000,44,0.005608280189335346,0.0002039999999999992,3187.038940763309,21755.042804397566,-0.004861977232284672,52.814863443374634,40.73168897628784,93.546555519104,-3.8146971692576415e-10,-2.258300781932121e-07
2760.538879729463,0.0,500.0,0.925,193,3860000,44,0.005507797468453646,0.00020349999999999923,3057.977085653465,25261.847960442476,0.002617074613695454,51.53613758087158,43.706119775772095,95.24225997924805,6.294250454175199e-09,-5.7983399415206804e-08
2765.677249874183,0.0,500.0,0.9287499999999997,194,3880000,44,0.005264919251203537,0.00020299999999999924,3346.58278635813,24841.94416758161,0.0011043965846505896,51.16153335571289,37.23624062538147,88.39777755737305,4.1961669694501325e-09,5.187988350030537e-08
2787.6213719703605,0.0,500.0,0.89875,195,3900000,44,0.005569940432906151,0.00020249999999999923,2829.767881720469,24285.976796737337,-0.003476282981504612,51.39534068107605,39.2262806892395,90.6216254234314,-7.057189943537878e-09,-6.103515470812226e-09
2688.543038029282,0.0,500.0,0.905,196,3920000,44,0.005205500405281782,0.00020199999999999925,2611.531672136419,24800.414344497873,-0.006846638877951927,273.5801899433136,37.00979471206665,310.5899889469147,-3.051757735406113e-09,-3.9672851670502496e-08
2728.4804135914446,0.0,500.0,0.9425000000000001,197,3940000,44,0.004705022554844618,0.00020149999999999926,3241.325160615875,22225.911031602303,-0.0007597110049329673,50.846723318099976,42.32197117805481,93.16869831085205,3.2424927187690855e-09,5.249023615760962e-07
2798.7961463992788,0.0,500.0,0.94375,198,3960000,44,0.00597922271117568,0.00020099999999999925,2856.0800077484446,24156.905761859223,-0.008166040198054107,51.09952902793884,38.44750142097473,89.54703378677368,-3.433227480087453e-09,-3.295898522992502e-07
2767.3949516601256,0.0,500.0,0.9787500000000001,199,3980000,44,0.005630132742226124,0.00020049999999999924,2436.782644660344,22328.949032764853,-0.0031549041262603824,51.074151277542114,38.357773303985596,89.43192768096924,-2.2888184680880386e-09,-1.770019508740006e-07
2699.280593992516,0.0,500.0,0.9775,200,4000000,44,0.0058482130989432335,0.00019999999999999925,2685.994363484092,20435.575264775987,-0.009675870203983491,51.39702486991882,42.05462908744812,93.45165753364563,-6.484985437538171e-09,1.647949261496251e-07
1592.0555334508438,3163.45,500.0,0.50625,201,4020000,44,0.00545293977484107,0.00019949999999999927,4141.291314444416,61664.387348065306,-0.0027449562945963133,51.65024161338806,36.96762299537659,88.61786890029907,-4.8446654687950286e-08,9.960937859432306e-06
1832.0550385730228,4176.16125,500.0,0.4625,202,4040000,44,0.004748700652271509,0.00019899999999999928,3334.807398384542,58753.81899936619,-0.003219167318091148,49.679527282714844,37.3482141494751,87.02774453163147,-3.1471252270875993e-09,3.442382876528427e-06
1784.7939008596409,3622.8824999999997,500.0,0.4325,203,4060000,44,0.004632081836462021,0.0001984999999999993,3191.0165549081817,72832.95317304147,-0.0029358206069764335,50.93434810638428,37.880582332611084,88.81493425369263,3.051757735406113e-09,4.858398369833594e-06
1994.331688988185,4389.71875,500.0,0.475,204,4080000,44,0.004587515722960234,0.0001979999999999993,3650.57210675098,111187.64991863852,-0.0035994947587943155,55.24111819267273,38.189783334732056,93.43090415000916,-7.438659466174613e-09,-4.882812390860636e-06
2273.4005506908175,7997.93125,500.0,0.535,205,4100000,44,0.005415231920778751,0.00019749999999999933,3474.1968015751986,173976.16658200877,-0.003113693052900674,50.18164110183716,37.858986377716064,88.04062938690186,-4.768371808516747e-10,8.300781360048859e-07
2176.2000685882717,7447.64875,500.0,0.5337500000000001,206,4120000,44,0.005033457651734352,0.0001969999999999993,3617.115553878942,121171.0762707674,-0.0022537348729261423,51.35394787788391,38.42215394973755,89.77610397338867,-1.2397766369076635e-08,0.0
2699.507251376421,10458.55125,500.0,0.705,207,4140000,44,0.006663073785603046,0.00019649999999999933,3823.3135200737534,156168.33607010572,-0.0037422038351375315,51.41136288642883,42.875632762908936,94.2869987487793,-5.340575981449547e-09,-1.2939452744831215e-06
1922.5599736338488,6376.0225,500.0,0.53125,208,4160000,44,0.005978108383715153,0.00019599999999999934,3682.013869694928,114553.21879607487,-0.0019909940092726337,51.634342670440674,37.28393507003784,88.91828107833862,2.2029876589613195e-08,-6.83593725625542e-07
2155.326577462956,4110.3125,500.0,0.63375,209,4180000,44,0.006349943578243256,0.00019549999999999936,3552.206359722809,98848.20737568775,-0.008094349076075992,50.642056703567505,37.385640144348145,88.0276997089386,-1.115798919926192e-08,-1.8554687812866177e-06
2128.538706206262,6713.3512500000015,500.0,0.6337499999999999,210,4200000,44,0.00585058331489563,0.00019499999999999935,3735.7024776691396,112755.01732358943,-0.008361198590739905,50.44511532783508,43.18827152252197,93.63338923454285,1.0490417423625331e-09,-2.5390625069121597e-06
2096.5356652946853,4003.78,500.0,0.6287499999999999,211,4220000,44,0.005860376637428999,0.00019449999999999936,3987.4727343174063,79269.3100785408,-0.006328822715108533,50.830262422561646,37.04024577140808,87.87051057815552,-9.727478378351861e-09,-6.274413863138761e-06
2087.5445687044185,2741.4849999999997,500.0,0.63875,212,4240000,44,0.0064688087441027164,0.00019399999999999935,4097.068219780785,114909.87180903427,0.0011680396430805793,53.30505156517029,38.982051849365234,92.28710627555847,7.915496702537439e-09,2.83203121398401e-06
2627.3786908129596,5300.633749999999,500.0,0.76875,213,4260000,44,0.008914708159863949,0.00019349999999999936,4133.612323194708,54263.00860757246,-0.008096726693326723,53.67473745346069,36.863759994506836,90.53850102424622,-3.3378602104505717e-09,-4.0039062696450856e-06
3449.095288996,926.2787500000001,500.0,0.91625,214,4280000,44,0.00555319944396615,0.00019299999999999938,4680.888186087131,53218.71383810976,-0.0027874078861088356,55.03210473060608,42.57159447669983,97.60370182991028,-5.149841442175784e-09,-8.666992243888672e-07
3703.366267925473,366.54249999999996,500.0,0.9149999999999998,215,4300000,44,0.005001896061003208,0.00019249999999999937,4793.61672432815,33121.4382423954,-0.0014047734531641202,54.21685814857483,38.25291681289673,92.46977806091309,-4.00543198608716e-09,2.7954101824434474e-06
3868.59501396938,1.9912500000000002,500.0,0.89875,216,4320000,44,0.005630979780107737,0.00019199999999999938,4500.525033158455,30595.649223722714,0.004155573551710512,52.141963958740234,38.14947748184204,90.2914469242096,-3.814697446813398e-09,1.1047362932004035e-05
3947.3766134406005,2.43375,500.0,0.96,217,4340000,44,0.005826309323310852,0.0001914999999999994,4957.447013653052,29272.30009553512,0.001355759638505109,51.124810457229614,38.64319896697998,89.76801300048828,2.6702879907247734e-09,2.9541015464928932e-06
4012.982813502359,4.56,500.0,0.9075,218,4360000,44,0.004834646824747324,0.00019099999999999938,4161.244526256214,29438.364266802717,0.0020945943875658414,51.637908697128296,46.41533398628235,98.05324530601501,-1.5258788677030566e-09,-2.120971657859627e-06
4386.798405254114,0.24,500.0,0.93875,219,4380000,44,0.005209516268223524,0.0001904999999999994,4201.468228532201,30192.45715296913,-0.007723663392592215,50.94900989532471,38.215675592422485,89.16468834877014,-4.1961669694501325e-09,-2.2460937998403097e-06
4434.1140186832035,0.0,500.0,0.9625,220,4400000,44,0.004437153227627277,0.00018999999999999941,4965.12516568692,27551.719503071283,0.0036290608144108573,51.82071018218994,36.78323745727539,88.60395073890686,-5.149841442175784e-09,-1.2207030941624453e-08
4103.910151675709,0.0,500.0,0.9187500000000002,221,4420000,44,0.004078913014382124,0.0001894999999999994,4268.804671907589,28739.404792811983,0.0009484126554950493,56.047659158706665,41.30035877227783,97.34802150726318,2.8610229740877458e-09,1.0498047231521923e-06
4348.06955529535,0.0,500.0,0.92875,222,4440000,44,0.00597433652728796,0.0001889999999999994,4333.809454142019,28166.034581297423,5.149261057253614e-05,52.30051946640015,38.34906196594238,90.64958548545837,-1.5258788677030566e-09,9.765625463842298e-07
4504.75610810292,0.0,500.0,0.9587500000000002,223,4460000,44,0.009632794186472893,0.00018849999999999938,4187.031423026591,27484.564963881796,-0.0032689314664735903,50.54394054412842,35.69078350067139,86.23472666740417,1.1444092340440193e-09,1.5563965405362978e-07
4664.6933656372075,0.0,500.0,0.9850000000000001,224,4480000,44,0.00529525987803936,0.00018799999999999937,3994.3743195352677,27103.731915543078,-0.001732459762299774,50.61465644836426,37.16477823257446,87.77943801879883,5.722046170220096e-10,3.997802764388325e-07
4546.727963267989,0.0,500.0,0.9825000000000002,225,4500000,44,0.004522628616541624,0.00018749999999999938,4017.3166252812252,30635.3895555854,0.002913924268578416,53.78450918197632,42.972033977508545,96.75654625892639,-3.2424927187690855e-09,7.720947223788244e-07
4443.768706460398,0.0,500.0,0.96125,226,4520000,44,0.005093203391879797,0.00018699999999999937,4222.566024200826,27929.799037007113,0.0007021140043411545,50.710580825805664,38.262054443359375,88.97263860702515,3.8146971692576415e-10,-1.0192870831815526e-06
4299.400779011747,0.0,500.0,0.90625,227,4540000,44,0.008430530317127705,0.00018649999999999936,4212.361655003731,28199.245779864945,0.0011764516123844862,51.46010375022888,37.96349573135376,89.42360210418701,-3.051757735406113e-09,-7.568359592369234e-07
4238.933198050157,0.0,500.0,0.9037499999999999,228,4560000,44,0.0044871061109006405,0.00018599999999999934,4449.430715510431,24518.1583555373,-0.002695676301997444,51.80921173095703,38.22273063659668,90.0319447517395,9.727478378351861e-09,2.3803710291758762e-07
4353.212176009072,0.0,500.0,0.9225000000000001,229,4580000,44,0.005785865243524313,0.00018549999999999936,4241.723617501034,24432.738727319364,-0.016059760352087844,53.27711248397827,43.034114837646484,96.31122970581055,4.76837147544984e-09,4.1503906800244295e-07
4542.774251522197,0.0,500.0,0.98125,230,4600000,44,0.0062258802354335785,0.00018499999999999935,4347.900672763346,30730.310809136536,-0.004918184314781566,51.19197607040405,38.30218768119812,89.49416732788086,2.8610229740877458e-09,2.136230534688366e-07
4477.943515546454,0.0,500.0,0.9462499999999998,231,4620000,44,0.00504776556044817,0.00018449999999999936,4496.826433627323,26818.362030134653,-0.0020646311571326974,52.184598207473755,39.38007378578186,91.56467771530151,1.3351439953623867e-09,-1.708984314063855e-07
4501.877016934819,0.0,500.0,0.95,232,4640000,44,0.005382375326007605,0.00018399999999999935,4256.893722832683,29872.894588492407,0.0006254309349879837,51.06635546684265,38.02781319618225,89.09417247772217,-7.629394893626795e-09,5.493163968139925e-08
4455.760621532869,0.0,500.0,0.9512499999999999,233,4660000,44,0.00416675815358758,0.00018349999999999936,4185.166600410628,25033.33918114279,-0.002713458644997428,51.54631042480469,44.87418508529663,96.42050075531006,-3.814697446813398e-09,-2.3803710291758762e-07
4316.827025244612,0.0,500.0,0.9199999999999999,234,4680000,44,0.0048094503581523895,0.00018299999999999935,4074.2895503598334,27318.068733733322,-0.0007768464273029897,51.56066846847534,38.29132795333862,89.85199975967407,-5.149841442175784e-09,5.37109372089617e-07
4448.962569382554,0.0,500.0,0.95,235,4700000,44,0.004812221974134445,0.00018249999999999934,3862.2728570690088,26396.80457217235,0.001513730788557743,51.01661396026611,37.244890213012695,88.26150631904602,-4.1961669694501325e-09,2.777099723516585e-07
4286.447505478967,0.0,500.0,0.975,236,4720000,44,0.004620487801730633,0.00018199999999999936,4000.400859485973,26035.056563400427,0.00037652002823682686,52.43364214897156,37.71989393234253,90.15354061126709,-3.8146971692576415e-10,6.103515914901436e-08
4387.912827305388,0.0,500.0,0.95,237,4740000,44,0.004988216795027256,0.00018149999999999937,4432.841940999442,22632.593417572618,-0.0010617374944650933,50.751912117004395,44.07368993759155,94.82560515403748,4.386901952813105e-09,-1.9836426190522616e-07
4510.808864062135,0.0,500.0,0.975,238,4760000,44,0.0049322242848575115,0.00018099999999999936,3944.7050719617837,25249.200273274553,6.828369102274659e-05,53.022392988204956,37.91244721412659,90.93484377861023,3.433227480087453e-09,7.629394360719743e-08
4323.122809284485,0.0,500.0,0.98375,239,4780000,44,0.004989526700228453,0.00018049999999999935,4188.55622012157,21410.661485959525,-0.012087987818121825,52.74689841270447,38.21347999572754,90.9603819847107,4.76837147544984e-09,-1.4648438195763447e-07
4344.615378935843,0.0,500.0,0.9662499999999999,240,4800000,44,0.00493682362139225,0.00017999999999999936,4119.559346329631,23867.853277946095,0.001250432586232822,51.60961961746216,38.19548439979553,89.80510759353638,-1.5258788677030566e-09,-9.765624753299562e-08
4511.688228295332,0.0,500.0,0.9850000000000001,241,4820000,44,0.00476454384624958,0.00017949999999999938,3739.9527759266666,23170.589537977212,-0.0021941618631771786,51.45278286933899,43.949700355529785,95.40248703956604,4.577636936176077e-09,-1.2817382355478912e-07
4367.5469513245,0.0,500.0,0.9399999999999998,242,4840000,44,0.005305090453475714,0.0001789999999999994,3809.769444139698,24749.46561251905,-0.003363608031956183,51.199052572250366,38.36844277381897,89.56749749183655,4.959106458812812e-09,-9.460449490461542e-08
4463.309872551378,0.0,500.0,0.9550000000000001,243,4860000,44,0.005826410837471485,0.00017849999999999938,3871.9818890289553,22801.95463072115,-0.005734731114644427,52.6389684677124,38.78125810623169,91.42022967338562,-3.8146971692576415e-10,-1.1596679883041361e-07
4741.6049186930995,0.0,500.0,0.9949999999999999,244,4880000,44,0.0062649925239384174,0.0001779999999999994,4115.066845260638,21853.928798732602,-0.0018874512461814665,51.04224181175232,37.569132566452026,88.6113772392273,-9.155273872352154e-09,-1.2817382355478912e-07
4603.254935292689,0.0,500.0,0.975,245,4900000,44,0.0053684343583881855,0.0001774999999999994,3708.0885615551842,24398.76477591599,-0.004150848595407535,54.028401374816895,43.79666614532471,97.82506966590881,2.6130676289426447e-08,-9.460449490461542e-08
4768.227437661326,0.0,500.0,1.0,246,4920000,44,0.004968015942722559,0.00017699999999999942,3887.9794747338333,25186.231997227642,0.006295380614533425,52.83714938163757,37.18947720527649,90.02662968635559,-1.1444091896350983e-08,9.765624753299562e-08
4593.978641787302,0.0,500.0,0.975,247,4940000,44,0.003971453756093979,0.0001764999999999994,3866.5598132591117,24377.920218411742,0.0052819413202493245,52.67228889465332,38.65549349784851,91.32778549194336,7.629394338515283e-10,-5.187988350030537e-08
4644.394899213234,0.0,500.0,0.975,248,4960000,44,0.004640227649360895,0.0001759999999999994,3881.3941058300443,26081.899183407204,0.0019081550003182126,51.73699688911438,39.85090661048889,91.58790683746338,-2.07901003079769e-08,3.051757957450718e-08
4621.661333103344,0.0,500.0,0.9862500000000001,249,4980000,44,0.0044095395132899284,0.00017549999999999941,4126.9932063797405,24835.85238791445,-0.0007031771581246484,51.83024311065674,46.50256419181824,98.3328104019165,5.149841442175784e-09,-1.0070800726680318e-07
4602.881669274121,0.0,500.0,0.9887499999999999,250,5000000,44,0.004509322810918093,0.00017499999999999943,3946.327464534992,23251.53821840275,-0.0064293119747401185,52.088969469070435,39.399723291397095,91.48869633674622,4.76837147544984e-09,-9.460449490461542e-08
4362.24265629852,0.0,500.0,0.9324999999999999,251,5020000,44,0.006117901764810085,0.00017449999999999942,3916.1610943582446,25175.356504029867,1.8627977115771937e-05,51.7129967212677,37.223212242126465,88.93621158599854,-4.959106458812812e-09,-8.773803727990526e-08
4609.5590133802425,0.0,500.0,0.9674999999999999,252,5040000,44,0.005170832388103008,0.00017399999999999943,4155.4219196350305,23099.430963759867,0.0032599031544674694,53.03947162628174,38.6573269367218,91.69680142402649,-4.386901952813105e-09,-8.659363004426268e-08
4787.160973201501,0.0,500.0,1.0,253,5060000,44,0.00475091440603137,0.00017349999999999942,3147.154888297938,20468.932815463962,-0.004343794713839589,53.15399408340454,45.19941258430481,98.35340929031372,1.0681151962899094e-08,-9.155273872352154e-09
4656.429055235894,0.0,500.0,0.975,254,5080000,44,0.004984623286873102,0.0001729999999999994,3941.97570751616,23643.777314285962,-0.00802111144825201,55.07499170303345,37.7392520904541,92.81424593925476,5.7220459481754915e-09,-2.7465819840699623e-08
4441.375686093559,0.0,500.0,0.9262500000000001,255,5100000,44,0.003072868101298809,0.0001724999999999994,3933.0184105630574,22463.331031123293,0.004069509140351923,51.78321290016174,37.93213200569153,89.71534848213196,5.7220459481754915e-09,8.544921570319275e-08
4406.4448036030835,0.0,500.0,0.9487500000000001,256,5120000,44,0.003980141598731279,0.0001719999999999994,4004.649060107759,20215.170084260822,-0.0039231131900631325,52.24323892593384,39.61590075492859,91.85914325714111,-4.00543198608716e-09,5.035400363340159e-08
4384.671849166081,0.0,500.0,1.0,257,5140000,44,0.005553009919822216,0.0001714999999999994,4040.598990208809,24375.44541701129,0.0006570384347928829,51.58315634727478,40.62043523788452,92.20359516143799,3.814697446813398e-09,-5.340576336720915e-08
4299.562828340602,0.0,500.0,0.975,258,5160000,44,0.004437630530446768,0.0001709999999999994,3805.141467025283,22021.115832119187,-0.007545291691941077,51.579357624053955,46.57167911529541,98.15103888511658,7.629394338515283e-10,4.2724607851596375e-08
4313.531330948108,0.0,500.0,0.95,259,5180000,44,0.006235817912966013,0.00017049999999999943,4039.44017971728,20333.49853628003,-0.003592372607020179,51.359699964523315,38.49820256233215,89.85790538787842,-1.7166137400437265e-09,2.4414061883248905e-08
4769.218121531419,0.0,500.0,1.0,260,5200000,44,0.005469109863042831,0.00016999999999999944,3853.469896042169,25934.33721734191,-0.005405222311806442,53.88465595245361,39.13366460800171,93.01832437515259,-3.2424927187690855e-09,-2.4414061883248905e-08
4697.328661062091,0.0,500.0,0.98125,261,5220000,44,0.006275857333093882,0.00016949999999999946,3914.9422296451617,23160.64998051651,-0.0017820911684129238,51.96993136405945,38.31233596801758,90.28227043151855,-1.5258788677030566e-09,1.8310547034161573e-07
4416.717273956874,0.0,500.0,0.94375,262,5240000,44,0.004388377536088228,0.00016899999999999945,3707.358802470568,22829.403609123274,-0.0011238694775466977,53.552406549453735,46.13862657546997,99.69103670120239,-1.7166137400437265e-09,-3.41796862812771e-07
4573.776205939852,0.0,500.0,0.9787500000000001,263,5260000,44,0.004235397092998028,0.00016849999999999943,4291.788094260476,24488.656590293824,-0.003950041276228618,53.00893449783325,40.76286005973816,93.77207922935486,-4.76837147544984e-09,-4.2724607851596375e-08
4664.485177380162,0.0,500.0,0.9712500000000001,264,5280000,44,0.004774457775056362,0.00016799999999999945,3553.1167781465483,22129.65536506047,-0.00024251886180621306,55.14874339103699,93.83674812316895,148.98574495315552,-1.1444092340440193e-09,-1.9531249506599124e-07
4680.810418682372,0.0,500.0,1.0,265,5300000,44,0.004752228502184153,0.00016749999999999946,4413.436694567717,23669.920887550907,-0.001648725533754253,157.00746417045593,39.20990324020386,196.2173719406128,-2.0980834847250662e-09,3.906249901319825e-07
4665.4574173683695,0.0,500.0,1.0,266,5320000,44,0.005171339958906174,0.00016699999999999945,3789.057219897096,20753.15959393992,-0.00627471898562919,53.36498475074768,47.31905198097229,100.6840386390686,3.051757735406113e-09,2.4414061883248905e-08
4556.132173128827,0.0,500.0,0.95,267,5340000,44,0.006184422876685858,0.00016649999999999947,3790.807591059677,22323.77244014762,-0.0005319498227043795,53.202592849731445,39.605236530303955,92.80783271789551,1.1444092340440193e-09,-1.678466787780053e-07
4439.2444278841085,0.0,500.0,0.925,268,5360000,44,0.005708088167011738,0.00016599999999999945,3881.9052367391464,21363.270049381586,-0.0009303479465458787,53.34128785133362,38.21843433380127,91.55972528457642,6.294250454175199e-09,-1.3427734302240424e-07
4776.783682288952,0.0,500.0,0.9962500000000001,269,5380000,44,0.0063642472960054874,0.00016549999999999944,3692.1658972771997,23689.542474287973,-0.003912765112853158,52.65786862373352,38.278351068496704,90.9362211227417,-4.577636936176077e-09,5.432128773463774e-07
4677.763147241087,0.0,500.0,0.9787500000000001,270,5400000,44,0.005442781839519739,0.00016499999999999946,4102.07278797075,22769.129206930673,0.006371160364722923,53.63218569755554,47.0984742641449,100.7306616306305,2.479553229406406e-09,1.3732909920349812e-08
4539.776370757709,0.0,500.0,0.975,271,5420000,44,0.004444641061127186,0.00016449999999999944,3904.918346374301,21434.181083407035,-0.00282498432033437,53.01365089416504,37.8769314289093,90.89058423042297,8.392333938900265e-09,-1.8920898980923084e-07
4680.670502854027,0.0,500.0,0.9850000000000001,272,5440000,44,0.005682067945599556,0.00016399999999999946,3718.0695619220974,21815.655962102293,0.0026905475025171344,52.655133962631226,38.93692708015442,91.5920627117157,3.814697446813398e-09,-2.1362303925798187e-08
4638.009491941297,0.0,500.0,0.9887499999999999,273,5460000,44,0.005121305119246244,0.00016349999999999945,3861.82871979427,20931.376631654446,-0.0023279916454895353,51.84029030799866,38.21086239814758,90.05115413665771,-2.479553229406406e-09,4.2724607851596375e-08
4668.596266943261,0.0,500.0,0.97625,274,5480000,44,0.006059219129383564,0.00016299999999999944,4015.9549536491018,20689.011400053772,-0.006479679747350392,53.69439959526062,39.11428499221802,92.80868649482727,-5.149841442175784e-09,-4.2724607851596375e-08
4784.169202428461,0.0,500.0,1.0,275,5500000,44,0.00796335469931364,0.00016249999999999945,3696.751659327464,19731.931591389504,-0.007693138480100993,51.82468819618225,48.54114770889282,100.3658378124237,2.8610229740877458e-09,3.356933575560106e-08
4787.348078500215,0.0,500.0,1.0,276,5520000,44,0.005509055219590664,0.00016199999999999944,3727.590483776308,20728.33135937163,0.002284860422299431,52.19471001625061,39.824180364608765,92.01889228820801,-3.814697446813398e-09,1.2207031829802872e-07
4618.327563599753,0.0,500.0,0.975,277,5540000,44,0.006385828368365765,0.00016149999999999943,4180.989948619495,20162.310863218318,0.005978196527864098,52.241257667541504,40.89468717575073,93.13594651222229,-2.6702879907247734e-09,5.981445383440587e-07
4802.309879279734,0.0,500.0,1.0,278,5560000,44,0.004932882264256477,0.00016099999999999941,3375.0397499883406,18858.561907909818,-0.013599578168817744,51.46239161491394,38.96928024291992,90.43167424201965,1.0871887390351276e-08,3.0670165074297984e-07
4746.240514184065,0.0,500.0,1.0,279,5580000,44,0.006619612220674753,0.00016049999999999943,4023.3343438783913,19441.61065856442,0.0037870045800364317,53.81443786621094,48.8978967666626,102.71233701705933,-1.2207030941624453e-08,6.332397362029951e-08
4738.115005428203,0.0,500.0,0.9974999999999999,280,5600000,44,0.004581185057759285,0.00015999999999999944,3681.5155917783327,16799.29268808661,-0.0008971978555863747,52.62502980232239,37.06844997406006,89.69348216056824,5.531310964812519e-09,9.155273517080786e-08
4513.980735819642,0.0,500.0,0.9525,281,5620000,44,0.005100247450172901,0.00015949999999999943,3940.101269896478,21206.369782301856,-0.006295981132019454,52.451850175857544,38.86057090759277,91.31242251396179,-3.051757735406113e-09,-1.205444277729839e-07
4663.030724797375,0.0,500.0,0.975,282,5640000,44,0.004697522614151239,0.00015899999999999942,3981.5893229845615,20249.042590739402,0.0019253450947863526,51.82487463951111,39.73032093048096,91.55519723892212,1.1444092340440193e-09,-1.8005371771323553e-07
4701.685119999029,0.0,500.0,0.9850000000000001,283,5660000,44,0.0033784813713282347,0.00015849999999999943,3809.960614694962,23257.70255995071,-0.001921801215729765,52.33496952056885,50.858047008514404,103.19301891326904,6.008148201175345e-09,-3.9672851670502496e-08
4653.273820096151,0.0,500.0,0.99,284,5680000,44,0.005798079539090395,0.00015799999999999945,4335.8066580084305,19308.36347257309,0.0041468089775107825,53.19496417045593,37.919533491134644,91.11449909210205,-5.7220459481754915e-09,-1.4038086249001935e-07
4652.917265753231,0.0,500.0,1.0,285,5700000,44,0.004693957976996899,0.00015749999999999944,3734.255994684814,20659.29210498665,0.0030784252076851842,54.54553580284119,39.61095213890076,94.15648984909058,6.866454960174906e-09,-7.324219097881723e-08
4642.090918649704,0.0,500.0,0.975,286,5720000,44,0.005910792388021946,0.00015699999999999945,3739.2238383935155,22448.946369974467,0.0012675036269109332,52.52573037147522,37.71845030784607,90.24418258666992,5.722046170220096e-10,2.746581913015689e-07
4532.257447443665,0.0,500.0,0.9575000000000001,287,5740000,44,0.0038219632115215063,0.00015649999999999947,4174.133946812743,20812.95999514247,0.001782767177249709,55.31090188026428,50.20001292228699,105.51091647148132,3.8146971692576415e-10,-1.3122559039402404e-07
4714.223522076868,0.0,500.0,0.9925,288,5760000,44,0.005801575258374214,0.00015599999999999946,3769.605510294643,19644.61010088992,-0.0036529894792678434,53.59593629837036,40.36006712913513,93.95600533485413,-4.386901952813105e-09,2.1362303925798187e-08
4780.089355134124,0.0,500.0,1.0,289,5780000,44,0.005471945274621248,0.00015549999999999947,4085.982427037352,21828.809625658534,0.0029323926972899417,51.35332131385803,38.810081481933594,90.16340661048889,4.577636936176077e-09,4.577636758540393e-08
4540.96195941221,0.0,500.0,0.9525,290,5800000,44,0.005015273112803698,0.00015499999999999948,3955.735687993338,20312.607075892054,-0.005736912970505634,52.67375612258911,38.5899920463562,91.26375031471252,1.5258788677030566e-09,-1.4114379887075756e-08
4566.169585973292,0.0,500.0,0.9724999999999999,291,5820000,44,0.004512619227170944,0.0001544999999999995,3821.5750242349604,19064.558630413234,-0.003894285677669096,51.579922676086426,42.38058543205261,93.96051049232483,-7.2479249269008506e-09,-2.8991699707603402e-08
4797.58044157562,0.0,500.0,1.0,292,5840000,44,0.005009472835808992,0.00015399999999999951,4155.019867487689,19670.339216963195,-0.000994993516256587,53.07863092422485,50.849228620529175,103.92786169052124,1.9073485846288207e-10,1.2207031829802872e-07
4711.100330929042,0.0,500.0,0.9850000000000001,293,5860000,44,0.00516061345115304,0.0001534999999999995,3383.1008836331384,15969.413094927719,-0.00047746111465493695,52.39344239234924,41.32449960708618,93.71794390678406,1.3351439953623867e-09,1.3427734302240424e-07
4620.04804208988,0.0,500.0,0.9862500000000001,294,5880000,44,0.005667178891599178,0.0001529999999999995,4038.793437505619,19791.681690773563,-0.00030005756786100616,52.15646982192993,38.82814693450928,90.9846179485321,1.7166137400437265e-09,8.544921570319275e-08
4338.914403445609,0.0,500.0,0.93875,295,5900000,44,0.0037424995098263025,0.0001524999999999995,3592.675419060078,18303.342555810996,-0.0008199145609911604,54.1131157875061,37.47030186653137,91.58341908454895,-4.386901952813105e-09,-2.838134776084189e-07
4430.024549370939,0.0,500.0,0.9649999999999999,296,5920000,44,0.006168329622596502,0.00015199999999999952,3921.6567200901045,21666.963830734974,-0.0007166987592734877,52.74721574783325,49.944957971572876,102.69217538833618,2.479553229406406e-09,2.1362303925798187e-08
4664.726852235812,0.0,500.0,1.0,297,5940000,44,0.004542326554656029,0.00015149999999999954,3458.018153358521,17788.437860170634,-0.006398104988361394,52.22603464126587,37.588762521743774,89.8147988319397,2.2888184680880386e-09,-4.577636936176077e-09
4712.781361570375,0.0,500.0,1.0,298,5960000,44,0.00435152230784297,0.00015099999999999952,3627.9987236347793,19270.998116724786,0.0005758865400843356,53.323111057281494,39.926100730895996,93.24921369552612,-5.340575981449547e-09,-1.2207031829802872e-07
4616.4232480063165,0.0,500.0,0.9962500000000001,299,5980000,44,0.0053041125647723675,0.0001504999999999995,3563.7308600703373,20765.90000562591,0.0011178141686256483,52.28450894355774,40.15553855895996,92.44004964828491,9.536743617033494e-10,1.098632793627985e-07
4714.1172070981,0.0,500.0,0.9787500000000001,300,6000000,44,0.005681546404957771,0.0001499999999999995,3824.3900858678257,21132.172935775565,0.0027023561965187604,53.06797671318054,54.07369065284729,107.14166975021362,6.866454960174906e-09,3.662109548940862e-08
1793.6443309937779,0.0,500.0,0.2375,301,6020000,44,0.008045556023716927,0.00014949999999999951,2632.791615318237,17964.29741135785,-0.009034977487748718,51.70313787460327,39.10969042778015,90.81283044815063,-3.356933575560106e-08,-4.2480469346628524e-06
871.5990074975147,0.0,500.0,0.0,302,6040000,44,0.006953173782676458,0.00014899999999999953,2294.634884850751,18886.0957550997,-0.00542010179580424,51.5735502243042,39.7226996421814,91.29625248908997,-3.910064805268121e-08,-1.0375976700061074e-07
893.7930550367822,0.0,500.0,0.0,303,6060000,44,0.007847701199352741,0.00014849999999999952,2400.9130658499803,20417.104591817384,-0.0004488679843162207,52.24663329124451,39.05264925956726,91.29928421974182,-5.2452087118126656e-09,4.2114257325920335e-07
829.0610196898633,0.0,500.0,0.0,304,6080000,44,0.005161027889698744,0.00014799999999999953,2137.9080902204964,14331.304284274647,-0.00671745657804824,50.69234538078308,39.84775114059448,90.54009890556335,2.479553273815327e-08,6.164550541143399e-07
911.5102065033925,0.0,500.0,0.0,305,6100000,44,0.00741428742185235,0.00014749999999999952,2228.289144720115,20425.061224477613,-0.000910200467836235,50.50495886802673,54.04656267166138,104.55152368545532,1.1291503909660605e-07,1.2420654229572392e-06
950.4802047594901,0.0,500.0,0.0,306,6120000,44,0.006599749904125929,0.00014699999999999953,2332.826291100751,21570.377137213774,-0.0014117909134531734,50.31717920303345,39.42330312728882,89.74048471450806,-8.087157965519509e-08,1.5350341300290893e-06
1103.7224825096007,0.0,500.0,0.0,307,6140000,44,0.00803021714091301,0.00014649999999999952,2260.417759183087,19048.845671237817,-0.004100698720998965,49.840375900268555,40.17287254333496,90.01325011253357,4.7588347484861515e-08,1.1657714367174776e-06
1406.509442233574,0.0,500.0,0.0,308,6160000,44,0.007209538482129574,0.0001459999999999995,2354.761093385475,21568.783430373845,-0.004567614172070081,48.678682804107666,40.28275942802429,88.96144413948059,-1.3589858838258806e-07,-5.004882837056357e-07
1642.78797274776,0.0,500.0,0.0,309,6180000,44,0.008653726428747177,0.0001454999999999995,2357.497433907143,16759.177732127446,-0.0066570025601521265,52.67962431907654,53.82551860809326,106.50514435768127,2.722740255478584e-08,2.0141601453360636e-07
1854.4943009075462,0.0,500.0,0.0,310,6200000,44,0.006557093001902103,0.0001449999999999995,2426.3318433684776,16248.288953142419,-0.008380036988750826,49.96977972984314,38.268521547317505,88.2383029460907,-6.761550963574336e-08,4.943847784488753e-07
1957.4961668513686,0.0,500.0,0.0,311,6220000,44,0.007755995262414217,0.0001444999999999995,2587.696506408059,20205.83352067638,0.0017906601370743104,50.506915807724,38.47803616523743,88.98495435714722,6.04629519784794e-08,2.9907226917202934e-07
2012.010947863259,0.0,500.0,0.0,312,6240000,44,0.00822403747588396,0.0001439999999999995,2473.7833581711534,15369.740584080459,-0.007300994187482001,50.82249641418457,39.8271689414978,90.64966750144958,-8.77380390562621e-09,-2.5634764710957825e-07
2035.2023873434002,0.0,500.0,0.0,313,6260000,44,0.008238939568400383,0.0001434999999999995,2459.8623256880887,16068.22500747312,-0.001975442343441045,50.44970417022705,52.60746240615845,103.05716848373413,-7.820129610536242e-08,-2.1362303925798187e-08
2077.4557198961256,0.0,500.0,0.0,314,6280000,44,0.006080033723264933,0.00014299999999999952,2523.219792654654,21255.276027490683,-0.0015734662589192672,50.4301872253418,37.432966232299805,87.86315631866455,-6.122589013557445e-08,-1.1596679883041361e-07
2191.216632508708,0.0,500.0,0.03125000000000001,315,6300000,44,0.0060371169820427895,0.0001424999999999995,2692.854696539384,18931.569484170752,0.006486371535642669,50.328742027282715,37.53967785835266,87.86842179298401,4.386901863995263e-08,2.3803710291758762e-07
2231.4749876775486,15.825,500.0,0.05500000000000001,316,6320000,44,0.007688974030315876,0.0001419999999999995,2603.62289463829,19630.17510199684,-0.0031251101707718124,49.82382774353027,38.83342528343201,88.65725493431091,3.833770634287248e-08,1.2817382355478912e-07
2358.288434442476,0.0,500.0,0.042499999999999996,317,6340000,44,0.008988475427031517,0.0001414999999999995,2708.6271059762757,18129.772902862936,-0.005117135011830546,50.24915671348572,37.123693227767944,87.37285208702087,-5.7220459481754915e-09,7.324219097881723e-08
2391.2076978152645,1683.94,500.0,0.12375,318,6360000,44,0.006595648359507322,0.0001409999999999995,3002.625127267783,23603.693526607112,0.007298534525076348,50.68561363220215,54.24491238594055,104.93052768707275,-4.653930574249898e-08,-3.271484274591785e-06
2771.2558538700323,1362.7412500000003,500.0,0.21125,319,6380000,44,0.005637068301439285,0.0001404999999999995,3003.2199432232574,27575.742308797715,-0.0019718905678018928,51.33153939247131,39.22904849052429,90.56059050559998,-1.516342251761671e-08,4.589843683788786e-06
2923.372699903304,2229.66875,500.0,0.2325,320,6400000,44,0.008521518670022488,0.00013999999999999953,3231.4907416902283,24551.088940408616,-0.002717056814101562,52.01376533508301,39.57825970649719,91.59202694892883,4.100799699813251e-08,1.1230468999201548e-06
3139.873666380584,1118.09125,500.0,0.38875,321,6420000,44,0.005916737951338291,0.00013949999999999954,3507.574390319192,21454.590743298635,0.0009121998794705331,50.88111233711243,40.064401149749756,90.94551539421082,2.2888183792701966e-08,-3.1860352009971393e-06
3409.979584508127,1302.7662500000001,500.0,0.4987500000000001,322,6440000,44,0.007579110562801361,0.00013899999999999953,3756.5471905707213,37969.46427294135,-0.005273669523868058,50.82913303375244,52.86381697654724,103.69295239448547,9.727478378351861e-09,3.295898522992502e-06
3861.08715272353,2859.5899999999997,500.0,0.725,323,6460000,44,0.00667620450258255,0.00013849999999999954,4073.6777905638664,28337.42120059313,-0.0034222369493644147,50.34493398666382,39.27310800552368,89.61804366111755,3.738403364650367e-08,-7.568359592369234e-07
3993.9975621239764,4105.852499999999,500.0,0.69625,324,6480000,44,0.007626160513609648,0.00013799999999999953,4050.1686379594003,37819.19859989987,-0.004088306004048611,51.044370889663696,39.331125020980835,90.3754985332489,-3.738403364650367e-08,-5.102539034851361e-06
3918.1549496977773,2946.835,500.0,0.8237500000000001,325,6500000,44,0.008059014566242695,0.00013749999999999952,4121.2358278333795,26658.018263629172,0.0009835932524505063,50.95286417007446,36.721550941467285,87.67441701889038,-5.531310964812519e-09,5.419921762950253e-06
4104.095345756365,3456.8199999999997,500.0,0.8162500000000001,326,6520000,44,0.008013728074729443,0.0001369999999999995,4099.599008610663,36728.18685186143,-0.00024735612520263223,49.93165135383606,53.00069236755371,102.93234586715698,1.3351440841802287e-08,-1.3427734302240424e-06
4156.587859822711,4017.09875,500.0,0.8487500000000001,327,6540000,44,0.007296495605260134,0.0001364999999999995,4489.494792872386,47151.107573093286,-0.00297809918745318,50.0899133682251,39.176976442337036,89.26689100265503,-1.1444092340440193e-09,2.4414061883248905e-08
4234.781388048206,1829.00625,500.0,0.8625,328,6560000,44,0.008954362943768501,0.0001359999999999995,4754.599287939565,36297.89330794814,0.003484410237479672,50.099302530288696,38.893089056015015,88.99239349365234,-1.5830993405074878e-08,-5.273437636788003e-06
4340.063441484754,2259.295,500.0,0.9225,329,6580000,44,0.008783896453678608,0.00013549999999999953,4144.181656603709,29105.609039622705,-0.002551303129046791,50.0371253490448,38.369940757751465,88.40706944465637,-1.7166137400437265e-09,-1.367187451251084e-06
4349.308215799074,6874.9375,500.0,0.9400000000000001,330,6600000,44,0.008076087571680546,0.00013499999999999954,4899.766445392569,69189.29385948401,-0.005464212796365482,51.15802621841431,54.426302909851074,105.58433127403259,1.9836425835251248e-08,1.2280273040232714e-05
4074.381459670686,3171.2525,500.0,0.8237500000000001,331,6620000,44,0.007492733653634787,0.00013449999999999956,4721.87896415965,30624.456825107096,0.0020438133785755657,51.11068820953369,38.392515897750854,89.5032057762146,-1.5258788677030566e-09,-8.544922138753464e-07
3972.5965941776703,1818.5199999999998,500.0,0.7725,332,6640000,44,0.007267850451171398,0.00013399999999999954,4396.195167216662,37681.83022260062,0.0002996925199557079,50.901437520980835,39.57301688194275,90.47445607185364,-3.051757735406113e-09,-2.368164132349193e-06
4159.440187601283,7674.57625,500.0,0.9012500000000001,333,6660000,44,0.00693010026589036,0.00013349999999999956,4632.3584255486285,86462.8761057969,0.00458638437833263,51.541476011276245,38.165932416915894,89.70741128921509,7.629394338515283e-10,1.6748046618886292e-05
4196.319006817193,3840.33875,500.0,0.8699999999999999,334,6680000,44,0.006507182493805885,0.00013299999999999955,5333.361586488431,37657.29425631787,0.000831120473268936,51.5173602104187,39.3905074596405,90.90786981582642,-6.484985437538171e-09,1.1230468999201548e-06
4111.112979633169,1592.21375,500.0,0.825,335,6700000,44,0.008312683552503586,0.00013249999999999953,4912.575133855928,35161.1520303566,-0.008646179168809031,51.355128049850464,54.89012026786804,106.24525046348572,9.536743617033494e-10,-1.6723632825232926e-06
4052.0904852477097,520.93625,500.0,0.79625,336,6720000,44,0.010124685242772102,0.00013199999999999955,4649.123065452444,21187.487584367584,-0.0027718129606316803,51.759278297424316,38.821715354919434,90.5809953212738,5.912780931538464e-09,1.2207030941624453e-08
4023.496982277246,3840.4175000000005,500.0,0.83125,337,6740000,44,0.006198753137141466,0.00013149999999999956,4646.063713222982,45313.9822311138,0.005826303927581254,50.91861891746521,39.314725399017334,90.23334622383118,3.6239624634504253e-09,-4.394531060825102e-06
4415.314592269528,1829.9775000000002,500.0,0.92875,338,6760000,44,0.007550915703177452,0.00013099999999999955,4820.7850359004715,27341.289912848257,-0.005543573420264108,50.45800042152405,38.65126371383667,89.10926628112793,4.577636936176077e-09,2.7160645004187245e-06
4453.32403656133,1552.5400000000002,500.0,0.9450000000000001,339,6780000,44,0.006841377820819616,0.00013049999999999957,4985.822594716167,41974.649212625416,0.004088779685701864,51.06858468055725,54.93212175369263,106.00070881843567,-5.722046170220096e-10,-2.6367188183940016e-06
4420.150397126858,2256.67625,500.0,0.9400000000000001,340,6800000,44,0.008960513398051262,0.00012999999999999955,4835.006807456768,40637.6567574557,0.001979678749784418,51.04014873504639,39.32456398010254,90.36471557617188,-5.912780931538464e-09,-4.296874976716936e-06
4173.74512604079,6320.8575,500.0,0.8825,341,6820000,44,0.005601511802524328,0.00012949999999999957,4289.88735926796,58184.75107503349,-0.008369082123435278,50.969125747680664,39.36724376678467,90.33637142181396,2.5177001816700795e-08,2.8564452350110514e-06
4363.9735430038545,2130.52625,500.0,0.9025000000000001,342,6840000,44,0.006743068806827068,0.00012899999999999958,4661.357936073365,31919.28462006774,-0.004018173740198246,49.657809257507324,38.52263069152832,88.1804416179657,-3.433227480087453e-09,-1.025390588438313e-06
4324.134442905028,2691.61875,500.0,0.9037499999999999,343,6860000,44,0.00834542978554964,0.00012849999999999957,4647.388314935225,51793.26860329087,-0.004094724714465576,50.414697885513306,54.16568660736084,104.58038663864136,3.814697446813398e-09,-1.904296823340701e-06
4400.816193281934,4762.947499999999,500.0,0.94375,344,6880000,44,0.006974681280553341,0.0001279999999999996,4466.472234587675,63856.561266232966,0.002070335160665722,50.50579619407654,38.37152338027954,88.87732124328613,-1.7166136956348055e-08,8.813476597424597e-06
4437.85760407629,4345.67125,500.0,0.925,345,6900000,44,0.006542676594108343,0.0001274999999999996,4749.684199079683,40268.531167964255,0.006821837841517853,49.64955282211304,38.51519536972046,88.16475057601929,1.9454956756703723e-08,4.72412102681119e-06
4390.724283517071,3910.3875,500.0,0.94375,346,6920000,44,0.007133094593882561,0.00012699999999999962,4681.9291109495525,52866.62097659621,-0.0006042122648976919,50.96146893501282,38.83795213699341,89.79942226409912,4.76837147544984e-09,1.757812469804776e-06
4318.013936620235,3030.125,500.0,0.8837499999999998,347,6940000,44,0.006325555965304375,0.00012649999999999963,4159.4606529736275,41593.54856558252,-0.0051734567506258105,50.66140961647034,37.28156018257141,87.94297242164612,-3.814697446813398e-09,-1.403808596478484e-06
4344.843941099612,1904.0425,500.0,0.925,348,6960000,44,0.006532182451337576,0.00012599999999999965,4272.701649550601,32393.117116421083,-0.0018242183147438762,50.098814725875854,55.280919551849365,105.37973618507385,8.392333938900265e-09,1.0498047231521923e-06
4293.189066842783,1173.2825,500.0,0.8949999999999999,349,6980000,44,0.005850194953382015,0.00012549999999999966,4103.775553362005,27650.82631424354,-0.004257157346506612,49.84241724014282,39.25248432159424,89.09490370750427,9.918212917625624e-09,-1.770019508740006e-07
4423.756917723881,2191.98125,500.0,0.9349999999999999,350,7000000,44,0.008230394683778286,0.00012499999999999968,4578.556759429334,43025.27354510168,0.00606485461583495,50.84440279006958,40.70253229141235,91.54693698883057,-7.629394338515283e-10,4.919433649774874e-06
4430.3656115120375,1658.4162499999998,500.0,0.9199999999999999,351,7020000,44,0.007136139087378979,0.00012449999999999967,4217.657362644911,41184.267790097496,-0.010264259430745824,51.78626036643982,38.07655668258667,89.8628191947937,-5.531310964812519e-09,2.3437501113221515e-06
4460.253848173347,3189.1775000000002,500.0,0.9425000000000001,352,7040000,44,0.004994979128241539,0.00012399999999999965,4582.8212947867405,36138.54877383251,-0.0010449590424147527,50.899983167648315,57.37963819503784,108.27962350845337,-1.5640258865801115e-08,-2.4902344648580765e-06
4393.888840410114,1744.4487500000002,500.0,0.9337500000000001,353,7060000,44,0.006537525914609432,0.00012349999999999967,4655.105026684093,29172.652994417072,-0.0069649370994525495,50.88844537734985,39.331188678741455,90.21963572502136,1.9073485846288207e-10,3.6621094068323146e-07
4329.295889680085,2669.3425,500.0,0.9275,354,7080000,44,0.006988829933106899,0.00012299999999999966,4397.4441720416,44639.91852473884,0.0005942877277949454,51.03431582450867,39.28186845779419,90.31618642807007,1.9454956756703723e-08,-1.1230468999201548e-06
4591.992059871115,587.35875,500.0,0.9712500000000001,355,7100000,44,0.007892408408224583,0.00012249999999999967,4765.15292670949,18855.586238321142,0.0026251354059327707,50.747318506240845,39.681896686553955,90.42921686172485,-2.6702879907247734e-09,1.525878978725359e-08
4563.973814367932,2867.9925,500.0,0.975,356,7120000,44,0.0071440767496824265,0.00012199999999999967,4404.327252913674,45706.38442842157,6.851006409912119e-05,51.15860676765442,56.45906615257263,107.61767554283142,1.1444092340440193e-09,-9.277343906433089e-07
4644.201306405159,364.33250000000004,500.0,0.99375,357,7140000,44,0.00659098569303751,0.00012149999999999967,4939.0364359865525,22620.2480651715,-0.001421299392678448,51.08539342880249,37.78091025352478,88.86630535125732,1.907348723406699e-09,-9.536743306171047e-08
4603.749505431551,1393.3575,500.0,0.98125,358,7160000,44,0.0066271377727389336,0.00012099999999999967,4413.41896540002,30689.545764427054,0.005827576808892116,50.37349271774292,38.84663414955139,89.22012948989868,7.629394893626795e-09,7.202148708529421e-07
4576.545404831937,1679.5175,500.0,0.9775,359,7180000,44,0.006353376433253288,0.00012049999999999968,4122.572950637519,29183.759666592123,0.004474607656920978,51.57228446006775,38.2454195022583,89.81770586967468,1.3351440841802287e-08,-1.5380859395008883e-06
4370.848847206151,2255.9525,500.0,0.9225,360,7200000,44,0.006506103556603193,0.00011999999999999968,4433.010836303852,43370.95171360591,-0.002078780150341735,50.301433086395264,41.33112573623657,91.6325614452362,-1.4877318932349226e-08,-8.300781360048859e-07
4456.756946819942,23.597499999999997,500.0,0.95,361,7220000,44,0.006376821082085371,0.00011949999999999968,4674.304560864342,20481.900277896086,-0.00014098358579152517,51.73615550994873,57.85744094848633,109.59359860420227,9.536743617033494e-10,-2.3193359766082722e-07
4526.240647684854,1322.725,500.0,0.975,362,7240000,44,0.006944597698748112,0.00011899999999999968,4389.548020234453,26181.331310487316,0.0014996693503209128,53.26570725440979,39.513590812683105,92.77930021286011,9.536743617033494e-10,2.087402435790864e-06
4326.040287836465,2119.93625,500.0,0.88375,363,7260000,44,0.0074800546281039715,0.00011849999999999968,4458.516080867297,37347.1222159119,0.00017265215349572275,50.94009256362915,37.121952056884766,88.06204652786255,1.125335735707722e-08,3.686523541546194e-06
4300.4805552798325,2365.81375,500.0,0.8775000000000001,364,7280000,44,0.007457316387444735,0.00011799999999999968,4666.387100096814,26714.106637689132,0.0020762571176608877,50.777743339538574,39.5837287902832,90.36147403717041,3.051757735406113e-09,-1.647949261496251e-07
4423.485658785037,1633.3025000000002,500.0,0.945,365,7300000,44,0.006665881257504225,0.00011749999999999968,4139.381325567002,41237.56981579042,-0.00021067690841721797,52.06126880645752,58.89399266242981,110.95526361465454,5.912780931538464e-09,2.2705078208673513e-06
4553.733172733689,2985.4387500000003,500.0,0.975,366,7320000,44,0.00674318615347147,0.00011699999999999969,4431.357521329293,56602.17492465073,0.0004028759030372031,51.549680948257446,37.751906633377075,89.301589012146,7.629394893626795e-09,6.665039109066129e-06
4453.777130493817,1843.90875,500.0,0.94375,367,7340000,44,0.007282847538590431,0.00011649999999999969,4434.310003317953,29383.054196620014,0.0032075213970575197,51.17098045349121,37.320728063583374,88.4917106628418,-1.4686584393075464e-08,2.3803710291758762e-07
4502.91959833623,1277.86125,500.0,0.9625,368,7360000,44,0.006129664834588766,0.00011599999999999969,4345.109892341429,30311.953235762303,-0.0005747903752057911,50.6612708568573,39.759801387786865,90.4210753440857,7.629394338515283e-10,-3.2226562325377017e-06
4538.90266981776,1087.2137500000001,500.0,0.95625,369,7380000,44,0.0066037727519869804,0.00011549999999999969,5025.222556901061,23883.77477409266,0.011623816205553283,50.46719670295715,57.16393446922302,107.63113284111023,-5.722046170220096e-10,0.0
4587.195878119726,2205.0,500.0,0.98125,370,7400000,44,0.006492012646049261,0.00011499999999999969,4531.43377288713,34095.07592801532,-0.0005796369640354895,50.54192781448364,37.91792845726013,88.45985794067383,3.8146971692576415e-10,2.807617249800387e-07
4585.337314258871,2521.125,500.0,1.0,371,7420000,44,0.0072076646611094475,0.00011449999999999969,4687.620579235573,43519.10291145421,-0.004998922405091422,50.82186508178711,37.81480646133423,88.63667392730713,-1.5258788677030566e-09,-1.904296823340701e-06
4540.471611793506,1050.875,500.0,0.975,372,7440000,44,0.007183219771832228,0.0001139999999999997,4553.892110036624,28215.479317685953,0.0005034889733610124,51.3353807926178,37.93725848197937,89.27264070510864,8.201599399626502e-09,-1.5014647942734882e-06
4442.691530517006,476.12250000000006,500.0,0.9424999999999999,373,7460000,44,0.006610505748540163,0.0001134999999999997,4443.258552226428,24514.83800911327,-0.0033282567906857633,51.98016333580017,38.71150469779968,90.69167017936707,-1.907348723406699e-09,3.41796862812771e-07
4459.53414744802,890.4474999999999,500.0,0.9324999999999999,374,7480000,44,0.007055879104882479,0.0001129999999999997,4829.708291250214,25017.801631598257,8.030967777262692e-05,50.01007080078125,57.030423641204834,107.04049587249756,3.433227480087453e-09,-1.2939452744831215e-06
4308.178952736859,1675.7,500.0,0.9237500000000001,375,7500000,44,0.0072240340523421764,0.0001124999999999997,4637.229553679191,33893.95859386238,0.0006329536425127671,50.97225594520569,37.74206066131592,88.7143189907074,3.814697446813398e-09,-8.544921570319275e-08
4568.450185136927,1147.2237499999999,500.0,0.9737500000000001,376,7520000,44,0.007852626033127308,0.0001119999999999997,4663.274593234748,28906.038561927435,0.0010157802977941617,51.234225273132324,39.17125415802002,90.4054811000824,2.6702879907247734e-09,-2.9296875254658516e-06
4489.346691989439,2438.90625,500.0,0.9487500000000001,377,7540000,44,0.007428098935633898,0.0001114999999999997,4694.272556950225,36090.10650683931,-0.00024218434810593416,50.38892674446106,38.9446325302124,89.33356189727783,4.00543198608716e-09,6.713867151120212e-08
4578.960150368955,4531.325,500.0,0.97875,378,7560000,44,0.008981690742075443,0.0001109999999999997,5013.578995084598,54943.46228062462,-0.004051434647525533,51.94639706611633,56.19897699356079,108.14537596702576,2.6702879907247734e-09,1.757812469804776e-06
4518.968289316638,573.0225,500.0,0.9775,379,7580000,44,0.008498978801071644,0.0001104999999999997,4762.172057438226,25320.828737599117,0.0011957390624046502,53.32356882095337,37.46931052207947,90.79288148880005,-2.6702879907247734e-09,2.3803710291758762e-07
4522.744579359614,570.8225,500.0,0.9537500000000001,380,7600000,44,0.005464631598442793,0.0001099999999999997,4751.227808172052,23958.869344941766,-0.0005497254154074753,51.797126054763794,39.32048034667969,91.11760830879211,3.6239624634504253e-09,-1.678466787780053e-06
4420.786846511702,3691.0262500000003,500.0,0.9100000000000001,381,7620000,44,0.007248158100992441,0.00010949999999999971,5290.920370718689,50556.58768047864,0.002318675641298816,50.13740348815918,36.9957857131958,87.13319063186646,-2.0980834847250662e-09,4.504394382820465e-06
4495.12778710056,1903.4650000000001,500.0,0.945,382,7640000,44,0.006864649243652821,0.00010899999999999971,4979.627416472441,34523.94850978698,0.0008679548911702089,49.54347062110901,37.09472894668579,86.63820123672485,-2.8610229740877458e-09,3.6987305520597147e-06
4611.307004782025,881.14875,500.0,0.98125,383,7660000,44,0.0056973667815327644,0.00010849999999999971,4666.651792431865,33257.66356066318,0.0036875140627562653,50.2041552066803,58.451552867889404,108.65571022033691,-1.1634826435624745e-08,6.591797045985004e-07
4540.553361563198,2139.5012500000003,500.0,0.9587499999999999,384,7680000,44,0.006195836700499058,0.00010799999999999971,4559.422438609449,41109.862647439586,0.0011652696599942173,51.03879141807556,38.59417986869812,89.63297319412231,5.7220459481754915e-09,-3.0761718790017767e-06
4519.059821854845,2348.38875,500.0,0.9487500000000001,385,7700000,44,0.006532640196382999,0.00010749999999999971,4548.215204096225,27448.858741681237,-0.004258853348966857,51.16072130203247,39.220736265182495,90.38145971298218,5.912780931538464e-09,-2.3193359766082722e-07
4540.549420655332,0.375,500.0,1.0,386,7720000,44,0.007781468331813812,0.00010699999999999971,4724.78468141896,21727.649495536356,0.0016980350973519686,51.04422974586487,38.55798816680908,89.60221934318542,1.0681151962899094e-08,1.2207030941624453e-08
4610.174968257817,952.2,500.0,1.0,387,7740000,44,0.006255959160625935,0.00010649999999999972,4486.654353344811,25564.59729558771,0.004471819919895197,52.74214553833008,58.428327322006226,111.17047476768494,7.2479249269008506e-09,7.385253866232233e-07
4599.626624978344,1199.05,500.0,0.975,388,7760000,44,0.007015444803982973,0.00010599999999999972,4320.112333449176,26696.836581283937,8.49306636052667e-05,54.437753438949585,37.97177791595459,92.40953278541565,-1.5258788677030566e-09,1.098632793627985e-07
4453.719770443712,4750.01,500.0,0.9475000000000001,389,7780000,44,0.00803330633789301,0.00010549999999999972,5548.182174981121,70977.29373207575,0.006905101951167751,53.2031090259552,41.2447624206543,94.44787359237671,1.907348723406699e-09,5.615234385913936e-06
4444.247275808917,3071.9475000000007,500.0,0.9275,390,7800000,44,0.008094730786979198,0.00010499999999999972,5554.292601906937,32990.13078927939,0.0006856980095700531,51.97400879859924,40.23647427558899,92.21048593521118,-1.1444092340440193e-09,1.6601562720097718e-06
4462.728471472628,318.39250000000004,500.0,0.9275,391,7820000,44,0.006119019817560911,0.00010449999999999972,5292.214667141369,22803.380617130748,-0.0062003465021973295,51.86070966720581,58.575700759887695,110.43641257286072,-3.814697446813398e-09,-1.098632793627985e-07
4415.8195836415425,0.0,500.0,0.90625,392,7840000,44,0.0058568441309034824,0.00010399999999999972,5180.051891998537,22066.635113644792,0.0049027062052141735,54.556142807006836,38.64298367500305,93.19912838935852,-2.2888184680880386e-09,2.7465819840699623e-08
4620.2448172366,1085.15,500.0,0.9912500000000002,393,7860000,44,0.006351516116410494,0.00010349999999999972,5498.869259078154,29102.054449540152,0.006690776277876323,54.501359701156616,39.041640758514404,93.54300212860107,1.7166137400437265e-09,1.6662597772665322e-06
4479.316688868836,3664.975,500.0,0.96875,394,7880000,44,0.0058365934528410435,0.00010299999999999973,4894.534987542928,44622.052533218855,-0.007325332240683538,50.49874496459961,38.581998109817505,89.0807454586029,2.6702879907247734e-09,2.8564452350110514e-06
4499.883651077619,1211.0125,500.0,0.9537500000000001,395,7900000,44,0.007572945207357407,0.00010249999999999973,5400.077903089095,56850.0237824294,0.007521541947955737,50.31944131851196,39.10733437538147,89.42677807807922,3.2424927187690855e-09,-2.050781176876626e-06
4545.919686809597,2204.2625,500.0,0.9712499999999998,396,7920000,44,0.006332869175821543,0.00010199999999999973,5000.097208951504,25705.56637882281,-0.008040544102707893,51.4115788936615,59.00479865074158,110.41637921333313,-2.479553229406406e-09,3.41796862812771e-07
4483.526321726611,799.4625000000001,500.0,0.9487500000000001,397,7940000,44,0.006043856963515282,0.00010149999999999973,4411.601283522278,21232.986506243706,0.003809973019870776,51.052916049957275,39.62799143791199,90.68090987205505,-6.866454960174906e-09,-5.004882837056357e-07
4518.857948596238,1137.8375,500.0,0.9800000000000001,398,7960000,44,0.0077475267462432384,0.00010099999999999973,4979.888015834866,26616.064203927377,-0.00409048282240182,50.92065215110779,38.58755087852478,89.5082049369812,-7.629394338515283e-10,-6.103515488575795e-07
4191.536000030358,2219.8399999999997,500.0,0.8724999999999999,399,7980000,44,0.006011065095663071,0.00010049999999999973,4455.129480289507,49950.50682462949,-0.00012814099060465828,50.58611869812012,37.36166262626648,87.94778323173523,1.9073485846288207e-10,6.2011718000576366e-06
4531.120835497419,3443.8574999999996,500.0,0.9299999999999999,400,8000000,44,0.006990200839936733,9.999999999999973e-05,5120.468333043493,42421.928838205284,0.004478333183231745,50.2369430065155,58.21558237075806,108.45252823829651,-3.8146971692576415e-10,8.300781360048859e-07
1831.6858389073145,1135.0274999999997,500.0,0.31125,401,8020000,44,0.005127449985593557,9.949999999999974e-05,4394.752702895187,24218.206975342076,0.0022363763161767723,52.37638282775879,36.99741339683533,89.37379837036133,-5.5694581391207976e-08,4.577636936176077e-09
1092.6164077821672,0.0,500.0,0.24375,402,8040000,44,0.005957898683845997,9.899999999999974e-05,3914.97641869162,19126.11788557643,-0.003647131060221435,51.4088990688324,38.68677353858948,90.09567475318909,-4.9972534554854064e-08,6.942749308791463e-08
1398.776648134506,0.0,500.0,0.38125,403,8060000,44,0.005014045629650354,9.849999999999974e-05,3649.5696497523195,20730.661789309168,-0.000452839998871043,50.70934867858887,38.94888758659363,89.65823793411255,6.294250454175199e-09,-2.4414061883248905e-08
1580.8747222508325,0.0,500.0,0.43375,404,8080000,44,0.005152096506208181,9.799999999999974e-05,3775.1385874863463,20656.17098503859,-0.0041112230778996,52.865137815475464,57.302939653396606,110.16807985305786,-3.9482117131228733e-08,-6.103515470812226e-09
1820.0510688672862,0.0,500.0,0.43499999999999994,405,8100000,44,0.005453222431242466,9.749999999999974e-05,3737.5049055338727,16110.387903000597,0.001468765003690003,51.09592843055725,38.3691132068634,89.4650444984436,2.861023085110048e-10,2.1362303925798187e-08
1944.2611511136918,0.0,500.0,0.475,406,8120000,44,0.004307180177420378,9.699999999999974e-05,3857.962603148712,18302.363242058265,-0.0001338507565621488,53.12171673774719,38.34394454956055,91.46566390991211,-5.455017060285172e-08,3.356933575560106e-08
2140.2829053728306,0.0,500.0,0.60625,407,8140000,44,0.005143092013895512,9.649999999999974e-05,3527.54529539049,20119.73922037667,-0.003086225281496183,51.45938467979431,37.700631618499756,89.16001868247986,-1.3351440841802287e-08,3.280639759850601e-08
1981.1498192970146,0.0,500.0,0.5325,408,8160000,44,0.004636257886886597,9.599999999999974e-05,3933.1875298854534,21372.26802770617,0.005511541478208591,51.44129705429077,38.754586696624756,90.19588589668274,-1.0108947456899386e-08,4.1961669694501325e-08
2266.123797042078,0.0,500.0,0.6325000000000001,409,8180000,44,0.004221309442073107,9.549999999999975e-05,3646.3121065725804,19107.620954542082,-5.077454274878232e-05,51.889734983444214,57.568591833114624,109.45832896232605,0.0,3.128051773160223e-08
2292.0768511789875,0.0,500.0,0.7162499999999999,410,8200000,44,0.005783970467746258,9.499999999999975e-05,3757.6081031650065,17547.679499407768,-0.0005427092896244983,51.677608251571655,38.01290726661682,89.69051861763,1.5258788677030566e-09,2.5177001816700795e-08
2418.223550311204,0.0,500.0,0.74875,411,8220000,44,0.004839525558054447,9.449999999999975e-05,3566.785093177997,21639.611881093682,-0.0021240866317824214,52.55435824394226,38.76511907577515,91.31947922706604,-7.2479249269008506e-09,-5.340576336720915e-08
2376.513656970243,0.0,500.0,0.70875,412,8240000,44,0.003762435633689165,9.399999999999975e-05,3585.008528802694,19176.32385078316,0.0064998283949187635,51.94891142845154,38.36602759361267,90.31494092941284,-1.1444092340440193e-09,-9.155273872352154e-09
2291.580152102139,8.975,500.0,0.76,413,8260000,44,0.005637579131871462,9.349999999999975e-05,3703.3679019063197,21642.71529722927,0.008054496316362217,51.68324875831604,60.15227913856506,111.83552980422974,-8.201599399626502e-09,1.1444091541079615e-07
2631.5739498482553,0.0,500.0,0.7325,414,8280000,44,0.004471384454518557,9.299999999999975e-05,3937.9245143315325,18472.740773542293,0.003869095357541923,52.32709240913391,39.34002161026001,91.66711759567261,-3.3378602104505717e-09,-6.217956638465694e-08
2430.4739530638167,76.575,500.0,0.7625,415,8300000,44,0.0047362749464809895,9.249999999999975e-05,3905.140097035363,16931.274450515026,-0.0016461218927903325,52.95551800727844,37.26794147491455,90.22346138954163,-2.0980834847250662e-09,-1.831054774470431e-08
2713.796720095921,0.0,500.0,0.8012499999999999,416,8320000,44,0.005086968187242746,9.199999999999976e-05,3845.1605073601795,19249.1453478147,-0.0005821788735645935,52.051310777664185,38.6101233959198,90.6614363193512,9.727478378351861e-09,-3.204345588869728e-08
2789.0948952007216,0.0,500.0,0.875,417,8340000,44,0.004597643855959177,9.149999999999976e-05,3657.1266022255286,17341.81032524504,-0.0052289354493139555,53.11016035079956,60.52928805351257,113.63945007324219,6.103515470812226e-09,2.1362303925798187e-08
2733.850187260431,0.0,500.0,0.9012499999999999,418,8360000,44,0.004602801986038685,9.099999999999976e-05,4413.9954851192215,21757.290531171617,0.004304510181765977,53.18832492828369,37.83858370780945,91.02691054344177,-1.1444092340440193e-09,-4.425048771850015e-08
2791.008104251283,0.0,500.0,0.9199999999999999,419,8380000,44,0.004411702044308186,9.049999999999976e-05,3787.3942157846327,18823.39479698822,0.0028743009081030517,52.020814657211304,38.223644971847534,90.24446225166321,-3.6239624634504253e-09,3.585815377959989e-08
2757.7493253867915,0.0,500.0,0.9550000000000001,420,8400000,44,0.0060335504822432995,8.999999999999976e-05,3774.6316369937945,19798.38232386757,-0.00408652257828671,51.70878553390503,38.239914655685425,89.94870209693909,4.00543198608716e-09,-6.561279519701202e-08
2695.7896829282645,0.0,500.0,0.9099999999999999,421,8420000,44,0.004402604885399342,8.949999999999976e-05,3663.12870200347,20810.48441071505,-0.0006271903886046085,52.18691158294678,44.556896448135376,96.74381113052368,7.2479249269008506e-09,1.2969970875076342e-08
2907.6119365590553,0.0,500.0,0.9199999999999999,422,8440000,44,0.004330879542976618,8.899999999999976e-05,3938.7990534774726,18012.726132795644,0.005306041595289994,51.13902187347412,60.117231607437134,111.25625538825989,7.343292196537732e-09,-6.561279519701202e-08
2965.68961626332,0.0,500.0,0.9512499999999999,423,8460000,44,0.004254709463566542,8.849999999999977e-05,3895.418410710553,19605.048587917594,0.006057386499694554,52.021538972854614,37.097254514694214,89.1187949180603,2.479553229406406e-09,7.629394893626795e-09
2732.5018425235494,0.0,500.0,0.9574999999999999,424,8480000,44,0.004888277966529131,8.799999999999977e-05,3855.7177376873337,19493.640216998592,-0.0007667151534012481,51.07983064651489,37.063331842422485,88.14316391944885,9.536743617033494e-10,6.866454782539222e-08
2740.5257147483253,0.0,500.0,0.9374999999999998,425,8500000,44,0.0049055349081754684,8.749999999999977e-05,3622.829410004259,16516.33102532882,-0.0005170476285422433,51.02365446090698,37.78215837478638,88.80581426620483,0.0,-7.171630755919978e-08
3054.6832524485253,0.0,500.0,0.9912500000000002,426,8520000,44,0.005322510842233896,8.699999999999977e-05,3479.6501241493006,16493.49096504097,0.0011728164217846362,51.635964155197144,59.49185276031494,111.12781858444214,1.0204315614714687e-08,-3.051757735406113e-09
2816.8153111124443,0.0,500.0,0.93625,427,8540000,44,0.004642663989216089,8.649999999999977e-05,3466.086790938646,17257.509261470394,-0.0023118290581721147,52.665810108184814,38.357696294784546,91.02350807189941,2.479553229406406e-09,-4.425048771850015e-08
3099.3426505310404,0.0,500.0,0.9324999999999999,428,8560000,44,0.004403482656925917,8.599999999999977e-05,3973.8149951192945,22858.91070781396,0.00714707773918167,54.264182329177856,40.72061538696289,94.98479986190796,-8.392333938900265e-09,-1.277923544762416e-08
2785.457065023481,0.0,500.0,0.7875,429,8580000,44,0.005053353030234575,8.549999999999977e-05,3467.092514951155,17779.62640837394,-0.0020210254397934517,56.988104820251465,43.33060812950134,100.31871509552002,1.5640258865801115e-08,4.577636936176077e-09
2685.1482902537305,0.0,500.0,0.89375,430,8600000,44,0.0035751841496676207,8.499999999999978e-05,3602.7710741962746,19422.563863774027,0.006025363269262819,56.193674087524414,40.268123149871826,96.46180009841919,1.8119812317252126e-09,5.187988350030537e-08
2730.6958635479705,0.0,500.0,0.9337499999999999,431,8620000,44,0.005840967874974012,8.449999999999978e-05,3497.131731742271,17025.401508572737,0.0009144775751496958,52.00665760040283,60.49932527542114,112.50598478317261,-7.629394893626795e-09,6.027221388649195e-08
2810.0027258989358,0.0,500.0,0.93875,432,8640000,44,0.0037983430083841085,8.399999999999978e-05,3329.5250073818124,18104.366659184183,-0.0008637504766682341,51.57130551338196,38.21432065963745,89.78562831878662,2.0599365768703137e-08,1.2207030941624453e-08
2622.6223629503193,519.2875,500.0,0.9400000000000001,433,8660000,44,0.0037960067857056856,8.349999999999978e-05,3420.374057782945,21806.120898002035,0.005039513060810758,51.62377977371216,39.487403869628906,91.1111855506897,2.6702879907247734e-09,4.7607420583517523e-07
2902.370408554889,519.2875,500.0,0.95625,434,8680000,44,0.005429919809103012,8.299999999999978e-05,3405.4155316281513,17844.56304605043,0.0020799410680948753,51.33041000366211,38.18126130104065,89.51167297363281,-6.675719976811934e-10,6.790160966829717e-08
3019.585086899686,0.0,500.0,0.9425000000000001,435,8700000,44,0.004641298204660416,8.249999999999978e-05,3613.5431524524756,17481.991497219777,0.004429206771445723,52.19124245643616,58.285715103149414,110.47695994377136,4.673004205812958e-09,-7.629394338515283e-10
2647.4346637138706,0.0,500.0,0.925,436,8720000,44,0.004985160659998655,8.199999999999978e-05,3551.880159928966,17796.67925119345,0.006574416594602322,51.22137689590454,37.42763543128967,88.64901399612427,0.0,8.392333938900265e-09
2541.865513850173,0.0,500.0,0.98125,437,8740000,44,0.004929738584905863,8.149999999999979e-05,3546.40006820626,19261.326673536223,0.005205630884686393,51.030656814575195,38.39260673522949,89.42326521873474,3.7193297330873065e-09,-9.918212917625624e-09
2667.877005556297,0.0,500.0,0.9324999999999999,438,8760000,44,0.0043419827707111835,8.099999999999979e-05,3232.1366345720544,19584.293393502714,0.00071270349702098,51.501468658447266,38.72834587097168,90.22981643676758,1.8644332300254973e-08,1.068115267344183e-07
2719.966227980382,0.0,500.0,0.9674999999999999,439,8780000,44,0.00522466329857707,8.049999999999979e-05,3508.8781963036718,19044.270413204496,0.0017577909466744079,52.20888638496399,60.38454866409302,112.59343671798706,-3.2424927187690855e-09,1.5869140668200998e-07
2452.939272162411,0.0,500.0,0.9574999999999999,440,8800000,44,0.005015004891902208,7.999999999999979e-05,3336.8835116475307,17322.17973431235,0.00024066106919322475,52.48050808906555,39.49602794647217,91.97653818130493,6.38961772381208e-09,9.994506910970813e-08
2628.6762657696718,2.3125,500.0,0.9512499999999999,441,8820000,44,0.005334710236638784,7.949999999999979e-05,3252.7181166285613,19653.54731808433,-0.002135093774459908,53.03102159500122,36.97057008743286,90.00159478187561,2.0980834847250662e-09,9.155273872352154e-09
2693.8913147023923,2.3125,500.0,0.9737500000000001,442,8840000,44,0.005172212142497301,7.899999999999979e-05,3216.3828939738564,15346.586632661632,0.000550705374903619,52.2850604057312,38.751017570495605,91.0360803604126,-6.103515470812226e-09,-6.408691177739456e-08
2727.7484278996226,0.0,500.0,0.96,443,8860000,44,0.004841031040996313,7.84999999999998e-05,3531.527880494147,18906.450675797543,7.779408252709068e-05,51.30093789100647,38.60034799575806,89.90128779411316,-4.577636936176077e-09,-6.027221388649195e-08
2652.783616137368,0.0,500.0,0.9274999999999999,444,8880000,44,0.004598221741616726,7.79999999999998e-05,3230.9435853244795,15872.49884556462,0.0008855742536238968,52.08964467048645,62.08811712265015,114.17776370048523,4.76837147544984e-09,-2.1362303925798187e-08
2683.300310935615,0.0,500.0,0.95625,445,8900000,44,0.0044673774391412735,7.74999999999998e-05,3402.1389623012037,16269.833377675714,-0.0003928648831654486,52.881906032562256,39.83553171157837,92.71743941307068,4.577636936176077e-09,-7.934570334100499e-08
2594.6793889796127,0.0,500.0,0.865,446,8920000,44,0.004971944261342287,7.69999999999998e-05,3348.888763743797,15118.699249829468,-0.003890077689189948,53.21646046638489,46.48045992851257,99.69692397117615,-7.629394338515283e-10,6.942749308791463e-08
2801.5108415258514,0.0,500.0,0.9412500000000001,447,8940000,44,0.005407462827861309,7.64999999999998e-05,3222.0909753235355,14833.58370536216,-0.002153443302017432,64.49096632003784,126.3514928817749,190.8424608707428,-1.4305114426349519e-08,3.738403364650367e-08
2635.1931422627104,0.0,500.0,0.8975000000000002,448,8960000,44,0.005237978883087635,7.59999999999998e-05,3384.117033542506,17051.168956690744,0.006728918892920531,53.541367530822754,61.4357852935791,114.97715520858765,0.0,8.01086397217432e-09
2675.060279452603,0.0,500.0,0.9225,449,8980000,44,0.004996591247618198,7.54999999999998e-05,3371.243151349769,16611.45247731796,0.0028856678972887764,52.58007073402405,39.30147981643677,91.88155198097229,-5.531310964812519e-09,-4.6730040281772744e-08
2745.681339658082,0.0,500.0,0.9262500000000001,450,9000000,44,0.004740366246551275,7.49999999999998e-05,3275.3796745273953,16645.176677181476,0.0011237108900712244,53.06065320968628,38.17955660820007,91.24021291732788,-1.125335735707722e-08,1.850128228397807e-07
2710.2378412142016,1065.8425000000002,500.0,0.8862500000000001,451,9020000,44,0.004191845655441284,7.44999999999998e-05,3180.795729607515,23623.7998771009,0.0010411726059062541,51.58067607879639,39.46901726722717,91.04969549179077,3.6239624634504253e-09,5.493163826031378e-07
2635.832253024014,619.2550000000001,500.0,0.9287500000000002,452,9040000,44,0.004824033007025719,7.39999999999998e-05,3338.5374258763495,21198.46043418823,0.0040084836195462565,52.62353229522705,114.66038203239441,167.28391647338867,2.6130676289426447e-08,-7.080078034960025e-07
2785.834134387688,554.92125,500.0,0.925,453,9060000,44,0.0050918301567435265,7.349999999999981e-05,3266.041931538642,19379.62252143886,-0.0025270162693490634,58.96742844581604,38.20089673995972,97.16832733154297,-2.956390465769232e-09,1.220703097715159e-06
2656.1496747478386,1220.15625,500.0,0.91375,454,9080000,44,0.004515318665653467,7.299999999999981e-05,3229.050973696868,15147.225629238044,0.0037344462634519736,115.75787305831909,52.086585521698,167.84446120262146,-3.814697446813398e-09,-6.103515470812226e-09
2691.034914229071,0.0,500.0,0.95,455,9100000,44,0.0044679963029921055,7.249999999999981e-05,3299.3124521692275,19135.97942149488,0.005534465975445342,51.12891888618469,38.411536693573,89.54045724868774,-9.155273872352154e-09,5.7983399415206804e-08
2482.3107085226998,0.0,500.0,0.92875,456,9120000,44,0.004692959599196911,7.199999999999981e-05,3260.9166059241606,15225.183647515722,-0.002695819091970681,51.94706106185913,39.12598705291748,91.07305002212524,-1.506805347162299e-08,3.433227480087453e-09
2661.2546793990196,0.0,500.0,0.9574999999999999,457,9140000,44,0.004053715616464615,7.149999999999981e-05,3779.8066994828378,19634.98727989416,0.010365548731350063,52.05204629898071,60.21018171310425,112.26223015785217,2.479553229406406e-09,-5.6457519548303026e-08
2743.9311133768183,0.0,500.0,0.8825,458,9160000,44,0.004163319244980812,7.099999999999981e-05,3531.8713393304647,16081.843447563426,0.0067749448171567596,50.9198477268219,38.9530930519104,89.87294316291809,-7.2479249269008506e-09,5.493163968139925e-08
2748.348236132895,0.0,500.0,0.93125,459,9180000,44,0.004483236465603113,7.049999999999982e-05,3295.2632477192938,16387.906578564398,0.0027618580432158604,51.57266545295715,39.24526262283325,90.81792974472046,-8.583068700218632e-10,-4.501342942830888e-08
2722.8816384609554,0.0,500.0,0.9612499999999999,460,9200000,44,0.004722936544567347,6.999999999999982e-05,3336.346020100443,19282.99791054676,0.0034498106215700565,51.22869396209717,37.723732471466064,88.95242857933044,-4.00543198608716e-09,7.629394893626795e-09
2666.171336564342,0.0,500.0,0.9637499999999999,461,9220000,44,0.004505528137087822,6.949999999999982e-05,3216.2325557449744,16542.33195276118,0.0023333228095630196,52.62222504615784,61.17761516571045,113.79984211921692,1.602172794434864e-08,8.964538267264288e-08
2859.742999857692,0.0,500.0,0.99875,462,9240000,44,0.004846704658120871,6.899999999999982e-05,3258.9641025837327,18182.566179879104,0.0037404024845642393,51.479270458221436,37.60062909126282,89.07990193367004,1.3160705414350105e-08,6.713867151120212e-08
2741.972453559193,0.0,500.0,0.9225,463,9260000,44,0.00495464913547039,6.849999999999982e-05,3421.191759186318,14716.820080966752,0.00159454093255026,52.562992811203,42.70445132255554,95.26744627952576,-1.3351439953623867e-09,9.918213095261308e-08
2755.305692852216,0.0,500.0,0.9287500000000002,464,9280000,44,0.004454937297850847,6.799999999999982e-05,3264.9176756899433,14614.706736960812,0.005453771541082119,58.17488741874695,43.022181272506714,101.19707083702087,-1.5258788677030566e-09,-4.730224745230771e-08
2713.4630707855727,0.0,500.0,0.9412500000000001,465,9300000,44,0.004422106314450502,6.749999999999982e-05,3347.729010157261,16176.083852822816,0.00657714760645402,54.66162443161011,41.37772750854492,96.03935360908508,8.964538444899972e-09,-1.9836425835251248e-08
2830.589369091003,0.0,500.0,0.98375,466,9320000,44,0.004581018351018429,6.699999999999983e-05,3255.217269107305,17646.21739992201,0.003902857558321105,52.29418182373047,68.34660387039185,120.64078783988953,-3.814697446813398e-09,4.062652436687131e-08
2864.352174219696,0.0,500.0,0.975,467,9340000,44,0.004426854662597179,6.649999999999983e-05,3188.7816526985825,14852.093527773033,-0.0014891249939646054,54.87962770462036,40.81370401382446,95.69333410263062,1.9073485846288207e-10,-2.7465819840699623e-08
2787.3158744375705,0.0,500.0,0.9712500000000001,468,9360000,44,0.0050231218338012695,6.599999999999983e-05,3111.047066920097,14589.509883516266,-0.004801585585404331,58.88075256347656,40.332287073135376,99.21304202079773,1.926422044107312e-08,-3.786087177104491e-08
2725.3489103693087,0.0,500.0,0.9475,469,9380000,44,0.005565539468079805,6.549999999999983e-05,3166.84658697587,14685.671545522535,-0.001628362145197178,51.201045989990234,37.86159801483154,89.06264615058899,-5.340575981449547e-09,1.552581778696549e-07
2919.838749543741,0.0,500.0,0.9512499999999999,470,9400000,44,0.003829319030046463,6.499999999999983e-05,3494.0101842671734,13789.615411229457,0.003998406937648489,50.68244791030884,61.450591802597046,112.1330418586731,-1.201629640235069e-08,-9.841919279551803e-08
2799.553083934362,0.0,500.0,0.9174999999999999,471,9420000,44,0.004609392955899239,6.449999999999983e-05,3240.7326350063945,16747.3679086841,0.003534321082714796,50.679800271987915,38.35889410972595,89.03869581222534,4.577636936176077e-09,5.187988350030537e-08
2862.424354351146,0.0,500.0,0.9375,472,9440000,44,0.005229700822383165,6.399999999999983e-05,3474.3611234570535,15426.077306644278,0.004214992124026119,50.42032194137573,38.287341833114624,88.70766615867615,1.7166137400437265e-09,-4.2724607851596375e-08
2723.703906944029,284.4375,500.0,0.9625,473,9460000,44,0.004862006288021803,6.349999999999984e-05,3399.877397684288,20667.943918103043,0.007878836630564934,50.49325132369995,38.39715623855591,88.89040899276733,-1.9073485846288207e-10,4.882812376649781e-08
2780.36007152069,853.3125,500.0,0.9400000000000001,474,9480000,44,0.0045690229162573814,6.299999999999984e-05,3185.0236542836706,16212.880189603711,0.0023173104239329247,50.82612156867981,61.630104303359985,112.45622825622559,-7.820129432900558e-09,1.831054774470431e-08
2660.813292745957,0.0,500.0,0.9225000000000001,475,9500000,44,0.004064769018441439,6.249999999999984e-05,3361.6746353131857,12942.574155958942,0.0035219988299057346,50.93022871017456,38.32192945480347,89.25216031074524,-8.678436635989328e-09,6.103515914901436e-08
2919.9874177794304,0.0,500.0,1.0,476,9520000,44,0.005082146730273962,6.199999999999984e-05,3510.3825831089525,16276.17729343287,0.0050395186622096575,50.87540411949158,36.84234952926636,87.71775531768799,-1.1444092340440193e-09,5.149841442175784e-09
2681.4089065765284,0.0,500.0,0.905,477,9540000,44,0.004195171408355236,6.149999999999984e-05,3397.9362355046774,14114.608368235984,0.0012726764103839275,50.13953900337219,37.579341411590576,87.7188823223114,4.386901952813105e-09,7.057189943537878e-09
2813.818773093195,0.0,500.0,0.93875,478,9560000,44,0.005071156192570925,6.099999999999984e-05,3331.155813798806,15627.506489708729,0.0062951314997440255,50.609151124954224,36.8578360080719,87.46698927879333,-9.918212917625624e-09,-9.269714240645044e-08
2726.5919452909534,0.0,500.0,0.91375,479,9580000,44,0.004533123690634966,6.0499999999999844e-05,3480.6032330652374,17602.155406569997,0.002382743756266169,50.39541745185852,61.42652988433838,111.82194948196411,-3.051757735406113e-09,1.0852813403516848e-07
2901.3467998733895,0.0,500.0,0.9425000000000001,480,9600000,44,0.00392940454185009,5.9999999999999846e-05,3238.8583535039656,18481.716686112697,-0.000788596558101396,50.37927293777466,36.823379039764404,87.2026538848877,8.964538444899972e-09,-7.553100545010238e-08
2758.842113084057,467.56125000000003,500.0,0.99,481,9620000,44,0.004035376012325287,5.949999999999985e-05,3203.7069748328663,19940.810429299796,-0.0003259196624353258,49.79805016517639,38.91949963569641,88.71755170822144,-4.577636936176077e-09,7.690429697504442e-07
2682.7144662323617,571.4637500000001,500.0,0.9374999999999998,482,9640000,44,0.004284667782485485,5.899999999999985e-05,3431.243114791888,18963.694768310826,0.006912613305251432,50.66222143173218,37.9765944480896,88.63881802558899,-8.01086397217432e-09,1.2207030941624453e-08
2739.4391448400106,0.0,500.0,0.9724999999999999,483,9660000,44,0.004800364840775728,5.849999999999985e-05,4031.909106150321,16526.490306050924,0.012931968872811832,50.24991321563721,59.582473278045654,109.8323884010315,-2.8610229740877458e-09,7.019043124500968e-08
2876.433469763017,0.0,500.0,0.95875,484,9680000,44,0.004987115040421486,5.799999999999985e-05,3216.869145857588,15882.9549665901,-0.0027095751192324803,50.57626414299011,36.55748653411865,87.13375234603882,-9.727478378351861e-09,3.051757957450718e-08
2746.169511978985,0.0,500.0,0.9412499999999998,485,9700000,44,0.0042809429578483105,5.749999999999985e-05,3564.8908230657544,14820.429899577854,0.0030330367483398517,50.73267316818237,36.56200885772705,87.29468393325806,-3.051757735406113e-09,1.5258788677030566e-09
2817.022383147209,0.0,500.0,0.9662499999999999,486,9720000,44,0.004347756039351225,5.6999999999999854e-05,3284.0486885307846,16131.730207787834,0.0026206239013087597,50.52523636817932,37.337321519851685,87.86256051063538,-4.577636936176077e-09,5.111694179049664e-08
2743.4581304502835,0.0,500.0,0.9149999999999998,487,9740000,44,0.003855940653011203,5.6499999999999855e-05,3378.9967235218396,17107.07731033167,0.000695079379842024,49.88148283958435,36.761918783187866,86.64340353012085,-7.629394338515283e-10,-2.7465819840699623e-08
2791.1620060669957,0.0,500.0,0.925,488,9760000,44,0.004085679072886705,5.599999999999986e-05,3666.7334276205925,14823.520811653796,0.002722140560735106,50.37861394882202,59.9462776184082,110.32489395141602,-1.0871887390351276e-08,5.9509275729396904e-08
2784.7880487225557,1190.7,500.0,0.9487500000000001,489,9780000,44,0.00399567186832428,5.549999999999986e-05,3319.1678509816475,23476.713395306375,0.006635978163890615,50.503029108047485,36.778456926345825,87.28148818016052,-7.629394338515283e-10,-4.1503906800244295e-07
2770.85585652124,1137.375,500.0,0.9949999999999999,490,9800000,44,0.004111076705157757,5.499999999999986e-05,3495.4076320705262,17630.504556109358,0.0034065119267676575,50.18363928794861,36.77490043640137,86.95854187011719,-4.959106458812812e-09,3.2348632430512225e-06
2714.328899954316,12.15,500.0,0.9775,491,9820000,44,0.004805150907486677,5.449999999999986e-05,3331.4800981844255,16351.431026796752,-0.004155513445803332,49.91872763633728,38.20613408088684,88.1248631477356,-3.2424927187690855e-09,-4.882812376649781e-08
2949.4553765484734,28.35,500.0,0.9350000000000002,492,9840000,44,0.004662335384637117,5.399999999999986e-05,3323.5621305230848,13299.12453988342,-0.003962672398930954,49.90775752067566,62.89535713195801,112.80311608314514,-9.536743617033494e-10,-1.0375976700061074e-07
2755.2173129561293,1172.875,500.0,0.83625,493,9860000,44,0.004194098059087992,5.3499999999999864e-05,3687.4597137064875,22303.871466106593,0.005685530462871885,50.533241271972656,38.12375044822693,88.65699315071106,5.531310964812519e-09,-1.1840820661745965e-06
2786.9717939580755,0.0,500.0,0.9762500000000001,494,9880000,44,0.004483202937990427,5.2999999999999865e-05,3313.887221464765,13882.008593490127,0.007436671163120507,50.426578760147095,38.50226950645447,88.92885065078735,-9.536743617033494e-10,-8.087157965519509e-08
2891.286723365077,0.0,500.0,0.975,495,9900000,44,0.004743515979498625,5.249999999999987e-05,3416.8046685538166,16571.971489207244,0.004619752301951609,50.5584397315979,38.52142000198364,89.07986164093018,-3.433227480087453e-09,2.5939941750152684e-08
2723.6219271749474,0.0,500.0,0.95,496,9920000,44,0.00511486129835248,5.199999999999987e-05,3367.1011513379694,17789.823194602555,0.004641106752630525,50.90947985649109,60.755085706710815,111.6645679473877,-7.534026735811494e-09,3.051757957450718e-08
2771.222512611267,1250.1675,500.0,0.9712500000000001,497,9940000,44,0.0045683602802455425,5.149999999999987e-05,3373.1940338521063,23558.61099369589,0.008073590474380866,50.452340841293335,38.36312460899353,88.81546711921692,9.536743617033494e-10,-1.2451172324290383e-06
2848.444722293286,138.9075,500.0,0.9787500000000001,498,9960000,44,0.0038753331173211336,5.099999999999987e-05,3464.2099120180683,16991.33387375317,-0.00040276843566962995,50.29557251930237,36.78924894332886,87.08482360839844,-1.1444092340440193e-09,-6.713867151120212e-08
2768.812257541418,0.0,500.0,0.91375,499,9980000,44,0.004685797728598118,5.049999999999987e-05,3518.2295761898554,14706.884019682679,0.0075262714464322455,50.4278929233551,38.04385852813721,88.4717538356781,-3.2424927187690855e-09,-4.577636936176077e-09
2811.1300116512516,1059.025,500.0,0.9412499999999998,500,10000000,44,0.0046065812930464745,4.9999999999999874e-05,3550.0163226198956,17505.116113660526,0.0011858867800320842,50.77155542373657,36.68402552604675,87.45558333396912,1.1062621929625038e-08,-3.845214848752221e-07
4137.965764097384,0.0,500.0,0.97,501,10020000,44,0.0036857007071375847,4.9499999999999875e-05,3869.4521171473248,16156.834263001541,0.0031008538006688604,52.28732228279114,60.1994686126709,112.48679232597351,2.8610229740877458e-09,-4.2724607851596375e-08
4387.894532232222,0.0,500.0,0.9237500000000001,502,10040000,44,0.004161451943218708,4.8999999999999876e-05,4164.448804321992,16005.24807770864,-0.0029173982654865918,50.4511284828186,36.70052194595337,87.15165209770203,8.583068478174027e-09,6.866454782539222e-08
4557.911179036413,0.0,500.0,0.9512499999999999,503,10060000,44,0.004316341131925583,4.849999999999988e-05,3972.18316984012,14970.156202379936,0.0033636117841398944,50.79951763153076,36.818275928497314,87.61779522895813,-4.00543198608716e-09,-1.4038086249001935e-07
4807.377659782505,0.0,500.0,1.0,504,10080000,44,0.0032109825406223536,4.799999999999988e-05,4219.318368628604,15029.931539625513,0.0084160652899283,51.05259323120117,40.75168061256409,91.80427694320679,-3.8146971692576415e-10,7.2479249269008506e-09
4601.338273040119,0.0,500.0,0.9712499999999998,505,10100000,44,0.0043996889144182205,4.749999999999988e-05,4201.0411454564,13223.353785893449,0.004223441539359867,51.20644998550415,62.61271548271179,113.81916809082031,-1.678466787780053e-08,-9.155273872352154e-09
4684.64768547648,0.0,500.0,0.9787500000000001,506,10120000,44,0.00403356971219182,4.699999999999988e-05,4498.450803135564,16557.559489505886,0.006999412576640635,51.117267370224,38.19477295875549,89.31204223632812,2.6893616222878336e-08,-3.509521562250484e-08
4579.150954505155,0.0,500.0,0.9550000000000001,507,10140000,44,0.003171452321112156,4.6499999999999883e-05,4367.1035585392465,13728.445145619067,0.003459751067390857,50.53503751754761,36.92111897468567,87.45615839958191,1.907348723406699e-09,-6.408691177739456e-08
4769.797205044464,0.0,500.0,0.9949999999999999,508,10160000,44,0.004050462506711483,4.5999999999999885e-05,4166.22117472518,17581.24496656622,0.0025132782541599096,50.4620635509491,36.74799990653992,87.21006536483765,1.5640258865801115e-08,1.5869140668200998e-07
4655.141345896582,0.0,500.0,1.0,509,10180000,44,0.005092939827591181,4.5499999999999886e-05,3984.1465995270582,14806.278887644461,-0.0016179780405262856,50.27644944190979,36.73519945144653,87.01165103912354,7.438659466174613e-09,-9.460449490461542e-08
4567.672178628203,0.0,500.0,1.0,510,10200000,44,0.0024471860378980637,4.499999999999989e-05,4334.40998248593,13807.22637598808,0.00350199977458579,51.166869163513184,61.032557010650635,112.1994276046753,-1.8692016823251834e-08,8.544921570319275e-08
4790.470050955306,0.0,500.0,1.0,511,10220000,44,0.004889700096100569,4.449999999999989e-05,4097.425097062755,15732.658830298104,-0.0020543918097568558,51.41003370285034,36.40965509414673,87.81969046592712,-7.057189943537878e-09,-5.493163968139925e-08
4797.1007753435215,0.0,500.0,1.0,512,10240000,44,0.005102694034576416,4.399999999999989e-05,3880.9797385756797,14466.351764393621,0.0002353922383407221,51.07596445083618,36.72144556045532,87.79741263389587,4.386901952813105e-09,1.831054774470431e-08
4805.427940220075,0.0,500.0,1.0,513,10260000,44,0.003820528509095311,4.349999999999989e-05,4371.411669820032,16904.161342642798,0.00756237190879905,51.29599690437317,36.80056023597717,88.09655976295471,-6.484985437538171e-09,-2.4414061883248905e-08
4803.468149411802,0.0,500.0,1.0,514,10280000,44,0.003992375917732716,4.299999999999989e-05,4222.6075546914335,17736.9490297447,0.0008473192221291902,50.479899883270264,62.77328944206238,113.25319147109985,8.01086397217432e-09,-2.4414061883248905e-08
4684.599497502112,0.0,500.0,0.975,515,10300000,44,0.004310030024498701,4.2499999999999895e-05,3867.0571210046905,15537.595161007792,0.0011720006454526205,51.2925124168396,38.83161902427673,90.1241340637207,-8.201599399626502e-09,-3.662109548940862e-08
4791.358168029175,0.0,500.0,1.0,516,10320000,44,0.004596391227096319,4.1999999999999896e-05,4044.733132523689,13527.548043904013,0.005712440306863612,50.72776556015015,36.56285524368286,87.2906219959259,2.8610229740877458e-09,3.9672851670502496e-08
4553.939320079607,0.0,500.0,0.975,517,10340000,44,0.0036454536020755768,4.14999999999999e-05,4136.676728348463,14153.462415232072,-0.0006889028091415532,51.459598779678345,36.87844729423523,88.33804774284363,-3.8146971692576415e-10,-3.662109548940862e-08
4693.265225390658,0.0,500.0,0.9925,518,10360000,44,0.0028475977014750242,4.09999999999999e-05,4341.79146499546,17993.505306617026,0.0002730185223874069,50.30556797981262,64.3397045135498,114.6452739238739,2.2888184680880386e-09,3.9672851670502496e-08
4445.715491019856,0.0,500.0,0.9574999999999999,519,10380000,44,0.004059031140059233,4.04999999999999e-05,4412.011018777195,17204.248397177464,0.0033868158357250057,51.33249282836914,36.672571897506714,88.00506782531738,-7.057189943537878e-09,1.525878978725359e-08
4807.637463859286,0.0,500.0,1.0,520,10400000,44,0.003794686170294881,3.99999999999999e-05,4208.568323308771,16410.667257890604,0.0008122902616397108,50.4025239944458,36.63102126121521,87.03354740142822,0.0,0.0
4803.78971861575,0.0,500.0,1.0,521,10420000,44,0.0028423911426216364,3.94999999999999e-05,4030.9262915502622,14588.036644903783,0.007034981000523584,50.862152338027954,37.25808572769165,88.12023997306824,-5.149841442175784e-09,5.7983399415206804e-08
4587.541395458205,0.0,500.0,0.9875,522,10440000,44,0.003923953045159578,3.8999999999999904e-05,4219.168765367655,13410.186018756125,0.004727172885703403,50.63590145111084,38.608351707458496,89.24425506591797,-1.9073485846288207e-10,2.1362303925798187e-08
4476.278719632503,0.0,500.0,0.93125,523,10460000,44,0.0032772517297416925,3.8499999999999906e-05,4429.080544492592,17684.151403675147,0.006521001781625791,50.86590886116028,61.27066254615784,112.13657355308533,1.0490417423625331e-08,-3.9672851670502496e-08
4694.4373337189645,0.0,500.0,0.98125,524,10480000,44,0.004613845609128475,3.799999999999991e-05,4608.1032983847945,14579.930590103904,0.0019832824423702345,50.8229284286499,36.60988092422485,87.43281173706055,3.2424927187690855e-09,8.544921570319275e-08
4781.178457487833,0.0,500.0,1.0,525,10500000,44,0.00341749656945467,3.749999999999991e-05,4133.867388761496,13648.364492295663,0.007568284158829479,49.745112895965576,36.73619794845581,86.48131275177002,8.201599399626502e-09,3.356933575560106e-08
4679.226776416451,0.0,500.0,0.97625,526,10520000,44,0.004666619468480349,3.699999999999991e-05,4315.253471155024,14471.493425656792,0.009688296911796453,50.812987089157104,37.028671979904175,87.84166026115417,4.386901952813105e-09,-2.1362303925798187e-08
4662.415112823755,0.0,500.0,0.9737500000000001,527,10540000,44,0.003202927764505148,3.649999999999991e-05,4293.964166674158,15189.98026000836,0.004094591365671117,50.716020345687866,61.97644352912903,112.69246530532837,1.4686584393075464e-08,1.0375976700061074e-07
4790.819845667112,0.0,500.0,1.0,528,10560000,44,0.004434335511177778,3.599999999999991e-05,4734.748801280769,13671.269655602986,0.0070813253814766075,50.66456365585327,37.04486155509949,87.70942687988281,4.386901952813105e-09,-4.577636936176077e-09
4726.178690929037,0.0,500.0,0.98375,529,10580000,44,0.004564872942864895,3.5499999999999914e-05,4158.261857817444,15608.349125729332,-0.003094452569714396,50.45851135253906,36.67270755767822,87.13122081756592,6.294250454175199e-09,-5.493163968139925e-08
4760.749449040057,0.0,500.0,0.9912500000000002,530,10600000,44,0.003835125360637903,3.4999999999999916e-05,4197.223357767998,12451.807092875139,0.002854199214591682,50.56023573875427,38.30881381034851,88.86905169487,2.0980834847250662e-09,-1.678466787780053e-08
4800.00917055164,0.0,500.0,1.0,531,10620000,44,0.002814980922266841,3.449999999999992e-05,3951.251755410426,12667.857688245345,0.0041282992927297,51.06629681587219,38.4794237613678,89.5457227230072,-4.959106458812812e-09,-4.2724607851596375e-08
4810.967394079588,0.0,500.0,1.0,532,10640000,44,0.002843613736331463,3.399999999999992e-05,4604.062235912327,16966.535416685398,0.00404573482740858,50.9844126701355,62.650540590286255,113.63495540618896,-3.2424927187690855e-09,-5.6457519548303026e-08
4788.882110575163,0.0,500.0,1.0,533,10660000,44,0.0030458562541753054,3.349999999999992e-05,4538.567454470864,12644.889404683174,0.001601396691253981,50.80037260055542,36.702226638793945,87.502601146698,-1.907348723406699e-09,-1.708984314063855e-07
4803.733240440429,0.0,500.0,1.0,534,10680000,44,0.0021752426400780678,3.299999999999992e-05,4379.389233904138,15790.934578530121,0.00704461368642398,50.30962133407593,36.60893130302429,86.91855454444885,5.7220459481754915e-09,1.4343261511839955e-07
4807.185187179726,0.0,500.0,1.0,535,10700000,44,0.003009219653904438,3.249999999999992e-05,3905.2496087147806,13747.611071412117,0.0070220918230652395,50.635297775268555,36.23075294494629,86.8660523891449,-6.294250454175199e-09,1.1444092340440193e-09
4660.434550325702,0.0,500.0,1.0,536,10720000,44,0.003098218236118555,3.1999999999999924e-05,3714.0843443349263,15184.084370884166,0.005292092364661072,50.619064807891846,61.562711000442505,112.18177771568298,-2.8610229740877458e-09,-2.1362303925798187e-08
4741.523068372202,0.0,500.0,1.0,537,10740000,44,0.004455930553376675,3.1499999999999925e-05,4071.0525177142426,14696.824790998488,0.004864798918342586,50.985193729400635,36.4027156829834,87.38791131973267,-2.1362303925798187e-08,1.525878978725359e-08
4687.426659436053,0.0,500.0,0.975,538,10760000,44,0.0044289142824709415,3.099999999999993e-05,4505.205665790308,15186.872980080485,-0.0011629769208833525,50.92790508270264,40.540855169296265,91.46876239776611,3.814697446813398e-09,1.831054774470431e-08
4731.097360307718,0.0,500.0,0.98375,539,10780000,44,0.0021908478811383247,3.0499999999999928e-05,4606.250086811799,15295.980615894594,6.319864447950949e-05,50.397130250930786,38.232709884643555,88.6298418045044,5.912780931538464e-09,-1.2207030941624453e-08
4608.042595171425,519.96375,500.0,0.9912500000000002,540,10800000,44,0.004775800742208958,2.999999999999993e-05,4301.130361225581,22182.345045293845,0.002765376482610896,51.39204406738281,63.89769697189331,115.2897424697876,1.7166137400437265e-09,3.662109548940862e-08
4691.107787706124,635.5112499999999,500.0,1.0,541,10820000,44,0.003273630980402231,2.9499999999999928e-05,4339.742450604367,13011.604422127008,0.007794046799022109,51.01651692390442,38.20133566856384,89.2178544998169,4.386901952813105e-09,1.3732909920349812e-08
4801.913940778518,0.0,500.0,1.0,542,10840000,44,0.0034030929673463106,2.899999999999993e-05,4381.703330229835,14093.550106140769,0.0025349367878887957,51.08190369606018,38.06430244445801,89.14620804786682,4.577636936176077e-09,-6.103515470812226e-09
4804.423834569827,0.0,500.0,1.0,543,10860000,44,0.0020073663908988237,2.849999999999993e-05,4241.359390170994,11737.230471910623,0.0023293969327513177,50.328853130340576,36.94835186004639,87.2772068977356,2.2888184680880386e-09,1.831054774470431e-08
4788.234603755451,0.0,500.0,1.0,544,10880000,44,0.0036420817486941814,2.799999999999993e-05,4667.208301381768,13836.428104203096,0.002032986784691979,50.44839859008789,36.41026973724365,86.8586699962616,1.1444092340440193e-09,-3.051757735406113e-09
4766.174163895893,0.0,500.0,1.0,545,10900000,44,0.0031627421267330647,2.749999999999993e-05,4063.802916584959,15746.037387650362,0.00037734913383851684,50.272247314453125,61.563350200653076,111.8355987071991,-5.722046170220096e-10,-1.2817382355478912e-07
4659.541872012489,0.0,500.0,0.975,546,10920000,44,0.0033540858421474695,2.699999999999993e-05,4143.92395598979,14165.837751557556,0.001687681131120889,50.363059997558594,38.22860360145569,88.59166502952576,-3.814697446813398e-09,1.2207030941624453e-08
4809.566231406459,0.0,500.0,1.0,547,10940000,44,0.0037426352500915527,2.6499999999999933e-05,3648.926610738142,15579.244536967217,0.008629425209641491,50.746849060058594,36.64084339141846,87.38769483566284,9.53674295089968e-09,-1.2207030941624453e-08
4613.575967383472,0.0,500.0,0.9850000000000001,548,10960000,44,0.004059712868183851,2.5999999999999934e-05,4573.405806950787,12943.879732437046,0.00021762878010965782,50.88669204711914,36.49455547332764,87.38125014305115,4.959106458812812e-09,-1.2207030941624453e-08
4627.965326394343,0.0,500.0,0.9649999999999999,549,10980000,44,0.0029664100147783756,2.5499999999999935e-05,4448.806749174866,12777.212903372849,0.001435263569681649,51.29950404167175,63.55971002578735,114.8592164516449,1.1444092340440193e-09,3.051757735406113e-09
4686.687506767333,0.0,500.0,1.0,550,11000000,44,0.004485981073230505,2.4999999999999937e-05,4577.712634298415,13504.0954366493,0.008573594011320284,51.863821029663086,36.48305010795593,88.34687280654907,-4.959106458812812e-09,-2.7465819840699623e-08
4554.801720388352,0.0,500.0,0.95,551,11020000,44,0.0029945147689431906,2.4499999999999938e-05,4350.5439396936135,12649.34413071469,-0.0013038082787715074,51.08533596992493,38.30440902709961,89.38974785804749,7.629394338515283e-10,2.1362303925798187e-08
4792.303440896123,0.0,500.0,1.0,552,11040000,44,0.003507996443659067,2.399999999999994e-05,4877.739815206056,14778.783108657468,0.0026187842257130115,54.163538694381714,39.89376950263977,94.05731081962585,-4.00543198608716e-09,-3.051757735406113e-09
4805.934529122023,0.0,500.0,1.0,553,11060000,44,0.003997414372861385,2.349999999999994e-05,4730.213516779681,14218.53498965001,0.002654156685802524,51.65215182304382,38.083128690719604,89.73528385162354,-1.5258788677030566e-09,3.9672851670502496e-08
4615.52570549947,0.0,500.0,0.9612499999999999,554,11080000,44,0.002850366523489356,2.2999999999999942e-05,4801.773258433106,15344.836546481958,0.005625333513349715,52.03050231933594,66.29023909568787,118.32074356079102,2.479553229406406e-09,6.866454782539222e-08
4699.460177349935,0.0,500.0,0.9775,555,11100000,44,0.004378506913781166,2.2499999999999944e-05,4105.856792665049,16796.76299651994,0.00485836339398299,57.876904010772705,42.65530204772949,100.53220987319946,7.057189943537878e-09,1.1444091896350983e-08
4742.352547403872,0.0,500.0,0.9862500000000001,556,11120000,44,0.0036230876576155424,2.1999999999999945e-05,4171.386660489169,11136.504318184627,0.002776976385665843,52.03719186782837,38.81704092025757,90.85423564910889,1.1444092340440193e-09,7.629394893626795e-09
4569.3976465416,0.0,500.0,0.95,557,11140000,44,0.003918047994375229,2.1499999999999947e-05,4701.656970692449,13614.091915573981,0.008219100509060738,51.33413767814636,37.72242069244385,89.05656170845032,-9.536743617033494e-10,-5.340575981449547e-09
4725.144272979836,0.0,500.0,0.9825000000000002,558,11160000,44,0.0033669942058622837,2.0999999999999948e-05,5130.5851319623625,14813.576850109737,-0.0031506157813350464,51.50232744216919,64.63212394714355,116.1344542503357,3.8146971692576415e-10,3.051757735406113e-09
4689.126381655753,0.0,500.0,0.9775,559,11180000,44,0.0030432608909904957,2.049999999999995e-05,4691.4589946645865,14457.499820300982,0.009402590560471887,51.522674322128296,39.20970010757446,90.73237633705139,-7.629394338515283e-10,4.577636936176077e-09
4735.360116345866,0.0,500.0,0.99,560,11200000,44,0.0038414280861616135,1.999999999999995e-05,4438.488069417973,14653.147128229175,-0.0011017428829548483,51.74788188934326,38.9287633895874,90.67664790153503,-3.8146971692576415e-10,2.5939941750152684e-08
4760.638749550868,0.0,500.0,0.9912500000000002,561,11220000,44,0.004429095424711704,1.9499999999999952e-05,4381.139133607011,11845.1257240989,0.010916788561728605,52.12888169288635,38.748594999313354,90.87747955322266,-2.2888184680880386e-09,-6.103515470812226e-09
4515.769118374584,0.0,500.0,0.98375,562,11240000,44,0.002359130186960101,1.8999999999999954e-05,4016.29575677132,13533.297512813871,0.001551640762878374,51.88508462905884,38.87973165512085,90.76481795310974,3.814697446813398e-09,-7.324219097881723e-08
4803.325517057717,0.0,500.0,1.0,563,11260000,44,0.0036563652101904154,1.8499999999999955e-05,4201.205359596103,13779.894168094332,0.005805038479764992,51.53628206253052,62.49599742889404,114.03228187561035,4.00543198608716e-09,7.629394893626795e-09
4809.099670482147,0.0,500.0,1.0,564,11280000,44,0.0025870604440569878,1.7999999999999956e-05,4323.4818781072445,11469.38158256083,0.007916070597405171,50.954084396362305,37.227973222732544,88.18205904960632,-6.866454960174906e-09,4.882812376649781e-08
4675.485986201546,0.0,500.0,1.0,565,11300000,44,0.0019562903326004744,1.7499999999999958e-05,4429.046130023426,15978.007631852794,-0.00498588690120953,51.61359643936157,37.52394080162048,89.13753962516785,3.8146971692576415e-10,1.602172794434864e-08
4784.634765972321,0.0,500.0,1.0,566,11320000,44,0.003109677229076624,1.699999999999996e-05,4540.028340259548,14146.188590520545,0.010910027896106872,51.38918590545654,38.17794370651245,89.56713151931763,-1.1444092340440193e-09,1.9836425835251248e-08
4801.94324649143,0.0,500.0,1.0,567,11340000,44,0.003761672880500555,1.649999999999996e-05,4256.710246131116,13052.409413643893,0.001575527244194714,52.24880599975586,63.51874876022339,115.76755714416504,5.912780931538464e-09,4.425048771850015e-08
4794.452561294793,0.0,500.0,1.0,568,11360000,44,0.001918141613714397,1.5999999999999962e-05,3819.2411986813036,11873.669740560552,-0.0017488138169525524,51.8341703414917,37.18022632598877,89.01439809799194,-1.9454956756703723e-08,-1.678466787780053e-08
4797.0993146301025,0.0,500.0,1.0,569,11380000,44,0.004067020956426859,1.5499999999999963e-05,4364.0019287530795,11213.336017358426,0.0003012295990742387,51.08410835266113,36.73606729507446,87.82017731666565,1.7166137400437265e-09,3.3950804834148585e-08
4794.025637229002,0.0,500.0,1.0,570,11400000,44,0.0036700130440294743,1.4999999999999965e-05,4035.3714287058806,14201.562192717136,0.004020445296007409,52.08819937705994,40.41281199455261,92.50101327896118,-1.7166137400437265e-09,1.0681151962899094e-08
4655.546560136048,0.0,500.0,0.975,571,11420000,44,0.0033491875510662794,1.4499999999999966e-05,4632.316256190608,13234.726280712834,0.005932552726296692,51.3543598651886,64.13807725906372,115.49243831634521,1.9073485846288207e-10,1.205444277729839e-07
4756.627265216514,0.0,500.0,1.0,572,11440000,44,0.0017433175817131996,1.3999999999999968e-05,4302.411857947382,11759.684398795986,-0.0025667607863913253,52.24543309211731,38.25229501724243,90.49772953987122,1.5258788677030566e-09,8.544921570319275e-08
4698.253435812917,0.0,500.0,1.0,573,11460000,44,0.004609241615980864,1.3499999999999969e-05,4790.623644636745,12663.889581045978,0.010792447124249907,51.8077232837677,38.103679180145264,89.91140413284302,2.2888184680880386e-09,0.0
4679.269345755448,0.0,500.0,1.0,574,11480000,44,0.0025490368716418743,1.299999999999997e-05,4512.437875376746,14395.245504434144,0.0003725704370949083,51.36413383483887,39.24072480201721,90.60486078262329,1.3351439953623867e-09,3.8909913513407446e-08
4810.382532985723,0.0,500.0,1.0,575,11500000,44,0.003268101019784808,1.2499999999999972e-05,4570.18236057997,14108.9745821234,0.007695515187614211,51.842487812042236,38.20422077178955,90.04671096801758,-2.8610229740877458e-09,2.250671471415444e-08
4659.062195418248,0.0,500.0,1.0,576,11520000,44,0.0025367671623826027,1.1999999999999973e-05,4244.143932733217,13139.492693515862,0.003898908558398886,52.4421591758728,64.56966805458069,117.01182866096497,3.814697446813398e-09,-5.187988350030537e-08
4769.548348801243,0.0,500.0,1.0,577,11540000,44,0.002794201485812664,1.1499999999999975e-05,4156.026802967278,12368.384001702241,0.003953735504501153,51.113250732421875,37.50308918952942,88.61634135246277,1.2207030941624453e-08,-3.738403364650367e-08
4688.599822388624,0.0,500.0,1.0,578,11560000,44,0.0024086791090667248,1.0999999999999976e-05,4684.1667424279885,11077.152435794387,0.0015844128195957846,52.358280420303345,38.26263427734375,90.62091660499573,1.9073485846288207e-10,-1.098632793627985e-07
4680.47059211684,0.0,500.0,0.975,579,11580000,44,0.0035084555856883526,1.0499999999999977e-05,3966.683337774595,13445.47855523815,-0.0017648499435048562,52.751380443573,38.472745180130005,91.22412729263306,-5.149841442175784e-09,-1.7166136956348055e-08
4808.079611567057,0.0,500.0,1.0,580,11600000,44,0.0013744860189035535,9.999999999999977e-06,4789.489581425253,12723.279006308325,0.0014347977747310647,52.985909938812256,63.78092813491821,116.76684021949768,-5.340575981449547e-09,-9.613037121880552e-08
4805.958391804188,0.0,500.0,1.0,581,11620000,44,0.00244312034919858,9.499999999999979e-06,4062.3556030062728,13392.663686491129,0.0042493894249932265,52.97632598876953,37.784919023513794,90.76124691963196,2.479553229406406e-09,-1.2207030941624453e-08
4811.434713735531,0.0,500.0,1.0,582,11640000,44,0.001062814611941576,8.99999999999998e-06,4033.6668442351906,13062.831728989016,0.005659101999116155,51.814284563064575,38.74291014671326,90.5571961402893,-1.5258788677030566e-09,-3.509521562250484e-08
4687.412300456957,0.0,500.0,1.0,583,11660000,44,0.002878202823922038,8.499999999999981e-06,4787.942454277714,10882.355495861128,0.004545473653154118,52.289660930633545,37.442235469818115,89.73189806938171,3.8146971692576415e-10,7.629394893626795e-09
4807.309879680184,0.0,500.0,1.0,584,11680000,44,0.0014873396139591932,7.999999999999983e-06,5147.736416201048,14050.53099412995,0.003965856641686657,52.58425259590149,39.492433071136475,92.07668805122375,0.0,-5.187988350030537e-08
4690.640188776777,0.0,500.0,0.975,585,11700000,44,0.003323804819956422,7.499999999999984e-06,4644.924685145686,13754.532158117438,0.00019712160682448768,51.282084465026855,64.32873201370239,115.61081838607788,-4.1961669694501325e-09,-2.1362303925798187e-08
4803.140314797345,0.0,500.0,1.0,586,11720000,44,0.0028597586788237095,6.9999999999999855e-06,4324.26076568147,13210.523066337419,0.007930705768645123,51.679116010665894,38.24740982055664,89.92652726173401,-7.438659466174613e-09,4.577636936176077e-09
4809.647699449657,0.0,500.0,1.0,587,11740000,44,0.0034921325277537107,6.499999999999987e-06,4048.94747686002,11128.702707692311,0.0010833232704263612,51.635228633880615,37.13501453399658,88.77024483680725,3.051757735406113e-09,2.4414061883248905e-08
4810.815037287362,0.0,500.0,1.0,588,11760000,44,0.0027853213250637054,5.999999999999988e-06,4750.366717725958,12281.750725749447,0.005613038961074162,51.6232123374939,37.326743602752686,88.94995784759521,-2.8610229740877458e-09,-1.525878978725359e-08
4726.068518042112,0.0,500.0,0.9825000000000002,589,11780000,44,0.001170203904621303,5.499999999999989e-06,5209.529317559526,11599.450691179247,0.008110665718022648,51.6627094745636,63.39778161048889,115.0604932308197,-9.53674295089968e-09,-2.4414061883248905e-08
4669.969429453811,0.0,500.0,0.9925,590,11800000,44,0.0028033743146806955,4.999999999999989e-06,4874.404930299116,12215.470540423114,0.0005031054462649151,50.867756843566895,37.44809889793396,88.31585788726807,-3.6239624634504253e-09,-7.934570334100499e-08
4668.970743772799,0.0,500.0,1.0,591,11820000,44,0.002844356233254075,4.499999999999991e-06,4688.529272222135,13634.185115098679,0.006345901505543901,51.46614384651184,37.09322500228882,88.55937075614929,7.629394338515283e-10,1.907348723406699e-09
4570.565324937762,0.0,500.0,0.975,592,11840000,44,0.0034480609465390444,3.999999999999991e-06,5008.172451708479,11767.677852617446,0.0037177337147817936,51.103874921798706,37.11502742767334,88.21890425682068,-3.051757735406113e-09,-2.8991699707603402e-08
4683.4582135592045,0.0,500.0,1.0,593,11860000,44,0.002808176912367344,3.4999999999999923e-06,4465.267606184315,15086.66707555773,-0.0007403325917112445,51.872684955596924,37.315155029296875,89.18784213066101,-4.76837147544984e-09,-9.155273872352154e-09
4767.1746136372985,0.0,500.0,0.99375,594,11880000,44,0.002878125524148345,2.9999999999999937e-06,4015.5384681973824,11241.819748679842,-0.0024822194860876787,51.488502979278564,64.40197229385376,115.89047741889954,3.8146971692576415e-10,-3.2424927187690855e-09
4550.752863167928,0.0,500.0,0.95625,595,11900000,44,0.002218610839918256,2.4999999999999947e-06,4582.1472367088045,13038.83192670359,0.00307368671883785,52.34221816062927,38.80877327919006,91.15099334716797,7.820129432900558e-09,4.577636936176077e-09
4685.270615903176,0.0,500.0,0.975,596,11920000,44,0.0027339973021298647,1.9999999999999957e-06,4196.753612031048,11290.32713965799,0.007468743191968212,51.41629910469055,37.64109754562378,89.05739831924438,5.722046170220096e-10,1.9836425835251248e-08
4805.9752711869805,0.0,500.0,1.0,597,11940000,44,0.0002798510540742427,1.4999999999999966e-06,4429.275452941964,13972.986808574928,0.0020971157717943442,51.66806602478027,37.2974488735199,88.96551656723022,-5.722046170220096e-10,-4.425048771850015e-08
4568.318820919097,0.0,500.0,0.975,598,11960000,44,0.0007107060519047081,9.999999999999978e-07,4534.863672605456,10930.116164897747,0.006141701167901084,52.004581928253174,64.6151659488678,116.61974930763245,1.7166137400437265e-09,0.0
4806.196531387328,0.0,500.0,1.0,599,11980000,44,0.00014110974734649062,4.999999999999989e-07,4015.828631999166,12240.578544274298,0.0024275710546844682,51.52024459838867,38.914857149124146,90.43510341644287,1.3351439953623867e-09,1.831054774470431e-08
4763.505515673033,0.0,500.0,1.0,600,12000000,44,0.0001677098625805229,0.0,4053.191366250551,11704.121103021163,0.0011392727059725313,51.972766160964966,39.395691871643066,91.36845970153809,-2.8610229740877458e-09,-4.2724607851596375e-08
