Metrics/EpRet,Metrics/EpCost,Metrics/EpLen,Metrics/EpSuccess,Train/Epoch,Train/TotalSteps,Train/StopIter,Train/KL,Train/LagragianMultiplier,Train/LR,Loss/Loss_reward_critic,Loss/Loss_cost_critic,Loss/Loss_actor,Time/Rollout,Time/Update,Time/Total,Value/RewardAdv,Value/CostAdv
317.6208630187333,13.6875,500.0,0.0,1,20000,40,0.0094846710562706,0.0,0.00029959999999999996,7.169998206462287,257.9535020325168,-0.006029790148464668,57.44286108016968,31.001256942749023,88.44412064552307,2.1953582063360955e-07,-4.15802006159538e-08
316.5463462092315,1147.61,500.0,0.0,2,40000,40,0.004832487553358078,0.02563432604074478,0.00029919999999999995,3.979652505127501,61953.341808170946,-0.030714281517246006,58.72107553482056,28.733903169631958,87.45498061180115,-2.3918153146951227e-07,-2.4414063659605745e-07
317.666653332598,106.8525,500.0,0.0,3,60000,40,0.006829617079347372,0.047031063586473465,0.00029879999999999994,1.0318789419022543,4.999445133307312,-0.0027539870668205585,61.42302703857422,29.861665964126587,91.2846941947937,-1.754760781125242e-08,1.602172794434864e-08
319.43683260454645,5.984999999999999,500.0,0.0,4,80000,40,0.006956900004297495,0.06421006470918655,0.00029839999999999993,0.3930941336847182,3.208196029255662,-0.0035633932277442347,58.913814067840576,30.27932071685791,89.19313669204712,-5.779266416539031e-07,-4.577636936176077e-09
318.7436239564057,3.9899999999999998,500.0,0.0,5,100000,40,0.007318695075809956,0.07836935669183731,0.0002979999999999999,0.23262554033883387,1.5440757238978071,-0.003969917715327443,55.4781858921051,32.85368275642395,88.33187079429626,-2.526283253700967e-07,-2.9373168786150927e-08
317.7650291828238,0.0,500.0,0.0,6,120000,40,0.00790038425475359,0.09016157686710358,0.0002975999999999999,0.1654981624052117,0.7448212239749824,-0.005204079674646742,59.91473174095154,30.851734399795532,90.76646900177002,1.0848045803868445e-06,-1.440048258416482e-08
318.46595672293427,0.0,500.0,0.0,7,140000,40,0.008981221355497837,0.10006119310855865,0.0002971999999999999,0.1411306798717455,0.6859052910740617,-0.005067638927242495,57.24003577232361,31.012364387512207,88.25240135192871,-2.918243353633443e-07,-2.2888184680880386e-09
318.6508869189768,0.0,500.0,0.0,8,160000,40,0.00554556492716074,0.10839831829071045,0.0002967999999999999,0.11745736589537391,0.5365328226568579,-0.004061661723668133,56.98514676094055,28.94657254219055,85.93172073364258,5.939483571637538e-07,1.5711783873939567e-08
319.81658432144025,0.0,500.0,0.0,9,180000,40,0.010483142919838428,0.11541520804166794,0.0002963999999999999,0.1286826438400187,0.6572279135166089,-0.005120873398293411,59.8817572593689,27.49356484413147,87.37532496452332,1.5039444178910344e-07,-2.479553229406406e-09
319.202165137555,0.0,500.0,0.0,10,200000,40,0.007933191955089569,0.12129691988229752,0.0002959999999999999,0.11622987474916102,0.40773755404390866,-0.003553924272356325,59.362751722335815,28.1159348487854,87.47868776321411,-4.015445824734343e-07,5.197525076994225e-09
319.41522674038754,0.0,500.0,0.0,11,220000,40,0.007167079020291567,0.12618929147720337,0.00029559999999999987,0.10562566441448429,0.7857618359448034,-0.00575719057262545,58.464930295944214,30.206758975982666,88.67169070243835,-4.35447702784586e-07,3.0899048653054706e-08
319.84065761950035,0.0,500.0,0.0,12,240000,40,0.009164739400148392,0.13021010160446167,0.00029519999999999986,0.10607273327068814,1.95937827408691,-0.007110583041779862,59.18979239463806,28.794902801513672,87.98469662666321,1.1839866687068934e-07,-3.051757735406113e-09
319.0685262283995,0.0,500.0,0.0,13,260000,40,0.009394141845405102,0.13345643877983093,0.00029479999999999985,0.8801851848706226,10.030295980768868,-0.007576430346035764,62.12868046760559,30.54979968070984,92.67848181724548,-1.6403198799253005e-08,8.31604012319076e-08
319.63915315387885,0.0,500.0,0.0,14,280000,40,0.007184768561273813,0.13600964844226837,0.00029439999999999984,0.130069968311847,50.726347278945056,-0.005037435794711891,58.427467823028564,28.596087217330933,87.02355718612671,-2.8400421570040635e-07,7.019043124500968e-08
320.7561109568129,0.0,500.0,0.0,15,300000,40,0.007228481117635965,0.13793879747390747,0.00029399999999999983,0.1329210922735024,39.4960858183571,-0.004155984871447546,57.55497360229492,30.93591070175171,88.49088621139526,-2.593994281596679e-07,1.8310547034161573e-07
318.03176205011505,0.0,500.0,0.0,16,320000,40,0.009663048200309277,0.13930323719978333,0.0002935999999999998,0.11509022199183325,17.289038519391532,-0.005190008244097021,61.84025478363037,28.121105670928955,89.96136283874512,-3.479003964912408e-07,1.739501982456204e-07
317.05875305673237,0.0,500.0,0.0,17,340000,40,0.009582232683897018,0.14015445113182068,0.0002931999999999998,0.5323967154927646,2.246464097386674,-0.007645450562313847,60.726678133010864,27.949596166610718,88.6762752532959,-2.6082991766429586e-08,-1.3351439953623867e-09
317.87113047128,0.0,500.0,0.0,18,360000,40,0.00964338518679142,0.14053744077682495,0.0002927999999999998,0.15937538157818437,1.4224570955656752,-0.007534746829084345,56.531370401382446,28.505237102508545,85.03660869598389,-1.205444277729839e-07,1.8692016823251834e-08
319.96248835499335,0.0,500.0,0.0,19,380000,40,0.008316733874380589,0.14049187302589417,0.0002923999999999998,0.11417266095080708,0.8962583486415163,-0.007698162078718903,54.75453209877014,29.44333553314209,84.19786930084229,-3.986358620977626e-08,-6.580352707175052e-09
319.87139498661975,0.0,500.0,0.0,20,400000,40,0.010473822243511677,0.14005285501480103,0.0002919999999999998,0.11532146557222439,0.6671836746267126,-0.008513674378370029,56.458205461502075,31.207622528076172,87.66582989692688,-1.2187958020604128e-07,-8.201599399626502e-09
320.61548031666996,0.0,500.0,0.0,21,420000,40,0.012829747051000595,0.13925166428089142,0.00029159999999999977,0.11281277148783961,0.5164304936045333,-0.00966711987868759,61.64254641532898,30.99634575843811,92.63889336585999,6.151199016812825e-08,1.3828277412031298e-09
321.2342943149896,0.0,500.0,0.0,22,440000,40,0.010536100715398788,0.1381162852048874,0.00029119999999999976,0.1256454854826384,0.4153927486908587,-0.00836704327117746,60.044771909713745,28.730819702148438,88.77559328079224,-1.6527175716873899e-07,4.780292606199055e-09
311.12947554222455,0.0,500.0,0.0,23,460000,40,0.00831788219511509,0.13667181134223938,0.00029079999999999975,8.020612057100369,0.996278200562619,-0.0035464792598195113,69.89452385902405,29.540464401245117,99.43498921394348,-1.8596648665436533e-09,2.4604798198879507e-08
309.0328514739006,0.0,500.0,0.0,24,480000,40,0.01305945124477148,0.13494086265563965,0.00029039999999999974,1.9044548400123662,0.7235184968460964,-0.010065635779314039,62.907689809799194,28.550034284591675,91.45772528648376,-1.7166137400437265e-09,-1.5258788677030566e-09
315.8875040112303,0.0,500.0,0.0,25,500000,40,0.012732508592307568,0.13294388353824615,0.00028999999999999973,1.3254418137330044,0.46789205173337006,-0.010236891943267311,62.85110569000244,30.49759316444397,93.34869980812073,-1.115798919926192e-08,-1.1444092340440193e-09
307.9888728747755,0.0,500.0,0.0,26,520000,40,0.009662800468504429,0.13069936633110046,0.0002895999999999997,2.676767187716463,0.4193172179634058,-0.006363859769274463,61.005101919174194,37.91933608055115,98.9244430065155,-4.291534350109316e-10,2.0408631229429375e-08
312.0880614479076,0.0,500.0,0.0,27,540000,40,0.008266233839094639,0.12822408974170685,0.0002891999999999997,0.8646967853171916,0.32455523961895627,-0.007096417604457834,55.62539553642273,32.17563724517822,87.80103540420532,-4.100799699813251e-09,-9.346008411625917e-09
316.1733420231666,719.42125,500.0,0.0,28,560000,40,0.007468367926776409,0.13659952580928802,0.0002887999999999997,1.3529780407730914,32348.066379816246,-0.11462038392083176,64.41840267181396,31.52633047103882,95.94473481178284,2.574920721087892e-09,-1.3183594091970008e-06
310.3800986452594,718.40375,500.0,0.0,29,580000,40,0.006035815458744764,0.1525525003671646,0.0002883999999999997,5.084080214477793,31266.11720935906,-0.08230661780726684,58.18473768234253,31.154547214508057,89.33928632736206,7.891655329217429e-09,-1.3427734302240424e-07
312.00863565050213,0.0,500.0,0.0,30,600000,40,0.009020620957016945,0.16674956679344177,0.0002879999999999997,1.3669954604740384,27.961177607578566,-0.016445637422929153,59.346410512924194,33.77666687965393,93.12307906150818,1.287460360543946e-08,-1.8310547034161573e-07
311.54859852862756,0.0,500.0,0.0,31,620000,40,0.009142118506133556,0.1793423891067505,0.00028759999999999967,0.6407714550772422,66.09534331348878,-0.01835368672839684,61.513333559036255,30.813556671142578,92.32689213752747,3.7193297330873065e-09,1.4343261511839955e-07
313.3657044006633,0.0,500.0,0.0,32,640000,40,0.011193789541721344,0.19046899676322937,0.00028719999999999966,0.4818181460322459,18.579701318620128,-0.015400918296323146,54.75143361091614,27.85866141319275,82.61009621620178,1.5258788677030566e-09,1.3122559039402404e-07
313.35596710469235,81.325,500.0,0.0,33,660000,40,0.008883073925971985,0.20138141512870789,0.00028679999999999965,0.46385508293309546,83.59775775580466,-0.03593733752753491,59.612266063690186,26.816097021102905,86.42836546897888,-5.531310964812519e-09,-1.678466787780053e-07
315.2888991498943,0.0,500.0,0.0,34,680000,40,0.009202648885548115,0.21096757054328918,0.00028639999999999964,0.9760927043808034,9.318329102027265,-0.012944211193236604,53.982462882995605,24.57614779472351,78.55861330032349,-4.291534350109316e-10,-7.324219097881723e-08
319.62692044662776,955.2012500000001,500.0,0.0,35,700000,40,0.006718889810144901,0.2295999825000763,0.00028599999999999963,0.470597761331857,42734.0910035915,-0.13728151351119144,52.926695108413696,25.15512466430664,78.08182096481323,1.8119812317252126e-09,-1.4892577837599674e-06
311.17091246303136,50.27375,500.0,0.0,36,720000,40,0.009243236854672432,0.24687480926513672,0.0002855999999999996,0.5003235154231138,35.66872501071495,-0.024336535955007083,52.21675896644592,26.613388299942017,78.83014845848083,3.337859988405967e-10,1.739501982456204e-07
315.6574274991433,138.62875000000003,500.0,0.0,37,740000,40,0.008277649991214275,0.26397302746772766,0.0002851999999999996,0.7021120192600957,34.31087597095514,-0.049768214825470045,54.79697299003601,25.412840843200684,80.20981669425964,-6.675720420901143e-09,3.204345588869728e-08
314.113218692625,7.296250000000001,500.0,0.0,38,760000,40,0.010324104689061642,0.2793180048465729,0.0002847999999999996,0.1806758632482607,4.846351627760296,-0.01336959523238725,54.37977457046509,24.765262126922607,79.14503788948059,1.6975402417074292e-08,2.479553229406406e-09
317.9822787758462,0.0,500.0,0.0,39,780000,40,0.011412175372242928,0.29296964406967163,0.0002843999999999996,0.2245401749788206,4.708300250089621,-0.01407952604902307,52.43147683143616,28.67375135421753,81.10522937774658,-6.008148201175345e-09,-7.629394338515283e-10
317.71588513192665,346.025,500.0,0.0,40,800000,40,0.007798841223120689,0.309221476316452,0.0002839999999999996,3.4347639438896618,11567.05155589988,-0.15430235692264535,54.08970808982849,27.995186805725098,82.08489751815796,-2.574920721087892e-09,1.0375976700061074e-07
319.24814401526453,808.3000000000001,500.0,0.0,41,820000,40,0.0068638199009001255,0.33185893297195435,0.0002835999999999996,1.0366250003063227,28391.38092604287,-0.13871017413426048,51.7640655040741,27.315690517425537,79.07975745201111,-4.00543198608716e-09,-2.294921841894393e-06
313.176995288526,41.8,500.0,0.0,42,840000,40,0.008432949893176556,0.3526535928249359,0.00028319999999999957,0.45914560195671605,58.32646084073224,-0.023143081410340022,54.376338481903076,29.37756109237671,83.75390076637268,-1.6212463593845428e-09,-1.525878978725359e-08
320.1280404030512,0.0,500.0,0.0,43,860000,40,0.010044298134744167,0.3712737560272217,0.00028279999999999956,0.34782115630805494,8.901378461077243,-0.0235394995510755,54.132874965667725,26.772382259368896,80.90525984764099,4.768371808516747e-10,-1.2207030941624453e-08
321.7090864604676,0.0,500.0,0.0,44,880000,40,0.010877381078898907,0.3879100978374481,0.00028239999999999955,0.24815324489734594,7.396055389959601,-0.015852385122753398,51.58121991157532,26.318495273590088,77.89971613883972,1.9550323582251394e-09,1.0681151962899094e-08
321.2593655156744,715.4,500.0,0.0,45,900000,40,0.012037696316838264,0.4100533425807953,0.00028199999999999954,0.29189375659238687,22026.046435231045,-0.26525906581384473,52.13186979293823,26.636345863342285,78.76821637153625,-9.536743617033494e-10,-9.521484116703505e-07
320.16663203947337,0.0,500.0,0.0,46,920000,40,0.01119216624647379,0.42989978194236755,0.0002815999999999995,0.16567409494538096,20.865950983385495,-0.018327061085272107,56.99884247779846,25.56516146659851,82.56400561332703,-1.6117095213985522e-08,3.662109548940862e-08
315.515527911086,0.0,500.0,0.0,47,940000,40,0.009976484812796116,0.447652131319046,0.0002811999999999995,0.5731247317847572,15.646760283391687,-0.021357706853017636,55.70408225059509,24.414708852767944,80.11879229545593,1.287460360543946e-09,-3.433227391269611e-08
323.6125326021985,0.0,500.0,0.0,48,960000,40,0.010922783985733986,0.46349528431892395,0.0002807999999999995,0.998428656773854,7.977773191657247,-0.018842240312737943,55.24559307098389,25.139875888824463,80.38547015190125,7.057189943537878e-09,-1.907348590179936e-08
314.25385315489973,0.0,500.0,0.0,49,980000,40,0.0100157605484128,0.4775978922843933,0.0002803999999999995,0.32405937628089626,7.61674845671352,-0.015944611770985058,57.81027555465698,24.614595890045166,82.42487215995789,-1.1634826435624745e-08,-1.1062621929625038e-08
318.38116589322374,0.0,500.0,0.0,50,1000000,40,0.010506871156394482,0.4901137351989746,0.0002799999999999995,0.3216851172332145,6.872521744196928,-0.01630008435307831,53.652326345443726,26.979203939437866,80.6315324306488,1.5258788677030566e-09,-2.2888184680880386e-09
75.78096600239758,0.0,500.0,0.0,51,1020000,40,0.009483330883085728,0.5011830925941467,0.0002795999999999995,3.3950897057033793,22.07160533138468,-0.007812108942219115,61.047409772872925,24.890387535095215,85.93779921531677,1.7871856528017815e-07,-3.6621094068323146e-07
0.21072654105884975,0.0,500.0,0.0,52,1040000,40,0.004710676148533821,0.5109338164329529,0.00027919999999999947,3.8078676316934295,28.303078027012983,-0.002394758770831778,59.695350646972656,27.438673734664917,87.1340262889862,5.664825408757679e-08,-1.1180877663719002e-06
0.2180332447667661,0.0,500.0,0.0,53,1060000,40,0.005057321861386299,0.5194824934005737,0.00027879999999999946,2.273169936522653,27.28572083937971,-0.007444911777289419,58.57142114639282,31.09038281440735,89.66180515289307,7.076263131011729e-08,-1.8768309928418603e-07
0.25366566112504596,2080.62,500.0,0.0,54,1080000,40,0.011430530808866024,0.5430762767791748,0.00027839999999999945,1.3801097712184809,128025.0761511018,-0.5377141753140884,57.30832839012146,25.234679460525513,82.54300856590271,8.411407748099009e-08,-5.81054700887762e-06
0.5377639060093318,6779.26,500.0,0.0,55,1100000,40,0.006781027186661959,0.5752476453781128,0.00027799999999999944,1.2214064191508143,493063.28497779946,-1.2040539481971837,60.145352840423584,25.962888479232788,86.10824298858643,2.977371309498267e-07,1.0961914085783064e-05
0.40055343103105834,5621.1362500000005,500.0,0.0,56,1120000,40,0.007172484416514635,0.6142582297325134,0.00027759999999999943,1.50676238945202,274400.1704422963,-0.9724397111165373,58.267069816589355,26.724374294281006,84.99144577980042,-2.399444554157526e-07,1.4782714970351662e-05
0.6337031777352472,6753.22625,500.0,0.0,57,1140000,40,0.005942308809608221,0.6583405137062073,0.0002771999999999994,1.3256234778350666,380498.3603515625,-1.6301106743891782,60.378936767578125,27.42071223258972,87.79965090751648,8.687973007681649e-08,7.202148481155746e-06
0.7195375307700771,7610.166249999999,500.0,0.0,58,1160000,40,0.006456948816776276,0.7063173055648804,0.0002767999999999994,1.1094189066769955,670593.8319199961,-2.4595398568088496,57.75363492965698,25.83268141746521,83.58631706237793,-1.3494491746257609e-08,1.3671875422005542e-05
0.9729209082265118,11312.3125,500.0,0.0,59,1180000,40,0.00737200491130352,0.7568914890289307,0.0002763999999999994,1.3531936689362496,450762.71962272545,-1.705637474056286,61.16695833206177,29.985178470611572,91.1521384716034,-7.829665804592878e-08,6.54296854918357e-06
2.839195322713239,13709.813750000001,500.0,0.0,60,1200000,40,0.008767008781433105,0.8096603751182556,0.0002759999999999994,1.9225016994472546,1014344.7177808544,-3.524619673796092,62.87924265861511,27.217682600021362,90.09692597389221,4.549026400013645e-08,-7.5683592513087206e-06
0.9166484002318471,13077.5,500.0,0.0,61,1220000,40,0.007840211503207684,0.8646811246871948,0.0002755999999999994,1.9438063634253,628874.0670094937,-3.238769332819347,65.64831638336182,26.36282706260681,92.01114416122437,3.013610694324598e-08,1.4648437172581907e-05
0.5541183475970073,11724.975,500.0,0.0,62,1240000,40,0.0071172090247273445,0.9214234352111816,0.00027519999999999937,1.6280783985847536,738677.5418858782,-2.4097719128373303,64.55714750289917,25.53168797492981,90.08883619308472,7.629394360719743e-08,-1.828613312682137e-05
0.8689058367470276,16698.99375,500.0,0.0,63,1260000,40,0.007152740377932787,0.9797534942626953,0.00027479999999999936,2.1782652637437927,862648.457525712,-3.515683488057384,64.63938570022583,25.600719928741455,90.24011015892029,3.9768220716496216e-08,5.566406343859853e-06
1.17639766121902,10438.528750000001,500.0,0.0,64,1280000,40,0.007031399756669998,1.0385687351226807,0.00027439999999999935,0.9008127876522043,648731.0991964992,-3.648137305092208,59.80039882659912,29.243398904800415,89.04379963874817,-1.5735626135437997e-08,8.105468623398338e-06
1.5588754411968688,8063.4125,500.0,0.0,65,1300000,40,0.005755255930125713,1.0968658924102783,0.00027399999999999934,0.7270149056104165,406606.9762726554,-1.8498842340481432,60.66591215133667,27.642685651779175,88.30860018730164,2.5177001816700795e-08,2.3437501113221515e-06
1.7774176213571622,13179.51,500.0,0.0,66,1320000,40,0.00843887310475111,1.1562297344207764,0.00027359999999999933,1.2808937435898977,646441.6732842168,-3.527420858397514,62.194321155548096,35.07334852218628,97.26767182350159,5.817413217812373e-09,2.1337889847927727e-05
0.6305762531089751,10253.977499999999,500.0,0.0,67,1340000,40,0.008711242116987705,1.215604305267334,0.0002731999999999993,1.3722622521976127,458042.37145347113,-2.886927127347717,59.767343044281006,30.56996989250183,90.33731508255005,-7.133483848065225e-08,-2.4902343284338713e-05
3.793036706988235,10244.539999999999,500.0,0.0,68,1360000,40,0.00809339340776205,1.2749134302139282,0.0002727999999999993,1.678894647342872,491734.7359646954,-3.542686994600145,60.090869188308716,28.14318299293518,88.23405313491821,1.9454956756703723e-08,3.537597513059154e-05
2.7409386617607616,7906.34125,500.0,0.0,69,1380000,40,0.007530015427619219,1.333199381828308,0.0002723999999999993,1.9237429368722287,228415.64004647944,-1.9881435111165047,60.650076150894165,29.076573371887207,89.72665166854858,-1.4305114870438729e-09,-4.589843683788786e-06
4.010289913541513,4490.148749999999,500.0,0.0,70,1400000,40,0.006847273092716932,1.388858675956726,0.0002719999999999993,0.8487710187706766,166101.15234506343,-1.8303509320356424,60.2224383354187,29.19869613647461,89.42113709449768,-3.991127073277312e-08,-1.904296823340701e-06
1.7604205228060494,5756.49375,500.0,0.0,71,1420000,40,0.00855614896863699,1.4428390264511108,0.0002715999999999993,0.8936401272216176,216203.09395705597,-3.17446182447521,62.82564306259155,29.979180335998535,92.80482459068298,3.585815377959989e-08,-3.7597656046273187e-06
1.6291754929605904,4463.311250000001,500.0,0.0,72,1440000,40,0.0072425538673996925,1.4945987462997437,0.0002711999999999993,0.49309715311266955,221264.77693829115,-1.5845775705538219,61.4734628200531,29.448444604873657,90.9219102859497,-1.5497207073167374e-08,-3.2226562325377017e-06
1.3930411433846006,5871.941249999999,500.0,0.0,73,1460000,40,0.007806792389601469,1.5451403856277466,0.00027079999999999926,1.0731059597451476,129470.93833316851,-1.7528005001288427,62.361889600753784,26.503597259521484,88.86548900604248,2.5272368642248466e-09,-1.2695312534560799e-06
0.9725268447358975,5969.2162499999995,500.0,0.0,74,1480000,40,0.006902162916958332,1.5946345329284668,0.00027039999999999925,0.9493421312468716,269783.47639069374,-2.1300658641359473,64.28409957885742,26.58126664161682,90.86536836624146,2.0122527644161892e-08,9.765624781721272e-06
1.2773770661672472,4309.80875,500.0,0.0,75,1500000,40,0.006916006561368704,1.6422487497329712,0.00026999999999999924,1.276954029514631,187336.2754344892,-1.6398347145818835,59.70090627670288,28.56511378288269,88.26602268218994,4.76837147544984e-09,-1.0729980203905143e-05
2.1262913267081176,3928.37625,500.0,0.0,76,1520000,40,0.008902098052203655,1.6879440546035767,0.00026959999999999923,0.5706428456862893,90179.56934822179,-2.279335210585519,60.961193561553955,26.846110582351685,87.80730724334717,-2.1934509764065524e-09,-5.102539034851361e-06
3.2168164698253086,81.665,500.0,0.0,77,1540000,40,0.005812461022287607,1.7293883562088013,0.0002691999999999992,0.18324144301063652,553.3861197362972,-0.08177453457271751,60.8767786026001,27.874653577804565,88.75143384933472,1.287460360543946e-08,4.455566511296638e-07
3.0138092747513334,648.45,500.0,0.0,78,1560000,40,0.00846918299794197,1.7673753499984741,0.0002687999999999992,0.6056508978333655,20043.380451984645,-0.7020452558357693,60.20092415809631,25.889854192733765,86.09078025817871,-1.0871887390351276e-08,2.5634764710957825e-07
1.9278151389460703,1431.725,500.0,0.0,79,1580000,40,0.00649846950545907,1.8027729988098145,0.0002683999999999992,0.28234679550404035,43843.82415137955,-1.0795880097282837,64.38933539390564,25.80585289001465,90.19518947601318,1.759529055789244e-08,1.8554687812866177e-06
1.0093140814829584,2119.78625,500.0,0.0,80,1600000,40,0.008307837881147861,1.8363007307052612,0.0002679999999999992,0.32093038357605663,107312.89515601049,-2.5027003503109837,59.95353150367737,27.900132656097412,87.8536651134491,-1.4781951662712345e-08,5.2001951189595275e-06
1.894752172843981,504.4912499999999,500.0,0.0,81,1620000,40,0.020705733448266983,1.8670141696929932,0.0002675999999999992,0.2636910222187827,15431.980160396914,-0.6800720433456988,62.715311765670776,25.307565212249756,88.022878408432,-5.722046170220096e-10,-1.708984314063855e-07
2.014832597764177,463.9725,500.0,0.0,82,1640000,40,0.010377674363553524,1.8951497077941895,0.0002671999999999992,0.21083376709890517,1312.8321232421488,-0.25163194985848064,63.63251543045044,25.319371938705444,88.95188903808594,-1.516342251761671e-08,1.2207030941624453e-08
2.7599780580739166,0.0,500.0,0.0,83,1660000,40,0.008409642614424229,1.920613408088684,0.00026679999999999917,0.21405354681648786,2111.198828950713,-0.2797441593265232,61.63114261627197,27.351567268371582,88.98271203041077,-2.241134566816072e-08,0.0
2.856893191967776,213.4875,500.0,0.0,84,1680000,40,0.009751786477863789,1.9438120126724243,0.00026639999999999916,0.15970071774400488,35955.394863626025,-1.237336848204649,63.909417152404785,25.133742332458496,89.04316067695618,3.4809113369504985e-09,-1.416015606992005e-06
2.884755190576904,640.4625,500.0,0.0,85,1700000,40,0.007833702489733696,1.965272068977356,0.00026599999999999915,0.1434535059158372,917.3069240811504,-0.33523267167561416,58.78448295593262,29.13739037513733,87.92187523841858,2.717971847587819e-09,-7.324219097881723e-08
2.436988774639772,0.0,500.0,0.0,86,1720000,40,0.008271446451544762,1.9846854209899902,0.00026559999999999914,0.10997672771115469,723.0493209621575,-0.14398592457151677,65.06441736221313,26.826114177703857,91.8905336856842,1.7833709620163063e-08,-6.958007929824817e-07
2.860768888042817,0.0,500.0,0.0,87,1740000,40,0.007818480022251606,2.002244234085083,0.00026519999999999913,0.11280622603018073,573.335758245444,-0.21963698717093544,65.45370221138,25.519101858139038,90.97280478477478,1.5258788677030566e-09,1.708984314063855e-07
1.7088345445183446,0.0,500.0,0.0,88,1760000,40,0.009535505436360836,2.018122911453247,0.0002647999999999991,0.09662894122302532,743.6850937807108,-0.2499521476145881,61.74498891830444,25.1980562210083,86.94304656982422,-4.796981656340904e-08,1.6174315931039018e-07
1.8035616712168667,0.0,500.0,0.0,89,1780000,40,0.008947649970650673,2.0324792861938477,0.0002643999999999991,0.08887678769570363,623.1346261181409,-0.12767921243027985,61.94503378868103,26.55210041999817,88.4971354007721,4.386901952813105e-09,-2.9296876391526894e-07
1.4462945206318245,0.0,500.0,0.0,90,1800000,40,0.0076413461938500404,2.045456647872925,0.0002639999999999991,0.07177172705790476,321.33480395787876,-0.12479425319765187,60.6061806678772,26.58897829055786,87.19516038894653,-8.92162290710985e-08,7.934570334100499e-08
1.2696061656390154,0.0,500.0,0.0,91,1820000,40,0.007800275459885597,2.0571846961975098,0.0002635999999999991,0.07057457088221666,591.6571424363534,-0.0873609954797769,61.41179180145264,26.483872652053833,87.89566659927368,2.002716037452501e-08,-7.202148708529421e-07
1.226780769475787,0.0,500.0,0.0,92,1840000,40,0.006401602178812027,2.0677812099456787,0.0002631999999999991,0.06063179834922658,897.4211539811726,-0.12484212892448317,58.243330240249634,28.716511011123657,86.95984196662903,-3.538131565505864e-08,-7.324218813664629e-07
2.2563426774731195,0.0,500.0,0.0,93,1860000,40,0.007116439752280712,2.07735276222229,0.00026279999999999907,0.1314272494680142,373.9429179952114,-0.14941178029462035,58.25385665893555,29.643728971481323,87.89758849143982,1.1849403236396938e-08,-1.2207030941624453e-08
1.6560158312059745,0.0,500.0,0.0,94,1880000,40,0.007593079935759306,2.08599591255188,0.00026239999999999906,0.06592111532352393,761.8503973127921,-0.10740300564779134,62.14645004272461,30.25170636177063,92.39815831184387,3.185272134942352e-08,-1.0559082284089527e-06
0.7928282959817192,0.0,500.0,0.0,95,1900000,40,0.00851668231189251,2.0937983989715576,0.00026199999999999905,0.06421690852487388,907.1853319530246,-0.41331408950677023,62.26606607437134,25.698442935943604,87.96451020240784,9.346008411625917e-09,3.051757957450718e-08
1.127978430678096,0.0,500.0,0.0,96,1920000,40,0.007924774661660194,2.100839614868164,0.00026159999999999904,0.053264623539687334,576.262834256812,-0.17293711802981135,58.99935531616211,25.94620656967163,84.9455635547638,-6.008148289993187e-08,2.807617249800387e-07
1.656038562629836,1205.85,500.0,0.0,97,1940000,40,0.01073076669126749,2.108142852783203,0.00026119999999999903,0.0671937060825338,33203.22322149639,-2.4159938135007515,60.28869080543518,26.864015817642212,87.15270972251892,1.5020370724982968e-08,2.673339849934564e-06
1.0409955939790234,62.55625,500.0,0.0,98,1960000,40,0.009636446833610535,2.114781141281128,0.000260799999999999,0.051256147060024584,8655.279908428916,-0.5645008165625077,59.67583966255188,25.86404013633728,85.5398817062378,-6.675720420901143e-09,-1.1840820661745965e-06
1.4483175940923982,187.66875,497.55,0.0,99,1980000,40,0.011486655101180077,2.120917320251465,0.000260399999999999,0.04512202226073493,1510.3743127219284,-0.30573610865239853,62.398247957229614,28.805315017700195,91.20356392860413,1.1920929132713809e-08,5.37109372089617e-07
1.1840988956564655,0.0,500.0,0.0,100,2000000,40,0.008437832817435265,2.1264491081237793,0.000259999999999999,0.04154693970008742,956.0952721849272,-0.14388435032878874,59.65607976913452,30.710075855255127,90.36615705490112,1.5401839803530493e-08,1.3427734302240424e-07
881.6789072898591,0.0,500.0,0.0,101,2020000,40,0.0061392709612846375,2.1314334869384766,0.000259599999999999,68.5439499477797,51465.747194700605,-0.7962849927712468,53.61388039588928,25.028215408325195,78.64209771156311,8.430480846755017e-08,8.508301107212901e-06
1409.1386168786528,2.0149999999999997,500.0,0.0,102,2040000,40,0.010481949895620346,2.1359241008758545,0.000259199999999999,164.16193934452684,37436.355289353,-0.9496877037365979,54.16436743736267,24.063434600830078,78.22780299186707,-1.8367767040672334e-07,-1.0009765674112714e-06
1581.6785589385431,1665.5050000000003,500.0,0.0,103,2060000,40,0.01210650522261858,2.1413216590881348,0.00025879999999999897,153.06646396812005,88728.77711915608,-2.18248073986814,54.59894394874573,25.212281703948975,79.81122732162476,1.4276504600729822e-07,2.819824203470489e-06
1537.5380609771128,3684.5800000000004,500.0,0.0,104,2080000,40,0.007497172337025404,2.1491754055023193,0.00025839999999999896,222.26960829662372,103140.71916090568,-1.7584065011030512,53.73934602737427,26.936415433883667,80.67576289176941,-1.4305114426349519e-08,4.39453117451194e-07
1605.96510369102,1362.3075000000001,500.0,0.0,105,2100000,40,0.007376631256192923,2.1573731899261475,0.00025799999999999895,748.6560383470753,53409.20048101884,-1.0214578485375718,53.46864676475525,26.952818155288696,80.42146587371826,2.956390332542469e-08,-3.0517577442878974e-07
1615.9696235846739,605.1787499999999,500.0,0.0,106,2120000,40,0.012226779945194721,2.1652660369873047,0.00025759999999999894,720.2383770520174,46729.79309835313,-1.5798101967742926,55.13445019721985,26.700613498687744,81.83506512641907,-2.489090000779015e-08,1.904296823340701e-06
1609.1224205869519,1731.73375,500.0,0.0,107,2140000,40,0.009276403114199638,2.1738121509552,0.00025719999999999893,422.7076501592805,57551.811632759964,-1.9280310595525971,54.52111506462097,26.268407106399536,80.7895233631134,3.2424928519958485e-08,-4.150390850554686e-06
1612.988824790106,3584.2112500000003,500.0,0.0,108,2160000,40,0.010286887176334858,2.1844661235809326,0.0002567999999999989,495.5865642789044,115643.54063859771,-2.8418528608317617,54.10929584503174,26.41359543800354,80.5228922367096,4.549026400013645e-08,-2.6855468604480848e-06
1564.8469998741512,3861.34125,499.1,0.0,109,2180000,40,0.01161203347146511,2.19724702835083,0.0002563999999999989,386.2315695726419,128994.93450912283,-2.251427659901637,54.709959983825684,24.353317975997925,79.06327891349792,6.1988831845383174e-09,6.298828338913154e-06
1574.0933456130253,2715.4837500000003,500.0,0.0,110,2200000,40,0.008133833296597004,2.211022138595581,0.0002559999999999989,509.4685455950001,92780.70316451833,-1.8407949869202662,55.66829252243042,27.695666074752808,83.36396026611328,-5.817413217812373e-09,-3.6132812510913936e-06
1661.237443127239,2363.3450000000003,500.0,0.0,111,2220000,40,0.009058746509253979,2.2254135608673096,0.0002555999999999989,282.16669833569586,108143.62686960728,-1.5441164592021628,54.61074113845825,28.09513545036316,82.70587754249573,2.7847290695603988e-08,4.882812376649781e-08
1567.771412855629,2688.120731707317,490.3512195121951,0.0,112,2240000,40,0.009441875852644444,2.2406327724456787,0.0002551999999999989,369.87163426966606,84892.76564856421,-1.8147381785078138,51.47094655036926,27.529067993164062,79.00001549720764,4.959106458812812e-09,-5.126952942191565e-07
1616.5601108605247,1093.1275,495.81499999999994,0.0,113,2260000,40,0.010136445052921772,2.25528883934021,0.0002547999999999989,497.5336061755313,166123.63215733782,-2.1608982926116713,56.729090213775635,26.941176652908325,83.67026901245117,9.155273872352154e-09,3.808593646681402e-06
1586.4235801906548,1358.7725000000003,496.0475,0.0,114,2280000,40,0.009810029529035091,2.2696611881256104,0.00025439999999999887,367.3862411281731,31228.813118927388,-1.1085354668524445,54.965259313583374,24.97736358642578,79.94262361526489,1.201629640235069e-08,2.9296876391526894e-07
1622.8346112592492,285.495,499.30249999999995,0.0,115,2300000,40,0.01034306176006794,2.282876968383789,0.00025399999999999886,339.1561754087859,37755.74798634203,-1.6718261332734476,54.73461151123047,24.902225017547607,79.63683724403381,-3.824234084959244e-08,-3.0517577442878974e-07
1592.7827817003888,305.285,500.0,0.0,116,2320000,40,0.009711694903671741,2.2950644493103027,0.00025359999999999885,263.0515885244442,40021.95220777294,-0.9847955942201086,50.187007427215576,23.636927604675293,73.82393622398376,-1.907348590179936e-08,7.324219097881723e-08
1551.4091566615284,2579.32,499.2637500000001,0.0,117,2340000,40,0.008874863386154175,2.3082475662231445,0.00025319999999999884,249.90721824561493,94176.78333686152,-1.1140415348395516,50.91403317451477,27.082059621810913,77.99609398841858,-7.414817648765393e-09,1.3916015859649633e-06
1491.4830597505716,673.125,499.96125,0.0,118,2360000,40,0.008811496198177338,2.32072114944458,0.0002527999999999988,357.543410852891,37985.77919782807,-1.2346987113733834,51.87064743041992,25.957451343536377,77.82809972763062,-1.7166137400437265e-09,8.300781360048859e-07
1456.8828765958704,205.925,499.3125,0.0,119,2380000,40,0.010612376034259796,2.332153558731079,0.0002523999999999988,325.7259618771227,32758.499099692817,-1.3948664002026183,54.51782202720642,23.616289615631104,78.13411235809326,2.861023085110048e-10,7.324218813664629e-07
1587.1246490315555,0.0,498.5365853658537,0.0,120,2400000,40,0.010929700918495655,2.3424668312072754,0.0002519999999999988,407.5389452885978,23285.666727534426,-0.8888617601387109,52.570319175720215,24.10560631752014,76.67592644691467,0.0,-5.859375278305379e-07
1573.713418022082,0.0,499.1875,0.0,121,2420000,40,0.008864868432283401,2.3517680168151855,0.0002515999999999988,313.82731619605534,32664.890733858905,-1.0191684645848185,53.54239773750305,25.327751398086548,78.87015008926392,-1.919269543293467e-08,1.7822266045186552e-06
1483.4527054045823,0.0,495.5,0.0,122,2440000,40,0.009822237305343151,2.360153913497925,0.0002511999999999988,234.26387935348703,22036.106886272188,-0.6419013576228407,53.06550741195679,24.8690345287323,77.93454265594482,-7.629394893626795e-09,1.4648438195763447e-07
1421.6758207027522,0.0,500.0,0.0,123,2460000,40,0.010605676099658012,2.3677120208740234,0.0002507999999999988,332.8012371588357,25014.015693452086,-0.8939826670704009,53.0306613445282,25.377432584762573,78.40809488296509,-6.103515470812226e-09,5.615234499600774e-07
1535.6266288076652,23.28375,498.9,0.0,124,2480000,40,0.00991916935890913,2.374542236328125,0.00025039999999999877,175.08921687874613,38724.09274852125,-1.2332021894239926,51.29720902442932,24.632853269577026,75.93006372451782,1.444816621898326e-08,-2.661132839421043e-06
1543.0331924471807,739.2162500000001,500.0,0.0,125,2500000,40,0.009825647808611393,2.3813469409942627,0.00024999999999999876,407.5784429984757,38891.352743955205,-0.9221555171510841,52.23482370376587,24.591613292694092,76.82643795013428,1.907348723406699e-09,-4.882812731921149e-07
1560.2369755823831,405.3,500.0,0.0,126,2520000,40,0.010338734835386276,2.3878350257873535,0.00024959999999999875,224.28460341948497,18442.18118958292,-1.4244565731928318,58.86655569076538,25.241207122802734,84.10776400566101,-2.636909535169707e-08,-1.0620117336657131e-06
1475.9051160518393,2.7224999999999997,500.0,0.0,127,2540000,40,0.008706916123628616,2.393679141998291,0.00024919999999999874,479.79829008247276,28987.679808604567,-1.0015228396163711,51.19977617263794,25.77624821662903,76.97602653503418,2.6702879907247734e-09,4.39453117451194e-07
1520.3638877106346,10.357499999999998,500.0,0.0,128,2560000,40,0.009472282603383064,2.3989477157592773,0.00024879999999999873,394.1579453263102,21606.006882872764,-1.1031302398094271,53.87018179893494,25.421180963516235,79.29136371612549,-7.343292196537732e-09,-3.49121091858251e-06
1443.305616873833,0.445,500.0,0.0,129,2580000,40,0.010477299802005291,2.403687000274658,0.0002483999999999987,481.1918168019645,29456.80185840462,-1.025496925941751,50.62140464782715,27.104137897491455,77.7255449295044,2.479553229406406e-09,-1.025390588438313e-06
1406.2703453146628,0.0,500.0,0.0,130,2600000,40,0.010674955323338509,2.407947301864624,0.0002479999999999987,375.8580624833892,21620.667922316927,-0.6001350642523811,52.75711178779602,25.858158349990845,78.61527276039124,1.0251999249533128e-08,1.745605459291255e-06
1381.1647887551846,0.0,497.875,0.0,131,2620000,40,0.01206330768764019,2.4117746353149414,0.0002475999999999987,372.1182652171654,28127.48069689787,-0.911060027391473,51.263922452926636,24.783767223358154,76.0476906299591,-1.1444092340440193e-09,5.249023615760962e-07
1376.1997737261092,20.98375,499.35,0.0,132,2640000,40,0.011345173232257366,2.415229558944702,0.0002471999999999987,283.02452455230906,45932.595327990566,-1.6813136315515524,51.607059955596924,25.9436936378479,77.5507550239563,6.1988831845383174e-09,-8.056640581344254e-07
1405.234716198868,398.69125,500.0,0.0,133,2660000,40,0.00932621955871582,2.4186933040618896,0.0002467999999999987,299.8295527168467,23983.1040539319,-0.9629996886924852,50.57061266899109,25.065549850463867,75.63616442680359,3.814697446813398e-09,-2.148437488358468e-06
1456.7965700464115,0.0,500.0,0.0,134,2680000,40,0.00993143767118454,2.421800136566162,0.00024639999999999867,415.45926058443285,27602.53015874549,-0.7013373091109568,52.239569425582886,27.388269424438477,79.62784194946289,-6.866454960174906e-09,-1.8066406255456968e-06
1455.4937371313724,1.6350000000000002,500.0,0.0,135,2700000,40,0.008954598568379879,2.4245858192443848,0.00024599999999999866,276.79496797972087,21127.390288727194,-0.9970009301659427,51.85019564628601,27.003557682037354,78.85375428199768,-1.0776520120714395e-08,5.37109372089617e-07
1471.8190133055516,0.465,500.0,0.0,136,2720000,40,0.010371413081884384,2.4270801544189453,0.00024559999999999865,326.17203771856765,24687.802378053304,-1.1204416678440345,49.93714904785156,23.455976486206055,73.39312624931335,1.9836425835251248e-08,7.324218813664629e-07
1393.8642612798715,133.87125,498.825,0.0,137,2740000,40,0.010309620760381222,2.4294350147247314,0.00024519999999999864,542.6369914151445,44634.07612389673,-1.1369094653785983,49.49276351928711,22.858765125274658,72.35152983665466,1.6212464259979242e-08,1.9531249506599124e-07
1505.847986388214,740.1012195121951,492.3658536585366,0.0,138,2760000,40,0.011959269642829895,2.432229518890381,0.00024479999999999863,317.3332225497765,19873.264227681222,-0.9370962439081337,49.439701318740845,25.950249433517456,75.38995146751404,-1.5830993405074878e-08,-1.2451172324290383e-06
1465.380314377117,17.6,500.0,0.0,139,2780000,40,0.010811925865709782,2.4347474575042725,0.0002443999999999986,403.06145189985443,18011.767233469516,-0.9925503662964211,52.08159112930298,27.879379749298096,79.96097207069397,-8.392333938900265e-09,5.126952942191565e-07
1397.0475814616075,894.6599999999999,500.0,0.0,140,2800000,40,0.009717687033116817,2.4378392696380615,0.00024399999999999864,418.87012854950336,46103.63222911207,-1.3101675639707075,52.17102599143982,24.63156819343567,76.80259680747986,1.1444091896350983e-08,-4.687500222644303e-06
1414.5449406217954,724.6524999999999,500.0,0.0,141,2820000,40,0.00863296166062355,2.4412922859191895,0.00024359999999999866,316.8238297981552,35980.24463898864,-1.3837112252565125,53.307851791381836,26.914751052856445,80.22260594367981,7.820129432900558e-09,3.906250185536919e-06
1423.4092880670353,726.1097560975611,499.23902439024397,0.0,142,2840000,40,0.012369035743176937,2.445075035095215,0.00024319999999999865,731.7164108385014,50703.90667624172,-2.5285162896955313,52.15126943588257,27.955394983291626,80.10666561126709,-2.479553229406406e-09,-8.78906234902388e-07
1492.7216757695776,52.5,492.98,0.0,143,2860000,40,0.010198022238910198,2.4485185146331787,0.00024279999999999864,531.6569790574569,27276.022791840758,-1.05211341681454,53.30962872505188,26.226160049438477,79.53579044342041,-1.6212463593845428e-09,8.78906234902388e-07
1482.9747110203311,921.5875,500.0,0.0,144,2880000,40,0.013445962220430374,2.452483892440796,0.00024239999999999865,569.1864573925357,55229.80911146719,-1.5857406199921535,53.01955795288086,25.00497078895569,78.02453064918518,1.5830993405074878e-08,-1.1230468999201548e-06
1429.5780027507285,1983.1837500000001,500.0,0.0,145,2900000,40,0.010291366837918758,2.457934856414795,0.00024199999999999867,616.4362661144402,54501.80381307481,-2.129009776930266,52.72166681289673,23.576937675476074,76.2986056804657,-5.62667867853861e-09,8.78906234902388e-07
1407.373703204529,861.03125,500.0,0.0,146,2920000,40,0.013080134987831116,2.46366024017334,0.0002415999999999987,249.55039830207824,118799.02809757281,-1.6306937903825995,50.27453327178955,23.998509168624878,74.27304363250732,-3.7193297330873065e-09,8.789062121650204e-06
1485.2358583826317,1025.3725,500.0,0.0,147,2940000,40,0.01122700609266758,2.4697937965393066,0.0002411999999999987,303.8163173210772,26272.793493459194,-1.0009432834632035,52.87411022186279,26.89349889755249,79.76761102676392,1.354217538107605e-08,-1.3183594091970008e-06
1485.327763979803,0.0,500.0,0.0,148,2960000,40,0.013722503557801247,2.4753100872039795,0.00024079999999999872,290.55732322403145,26602.14758586642,-0.9877035877466956,48.70786762237549,28.216583490371704,76.92445206642151,4.5204163967582645e-08,6.83593725625542e-07
1486.6204636381208,1306.975,500.0,0.0,149,2980000,40,0.013430179096758366,2.4815332889556885,0.00024039999999999874,243.67716562898852,45498.70715131156,-1.844167956558964,51.856754779815674,27.667449712753296,79.52420568466187,-2.727508530142586e-08,6.83593725625542e-07
1519.9345709941067,0.0,500.0,0.0,150,3000000,40,0.01062086597084999,2.4871301651000977,0.00023999999999999873,279.28241428785685,28240.196368408204,-1.20503000140756,50.32792353630066,23.977012157440186,74.30493664741516,1.0299682884351569e-08,5.37109372089617e-07
347.43081266726864,1225.4900000000002,500.0,0.0,151,3020000,40,0.010794522240757942,2.4933552742004395,0.00023959999999999872,328.5730303897133,94972.07847745871,-2.004440243410159,55.53316783905029,26.906237363815308,82.43940734863281,-3.814697446813398e-09,-4.199218892608769e-06
0.593359494791717,1497.4675,500.0,0.0,152,3040000,40,0.011508253403007984,2.5004160404205322,0.0002391999999999987,222.2276707081855,60093.44477770841,-1.5074396206231058,56.363351583480835,26.532585620880127,82.8959379196167,-1.5258788677030566e-09,-6.83593725625542e-07
0.5614284897599646,672.5425000000001,500.0,0.0,153,3060000,40,0.01103049423545599,2.5074286460876465,0.0002387999999999987,145.9863391725323,26459.430763263943,-1.0671538656270956,57.478163719177246,25.44727659225464,82.92544198036194,3.6239624634504253e-09,-7.71484337747097e-06
1.171110054801753,3395.3649999999993,500.0,0.0,154,3080000,40,0.012735079973936081,2.517054796218872,0.0002383999999999987,262.5964988937861,202299.80763341204,-3.005141822399595,55.606788873672485,27.482116222381592,83.08890652656555,1.9073485846288207e-10,-4.5410156417347025e-06
1.0641719708123614,2137.2200000000003,500.0,0.0,155,3100000,40,0.00946546159684658,2.527818441390991,0.00023799999999999868,245.43867291921302,116029.4423429465,-2.0340233137713204,58.44705867767334,28.339601039886475,86.78666114807129,-1.1444092340440193e-09,3.0761718790017767e-06
1.234896429266373,2500.7950000000005,500.0,0.0,156,3120000,40,0.014052665792405605,2.539966344833374,0.00023759999999999867,204.64583421115634,91015.95823140205,-2.077869671187069,55.4349889755249,26.343533515930176,81.77852368354797,1.602172794434864e-08,-7.81249980263965e-07
0.8087936435837584,195.14375,500.0,0.0,157,3140000,40,0.009196245111525059,2.551105499267578,0.00023719999999999866,108.27712950947918,58596.30992130328,-1.714356869195081,55.42587375640869,29.36985754966736,84.79573225975037,5.149841442175784e-09,-5.859375278305379e-07
0.9931307050948824,1126.08875,500.0,0.0,158,3160000,40,0.010685998946428299,2.562255620956421,0.00023679999999999868,85.12816353659086,78081.04610085789,-2.374998760732669,57.81918478012085,24.73218822479248,82.55137395858765,8.678436635989328e-09,6.884765753056854e-06
1.0346393908396778,769.38875,500.0,0.0,159,3180000,40,0.012154154479503632,2.5730652809143066,0.0002363999999999987,83.16515933229954,104954.07596790942,-2.308789889240944,54.136112451553345,23.762174606323242,77.8982880115509,4.558563304613017e-08,-4.199218892608769e-06
0.5366134208900457,1936.41875,500.0,0.0,160,3200000,40,0.01241698395460844,2.584726572036743,0.00023599999999999872,67.67028365467168,49562.77402614159,-1.495051173347084,54.3798668384552,25.83490300178528,80.21477103233337,4.0531160649948106e-09,-6.98242183716502e-06
0.6090722482273991,87.92249999999999,500.0,0.0,161,3220000,40,0.00855986773967743,2.595320224761963,0.00023559999999999873,75.02920617000966,50930.65404485389,-1.3571195054280607,55.964123010635376,23.069843530654907,79.03396773338318,-8.77380390562621e-09,8.78906234902388e-07
1.147495865241464,476.13500000000005,500.0,0.0,162,3240000,40,0.0099114328622818,2.605339527130127,0.00023519999999999872,75.28688183977634,82322.88366135223,-1.5946954025214986,55.93227219581604,23.474403142929077,79.40667605400085,-4.5108794921588924e-08,1.904296823340701e-06
0.9446222160562048,693.9225,500.0,0.0,163,3260000,40,0.010557892732322216,2.615060806274414,0.00023479999999999874,49.24020371587971,43969.33105661899,-1.2664465131827547,55.485053062438965,25.492838621139526,80.97789239883423,1.754760781125242e-08,2.0996094463043846e-06
0.7845583847901446,0.0,500.0,0.0,164,3280000,40,0.01393414568156004,2.6238136291503906,0.00023439999999999873,41.469787991197805,34383.80820134803,-0.9825790738851964,55.970379114151,25.285662412643433,81.25604248046875,-1.4877318932349226e-08,1.9531249506599124e-07
1.2685323087000537,139.74,500.0,0.0,165,3300000,40,0.01062688510864973,2.631833791732788,0.00023399999999999872,53.90313709687583,44696.41352384543,-1.1724937844125531,56.275421380996704,24.849186420440674,81.1246087551117,1.506805347162299e-08,-1.4648437627329258e-06
0.7845986219608287,1100.275,500.0,0.0,166,3320000,40,0.012119198217988014,2.6401684284210205,0.0002335999999999987,36.96644695288018,51939.58531903617,-1.9017198902802377,56.37240147590637,27.491535663604736,83.86393809318542,-4.267692688131319e-08,4.980468929716153e-06
1.777382378311391,1215.685,500.0,0.0,167,3340000,40,0.010607045143842697,2.648907423019409,0.00023319999999999873,58.56055265740503,57514.53870641008,-1.5027187311762495,54.775351762771606,24.31690764427185,79.09226036071777,2.2888184680880386e-09,1.074218744179234e-06
1.2585462061499273,385.10999999999996,500.0,0.0,168,3360000,40,0.01402615662664175,2.6571667194366455,0.00023279999999999872,40.50649431325213,56284.53231896509,-1.9019384770406575,57.68042278289795,24.110031843185425,81.790456533432,-5.912780931538464e-09,5.126953055878403e-06
1.0103593315104629,999.8399999999998,500.0,0.0,169,3380000,40,0.010795052163302898,2.6656241416931152,0.0002323999999999987,35.07210168174551,40076.84166476093,-1.8994835249490187,58.18888854980469,29.175367832183838,87.36425733566284,1.0108947456899386e-08,3.0761718790017767e-06
1.183141292899643,45.625,500.0,0.0,170,3400000,40,0.011946992948651314,2.67328143119812,0.00023199999999999873,50.753777825077876,41291.907246031944,-1.351275479831273,60.573447942733765,25.03854012489319,85.61198997497559,-9.155273872352154e-09,2.9296876391526894e-07
1.1617564828113143,1524.625,500.0,0.0,171,3420000,40,0.01437012292444706,2.6817409992218018,0.00023159999999999874,59.84770696193357,46191.2276391138,-3.020260068925121,55.50699305534363,24.138702869415283,79.64569687843323,3.2424927187690855e-09,1.4648438195763447e-07
1.0577155048268092,1015.325,500.0,0.0,172,3440000,40,0.008899332955479622,2.690403461456299,0.00023119999999999876,32.827174440818496,52247.287471182135,-1.7376103357046466,55.27559232711792,25.044840335845947,80.32043385505676,4.482269222449986e-09,-9.277343906433089e-07
0.9455377076188078,364.925,500.0,0.0,173,3460000,40,0.012061061337590218,2.698577404022217,0.00023079999999999875,28.749281380146364,50058.69031990148,-1.1784787876885148,58.606746673583984,26.152694940567017,84.75944352149963,-6.866454960174906e-09,-1.367187451251084e-06
1.2846335412602574,1101.5,500.0,0.0,174,3480000,40,0.010823506861925125,2.7070775032043457,0.00023039999999999877,17.349652711500095,55119.214346506626,-2.080425435568713,60.61716961860657,28.82951521873474,89.44668674468994,2.1934509319976314e-08,-3.12499992105586e-06
0.6934614058253077,0.0,500.0,0.0,175,3500000,40,0.01013372465968132,2.7147252559661865,0.00022999999999999876,13.592735303957252,44520.758724782434,-1.210720116673391,58.2001314163208,27.47370934486389,85.67384243011475,-7.820129432900558e-09,-3.4179688555013854e-06
0.7436964421129725,0.0,500.0,0.0,176,3520000,40,0.01078241690993309,2.7216033935546875,0.00022959999999999878,14.268565484541881,46049.42217639006,-1.2981226401521435,55.768136739730835,23.878706693649292,79.6468448638916,-6.675719976811934e-10,1.757812469804776e-06
0.6548904591328315,0.0,500.0,0.0,177,3540000,40,0.009084762074053288,2.7277865409851074,0.0002291999999999988,16.07721512891069,52449.36136350994,-1.232139187749428,56.01925444602966,28.302900552749634,84.32215619087219,1.8739699569891854e-08,-9.765624753299562e-08
0.5700708631491708,0.0,500.0,0.0,178,3560000,40,0.00885197427123785,2.733342170715332,0.0002287999999999988,12.410799371441708,38714.59256035527,-1.0039252351262147,58.5530948638916,30.86547064781189,89.41856694221497,-2.2995472193088062e-08,1.56249996052793e-06
0.5986276198484394,0.0,500.0,0.0,179,3580000,40,0.0122276796028018,2.7383310794830322,0.0002283999999999988,13.48394515499284,30541.336877209626,-1.1362187634351888,54.61537027359009,25.88967490196228,80.50504612922668,1.835823049134433e-08,-3.2226562325377017e-06
0.42636522448653424,191.9,500.0,0.0,180,3600000,40,0.011303226463496685,2.7430121898651123,0.00022799999999999882,16.947831584230254,48841.21970446623,-1.7097189778674253,60.93067669868469,25.905582189559937,86.83626008033752,3.8003921787321815e-08,-4.882812390860636e-06
0.8889226254017789,9.540000000000001,500.0,0.0,181,3620000,40,0.00998606812208891,2.7472214698791504,0.0002275999999999988,14.343895829176601,42050.969066687474,-1.3313122092074232,56.355992555618286,25.67721700668335,82.03321123123169,4.577636758540393e-08,-3.0273438369476935e-06
0.882606948700646,343.16,500.0,0.0,182,3640000,40,0.011170324869453907,2.751361131668091,0.00022719999999999883,12.74870727575278,67137.4704280805,-2.0510007142832007,57.24840807914734,25.10127282142639,82.34968209266663,-1.506805347162299e-08,-4.980468929716153e-06
0.9253350971980664,996.575,500.0,0.0,183,3660000,40,0.011151057668030262,2.756138324737549,0.00022679999999999882,10.115254542193835,46345.608557592466,-1.482636979825889,56.99621295928955,27.765701055526733,84.7619149684906,2.5177001816700795e-08,-3.271484274591785e-06
0.6214735162110628,0.0,500.0,0.0,184,3680000,40,0.011065741069614887,2.7604236602783203,0.00022639999999999884,10.119032790691037,44517.39196344689,-1.1888962228464175,55.019662380218506,27.625833988189697,82.6454975605011,-8.835792186800973e-08,1.7089844277506927e-06
0.5298682132824666,1005.9,500.0,0.0,185,3700000,40,0.01150225754827261,2.765348196029663,0.00022599999999999883,9.905838301513768,77410.7549920577,-1.0407037925588178,55.7757511138916,26.967793703079224,82.7435462474823,-3.528594971768939e-09,-7.81249980263965e-07
0.4823742022150158,669.3700000000001,500.0,0.0,186,3720000,40,0.012260404415428638,2.77048921585083,0.00022559999999999884,19.198937839495986,67425.22335730444,-1.6021338685781141,58.31934142112732,27.242780685424805,85.56212425231934,-3.8146971692576415e-10,-1.367187451251084e-06
0.5868561094618917,2404.8299999999995,500.0,0.0,187,3740000,40,0.010911358520388603,2.777698278427124,0.00022519999999999886,14.38220754560036,96388.20052644754,-2.0162340852420164,58.108033418655396,27.521626234054565,85.62966060638428,6.1988831845383174e-09,-6.83593725625542e-07
0.5070859683655108,12.374999999999998,500.0,0.0,188,3760000,40,0.010139640420675278,2.784191608428955,0.00022479999999999888,10.93764198143271,68127.96559996787,-1.7093368342075543,56.92556881904602,23.816811323165894,80.74238109588623,5.435943695175638e-09,-9.765625463842298e-07
0.8058340109942563,1259.80625,500.0,0.0,189,3780000,40,0.013316232711076736,2.791393995285034,0.00022439999999999887,13.260396307480486,108474.4779599733,-2.76941581306201,54.61288523674011,29.36178970336914,83.97467613220215,2.956390465769232e-09,-5.273437636788003e-06
0.6119090891061566,16.01375,500.0,0.0,190,3800000,40,0.012026923708617687,2.7978851795196533,0.00022399999999999886,14.797488391097588,79257.64362128536,-1.3609463524497762,55.5733380317688,26.775886297225952,82.34922575950623,-1.850128228397807e-08,1.220703097715159e-06
0.5683828233832011,30.6025,500.0,0.0,191,3820000,40,0.011497275903820992,2.8037502765655518,0.00022359999999999885,13.381271918212311,58505.971298333665,-1.0943344120172005,56.214391231536865,30.83932900428772,87.0537211894989,-1.1825561863076928e-08,2.9296876391526894e-07
0.5202700793219035,30.3025,500.0,0.0,192,3840000,40,0.013138276524841785,2.8090498447418213,0.00022319999999999884,9.596911582463905,54889.242587318906,-1.218065200557437,54.59640622138977,24.905895948410034,79.50230312347412,-2.6893616222878336e-08,1.56249996052793e-06
0.43198556024814067,0.0,500.0,0.0,193,3860000,40,0.010830488987267017,2.81380558013916,0.00022279999999999886,8.684482521346853,47763.10181328496,-0.9646833103385907,55.773350954055786,26.302302598953247,82.07565498352051,6.675719976811934e-10,-1.9531249506599124e-07
0.4789445340788812,290.3475,500.0,0.0,194,3880000,40,0.014681771397590637,2.8183906078338623,0.00022239999999999887,12.988400627540637,60540.43199393357,-1.6089591408077675,56.259037256240845,26.133599758148193,82.39263868331909,-5.2452087118126656e-09,-1.6113281162688509e-06
0.7468965509127932,1716.9275000000002,500.0,0.0,195,3900000,40,0.01378145907074213,2.824397087097168,0.0002219999999999989,14.546480152425886,67982.96672765032,-2.097264869379092,58.792097330093384,29.17690873146057,87.96900773048401,-8.77380390562621e-09,-2.6367188183940016e-06
0.750087679445761,751.775,500.0,0.0,196,3920000,27,0.020722657442092896,2.8306233882904053,0.0002215999999999989,13.022690817497171,201518.73346436577,-3.3001113760599887,57.946337938308716,18.672065496444702,76.61840462684631,-1.0919571025169716e-08,-1.367187451251084e-06
0.730478522650816,2256.6050000000005,500.0,0.0,197,3940000,40,0.011822843924164772,2.8387136459350586,0.0002211999999999989,11.732085026970392,51221.403203032285,-1.5633372586079035,56.85559439659119,29.32757592201233,86.18317198753357,1.6212463593845428e-09,1.025390588438313e-06
0.853020225113951,2338.61375,500.0,0.0,198,3960000,40,0.014826539903879166,2.8485772609710693,0.0002207999999999989,19.29668522907209,142182.04878068756,-3.067569829268923,57.32496643066406,29.87481951713562,87.19978713989258,2.2888184680880386e-09,-7.812500371073838e-06
0.8336283341776596,2144.51875,500.0,0.0,199,3980000,40,0.011137238703668118,2.8598289489746094,0.00022039999999999888,12.082073343403732,82584.58452426572,-1.863901249573955,55.0064640045166,24.232382774353027,79.23884773254395,-1.5544891596164234e-08,-2.5390625069121597e-06
0.5453438355016715,29.74,500.0,0.0,200,4000000,40,0.01357935182750225,2.8699886798858643,0.00021999999999999887,13.891127670716635,50128.37139174063,-1.9363542457170124,54.65204119682312,27.71710729598999,82.369149684906,1.4495849853801701e-08,8.300781360048859e-07
2.4899296993699576,18.872499999999995,500.0,0.0,201,4020000,40,0.010886053554713726,2.879150867462158,0.00021959999999999886,39.13961712408669,28516.930919174,-0.7365168306929402,60.21447038650513,28.85007357597351,89.06454610824585,-8.411407748099009e-08,1.8554686903371476e-05
3.184655215014412,0.0,500.0,0.0,202,4040000,40,0.0073321000672876835,2.8873913288116455,0.00021919999999999885,20.98204552282261,35185.57933225994,-0.5027241764943811,62.00658106803894,26.233970165252686,88.2405526638031,-1.1730193705261627e-08,-4.296874976716936e-06
3.2851009300854295,0.0,500.0,0.0,203,4060000,4,0.021245352923870087,2.8947999477386475,0.00021879999999999887,27.75978688952289,53409.923559261275,0.005436431475078003,57.40382480621338,2.499976873397827,59.90380334854126,1.4123916969310812e-07,-9.277343451685738e-06
3.303810812960515,0.0,500.0,0.0,204,4080000,40,0.007271759212017059,2.9014575481414795,0.00021839999999999888,14.620669578449636,42304.23394520434,-0.3785654041821821,64.43086433410645,24.666319608688354,89.09718465805054,1.1711120606605618e-07,2.5634764824644662e-05
3.3124547005164073,0.0,500.0,0.0,205,4100000,40,0.007241380866616964,2.907437324523926,0.00021799999999999888,8.562077969237219,36559.973063485835,-0.3440811220415031,60.97100806236267,25.339105367660522,86.31011438369751,-9.107589704626662e-08,2.3779297407600097e-05
3.260157371482445,0.0,500.0,0.0,206,4120000,40,0.007604389917105436,2.9128050804138184,0.0002175999999999989,7.382802031613603,35441.902594689476,-0.18641444468234158,57.59319996833801,23.552050828933716,81.14525151252747,1.19209286886246e-09,2.441406195430318e-06
3.271463670839819,0.0,500.0,0.0,207,4140000,32,0.020513691008090973,2.9176206588745117,0.00021719999999999888,12.121569541058962,42181.28848836392,-0.3131074008260724,54.724103927612305,18.69668984413147,73.42079448699951,1.543045016205724e-07,1.9921875718864612e-05
3.378634884661696,0.0,500.0,0.0,208,4160000,40,0.009859521873295307,2.9219377040863037,0.00021679999999999887,8.503267567670798,35219.61350893431,-0.4963046296723658,56.959776878356934,23.54840064048767,80.50817823410034,1.136779772537011e-07,-1.6748046618886292e-05
3.4860180618937506,0.0,500.0,0.0,209,4180000,40,0.013019396923482418,2.925804853439331,0.0002163999999999989,7.824928686739523,40757.37219964522,-0.7355435143731818,54.48785877227783,23.079360723495483,77.56722044944763,-2.8610229740877458e-09,1.0742187441792339e-05
3.6342933034985285,0.0,500.0,0.0,210,4200000,40,0.014999444596469402,2.9292657375335693,0.00021599999999999888,7.073470335821562,28415.712251378314,-0.5266744498870796,56.051058530807495,23.20746088027954,79.25852036476135,9.202957329534911e-08,5.9082030929857865e-06
3.505770565693075,0.0,500.0,0.0,211,4220000,40,0.009801428765058517,2.9323599338531494,0.00021559999999999887,6.811830168434336,26123.108630139315,-0.20470689736966846,55.288031339645386,22.492103576660156,77.78013563156128,5.030631911040473e-08,-9.326171493739821e-06
3.2937348335226644,0.0,500.0,0.0,212,4240000,40,0.010427205823361874,2.9351232051849365,0.00021519999999999886,7.430366216581079,21470.25191789458,-0.4326483776674995,54.71182370185852,22.87546467781067,77.5872893333435,5.60760504697555e-08,-3.7109375625732355e-06
3.2270453469179765,0.0,500.0,0.0,213,4260000,40,0.01578713208436966,2.9375877380371094,0.00021479999999999888,7.092859110047546,26904.468288605123,-0.32447671858193,57.270512342453,23.304900407791138,80.57541346549988,-1.6307831529616124e-08,2.6367188183940016e-06
3.2134376806993004,0.0,500.0,0.0,214,4280000,13,0.02090606652200222,2.9397826194763184,0.00021439999999999887,12.225947811865876,45641.349670231866,-0.3135836033010901,55.48365306854248,7.573064804077148,63.056718826293945,1.2588500908350397e-08,-8.300781360048859e-07
3.422204170299507,0.0,500.0,0.0,215,4300000,40,0.00938970223069191,2.9417340755462646,0.00021399999999999886,6.79875082796133,24868.410653107076,-0.3300843691524071,56.24639344215393,24.458393335342407,80.70478749275208,3.509521562250484e-08,-3.6132812510913936e-06
3.2521273203591585,0.0,500.0,0.0,216,4320000,38,0.023144206032156944,2.9434657096862793,0.00021359999999999885,9.239001266802255,22647.309704256408,-0.23680879382651143,55.67448091506958,23.47890281677246,79.15338492393494,-2.250671471415444e-08,1.3427734302240424e-06
3.4342729658315294,0.0,500.0,0.0,217,4340000,8,0.021281331777572632,2.9449989795684814,0.00021319999999999884,9.646214288246783,34988.58983409254,0.06815960621343384,54.757906913757324,5.791529893875122,60.54943776130676,2.0980834847250662e-08,-4.5410156417347025e-06
3.3613241313718354,0.0,500.0,0.0,218,4360000,40,0.011022971011698246,2.9463531970977783,0.00021279999999999883,8.70980925741075,32594.81735515353,-0.401514115552359,55.94791889190674,23.07205891609192,79.01997900009155,-2.6702879907247734e-09,2.9296876391526894e-07
3.487807361479553,0.0,500.0,0.0,219,4380000,8,0.02119254879653454,2.9475457668304443,0.00021239999999999885,8.336040951783144,37109.429274933245,-0.21477331390863733,54.94059705734253,4.686713457107544,59.62731146812439,-7.1525572131747595e-09,-2.9296876391526894e-07
3.4561654498684016,0.0,500.0,0.0,220,4400000,40,0.013975752517580986,2.9485924243927,0.00021199999999999884,5.577034089987791,17890.608847663974,-0.6375734324225142,55.5642991065979,24.661398887634277,80.22569942474365,1.5830993405074878e-08,-6.347656267280399e-07
3.3953676676101168,0.0,500.0,0.0,221,4420000,40,0.0074979462660849094,2.949507236480713,0.00021159999999999883,6.1294371862954735,23937.879898727995,-0.35684399493981767,58.18574619293213,26.644317865371704,84.83006501197815,-1.3351439953623867e-09,1.4648437627329258e-06
3.3060606505320793,0.0,500.0,0.0,222,4440000,40,0.007287111598998308,2.950303077697754,0.00021119999999999882,5.700399405895909,40284.382956280286,-0.3367513314361059,62.21069025993347,26.103182792663574,88.31387400627136,3.8146971692576415e-10,1.9531249506599124e-07
3.4153778047044527,0.0,500.0,0.0,223,4460000,40,0.00902428850531578,2.95099139213562,0.0002107999999999988,4.484690511302103,31623.796580486058,-0.5214548397479178,57.33851361274719,25.700974941253662,83.03948998451233,-7.629394893626795e-09,-4.785156306752469e-06
3.5162283344187344,0.0,500.0,0.0,224,4480000,40,0.00872891116887331,2.951582670211792,0.0002103999999999988,4.40669023228597,33811.50112169483,-0.5648664020001888,59.150901556015015,23.650619506835938,82.80152249336243,-5.531310964812519e-09,7.324218813664629e-07
3.2634244284943392,0.0,500.0,0.0,225,4500000,40,0.012519558891654015,2.9520864486694336,0.00020999999999999882,3.772186234857463,35584.88154242793,-0.5573334380701372,65.26414632797241,25.699318885803223,90.96346640586853,3.4904481083231076e-08,8.78906234902388e-07
3.439460818853237,0.0,500.0,0.0,226,4520000,40,0.01043494138866663,2.9525110721588135,0.00020959999999999883,3.889386740364606,29193.443696768074,-0.5706720453463023,62.46936583518982,24.980787754058838,87.45015525817871,-1.7452240541615538e-08,1.4648438195763447e-07
3.6449109872520085,0.0,500.0,0.0,227,4540000,40,0.009536955505609512,2.952864170074463,0.00020919999999999885,3.8324793135818047,24923.324365620672,-0.5843998956246467,61.39740753173828,27.01820135116577,88.41561007499695,-1.9431114495205293e-08,-1.56249996052793e-06
3.31873126781342,0.0,500.0,0.0,228,4560000,40,0.010859569534659386,2.953152656555176,0.00020879999999999887,3.3420142653622205,23915.835195266143,-0.5762264081194431,65.2427065372467,27.758753776550293,93.00146126747131,2.2602081983791322e-08,9.765624753299562e-08
3.3837778979666444,0.0,500.0,0.0,229,4580000,40,0.008412996307015419,2.953382968902588,0.00020839999999999886,3.27604645656634,18906.49345965808,-0.6338122691157498,58.04251790046692,24.73682451248169,82.77934336662292,-1.2683868177987279e-08,3.6376952721184352e-06
3.5934595553342965,0.0,500.0,0.0,230,4600000,40,0.01162679586559534,2.9535605907440186,0.00020799999999999885,3.1568202555934084,14883.86150798556,-0.48497084971470167,60.40974187850952,25.339175939559937,85.74891877174377,2.4223327343975143e-08,-3.4667968975554686e-06
3.4224619244387555,0.0,500.0,0.0,231,4620000,40,0.00830837432295084,2.953690528869629,0.00020759999999999884,3.153058838165259,18005.30695109307,-0.44644066925290266,57.282564640045166,22.831453323364258,80.11401915550232,1.0108947456899386e-08,-2.8808594834117685e-06
3.276270980436821,0.0,500.0,0.0,232,4640000,40,0.009440968744456768,2.953777551651001,0.00020719999999999883,3.224496779411654,19075.303256457366,-0.2664391410171608,56.5621976852417,24.438730716705322,81.00092935562134,1.0490417423625331e-08,-1.6601562720097718e-06
3.6112175425417945,0.0,500.0,0.0,233,4660000,40,0.012008327059447765,2.9538254737854004,0.00020679999999999882,3.0737676560878753,14499.26799355036,-0.6314594927467877,55.011829137802124,24.06524896621704,79.07707905769348,-1.8882751362525596e-08,5.37109372089617e-07
3.6650368517314886,0.0,500.0,0.0,234,4680000,40,0.009595259092748165,2.953838348388672,0.0002063999999999988,2.878936250074,15826.08705444336,-0.5991249434932878,57.89211320877075,23.661521434783936,81.55363535881042,-3.8719178974133683e-08,-2.4414063659605745e-07
3.482884167969766,0.0,500.0,0.0,235,4700000,40,0.01065786648541689,2.9538192749023438,0.0002059999999999988,2.7991135782833343,14212.445720392541,-0.45561023754409596,58.18969941139221,24.24768042564392,82.43738102912903,-8.583068478174027e-09,-1.4892577837599674e-06
3.305914074266328,0.0,500.0,0.0,236,4720000,40,0.009880121797323227,2.9537715911865234,0.00020559999999999882,3.1099143762377244,14002.711934845356,-0.47042230373319194,54.207149028778076,23.39193820953369,77.59908866882324,9.536743617033494e-10,-1.1230468999201548e-06
3.3098927536728318,0.0,500.0,0.0,237,4740000,40,0.011055277660489082,2.953697919845581,0.0002051999999999988,2.7586590166333353,18564.03454458502,-0.5699738919169088,57.81638789176941,23.730891704559326,81.54728078842163,-3.0994415922691587e-09,-7.81249980263965e-07
3.4882550149203695,0.0,500.0,0.0,238,4760000,40,0.010295380838215351,2.9536006450653076,0.0002047999999999988,2.727977028904082,24912.325368605987,-0.49448879338753754,55.485865354537964,23.79578995704651,79.28165626525879,4.1294097030686316e-08,0.0
3.443091466750545,0.0,500.0,0.0,239,4780000,40,0.00851464457809925,2.953482151031494,0.0002043999999999988,2.627866935956327,18920.8194658883,-0.7503965964800194,55.452927350997925,23.297244787216187,78.75017309188843,5.2452087118126656e-09,-6.103515488575795e-07
3.3722249578694,0.0,500.0,0.0,240,4800000,40,0.00920820888131857,2.9533443450927734,0.0002039999999999988,2.5969128168081936,15029.576209964029,-0.43525019987380204,56.305949449539185,23.854798793792725,80.1607494354248,7.057189943537878e-09,9.277343906433089e-07
3.48005355690601,0.0,500.0,0.0,241,4820000,40,0.01195345725864172,2.953188896179199,0.0002035999999999988,2.4018567374235467,15784.336717475215,-0.6493834966251367,59.284751176834106,24.20331048965454,83.48806238174438,1.76429750808893e-08,1.0009765674112714e-06
3.54147945943332,0.0,500.0,0.0,242,4840000,40,0.010843722149729729,2.9530177116394043,0.0002031999999999988,2.4850400194337094,21516.08263681146,-0.7956735843108802,57.848026514053345,23.651174068450928,81.49920153617859,1.7166137400437265e-09,1.6601562720097718e-06
3.49704677045696,0.0,500.0,0.0,243,4860000,40,0.012339920736849308,2.9528322219848633,0.0002027999999999988,2.7714968428581574,18428.366402077976,-0.5859027183037016,56.36590313911438,23.558068990707397,79.92397332191467,4.386901952813105e-09,-1.6601562720097718e-06
3.529543068663918,0.0,500.0,0.0,244,4880000,40,0.015103192068636417,2.9526336193084717,0.0002023999999999988,4.359615393529964,32715.61007412295,-0.6802702095595342,56.69789981842041,22.739872217178345,79.43777298927307,-1.525878978725359e-08,1.4648437627329258e-06
3.362362765594662,0.0,500.0,0.0,245,4900000,40,0.010574616491794586,2.952423095703125,0.0002019999999999988,10.147433494088016,27816.43432277245,-0.9504481075307991,54.80601215362549,23.16396689414978,77.96998000144958,1.2969970875076342e-08,-9.277343906433089e-07
3.3131046433625,0.0,500.0,0.0,246,4920000,40,0.014856928959488869,2.9522018432617188,0.0002015999999999988,6.045212025657484,27330.729065482225,-0.40250483000580267,54.82293224334717,23.928744077682495,78.7516770362854,-7.629394893626795e-09,-8.300781360048859e-07
3.5265913398451842,0.0,500.0,0.0,247,4940000,40,0.015762576833367348,2.9519710540771484,0.0002011999999999988,3.6616314386265185,34658.39573055219,-1.027422353342364,56.6619086265564,23.10574769973755,79.76765727996826,-5.2452087118126656e-09,-1.9531249506599124e-07
3.8159834592558233,0.0,500.0,0.0,248,4960000,40,0.012018201872706413,2.9517312049865723,0.00020079999999999878,2.749235127771957,25831.99684737966,-0.4463467592114135,56.241636514663696,24.763500690460205,81.00513815879822,7.15255771277512e-11,-9.765624753299562e-08
3.537992752481478,0.0,500.0,0.0,249,4980000,40,0.010860024020075798,2.9514834880828857,0.00020039999999999877,2.9446331296540516,16429.38653100895,-0.5695710799079152,54.909252643585205,23.658530473709106,78.56778407096863,7.772445798082117e-09,-2.685546860448085e-07
3.4199791859880277,0.0,500.0,0.0,250,5000000,40,0.01009772066026926,2.951228380203247,0.00019999999999999876,2.636615614121473,31733.8323015044,-1.0248018544025814,56.00903248786926,26.05372190475464,82.0627555847168,5.769729582993932e-09,-4.6386719532165444e-07
242.98810012796457,0.0,500.0,0.0,251,5020000,40,0.01240636222064495,2.9509665966033936,0.00019959999999999875,8.567178334540959,228432.60268431072,-3.904325927737393,51.20522713661194,25.164023399353027,76.36925268173218,1.4190673880420945e-07,1.132812485593604e-05
317.6335614247176,0.0,500.0,0.0,252,5040000,40,0.01270157378166914,2.9506986141204834,0.00019919999999999874,6.776928884922704,180246.85583990556,-3.2983985347838343,50.29236340522766,24.078434228897095,74.37079882621765,2.5234223244297027e-07,1.6406249415013008e-05
318.3698140374199,0.0,500.0,0.0,253,5060000,40,0.012194601818919182,2.950425148010254,0.00019879999999999873,11.100604073759875,128144.38161868324,-2.5434617264927186,51.2083899974823,24.183731079101562,75.39212226867676,1.2454987086130132e-07,1.1718750556610757e-06
318.66056700550996,0.0,500.0,0.0,254,5080000,40,0.012216567993164062,2.950146436691284,0.00019839999999999872,11.946373200190218,113983.90393900812,-2.2047488785431355,50.759278535842896,24.888757467269897,75.64803719520569,2.727508530142586e-08,-8.691406037542038e-06
318.57199532802565,0.0,500.0,0.0,255,5100000,40,0.011860026977956295,2.9498631954193115,0.00019799999999999871,6.140272073277944,83841.05145124605,-1.7309175765212579,50.582735538482666,23.979275465011597,74.56201195716858,1.6098022115329513e-07,1.0058593943540473e-05
317.4058483635936,0.0,500.0,0.0,256,5120000,40,0.01326015591621399,2.949575662612915,0.0001975999999999987,7.077168902717059,89227.55352335097,-2.2861470730621605,52.8418869972229,23.16027855873108,76.0021665096283,-2.0217894913798773e-08,-7.81249980263965e-07
318.32872970215413,0.0,500.0,0.0,257,5140000,40,0.011592358350753784,2.949284076690674,0.00019719999999999872,9.125024805038791,91019.72464336926,-1.7200840002751048,54.192711353302,23.552784204483032,77.74549674987793,5.5694581391207976e-08,2.83203121398401e-06
318.93815767213727,0.0,500.0,0.0,258,5160000,28,0.0221273060888052,2.948988914489746,0.00019679999999999874,15.865375861875835,82784.17427424453,-1.2752975840896206,52.99340033531189,17.06385374069214,70.05725526809692,-8.583068478174027e-09,-2.2460937998403097e-06
318.78778219640355,0.0,500.0,0.0,259,5180000,40,0.018111400306224823,2.948690414428711,0.00019639999999999873,19.807749021279662,67252.58875098893,-1.3553520813490016,51.89903688430786,24.099690914154053,75.99872875213623,-9.727478378351861e-09,2.5390625069121597e-06
318.196808956833,0.0,500.0,0.0,260,5200000,40,0.012073861435055733,2.9483888149261475,0.00019599999999999872,6.652963345941109,42656.625551711455,-1.4979178850032107,50.809990882873535,24.550586462020874,75.36057806015015,6.370544269884704e-08,1.9531249506599124e-07
319.62974359828615,0.0,500.0,0.0,261,5220000,39,0.02010500244796276,2.9480843544006348,0.0001955999999999987,15.917339624193186,46708.166344632424,-1.2740041629055496,51.25809049606323,22.651447057724,73.90953850746155,4.9209596397759015e-08,-1.3183594091970008e-06
320.13075925331407,0.0,500.0,0.0,262,5240000,40,0.012318077497184277,2.947777271270752,0.00019519999999999873,14.251392727411247,38988.202014391936,-1.14768052598155,53.044259548187256,22.675423860549927,75.71968483924866,5.531310964812519e-09,4.882812376649781e-08
318.2018503140765,0.0,500.0,0.0,263,5260000,40,0.011213300749659538,2.947467803955078,0.00019479999999999874,15.111390628995775,39064.74746835443,-1.257143638264152,51.12110185623169,24.141473531723022,75.26257634162903,2.880096516832964e-08,3.41796862812771e-07
319.58113908196356,0.0,500.0,0.0,264,5280000,12,0.021197723224759102,2.9471559524536133,0.00019439999999999876,15.71618723718426,30793.08963720909,-0.8156458850525603,52.37017369270325,7.119972467422485,59.49014711380005,2.0217894913798773e-08,2.9296875254658516e-06
319.004846629824,0.0,500.0,0.0,265,5300000,40,0.011969429440796375,2.9468419551849365,0.00019399999999999875,12.890744926280613,29025.257463904272,-0.9985997177377531,51.27665376663208,25.313859462738037,76.59051442146301,-5.149841442175784e-09,1.2695312534560799e-06
319.85158642844056,0.0,500.0,0.0,266,5320000,40,0.013362093828618526,2.946526050567627,0.00019359999999999877,6.6526466808741604,27789.01134257256,-1.368786569948815,51.06845450401306,24.035892724990845,75.10434794425964,3.3378602104505717e-09,-2.4902344648580765e-06
318.6352077034082,0.0,500.0,0.0,267,5340000,40,0.01033121719956398,2.9462082386016846,0.00019319999999999876,4.824475525225265,14083.482471398462,-1.2724212294939576,52.24265193939209,23.338923692703247,75.58157682418823,-5.62667867853861e-09,-1.3427734302240424e-06
320.19045000885563,0.0,500.0,0.0,268,5360000,40,0.010327745229005814,2.9458887577056885,0.00019279999999999875,5.151586419721193,14284.822024149835,-1.0770268438643293,51.57606053352356,23.90376853942871,75.47982978820801,-1.6117095213985522e-08,5.419921762950253e-06
318.58656365098176,0.0,500.0,0.0,269,5380000,40,0.012862826697528362,2.9455676078796387,0.00019239999999999877,5.121422738591327,15169.375886091402,-1.2296587732679483,53.998162508010864,23.233469486236572,77.23163270950317,3.5476684701052363e-08,8.78906234902388e-07
318.35479810932185,0.0,500.0,0.0,270,5400000,38,0.02024732530117035,2.9452450275421143,0.00019199999999999879,3.107674005109417,16056.983215372695,-1.3336404820011902,52.62987041473389,21.53171706199646,74.16158843040466,1.8119811429073707e-08,2.0019531348225428e-06
318.5883086323244,0.0,500.0,0.0,271,5420000,40,0.014214358292520046,2.9449210166931152,0.0001915999999999988,3.91495539538468,18183.405898004847,-1.154400131464759,50.60102033615112,22.05629277229309,72.65731406211853,-1.4877318932349226e-08,-2.19726558725597e-07
319.33181164345217,0.0,500.0,0.0,272,5440000,40,0.012510119006037712,2.9445955753326416,0.00019119999999999882,5.3239181006256535,15999.2739182098,-1.0034497975642922,53.41691708564758,22.81459641456604,76.23151421546936,-5.60760504697555e-08,5.688476448995061e-06
319.7153830701894,0.0,500.0,0.0,273,5460000,40,0.011109402403235435,2.9442687034606934,0.00019079999999999884,5.350460531364513,8616.81610080381,-1.0164653923032405,51.893919706344604,23.890177011489868,75.78409790992737,-1.7261506002341775e-08,9.118652087636292e-06
316.5947180467327,0.0,500.0,0.0,274,5480000,40,0.01702977530658245,2.9439406394958496,0.00019039999999999883,5.3862138401858415,15728.646947933148,-1.1131715715025798,51.839686155319214,24.034709453582764,75.8743965625763,6.1988831845383174e-09,2.148437488358468e-06
319.0255997745893,0.0,500.0,0.0,275,5500000,40,0.01329729612916708,2.9436113834381104,0.00018999999999999884,4.127456532399866,9902.820230604728,-1.1968662781428687,51.871731758117676,23.35166573524475,75.22339868545532,-1.754760781125242e-08,-6.4453124650754035e-06
319.0857238565168,0.0,500.0,0.0,276,5520000,40,0.012724903412163258,2.9432809352874756,0.00018959999999999886,5.79716839111304,10699.690020095246,-0.9643357165252107,51.21173548698425,25.93224310874939,77.1439802646637,-2.0599365768703137e-08,2.587890548966243e-06
318.8149365500491,0.0,500.0,0.0,277,5540000,40,0.01280656922608614,2.9429495334625244,0.00018919999999999888,5.610743220093884,13767.577704977688,-1.0584766372566736,52.38339447975159,24.880716800689697,77.2641122341156,4.76837147544984e-09,-2.221679778813268e-06
319.8905528181881,0.0,500.0,0.0,278,5560000,40,0.011737266555428505,2.9426169395446777,0.00018879999999999887,4.469881527257871,7972.717684472966,-0.804327133854356,52.04334020614624,24.870476484298706,76.91381931304932,-8.77380390562621e-09,1.745605459291255e-06
319.1850438531671,0.0,500.0,0.0,279,5580000,40,0.011243704706430435,2.9422833919525146,0.00018839999999999886,5.088408371240278,9339.259101577953,-0.6347868223851428,55.72370719909668,23.78443431854248,79.50814247131348,3.1661986810149756e-08,-6.103515914901436e-08
320.2851754412803,0.0,500.0,0.0,280,5600000,40,0.012244080193340778,2.941948890686035,0.00018799999999999885,3.3681011359902877,6036.009890592551,-0.6069045607707922,54.41953110694885,23.680724143981934,78.1002562046051,-1.4650821889006238e-08,-1.9073486328125e-06
318.9455493657584,0.0,500.0,0.0,281,5620000,40,0.013132535852491856,2.9416134357452393,0.00018759999999999887,3.603381042616277,6551.62278764942,-0.9917636615754682,52.15308475494385,22.611666440963745,74.76475238800049,3.280639759850601e-08,3.8330076677084435e-06
319.2176618480503,0.0,500.0,0.0,282,5640000,40,0.01162764709442854,2.941277027130127,0.00018719999999999886,3.1499969230799736,5889.664905248715,-0.8824092256541871,53.30217933654785,23.808045864105225,77.11022663116455,3.52859501617786e-08,2.667236230990966e-06
320.07396651041904,0.0,500.0,0.0,283,5660000,40,0.011991620995104313,2.9409396648406982,0.00018679999999999888,3.798004757150819,5413.455236024494,-0.8656409281907202,51.36136221885681,23.88403034210205,75.2453932762146,9.393692046444357e-09,-7.141113087527629e-07
317.7482472215179,0.0,500.0,0.0,284,5680000,40,0.011816313490271568,2.940601348876953,0.00018639999999999887,4.395690719047679,6309.381903926029,-0.8218857899449671,50.663973569869995,24.24584197998047,74.9098162651062,3.099441414633475e-08,2.294921841894393e-06
318.20690871479036,0.0,500.0,0.0,285,5700000,40,0.011085987091064453,2.9402623176574707,0.00018599999999999886,6.087416521356076,7876.557878557036,-0.9034570348555151,50.62274765968323,23.805054664611816,74.42780303955078,-8.201599399626502e-09,1.2207030941624453e-08
318.51899542334866,0.0,500.0,0.0,286,5720000,40,0.013433822430670261,2.939922332763672,0.00018559999999999885,5.49210741587832,7358.566911721531,-0.926464267499462,51.82810139656067,23.522206783294678,75.35030913352966,-4.405975317922639e-08,-2.8564452350110514e-06
317.03360602207823,0.0,500.0,0.0,287,5740000,27,0.020416799932718277,2.9395816326141357,0.00018519999999999884,6.617247469035102,7995.313010715176,-0.8345999816494596,53.4302020072937,17.138776302337646,70.56897926330566,6.008148201175345e-09,-2.197265530412551e-06
316.62463703242327,0.0,500.0,0.0,288,5760000,5,0.020100289955735207,2.939239978790283,0.00018479999999999883,6.96127260063268,10605.171200059336,-0.17439138632786425,51.38739633560181,3.5069336891174316,54.894330739974976,7.629394338515283e-10,-1.2939452744831215e-06
308.4826634592422,309.175,500.0,0.0,289,5780000,40,0.016082704067230225,2.9393224716186523,0.00018439999999999884,3.880496819072132,7685.371189204348,-0.932331047782415,52.71340990066528,25.07597327232361,77.78938412666321,1.4305114426349519e-08,-1.59912110575533e-06
318.75311589257433,0.0,500.0,0.0,290,5800000,40,0.012551967054605484,2.9393622875213623,0.00018399999999999886,3.8170763200974163,6276.456197733819,-0.816211985636361,52.63496994972229,25.40373468399048,78.0387053489685,1.9454956756703723e-08,1.7700194803182967e-06
318.48543688812555,13.061249999999998,500.0,0.0,291,5820000,40,0.01538991741836071,2.9393818378448486,0.00018359999999999888,4.14757811423344,4805.21007856538,-0.8792911785029912,51.50545907020569,22.720333099365234,74.22579336166382,-1.430511542555024e-10,-5.096435415907763e-07
317.3388852783455,34.613749999999996,500.0,0.0,292,5840000,40,0.010011856444180012,2.9394125938415527,0.00018319999999999887,5.15687654931334,3696.9452337337448,-0.7325383751264102,51.05315327644348,23.51819109916687,74.57134556770325,-3.7193297330873065e-09,-4.103088485862827e-06
316.5874569714068,0.0,500.0,0.0,293,5860000,40,0.010811732150614262,2.939405918121338,0.0001827999999999989,11.915546458355989,6289.004574044143,-0.6844202465719625,50.85532593727112,23.136823654174805,73.99215149879456,1.907348723406699e-09,-2.4902344648580765e-06
314.43479433044,0.0,500.0,0.0,294,5880000,40,0.012620436027646065,2.9393651485443115,0.0001823999999999989,12.571220702159254,9341.074096679688,-0.9201302063144461,51.30043411254883,27.513036489486694,78.81347155570984,1.9073485846288207e-10,2.0019531348225428e-06
320.7473344245677,0.0,500.0,0.0,295,5900000,40,0.01624038629233837,2.939293622970581,0.00018199999999999892,8.838348686393303,5826.973472923569,-0.9116777155972734,51.92552089691162,25.301297187805176,77.22681879997253,-5.340575981449547e-09,4.1503906800244295e-07
317.4768061617897,0.0,500.0,0.0,296,5920000,40,0.012789390981197357,2.9391942024230957,0.0001815999999999989,9.662254845039755,4343.462636730339,-0.6607463982286332,51.74931502342224,23.184266805648804,74.9335834980011,2.2888184680880386e-09,1.8554687812866177e-06
317.90618530825293,0.0,500.0,0.0,297,5940000,40,0.014652570709586143,2.9390697479248047,0.0001811999999999989,10.158736887913715,5738.5081767408155,-0.7668362015858292,51.748045921325684,24.29307723045349,76.04112410545349,-2.2888184680880386e-09,1.6845702930368134e-06
318.4378996363859,0.0,500.0,0.0,298,5960000,40,0.013873016461730003,2.93892240524292,0.0001807999999999989,12.621803246796885,4445.464487022689,-0.7469369943972819,51.84431576728821,25.07225227355957,76.91656875610352,1.3351439953623867e-09,3.6376952721184352e-06
319.7389183212834,0.0,500.0,0.0,299,5980000,40,0.016080984845757484,2.9387545585632324,0.0001803999999999989,13.431848335643357,5108.1827012074145,-0.8107465849599883,51.03514266014099,23.312579870224,74.34772324562073,9.346008411625917e-09,-2.3193358629214345e-06
319.3708583327128,0.0,500.0,0.0,300,6000000,40,0.010863854549825191,2.938568115234375,0.00017999999999999893,12.24383785158773,2823.23096079766,-0.5646285849847371,51.48040723800659,23.514039754867554,74.99444794654846,-3.814697446813398e-09,-2.6977538709616056e-06
76.76029351768531,0.0,500.0,0.0,301,6020000,40,0.010953826829791069,2.9383649826049805,0.00017959999999999892,4.038938267925118,3997.3627502055106,-0.9959909651004061,53.72980189323425,23.218133449554443,76.94793701171875,-1.6822815496198018e-07,-8.62426713865716e-06
0.18557719836549885,0.0,500.0,0.0,302,6040000,40,0.012908856384456158,2.9381463527679443,0.00017919999999999893,2.479391614319403,1698.6671474794798,-0.5330047108044352,53.52607440948486,23.068718910217285,76.59479403495789,-1.1644363695495485e-07,-5.015564056520816e-06
0.1176910966925058,0.0,500.0,0.0,303,6060000,40,0.01117478683590889,2.9379138946533203,0.00017879999999999893,1.999590195432494,1437.9274070256872,-0.3442907500729153,52.672714710235596,22.795641660690308,75.46835732460022,-9.346008411625917e-09,2.4536132059438387e-06
0.19771682963835086,0.0,500.0,0.0,304,6080000,40,0.010363548994064331,2.937669038772583,0.00017839999999999892,2.34798672670805,2763.261364861983,-0.28006662890032125,55.271748781204224,23.671130180358887,78.94287991523743,-3.032684503523342e-08,7.922363693069201e-06
0.23504322964113586,0.0,500.0,0.0,305,6100000,40,0.012480932287871838,2.937412738800049,0.0001779999999999989,2.7441542663151703,1110.0402567609956,-0.27107409788649295,55.27163290977478,23.66073751449585,78.93237137794495,2.555847089524832e-08,-2.819824203470489e-06
0.2669516405707803,0.0,500.0,0.0,306,6120000,40,0.011517979204654694,2.9371461868286133,0.00017759999999999892,1.6729915135646167,942.1825913248183,-0.31395304514731787,54.350769996643066,21.71733069419861,76.06810164451599,-2.803802523487775e-08,-6.072997962291993e-07
0.1984782021177059,0.0,500.0,0.0,307,6140000,40,0.013407236896455288,2.9368703365325928,0.00017719999999999894,1.5297258958409103,1555.4472421766836,-0.2559379778472306,54.45663595199585,23.2306649684906,77.6873025894165,-5.8746337572301854e-08,1.6052246110120905e-06
0.23475545504532952,0.0,500.0,0.0,308,6160000,40,0.012954678386449814,2.9365859031677246,0.00017679999999999896,1.514961683787877,2462.1515531708924,-0.33260796972420775,53.67746162414551,24.178369283676147,77.85583281517029,-5.7220457705398076e-08,2.4047851638897555e-06
0.2933558869149212,0.0,500.0,0.0,309,6180000,40,0.010625005699694157,2.936293601989746,0.00017639999999999895,1.3654868860787983,1304.4371732687648,-0.2779928489552834,52.60070466995239,22.859357595443726,75.46006321907043,7.743835794826737e-08,-1.2084960872016381e-06
0.2350875920941487,0.0,500.0,0.0,310,6200000,40,0.010652611963450909,2.9359943866729736,0.00017599999999999894,1.2311212493271768,1657.0736171480976,-0.20779375927287,53.58687138557434,25.55022358894348,79.1370964050293,-4.134178155368318e-08,6.83593725625542e-07
0.20099680398557096,0.0,500.0,0.0,311,6220000,39,0.020108498632907867,2.9356887340545654,0.00017559999999999893,1.1694802686557566,1709.475104470951,-0.17347130041565845,54.95536017417908,23.689054012298584,78.6444149017334,8.068084866863501e-08,-1.8310547034161573e-07
0.25765259615689823,0.0,500.0,0.0,312,6240000,40,0.011949105188250542,2.9353771209716797,0.00017519999999999892,1.0954366871073276,1088.5087365838547,-0.21568316659548237,54.925843238830566,23.103772163391113,78.02961659431458,3.2234190427971043e-08,-1.9836426190522616e-07
0.19359310398289858,0.0,500.0,0.0,313,6260000,40,0.010810090228915215,2.9350602626800537,0.00017479999999999894,1.08909660721127,2295.3833111147337,-0.16969541944091834,53.044981956481934,23.58671760559082,76.63170099258423,8.106232129989621e-09,6.561279519701202e-07
0.2613119669087703,0.0,500.0,0.0,314,6280000,40,0.011856135912239552,2.9347386360168457,0.00017439999999999893,1.003679136762136,2302.207919157004,-0.2851578094442434,54.58397126197815,23.353575468063354,77.9375479221344,7.939338786400185e-08,3.1738281336401997e-07
0.2601529479361124,0.0,500.0,0.0,315,6300000,40,0.011075923219323158,2.9344124794006348,0.00017399999999999892,0.986495197611519,2246.743256156052,-0.13322868251442155,53.501368045806885,22.7905695438385,76.2919385433197,-7.56263744960961e-08,-4.272461069376732e-07
0.2393458700714223,0.0,500.0,0.0,316,6320000,40,0.011468415148556232,2.934082269668579,0.0001735999999999989,0.9637223061504243,1822.2017932940132,-0.12076035476160012,54.11451435089111,23.969531536102295,78.08404660224915,1.5258788677030566e-09,-1.220703097715159e-06
0.27841810272219847,0.0,500.0,0.0,317,6340000,40,0.011702373623847961,2.933748245239258,0.0001731999999999989,0.9487482635092132,1920.2213889206512,-0.16499555726429518,53.4539954662323,23.97471046447754,77.42870736122131,-8.201599399626502e-09,2.227783255648319e-07
0.19594005414925003,0.0,500.0,0.0,318,6360000,40,0.010097307153046131,2.93341064453125,0.00017279999999999891,0.8171554888351054,1316.6856399729281,-0.19421422561937118,52.924219608306885,25.314675092697144,78.23889541625977,7.166862303620292e-08,-9.765624753299562e-08
0.18808203404950824,0.0,500.0,0.0,319,6380000,40,0.010892996564507484,2.933069944381714,0.00017239999999999893,0.762556969761094,912.8631720820559,-0.07829720554401791,54.56793284416199,23.75434637069702,78.32228064537048,-1.0108947456899386e-08,9.155273517080786e-08
0.17681263446212128,0.0,500.0,0.0,320,6400000,40,0.011424471624195576,2.9327263832092285,0.00017199999999999895,0.7014405020052874,1026.4354793307148,-0.14263936934308916,54.677751541137695,23.926903247833252,78.60465574264526,5.364417887676609e-08,1.2207030941624453e-08
0.1826954622096756,0.0,500.0,0.0,321,6420000,40,0.012454861775040627,2.932379961013794,0.00017159999999999894,0.6497504991821096,649.6898302005816,-0.11366074027705796,54.6518714427948,23.85459613800049,78.50646829605103,-1.1634826435624745e-08,-5.065917889623961e-07
0.2580468885301911,0.0,500.0,0.0,322,6440000,40,0.01002173125743866,2.9320311546325684,0.00017119999999999893,0.5949576801137079,598.2597499219677,-0.1405455664625462,54.08632493019104,24.52894878387451,78.61527442932129,6.732940960318956e-08,-2.883911065509892e-07
0.333053363973856,0.0,500.0,0.0,323,6460000,40,0.010024678893387318,2.9316799640655518,0.00017079999999999892,0.5532572405624994,604.697096619425,-0.10061739171277496,52.71507668495178,22.43181085586548,75.14688849449158,-3.676414550568552e-08,8.369445936295961e-07
0.25133225175231544,0.0,500.0,0.0,324,6480000,40,0.011097023263573647,2.9313266277313232,0.0001703999999999989,0.511081601754774,615.6573602217662,-0.1346820152942327,54.25026273727417,23.8137366771698,78.0640001296997,2.2888184680880386e-09,2.258300781932121e-07
0.19477128880021802,0.0,500.0,0.0,325,6500000,40,0.012670193798840046,2.930971384048462,0.0001699999999999989,0.47846144789570494,635.3289771937117,-0.18264493334896956,53.65121507644653,23.537474632263184,77.18869066238403,-6.875991687138594e-08,1.9531249506599124e-07
0.18679139566536387,0.0,500.0,0.0,326,6520000,40,0.013385232537984848,2.9306142330169678,0.00016959999999999892,0.4381254684321488,648.944190225722,-0.09860229670435568,53.84664797782898,23.442214488983154,77.28886365890503,-3.676414550568552e-08,-9.582519169271109e-07
0.26444458941796417,0.0,500.0,0.0,327,6540000,40,0.01293009053915739,2.930255174636841,0.0001691999999999989,0.4088371790191041,733.5637676094152,-0.12076398554151949,54.12351655960083,23.16333508491516,77.28685259819031,2.231597839852384e-08,-3.051757957450718e-08
0.25582411469738914,0.0,500.0,0.0,328,6560000,40,0.010841493494808674,2.92989444732666,0.0001687999999999989,0.3872258084012738,907.9417927029766,-0.08187957413117343,53.576759815216064,22.966423511505127,76.54318428039551,-3.2329559473964764e-08,-3.479003964912408e-07
0.17019483113430617,0.0,500.0,0.0,329,6580000,40,0.015114260837435722,2.929532289505005,0.00016839999999999892,0.36032861358945883,840.954499845867,-0.0804347669552493,52.09446620941162,23.55290651321411,75.64737462997437,-2.651214536797397e-08,8.544921570319275e-08
0.1764517535717892,0.0,500.0,0.0,330,6600000,40,0.012168494053184986,2.929168701171875,0.0001679999999999989,0.3421198906306225,1140.93542293114,-0.08161575609841679,53.15139126777649,23.20426845550537,76.35566091537476,-7.2479249269008506e-09,1.4648438195763447e-07
0.19073113174381887,0.0,500.0,0.0,331,6620000,40,0.012112493626773357,2.9288036823272705,0.00016759999999999892,0.3106256908819645,611.7012128516088,-0.09570139112051199,55.69548559188843,24.028746604919434,79.72423315048218,1.5735626135437997e-08,-3.479003964912408e-07
0.2012988845586457,0.0,500.0,0.0,332,6640000,37,0.023256517946720123,2.9284372329711914,0.00016719999999999891,0.28699169496824345,609.9774928319711,-0.11270033107038806,53.883991718292236,22.47820806503296,76.36220169067383,6.484985437538171e-09,3.0212402180040954e-07
0.23890648676298634,0.0,500.0,0.0,333,6660000,40,0.011731429025530815,2.928069591522217,0.00016679999999999893,0.2631487233729302,663.5599458622027,-0.0939610996260013,54.78860282897949,23.47742509841919,78.26602864265442,-4.959106458812812e-09,-6.912231356182019e-07
0.2252687774244285,0.0,500.0,0.0,334,6680000,40,0.012062210589647293,2.9277007579803467,0.00016639999999999895,0.23706623974574517,549.7479608270187,-0.07781797665631092,55.25536298751831,22.94566559791565,78.20102953910828,-2.169609025770569e-08,-6.561279519701202e-07
0.1873481391892627,0.0,500.0,0.0,335,6700000,40,0.012357048690319061,2.927330732345581,0.00016599999999999897,0.21497704229683062,812.0142241852193,-0.06112881491220073,56.20898079872131,23.397730350494385,79.60671186447144,-4.186630420122128e-08,1.2817382355478912e-07
0.3022697091165947,0.0,500.0,0.0,336,6720000,40,0.016661066561937332,2.926959753036499,0.00016559999999999898,0.19073572676110118,583.1526304800299,-0.0767019214409203,58.7645046710968,23.107481241226196,81.87198662757874,-2.0170212167158752e-08,1.1184691857124562e-06
0.34754795057240734,0.0,500.0,0.0,337,6740000,40,0.011606240645051003,2.9265875816345215,0.00016519999999999897,0.16548396351782582,570.5049117462545,-0.08483197910451813,52.88682198524475,23.76058578491211,76.64740943908691,-1.754760781125242e-08,-1.3732909565078444e-07
0.19918138672795627,0.0,500.0,0.0,338,6760000,40,0.013386936858296394,2.9262144565582275,0.00016479999999999896,0.1453766291748874,664.8633460515662,-0.06647933873854861,54.10209250450134,23.330480813980103,77.43257403373718,1.8787384092888715e-08,-2.0446776716198656e-07
0.20016538760842098,0.0,500.0,0.0,339,6780000,40,0.013802255503833294,2.925840377807617,0.00016439999999999895,0.12290978705675541,754.8648114651064,-0.06244925868614942,57.0774610042572,22.421287298202515,79.49874925613403,-2.3841859042583735e-10,-5.409240770859469e-07
0.1479740146794028,0.0,500.0,0.0,340,6800000,40,0.0095814885571599,2.9254653453826904,0.00016399999999999894,0.10181544719240333,618.8894082757491,-0.06353166273594657,56.520893573760986,23.70987844467163,80.23077344894409,-9.059906158626063e-10,-3.1127930810725957e-07
0.2352041687364072,0.0,500.0,0.0,341,6820000,40,0.013370920903980732,2.9250893592834473,0.00016359999999999894,0.07563859570441367,577.4366423594801,-0.11789923739159787,63.94504952430725,23.13184881210327,87.07689929008484,2.7656554379973386e-08,-1.0314940936950734e-06
0.4738059507760994,0.0,500.0,0.0,342,6840000,40,0.010278958827257156,2.924712657928467,0.00016319999999999895,0.05448832619180785,604.6796886685528,-0.07121091612225658,54.748908281326294,24.386201858520508,79.1351113319397,1.5640258865801115e-08,-3.540039017480012e-07
0.3084416909915583,0.0,500.0,0.0,343,6860000,40,0.007960309274494648,2.92433500289917,0.00016279999999999897,0.036366432367034164,704.533652728117,-0.05809271381342713,58.096186876297,22.96566915512085,81.06185674667358,2.889633243796652e-08,1.8310547034161573e-07
0.2862085447689572,0.0,500.0,0.0,344,6880000,40,0.01806006021797657,2.9239563941955566,0.000162399999999999,0.023397893113779683,1407.9385066648074,-0.19388916647603996,54.94479584693909,23.600762844085693,78.5455596446991,3.814697446813398e-09,2.4414061883248905e-08
0.4688936780457217,0.0,500.0,0.0,345,6900000,40,0.010608046315610409,2.923577070236206,0.00016199999999999898,0.013145853368317873,672.141507653345,-0.09204390309751034,53.71091842651367,23.55484652519226,77.26576590538025,-2.2888184680880386e-09,-3.2348631862078037e-07
0.3611726587680494,0.0,500.0,0.0,346,6920000,40,0.010032905265688896,2.923197031021118,0.000161599999999999,0.006233600545026173,807.5990055518814,-0.07574469257570521,53.90507388114929,23.35764980316162,77.26272439956665,-4.1961669694501325e-08,1.074218744179234e-06
0.21244668245768888,0.0,500.0,0.0,347,6940000,40,0.008574051782488823,2.922816038131714,0.00016119999999999899,0.003744102182099596,569.9793081066276,-0.10828425056430735,55.04299974441528,23.747470140457153,78.79047107696533,-2.9182434246877165e-08,-1.647949261496251e-07
0.3891195345247141,0.0,500.0,0.0,348,6960000,40,0.012965194880962372,2.9224343299865723,0.00016079999999999898,0.0030940992146865996,917.5981185623363,-0.14327707282632968,53.53714346885681,24.702621936798096,78.2397665977478,-3.8719178974133683e-08,4.272461069376732e-07
0.28668521454973567,0.0,500.0,0.0,349,6980000,40,0.00984111800789833,2.9220519065856934,0.00016039999999999897,0.001731856011518843,1092.8987609187259,-0.17387907294957322,55.21466302871704,23.877174615859985,79.09183859825134,2.1934509319976314e-08,1.1596679314607172e-06
0.2712342817965322,0.0,500.0,0.0,350,7000000,40,0.017177730798721313,2.921668767929077,0.00015999999999999898,0.001779987491096983,614.2782693211036,-0.06930346283825893,55.28631091117859,25.722805500030518,81.00911736488342,-1.761913281939087e-08,-2.3193359766082722e-07
975.7844745127688,0.0,500.0,0.0,351,7020000,40,0.011223489418625832,2.9212849140167236,0.000159599999999999,239.54795622403108,23996.18512835925,-2.048584382132262,49.965030670166016,24.715734004974365,74.68076634407043,-2.17723851392293e-07,1.367187451251084e-06
1334.568865734631,0.0,499.6,0.0,352,7040000,40,0.01152276061475277,2.920900344848633,0.00015919999999999902,251.20859502599208,15252.675193921825,-1.6283970429078687,50.518694162368774,24.30440044403076,74.82309556007385,-1.4019012617438875e-08,-2.1728515093855094e-06
1315.9690971693253,0.0,498.8,0.0,353,7060000,40,0.0117029482498765,2.9205148220062256,0.00015879999999999904,166.71346601413777,9669.849653335765,-1.2623555042226857,48.72618365287781,23.330015182495117,72.05619978904724,2.4318694613612024e-07,-2.3193358629214345e-06
1337.7974246688384,0.0,500.0,0.0,354,7080000,40,0.013236659578979015,2.920128583908081,0.00015839999999999905,104.08613489247576,13804.215215330487,-1.0954775997637949,49.94891834259033,23.32237672805786,73.27129673957825,-2.1305083919287426e-07,-9.765624753299562e-08
1313.4933117219916,0.0,500.0,0.0,355,7100000,40,0.012715738266706467,2.9197418689727783,0.00015799999999999907,95.76482051716575,4856.6762593716,-0.9322530149659024,49.31083822250366,22.744942665100098,72.05578207969666,-1.1291503909660605e-07,2.9296875254658516e-06
1332.431564162411,0.0,496.87875,0.0,356,7120000,40,0.01373048685491085,2.9193544387817383,0.00015759999999999906,45.24069011151036,6472.115806792054,-1.1883213214104689,48.003917932510376,23.975030422210693,71.9789490699768,1.0342598244506007e-07,-2.4414063659605745e-07
1325.5882232518602,244.075,497.44624999999996,0.0,357,7140000,40,0.013509668409824371,2.9193456172943115,0.00015719999999999908,47.75926065384587,5763.581562264358,-0.9973991284642039,50.30873942375183,24.66015124320984,74.96889233589172,-1.2474059474243404e-07,-1.30615239868348e-06
1282.3899847091866,0.35,500.0,0.0,358,7160000,40,0.011635576374828815,2.919299364089966,0.0001567999999999991,33.00070288226574,4909.33547417363,-0.866109107557354,49.03571033477783,23.490877866744995,72.52658891677856,-6.04629519784794e-08,2.758789150902885e-06
1333.7461173400839,0.0,500.0,0.0,359,7180000,40,0.015278927981853485,2.9192185401916504,0.0001563999999999991,29.663619077507455,6001.978703790978,-0.8336980061251906,50.45401930809021,23.889816999435425,74.34383726119995,1.907348590179936e-08,-1.3427734302240424e-06
1325.7250643846176,0.0,495.2682926829268,0.0,360,7200000,40,0.011450134217739105,2.9191067218780518,0.0001559999999999991,26.944393808630448,4475.331598421893,-0.8901265726813787,50.4360511302948,24.40087080001831,74.836923122406,-9.126663513825406e-08,3.295898522992502e-07
1298.6927301465973,3.6,496.225,0.0,361,7220000,40,0.014432374387979507,2.9189724922180176,0.0001555999999999991,48.774864492084404,3832.4998699526245,-0.8543774971974235,50.59324836730957,23.765108108520508,74.3583574295044,-8.487701208537146e-09,4.6386719532165444e-07
1342.4685503662156,0.0,500.0,0.0,362,7240000,40,0.014627876691520214,2.9188122749328613,0.00015519999999999908,37.512885883186435,2054.9278480819507,-0.8014740179752624,51.24931359291077,22.736095428466797,73.9854097366333,-6.961822407447471e-08,-9.155273872352154e-09
1355.0395304453173,0.0,500.0,0.0,363,7260000,40,0.012137731537222862,2.918628454208374,0.00015479999999999907,25.949057276037674,3770.019473903994,-0.5379307519078632,48.5538911819458,24.52066731452942,73.07455945014954,6.656646434066715e-08,-6.469726372415607e-07
1384.9072954672706,0.0,500.0,0.0,364,7280000,40,0.01494535245001316,2.9184234142303467,0.0001543999999999991,24.374299357812617,3335.6727257450925,-0.9287344331275436,50.38720512390137,23.334161043167114,73.72136688232422,3.3950804834148585e-08,-7.568359592369234e-07
1320.6634115465135,0.0,500.0,0.0,365,7300000,40,0.01166568323969841,2.918199300765991,0.00015399999999999908,14.542919269694558,3465.981938364536,-0.7479759572757573,49.4364709854126,25.77060890197754,75.20708084106445,1.0919571025169716e-08,5.981445383440587e-07
1340.4382325260358,97.9,500.0,0.0,366,7320000,40,0.016235776245594025,2.918112277984619,0.00015359999999999907,56.0837682099282,3272.0746210991583,-0.8547537009809402,48.17228722572327,24.773415327072144,72.94570446014404,-1.115798919926192e-08,9.155273232863692e-07
1366.0661936527554,0.0,500.0,0.0,367,7340000,40,0.013596401549875736,2.917994260787964,0.0001531999999999991,57.54000524991675,4555.481305298624,-0.9102197194306911,49.657312631607056,23.325000286102295,72.98231363296509,1.6975402417074292e-08,-1.9531249506599124e-07
1274.2330085047627,0.0,500.0,0.0,368,7360000,40,0.015572354197502136,2.9178483486175537,0.00015279999999999908,24.982562155663214,5972.41165365871,-0.8088754260606026,52.70987319946289,23.011337280273438,75.72121143341064,1.506805347162299e-08,5.37109372089617e-07
1352.8947212980688,0.0,500.0,0.0,369,7380000,40,0.015316293574869633,2.917677164077759,0.0001523999999999991,15.963912669616409,3896.1464524474327,-0.6964432065952805,53.314802408218384,23.104989290237427,76.41979265213013,-2.651214536797397e-08,-8.97216807516088e-07
1340.1460902212336,0.0,500.0,0.0,370,7400000,40,0.013544726185500622,2.91748309135437,0.00015199999999999911,19.558714700650565,5669.383272253109,-0.9056996125727892,50.085278272628784,24.8993923664093,74.9846715927124,1.0681151962899094e-08,-2.19726558725597e-07
1345.0183271578426,0.0,500.0,0.0,371,7420000,40,0.012214550748467445,2.9172685146331787,0.0001515999999999991,47.66230433409727,6335.845955068854,-0.7069850305071738,51.722675800323486,24.86377239227295,76.58644890785217,-4.577636936176077e-09,-2.9296876391526894e-07
1293.6658642805457,0.0,500.0,0.0,372,7440000,40,0.013462145812809467,2.9170351028442383,0.0001511999999999991,16.92169583085217,7326.301317702668,-0.9490052002281705,49.60169982910156,24.92655301094055,74.52825355529785,8.77380390562621e-09,2.3193359766082722e-07
1356.0915772790931,91.17,500.0,0.0,373,7460000,40,0.013675861060619354,2.9169304370880127,0.00015079999999999908,24.697982699207113,5989.983527750908,-1.0005282532235111,49.505879402160645,23.90463876724243,73.41051912307739,-1.1634826435624745e-08,-1.025390588438313e-06
1344.4260515919673,25.48,500.0,0.0,374,7480000,40,0.013989424332976341,2.916836738586426,0.00015039999999999908,25.27820738750168,5380.386818221853,-0.7543484443162061,53.258524894714355,23.73796010017395,76.99648571014404,-1.239776614703203e-09,-3.906249901319825e-07
1294.9768639248289,0.0,500.0,0.0,375,7500000,40,0.011880564503371716,2.9167122840881348,0.0001499999999999991,17.91892486056195,6503.741904208026,-0.80568232168974,50.63824963569641,22.799058198928833,73.43730878829956,-4.1961669694501325e-09,1.098632793627985e-07
1321.4121417981828,0.0,500.0,0.0,376,7520000,40,0.015438827686011791,2.916559934616089,0.00014959999999999908,29.686785545077505,3470.4933699788926,-0.716813737260107,49.73352360725403,23.91615915298462,73.64968347549438,2.8610229740877458e-09,-1.367187451251084e-06
1357.815591722135,0.0,500.0,0.0,377,7540000,40,0.01341861393302679,2.9163825511932373,0.00014919999999999907,22.0570366444467,4047.7893290073057,-0.6950250161316576,49.50165581703186,23.355735540390015,72.85739231109619,3.19480886190604e-09,-1.0986327652062755e-06
1360.7560072049564,0.0,494.6,0.0,378,7560000,40,0.015671083703637123,2.916182518005371,0.00014879999999999906,35.97631241294402,6660.443342609647,-0.7944625118912398,50.59628629684448,24.128289699554443,74.72457671165466,-2.489090000779015e-08,-3.6621094068323146e-07
1325.5664669815815,0.0,500.0,0.0,379,7580000,40,0.011820373125374317,2.915961742401123,0.00014839999999999905,60.537297066555745,7301.342098805874,-0.8012777091487299,50.836678981781006,23.27506422996521,74.11174511909485,-2.0980834847250662e-09,2.4414063659605745e-07
1310.05930343079,0.0,496.67073170731715,0.0,380,7600000,40,0.015290836803615093,2.915722370147705,0.00014799999999999904,56.18734760224065,6646.992896628078,-0.7316491932242731,50.43738126754761,23.377582550048828,73.81496500968933,5.722046170220096e-10,1.2207030941624453e-08
1298.5266682479219,0.0,498.8625,0.0,381,7620000,40,0.013232273980975151,2.91546630859375,0.00014759999999999906,40.35939667707757,5262.604913059669,-0.7088342356436614,51.1504442691803,23.42980718612671,74.5802526473999,-4.673004205812958e-09,-3.063964868488256e-06
1331.9775969214074,0.0,500.0,0.0,382,7640000,40,0.012741338461637497,2.9151949882507324,0.00014719999999999905,119.49434805821768,8322.518752742719,-0.7503281460344037,49.81314039230347,23.982407808303833,73.79554986953735,-4.4345855876315454e-09,-2.4414061883248905e-08
1379.0196615064,0.0,500.0,0.0,383,7660000,28,0.020040372386574745,2.914909839630127,0.00014679999999999907,109.01586505905414,6420.863547133709,-0.6853936819821111,50.33710432052612,16.371887922286987,66.70899319648743,-3.910064716450279e-09,-1.7333984487777343e-06
1359.8591660574618,0.0,500.0,0.0,384,7680000,40,0.012493135407567024,2.914612293243408,0.00014639999999999906,63.32741237079041,8468.917155900786,-0.8630435627519707,49.68290448188782,23.71488308906555,73.39778852462769,-3.433227480087453e-09,6.83593725625542e-07
1351.1753052271038,0.0,500.0,0.0,385,7700000,40,0.014766867272555828,2.9143033027648926,0.00014599999999999905,61.09833201366135,5205.870731826975,-0.7065944899227234,48.81294083595276,23.35199785232544,72.1649398803711,7.629394893626795e-09,3.6621094068323146e-07
1337.6336472137016,1.25,500.0,0.0,386,7720000,40,0.012782108969986439,2.9139862060546875,0.00014559999999999907,54.791397194017335,6927.791050391861,-0.8695793694828319,49.651976346969604,23.57292103767395,73.22489809989929,-5.245208711812666e-10,-1.3427734302240424e-06
1305.358921937254,0.0,500.0,0.0,387,7740000,40,0.010544403456151485,2.9136595726013184,0.00014519999999999908,27.563898593715475,6414.484876994845,-0.7790143010925643,48.8837993144989,22.83172369003296,71.71552395820618,-1.039505015398845e-08,-6.744384677404014e-07
1277.0366460688497,0.0,500.0,0.0,388,7760000,40,0.011186179704964161,2.9133243560791016,0.00014479999999999907,27.8182476194599,6047.51252750445,-0.5635922914441628,51.81617498397827,24.448615789413452,76.26479172706604,-1.5544891596164234e-08,4.455566511296638e-07
1358.6903493995014,0.0,500.0,0.0,389,7780000,40,0.012830647639930248,2.9129812717437744,0.00014439999999999906,35.29182745836958,7411.842538973651,-0.7762579827793414,50.90877103805542,23.32768201828003,74.23645377159119,6.771087690538025e-09,6.591797045985004e-07
1311.950373205979,0.0,500.0,0.0,390,7800000,40,0.01259707473218441,2.912631034851074,0.00014399999999999908,13.681386281266997,9373.73991621959,-0.7959833495648979,49.57175850868225,24.569231033325195,74.14099049568176,-2.00271599304358e-09,1.098632793627985e-07
1308.8061109709292,0.0,500.0,0.0,391,7820000,40,0.013324304483830929,2.912274122238159,0.0001435999999999991,14.148443784291231,14276.71967379413,-0.8906136166917372,49.128854513168335,23.230859994888306,72.35971522331238,1.0967254882032762e-09,-2.868652302367991e-07
1290.5327733703937,0.0,500.0,0.0,392,7840000,40,0.013540196232497692,2.9119114875793457,0.00014319999999999912,15.059459816805925,12073.209340851216,-0.9432689928579369,50.45030617713928,23.625717401504517,74.0760247707367,1.4543533044530932e-09,4.882812731921149e-07
1325.9291509670988,0.0,500.0,0.0,393,7860000,40,0.012055573053658009,2.911543369293213,0.0001427999999999991,17.0493867768517,15529.028157255922,-0.5863621437686343,51.4409761428833,25.833892107009888,77.27486968040466,-3.9529801654225594e-08,-4.882812376649781e-08
1322.8227702876463,0.0,500.0,0.0,394,7880000,40,0.01276620663702488,2.911170244216919,0.00014239999999999912,19.844689854790893,12504.789392012584,-0.78704600533164,49.665658950805664,25.26061224937439,74.92627215385437,2.8228759774151513e-08,9.399414011568297e-07
1268.7691795678716,0.0,500.0,0.0,395,7900000,40,0.012942245230078697,2.910792589187622,0.00014199999999999914,22.193753195714347,10740.129847350301,-0.8576288062890497,52.62470245361328,23.74014639854431,76.36484956741333,-1.277923544762416e-08,7.568359592369234e-07
1344.6036491571358,0.0,500.0,0.0,396,7920000,40,0.014499912969768047,2.9104108810424805,0.00014159999999999913,31.59259452638747,7207.8342293461665,-0.777297069707626,51.00351810455322,24.43032217025757,75.43384099006653,-1.1062621929625038e-08,-6.042480436008191e-07
1267.4295683739542,0.0,500.0,0.0,397,7940000,40,0.014859895221889019,2.9100253582000732,0.00014119999999999912,49.99410843260681,8688.52271662845,-0.747126685865695,50.04407286643982,26.45964217185974,76.50371599197388,-1.6212463593845428e-09,1.1840820661745965e-06
1300.5195328090572,0.0,500.0,0.0,398,7960000,40,0.013830134645104408,2.9096364974975586,0.0001407999999999991,23.904153889191303,6880.566277805763,-0.759599639013221,50.076077461242676,27.346667766571045,77.42274737358093,1.2207030941624453e-08,-2.4414061883248905e-08
1287.0241640002162,0.0,500.0,0.0,399,7980000,40,0.012916192412376404,2.9092442989349365,0.00014039999999999913,40.74145632439022,6773.11020140829,-0.9014518027158478,48.567814350128174,25.873305082321167,74.4411211013794,8.583068700218632e-10,2.294921841894393e-06
1259.3720397165725,0.0,500.0,0.0,400,8000000,40,0.009781979024410248,2.9088492393493652,0.00013999999999999915,32.999736520006685,5288.604128699967,-0.7336464541528044,48.82417440414429,24.93207550048828,73.7562506198883,4.720687840631399e-09,3.051757957450718e-08
303.0241380517589,0.0,500.0,0.0,401,8020000,40,0.012011652812361717,2.908451557159424,0.00013959999999999914,35.4917068292823,6849.372128740141,-1.1620874068782299,54.030412435531616,23.779083728790283,77.80949807167053,8.726120270807769e-09,-1.8920898128271801e-06
0.3078054413471172,0.0,500.0,0.0,402,8040000,40,0.011630257591605186,2.9080512523651123,0.00013919999999999913,23.380330544182016,5353.156198892714,-1.0132652943553049,54.47363257408142,26.139326333999634,80.61296105384827,3.0088425972962796e-08,-2.050781176876626e-06
0.36998021440488493,0.0,500.0,0.0,403,8060000,40,0.012607553042471409,2.9076485633850098,0.00013879999999999912,16.29142357352414,3702.945842501483,-0.6288244745588001,54.462157249450684,23.768264293670654,78.23042273521423,2.985000691069217e-08,-5.676269552168378e-07
0.3475568688348062,0.0,500.0,0.0,404,8080000,40,0.012832400389015675,2.9072437286376953,0.0001383999999999991,16.35836975544314,1855.6064891766898,-0.5844125487947766,53.32159113883972,23.60533857345581,76.92693066596985,1.4269351922280293e-08,-1.2939452744831215e-06
0.3156577822568638,0.0,500.0,0.0,405,8100000,40,0.0132047850638628,2.906836986541748,0.0001379999999999991,15.14586114325101,1873.2745324050325,-0.6598873467667948,53.192078828811646,24.808377981185913,78.0004575252533,-2.2220611128886958e-08,-1.2329101082286797e-06
0.30807046802105925,0.0,500.0,0.0,406,8120000,40,0.011022081598639488,2.906428337097168,0.00013759999999999912,12.379596590392197,1368.428650327272,-0.5776218564355675,54.25933027267456,27.96163821220398,82.2209701538086,5.741119224467184e-08,-2.6214599984086817e-06
0.3195199216202228,0.0,500.0,0.0,407,8140000,40,0.013871713541448116,2.906018018722534,0.0001371999999999991,14.420231245590161,1613.1890288534044,-0.6264378361191743,54.88953375816345,27.085034370422363,81.97456908226013,1.5020370502938363e-09,7.183838079072302e-06
0.4838959490663589,0.0,500.0,0.0,408,8160000,40,0.009834027849137783,2.9056060314178467,0.00013679999999999912,17.351621625242355,1652.7625018542326,-0.49615103239783004,55.83914351463318,23.837817668914795,79.67696237564087,6.484985437538171e-09,1.8554687812866177e-06
0.35415089398428856,0.0,500.0,0.0,409,8180000,40,0.011421930976212025,2.9051923751831055,0.00013639999999999914,11.339501975759676,1847.1135841466203,-0.543944024537466,53.89342474937439,24.5698299407959,78.46325540542603,1.0728836485895954e-08,-2.258300781932121e-07
0.22067199599581871,0.0,500.0,0.0,410,8200000,40,0.01394135132431984,2.9047772884368896,0.00013599999999999913,13.85558443914486,1772.2776996081388,-0.4764544079528202,53.29431462287903,23.336275100708008,76.63059186935425,-2.5367736355974557e-08,-2.0751953400122147e-07
0.40563255299934864,8.7,500.0,0.0,411,8220000,40,0.013012402690947056,2.9043755531311035,0.00013559999999999915,7.182360471275788,1549.3838510827172,-0.6458339769911917,54.437328815460205,23.353208780288696,77.79053831100464,2.7656554824062596e-09,-1.7761230992618948e-06
0.34678624269714414,0.0,500.0,0.0,412,8240000,40,0.011475050821900368,2.9039711952209473,0.00013519999999999914,9.684826841233653,1206.543974091735,-0.4755856148191268,56.83874273300171,23.696194648742676,80.53493928909302,-5.364418242947977e-09,-2.838134776084189e-07
0.43581935226460267,0.0,500.0,0.0,413,8260000,40,0.013757043518126011,2.903564214706421,0.00013479999999999913,9.52293954785866,1225.5200992246218,-0.4626633781067367,56.61414361000061,23.267194747924805,79.88133978843689,-4.291534350109316e-10,1.110839889406634e-06
0.3542626309905772,0.0,500.0,0.0,414,8280000,40,0.011143969371914864,2.9031548500061035,0.00013439999999999912,7.353749472129194,1161.2673037758357,-0.46917324094337565,56.093382596969604,23.07274055480957,79.16612386703491,1.5258788677030566e-09,-2.868652302367991e-07
0.257148371890457,0.0,500.0,0.0,415,8300000,40,0.014064759947359562,2.902743339538574,0.00013399999999999914,7.927796086027652,1183.9902880318557,-0.48202205866197995,56.745161056518555,24.082153797149658,80.82731580734253,7.629394893626795e-09,-3.41796862812771e-07
0.22489562994260065,0.0,500.0,0.0,416,8320000,40,0.01234775222837925,2.902329921722412,0.00013359999999999913,6.569420000193994,940.3614697033846,-0.42950559867003674,53.29659581184387,23.509958028793335,76.80655479431152,-2.241134611224993e-09,-7.99560552877665e-07
0.3967609864838305,0.0,500.0,0.0,417,8340000,40,0.01166794914752245,2.901914596557617,0.00013319999999999914,8.910390083774736,1167.4594374837754,-0.4318680157248355,56.41486573219299,24.46675729751587,80.88162422180176,2.0146369017481902e-09,1.2207031829802872e-07
0.3463056566555881,0.0,500.0,0.0,418,8360000,40,0.011529921554028988,2.9014976024627686,0.00013279999999999914,7.274013668147823,1115.1868530080287,-0.3494512293747143,55.761377811431885,23.56159281730652,79.3229718208313,3.5762786065873797e-09,-2.3193359766082722e-07
0.3422631574710843,0.0,500.0,0.0,419,8380000,40,0.011387992650270462,2.901078939437866,0.00013239999999999913,7.481197787236564,1011.2294932691357,-0.3496505796131265,53.9111008644104,26.77207612991333,80.68317794799805,9.63211022053656e-09,6.042480436008191e-07
0.35334285223818795,0.0,500.0,0.0,420,8400000,40,0.012951754964888096,2.90065860748291,0.00013199999999999914,8.786112074535104,994.9098376117175,-0.4011690895014171,54.2351930141449,23.90940499305725,78.14459896087646,5.698204130766271e-09,2.0294189084779646e-07
0.2995385516960426,0.0,500.0,0.0,421,8420000,40,0.01309646014124155,2.9002368450164795,0.00013159999999999913,7.935946362531638,902.1990231284612,-0.4025701716070688,53.61237192153931,22.95929741859436,76.57167029380798,-1.3351439953623867e-09,4.6691894795003464e-07
0.31070524634197216,0.0,500.0,0.0,422,8440000,40,0.014919739216566086,2.899813652038574,0.00013119999999999915,6.4619854521902305,879.1183049455474,-0.34945383803989694,52.737542390823364,23.519951581954956,76.25749492645264,1.440048258416482e-08,1.1596679883041361e-07
0.3440203428656698,0.0,500.0,0.0,423,8460000,40,0.014179856516420841,2.8993892669677734,0.00013079999999999914,5.9667127752605875,820.9184740187246,-0.34216459750940525,52.18925333023071,22.667210340499878,74.85646438598633,1.8024444159436825e-08,4.7607420583517523e-07
0.3634103024794154,0.0,500.0,0.0,424,8480000,39,0.021672280505299568,2.898963689804077,0.00013039999999999913,5.481292572473404,1288.4279959882015,-0.3698565510985179,52.176525831222534,22.914456129074097,75.09098291397095,3.700256456795614e-08,5.187988350030537e-08
0.30099421093820783,0.0,500.0,0.0,425,8500000,40,0.01656109094619751,2.8985369205474854,0.00012999999999999915,7.179984060872959,2242.594672905644,-0.35787805238550036,56.30089497566223,24.356317043304443,80.65721321105957,-1.9550323582251394e-09,1.647949261496251e-06
0.33754761716036696,0.0,500.0,0.0,426,8520000,40,0.013457824476063251,2.898108959197998,0.00012959999999999914,5.359807016200657,1403.6038753847533,-0.46634783346052694,53.42728877067566,23.323385000228882,76.7506754398346,-1.678466787780053e-08,1.525878978725359e-08
0.3738132496844472,0.0,500.0,0.0,427,8540000,40,0.011057929135859013,2.8976800441741943,0.00012919999999999913,6.425767206768446,1010.2800521657437,-0.3470677737264505,55.70481896400452,23.48440194129944,79.18922162055969,-6.294250454175199e-09,1.4648438195763447e-07
0.3960038148908732,0.0,500.0,0.0,428,8560000,40,0.012734376825392246,2.897249937057495,0.00012879999999999912,6.327468906550468,1047.5347706661948,-0.40279716757727385,53.06681942939758,23.691376447677612,76.75819683074951,7.724762163263676e-09,2.0141601453360636e-07
0.31215117440276907,0.0,500.0,0.0,429,8580000,40,0.0141707519069314,2.8968188762664795,0.00012839999999999914,5.108338700970517,1395.3378915521164,-0.4575486238079169,53.649001598358154,22.891026258468628,76.54002857208252,-1.9884110358248108e-08,1.3732909565078444e-07
0.4094856639700932,0.0,500.0,0.0,430,8600000,40,0.013479313813149929,2.8963868618011475,0.00012799999999999913,5.6674703339987165,1272.093455148045,-0.3920000709829074,54.1459755897522,23.94522714614868,78.0912036895752,2.2244453390385388e-08,4.1503906800244295e-07
0.47095895583015485,0.0,500.0,0.0,431,8620000,40,0.01390447374433279,2.895953893661499,0.00012759999999999912,4.764928736113295,1654.6976332845568,-0.43650026388843605,52.82663702964783,23.394776105880737,76.22141408920288,-1.5783310658434857e-08,-4.974365310772555e-07
0.3651430651662557,0.0,500.0,0.0,432,8640000,40,0.013918721117079258,2.8955202102661133,0.0001271999999999991,5.5331945862951155,993.6435710472397,-0.4263683314423395,54.45106363296509,23.566815853118896,78.01788067817688,-2.2649764730431343e-08,5.584716973316972e-07
0.31515650262763323,0.0,500.0,0.0,433,8660000,40,0.019246136769652367,2.895085573196411,0.0001267999999999991,4.960935224913343,1212.877314932135,-0.4820564516313091,55.79849076271057,24.22652578353882,80.02501797676086,-7.557868997309924e-09,-1.2207030941624453e-08
0.3771457042603449,0.0,500.0,0.0,434,8680000,40,0.01324668899178505,2.8946502208709717,0.00012639999999999912,5.661209801782536,1173.071580254277,-0.42649701539945756,55.0969340801239,24.983707666397095,80.08064270019531,1.9526481764842174e-08,1.8920898980923084e-07
0.5957524928236666,0.0,500.0,0.0,435,8700000,40,0.011862178333103657,2.894213914871216,0.0001259999999999991,4.350770256715485,1161.3793633569644,-0.4079584559307823,55.60974621772766,23.1242835521698,78.73403096199036,-1.9550323582251394e-09,8.78906234902388e-07
0.3451422498423168,0.0,500.0,0.0,436,8720000,40,0.01433640718460083,2.8937768936157227,0.00012559999999999912,5.515881949738612,1110.454731615284,-0.38140987833561024,53.24893832206726,23.439944744110107,76.6888837814331,-9.155273872352154e-09,-1.0070800726680318e-07
0.3311081853482749,0.0,500.0,0.0,437,8740000,40,0.01653021015226841,2.893339157104492,0.0001251999999999991,4.907527991412561,968.8848576702649,-0.3766110507099406,53.44291400909424,23.684849977493286,77.12776470184326,3.218650901359865e-09,-7.553100545010238e-07
0.4293336487269892,0.0,500.0,0.0,438,8760000,40,0.012422939762473106,2.8929004669189453,0.0001247999999999991,4.444463036860092,1184.2288332202766,-0.41375543134216264,53.427457094192505,22.54086709022522,75.96832537651062,2.2172927938157727e-09,-3.479003964912408e-07
0.7080012496017052,0.0,500.0,0.0,439,8780000,40,0.01287679560482502,2.892461061477661,0.00012439999999999912,4.632799904406825,882.9904743436017,-0.38790890613830165,54.43388795852661,23.78243851661682,78.21632719039917,-2.1219253021342865e-09,3.906249901319825e-07
0.6258432281944671,906.275,500.0,0.0,440,8800000,40,0.01417521946132183,2.8936197757720947,0.00012399999999999914,4.526297689163232,4834.481577252738,-0.2414104971798915,56.53300642967224,23.416694164276123,79.94970154762268,9.441375681262798e-09,-2.661132839421043e-06
0.499440085199044,0.0,500.0,0.0,441,8820000,40,0.012738111428916454,2.894619941711426,0.00012359999999999916,4.353115493889097,1344.209932476961,-0.4388776872660729,53.878825426101685,23.13177227973938,77.0105984210968,3.757476818577743e-08,-3.2348631862078037e-07
0.38529566624722317,0.0,500.0,0.0,442,8840000,40,0.014653045684099197,2.895477056503296,0.00012319999999999917,3.115422333946711,1066.9186423869073,-0.3994683286552376,53.438263177871704,24.49200701713562,77.93027091026306,9.155273872352154e-09,2.5024414185281785e-07
0.3759734272052063,0.9225,500.0,0.0,443,8860000,40,0.012508845888078213,2.896207094192505,0.00012279999999999916,3.707565342625485,1190.2302665034426,-0.3881307845557981,53.96086621284485,23.780457496643066,77.74132490158081,-1.6450881545893026e-08,-1.8310547034161573e-07
0.6307497327363902,8.3025,500.0,0.0,444,8880000,40,0.012841915711760521,2.8968353271484375,0.00012239999999999915,3.382508468401583,1044.4252682359913,-0.2935377363445638,55.690248250961304,23.07909631729126,78.76934552192688,1.2087822298667561e-08,8.544921570319275e-08
0.4770439889231347,0.0,500.0,0.0,445,8900000,40,0.012350878678262234,2.897357225418091,0.00012199999999999916,3.5115842192987854,989.425090896027,-0.44089680963160494,54.32900524139404,23.52698016166687,77.85598635673523,-1.5711783873939567e-08,-2.4414061883248905e-08
0.4876876028839776,0.0,500.0,0.0,446,8920000,40,0.016524283215403557,2.897783041000366,0.00012159999999999916,3.402676768619803,1302.8991863202446,-0.5299970359647576,54.534602880477905,23.42075490951538,77.95535850524902,-1.0490417423625331e-09,1.831054774470431e-08
0.5743420132340823,91.75625,500.0,0.0,447,8940000,40,0.01466729398816824,2.8982856273651123,0.00012119999999999916,3.1579292003866994,1990.159946663772,-0.5408789057685416,56.565874338150024,23.614531755447388,80.18040728569031,2.9802322387695312e-08,-2.4414063659605745e-07
0.5877028940640964,26.94375,500.0,0.0,448,8960000,40,0.01370146218687296,2.898742198944092,0.00012079999999999917,2.9489321666427806,3136.04288737623,-0.46679459504217286,54.81123900413513,23.987125158309937,78.7983648777008,2.6988983492515217e-08,5.493163968139925e-08
0.5926426183408411,0.0,500.0,0.0,449,8980000,40,0.014913606457412243,2.89910888671875,0.00012039999999999917,2.79917684325689,1635.2417474287975,-0.44457418518730357,54.023117542266846,23.59981369972229,77.62293338775635,-1.120567283408036e-08,-6.103515914901436e-08
0.2998824116311073,0.0,500.0,0.0,450,9000000,40,0.014359663240611553,2.8993947505950928,0.00011999999999999918,2.615273599383197,2405.793405923964,-0.44055651793539335,53.267022371292114,23.806727409362793,77.07375049591064,-3.776550272505119e-08,-6.103515470812226e-09
4.091541295957493,0.0,500.0,0.0,451,9020000,40,0.009417552500963211,2.8996076583862305,0.00011959999999999918,18.238105706776246,16149.324479501458,-1.1972131416060126,57.3170440196991,24.67623233795166,81.99327874183655,-4.088878569064036e-08,1.5222168258333113e-05
4.74448280939652,0.0,500.0,0.0,452,9040000,40,0.009431794285774231,2.899754524230957,0.00011919999999999918,9.780682447514957,6775.826116557061,-0.5843962270719341,56.323689460754395,22.639527559280396,78.9632179737091,1.310348523020366e-07,-1.367187451251084e-06
4.756552640749694,0.0,500.0,0.0,453,9060000,40,0.00969672854989767,2.8998420238494873,0.00011879999999999917,6.22627817618696,5659.608039450343,-0.5941549557485158,54.71596050262451,23.147448539733887,77.86340975761414,-1.2369156365821254e-07,4.718017407867592e-06
4.800321369151034,0.0,500.0,0.0,454,9080000,40,0.01183574553579092,2.8998758792877197,0.00011839999999999918,6.069206753259973,6693.169037174273,-0.5064170678629528,56.94496822357178,24.824915647506714,81.76988554000854,-2.0599365768703137e-08,-1.0772704627015628e-05
5.226387968479036,0.0,500.0,0.0,455,9100000,40,0.010876772925257683,2.8998613357543945,0.00011799999999999918,3.4785485452489007,11537.026206835011,-0.37455281633647936,56.737157106399536,23.467099905014038,80.20425796508789,-3.914832902296439e-08,3.540039017480012e-07
5.484437963149257,0.0,500.0,0.0,456,9120000,26,0.023352697491645813,2.8998031616210938,0.00011759999999999919,2.910195076012913,15264.399458278816,-0.22546619296567233,58.305962800979614,15.757301568984985,74.06326627731323,4.014968979504374e-08,-2.5024414753715973e-06
5.553325060082979,0.0,500.0,0.0,457,9140000,40,0.01744764856994152,2.899705648422241,0.00011719999999999919,2.6459372129621386,15429.01914819645,-0.3440071971709781,56.15248227119446,22.626724243164062,78.77920746803284,-3.19480886190604e-09,5.31005844095489e-06
5.274539643732611,0.0,500.0,0.0,458,9160000,40,0.012066138908267021,2.8995726108551025,0.00011679999999999918,2.5275669207678564,10904.696941172926,-0.46317598439658747,53.81409955024719,25.36881184577942,79.18291234970093,8.206367141383453e-08,-2.8564452350110514e-06
4.892622143908869,0.0,500.0,0.0,459,9180000,39,0.02163437008857727,2.899407386779785,0.00011639999999999918,2.08811624779093,9169.21322240585,-0.4399079470249864,55.81168055534363,22.38909125328064,78.20077276229858,3.3950804834148585e-08,-1.2481689282139996e-06
4.8006928063177225,0.0,500.0,0.0,460,9200000,40,0.027485907077789307,2.8992130756378174,0.00011599999999999919,2.053462377454661,9007.273137693768,-0.40636516211059276,55.29847550392151,24.845683336257935,80.1441605091095,-3.528594971768939e-09,9.780883374332916e-07
5.109514136048786,0.0,500.0,0.0,461,9220000,36,0.025500543415546417,2.8989925384521484,0.00011559999999999919,2.0702888301237055,4747.496960753965,-0.2855134085344698,54.2240092754364,21.6528000831604,75.8768105506897,-9.312629600799482e-08,-1.9531249506599124e-07
5.218716972346897,0.0,500.0,0.0,462,9240000,40,0.014298969879746437,2.8987483978271484,0.00011519999999999918,1.9711123061708258,5274.125366365457,-0.2040861287731913,55.69421076774597,23.197640419006348,78.89185190200806,-5.145072989876098e-08,5.584716973316972e-07
5.020377495654192,0.0,500.0,0.0,463,9260000,40,0.008963233791291714,2.8984827995300293,0.00011479999999999919,1.7921489486211464,4858.3347439536565,-0.33643250025195787,55.39316916465759,25.174492597579956,80.56766247749329,-2.7441977579201193e-08,6.347656267280399e-07
5.078157455015365,0.0,500.0,0.0,464,9280000,40,0.012990339659154415,2.898197889328003,0.00011439999999999919,1.6543282546574556,6159.09991223299,-0.29210315636253054,55.51787304878235,23.418086528778076,78.93596029281616,1.282691997062102e-08,9.155273517080786e-08
5.122130699335432,0.0,500.0,0.0,465,9300000,37,0.022647514939308167,2.897895574569702,0.00011399999999999919,1.8186895624644293,6367.484382517159,-0.313340685848724,57.136805295944214,24.89206314086914,82.02886986732483,1.0967254882032762e-09,-1.8310547034161573e-07
5.0712766864710925,0.0,500.0,0.0,466,9320000,13,0.02264895848929882,2.8975772857666016,0.0001135999999999992,1.952461849517228,7402.323923617979,-0.18761273919665478,57.818278789520264,7.79835844039917,65.61663842201233,-7.534026735811494e-09,1.1596679883041361e-07
5.079976602826061,29.0,500.0,0.0,467,9340000,40,0.01479396317154169,2.8972978591918945,0.0001131999999999992,2.0577793631749817,6150.340558208996,-0.38491030848950525,54.91038799285889,24.850236892700195,79.76062655448914,2.2983551062338847e-08,-1.2207031829802872e-07
4.796323035822278,7.25,500.0,0.0,468,9360000,40,0.011191931553184986,2.8970134258270264,0.0001127999999999992,1.7578916348611253,4372.395996286899,-0.3095504532414901,55.57427787780762,27.077224016189575,82.65150284767151,-2.6702879907247734e-09,3.7536619856837206e-07
4.746490604436397,9.194999999999999,500.0,0.0,469,9380000,40,0.012298580259084702,2.896728038787842,0.00011239999999999921,1.9205696537902084,4807.925017228911,-0.2797225657614726,54.18189215660095,23.93223738670349,78.11413073539734,-8.344650526126429e-10,1.708984314063855e-07
4.874198876314248,751.3799999999999,500.0,0.0,470,9400000,2,0.09597580879926682,2.897805690765381,0.00011199999999999921,2.0396355994140047,17724.50396883035,3.3903431066229373,57.954952239990234,1.271491289138794,59.2264449596405,3.910064716450279e-09,-1.0864257546927547e-06
5.116236748207341,0.0,500.0,0.0,471,9420000,40,0.0139918839558959,2.898730993270874,0.00011159999999999922,1.577935305313219,3826.0199604469008,-0.5738072147215657,56.64401888847351,27.356449604034424,84.00047016143799,-1.239776614703203e-09,-1.5045166037452873e-06
4.548169247063116,0.0,500.0,0.0,472,9440000,40,0.010285602882504463,2.8995187282562256,0.00011119999999999922,1.44602376743208,4132.628026551838,-0.31680948782853685,54.92202377319336,25.786969900131226,80.70899438858032,4.506111039859206e-09,-1.770019508740006e-07
5.109461109350149,0.0,500.0,0.0,473,9460000,40,0.013277115300297737,2.9001824855804443,0.00011079999999999922,1.3263690085350712,3344.48756889633,-0.24538304665232005,56.27164387702942,24.968225240707397,81.23986983299255,-6.38961772381208e-09,-1.8310547034161573e-07
5.227113678451185,0.0,500.0,0.0,474,9480000,40,0.012319575995206833,2.9007344245910645,0.00011039999999999923,1.2581190049648285,2855.3828774560857,-0.2742070086512573,56.16806697845459,24.57633686065674,80.74440455436707,-1.5449524326527353e-08,-8.102417154987052e-07
4.99354703135724,542.58875,500.0,0.0,475,9500000,3,0.131280317902565,2.902189254760742,0.00010999999999999923,1.2505408087863197,20946.266241017274,5.2826535576003515,56.87140345573425,1.7107486724853516,58.58215284347534,-3.099441414633475e-08,-2.4414063659605745e-07
4.61504070514317,443.93625000000003,500.0,0.0,476,9520000,40,0.014700450003147125,2.904276132583618,0.00010959999999999924,1.1920432120938844,4020.892721152004,-0.4072716316444021,56.99837517738342,22.974385499954224,79.97276306152344,8.535384843355587e-09,1.4648438195763447e-07
4.7309515249947856,0.0,500.0,0.0,477,9540000,40,0.015670305117964745,2.9061105251312256,0.00010919999999999924,1.1559742780048636,4028.008570707297,-0.35426643019707144,55.93810796737671,22.528745889663696,78.4668550491333,2.555847089524832e-08,-5.310058668328566e-07
4.575593506643812,0.0,500.0,0.0,478,9560000,40,0.010995878838002682,2.907717227935791,0.00010879999999999924,1.0759031599081015,4071.5518868554996,-0.307915423235184,56.565250635147095,24.562423706054688,81.12767601013184,-1.376271274722285e-08,-2.9907226917202934e-07
4.6692642299528675,0.0,500.0,0.0,479,9580000,40,0.014112054370343685,2.90911865234375,0.00010839999999999925,1.0363081590284275,4153.781088198891,-0.25854005653269685,56.5238835811615,25.63813304901123,82.16201782226562,2.965927059506157e-08,5.21850608947716e-07
4.31426300071669,0.0,500.0,0.0,480,9600000,40,0.013339262455701828,2.910335063934326,0.00010799999999999925,0.9831856916788259,4831.769236407703,-0.33714126586866905,59.36727261543274,23.08098602294922,82.4482593536377,-3.757476818577743e-08,-6.744384677404014e-07
4.775582843631764,0.0,500.0,0.0,481,9620000,40,0.013481445610523224,2.9113845825195312,0.00010759999999999925,0.9554604623513886,4440.982180129426,-0.3519233430723978,56.45861101150513,24.494885444641113,80.95349740982056,-1.4972686201986107e-08,-1.8005371771323553e-07
6.007262083154652,5.8,500.0,0.0,482,9640000,40,0.015159381553530693,2.912294626235962,0.00010719999999999926,0.9409115512537051,3815.019462121891,-0.4394512740352863,57.02306771278381,24.917189121246338,81.94025778770447,-1.0490417423625331e-08,6.286621214712795e-07
4.700864193784865,41.96875,500.0,0.0,483,9660000,40,0.011046716012060642,2.913146495819092,0.00010679999999999926,0.8683284548264516,1834.9753141765352,-0.2386092836390945,57.65262484550476,27.168053150177002,84.82068014144897,-2.7656554824062596e-09,-7.324218813664629e-07
4.959683062354413,1903.88125,500.0,0.0,484,9680000,2,0.027726782485842705,2.9174249172210693,0.00010639999999999927,1.1947992836372763,29776.919279074365,2.6850566665960263,56.77611517906189,1.1037554740905762,57.8798713684082,-4.76837147544984e-09,-2.19726558725597e-07
5.371415970433903,0.0,500.0,0.0,485,9700000,40,0.010659356601536274,2.921233892440796,0.00010599999999999927,0.9090041909225379,1947.5614742423916,-0.3020169131269183,57.15803241729736,24.425102949142456,81.58313632011414,-4.76837147544984e-09,-2.7465819840699623e-08
5.275435260178315,0.0,500.0,0.0,486,9720000,40,0.015064068138599396,2.924619436264038,0.00010559999999999927,0.9541553660661359,2424.807654175577,-0.3985032147527496,57.322983503341675,24.270523071289062,81.59350776672363,-4.100799699813251e-09,-6.591797045985004e-07
4.9653238213035555,0.0,500.0,0.0,487,9740000,40,0.00983306486159563,2.9276235103607178,0.00010519999999999928,0.8253674474698078,1819.637383569645,-0.2312983446660204,56.40991997718811,22.549609661102295,78.95953178405762,8.01086397217432e-09,3.2653809967087e-07
5.031144789688492,0.0,500.0,0.0,488,9760000,40,0.009905286133289337,2.930283784866333,0.00010479999999999928,0.7511128806426556,2289.4927595790427,-0.37678434702603125,58.53273344039917,23.065542697906494,81.59827733039856,3.0994415922691587e-09,-1.9531249506599124e-07
4.371230851018213,0.0,500.0,0.0,489,9780000,40,0.01256848406046629,2.932634115219116,0.00010439999999999929,0.7063694940903519,2464.1415475579756,-0.222265476415146,56.06384325027466,24.792871236801147,80.85671520233154,-5.5694581391207976e-08,7.537842066085432e-07
4.1483832376215695,0.0,500.0,0.0,490,9800000,40,0.015285632573068142,2.9347050189971924,0.00010399999999999929,0.6750354861722717,5051.339656684972,-0.24726049698700633,58.631389141082764,23.028159618377686,81.65954947471619,2.8419494313425275e-08,-1.770019508740006e-07
4.593415472761562,0.0,500.0,0.0,491,9820000,40,0.011788606643676758,2.9365241527557373,0.00010359999999999929,0.6562096336974373,2379.4932531429245,-0.32989096101019766,56.81529450416565,22.51280665397644,79.3281021118164,-1.201629640235069e-08,-7.781982276355848e-07
4.213867670001789,0.0,500.0,0.0,492,9840000,40,0.011694153770804405,2.9381160736083984,0.0001031999999999993,0.6999784977752951,3525.170624725728,-0.32467895598634133,56.90178823471069,24.98055124282837,81.8823401927948,6.103515470812226e-09,4.882812731921149e-07
4.58197811792377,0.0,500.0,0.0,493,9860000,40,0.013809559866786003,2.9395034313201904,0.0001027999999999993,0.7100516160077687,4244.069488061832,-0.3398924612169024,55.168363094329834,22.56558632850647,77.73395037651062,-1.602172794434864e-08,-1.647949261496251e-07
4.62582851792484,0.0,500.0,0.0,494,9880000,40,0.014923078939318657,2.940706253051758,0.0001023999999999993,0.6934430901008316,6308.545503176919,-0.40130877364191075,56.0169780254364,23.464996576309204,79.48197555541992,4.138946607668004e-08,-1.770019508740006e-07
3.9977292904878015,0.0,500.0,0.0,495,9900000,6,0.02102206088602543,2.9417428970336914,0.00010199999999999931,0.7605462807391766,7941.97253778514,0.0006616289731319443,55.17321276664734,3.885082960128784,59.05829739570618,1.125335735707722e-08,-7.99560552877665e-07
3.7915114276478277,0.0,500.0,0.0,496,9920000,40,0.012763014063239098,2.94262957572937,0.00010159999999999931,0.7709990878459774,6970.289241356186,-0.32744664378652844,55.81788921356201,23.791099071502686,79.60898923873901,7.939338964035869e-09,7.934570334100499e-08
4.63276530242877,0.0,500.0,0.0,497,9940000,40,0.012472875416278839,2.9433810710906982,0.00010119999999999932,0.7048296836358082,3919.5423854006995,-0.3127007674048596,56.189231634140015,26.710157871246338,82.89939141273499,1.754760781125242e-08,-1.739501982456204e-07
4.67125182515465,0.0,500.0,0.0,498,9960000,13,0.022342141717672348,2.9440107345581055,0.00010079999999999932,0.5984477505247456,8780.401347932007,-0.11021007265181017,57.21446180343628,8.385446548461914,65.59991002082825,1.115798919926192e-08,-9.765624753299562e-08
4.852677729654271,0.0,500.0,0.0,499,9980000,40,0.013378741219639778,2.944530487060547,0.00010039999999999932,0.5569377891436408,9204.033642423605,-0.5293102423554357,55.004645586013794,26.21232771873474,81.21697568893433,-5.054473728449693e-09,-3.479003964912408e-07
5.096990674586829,24.8325,500.0,0.0,500,10000000,40,0.015045112930238247,2.9449985027313232,9.999999999999933e-05,0.5418735011657582,6214.966682453397,-0.5001849913144414,58.4946072101593,25.80909514427185,84.30370354652405,-1.6212463593845428e-09,-3.41796862812771e-07
242.5409342810367,21.077499999999997,500.0,0.0,501,10020000,40,0.013072352856397629,2.9454128742218018,9.959999999999933e-05,1.9826450690249853,31753.178743386572,-2.2308528183098835,54.186763763427734,24.150569200515747,78.33733534812927,-1.850128228397807e-08,-2.2460937998403097e-06
315.22193246747275,3.04,500.0,0.0,502,10040000,40,0.015211131423711777,2.945744276046753,9.919999999999933e-05,4.195282128377806,13941.477655145187,-1.1935558522238008,52.577563762664795,22.993926763534546,75.57149171829224,2.7399062219046755e-07,4.797363089892315e-06
320.0220957438162,0.0,500.0,0.0,503,10060000,40,0.014604797586798668,2.9459950923919678,9.879999999999934e-05,6.0290952481046505,11170.681308408326,-1.0270016004296043,51.088605880737305,23.55023217201233,74.63883876800537,-1.7166137400437265e-09,1.1962890766881173e-06
317.6996143472992,735.6,500.0,0.0,504,10080000,40,0.014654124155640602,2.9475834369659424,9.839999999999934e-05,6.943327128585381,11931.596762703039,-1.0620126693309109,53.26381754875183,24.409336805343628,77.67315578460693,-2.9373168786150927e-08,-1.4648437627329258e-06
313.8242522135184,0.3,500.0,0.0,505,10100000,40,0.01164837833493948,2.948967456817627,9.799999999999935e-05,7.913891502724418,7171.554380856284,-1.0316540906465128,52.55835437774658,23.14972734451294,75.70808267593384,-1.0681151962899094e-08,-1.8066406255456968e-06
322.6930938260068,3.2175,500.0,0.0,506,10120000,40,0.014367425814270973,2.9501726627349854,9.759999999999935e-05,10.54619687659831,4347.108792346037,-1.0231714354097088,54.94959545135498,24.274569272994995,79.22416543960571,2.2697449253428204e-08,1.4038086249001935e-07
320.3666423365465,0.35750000000000004,500.0,0.0,507,10140000,40,0.015591717325150967,2.9512112140655518,9.719999999999935e-05,11.740283190977724,5571.030814178081,-0.8114096490689848,52.18907022476196,24.63679265975952,76.8258638381958,3.340244347782573e-08,5.737304604735982e-07
319.1564625960853,1586.45,500.0,0.0,508,10160000,40,0.014678128063678741,2.9551525115966797,9.679999999999936e-05,4.197952930440631,20303.67795162925,-0.4581431567103048,54.35871338844299,24.789900302886963,79.14861512184143,-1.9836425835251248e-08,-4.846191586693749e-06
312.82849171754617,0.0,500.0,0.0,509,10180000,40,0.012666713446378708,2.958655834197998,9.639999999999936e-05,6.100604853958269,5031.469594796096,-0.7332960787877629,53.784929037094116,24.055654525756836,77.84058427810669,-3.683566873746713e-08,-8.544922138753464e-07
318.886922602241,339.25625,500.0,0.0,510,10200000,20,0.02217465452849865,2.962419271469116,9.599999999999937e-05,5.877190275735493,7554.970815151552,-0.3869494878038575,53.561766624450684,12.561686038970947,66.12345337867737,-8.106232129989621e-09,3.906249901319825e-07
318.25454447384993,623.01875,500.0,0.0,511,10220000,40,0.012836681678891182,2.966965675354004,9.559999999999937e-05,6.938031130218053,4319.920926289618,-0.783325961939519,54.01512169837952,23.73562002182007,77.7507426738739,1.9073485846288207e-10,1.0375976700061074e-07
315.9781180114618,113.55999999999999,500.0,0.0,512,10240000,39,0.022413013502955437,2.97123384475708,9.519999999999937e-05,7.83153548665497,6168.749051528332,-1.2713826082184965,53.56023645401001,22.282374620437622,75.84261178970337,-1.2207030941624453e-08,-2.9296876391526894e-07
317.9333548684008,90.5275,500.0,0.0,513,10260000,40,0.015983039513230324,2.9752068519592285,9.479999999999938e-05,11.336127891457533,3235.465809612033,-0.6838659367323676,51.733909368515015,23.453065156936646,75.1869752407074,1.115798919926192e-08,-8.544922138753464e-07
313.44241962176176,1.6875,500.0,0.0,514,10280000,40,0.013208105228841305,2.9787418842315674,9.439999999999938e-05,12.086147763985622,2561.758695655533,-0.622563799673432,55.61197018623352,22.979403257369995,78.59137415885925,9.536742923144104e-11,1.8920898980923084e-07
318.68457477062555,974.425,500.0,0.0,515,10300000,40,0.01292077824473381,2.983769178390503,9.399999999999938e-05,8.102048295660865,7147.95000110095,-0.1813355142274235,57.13500118255615,24.651761293411255,81.78676390647888,-1.9454956756703723e-08,-1.0925292599495151e-06
319.1708728432999,0.0,500.0,0.0,516,10320000,40,0.01046804990619421,2.988250732421875,9.359999999999939e-05,4.703539364134209,1540.4822948890396,-0.44870188526714905,52.54913115501404,23.423341274261475,75.97247314453125,-1.5497207073167374e-08,-5.8746337572301854e-08
321.5709608415374,0.0,500.0,0.0,517,10340000,40,0.011296122334897518,2.9922406673431396,9.319999999999939e-05,4.232575736732422,2172.223786578601,-0.6210902292422856,54.94957971572876,23.454017639160156,78.40359878540039,-1.997947762788499e-08,-2.8564452350110514e-06
326.4406930083381,0.0,500.0,0.0,518,10360000,40,0.013332925736904144,2.9957871437072754,9.27999999999994e-05,2.9240945249795915,2657.6613808740544,-0.5670782863386447,51.94696283340454,24.501842737197876,76.44880628585815,2.6988983492515217e-08,2.2399901808967115e-06
319.6903500230991,122.37,500.0,0.0,519,10380000,5,0.020090440288186073,2.9991729259490967,9.23999999999994e-05,8.559378739248348,12635.33166349387,0.5061225132285794,50.62976312637329,2.8607590198516846,53.49052286148071,4.386901952813105e-09,1.4648437627329258e-06
317.17971808332425,477.68,500.0,0.0,520,10400000,40,0.01678953878581524,3.003107786178589,9.19999999999994e-05,7.2339461742322655,3169.2544329679463,-0.6846986234117346,51.051718950271606,24.87716555595398,75.92888569831848,-2.9945372403972215e-08,-3.2043456599240017e-07
320.1572521911039,0.0,500.0,0.0,521,10420000,40,0.013331301510334015,3.0066046714782715,9.159999999999941e-05,6.155779030277759,3789.742755493937,-0.5327578733003215,51.515461444854736,25.76441478729248,77.27987790107727,-3.433227480087453e-09,-9.765625463842298e-07
318.4714920452937,0.0,500.0,0.0,522,10440000,40,0.013815394602715969,3.009706735610962,9.119999999999941e-05,6.176985279781909,2752.7707243327854,-0.531425419600704,52.37726092338562,24.517187118530273,76.8944501876831,0.0,4.547119090148044e-07
316.96852366876163,0.0,500.0,0.0,523,10460000,40,0.014709106646478176,3.012453079223633,9.079999999999942e-05,8.560388796050336,3573.3214116736303,-0.5644923446204844,51.03250050544739,23.777360677719116,74.80986285209656,-2.574920721087892e-09,-8.544921570319275e-08
311.1013559689236,428.525,500.0,0.0,524,10480000,31,0.02102038636803627,3.0157196521759033,9.039999999999942e-05,5.253127227222837,6902.736331987984,-0.9716107120449176,51.181638956069946,17.81427025794983,68.99591135978699,1.4114379887075756e-08,1.190185571431357e-06
308.40387579191776,3.05,500.0,0.0,525,10500000,40,0.012538907118141651,3.018620014190674,8.999999999999942e-05,5.099178168441676,2935.6779077264327,-0.5628934522477698,52.411341428756714,24.10045051574707,76.5117928981781,-9.536743617033494e-10,5.065917889623961e-07
315.87879401559604,5.14,500.0,0.0,526,10520000,40,0.017025962471961975,3.0211944580078125,8.959999999999943e-05,13.08352520416809,3157.2545568345467,-0.5801535507404729,53.57862162590027,23.680036544799805,77.25865960121155,-2.479553229406406e-09,-7.476806445083639e-07
298.84147118352803,495.21000000000004,500.0,0.0,527,10540000,40,0.016479749232530594,3.024440288543701,8.919999999999943e-05,15.83483185028728,7024.510886740382,-1.0724995782150875,51.64595556259155,23.420942306518555,75.06689929962158,-6.008148201175345e-09,3.906249901319825e-07
299.63200685452364,2.925,500.0,0.0,528,10560000,40,0.012854496948421001,3.0273215770721436,8.879999999999943e-05,11.135484265413465,3776.4271833975104,-0.7081961363742623,55.59834623336792,23.267890453338623,78.86623859405518,1.5258788677030566e-09,8.97216807516088e-07
312.38517140619035,0.0,500.0,0.0,529,10580000,40,0.013055828399956226,3.0298683643341064,8.839999999999944e-05,10.28746923193147,3862.9633622567867,-0.6540296514058792,50.59258460998535,23.13687515258789,73.72946119308472,1.0204315614714687e-08,-8.544922138753464e-07
316.85576500959166,0.0,500.0,0.0,530,10600000,40,0.013052351772785187,3.032114028930664,8.799999999999944e-05,7.81436431758766,2396.145736636391,-0.4921446843473594,51.653358459472656,25.556020736694336,77.20938110351562,-2.55107881486083e-08,3.570556543763814e-07
318.6801565929794,0.13125,500.0,0.0,531,10620000,40,0.013095660135149956,3.034088373184204,8.759999999999945e-05,5.756977569679671,1401.580062576487,-0.5420753465163746,53.27545118331909,25.154283046722412,78.42973589897156,1.0275840622853138e-08,7.629394360719743e-08
315.95948483098425,416.31875,500.0,0.0,532,10640000,19,0.02058911696076393,3.036642551422119,8.719999999999945e-05,8.992290036349516,9860.01907175815,-0.822795175507337,51.53764724731445,10.952165126800537,62.489814043045044,-2.7418137094059603e-08,2.1789551283291075e-06
314.37988002654845,0.05,500.0,0.0,533,10660000,40,0.012203761376440525,3.0388946533203125,8.679999999999945e-05,5.89324655559244,3807.797572635699,-0.42959493492270195,54.00432515144348,24.095444440841675,78.09977197647095,-1.3685226285531371e-08,-2.349853502892074e-06
309.32462537506706,0.0,500.0,0.0,534,10680000,40,0.015147823840379715,3.040874481201172,8.639999999999946e-05,10.311337341575683,3215.4132556384125,-0.46317948969198935,54.03290581703186,24.230916738510132,78.26382327079773,1.4305114870438729e-09,-1.1169433946633944e-06
305.07608195329476,0.0,500.0,0.0,535,10700000,40,0.01435842178761959,3.0426087379455566,8.599999999999946e-05,10.6728988678395,3303.755079824713,-0.5962925388135865,51.72635626792908,23.33552837371826,75.06188607215881,3.814697446813398e-09,4.1503906800244295e-07
317.3786174335581,0.0,500.0,0.0,536,10720000,40,0.01586858741939068,3.044121503829956,8.559999999999947e-05,7.745192957603479,3576.2200952843773,-0.6764108106941927,52.92315912246704,25.49344491958618,78.41660499572754,-1.7642974858844696e-09,7.202148708529421e-07
312.38538325872497,21.1375,500.0,0.0,537,10740000,40,0.014083417132496834,3.0454769134521484,8.519999999999947e-05,6.796801515206506,6278.053107230271,-0.8136344423281807,52.19787645339966,28.31317925453186,80.511057138443,-7.20024129208241e-09,3.0517577442878974e-07
310.3076168005833,21.1375,500.0,0.0,538,10760000,40,0.01166671235114336,3.0466907024383545,8.479999999999947e-05,6.912280754235726,5202.337790940683,-0.467627445879522,52.139182567596436,24.52131938934326,76.66050267219543,-1.931190496406998e-08,-2.5024414185281785e-07
318.0427957643963,0.0,500.0,0.0,539,10780000,40,0.012827928178012371,3.047734498977661,8.439999999999948e-05,8.96488973603973,4512.5374001611635,-0.6128313052456213,52.81960344314575,25.609199285507202,78.42880392074585,-7.724762163263676e-09,2.868652302367991e-07
308.30958258296096,0.0,500.0,0.0,540,10800000,40,0.01452353224158287,3.0486249923706055,8.399999999999948e-05,8.7123720074379,5410.51345655224,-0.4953194510521768,51.13329076766968,24.72331476211548,75.8566062450409,-4.673004205812958e-09,8.544921570319275e-08
317.06643797787063,0.0,500.0,0.0,541,10820000,40,0.017331456765532494,3.049377202987671,8.359999999999948e-05,12.627131227149238,5949.014980403079,-0.5898856465952306,51.37860131263733,24.074994802474976,75.45359826087952,7.2479249269008506e-09,-6.103515914901436e-08
314.47628256206997,0.0,500.0,0.0,542,10840000,40,0.013638856820762157,3.0500049591064453,8.319999999999949e-05,14.882536358848403,6947.042679103417,-0.5272299572872587,51.56464123725891,24.710608959197998,76.27525091171265,5.4836273299940785e-09,2.4414061883248905e-08
318.97777021485086,0.0,500.0,0.0,543,10860000,40,0.02014130912721157,3.050520420074463,8.279999999999949e-05,13.634562025341806,2107.9041385505775,-0.45452696958533195,51.575767517089844,26.52164316177368,78.09741282463074,-1.1444091896350983e-08,-8.300781360048859e-07
315.2955038247086,0.0,500.0,0.0,544,10880000,40,0.013857423327863216,3.0509345531463623,8.23999999999995e-05,11.865179924497122,2171.595503022399,-0.5093870178242274,51.13532781600952,24.064769983291626,75.20009851455688,2.7799606172607128e-08,2.087402435790864e-06
318.6754268891229,0.0,500.0,0.0,545,10900000,40,0.012614847160875797,3.051257371902466,8.19999999999995e-05,10.891229111861579,2795.522969518734,-0.4801563182374156,51.241509675979614,25.935380697250366,77.17689108848572,-2.2220611128886958e-08,-3.6010743542647106e-07
319.2074473284658,92.9475,500.0,0.0,546,10920000,30,0.02124895714223385,3.051685333251953,8.15999999999995e-05,11.733880552058482,5444.817748894671,-0.7721010323472416,51.518967151641846,22.628021478652954,74.14698958396912,1.287460360543946e-09,9.155273517080786e-08
322.9732242698591,46.027499999999996,500.0,0.0,547,10940000,40,0.014242886565625668,3.0521132946014404,8.119999999999951e-05,9.7695423296358,2269.3968781097024,-0.7676677784069053,52.001930236816406,27.5780246257782,79.57995581626892,3.671646098268866e-08,-3.906249901319825e-07
314.2343546815728,6.3,500.0,0.0,548,10960000,40,0.012312962673604488,3.0524611473083496,8.079999999999951e-05,6.743217282053791,2053.391788395749,-0.5723363330257656,52.44190287590027,24.76570701599121,77.20761203765869,8.392333938900265e-09,9.704590411274694e-07
310.48017735546443,0.0,500.0,0.0,549,10980000,40,0.014412599615752697,3.0527241230010986,8.039999999999951e-05,6.466696735348883,2002.981234470802,-0.419649509571587,51.324843645095825,24.18879461288452,75.51363921165466,-1.5449524326527353e-08,-7.568359592369234e-07
308.6351278609065,63.075,500.0,0.0,550,11000000,40,0.015414118766784668,3.0530381202697754,7.999999999999952e-05,9.613368689259396,3335.168724311153,-0.5996764585611564,52.705559492111206,25.13511633872986,77.84067678451538,-1.125335735707722e-08,4.821777110919356e-07
77.36603077935999,0.0,500.0,0.0,551,11020000,40,0.010695167817175388,3.0532703399658203,7.959999999999952e-05,3.1418817913230463,2413.917000010044,-0.5427813487433935,53.513967990875244,24.06342339515686,77.57739400863647,-7.219314568374102e-08,4.882812376649781e-08
0.32325426980734173,0.0,500.0,0.0,552,11040000,40,0.008919117972254753,3.053428888320923,7.919999999999953e-05,1.858241442185414,2515.5131439015836,-0.3288375599286224,57.72827672958374,24.73252511024475,82.46080279350281,4.897117733548839e-08,-9.460449064135901e-07
0.24889359419113774,0.0,500.0,0.0,553,11060000,40,0.01351762656122446,3.053520917892456,7.879999999999953e-05,1.8173649530999267,5913.854294895221,-0.10661604583640642,53.411633253097534,25.273292779922485,78.68492722511292,-8.79764527894622e-08,-5.310058668328566e-07
0.3426512104003286,1.1475,500.0,0.0,554,11080000,40,0.008451354689896107,3.0535552501678467,7.839999999999953e-05,1.2733475779430776,2026.7256780600246,-0.1412110634808299,52.688637256622314,25.38242220878601,78.07106065750122,-1.4724732011472952e-07,-8.239746307481255e-07
0.3467470107188875,0.1275,500.0,0.0,555,11100000,40,0.0116238659247756,3.0535356998443604,7.799999999999954e-05,1.1308955091087125,4058.4249674736698,-0.035279138756420796,54.66578221321106,26.363104343414307,81.02888751029968,3.0040741449965935e-08,1.770019508740006e-07
0.3573699103647031,0.0,500.0,0.0,556,11120000,6,0.0201701782643795,3.053467035293579,7.759999999999954e-05,1.1601096970119558,2163.2995455456185,0.08455689062800588,53.12102508544922,3.4876420497894287,56.608667850494385,3.3855438452690123e-09,-3.051757957450718e-08
0.36695839732121033,0.0,500.0,0.0,557,11140000,40,0.010300714522600174,3.053354024887085,7.719999999999955e-05,1.0649809771700751,1545.2088423523721,-0.10597234780817658,54.843303203582764,23.221500635147095,78.0648045539856,1.7166137400437265e-09,-2.716064386731887e-07
0.3198447952568627,0.0,500.0,0.0,558,11160000,8,0.02192646637558937,3.053201198577881,7.679999999999955e-05,1.0338931717450106,2355.2092186650143,-0.008990412212531024,57.88673448562622,4.706963539123535,62.59369897842407,6.113052108958072e-08,-3.479003964912408e-07
0.2845774936037781,0.0,500.0,0.0,559,11180000,40,0.011432621628046036,3.0530123710632324,7.639999999999955e-05,0.929178517849385,1313.2041995664185,-0.09620237340796975,54.174113750457764,24.115782737731934,78.28989720344543,-2.9373168786150927e-08,1.1901855145879381e-07
0.2991669246563017,0.0,500.0,0.0,560,11200000,40,0.013869979418814182,3.052790880203247,7.599999999999956e-05,0.8393986328304568,1094.3971812670743,-0.06021432971959061,53.808693647384644,24.604919910430908,78.41361427307129,-1.3113021779531664e-08,-3.570556543763814e-07
0.2966664865673093,0.0,500.0,0.0,561,11220000,40,0.014067007228732109,3.0525400638580322,7.559999999999956e-05,0.7576726244786117,1543.113376414625,-0.10560561261151599,53.73320174217224,24.605195999145508,78.33839845657349,-1.482009821529573e-07,9.628296311348095e-07
0.22356628486507835,0.0,500.0,0.0,562,11240000,40,0.011646661907434464,3.052262783050537,7.519999999999956e-05,0.7121435130887394,1194.5824039024642,-0.0548607676413759,53.4452908039093,25.514707565307617,78.95999932289124,6.656646434066715e-08,-6.713867151120212e-08
0.23424350258750373,0.0,500.0,0.0,563,11260000,40,0.008307859301567078,3.051961660385132,7.479999999999957e-05,0.6829532821910291,815.7483820178841,-0.02175593003630638,55.59123182296753,23.9202880859375,79.51152086257935,-3.0040741005876725e-09,-9.155273872352154e-09
0.24988152371216948,0.0,500.0,0.0,564,11280000,26,0.02291666343808174,3.0516388416290283,7.439999999999957e-05,0.6866350494608094,1199.2676804346606,-0.0007958390614872086,58.014923095703125,14.946810245513916,72.96173429489136,4.243850604268573e-09,4.302978595660534e-07
0.28721740395643425,0.0,500.0,0.0,565,11300000,40,0.014767193235456944,3.0512964725494385,7.399999999999958e-05,0.6362870474782171,1144.3547821334646,-0.04895680871190904,62.61491870880127,21.894527673721313,84.5094473361969,2.6059151281287996e-08,-9.765624753299562e-08
0.23337610534341277,0.0,500.0,0.0,566,11320000,40,0.015835760161280632,3.050936460494995,7.359999999999958e-05,0.5450075139161906,697.2781031161924,-0.030981742512859123,56.78885555267334,24.638534545898438,81.4273910522461,8.373260840244257e-08,-3.929138259195497e-08
0.3103639157287609,0.0,500.0,0.0,567,11340000,40,0.006830196361988783,3.050560235977173,7.319999999999958e-05,0.5046090288818637,1066.7644490495513,-0.06860717953760413,57.147730588912964,23.999674797058105,81.1474072933197,-1.5020370724982968e-08,-9.048462175087479e-07
0.31726289105684263,0.0,500.0,0.0,568,11360000,40,0.009838747791945934,3.0501697063446045,7.279999999999959e-05,0.45853030046896087,1008.2789717469034,-0.047135061670471975,53.96532940864563,24.598657846450806,78.56398797035217,1.592636067471176e-08,-2.136230534688366e-07
0.2759757629218071,0.0,500.0,0.0,569,11380000,24,0.02063782326877117,3.0497660636901855,7.239999999999959e-05,0.43697537813445686,1018.555687481844,-0.023725925013422966,54.3236825466156,15.888463020324707,70.21214652061462,-1.1730193705261627e-08,6.408691177739456e-08
0.26812225092246667,0.0,500.0,0.0,570,11400000,38,0.027978917583823204,3.0493505001068115,7.19999999999996e-05,0.4118175534686591,1338.4377877618533,-0.006340065439585981,52.90918850898743,22.25876784324646,75.1679573059082,-1.8930435885522456e-08,5.340576336720915e-08
0.3495782912556368,0.0,500.0,0.0,571,11420000,13,0.021281104534864426,3.048924207687378,7.15999999999996e-05,0.41809242258633705,752.755427849908,-0.02641686686870534,55.06142807006836,7.82153058052063,62.882959604263306,-1.277923544762416e-08,6.866454782539222e-08
0.28774520825445543,0.0,500.0,0.0,572,11440000,26,0.03333612531423569,3.048488140106201,7.11999999999996e-05,0.3879821862891215,837.1186648835923,-0.01726923130285775,53.839497327804565,15.235647678375244,69.07514595985413,1.3351440841802287e-08,-1.6174315931039018e-07
0.29257790562526803,0.0,500.0,0.0,573,11460000,6,0.020822104066610336,3.0480432510375977,7.07999999999996e-05,0.37575079947081297,980.9726815525489,0.05657894395386116,54.55567765235901,3.79083251953125,58.346511363983154,1.2302399099439754e-08,-1.708984314063855e-07
0.2585025936331238,0.0,500.0,0.0,574,11480000,40,0.0144668472930789,3.0475902557373047,7.039999999999961e-05,0.3615298304471034,611.3640480910675,-0.03727942690713024,54.217798471450806,24.764354705810547,78.98215413093567,7.438659466174613e-09,5.233764568401966e-07
0.36270311046838993,0.0,500.0,0.0,575,11500000,40,0.007991227321326733,3.0471301078796387,6.999999999999961e-05,0.3319472675176361,871.244079280805,-0.02687738828738279,56.830655097961426,25.528388738632202,82.3590452671051,2.2792816523065085e-08,8.239746307481255e-08
0.19092412131167805,0.0,500.0,0.0,576,11520000,22,0.025051455944776535,3.046663284301758,6.959999999999962e-05,0.3137462454300344,924.1285246573603,-0.029780620134621003,53.96687316894531,14.763449430465698,68.73032355308533,9.53674295089968e-09,-1.6174315931039018e-07
0.2464972546763052,0.0,500.0,0.0,577,11540000,40,0.009870818816125393,3.0461905002593994,6.919999999999962e-05,0.29210992852532414,748.1612001153487,-0.015018835828250534,54.21774697303772,23.612492561340332,77.83024024963379,6.484985437538171e-09,-5.6457519548303026e-08
0.32986045461705443,0.0,500.0,0.0,578,11560000,32,0.028349777683615685,3.0457122325897217,6.879999999999963e-05,0.2767645988283278,730.6605775929704,-0.020458731767161502,54.38165044784546,19.183138132095337,73.56478953361511,8.440017573718706e-09,-2.273559545074022e-07
0.28227091335264376,0.0,500.0,0.0,579,11580000,40,0.013111688196659088,3.045228958129883,6.839999999999963e-05,0.26145373331029204,482.3262027499042,-0.05269640556513037,53.02815818786621,27.27775263786316,80.30591177940369,1.0251999249533128e-08,-1.8920898980923084e-07
0.3543995104234279,0.0,500.0,0.0,580,11600000,40,0.007956502959132195,3.044741153717041,6.799999999999963e-05,0.2495947146623195,572.0802168061462,-0.03690302041889746,53.11513614654541,26.634161710739136,79.74929857254028,-4.637241257654523e-09,2.403259315997275e-07
0.2112533449330008,0.0,500.0,0.0,581,11620000,40,0.012335480190813541,3.0442490577697754,6.759999999999964e-05,0.23459286171518548,600.7468371910385,-0.04718966814335671,53.30874514579773,24.747949600219727,78.05669593811035,-1.7738342350526182e-08,2.0141601453360636e-07
0.2536775469246294,0.0,500.0,0.0,582,11640000,34,0.020155761390924454,3.043753147125244,6.719999999999964e-05,0.21710741985935997,519.7534105041004,-0.0469673927495435,54.80076026916504,20.147189140319824,74.9479501247406,-4.1961669694501325e-09,-1.2817382355478912e-07
0.3511345156818521,0.0,500.0,0.0,583,11660000,40,0.012801452539861202,3.0432536602020264,6.679999999999965e-05,0.2055748085196637,490.7460884383962,-0.0365175748798006,58.16501593589783,23.81949234008789,81.98450970649719,5.388260060357197e-09,-4.341125361406739e-07
0.2598561058783508,0.0,500.0,0.0,584,11680000,40,0.007736587431281805,3.0427510738372803,6.639999999999965e-05,0.1895207439702523,473.86466089562526,-0.024265063034747788,55.095499753952026,23.667235612869263,78.76273608207703,1.4305114426349519e-08,-1.907348723406699e-09
0.16202537842593848,0.0,500.0,0.0,585,11700000,40,0.010270729660987854,3.042245626449585,6.599999999999965e-05,0.17294562226986585,573.6195405694502,-0.0256366783086965,53.31769824028015,24.465049505233765,77.78274893760681,-5.8102607169985276e-08,1.8768309928418603e-07
0.3098139081187,0.0,500.0,0.0,586,11720000,40,0.010614093393087387,3.0417373180389404,6.559999999999966e-05,0.15803410122288933,456.80614389347124,-0.03920349652313073,55.21729564666748,24.826700925827026,80.04399752616882,-3.2424928519958485e-08,-5.6457519548303026e-08
0.276194820449571,0.0,500.0,0.0,587,11740000,40,0.011092237196862698,3.041226625442505,6.519999999999966e-05,0.14310567435112936,494.8403432339053,-0.02410305636180447,54.51876091957092,25.30600070953369,79.82476234436035,-1.0004043815570185e-07,1.1596679883041361e-07
0.23323050514750507,0.0,500.0,0.0,588,11760000,40,0.013508178293704987,3.0407135486602783,6.479999999999966e-05,0.13012953333179408,559.9979630965221,-0.020910576106744665,54.962775230407715,29.61379313468933,84.57656931877136,-4.868507375022091e-08,4.2724607851596375e-08
0.211732103270798,0.0,500.0,0.0,589,11780000,40,0.010594193823635578,3.04019832611084,6.439999999999967e-05,0.11651864730151772,550.9441064472439,-0.023737371014725842,54.058650970458984,26.351259469985962,80.40991163253784,-1.120567283408036e-08,-9.918213095261308e-08
0.34884963170489613,0.06,500.0,0.0,590,11800000,40,0.007758201565593481,3.0396811962127686,6.399999999999967e-05,0.10384172352290229,469.2503754338132,-0.03311575078818051,57.27952766418457,30.100533962249756,87.38006258010864,7.820129432900558e-09,2.9678344048988947e-07
0.38090198633188865,0.09,500.0,0.0,591,11820000,40,0.010138063691556454,3.0391623973846436,6.359999999999968e-05,0.08999140030126783,511.61440851718567,-0.03801702696806456,54.243746757507324,24.636568307876587,78.88031554222107,-1.0752677859215964e-08,7.934570334100499e-08
0.3418384401651623,0.0,500.0,0.0,592,11840000,1,0.021312272176146507,3.038641929626465,6.319999999999968e-05,0.08264145783231228,938.0036868324763,0.035078997947747194,54.96799039840698,0.7613511085510254,55.729342460632324,4.258155783531947e-08,-5.493163968139925e-08
0.2952613823956165,0.0,500.0,0.0,593,11860000,40,0.012535519897937775,3.0381197929382324,6.279999999999968e-05,0.07655923748035219,590.5687416269809,-0.015251098387827507,54.77215313911438,23.21046805381775,77.98262190818787,3.5500526962550794e-08,-2.1362303925798187e-08
0.3444587592368535,0.0,500.0,0.0,594,11880000,28,0.0205129012465477,3.0375959873199463,6.239999999999969e-05,0.06529989248313428,509.09446011313906,-0.016042402692839745,54.706766843795776,16.622941732406616,71.32970976829529,1.2207030941624453e-08,-1.3732909920349812e-08
0.24993340904065545,0.0,500.0,0.0,595,11900000,40,0.015323132276535034,3.0370707511901855,6.199999999999969e-05,0.050143646546698444,669.7332846339744,-0.04052327423875185,54.08935189247131,24.37636399269104,78.46571683883667,8.487701208537146e-09,-8.85009754370003e-08
0.25479821913635653,0.0,500.0,0.0,596,11920000,40,0.010442333295941353,3.03654408454895,6.15999999999997e-05,0.030499873890341082,499.5004039909266,-0.019548610859562325,54.12944197654724,23.510431051254272,77.63987421989441,-3.35216512326042e-08,-2.7465819840699623e-08
0.29253059404392506,0.0,500.0,0.0,597,11940000,1,0.029387209564447403,3.0360162258148193,6.11999999999997e-05,0.02141839810470237,851.2655349924595,0.04633600764636752,53.18584108352661,0.5841245651245117,53.76996660232544,-2.956390332542469e-08,1.525878978725359e-08
0.34196981611295574,0.0,500.0,0.0,598,11960000,40,0.008961234241724014,3.035487174987793,6.07999999999997e-05,0.013634603220491988,552.7558986229233,-0.04845724734065088,54.32552218437195,23.641103267669678,77.96662664413452,3.8146971692576415e-10,1.1901855145879381e-07
0.2858710138870124,0.0,500.0,0.0,599,11980000,40,0.011459791101515293,3.034956932067871,6.0399999999999706e-05,0.004474437797568809,391.379417573953,-0.054153879705957975,54.62643575668335,23.979172468185425,78.60560941696167,4.1961669694501325e-09,3.105163557393098e-07
0.2663989800501268,0.0,500.0,0.0,600,12000000,40,0.0077405571937561035,3.0344254970550537,5.99999999999997e-05,0.0023401736478170948,408.535599826861,-0.02742054742006467,55.67317986488342,24.61871337890625,80.29189467430115,-2.794265796524087e-08,-5.493163968139925e-08
824.3341462502034,0.0,500.0,0.0,601,12020000,40,0.012238076888024807,3.03389310836792,5.95999999999997e-05,177.69299615183962,4821.092956542969,-1.0331981498606597,51.26997947692871,25.897937297821045,77.16791939735413,6.675719976811934e-10,2.8930664939252893e-06
1168.6837167507654,0.0,500.0,0.0,602,12040000,40,0.010793792083859444,3.0333597660064697,5.9199999999999704e-05,144.40047975250437,5682.532458264314,-0.5568358111230632,49.35452842712402,25.099299907684326,74.45382952690125,-4.889965339316404e-07,-2.868652245524572e-06
1122.801697308589,0.0,500.0,0.0,603,12060000,40,0.014104916714131832,3.032825469970703,5.87999999999997e-05,74.74265863306914,4339.48462669276,-0.7454814061805417,48.474223136901855,24.71623468399048,73.19045901298523,-4.4369699025992304e-08,7.568359592369234e-07
1118.5240158568754,0.0,500.0,0.0,604,12080000,40,0.012510496191680431,3.03229022026062,5.8399999999999705e-05,43.0557891785344,3433.924444831172,-0.5954165840450721,49.75656604766846,24.196151733398438,73.95271873474121,-2.5129319070060774e-08,-1.2207030941624453e-08
1121.0800464715526,0.0,499.25,0.0,605,12100000,40,0.014532264322042465,3.0317540168762207,5.79999999999997e-05,32.99608327346512,1721.433604025539,-0.521497007098662,50.25283479690552,24.63247799873352,74.88531422615051,2.38418573772492e-09,3.6010743542647106e-07
1096.238857465673,0.0,499.25,0.0,606,12120000,40,0.01148107461631298,3.031216859817505,5.7599999999999706e-05,21.326285398911825,1130.5360942116267,-0.4218883858404205,49.15162706375122,22.827817916870117,71.97944593429565,9.539127177049522e-08,5.432128773463774e-07
1124.6078308387755,0.0,500.0,0.0,607,12140000,40,0.012069766409695148,3.0306789875030518,5.719999999999971e-05,16.9845911861975,1043.7315648332426,-0.3852238951769622,50.90163326263428,25.66800045967102,76.56963562965393,1.4511347501411365e-07,-1.3427734302240424e-07
1132.2876087447496,0.0,500.0,0.0,608,12160000,40,0.011847923509776592,3.0301403999328613,5.6799999999999714e-05,23.558106613536424,798.2953829318662,-0.4111107445192299,49.090815782547,24.200242042541504,73.2910590171814,-6.60419487985564e-08,-1.1596679883041361e-07
1138.6740726515804,0.0,500.0,0.0,609,12180000,40,0.012289236299693584,3.0296008586883545,5.639999999999972e-05,17.436489144458047,1024.1357328777071,-0.3439469664888103,49.190300703048706,26.596821784973145,75.7871241569519,-7.696151982372612e-08,6.256103546320446e-08
1121.8689862913243,0.0,500.0,0.0,610,12200000,40,0.011032631620764732,3.0290606021881104,5.599999999999972e-05,51.39168929299222,772.5230250008499,-0.31261275821141427,50.82182025909424,24.671265363693237,75.49308681488037,1.3303756318805426e-08,-1.2359619461221882e-07
1143.2136439603041,0.0,500.0,0.0,611,12220000,40,0.0116062480956316,3.028519630432129,5.5599999999999725e-05,21.746626978282688,813.958316812636,-0.3898865815770777,50.168647050857544,23.53670048713684,73.70534825325012,2.9945372403972215e-08,1.9378661875180114e-07
1097.360799455994,0.0,495.15,0.0,612,12240000,40,0.012336191721260548,3.02797794342041,5.519999999999973e-05,13.034073641028586,1053.2517374835436,-0.33708917596672155,50.12346959114075,22.76306438446045,72.88653469085693,-6.291866583296724e-08,6.866455350973411e-07
1151.2213981366074,0.0,500.0,0.0,613,12260000,40,0.012916700914502144,3.027435541152954,5.4799999999999726e-05,18.357848351967487,894.9022728449181,-0.38656602534642326,49.48607158660889,23.61171293258667,73.09778547286987,-1.0490417423625331e-08,-5.187988350030537e-08
1172.9417730678877,0.0,500.0,0.0,614,12280000,40,0.011758199892938137,3.0268924236297607,5.439999999999973e-05,17.74626523256302,900.3100835679453,-0.40790778286990864,49.609641790390015,25.92903423309326,75.53867697715759,5.149841442175784e-09,2.838134776084189e-07
1170.1680881579473,0.0,500.0,0.0,615,12300000,40,0.01285127829760313,3.02634859085083,5.3999999999999734e-05,19.98222832649569,821.7004617811758,-0.3618381314191826,49.847352743148804,23.267925262451172,73.11527991294861,6.256103546320446e-08,3.295898522992502e-07
1188.7035920535952,0.0,500.0,0.0,616,12320000,40,0.011421200819313526,3.025804042816162,5.359999999999974e-05,14.58991902795019,747.1559921071499,-0.39168436419030156,49.721970319747925,22.89034914970398,72.6123206615448,1.361370127739292e-08,-6.561279519701202e-07
1164.2557254156582,0.0,500.0,0.0,617,12340000,40,0.011589160189032555,3.025258779525757,5.319999999999974e-05,15.746559249147584,680.1508361912981,-0.3180076548688208,51.795347690582275,22.922500371932983,74.71784949302673,-1.5640258865801115e-08,5.676269552168378e-07
1127.945345245494,0.0,490.1951219512195,0.0,618,12360000,40,0.01439218781888485,3.0247128009796143,5.279999999999974e-05,16.19583814113955,882.795148101034,-0.32542045551434723,52.79163694381714,23.71879267692566,76.51043057441711,-8.583068700218632e-10,-1.4648438195763447e-07
1156.9421038039459,0.0,500.0,0.0,619,12380000,40,0.01330719143152237,3.0241661071777344,5.239999999999974e-05,21.154837582533872,806.1610759879969,-0.38161439020776106,51.88784980773926,25.556713104248047,77.44456458091736,2.6226043559063328e-09,3.799438559326518e-07
1133.6530696401321,0.0,494.3,0.0,620,12400000,40,0.012603172101080418,3.0236189365386963,5.1999999999999746e-05,12.58148833716972,668.7974904410447,-0.27099206312264823,49.758201360702515,27.483356952667236,77.24155950546265,-2.813339339269305e-09,1.3427734302240424e-07
1152.9205431540722,0.0,498.0621951219513,0.0,621,12420000,40,0.01268403697758913,3.023071050643921,5.159999999999975e-05,18.074834668938117,651.8220892024946,-0.28936376061667746,50.083264112472534,23.19105839729309,73.27432322502136,3.8146971692576415e-10,-1.1291503909660605e-07
1122.0329900819318,0.0,494.68625000000003,0.0,622,12440000,40,0.011718387715518475,3.022522449493408,5.1199999999999754e-05,19.717032914071144,904.3600256424916,-0.3079427398104645,54.197021484375,23.903119564056396,78.10014176368713,2.861023085110048e-10,-2.3193359766082722e-07
1153.7433245837626,0.0,500.0,0.0,623,12460000,40,0.012565531767904758,3.0219733715057373,5.079999999999976e-05,15.354353536759751,1646.7824146222465,-0.36835950660059535,52.56047463417053,24.36920976638794,76.92968511581421,5.674362313357051e-09,5.187988350030537e-08
1139.8951214623921,0.0,500.0,0.0,624,12480000,40,0.010452299378812313,3.021423578262329,5.039999999999976e-05,12.74513400197029,1608.7676985438866,-0.31995883794807933,55.42858934402466,23.04784631729126,78.47643685340881,-7.724762163263676e-09,4.39453117451194e-07
1130.817372562109,0.0,500.0,0.0,625,12500000,40,0.013543127104640007,3.0208730697631836,4.9999999999999765e-05,10.678638214250155,941.3139073142522,-0.29067249992697297,52.88398575782776,22.98488688468933,75.8688735961914,5.57899459963096e-09,-2.136230534688366e-07
1171.6522322485293,0.0,500.0,0.0,626,12520000,40,0.011677163653075695,3.02032208442688,4.959999999999977e-05,12.964101937224592,1399.7472928783561,-0.4179191916520837,52.342772245407104,25.475019454956055,77.81779289245605,-3.299713213777977e-08,1.1901855145879381e-07
1195.2363379034164,0.0,500.0,0.0,627,12540000,40,0.011865957640111446,3.019770383834839,4.919999999999977e-05,10.203550697052027,1196.760064620006,-0.3595900883685939,52.01807689666748,24.076762437820435,76.09484028816223,-2.4318695945879654e-09,5.310058668328566e-07
1149.5588314710287,0.0,500.0,0.0,628,12560000,40,0.012800218537449837,3.0192179679870605,4.879999999999977e-05,12.67165460579003,2475.3805436339558,-0.4042111663690096,50.01893401145935,26.234298944473267,76.25323462486267,9.346008411625917e-09,2.807617249800387e-07
1150.0642083312364,0.0,500.0,0.0,629,12580000,40,0.013047528453171253,3.018665075302124,4.8399999999999774e-05,9.269430807874173,1414.8134122148344,-0.3518390456238125,50.90336275100708,24.813595056533813,75.71695876121521,1.678466787780053e-08,4.501342942830888e-08
1168.5862919713527,0.0,500.0,0.0,630,12600000,40,0.012635134160518646,3.01811146736145,4.799999999999978e-05,9.526587355966809,1508.5314631401739,-0.34882351757510555,51.645594120025635,23.412902116775513,75.05849885940552,-2.2220611128886958e-08,-4.2724607851596375e-08
1155.878476492269,0.0,500.0,0.0,631,12620000,40,0.011823277920484543,3.017557382583618,4.759999999999978e-05,9.417878688664375,1017.5398972619938,-0.2745546622107489,50.003559589385986,23.894004344940186,73.89756488800049,-4.291534350109316e-10,2.464294368564879e-07
1164.1350327743896,0.0,500.0,0.0,632,12640000,40,0.011846152134239674,3.017002582550049,4.7199999999999785e-05,9.75748152808298,1340.8028460925138,-0.36434516074678186,49.6421320438385,23.033982753753662,72.67611575126648,1.4495849853801701e-08,-2.9907226917202934e-07
1132.7170166464043,0.0,500.0,0.0,633,12660000,40,0.013945596292614937,3.0164473056793213,4.679999999999979e-05,10.716730627681635,1909.523858198335,-0.2735272027646439,49.85443878173828,23.180410146713257,73.03484988212585,-2.1934509764065524e-09,-1.4343261511839955e-07
1172.4301855886,0.0,500.0,0.0,634,12680000,40,0.01189107820391655,3.0158913135528564,4.639999999999979e-05,9.315980294988124,1151.0357502321654,-0.347524031421429,49.11177206039429,23.74819326400757,72.85996675491333,1.0967254882032762e-09,3.1127930810725957e-07
1112.740779392241,0.0,500.0,0.0,635,12700000,40,0.011186964809894562,3.0153348445892334,4.59999999999998e-05,10.933669851399674,861.4046658189991,-0.38307057615322404,49.10837721824646,25.350522994995117,74.4589011669159,-7.915496702537439e-09,3.0822752705716994e-07
1150.3336066140514,0.0,500.0,0.0,636,12720000,40,0.009819804690778255,3.014777660369873,4.55999999999998e-05,9.392957328316532,1292.9706001185164,-0.3417848430479629,51.42705678939819,25.580201148986816,77.00725960731506,5.7935714004031524e-09,3.1890868967821007e-07
1132.9038106618295,0.0,500.0,0.0,637,12740000,40,0.011641672812402248,3.0142197608947754,4.5199999999999804e-05,7.944754537600505,978.9081757364394,-0.3496612568067599,50.13910460472107,22.646408319473267,72.78551483154297,-4.291534350109316e-10,-2.1057128662960167e-07
1212.3558836349064,0.0,500.0,0.0,638,12760000,40,0.011907183565199375,3.0136613845825195,4.479999999999981e-05,9.355526712499087,1025.4543618310856,-0.29574043139155154,51.046875953674316,22.63015651702881,73.67703318595886,1.2278556837941323e-08,1.525878978725359e-08
1166.0914064788115,0.0,500.0,0.0,639,12780000,40,0.010532730259001255,3.0131022930145264,4.439999999999981e-05,8.538680959502353,1314.760139446017,-0.33186334082385216,53.25168538093567,22.94341206550598,76.19510006904602,-6.580352707175052e-09,8.026123055060452e-07
1157.1929491334658,0.0,500.0,0.0,640,12800000,40,0.011668283492326736,3.012542724609375,4.3999999999999816e-05,12.720193207565742,1167.0048139258276,-0.34415597971528766,50.40926694869995,23.304414987564087,73.71368408203125,-2.0980834847250662e-09,1.2817382355478912e-07
1199.0573474615308,0.0,500.0,0.0,641,12820000,40,0.0105076152831316,3.0119824409484863,4.359999999999982e-05,13.012299780000614,829.5680888984776,-0.30851735774710587,49.43372392654419,23.928790807724,73.3625168800354,2.2888184680880386e-09,-3.784179796184617e-07
1170.2860635157056,0.0,500.0,0.0,642,12840000,40,0.013309892266988754,3.0114216804504395,4.3199999999999824e-05,13.859148060370096,741.3444483117212,-0.3897610791923502,49.17598271369934,24.095594882965088,73.27157926559448,1.287460360543946e-09,-1.2390137271722779e-06
1157.7754889809917,0.0,500.0,0.0,643,12860000,40,0.010758091695606709,3.0108602046966553,4.279999999999982e-05,14.853459468370751,621.1865892434422,-0.2664210718667394,51.76003432273865,23.483503818511963,75.24353909492493,9.012222079718413e-09,-5.9509275729396904e-08
1186.863523008213,0.0,500.0,0.0,644,12880000,40,0.009262138977646828,3.010298252105713,4.2399999999999824e-05,16.56740366160115,759.4160535884808,-0.2792033287331085,50.18867373466492,23.384170293807983,73.5728452205658,9.536743617033494e-10,1.6021728299620008e-07
1168.9854564504617,0.0,500.0,0.0,645,12900000,40,0.010973481461405754,3.009735584259033,4.199999999999983e-05,14.735781506194344,998.5605481111551,-0.3091691724885302,56.580223083496094,23.852131843566895,80.43235564231873,-3.7193297330873065e-09,-1.068115267344183e-07
1165.8621729285994,0.0,499.625,0.0,646,12920000,40,0.010805611498653889,3.0091724395751953,4.159999999999983e-05,12.832293270660353,789.1585269589967,-0.26194483370201876,53.905691623687744,23.295817136764526,77.20150971412659,-5.912780931538464e-09,2.0675659584412642e-07
1167.7394851526408,0.0,500.0,0.0,647,12940000,40,0.011023866012692451,3.00860857963562,4.1199999999999836e-05,11.029462068820301,957.4270737756657,-0.2848318935124369,49.305421590805054,25.586992263793945,74.89241480827332,8.487701208537146e-09,-2.258300781932121e-07
1199.0251265732618,0.0,500.0,0.0,648,12960000,40,0.013008981011807919,3.0080442428588867,4.079999999999984e-05,24.16584399274633,710.3495723965801,-0.25873958580195905,48.39836049079895,24.56144642829895,72.95980787277222,2.479553273815327e-08,0.0
1216.8511969323984,0.0,500.0,0.0,649,12980000,40,0.012017554603517056,3.007479190826416,4.0399999999999844e-05,17.458792109730876,673.4384481116186,-0.33281370369316654,49.59616947174072,23.458425283432007,73.05459547042847,0.0,6.011962909724389e-07
1132.8726611800514,0.0,500.0,0.0,650,13000000,40,0.010130396112799644,3.006913661956787,3.999999999999985e-05,13.8399215850649,953.2047221316567,-0.3164214631566141,50.34468936920166,24.563937187194824,74.9086275100708,-4.76837147544984e-09,-1.4801025827182457e-07
285.0164590147084,0.0,500.0,0.0,651,13020000,40,0.01001841202378273,3.006347417831421,3.959999999999985e-05,36.32735144005546,2740.4595694046984,-0.8132198547920849,53.33038020133972,23.530924081802368,76.86130595207214,-4.863739189175931e-09,-5.859375278305379e-07
0.21599248754484232,0.0,500.0,0.0,652,13040000,40,0.010557232424616814,3.0057806968688965,3.9199999999999855e-05,36.71349194653426,1562.210699887819,-0.4844760380897529,55.87203788757324,24.198464155197144,80.07050323486328,5.912780931538464e-09,7.507323971367441e-07
0.32750588895075394,0.0,500.0,0.0,653,13060000,40,0.012740259058773518,3.0052132606506348,3.879999999999986e-05,25.172744646857055,1564.6161580822136,-0.41859702022769785,52.893662214279175,23.72413921356201,76.61780214309692,5.531310964812519e-09,-1.8005371771323553e-07
0.18095583467113097,0.0,500.0,0.0,654,13080000,40,0.011625295504927635,3.004645347595215,3.839999999999986e-05,20.316692105124268,898.7013774147516,-0.36130914056933,53.0170476436615,23.45318078994751,76.47022914886475,-7.724762163263676e-09,-9.6130372639891e-07
0.2603265135007723,0.0,500.0,0.0,655,13100000,40,0.011466935276985168,3.0040767192840576,3.7999999999999867e-05,14.932803115814547,953.0411103550392,-0.42873682444089956,56.244099140167236,26.78037118911743,83.0244722366333,-1.3446808111439168e-08,8.331298886332661e-07
0.40346002464325037,0.0,500.0,0.0,656,13120000,40,0.009588584303855896,3.003507614135742,3.7599999999999864e-05,9.102140742917603,927.9689254664167,-0.3140735950981137,53.5961377620697,27.346874952316284,80.94301414489746,-4.1294097030686316e-08,2.777099723516585e-07
0.30127433741859116,0.0,500.0,0.0,657,13140000,40,0.010117284022271633,3.0029377937316895,3.719999999999987e-05,9.365482352806042,937.1121339918692,-0.32818770221422744,53.462048292160034,26.571446657180786,80.03349685668945,-8.392333938900265e-09,7.308959766305634e-07
0.24914449769446384,0.0,500.0,0.0,658,13160000,40,0.009825676679611206,3.0023674964904785,3.679999999999987e-05,8.424157051119623,1086.7519525262373,-0.28521849527200566,52.618441104888916,26.97172522544861,79.59016704559326,-5.57899459963096e-09,1.0955810694213142e-06
0.2998330232386107,0.0,500.0,0.0,659,13180000,40,0.010850642807781696,3.0017964839935303,3.639999999999987e-05,5.369139188980754,1018.4854111683519,-0.27144855583746785,53.11673307418823,25.72436213493347,78.84109616279602,-4.210471971077823e-08,-7.019043124500968e-08
0.2421903603026465,0.0,500.0,0.0,660,13200000,40,0.010090184397995472,3.001224994659424,3.599999999999987e-05,3.7439403726330287,645.6885445317135,-0.26014949823906525,56.55114245414734,25.290090799331665,81.84123468399048,1.6927719226345062e-09,-1.4495849143258965e-07
0.3701039005882939,0.0,500.0,0.0,661,13220000,40,0.01011634711176157,3.000653028488159,3.5599999999999876e-05,3.7315072215056118,733.8927253529995,-0.23121388977558552,54.428366899490356,23.640522480010986,78.06889033317566,-1.0681151962899094e-08,5.065917889623961e-07
0.2585647007369595,0.0,500.0,0.0,662,13240000,40,0.01255868561565876,3.0000803470611572,3.519999999999987e-05,4.032349964561342,749.5043268710752,-0.2725035327451327,53.55316638946533,24.499112844467163,78.05228018760681,-3.819465632659558e-08,-7.629394893626795e-09
0.3092728939646717,0.0,500.0,0.0,663,13260000,40,0.01168282050639391,2.999507188796997,3.479999999999988e-05,3.538071084626113,699.7759256869932,-0.24092144379274377,54.81247806549072,23.669530630111694,78.48200941085815,-1.4781951662712345e-08,1.9836425835251248e-08
0.3002630081564179,0.0,500.0,0.0,664,13280000,40,0.010719354264438152,2.9989333152770996,3.439999999999988e-05,3.2250827482984037,775.2043520770495,-0.21452718326774767,52.866989850997925,27.10093116760254,79.96792244911194,3.900527900668749e-08,-1.4038086249001935e-07
0.320054264103353,0.0,500.0,0.0,665,13300000,40,0.009140712209045887,2.998358964920044,3.3999999999999885e-05,2.9714997030511685,591.5588825853565,-0.24565324050056028,52.48647856712341,29.668232679367065,82.15471267700195,3.371238577187796e-08,-3.9672851670502496e-08
0.574865345398009,0.0,500.0,0.0,666,13320000,40,0.010679757222533226,2.997783899307251,3.359999999999989e-05,2.8876417668559884,654.273070149482,-0.22549114029830958,52.91861271858215,25.454158306121826,78.3727719783783,-4.062652436687131e-08,3.1127930810725957e-07
0.37426770669677134,0.0,500.0,0.0,667,13340000,40,0.009814423508942127,2.9972083568573,3.319999999999989e-05,2.720243144412584,991.8088543759117,-0.2439487447184098,53.78527283668518,23.989363193511963,77.77463698387146,7.724762163263676e-09,6.103515488575795e-07
0.2334746354832244,0.0,500.0,0.0,668,13360000,40,0.01031029038131237,2.9966320991516113,3.279999999999989e-05,2.6372105353995217,875.0562347508684,-0.2700332693849938,56.351882219314575,25.430033683776855,81.78191661834717,-3.528594971768939e-09,1.1596679883041361e-07
0.30956127454976495,0.0,500.0,0.0,669,13380000,40,0.010460500605404377,2.9960553646087646,3.239999999999989e-05,2.528741975902002,856.480040451243,-0.2822074293642293,53.50807571411133,23.12606430053711,76.63414144515991,-1.5258788677030566e-09,-2.3574828844630247e-07
0.2726893871606758,0.0,500.0,0.0,670,13400000,40,0.009270933456718922,2.9954779148101807,3.199999999999989e-05,2.4603067426741876,720.7559583253499,-0.27573240446869896,54.921387672424316,24.275249004364014,79.19663977622986,1.673698513116051e-08,-6.484985419774603e-07
0.336044133957689,0.0,500.0,0.0,671,13420000,40,0.011339194141328335,2.9948999881744385,3.1599999999999894e-05,2.3385109676590448,690.0255486983287,-0.27953583107954716,52.16114664077759,22.910454273223877,75.0716016292572,-4.262924235831633e-08,-1.1901855145879381e-07
0.3660882071867325,0.0,500.0,0.0,672,13440000,40,0.009351550601422787,2.994321346282959,3.11999999999999e-05,2.1792096734801425,785.8546123939225,-0.22480303837528712,51.80984544754028,26.025125980377197,77.8349723815918,2.484321548479329e-08,-7.934570334100499e-08
0.39554574514895047,0.0,500.0,0.0,673,13460000,40,0.01117092277854681,2.9937422275543213,3.07999999999999e-05,2.254990253946449,1303.8473417354535,-0.28428940739765574,52.896223068237305,26.170586824417114,79.06681084632874,6.303787358774571e-08,-4.1198731537406275e-08
0.38780527984013446,0.0,500.0,0.0,674,13480000,40,0.009975070133805275,2.9931623935699463,3.0399999999999902e-05,2.185629785023158,742.0682513466364,-0.24281505420450358,52.508352518081665,26.086155891418457,78.59450936317444,-2.39372255350645e-08,1.2207030941624453e-08
0.26009573676906533,0.0,500.0,0.0,675,13500000,40,0.011416043154895306,2.992582082748413,2.9999999999999903e-05,2.3687192048075834,911.3094332344924,-0.31521956512963845,53.6395001411438,25.425021648406982,79.0645227432251,-3.2424927187690855e-09,-1.0375976700061074e-07
0.272759685568076,0.0,500.0,0.0,676,13520000,40,0.0092614209279418,2.9920010566711426,2.9599999999999903e-05,1.9631157436702824,740.092627957501,-0.2434318374995661,54.625612020492554,24.00153875350952,78.62715196609497,2.861023085110048e-10,1.739501982456204e-07
0.3901580121210764,0.0,500.0,0.0,677,13540000,40,0.01085403561592102,2.991419553756714,2.9199999999999903e-05,1.9344025562081155,622.5207280219356,-0.2605497375295698,53.54727840423584,24.32240653038025,77.86968564987183,2.069473303834002e-08,2.822876012942288e-07
0.5768014794508283,0.0,500.0,0.0,678,13560000,40,0.00970926508307457,2.990837335586548,2.8799999999999904e-05,2.0484819424303273,680.0618380775935,-0.24063659913342778,53.907323598861694,25.549187660217285,79.45651340484619,-3.9577482624508775e-08,-8.63647471760487e-07
0.3326511606996958,0.0,500.0,0.0,679,13580000,40,0.0092413779348135,2.9902546405792236,2.8399999999999908e-05,1.9749066398113588,630.8538674270051,-0.20343432432464972,53.69795536994934,23.190497875213623,76.88845539093018,2.164840751106567e-08,5.859375278305379e-07
0.38280840145665695,0.0,500.0,0.0,680,13600000,40,0.009605028666555882,2.989671230316162,2.7999999999999908e-05,1.7779717237889012,570.2731555987008,-0.19303902230237294,54.539260149002075,24.435850620269775,78.97511267662048,1.907348723406699e-09,-2.8991699707603402e-08
0.276254459501173,0.0,500.0,0.0,681,13620000,40,0.009999869391322136,2.9890873432159424,2.7599999999999912e-05,1.7313415072764022,565.6524120089374,-0.20935788767860283,54.8437135219574,26.81707453727722,81.66078901290894,9.536742923144104e-11,3.997802764388325e-07
0.3429696507264147,0.0,500.0,0.0,682,13640000,40,0.009256782941520214,2.9885027408599854,2.7199999999999916e-05,1.6896498053134241,514.6257598780378,-0.19337194704486033,52.896039962768555,27.51240301132202,80.40844392776489,-3.111362500973769e-09,4.791259584635554e-07
0.30949467709591527,0.0,500.0,0.0,683,13660000,40,0.00983261689543724,2.98791766166687,2.679999999999992e-05,1.624180373775808,537.6416785034952,-0.21562369857690758,52.71485757827759,24.859903812408447,77.57476282119751,5.23328802515266e-09,3.7231444593999186e-07
0.25673565830787987,0.0,500.0,0.0,684,13680000,40,0.009173581376671791,2.9873318672180176,2.639999999999992e-05,1.6999422427596924,563.0147475520266,-0.20299292968798288,52.68372654914856,24.640542030334473,77.32426953315735,1.907348723406699e-09,-7.934570334100499e-08
0.2804596063697322,0.0,500.0,0.0,685,13700000,40,0.010862487368285656,2.986745595932007,2.599999999999992e-05,1.6717755739447437,523.1960009321382,-0.19973228433629192,53.44617509841919,23.927319526672363,77.37349700927734,-5.531310964812519e-09,1.9531249506599124e-07
0.3010478072077327,0.0,500.0,0.0,686,13720000,40,0.009443448856472969,2.986158609390259,2.5599999999999924e-05,1.5277829891518702,570.8474759548525,-0.17107614751881625,54.13667678833008,25.169368982315063,79.30604696273804,1.0967254882032762e-09,-4.1809082063082315e-07
0.21959437011246172,0.0,500.0,0.0,687,13740000,40,0.012405650690197945,2.9855711460113525,2.5199999999999925e-05,1.911653349935254,589.1645408340647,-0.21161258029928312,52.39253282546997,23.611939430236816,76.00447344779968,-1.1444092340440193e-09,1.9226074243761104e-07
0.32989301178356045,0.0,500.0,0.0,688,13760000,40,0.010278328321874142,2.984983205795288,2.479999999999993e-05,1.674496479087238,746.0435227695899,-0.245764454076939,52.92305040359497,24.719639778137207,77.64269137382507,-2.1934509764065524e-09,2.716064386731887e-07
0.2723568964718617,0.0,500.0,0.0,689,13780000,40,0.009721766225993633,2.9843945503234863,2.439999999999993e-05,1.7217847270301625,612.5639395701735,-0.2019084443797982,52.958327531814575,25.693527460098267,78.65185618400574,-2.8610229740877458e-09,-1.3732909920349812e-08
0.2800993324519135,0.0,500.0,0.0,690,13800000,40,0.010883823037147522,2.9838054180145264,2.399999999999993e-05,1.4297118796200692,585.675773610948,-0.2096388148886588,53.08395600318909,24.53761076927185,77.62156796455383,-4.482269222449986e-09,0.0
0.3456995855590915,0.0,500.0,0.0,691,13820000,40,0.010709337890148163,2.983215570449829,2.359999999999993e-05,1.3387012938909892,567.185515063322,-0.24333443006477024,52.012858152389526,23.088576316833496,75.10143542289734,-2.2077561112610056e-08,4.936218260809255e-07
0.3490107770942335,0.0,500.0,0.0,692,13840000,40,0.009844424203038216,2.9826252460479736,2.3199999999999934e-05,1.240290329614772,601.4903724187537,-0.19267868108198613,52.75965213775635,26.510820150375366,79.27047348022461,1.1539459165987864e-08,-4.7149657689260493e-07
0.39973040369172874,0.0,500.0,0.0,693,13860000,40,0.008314495906233788,2.982034206390381,2.2799999999999934e-05,1.2917896358272698,602.9849800206438,-0.19015033271140125,52.566070556640625,22.449188947677612,75.01526021957397,-2.1934509764065524e-09,-3.128051773160223e-08
0.2600520570468453,0.0,500.0,0.0,694,13880000,40,0.009135075844824314,2.98144268989563,2.2399999999999935e-05,1.2412858237571354,522.0415906302536,-0.19111242318832422,52.52039384841919,23.453336000442505,75.97373104095459,-6.771087690538025e-09,3.9596557144250255e-07
0.31526548362263124,0.0,500.0,0.0,695,13900000,40,0.010495350696146488,2.9808504581451416,2.1999999999999935e-05,1.4265288494055783,620.1062632017498,-0.22319514489720893,52.51128959655762,24.293128728866577,76.80441927909851,5.912780931538464e-09,3.051757735406113e-09
0.36600922369931366,0.0,500.0,0.0,696,13920000,40,0.008511119522154331,2.980257749557495,2.1599999999999935e-05,1.4464738297311566,627.694634411003,-0.17678908588529765,52.241169929504395,23.708057641983032,75.94922876358032,9.536742923144104e-11,-7.934570334100499e-08
0.40354015273265437,0.0,500.0,0.0,697,13940000,40,0.0093110715970397,2.9796643257141113,2.1199999999999936e-05,1.40829053594719,634.3245887466624,-0.26566833031682086,53.17680287361145,24.713851928710938,77.8906557559967,1.3351440841802287e-08,-7.934570334100499e-08
0.3307527583440232,0.0,500.0,0.0,698,13960000,40,0.008562744595110416,2.9790704250335693,2.0799999999999936e-05,1.2993040623921381,568.2080631304391,-0.2065619359240879,53.14345192909241,24.048009634017944,77.19146251678467,-2.00271599304358e-09,2.1286010110088682e-07
0.29966282521050486,0.0,500.0,0.0,699,13980000,40,0.009853524155914783,2.97847580909729,2.0399999999999937e-05,1.1632606561425367,687.5013831223114,-0.20590796532887445,53.458298683166504,23.707953691482544,77.16625308990479,4.768371808516747e-10,3.0212402180040954e-07
0.3439311727106048,0.0,500.0,0.0,700,14000000,40,0.00876480434089899,2.9778807163238525,1.9999999999999937e-05,1.160459812098666,689.6213317195071,-0.18781398610695255,52.655375719070435,24.620835304260254,77.276211977005,-6.38961772381208e-09,2.807617249800387e-07
5.32213079487676,0.0,500.0,0.0,701,14020000,40,0.00825014989823103,2.9772849082946777,1.9599999999999938e-05,12.449532812381092,2151.324180950696,-0.7412226200787515,54.861674547195435,26.211716175079346,81.07339262962341,4.339218051541138e-08,-3.662109548940862e-08
7.265160527782865,0.0,500.0,0.0,702,14040000,40,0.008637240156531334,2.9766886234283447,1.9199999999999938e-05,1.3022276345498953,817.2365584264828,-0.3817871465477385,55.22124934196472,24.044013738632202,79.26526403427124,1.5544891596164234e-07,9.12475570657989e-07
7.471048577179124,0.0,500.0,0.0,703,14060000,40,0.007010361645370722,2.9760916233062744,1.879999999999994e-05,1.279863477092755,716.1106572501267,-0.34766334548969813,55.628668546676636,24.395973920822144,80.02464365959167,-1.0318755983007577e-07,8.544921570319275e-08
7.985416643268897,0.0,500.0,0.0,704,14080000,40,0.009498543106019497,2.975494146347046,1.839999999999994e-05,1.2496561990319928,534.7151150280916,-0.269666922644158,54.906095027923584,23.686155319213867,78.59225130081177,4.620552118694832e-08,-2.1057128662960167e-07
7.6679242827334075,0.0,500.0,0.0,705,14100000,40,0.00824680645018816,2.97489595413208,1.799999999999994e-05,0.9914234947177428,589.3342874357973,-0.21263385816489028,55.36578702926636,23.127981185913086,78.49377012252808,-1.125335735707722e-08,-3.799438559326518e-07
7.200831703097568,0.0,500.0,0.0,706,14120000,40,0.00968601182103157,2.974297285079956,1.759999999999994e-05,0.8838946204773988,616.7362259104282,-0.1904504840957779,55.507811546325684,24.23005175590515,79.73786425590515,-5.662441182607836e-08,4.333496121944336e-07
7.433600906949261,0.0,500.0,0.0,707,14140000,40,0.008113902993500233,2.9736979007720947,1.719999999999994e-05,0.8392488426611393,509.2654265584825,-0.1406010652621147,56.00407266616821,22.87554430961609,78.87961792945862,-6.718635603419898e-08,2.5939941750152684e-08
7.193053801773489,0.0,500.0,0.0,708,14160000,40,0.006983691360801458,2.973098039627075,1.679999999999994e-05,0.7467163654633715,586.6948840274086,-0.17971970828698028,54.75434994697571,22.231858491897583,76.98620939254761,-2.3436546925381663e-08,2.2888183792701966e-08
7.375105315999401,0.0,500.0,0.0,709,14180000,40,0.006770861800760031,2.9724974632263184,1.639999999999994e-05,0.7258229200032693,686.3509630034241,-0.14683360464257908,55.0161497592926,22.449074745178223,77.46522545814514,9.155273872352154e-09,-2.0446776716198656e-07
7.898400946228961,0.0,500.0,0.0,710,14200000,40,0.007594665512442589,2.9718964099884033,1.599999999999994e-05,0.666824524085733,620.2665812045713,-0.16209689908767047,55.28994345664978,23.479055404663086,78.7689995765686,1.0008812267869871e-07,5.493163968139925e-08
7.5753531638484715,0.0,500.0,0.0,711,14220000,40,0.007959570735692978,2.97129487991333,1.5599999999999942e-05,0.6270494926768013,728.487620051903,-0.16211737387023772,58.31145739555359,24.942795753479004,83.25425457954407,-1.850128228397807e-08,7.629394360719743e-08
7.740308232644841,0.0,500.0,0.0,712,14240000,40,0.008168944157660007,2.9706926345825195,1.5199999999999943e-05,0.5959797042080118,731.2103868315492,-0.13489589719219675,54.540542125701904,22.828081130981445,77.36862421035767,-2.1004677108749092e-08,-1.8920898980923084e-07
7.1544433862082855,0.0,500.0,0.0,713,14260000,40,0.011150553822517395,2.970089912414551,1.4799999999999945e-05,0.5588684166345416,472.05527822760087,-0.15438258174476743,55.88492035865784,24.321328163146973,80.20624923706055,2.6702879907247734e-09,-3.204345588869728e-08
6.36344692325776,0.0,500.0,0.0,714,14280000,40,0.008491091430187225,2.9694864749908447,1.4399999999999947e-05,0.5228370080831685,411.38194888151145,-0.11915507504091705,56.23602914810181,24.105706691741943,80.34173679351807,-5.912780931538464e-09,-1.350402811794993e-07
6.759941705942055,0.0,500.0,0.0,715,14300000,40,0.0068718185648322105,2.9688825607299805,1.3999999999999949e-05,0.48983027691705316,405.09255256169956,-0.10258076546324676,55.148398876190186,22.78870964050293,77.93710923194885,-6.294250454175199e-09,3.376007029487482e-08
6.608705756374005,0.0,500.0,0.0,716,14320000,40,0.006636055186390877,2.968277931213379,1.3599999999999951e-05,0.4546327053274535,349.0441487565825,-0.06978105676148229,54.15709447860718,23.40401339530945,77.56110882759094,-1.8119811429073707e-08,4.34875495614051e-08
7.712290915667831,0.0,500.0,0.0,717,14340000,40,0.006956449244171381,2.967672824859619,1.3199999999999953e-05,0.4375818243603918,342.6268739338163,-0.09090393130089852,55.08413362503052,23.842880487442017,78.92701530456543,-5.7220459481754915e-09,8.16345249177175e-08
7.051121854661551,0.0,500.0,0.0,718,14360000,40,0.006925256922841072,2.967067003250122,1.2799999999999955e-05,0.42699173627586307,343.85692268081857,-0.08771791461548661,55.00446557998657,21.968274116516113,76.97274041175842,-1.6307831529616124e-08,-9.002685885661776e-08
7.163950264020423,0.0,500.0,0.0,719,14380000,40,0.007650015875697136,2.966460704803467,1.2399999999999958e-05,0.4122150978615767,347.8750150076951,-0.12833994286771438,53.74392342567444,23.72384262084961,77.46776676177979,1.3256072683986986e-08,4.234313877304885e-08
7.079612110678889,0.0,500.0,0.0,720,14400000,40,0.006514635402709246,2.965853691101074,1.199999999999996e-05,0.3806001989807509,323.5229938362218,-0.06719783042569326,56.31593465805054,23.250762701034546,79.56669807434082,-1.912117042479622e-08,1.8272399415764085e-07
6.65915898331698,0.0,500.0,0.0,721,14420000,40,0.006325724069029093,2.9652462005615234,1.1599999999999962e-05,0.3616661898320234,415.19763989026035,-0.05030757875647396,55.235339641571045,23.74421191215515,78.97955346107483,-8.201599399626502e-09,7.629394360719743e-08
6.798935846413274,0.0,500.0,0.0,722,14440000,40,0.00795778352767229,2.9646379947662354,1.1199999999999964e-05,0.3326376210473761,325.9407740436023,-0.0558927241730492,54.71175670623779,23.61313796043396,78.32489538192749,6.198883073516015e-10,1.0299682884351569e-07
7.230574814286031,0.0,500.0,0.0,723,14460000,40,0.008337335661053658,2.964029312133789,1.0799999999999966e-05,0.3139898406176627,321.58504584590094,-0.05692674460602759,54.286001682281494,23.158708810806274,77.4447112083435,-5.340575981449547e-09,-1.9836426190522616e-07
6.617339048698817,0.0,500.0,0.0,724,14480000,40,0.006631707772612572,2.9634199142456055,1.0399999999999968e-05,0.2927878876181343,307.17920538986783,-0.04140983336557976,53.97795796394348,22.15329146385193,76.13125038146973,-1.4305114870438729e-09,-2.3422241213211237e-07
7.136468059571729,0.0,500.0,0.0,725,14500000,40,0.007366243749856949,2.9628100395202637,9.99999999999997e-06,0.27876810912467254,303.76402349351326,-0.044990644928751676,54.431872844696045,22.46456503868103,76.89643859863281,-7.2479249269008506e-09,-1.678466787780053e-08
7.599418499795272,12.9625,500.0,0.0,726,14520000,40,0.005600790027529001,2.962231159210205,9.59999999999997e-06,0.2768093614072739,422.4721029933495,-0.10425052659562495,54.35720348358154,23.866077423095703,78.22328209877014,8.416176200398695e-09,6.713867151120212e-08
5.845204214253505,12.9625,500.0,0.0,727,14540000,40,0.0063406312838196754,2.9616801738739014,9.199999999999973e-06,0.29303447443378877,350.28377387131314,-0.05565707376049949,54.95715355873108,22.43700909614563,77.39416360855103,6.484985437538171e-09,6.103515470812226e-09
6.597416475893309,0.0,500.0,0.0,728,14560000,40,0.007377993781119585,2.961122751235962,8.799999999999975e-06,0.23860753733617596,339.7843030325974,-0.050857901515415575,54.530447006225586,23.26034116744995,77.79078960418701,2.9087066089061864e-09,2.5939941750152684e-08
6.353685482360856,0.0,500.0,0.0,729,14580000,40,0.006373672280460596,2.960559368133545,8.399999999999977e-06,0.2273250007176701,320.9556010379067,-0.04597150510017866,54.20848488807678,22.275219202041626,76.48370480537415,-4.4345855876315454e-09,1.831054774470431e-08
6.141106000248881,0.0,500.0,0.0,730,14600000,40,0.008370871655642986,2.9599905014038086,7.999999999999978e-06,0.20768182840245433,341.1743123790886,-0.09629264095550569,53.931883573532104,22.17768096923828,76.1095654964447,-9.059905714536853e-09,-6.561279519701202e-08
6.960147170714727,0.0,500.0,0.0,731,14620000,40,0.005847121588885784,2.959416627883911,7.599999999999978e-06,0.20310407673727862,381.6228049073038,-0.07236614771175516,53.831027030944824,21.868014574050903,75.69904255867004,-2.813339339269305e-09,-6.256103546320446e-08
6.771343986960913,0.0,500.0,0.0,732,14640000,40,0.005605724174529314,2.9588382244110107,7.199999999999979e-06,0.17979515465565873,304.8406786085684,-0.029783310558310933,53.16922736167908,22.89469885826111,76.0639271736145,2.574920721087892e-09,-2.5177001816700795e-08
6.2895432957815895,0.0,500.0,0.0,733,14660000,40,0.006091804709285498,2.9582557678222656,6.799999999999981e-06,0.17664310362520097,308.32083683255354,-0.03119982500218704,53.7289183139801,22.750940322875977,76.47985982894897,3.3855438452690123e-09,1.2969971407983394e-07
5.592731140641034,0.0,500.0,0.0,734,14680000,40,0.00684455968439579,2.957669496536255,6.399999999999982e-06,0.1628517137298101,338.8053336324571,-0.038095783736391726,52.687530279159546,24.62146306037903,77.30899453163147,-1.8119812317252126e-09,-1.2207030941624453e-08
6.597662071216503,0.0,500.0,0.0,735,14700000,40,0.005982500035315752,2.9570798873901367,5.999999999999983e-06,0.16049896917199788,321.98737233801734,-0.037534863241252645,53.24459409713745,23.74902629852295,76.99362134933472,1.5878677928071738e-08,1.2207030941624453e-08
6.68756512494286,0.0,500.0,0.0,736,14720000,40,0.007606822066009045,2.956486940383911,5.5999999999999845e-06,0.1484563991050177,348.47499097027355,-0.04873309134376011,53.510413646698,22.93123722076416,76.4416515827179,-5.722046170220096e-10,-2.7465819840699623e-08
6.633964863505317,0.0,500.0,0.0,737,14740000,40,0.0065528922714293,2.9558911323547363,5.199999999999986e-06,0.14322504343205614,350.1431102800973,-0.05810137351921795,53.628469705581665,22.38805103302002,76.01652145385742,6.484985437538171e-09,1.2130738014093367e-07
6.206460012381176,1.3,500.0,0.0,738,14760000,40,0.005986182950437069,2.9552958011627197,4.799999999999987e-06,0.13351093041887388,372.10260335222074,-0.145375213540112,53.5677695274353,22.09732937812805,75.66509985923767,-2.38418573772492e-09,9.155273872352154e-09
6.291262326671765,0.0,500.0,0.0,739,14780000,40,0.006621252279728651,2.954697608947754,4.399999999999988e-06,0.11006520755494698,326.0768044000939,-0.045456109581149734,53.525991678237915,22.179139852523804,75.70513224601746,1.2111663671987571e-08,2.5177001816700795e-08
5.764817970677274,0.0,500.0,0.0,740,14800000,40,0.005202359054237604,2.954097032546997,3.99999999999999e-06,0.09658672846853733,337.28333317237565,-0.046044212405840994,53.468759059906006,22.380001306533813,75.84876108169556,-6.270408636765978e-09,1.831054774470431e-08
6.266539581545047,0.0,500.0,0.0,741,14820000,40,0.00464147562161088,2.953494071960449,3.599999999999991e-06,0.0807994886077469,328.93054561373555,-0.029716849231597366,53.40271735191345,23.296006441116333,76.69872450828552,5.006790093631253e-09,-5.6457519548303026e-08
6.65040318120481,0.0,500.0,0.0,742,14840000,40,0.005230820272117853,2.9528887271881104,3.199999999999992e-06,0.06882896035249475,309.38173685194573,-0.11320838919086264,53.22428059577942,23.05616021156311,76.28044152259827,3.8862228990410586e-09,-7.629394360719743e-08
6.561972563908259,0.0,500.0,0.0,743,14860000,40,0.004643614403903484,2.9522814750671387,2.7999999999999927e-06,0.058919969778743725,299.67519942657856,-0.07177731923558572,53.4180805683136,23.503763914108276,76.92184686660767,1.8620491815113382e-08,-3.509521562250484e-08
6.66462396286808,0.0,500.0,0.0,744,14880000,40,0.004774022847414017,2.951672315597534,2.399999999999994e-06,0.05301606643567734,306.8988660401936,-0.04439575402478723,52.8926727771759,21.849618196487427,74.74229168891907,3.271102855251229e-08,7.553100545010238e-08
6.162120519771092,25.4,500.0,0.0,745,14900000,40,0.0043416377156972885,2.951124429702759,1.9999999999999953e-06,0.046910984006627826,324.2176408695269,-0.07471943862111413,52.75848126411438,21.61149835586548,74.36998081207275,-1.0871887390351276e-08,-3.9749144775669265e-07
6.005879677496862,19.675,500.0,0.0,746,14920000,40,0.003615425433963537,2.950617551803589,1.5999999999999963e-06,0.03585798245312387,323.15968616340734,-0.07527183132434759,52.610515832901,22.202797412872314,74.81331396102905,-2.0217894913798773e-08,-2.777099723516585e-07
6.421583208404892,0.0,500.0,0.0,747,14940000,40,0.004284469410777092,2.950098752975464,1.1999999999999972e-06,0.0298210124502878,314.9201197756997,-0.04560801916095558,52.65812706947327,21.80324411392212,74.46137189865112,-9.536743617033494e-10,1.9531249506599124e-07
6.3099448272436875,0.15375,500.0,0.0,748,14960000,40,0.00424831872805953,2.9495694637298584,7.999999999999983e-07,0.028353194730898625,336.00285828023016,-0.0457083147838476,52.789608001708984,21.79728102684021,74.58688974380493,1.201629640235069e-08,1.5602111602674995e-07
6.342790822153818,0.8712499999999999,500.0,0.0,749,14980000,40,0.004256821237504482,2.9490323066711426,3.9999999999999913e-07,0.022130081947609972,288.35475863686094,-0.03112239008916754,52.677700996398926,22.554274797439575,75.23197650909424,1.2111663671987571e-08,4.577636936176077e-09
6.40821291862544,0.0,500.0,0.0,750,15000000,40,0.002227812074124813,2.948486089706421,0.0,0.03163493725506565,296.14326131313663,-0.008279820050914547,53.01719784736633,22.812989950180054,75.83018898963928,4.1961669694501325e-09,-1.411438006471144e-07
