Metrics/EpRet,Metrics/EpCost,Metrics/EpLen,Metrics/EpSuccess,Train/Epoch,Train/TotalSteps,Train/StopIter,Train/KL,Train/LagragianMultiplier,Train/LR,Loss/Loss_reward_critic,Loss/Loss_cost_critic,Loss/Loss_actor,Time/Rollout,Time/Update,Time/Total,Value/RewardAdv,Value/CostAdv
-488.8579947162367,1.493620562857263,159.58469235829858,0.0,1,20000,40,0.016990091651678085,0.0,0.00029925,239.84327123264154,0.33998484423729225,-0.025326414240584426,15.151540517807007,59.24738383293152,74.3989269733429,-1.3775824925232882e-07,1.0585784693262212e-08
-382.73916982091873,1.1848484848484848,131.37030303030303,0.0,2,40000,40,0.01790088228881359,0.0,0.0002985,240.27618577000433,0.37499138833642504,-0.022949099785219817,15.241188526153564,59.31696605682373,74.55815601348877,5.826949944776061e-08,4.00543198608716e-09
-272.2069076824106,1.1171717171717175,101.43409090909091,0.0,3,60000,38,0.020419921725988388,0.0,0.00029775,396.86777150212004,0.4552672507796685,-0.024605612435447587,15.090782880783081,61.28137707710266,76.37216114997864,-2.2697449253428204e-08,-6.675720420901143e-09
-258.8587926068703,0.9814720812182739,101.101269035533,0.0,4,80000,34,0.020569268614053726,0.0,0.000297,431.93104134616806,0.3387983837741655,-0.025002812032756377,15.853926420211792,47.56420826911926,63.41813564300537,-2.086162531611535e-08,-1.7166137400437265e-09
-252.18249856037136,0.9193121693121693,103.4521164021164,0.0,5,100000,22,0.020011993125081062,0.0,0.00029625,413.4210046961527,0.31961045999078863,-0.02153604133013363,15.32789921760559,33.42246603965759,48.750367164611816,-1.9025803155159338e-08,6.675719976811934e-10
-256.49841620436246,0.901891891891892,107.6445945945946,0.0,6,120000,23,0.02070503868162632,0.0,0.0002955,415.6112852884773,0.2839608165985438,-0.023997896773340126,15.220106601715088,29.779112577438354,44.99922013282776,9.918212917625624e-09,-1.5258788677030566e-09
-276.0404896721972,1.311834319526627,119.66834319526626,0.0,7,140000,18,0.020577801391482353,0.0,0.00029475000000000004,463.62675198740175,0.4384255810678111,-0.022572792321311316,14.93722653388977,22.8628671169281,37.80009436607361,1.0967254882032762e-09,4.768371808516747e-10
-221.9854975660647,1.1950980392156862,99.85759803921569,0.0,8,160000,18,0.02021036110818386,0.0,0.00029400000000000004,474.3054181370788,0.5354671824252697,-0.02455444448663237,15.089654207229614,23.74978232383728,38.83943748474121,-9.059905714536853e-09,-4.1723252630632146e-10
-234.99314257279605,0.94079754601227,112.51564417177912,0.0,9,180000,14,0.02005014941096306,0.0,0.00029325000000000005,375.57106450027334,0.286568176245299,-0.01922436637441755,14.99698281288147,17.939279794692993,32.93626427650452,-8.77380390562621e-09,-1.239776614703203e-09
-230.2794400344435,0.9233695652173913,113.43885869565217,0.0,10,200000,13,0.020869996398687363,0.0,0.00029250000000000006,364.64437619647805,0.30018984511472663,-0.019381143902132046,14.83870553970337,18.367145538330078,33.205852031707764,-5.006790093631253e-09,-3.218650901359865e-09
-190.38875815339188,0.9213197969543148,101.9746192893401,0.0,11,220000,12,0.022020025178790092,0.0,0.00029175000000000007,393.4188345542477,0.26853945531462803,-0.021163724242467572,15.361124992370605,16.083876371383667,31.44500207901001,-1.907348723406699e-09,7.152557435219364e-10
-207.842676478864,0.9833333333333333,114.19234972677599,0.0,12,240000,12,0.02040504850447178,0.0,0.0002910000000000001,326.32771231191225,0.29059743356749146,-0.021133257220702542,15.039189338684082,15.353129148483276,30.392319440841675,-1.3351439953623867e-09,-9.536743617033494e-10
-183.3151086335372,0.9508928571428571,106.35833333333333,0.0,13,260000,9,0.020215587690472603,0.0,0.0002902500000000001,279.59523142691745,0.29017904679527995,-0.01586791436245118,15.190985918045044,11.87009334564209,27.06108021736145,7.1525572131747595e-09,9.536743617033494e-10
-164.038472313218,1.3593457943925236,99.28528037383177,0.0,14,280000,11,0.021309588104486465,0.0,0.0002895000000000001,298.4198016306013,0.6569070948551309,-0.018468819874426175,14.943124294281006,14.693477153778076,29.6366024017334,-3.337859988405967e-10,8.702278342376246e-10
-121.120689945462,1.2971544715447156,78.18719512195123,0.0,15,300000,11,0.022058218717575073,0.0,0.0002887500000000001,327.491086150476,0.6361948431680758,-0.02086286119466976,14.898414850234985,13.798695087432861,28.697110891342163,-1.6212464259979242e-08,4.291534239087014e-09
-109.91666939796775,1.0590443686006825,72.35904436860069,0.0,16,320000,12,0.0207064151763916,0.0,0.0002880000000000001,337.4536725959331,0.6102321222920419,-0.021177172401465705,14.8979651927948,16.545618534088135,31.44358468055725,-1.3828277189986693e-08,2.0980834847250662e-09
-121.86175901925765,1.2641592920353983,86.74137168141594,0.0,17,340000,10,0.020229453220963478,0.0,0.0002872500000000001,295.47703197832686,0.5518298324947349,-0.01948810470106003,15.023953199386597,13.383749008178711,28.407703399658203,2.0313262183435654e-08,-7.867813067718998e-10
-104.1429070537684,1.2128252788104088,77.42936802973978,0.0,18,360000,6,0.020819522440433502,0.0,0.00028650000000000013,308.146138870678,0.7187128239514602,-0.012980236950071571,14.874494552612305,8.06518816947937,22.939683437347412,6.580352707175052e-09,-9.059906158626063e-10
-133.90955439060312,1.4723958333333333,104.46249999999999,0.0,19,380000,10,0.020727628841996193,0.0,0.00028575000000000014,208.09659933876307,0.5845615983366395,-0.020414323102870283,15.215664148330688,13.132919549942017,28.34858465194702,1.8215178698710588e-08,-1.19209286886246e-09
-91.11623840460128,1.2869811320754716,75.44660377358491,0.0,20,400000,10,0.0228953305631876,0.0,0.00028500000000000015,233.89082111931455,0.634735530060225,-0.01952454772340461,15.397180557250977,13.968903064727783,29.366084814071655,-1.5497207073167374e-08,-1.5258788677030566e-09
-103.41680288397193,1.248230088495575,87.54513274336284,0.0,21,420000,7,0.021228259429335594,0.0,0.00028425000000000016,216.87266177338913,0.5779307259783142,-0.015992963609010633,15.12727689743042,9.013578176498413,24.14085626602173,-6.461143620128951e-09,-5.722046170220096e-10
-76.75299337232667,1.126208178438662,72.64795539033459,0.0,22,440000,9,0.021449005231261253,0.0,0.00028350000000000017,190.40578261765768,0.6137878930352875,-0.018640975401573806,15.050230503082275,11.269538879394531,26.319770336151123,-5.984306383766125e-09,3.528594971768939e-09
-64.14374143181446,1.1701612903225806,66.20241935483871,0.0,23,460000,8,0.02122221142053604,0.0,0.0002827500000000002,182.55717397726383,0.5995632551771145,-0.017209321347856747,14.932151317596436,10.566102266311646,25.498254537582397,3.185272134942352e-08,-5.722046170220096e-10
-65.97973429056732,1.3337209302325583,70.64263565891473,0.0,24,480000,6,0.021394997835159302,0.0,0.0002820000000000002,154.94939558092145,0.6684353263995138,-0.014351040475378933,14.845038175582886,7.815647602081299,22.66068696975708,2.956390465769232e-09,2.0980834847250662e-09
-62.53126708628135,1.5372302158273383,74.30269784172663,0.0,25,500000,6,0.022005699574947357,0.0,0.0002812500000000002,136.78491776845198,0.9925192276113076,-0.012102095458269242,15.015058994293213,7.883044481277466,22.898104667663574,4.577636936176077e-09,7.438659466174613e-09
-57.8031863314582,1.1734657039711192,71.71750902527076,0.0,26,520000,8,0.021743668243288994,0.0,0.0002805000000000002,126.59575665263704,0.6549733100167383,-0.016875027250717975,14.75726580619812,10.279529094696045,25.03679585456848,2.880096516832964e-08,-5.340575981449547e-09
-52.10837720112679,1.543223443223443,72.70787545787546,0.0,27,540000,6,0.021100064739584923,0.0,0.0002797500000000002,109.62498237784551,0.842244814208553,-0.013090483837337475,14.981693029403687,7.45776104927063,22.439455032348633,2.1076202116887544e-08,-1.39474864990774e-09
-62.02358202361492,1.37289156626506,86.23875502008032,0.0,28,560000,5,0.020606597885489464,0.0,0.0002790000000000002,115.242985154417,0.7800397869163809,-0.012216544333702554,14.802517652511597,6.4126856327056885,21.215204000473022,-2.6798248953241455e-08,-1.7404556684752492e-09
-39.91850597041468,1.285910652920962,66.0286941580756,0.0,29,580000,7,0.02094491384923458,0.0,0.00027825000000000023,116.92014093194472,0.6835388221128897,-0.01699300597743601,14.766840934753418,8.909439325332642,23.676281452178955,-8.487701208537146e-09,-2.6702879907247734e-09
-40.77081411858039,1.6585144927536233,73.50978260869567,0.0,30,600000,6,0.020740140229463577,0.0,0.00027750000000000024,101.43843296770089,0.8199870172923747,-0.012889822796721078,14.717975616455078,7.569816827774048,22.287793397903442,1.7166137400437265e-09,1.00135799652179e-09
-25.70334023889374,1.3446564885496184,51.68753180661578,0.0,31,620000,5,0.02068115398287773,0.0,0.00027675000000000025,94.93449466449384,0.8832240433072129,-0.010461074368248637,14.84464430809021,6.356499195098877,21.201144456863403,4.577636936176077e-09,2.40802755513414e-09
-33.65210335196838,1.5030188679245287,75.49924528301887,0.0,32,640000,4,0.02064252272248268,0.0,0.00027600000000000026,71.5010373858979,0.6835200759037711,-0.009631151564422244,14.892605781555176,4.964085578918457,19.85669231414795,-3.5762786065873797e-09,3.8146971692576415e-10
-26.839199130332176,1.4699335548172758,64.64867109634551,0.0,33,660000,5,0.021248361095786095,0.0,0.00027525000000000027,67.40470165094247,0.8131559660449957,-0.010858851255396733,14.848405838012695,6.309155702590942,21.157562732696533,-1.478195232884616e-09,-4.744529658040619e-09
-16.51964307408427,1.7654666666666667,55.37426666666667,0.0,34,680000,6,0.021098675206303596,0.0,0.0002745000000000003,70.67895969415244,1.2578588643520912,-0.013511434831945137,14.869082689285278,7.757729530334473,22.62681293487549,2.6130676289426447e-08,5.769729582993932e-09
-12.266880890967299,1.566573816155989,52.485654596100275,0.0,35,700000,5,0.020202191546559334,0.0,0.0002737500000000003,66.93477128245198,1.2107886483018009,-0.010175400939933694,14.826904058456421,6.152176380157471,20.97908115386963,4.959106458812812e-09,-4.482269222449986e-09
-15.509407326750553,1.8515845070422536,71.11285211267605,0.0,36,720000,5,0.02184269204735756,0.0,0.0002730000000000003,57.402844958564344,1.0412971949996277,-0.011347343734266184,14.922597169876099,6.02558970451355,20.948187589645386,-1.5449524326527353e-08,-8.392333938900265e-09
-11.086948415173259,1.9296819787985866,71.73462897526503,0.0,37,740000,2,0.020375536754727364,0.0,0.0002722500000000003,49.53275734471818,1.1223768284812141,-0.0011060011837952814,14.86438536643982,2.4372196197509766,17.301605939865112,-2.0980834847250662e-09,2.717971847587819e-09
-7.6156494028897415,2.132178217821782,67.83217821782179,0.0,38,760000,7,0.02011389099061489,0.0,0.0002715000000000003,50.6383184940507,1.325124070116343,-0.014163731044138787,14.807817220687866,8.965586185455322,23.773404359817505,-3.051757735406113e-09,7.152557435219364e-10
-5.580824753714345,2.4758620689655175,74.22126436781609,0.0,39,780000,5,0.020438291132450104,0.0,0.0002707500000000003,43.71229175774815,1.3570713149949003,-0.011149830664522922,14.753684759140015,6.271470308303833,21.025156497955322,-1.754760781125242e-08,-4.0531160649948106e-09
-3.9371388774730587,2.395053003533569,72.10565371024735,0.0,40,800000,3,0.020896214991807938,0.0,0.00027000000000000033,41.954782406742964,1.1964284847783078,-0.005243945733422892,14.932024478912354,3.7527146339416504,18.68474006652832,-1.769065782752932e-08,-3.5762786065873797e-09
-0.27335643519769626,2.157142857142857,85.93874458874458,0.0,41,820000,2,0.022398142144083977,0.0,0.00026925000000000034,35.587244001821205,1.037961183526455,-0.0016224469287326921,14.735324621200562,2.572108030319214,17.30743432044983,1.1873245497895368e-08,-3.8146971692576415e-10
4.543278892937745,2.4272727272727277,76.61422924901186,0.0,42,840000,4,0.020392000675201416,0.0,0.00026850000000000035,40.16005050488554,1.2846256844913617,-0.009455814682759535,14.711117267608643,5.347225904464722,20.05834436416626,-1.5783310658434857e-08,3.051757735406113e-09
8.947533312404563,2.45736301369863,72.40428082191781,0.0,43,860000,5,0.02096879854798317,0.0,0.00026775000000000036,40.218073170329816,1.3841260634672146,-0.011339341557492463,14.793701410293579,6.299332618713379,21.093035221099854,1.0967254882032762e-09,-4.00543198608716e-09
13.224120751471903,2.584581497797357,84.70616740088107,0.0,44,880000,4,0.02054881677031517,0.0,0.00026700000000000036,43.65264917943424,1.3380910873579712,-0.007922281353056027,14.898039817810059,5.185431003570557,20.083471536636353,2.0456313976069396e-08,3.814697446813398e-09
18.405971218545403,2.4818407960199007,102.82189054726366,0.0,45,900000,5,0.021159645169973373,0.0,0.0002662500000000004,31.699916923693575,0.8000032282675417,-0.011583994291484738,14.928698778152466,6.2730796337127686,21.20177912712097,4.8542023733944006e-08,-4.768371808516747e-10
23.775340190171896,2.9289808917197453,118.73566878980891,0.0,46,920000,5,0.02028137817978859,0.0,0.0002655000000000004,32.488657415712986,1.0436152184923617,-0.010472032549484565,14.863415002822876,6.200984477996826,21.064400672912598,3.3378602104505717e-09,1.0490417423625331e-09
18.730255109249306,2.3294545454545457,76.538,0.0,47,940000,5,0.02160762809216976,0.0,0.0002647500000000004,45.978176291225054,1.4627345620062404,-0.008751084495145387,14.858892440795898,6.207508563995361,21.066401720046997,-5.064010721866907e-08,-4.1961669694501325e-09
31.344301255516417,2.7143203883495146,95.58155339805826,0.0,48,960000,5,0.02020224928855896,0.0,0.0002640000000000004,42.08974752639429,1.2017870247554474,-0.010077775710711655,14.80940556526184,6.504034519195557,21.313441276550293,7.388591427570645e-08,-5.817413217812373e-09
43.833685933074264,3.005797101449275,134.69166666666666,0.0,49,980000,3,0.020039627328515053,0.0,0.0002632500000000004,35.21306601068336,1.0283473301460695,-0.002770710775938135,14.8922278881073,3.717111110687256,18.609339952468872,4.253387331232261e-08,4.136562203882477e-09
47.384722891669206,3.2740259740259745,138.34707792207791,0.0,50,1000000,6,0.021801868453621864,0.0,0.0002625000000000004,33.68031478639101,0.9207539792798451,-0.012540761593142097,14.800626993179321,7.652269124984741,22.452897310256958,-2.6059151281287996e-08,-2.40802755513414e-09
148.22567529194893,2.2454545454545456,554.6500000000001,0.0,51,1020000,1,0.02362210676074028,0.0,0.0002617500000000004,17.495875797332666,0.17897946921924052,0.012271411827030464,14.872926950454712,1.247377634048462,16.12030553817749,3.6239622858147413e-08,4.768371808516747e-10
238.09425436554977,1.6772727272727275,947.2772727272728,0.0,52,1040000,1,0.029451867565512657,0.0,0.00026100000000000044,17.675819387832007,0.08367170668400514,0.008566656966690725,14.940476894378662,1.2368299961090088,16.177308082580566,4.005432074905002e-08,8.583068700218632e-10
232.6311103143389,0.8611111111111113,783.2537037037038,0.0,53,1060000,2,0.022458648309111595,0.0,0.00026025000000000044,17.22937731925672,0.07950090454480709,0.0006650030313910672,14.832029819488525,2.483807325363159,17.31583833694458,-5.7125092212118034e-08,-2.336502102906479e-09
231.97773785415197,0.8370370370370371,733.8944444444444,0.0,54,1080000,5,0.021939070895314217,0.0,0.00025950000000000045,21.020430360434535,0.07605291462530153,-0.008020663649712602,14.881512641906738,6.297058582305908,21.178571939468384,-3.204345588869728e-08,2.0503998499066256e-09
280.1044305890685,0.8071428571428572,838.1714285714285,0.0,55,1100000,1,0.023533908650279045,0.0,0.00025875000000000046,16.346972922547558,0.034343288890041485,0.004363787405121441,14.839277505874634,1.3836884498596191,16.222968101501465,9.441375681262798e-09,2.145767119543507e-09
354.29649834603316,0.6325000000000001,981.1,0.0,56,1120000,1,0.023587463423609734,0.0,0.00025800000000000047,13.857699956375951,0.040139027677785856,0.005938119332368572,14.995899677276611,1.2740395069122314,16.26994013786316,-3.862380992813996e-08,1.6689301052252858e-09
374.4846521377444,0.9214285714285715,986.6666666666663,0.0,57,1140000,5,0.021576568484306335,0.0,0.0002572500000000005,18.881418025836396,0.0690230583908935,-0.008758188554862389,14.99407410621643,6.489476442337036,21.483551740646362,-9.53674295089968e-09,5.364417798858767e-10
367.4488053753751,0.9695652173913042,874.932608695652,0.0,58,1160000,3,0.020175127312541008,0.0,0.0002565000000000005,16.226129318070743,0.055757709383107604,-0.0042979152510150935,14.874990940093994,3.8882079124450684,18.763200759887695,7.724762163263676e-09,-3.8146971692576415e-10
401.89397490934334,0.6113636363636362,913.4931818181817,0.0,59,1180000,4,0.021547909826040268,0.0,0.0002557500000000005,17.8531375098914,0.02715098168462896,-0.007609767794680481,14.838943004608154,4.998614311218262,19.837558269500732,-5.273819070339414e-08,2.1755695855940616e-10
435.24506458184317,0.485,961.1850000000001,0.0,60,1200000,5,0.02097148820757866,0.0,0.0002550000000000005,15.752580297793063,0.02411716904717322,-0.007613977144796627,14.888346672058105,6.242112874984741,21.130460262298584,-9.059905714536853e-09,-3.8146971692576415e-10
488.6331619241829,1.1619047619047622,983.8000000000003,0.0,61,1220000,5,0.02176414616405964,0.0,0.0002542500000000005,20.768084114732833,0.05668819004628129,-0.008962416272170056,14.851496458053589,6.216924428939819,21.068421602249146,-2.2125243859250077e-08,2.2649765396565158e-10
474.7679375579589,0.5238095238095237,923.1523809523811,0.0,62,1240000,1,0.021502027288079262,0.0,0.0002535000000000005,20.223560511494597,0.015704581281914116,0.007081783293320919,14.889532804489136,1.2859065532684326,16.175440311431885,-5.7220459481754915e-09,2.861023085110048e-10
460.87362471968,0.21304347826086953,881.1173913043477,0.0,63,1260000,3,0.020057227462530136,0.0,0.00025275000000000053,20.635290764899047,0.015052647714694532,-0.0027021258767928307,14.838696479797363,3.6787211894989014,18.517418384552002,1.0871887390351276e-08,-4.3809414429496485e-10
512.1385400718756,0.22142857142857147,936.9476190476188,0.0,64,1280000,5,0.020164139568805695,0.0,0.00025200000000000054,14.373004512969679,0.00950031299739124,-0.007039269685191802,14.73470401763916,6.371597051620483,21.10630226135254,4.181861967822442e-08,-2.3841859042583735e-10
518.1696598812229,1.2454545454545451,904.0,0.0,65,1300000,4,0.022112783044576645,0.0,0.00025125000000000055,22.841023567766428,0.09749320779477778,-0.0047954008537017334,14.789933443069458,5.018465757369995,19.80840015411377,-8.296966669263384e-09,1.8119812317252126e-09
595.0134860598852,0.888095238095238,964.259523809524,0.0,66,1320000,3,0.024081913754343987,0.0,0.00025050000000000056,24.1040223383675,0.011253452764603848,-0.0021631498909104097,14.83899450302124,3.6816158294677734,18.52061128616333,3.1709671333146616e-08,5.960464760645934e-11
588.3720448776307,0.2857142857142857,966.1690476190475,0.0,67,1340000,5,0.020775310695171356,0.0,0.00024975000000000057,22.589463594698678,0.01272594781053928,-0.005840937239519609,14.942136287689209,6.0665202140808105,21.008657693862915,1.2540817273531957e-08,1.072883587527329e-10
582.2095413246548,0.5227272727272727,935.1431818181816,0.0,68,1360000,1,0.02002301625907421,0.0,0.0002490000000000006,23.135461554359704,0.030279283469078686,0.006721329232588553,14.88924264907837,1.2498254776000977,16.139068841934204,2.0408631229429375e-08,-4.887580895562849e-10
609.6968233868729,1.2,905.1880952380951,0.0,69,1380000,2,0.02113294042646885,0.0,0.0002482500000000006,24.783051724631946,0.02679216247401572,0.002916304186319772,14.93338942527771,2.418973684310913,17.35236406326294,1.3971328982620435e-08,1.430511542555024e-10
662.5427451141402,0.7357142857142858,968.5833333333334,0.0,70,1400000,1,0.021420300006866455,0.0,0.0002475000000000006,24.73512703008926,0.018515223963037373,0.008557346720879261,15.085142135620117,1.235227108001709,16.320370197296143,-2.1362303925798187e-08,4.470348397012103e-11
638.2678252985559,0.3772727272727272,930.6022727272725,0.0,71,1420000,3,0.02050759270787239,0.0,0.0002467500000000006,26.54589966539377,0.0035402729472044274,-0.00224671033568109,14.78515887260437,3.7189455032348633,18.504106044769287,1.840591501434119e-08,1.8328427664471292e-10
596.9113181148274,0.762,825.9459999999999,0.0,72,1440000,4,0.022392364218831062,0.0,0.0002460000000000006,34.83862490395007,0.027695626890199027,-0.004058397067829776,14.774439811706543,4.970140695571899,19.74458146095276,-1.845359776098121e-08,-7.15255771277512e-11
675.4005347151435,0.37826086956521726,873.8282608695655,0.0,73,1460000,3,0.02405390702188015,0.0,0.0002452500000000006,24.93356791548074,0.0036002847759541087,-0.0008029808326008411,14.76268482208252,3.763062000274658,18.525748014450073,5.531310964812519e-09,3.1590460802810583e-10
657.3115977990515,1.5454545454545454,862.1613636363636,0.0,74,1480000,1,0.02143249288201332,0.0,0.00024450000000000063,38.52502307343407,0.12774581273425573,0.005553088237207157,14.793643712997437,1.2275395393371582,16.02118420600891,-7.414817648765393e-09,3.4689904282458883e-09
720.0718906426895,1.0043478260869565,886.8304347826089,0.0,75,1500000,1,0.023278793320059776,0.0,0.00024375000000000064,37.75043237095062,0.03225688304612264,0.009078177376486623,14.787960529327393,1.2364749908447266,16.024436712265015,-1.8548965030618092e-08,-2.205371857355587e-10
700.3724881422634,1.0954545454545457,880.7545454545453,0.0,76,1520000,2,0.025107210502028465,0.0,0.00024300000000000062,31.201951858715507,0.0233023719538149,0.0037105113577347595,14.810009479522705,2.4993698596954346,17.309380531311035,-1.6403198799253005e-08,-4.1723252630632146e-10
751.6210973743648,0.9375,971.0424999999999,0.0,77,1540000,1,0.02229490503668785,0.0,0.0002422500000000006,25.872743798521,0.02243583583378623,0.010834333120872038,14.76956295967102,1.2441601753234863,16.013723850250244,-1.6117095213985522e-08,4.827976352039798e-10
827.6025718291878,0.8524999999999998,1000.0,0.0,78,1560000,1,0.02081684209406376,0.0,0.00024150000000000058,29.80787719476718,0.02711701558749623,0.006945444409327861,14.81670594215393,1.238828182220459,16.055535316467285,-1.1301040991895661e-08,-8.344649971014917e-11
870.3011283771509,1.4674999999999998,993.8874999999998,0.0,79,1580000,1,0.02104397490620613,0.0,0.0002407500000000006,31.1189060592042,0.026469651299838227,0.008189092714565631,14.673478841781616,1.2494511604309082,15.92293095588684,-4.577636758540393e-08,-4.768371461572052e-11
826.9937265252006,0.9113636363636366,945.7727272727271,0.0,80,1600000,1,0.023427564650774002,0.0,0.0002400000000000006,32.109098690386396,0.016130877290882122,0.00816165474942698,14.88553261756897,1.2565829753875732,16.14211654663086,1.7261506002341775e-08,1.7285346765039122e-10
822.9596959207291,0.9749999999999998,965.456818181818,0.0,81,1620000,4,0.0227313544601202,0.0,0.00023925000000000058,36.69794453675755,0.04390547068223518,-0.002786884686690919,14.955404996871948,4.932692766189575,19.88809847831726,-1.280307770912259e-08,-8.463859613172531e-10
839.2691726447167,1.6181818181818186,878.6590909090909,0.0,82,1640000,1,0.02309446968138218,0.0,0.00023850000000000057,45.50443476838426,0.041643885313161315,0.008872250937068234,14.796728372573853,1.2409512996673584,16.037680625915527,3.0040741005876725e-09,1.3113021779531664e-10
995.3735155961831,1.3199999999999998,948.6899999999999,0.0,83,1660000,1,0.021555220708251,0.0,0.00023775000000000057,37.03924970352612,0.04652362238815108,0.011113139110417983,14.709239482879639,1.24837064743042,15.957611083984375,6.675720420901143e-09,8.583068700218632e-10
908.4709987173853,1.3068181818181817,943.168181818182,0.0,84,1680000,3,0.02307785116136074,0.0,0.00023700000000000058,36.16139521512488,0.01739607822470847,-0.0005115388160625014,14.862668752670288,4.000024080276489,18.862693786621094,1.5258788677030566e-09,-4.649162166359133e-10
783.9097435009816,1.2880952380952384,908.2571428571431,0.0,85,1700000,4,0.022069314494729042,0.0,0.00023625000000000057,33.55751310407925,0.08534391406213511,-0.0019418922905325175,14.619770050048828,5.1761369705200195,19.795908212661743,2.813339339269305e-09,1.9669532669297496e-10
928.3593135430508,2.1404761904761904,966.0357142857141,0.0,86,1720000,4,0.02233198657631874,0.0,0.00023550000000000057,46.18525722765694,0.05191714518027345,-0.0019394881958618,14.913862943649292,4.933511972427368,19.847375631332397,2.38418573772492e-09,2.98023217215615e-10
1008.5859063649132,2.0900000000000007,984.9024999999999,0.0,87,1740000,1,0.03246608376502991,0.0,0.00023475000000000058,39.07766910711416,0.045079922633090866,0.013150773097436648,14.74385690689087,1.2770090103149414,16.020867824554443,1.592636067471176e-08,-3.576278717609682e-10
1134.1953271367775,4.0,967.6928571428571,0.0,88,1760000,2,0.020238403230905533,0.0,0.00023400000000000056,54.57817303867767,0.22561888279506384,0.0035452083509695084,14.784446477890015,2.461270809173584,17.245718479156494,-7.534026735811494e-09,-5.7935714004031524e-09
1053.2855403103529,4.1725,966.4549999999997,0.0,89,1780000,1,0.022256288677453995,0.0,0.00023325000000000057,43.3524574334629,0.12223905953504265,0.011038614554515186,14.766035318374634,1.267885684967041,16.03392195701599,8.630753001170888e-09,-1.865625431918261e-09
1024.6020513083608,3.552272727272728,988.2613636363636,0.0,90,1800000,2,0.02137012965977192,0.0,0.00023250000000000058,52.23816039844062,0.11244037314898338,0.0035388266501097253,14.84031057357788,2.4875872135162354,17.327898502349854,-2.38418573772492e-09,6.43730180271973e-10
1041.6345898209245,3.3347826086956522,892.2347826086959,0.0,91,1820000,1,0.025814257562160492,0.0,0.0002317500000000006,65.87636514365101,0.1088872528620088,0.009260622500337826,14.836503028869629,1.2352054119110107,16.071709394454956,2.0980834847250662e-08,-2.717971847587819e-09
1069.5111175436211,5.321428571428571,892.0952380952381,0.0,92,1840000,1,0.02543785236775875,0.0,0.0002310000000000006,52.526590773853634,0.28801146055610416,0.011480967905863334,14.706220149993896,1.2483634948730469,15.95458459854126,-9.727478378351861e-09,4.053115898461357e-10
1116.9036498717949,4.665217391304348,929.6413043478259,0.0,93,1860000,1,0.025056995451450348,0.0,0.00023025000000000058,73.40737953429786,0.08414179741586454,0.006606545373678398,14.833740234375,1.2502977848052979,16.084039211273193,4.529952857268427e-09,-1.2278557059985928e-09
1003.9390017691701,3.1674999999999995,913.8225,0.0,94,1880000,1,0.023850690573453903,0.0,0.0002295000000000006,41.4294476463391,0.09628406508019366,0.009437049989002392,14.74770712852478,1.240382194519043,15.98809027671814,-1.046657605030532e-08,3.218650901359865e-10
1051.394216199488,3.2833333333333337,961.8809523809525,0.0,95,1900000,1,0.02191285789012909,0.0,0.0002287500000000006,51.558251524123904,0.11063361376488266,0.009810925944865987,14.69342041015625,1.255037784576416,15.948458909988403,2.8610229740877458e-09,-2.2649764286342133e-09
1053.3768505222233,4.880952380952381,919.807142857143,0.0,96,1920000,4,0.021309716627001762,0.0,0.0002280000000000006,61.32602480653757,0.2084403782469271,-0.0021787815325232905,14.66803526878357,4.909192800521851,19.577228784561157,2.956390465769232e-09,-2.8371811566785254e-09
1216.3635888444517,7.986363636363637,954.4568181818181,0.0,97,1940000,1,0.024394290521740913,0.0,0.00022725000000000062,52.59379525839711,0.16066131270386444,0.014115692238314465,14.703316926956177,1.2376296520233154,15.940947532653809,1.1444092340440193e-09,3.337859988405967e-10
1057.3706893843857,4.4725,953.2850000000001,0.0,98,1960000,1,0.02521863952279091,0.0,0.0002265000000000006,58.96846558872503,0.22310524080662777,0.011927120461940955,14.77804970741272,1.2591383457183838,16.03718900680542,-9.346008411625917e-09,-1.7642974858844696e-09
1279.0690633750883,6.967500000000001,984.9400000000002,0.0,99,1980000,1,0.030805770307779312,0.0,0.00022575000000000058,41.35799782725569,0.2711421285990995,0.01431573539624175,14.93371319770813,1.3084826469421387,16.242197036743164,2.0980834847250662e-08,-8.106231796922714e-10
1313.602225434299,8.514285714285714,963.8547619047617,0.0,100,2000000,1,0.02482629008591175,0.0,0.00022500000000000056,49.970493182587546,0.20567202118758005,0.011233806404799889,14.74197793006897,1.2771503925323486,16.019129276275635,-1.0108947456899386e-08,-2.40802755513414e-09
435.5004842504829,4.9398437500000005,418.49609375,0.0,101,2020000,13,0.020725052803754807,0.0,0.00022425000000000057,258.69176623404655,0.5473372416722303,-0.014499290950887471,14.584882736206055,16.31555724143982,30.90044069290161,-2.1934509319976314e-08,2.169609158997332e-09
281.577305724436,4.722794117647059,298.54411764705884,0.0,102,2040000,3,0.022665992379188538,0.0,0.00022350000000000058,283.48410840181754,0.5174951888660526,-0.0010064315820495669,14.651203870773315,3.7171759605407715,18.368381023406982,-1.6689301052252858e-09,-4.744529658040619e-09
309.1615552074924,4.684745762711864,320.67881355932207,0.0,103,2060000,2,0.02536962181329727,0.0,0.00022275000000000056,227.3611270490165,0.5414875010355783,0.005324324784493937,14.50065803527832,2.498441219329834,16.99910044670105,-1.2397766369076635e-08,-3.0994415367580075e-10
298.0571540154075,4.594202898550725,318.44492753623183,0.0,104,2080000,1,0.029938891530036926,0.0,0.00022200000000000057,217.92130123540616,0.6814249874875188,0.011463970169067954,14.657368183135986,1.2429909706115723,15.900360107421875,6.484985437538171e-09,8.821487429422348e-10
363.66475225238054,4.6625,381.8729166666667,0.0,105,2100000,1,0.028312668204307556,0.0,0.00022125000000000055,165.92096021609566,0.38757917146903637,0.014399517379617824,14.633947134017944,1.245964765548706,15.879913091659546,-8.106231796922714e-10,3.8146971692576415e-10
379.38390931468217,6.113461538461539,375.2432692307693,0.0,106,2120000,1,0.03183111175894737,0.0,0.00022050000000000056,148.52783857595426,0.5147444343985841,0.010994537397266958,14.823653221130371,1.2261061668395996,16.049760818481445,-2.956390465769232e-09,-1.120567283408036e-08
438.4905677523766,6.501136363636365,435.95795454545464,0.0,107,2140000,1,0.031849589198827744,0.0,0.00021975000000000057,143.42157372422872,0.5521940354007883,0.008438405199958303,14.74738335609436,1.260087490081787,16.007471561431885,1.8119812317252126e-09,1.239776614703203e-09
461.403509893506,6.905952380952381,485.8119047619047,0.0,108,2160000,1,0.025510117411613464,0.0,0.00021900000000000055,107.44067387078135,0.5237854073603694,0.015541312567437418,14.795557737350464,1.2437574863433838,16.039316177368164,-2.2888184680880386e-09,2.1219253021342865e-09
549.0048725126665,6.766249999999999,489.71750000000003,0.0,109,2180000,1,0.020125392824411392,0.0,0.00021825000000000053,142.63927006340637,0.5885856783332916,0.011983810494037957,14.70436978340149,1.3388757705688477,16.04324722290039,3.290176353587526e-09,2.6226043559063328e-09
536.2429124651148,6.335526315789474,520.1578947368423,0.0,110,2200000,1,0.02520058862864971,0.0,0.00021750000000000054,122.44025584455497,0.3966380450338982,0.01292740676801997,14.599839448928833,1.250087022781372,15.8499276638031,-9.536742923144104e-11,1.430511542555024e-10
584.1434535414483,6.811428571428571,548.5528571428572,0.0,111,2220000,1,0.03557199984788895,0.0,0.00021675000000000055,109.06651395121321,0.43134087655014886,0.012731067806529923,14.839284181594849,1.2495722770690918,16.088857412338257,3.528594971768939e-09,-2.6702879907247734e-09
635.310900162268,7.264285714285713,577.0685714285714,0.0,112,2240000,1,0.029097191989421844,0.0,0.00021600000000000053,119.78594457608061,0.49591807028451285,0.013669974789523278,14.743959665298462,1.2491636276245117,15.99312424659729,-1.2111663671987571e-08,-3.528594971768939e-09
606.7153444224249,6.21,553.3700000000001,0.0,113,2260000,1,0.02660302072763443,0.0,0.00021525000000000054,105.14559563584983,0.3521257940406045,0.009970873052748247,14.645077466964722,1.259018898010254,15.90409779548645,7.20024129208241e-09,-3.433227480087453e-09
670.8064114959042,5.722972972972973,618.4756756756757,0.0,114,2280000,1,0.02672339230775833,0.0,0.00021450000000000055,137.72249811068892,0.4061033029478198,0.007970273343715282,14.63996171951294,1.2203330993652344,15.860295534133911,-4.1961669694501325e-09,8.583068700218632e-10
623.7081116882304,7.06969696969697,523.3242424242424,0.0,115,2300000,1,0.023043738678097725,0.0,0.00021375000000000053,105.13219510404447,0.35963454652137267,0.012483127192019845,14.73642086982727,1.255497932434082,15.991919755935669,8.320808042583394e-09,-3.123283409678379e-09
618.795805643485,5.665384615384616,540.7628205128203,0.0,116,2320000,1,0.021747808903455734,0.0,0.00021300000000000054,145.62868348021095,0.5354742354954394,0.008924839268334376,14.7946195602417,1.2459056377410889,16.040525913238525,-7.796287171402128e-09,-1.5258788677030566e-09
714.7907411707259,7.279166666666667,567.0625,0.0,117,2340000,1,0.027625756338238716,0.0,0.00021225000000000055,136.64827189582604,0.4128096335993026,0.010658910350737195,14.751098871231079,1.3104827404022217,16.061582326889038,-7.534026735811494e-09,2.199411319736555e-09
717.3369669093704,6.949999999999999,591.2903225806452,0.0,118,2360000,1,0.03598105534911156,0.0,0.00021150000000000053,109.99746083146847,0.3950057073999137,0.012021090150974429,14.723781824111938,1.2619197368621826,15.985702514648438,-1.039505015398845e-08,-1.0490417423625331e-09
764.9187219466337,7.375757575757575,604.678787878788,0.0,119,2380000,2,0.020026592537760735,0.0,0.00021075000000000054,120.20075981457012,0.3639602997063543,0.0034975676158347877,14.697897911071777,2.494065523147583,17.191964626312256,3.910064716450279e-09,2.0980834847250662e-09
728.4277943138231,5.661764705882354,620.6985294117649,0.0,120,2400000,1,0.024011408910155296,0.0,0.00021000000000000055,128.78204592500632,0.34494274260755925,0.009405072065837943,14.870198011398315,1.2324562072753906,16.102655172348022,8.583068700218632e-10,3.290176353587526e-09
806.1730812875867,7.235,627.8233333333334,0.0,121,2420000,1,0.026331603527069092,0.0,0.00020925000000000056,107.987069724086,0.4070601061986277,0.007874278696819236,14.640408277511597,1.2615318298339844,15.901941299438477,6.38961772381208e-09,-2.479553229406406e-09
849.010715935259,9.433928571428572,677.1071428571429,0.0,122,2440000,1,0.025554217398166656,0.0,0.00020850000000000054,107.79329351114389,0.48544427707267646,0.010430717961297343,14.713419914245605,1.2350139617919922,15.948434591293335,1.3256072683986986e-08,2.622604355906333e-10
903.4931745616968,11.984375,686.85,0.0,123,2460000,1,0.02633635886013508,0.0,0.00020775000000000055,132.73056893150647,0.6269077779100345,0.009533035365817026,14.507161140441895,1.253490686416626,15.760653257369995,2.00271599304358e-09,-4.148483334631692e-09
909.8060216575929,11.429166666666665,733.2958333333332,0.0,124,2480000,1,0.02797902189195156,0.0,0.00020700000000000053,90.74979244024989,0.5303976248961668,0.010735782055249705,14.693024635314941,1.255195140838623,15.94822072982788,9.155273872352154e-09,4.267692421677793e-09
988.6871825268171,11.146153846153847,771.1788461538462,0.0,125,2500000,1,0.021570943295955658,0.0,0.00020625000000000051,107.80528460980985,0.44980160508769007,0.008907393454172359,14.718583345413208,1.241454839706421,15.960039138793945,-5.4836273299940785e-09,3.1709670444968197e-09
1009.3907374731956,9.95185185185185,749.0018518518517,0.0,126,2520000,1,0.02063010074198246,0.0,0.0002055000000000005,115.32099838378711,0.5485734208085286,0.007098968292529971,14.488429069519043,1.2305727005004883,15.719002723693848,4.291534239087014e-09,7.152557435219364e-10
1021.258445047378,12.1359375,705.9984374999999,0.0,127,2540000,1,0.02289126254618168,0.0,0.00020475000000000048,165.82997252004216,0.6248087614965134,0.0069762955854138055,14.41018271446228,1.2189598083496094,15.629143238067627,3.528594971768939e-09,1.19209286886246e-09
952.8070798908233,11.836666666666668,641.9416666666665,0.0,128,2560000,2,0.021675731986761093,0.0,0.00020400000000000049,136.83684617185745,0.5664570104247465,0.004011717672569874,14.640149593353271,2.41064715385437,17.050797700881958,-2.38418573772492e-09,4.291534239087014e-09
924.9515141429807,11.009677419354837,637.0306451612903,0.0,129,2580000,3,0.02103468030691147,0.0,0.0002032500000000005,145.28832112028957,0.6028321669918025,0.0010887308564945595,14.687609672546387,3.6008946895599365,18.28850531578064,-6.5207479416073966e-09,1.19209286886246e-09
918.8649182387311,11.834482758620691,642.7758620689655,0.0,130,2600000,2,0.02064436301589012,0.0,0.0002025000000000005,138.2449612449914,0.6062907555970711,0.005200458342393938,14.640605926513672,2.429553747177124,17.070160388946533,-3.6239624634504253e-09,-5.197525076994225e-09
1094.2620535395572,11.233333333333334,754.474074074074,0.0,131,2620000,1,0.02463206835091114,0.0,0.0002017500000000005,134.43449930184946,0.5088337627462686,0.012084738462984848,14.733856678009033,1.2669496536254883,16.00080704689026,7.677078528445236e-09,-1.8119812317252126e-09
1146.9360056120054,16.890384615384615,738.4076923076924,0.0,132,2640000,1,0.030256954953074455,0.0,0.00020100000000000052,116.34898645809284,1.005899310588075,0.012409786370913155,14.702184200286865,1.2555558681488037,15.957740783691406,2.2268295651883818e-08,-6.43730180271973e-09
1081.988673597238,14.121666666666668,679.2583333333334,0.0,133,2660000,1,0.020991606637835503,0.0,0.00020025000000000053,152.21998004486767,0.6683495824519818,0.009016584691267234,14.684847593307495,1.2486953735351562,15.933543682098389,-3.3378602104505717e-09,7.3909758313561724e-09
1126.6779970058444,13.829629629629629,733.8777777777781,0.0,134,2680000,1,0.02310166507959366,0.0,0.00019950000000000054,137.55801766977524,0.6490885868620949,0.010327414323846562,14.714617729187012,1.256620168685913,15.971238851547241,-1.6212463593845428e-09,-2.2888184680880386e-09
1172.9488548690952,13.812000000000001,807.4960000000001,0.0,135,2700000,1,0.023294879123568535,0.0,0.00019875000000000052,104.35595690937468,0.6433538916392829,0.011016231012372925,14.753843069076538,1.2502272129058838,16.00407123565674,-2.0980834847250662e-09,1.6689301052252858e-09
1149.383314939221,18.605357142857144,754.1999999999999,0.0,136,2720000,4,0.022084319964051247,0.0,0.00019800000000000053,147.75150311259796,0.7944593108452547,-0.001398127858925718,14.713698387145996,4.965222358703613,19.678921699523926,-1.5735626135437997e-09,6.151199549719877e-09
1115.7245854176374,18.910714285714285,723.3339285714286,0.0,137,2740000,2,0.025721408426761627,0.0,0.00019725000000000054,142.00420235825803,0.8883566442674722,0.00922540724746133,14.670878171920776,2.4715797901153564,17.14245867729187,7.104873578356319e-09,-7.295608561719291e-09
980.7005244226812,18.903030303030302,640.0666666666668,0.0,138,2760000,1,0.021365666761994362,0.0,0.00019650000000000052,186.49685157069,1.0210624959903023,0.007338976841598463,14.759801626205444,1.2441577911376953,16.003960132598877,-1.00135799652179e-09,-6.628036341993493e-09
920.2950606015188,17.7015625,591.20625,0.0,139,2780000,1,0.024692075327038765,0.0,0.00019575000000000053,214.57542774090751,1.2451119826624568,0.005842619926665728,14.613669395446777,1.2411422729492188,15.854812383651733,-1.2516975234078132e-09,-1.287460360543946e-08
1081.552559394651,21.27,710.3059999999999,0.0,140,2800000,1,0.02413950487971306,0.0,0.0001950000000000005,121.60507299039311,0.9289323148636011,0.01361475017713234,14.576509475708008,1.2707514762878418,15.847262620925903,-6.580352707175052e-09,1.8024444159436825e-08
1157.1067540145586,22.916666666666664,723.5216666666664,0.0,141,2820000,4,0.026181869208812714,0.0,0.00019425000000000052,181.37908006247622,1.3063811313706084,-0.0005170194121202627,14.554686784744263,4.954754114151001,19.50944185256958,8.487701208537146e-09,-1.5735626135437997e-09
994.9316169691963,17.73787878787879,602.1060606060606,0.0,142,2840000,1,0.021776115521788597,0.0,0.00019350000000000053,214.18251492801946,1.180760883009091,0.010494789031271736,14.559247255325317,1.2408297061920166,15.80007791519165,2.813339339269305e-09,-4.744529658040619e-09
1248.3768556508587,20.849999999999998,719.219642857143,0.0,143,2860000,1,0.03688421472907066,0.0,0.00019275000000000054,185.8309343356294,1.2184842786849879,0.011020613236192125,14.46455693244934,1.2442023754119873,15.708760261535645,-9.536743617033494e-10,6.9141385949933465e-09
1126.9550790809549,21.03620689655172,660.0396551724137,0.0,144,2880000,1,0.03190279379487038,0.0,0.00019200000000000055,181.58875734737506,1.053467674948537,0.0085808639727033,14.69579529762268,1.2476236820220947,15.943419694900513,-7.629394338515283e-10,-8.201599399626502e-09
1187.6876476957725,21.453448275862073,719.2258620689655,0.0,145,2900000,1,0.034266628324985504,0.0,0.00019125000000000056,161.89543635700457,0.9162890819695811,0.01259112659210976,14.603566408157349,1.2377779483795166,15.84134578704834,-2.5272368642248466e-09,2.956390465769232e-09
1153.956780446767,20.988709677419354,696.9435483870969,0.0,146,2920000,1,0.02138732746243477,0.0,0.00019050000000000056,186.61784010573317,1.1044428711310743,0.008699546765964537,14.501466751098633,1.247600793838501,15.74906849861145,7.629394338515283e-10,-7.486343100993054e-09
1101.673987969846,20.2,654.5133333333332,0.0,147,2940000,1,0.0237649604678154,0.0,0.00018975000000000057,196.45815171068088,1.0076055055418716,0.01163963060945082,14.471105575561523,1.2294185161590576,15.700524806976318,3.0994415922691587e-09,-3.433227480087453e-09
1009.8853800271845,17.928333333333335,594.3233333333334,0.0,148,2960000,1,0.02539278380572796,0.0,0.00018900000000000058,182.48602330875093,0.8979023697848518,0.014362848865183683,14.546775341033936,1.2415902614593506,15.788366556167603,1.0490417423625331e-09,-7.152557435219364e-10
1236.5542278049077,21.483333333333338,732.875,0.0,149,2980000,1,0.034805022180080414,0.0,0.0001882500000000006,192.05960135414196,1.1130718939220563,0.008801894403767947,14.690438985824585,1.2357463836669922,15.926186561584473,-6.723404055719584e-09,-6.318092271584419e-09
1001.0042786649985,21.1625,595.478125,0.0,150,3000000,1,0.020953698083758354,0.0,0.0001875000000000006,245.03198584657127,1.4412483926207875,0.00732026089982579,14.664033889770508,1.355219841003418,16.01925492286682,3.826618133473403e-09,-2.861023085110048e-10
952.6488435980573,10.0,847.7,0.0,151,3020000,1,0.03573198989033699,0.0,0.0001867500000000006,40.80170609471135,0.07856397408123214,0.018512794622978845,15.183979272842407,1.2525577545166016,16.436538457870483,3.7956237264324955e-08,-1.8167495952070567e-08
721.1285062137288,0.2925,1000.0,0.0,152,3040000,1,0.029876206070184708,0.0,0.0001860000000000006,27.611180346613875,0.04460966796539843,0.013870828847487133,15.080963611602783,1.2395579814910889,16.32052254676819,1.1062621929625038e-08,-9.727478378351861e-09
773.896156254181,0.16499999999999998,1000.0,0.0,153,3060000,1,0.021305421367287636,0.0,0.0001852500000000006,32.1911386544712,0.03665848168583152,0.008588431978794619,15.179517269134521,1.25408935546875,16.43360733985901,3.3950804834148585e-08,-1.1587142800806305e-08
797.8096862290784,0.2824999999999999,1000.0,0.0,154,3080000,2,0.026992779225111008,0.0,0.00018450000000000058,27.88598783937887,0.02803586902150426,0.0063092318339683946,15.025016069412231,2.502882242202759,17.527899026870728,-1.840591501434119e-08,1.277923544762416e-08
816.7997348773501,0.17499999999999996,1000.0,0.0,155,3100000,1,0.025416681542992592,0.0,0.0001837500000000006,21.969499859185266,0.018241778081550766,0.011111672725171422,14.956352233886719,1.2487297058105469,16.205082654953003,-1.354217538107605e-08,4.5299530793130316e-10
865.533230974747,0.16249999999999998,1000.0,0.0,156,3120000,1,0.020470568910241127,0.0,0.00018300000000000057,17.841377767130208,0.016354219354213047,0.011572508529697458,14.88948106765747,1.2472443580627441,16.136726140975952,4.8542023733944006e-08,4.959106458812812e-09
919.7693949186307,0.33499999999999996,1000.0,0.0,157,3140000,1,0.02425532042980194,0.0,0.00018225000000000058,17.690610306712387,0.01983281156530205,0.008227517935462272,15.180182933807373,1.2485880851745605,16.42877221107483,9.536743617033494e-10,1.919269632111309e-09
966.282964846035,0.5000000000000001,1000.0,0.0,158,3160000,4,0.021166881546378136,0.0,0.0001815000000000006,17.335802251538528,0.010172187219025752,-0.002672085734887626,15.025224447250366,4.93151330947876,19.956738710403442,3.8146971692576415e-10,5.346536546824154e-09
997.9474399304081,0.27749999999999997,1000.0,0.0,159,3180000,2,0.02065754309296608,0.0,0.0001807500000000006,16.82590802637533,0.009327595135548148,0.0037955246856822946,14.810476541519165,2.495967149734497,17.30644464492798,-1.9550323582251394e-09,1.3113021779531664e-10
1045.10465522306,0.18250000000000002,1000.0,0.0,160,3200000,1,0.02030804753303528,0.0,0.0001800000000000006,15.486081077648809,0.0045796032971181806,0.006616967386557176,14.902904987335205,1.24031400680542,16.1432204246521,7.534026735811494e-09,-2.8014182640312413e-10
1041.7133447314188,0.17750000000000002,1000.0,0.0,161,3220000,4,0.02104954980313778,0.0,0.00017925000000000062,16.94818509120149,0.010025360630996252,-0.004175085089386652,14.895722150802612,4.965245962142944,19.860969305038452,-9.536742923144104e-11,-3.123283409678379e-09
1062.657836279976,0.475,1000.0,0.0,162,3240000,3,0.020742537453770638,0.0,0.00017850000000000063,17.097546180851037,0.006916044698730587,-0.0007853119582517015,14.907778263092041,3.6924829483032227,18.60026216506958,-2.00271599304358e-09,2.4437905032925755e-09
1105.1671874858337,0.4875,1000.0,0.0,163,3260000,3,0.027924280613660812,0.0,0.00017775000000000063,15.599822526287856,0.006282105199105967,-0.0020093659605509556,14.883485555648804,3.7099971771240234,18.593483448028564,1.273155181280572e-08,3.573298545944681e-09
1168.2323176745292,0.35749999999999993,1000.0,0.0,164,3280000,4,0.020705197006464005,0.0,0.00017700000000000064,19.12954930223215,0.00501057886096021,-0.0033401062804312943,14.860906600952148,4.906280517578125,19.76718783378601,9.441375681262798e-09,3.433227480087453e-09
1224.2647457088783,0.45,1000.0,0.0,165,3300000,2,0.025994043797254562,0.0,0.00017625000000000065,17.97313608833776,0.013108134407236929,0.0031946667718489806,14.801170110702515,2.4544949531555176,17.255666494369507,4.100799699813251e-09,6.22868534527754e-10
1224.776211518652,0.6499999999999999,1000.0,0.0,166,3320000,2,0.021091872826218605,0.0,0.00017550000000000066,14.840047344232138,0.003905411994905946,0.002688927686038299,14.858837127685547,2.4765472412109375,17.3353853225708,-2.6702879907247734e-09,-8.970498788229975e-10
1246.2237747718677,0.695,1000.0,0.0,167,3340000,3,0.022219248116016388,0.0,0.00017475000000000067,15.769942603553066,0.015371905759468386,0.0011369783785372687,14.831242084503174,3.68851900100708,18.51976203918457,-1.0871887390351276e-08,2.3841859042583735e-10
1216.0843876642684,0.7625,1000.0,0.0,168,3360000,2,0.02295428141951561,0.0,0.00017400000000000068,18.52458356592221,0.016769776646417534,1.060987596575635e-05,14.865590572357178,2.491093397140503,17.356684684753418,-1.993179310488813e-08,3.278255444882916e-10
1234.44211700887,1.330952380952381,998.104761904762,0.0,169,3380000,5,0.02300136163830757,0.0,0.0001732500000000007,26.97882998896102,0.03222092841156779,-0.005029140998975347,14.67586898803711,6.164355278015137,20.840225219726562,-5.62667867853861e-09,4.768371461572052e-11
1225.1936489217146,2.3150000000000004,962.1900000000002,0.0,170,3400000,3,0.022129325196146965,0.0,0.0001725000000000007,20.71194022811386,0.044189794529110385,-0.000667328002076116,14.72339653968811,3.688788652420044,18.41218614578247,-1.5640258865801115e-08,-2.1338462108388967e-09
1324.8275275613805,2.5375,995.1975000000002,0.0,171,3420000,4,0.023556850850582123,0.0,0.0001717500000000007,32.32874586330816,0.02432069744471797,-0.0032904416113681257,14.744490385055542,4.886838912963867,19.631330013275146,-3.3164024415555104e-08,-6.556510889765832e-10
1338.8110152684753,2.3,991.9150000000002,0.0,172,3440000,3,0.023212309926748276,0.0,0.0001710000000000007,26.14653389497052,0.05235556025614444,0.00012868114660818356,14.83519458770752,3.645480155944824,18.48067545890808,-7.772445798082117e-09,-4.768371808516747e-10
1359.9162743350887,3.7075000000000005,998.9875,0.0,173,3460000,1,0.023499704897403717,0.0,0.00017025000000000067,23.90072559320127,0.06817198127282027,0.01011384697482228,14.673365831375122,1.2294223308563232,15.902789115905762,3.6239624634504253e-09,-2.0980834847250662e-09
1346.4792745186692,3.7875000000000005,1000.0,0.0,174,3480000,2,0.025850368663668633,0.0,0.00016950000000000065,23.387967530150004,0.09096831460289967,0.004446439894314962,14.814250230789185,2.4596145153045654,17.273865699768066,3.9577483512687195e-09,-2.312660285497259e-09
1382.9264756960306,5.085,1000.0,0.0,175,3500000,5,0.02192091755568981,0.0,0.00016875000000000066,23.329625764365396,0.09318192290624205,-0.0032802232195989203,14.781069040298462,6.086626768112183,20.86769676208496,-3.02314759892397e-08,-1.39474864990774e-09
1423.9918483072745,5.1499999999999995,987.9714285714288,0.0,176,3520000,2,0.025718675926327705,0.0,0.00016800000000000064,32.26244846776652,0.09687876567458764,0.0018919036893275218,14.654924154281616,2.3918981552124023,17.046823263168335,-1.7166136956348055e-08,3.3378602104505717e-09
1339.6934014907097,4.0,970.53,0.0,177,3540000,1,0.023540407419204712,0.0,0.00016725000000000065,23.444814813022795,0.059680489237054275,0.008217913744310601,14.658326625823975,1.24770188331604,15.906029462814331,2.0503998499066256e-09,-1.6152859050322377e-09
1444.6177042911634,4.430000000000001,1000.0,0.0,178,3560000,2,0.02375994250178337,0.0,0.00016650000000000063,22.782685013243945,0.08718896362061698,0.004098180861855015,14.88541054725647,2.4473628997802734,17.33277416229248,-1.5544891596164234e-08,3.433227480087453e-09
1560.5959325420595,6.0725,1000.0,0.0,179,3580000,1,0.02052185870707035,0.0,0.00016575000000000064,25.442002439651244,0.1324946205979719,0.006997323922289256,14.729519605636597,1.2438714504241943,15.973392248153687,1.2111663671987571e-08,3.1471252270875993e-09
1531.2744360669094,5.987500000000001,1000.0,0.0,180,3600000,1,0.022301828488707542,0.0,0.00016500000000000065,29.000146155921033,0.13931514510212425,0.00574980335780226,14.810687780380249,1.227992057800293,16.038681030273438,-9.870529282807183e-09,3.6954879156780862e-09
1653.9633226284313,8.2925,1000.0,0.0,181,3620000,2,0.020755983889102936,0.0,0.00016425000000000066,25.088870478133423,0.18859776405813977,0.004675926645092976,14.55983853340149,2.651061773300171,17.210901260375977,-4.0435789827597546e-08,1.6927719226345062e-09
1567.3659205878107,8.37857142857143,968.1952380952382,0.0,182,3640000,3,0.021728402003645897,0.0,0.00016350000000000067,44.96604231244332,0.15996384375090925,-0.002320985972317961,14.682270526885986,3.7479870319366455,18.43025851249695,-1.6212463593845428e-09,3.3020972622921363e-09
1570.582643995993,9.072499999999998,985.595,0.0,183,3660000,2,0.023886874318122864,0.0,0.00016275000000000068,33.03291671954024,0.22901528677382407,0.0038912311008872506,14.56076955795288,2.46626353263855,17.027034044265747,9.63211022053656e-09,2.1219253021342865e-09
1663.5814070894314,10.3825,1000.0,0.0,184,3680000,1,0.023686343804001808,0.0,0.00016200000000000069,34.05280526377523,0.16481435605988334,0.006990413511761081,14.676453113555908,1.2225985527038574,15.899052858352661,7.724762163263676e-09,3.3855438452690123e-09
1733.1627166939938,9.429999999999998,1000.0,0.0,185,3700000,1,0.028652075678110123,0.0,0.00016125000000000067,25.036819729180383,0.16249390314824094,0.010193089731394673,14.56519627571106,1.220015287399292,15.785212755203247,3.108978319232847e-08,1.6689301052252858e-09
1755.2953654019498,9.9975,1000.0,0.0,186,3720000,1,0.022003579884767532,0.0,0.00016050000000000068,26.62126739794454,0.20346622756970956,0.008507166251230734,14.568614482879639,1.2652873992919922,15.833903074264526,7.104873578356319e-09,5.60283641704018e-09
1706.9574382306066,12.4275,1000.0,0.0,187,3740000,1,0.02190239541232586,0.0,0.00015975000000000068,28.41954656607046,0.22184255036016623,0.011972292263905842,14.714329242706299,1.2345247268676758,15.94885540008545,-2.3031235585335708e-08,4.863739189175931e-09
1769.5416856879006,13.8625,1000.0,0.0,188,3760000,1,0.0218691136687994,0.0,0.0001590000000000007,23.056668823900313,0.246379787167802,0.008136321272784339,14.679644584655762,1.2390520572662354,15.918697595596313,-2.4986267277427032e-08,-2.0503998499066256e-09
1831.9630045638091,13.63,1000.0,0.0,189,3780000,2,0.025837896391749382,0.0,0.00015825000000000068,24.964087253180555,0.22365992935225606,0.0030928251695054505,14.89013957977295,2.449066638946533,17.339207649230957,-2.7465819840699623e-08,-1.5735626135437997e-09
1859.4156978963788,16.560000000000002,1000.0,0.0,190,3800000,4,0.02097511664032936,0.0,0.00015750000000000066,27.22376915898186,0.3005840219616795,-0.0007509905852365513,14.596048355102539,5.158247709274292,19.75429677963257,8.058547606992761e-09,-2.2649764286342133e-09
1822.85603639571,17.42,1000.0,0.0,191,3820000,2,0.022535447031259537,0.0,0.00015675000000000067,23.580423818228724,0.3710360522872914,0.0035791414441725317,14.754560708999634,2.5079751014709473,17.26253652572632,1.6212463593845428e-09,1.00135799652179e-09
1851.6615772420173,18.305,1000.0,0.0,192,3840000,1,0.02421785518527031,0.0,0.00015600000000000065,32.47309397127682,0.3173074045072729,0.008610461942684918,14.723986148834229,1.2310540676116943,15.95504117012024,-2.3365020140886372e-08,-1.907348723406699e-09
1881.0249051690782,17.890000000000004,1000.0,0.0,193,3860000,1,0.02067062258720398,0.0,0.00015525000000000066,27.08105472101571,0.36024286666998084,0.007740689258570203,14.654618263244629,1.234217882156372,15.888837575912476,4.386901952813105e-09,4.76837147544984e-09
1832.2403479585487,17.055,1000.0,0.0,194,3880000,1,0.022600235417485237,0.0,0.00015450000000000064,25.102478542266944,0.23310291374358125,0.009636772943797488,14.556596994400024,1.243825912475586,15.800423860549927,-3.3378602104505717e-09,-6.675719976811934e-10
1911.9828273204766,17.275,1000.0,0.0,195,3900000,3,0.02348495088517666,0.0,0.00015375000000000065,29.799426037155655,0.3429533703940999,0.0008673973885365823,14.670780897140503,3.7118279933929443,18.382610082626343,1.430511542555024e-10,-1.2660026804667268e-08
1879.0676152995215,19.12,1000.0,0.0,196,3920000,1,0.02428269572556019,0.0,0.00015300000000000066,24.97852528666536,0.4043465792275846,0.010018520246143825,14.692299365997314,1.2340097427368164,15.926310062408447,-5.722046170220096e-10,5.340575981449547e-09
1968.847800460116,24.044999999999998,1000.0,0.0,197,3940000,1,0.021154727786779404,0.0,0.00015225000000000066,27.817705315903734,0.41235425920722585,0.008830644242382182,14.548871278762817,1.2290220260620117,15.777894020080566,1.0299682884351569e-08,-6.103515470812226e-09
1906.6765570737468,23.4975,1000.0,0.0,198,3960000,1,0.024918431416153908,0.0,0.00015150000000000067,34.0792633123672,0.443837809486511,0.00661087315827132,14.679221153259277,1.2476823329925537,15.926904439926147,-2.6154518550924877e-08,-1.3351439953623867e-09
1893.9414824134533,25.68,995.7000000000002,0.0,199,3980000,3,0.022443320602178574,0.0,0.00015075000000000068,45.879778427310896,0.47557588954703117,0.00076150469763623,14.691157817840576,3.672187328338623,18.363345861434937,8.106232129989621e-09,2.6226043559063328e-09
1992.7348043485908,28.942499999999995,1000.0,0.0,200,4000000,1,0.02103552594780922,0.0,0.0001500000000000007,25.093400620043088,0.5862234531404873,0.012420781464063035,14.592330932617188,1.227440595626831,15.819772243499756,-2.9420853309147788e-08,-1.4114379887075756e-08
1572.489582677281,16.7725,1000.0,0.0,201,4020000,4,0.020527809858322144,0.0,0.0001492500000000007,52.51234565832363,0.07374657263693671,-0.00225429275495628,14.710914373397827,4.962812662124634,19.673727989196777,-1.1444091896350983e-08,-1.8930435885522456e-08
1165.5782433423028,0.8825000000000001,977.7724999999997,0.0,202,4040000,4,0.021599072962999344,0.0,0.00014850000000000068,67.03644641900596,0.044208236412106514,0.00012083032195227214,14.831188201904297,4.932003498077393,19.763192415237427,-1.1444092340440193e-09,2.0968913716501447e-08
1127.5628531765929,1.015,996.0775,0.0,203,4060000,2,0.028704358264803886,0.0,0.00014775000000000066,55.6375416840989,0.06568545324150651,0.006688538984136697,14.657281160354614,2.4469451904296875,17.10422706604004,-1.0585784693262212e-08,1.7833709620163063e-08
1237.9005547319825,1.3000000000000003,990.3119047619044,0.0,204,4080000,2,0.024548223242163658,0.0,0.00014700000000000065,63.71977686501159,0.05142600675628256,0.005793285139943488,14.67990756034851,2.465205430984497,17.145113945007324,-9.536743617033494e-10,-1.3828277412031298e-09
1401.014958561407,2.4125,994.5224999999998,0.0,205,4100000,1,0.03585046902298927,0.0,0.00014625000000000065,42.355230075482744,0.09501202353916038,0.01179494933127024,14.57894515991211,1.2229034900665283,15.801849603652954,5.722046170220096e-10,4.804134423608275e-09
1482.4697712157413,2.5100000000000002,1000.0,0.0,206,4120000,1,0.027141815051436424,0.0,0.00014550000000000066,47.900074617550395,0.05601040237306501,0.008523190072693003,14.483942747116089,1.2318165302276611,15.715760231018066,1.5258788677030566e-09,-6.985664491310217e-09
1530.6499540462087,3.5449999999999995,972.2449999999997,0.0,207,4140000,1,0.022218596190214157,0.0,0.00014475000000000067,50.10083802744222,0.08323728220132641,0.009763787765377245,14.62437915802002,1.214073896408081,15.838454246520996,3.8862228990410586e-08,-5.00678998260895e-10
1570.4733122895827,3.1225,988.1049999999999,0.0,208,4160000,1,0.020210860297083855,0.0,0.00014400000000000065,43.992012712521294,0.04527919335713307,0.010186605321350522,14.825265169143677,1.211921215057373,16.037187576293945,-1.0585784693262212e-08,-5.7220459481754915e-09
1510.9784933823278,2.9250000000000003,1000.0,0.0,209,4180000,1,0.023738257586956024,0.0,0.00014325000000000064,50.68357924074411,0.08892050832093429,0.00811403855003012,14.654290437698364,1.2211315631866455,15.875422716140747,-2.2888184680880386e-09,2.074241667315846e-09
1642.2876439996667,4.9,1000.0,0.0,210,4200000,2,0.021713465452194214,0.0,0.00014250000000000064,52.28803563498841,0.11010345050874658,0.005182224329555044,14.63147497177124,2.444597005844116,17.076072931289673,-6.484985437538171e-09,-6.198883073516015e-10
1395.860700748714,4.357142857142857,998.0333333333334,0.0,211,4220000,2,0.020396515727043152,0.0,0.00014175000000000063,65.13600961697368,0.08535073083727218,0.0044565755307091216,14.650246858596802,2.4397683143615723,17.09001612663269,8.583068700218632e-10,1.3649463781462146e-09
1468.861068989413,5.2025,960.7650000000001,0.0,212,4240000,1,0.029740985482931137,0.0,0.0001410000000000006,51.10695977866078,0.15550043239308814,0.01009423119245103,14.455204486846924,1.2280080318450928,15.683213233947754,-2.2888184680880386e-09,-1.0251999249533128e-09
1623.8899751559998,6.32,1000.0,0.0,213,4260000,1,0.020263832062482834,0.0,0.0001402500000000006,51.94746284972364,0.15823899675458195,0.007841670232566116,14.52621841430664,1.258110523223877,15.784329891204834,1.9073485846288207e-10,-2.1100043934296764e-09
1532.3688882208348,8.2175,1000.0,0.0,214,4280000,1,0.027914056554436684,0.0,0.00013950000000000057,58.99439199892477,0.335342262868588,0.01055952182825143,14.690979957580566,1.2614824771881104,15.952463865280151,-1.6689301052252858e-09,7.152557435219364e-10
1592.099189820287,8.4925,1000.0,0.0,215,4300000,1,0.02807612530887127,0.0,0.00013875000000000058,50.446789479484195,0.1866280068628514,0.008999613100311723,14.670615911483765,1.225660800933838,15.896277666091919,-1.239776614703203e-09,2.956390465769232e-09
1655.9896764241144,10.455,1000.0,0.0,216,4320000,1,0.030735909938812256,0.0,0.0001380000000000006,45.00814468335039,0.2597360045503313,0.012381882202951387,14.496612548828125,1.2468881607055664,15.743501663208008,1.5640258865801115e-08,5.9604643443123e-10
1588.072219381367,6.657499999999999,1000.0,0.0,217,4340000,1,0.020183609798550606,0.0,0.00013725000000000057,64.72913115626326,0.16576007316811397,0.00660537039867034,14.634644746780396,1.2212939262390137,15.855939626693726,3.8146971692576415e-10,9.775161791125697e-10
1673.9926965557486,7.312500000000002,1000.0,0.0,218,4360000,1,0.025411318987607956,0.0,0.00013650000000000058,58.12591801360011,0.21622208327340622,0.010514838899226902,14.551634788513184,1.2414822578430176,15.793118000030518,8.583068700218632e-10,-2.0265579492306784e-10
1699.7912282502525,7.945238095238094,981.9642857142857,0.0,219,4380000,1,0.020715277642011642,0.0,0.0001357500000000006,59.68630379076583,0.15215277147535888,0.008222966730154265,14.676042556762695,1.2251145839691162,15.901157855987549,6.294250454175199e-09,-1.192092865393013e-11
1548.6819581037623,7.397500000000001,993.6875,0.0,220,4400000,1,0.022028151899576187,0.0,0.0001350000000000006,54.264266538162964,0.2719747379731637,0.008693654642116052,14.656901597976685,1.2490015029907227,15.905904054641724,5.197525076994225e-09,-1.8596648665436533e-09
1696.8546106117712,9.9525,978.3,0.0,221,4420000,2,0.030210988596081734,0.0,0.0001342500000000006,52.32439670318993,0.39473804380423344,0.007281729660648555,14.642682790756226,2.4487860202789307,17.091469526290894,-4.577636936176077e-09,-1.5258788677030566e-09
1798.2191251882948,10.8975,990.7,0.0,222,4440000,2,0.03920423611998558,0.0,0.0001335000000000006,49.46603521219077,0.23544583060799507,0.0038464890276721586,14.602095365524292,2.447357177734375,17.049453496932983,4.720687840631399e-09,2.0980834847250662e-09
1727.7850554145887,9.357499999999998,1000.0,0.0,223,4460000,1,0.02886740118265152,0.0,0.00013275000000000057,40.59225568984644,0.25405810956661695,0.010557712830853062,14.611544847488403,1.231618881225586,15.843164920806885,1.5258788677030566e-09,-5.00678998260895e-10
1919.6841163056401,10.7625,1000.0,0.0,224,4480000,3,0.025430185720324516,0.0,0.00013200000000000058,45.34687350073054,0.24180951191626163,-0.00010764759422713322,14.57797908782959,3.7329225540161133,18.31090259552002,8.678436635989328e-09,1.2516975234078132e-09
1777.187629102908,10.383333333333335,984.4857142857139,0.0,225,4500000,3,0.0212099589407444,0.0,0.00013125000000000056,54.01812924109836,0.24584486056218385,-0.0006768231020290186,14.533965587615967,3.6764025688171387,18.210369110107422,-6.628036341993493e-09,-1.1563301427486294e-09
1829.5991759765827,10.84,989.14,0.0,226,4520000,1,0.02392001822590828,0.0,0.00013050000000000057,45.43794457371624,0.35780907760317715,0.008540450821455103,14.557043075561523,1.2266957759857178,15.783739566802979,-1.2397766369076635e-08,7.39097616442308e-10
1967.9308724096913,13.882500000000002,1000.0,0.0,227,4540000,1,0.02051069401204586,0.0,0.00012975000000000055,32.24275337621427,0.23953888098747966,0.008311559553272998,14.473804950714111,1.2238616943359375,15.697667837142944,2.1886824796979454e-08,-2.312660285497259e-09
1829.2651417522266,10.971428571428573,995.5380952380954,0.0,228,4560000,2,0.021077152341604233,0.0,0.00012900000000000053,58.95449117197396,0.3308068500956693,0.0027194574479751598,14.529497146606445,2.441937208175659,16.97143530845642,-6.675719976811934e-10,7.152557435219364e-10
1743.5896998519627,11.9925,957.835,0.0,229,4580000,3,0.02028421312570572,0.0,0.00012825000000000054,47.59014444686353,0.5477363162448866,0.00291047854417453,14.555471181869507,3.6763360500335693,18.231807947158813,-4.577636936176077e-09,3.6239624634504253e-09
1863.5344511995395,15.560000000000002,1000.0,0.0,230,4600000,2,0.02189306542277336,0.0,0.00012750000000000055,47.85314149216722,0.3794484353079773,0.0037441037263506996,14.451148509979248,2.451714515686035,16.90286374092102,-2.1934509764065524e-09,1.7166137400437265e-09
1898.3338739313847,15.112500000000002,1000.0,0.0,231,4620000,4,0.021715454757213593,0.0,0.00012675000000000056,35.479112002796256,0.4196761076430829,-2.9686669158502318e-05,14.573902130126953,4.862526893615723,19.436429738998413,2.3841859042583735e-10,-4.0531160649948106e-09
2058.901782769494,20.61,1000.0,0.0,232,4640000,1,0.021688371896743774,0.0,0.00012600000000000054,26.903393714953534,0.6230738019695679,0.01056140262228898,14.545547723770142,1.2353057861328125,15.780854940414429,9.441375681262798e-09,2.5987625384971125e-09
1977.35549186492,22.1325,1000.0,0.0,233,4660000,1,0.020739715546369553,0.0,0.00012525000000000055,37.79241052450844,0.7297989153347838,0.006054630825153222,14.534663915634155,1.2372543811798096,15.771919250488281,1.0251999249533128e-09,7.629394893626795e-09
2027.0106540203076,26.560000000000002,1000.0,0.0,234,4680000,2,0.02285563014447689,0.0,0.00012450000000000053,40.67148033879435,0.8271787256573717,0.0029386867532512537,14.796138286590576,2.4946155548095703,17.290754795074463,8.058547606992761e-09,-7.534026735811494e-09
2077.2677465970987,30.4275,1000.0,0.0,235,4700000,1,0.021336009725928307,0.0,0.00012375000000000054,48.199387343165974,0.8800290877255388,0.005079319731841167,14.69399905204773,1.2405438423156738,15.934544086456299,-6.151199549719877e-09,1.4591217123438582e-08
2118.7458095414067,33.525,1000.0,0.0,236,4720000,2,0.0201058741658926,0.0,0.00012300000000000052,37.06593731036202,0.8553898300225742,0.0027309760664063045,14.555728673934937,2.486854076385498,17.04258370399475,-2.336502102906479e-09,5.769729582993932e-09
2085.187574919562,33.9525,1000.0,0.0,237,4740000,1,0.0206832904368639,0.0,0.00012225000000000053,36.4255037703834,1.1249639549004002,0.00841743236157698,14.531866788864136,1.2248013019561768,15.756669282913208,2.093315210061064e-08,3.051757735406113e-09
2144.7759866338747,41.1875,1000.0,0.0,238,4760000,2,0.020147595554590225,0.0,0.00012150000000000053,38.408094790035165,1.4801403127920132,0.0026943622366748395,14.567994117736816,2.458045721054077,17.02604055404663,9.965896552444065e-09,-2.160072298806881e-08
2218.2048503365136,49.830000000000005,1000.0,0.0,239,4780000,5,0.020605815574526787,0.03091947214028487,0.00012075000000000052,33.287751364174746,1.4314493773463435,-0.0010571187989899336,14.548034429550171,6.126185417175293,20.67422080039978,1.2111663671987571e-08,-2.2125243859250077e-08
2211.9150245885294,49.49999999999999,1000.0,0.0,240,4800000,7,0.022008193656802177,0.4465847485332707,0.00012000000000000052,31.41302518091589,1.9042010434628185,-0.003395359656226871,14.484048843383789,8.57504153251648,23.059091091156006,-1.282691997062102e-08,4.625320570994518e-09
2134.176033009235,48.05749999999999,991.1274999999998,0.0,241,4820000,1,0.023613853380084038,0.8315817611066074,0.00011925000000000051,49.63693722673118,1.7137341853528738,0.004415070281003992,14.623704671859741,1.2293469905853271,15.853052616119385,-2.38418573772492e-09,6.246566819356758e-09
2182.423241891612,45.197500000000005,995.2224999999999,0.0,242,4840000,2,0.024849221110343933,1.1617789230512772,0.00011850000000000051,32.22574368223977,1.3318264184954067,0.002261129242870897,14.477471351623535,2.5681114196777344,17.045583963394165,3.19480886190604e-09,1.00135799652179e-09
2113.8792953296456,31.252499999999998,1000.0,0.0,243,4860000,2,0.0200125053524971,1.2686562268987132,0.0001177500000000005,32.871524823740266,0.7300517605468869,0.0020490572155533603,14.650527715682983,2.450425148010254,17.10095500946045,-4.863739189175931e-09,3.2424927187690855e-09
2109.944173793673,25.3875,1000.0,0.0,244,4880000,4,0.021484145894646645,1.2801946655537777,0.0001170000000000005,39.62970958654873,0.5903289189663368,-0.0012440264962179164,14.539450645446777,4.941996335983276,19.48144769668579,-7.295608561719291e-09,-1.8644332300254973e-08
2136.0257316435827,23.172500000000007,1000.0,0.0,245,4900000,1,0.02203136682510376,1.2550836822760887,0.0001162500000000005,44.481504242260236,0.6268906371947676,0.002118115708344994,14.644230604171753,1.230762243270874,15.874993801116943,-4.720687840631399e-09,2.312660285497259e-09
2146.2994735513303,18.85,1000.0,0.0,246,4920000,1,0.020937982946634293,1.1617669981622845,0.00011550000000000049,20.071253243345804,0.5068095441157825,0.005756588035319655,14.553451299667358,1.2248144149780273,15.778266668319702,-4.863739189175931e-09,3.3855438452690123e-09
2166.8934576911656,17.89,1000.0,0.0,247,4940000,1,0.024045513942837715,1.0549473982541702,0.0001147500000000005,24.332180097841988,0.3778910743066678,0.0021392780240065755,14.549556493759155,1.4421098232269287,15.991668462753296,-2.813339339269305e-09,2.241134611224993e-09
2126.3274121720065,15.987499999999997,1000.0,0.0,248,4960000,2,0.022290347144007683,0.9168075283414616,0.0001140000000000005,20.987622967924175,0.3254578474897165,0.0012184886827904242,14.50758695602417,2.4412450790405273,16.948832988739014,-2.7656554824062596e-09,3.933906533859499e-09
2158.850913099958,19.38,1000.0,0.0,249,4980000,4,0.022322550415992737,0.8293309019243886,0.00011325000000000049,38.2479819482127,0.6205719853171144,-0.00034972672933153214,14.494838237762451,4.931585311889648,19.426424741744995,-5.865096852630813e-09,4.386901952813105e-09
2194.704100321972,21.672500000000003,1000.0,0.0,250,5000000,1,0.020231876522302628,0.7791168568281692,0.00011250000000000048,35.270675253944276,0.5414364489789207,0.003384284521140658,14.472344636917114,1.2303738594055176,15.702719449996948,5.7220459481754915e-09,8.77380390562621e-09
1895.853809908695,15.7225,1000.0,0.0,251,5020000,4,0.02147837169468403,0.6382460139867607,0.00011175000000000048,32.657371130995095,0.26999150486157153,-0.002640626420595716,14.510849952697754,4.760290861129761,19.271141529083252,-2.2196768867388528e-08,5.221366894403445e-09
1752.5146615266615,12.373809523809525,974.8428571428575,0.0,252,5040000,3,0.020764373242855072,0.45969247736911734,0.00011100000000000048,43.71182285203213,0.2686836895184776,-0.0011954745034765575,14.437374353408813,3.646188497543335,18.083564043045044,-1.1396408261532542e-08,-2.3436546925381663e-08
1867.018126867247,13.194999999999999,996.8050000000001,0.0,253,5060000,2,0.023675767704844475,0.3020960082625662,0.00011025000000000047,42.96404797429094,0.309642405757984,0.001446151248247812,14.344141721725464,2.4772424697875977,16.821385383605957,-1.1062621929625038e-08,7.510185362491484e-09
1945.110034680895,16.67,997.6600000000001,0.0,254,5080000,5,0.024232465773820877,0.19860186261134283,0.00010950000000000047,23.346098536652878,0.34956202347057697,-0.001187474551512458,14.336251020431519,6.05199122428894,20.388242959976196,-8.559227104854017e-09,2.5987625384971125e-09
1932.2176420358119,18.0075,1000.0,0.0,255,5100000,7,0.020141715183854103,0.11617992424268042,0.00010875000000000046,29.57543058843713,0.4395991518535825,-0.006710123260442163,14.427340984344482,8.462389945983887,22.889732360839844,2.9087066089061864e-09,-5.674362313357051e-09
1934.0954925129622,21.08,1000.0,0.0,256,5120000,3,0.021052584052085876,0.08047033279245108,0.00010800000000000046,32.36539579681949,0.4477417738642048,-0.0004903005452923818,14.340076684951782,3.669496536254883,18.00957465171814,4.673004205812958e-09,0.0
2062.5909223863346,28.785000000000004,1000.0,0.0,257,5140000,3,0.021042339503765106,0.1601612209147334,0.00010725000000000045,25.381789403474624,0.6924073787860342,-0.0017759136923046284,14.3063223361969,3.6580393314361572,17.964362621307373,2.3841858265427618e-08,3.528594971768939e-09
2078.822574994647,33.36904761904762,979.5476190476189,0.0,258,5160000,10,0.02170681580901146,0.3065207789166159,0.00010650000000000045,60.9095837842923,0.9197903035357357,-0.005617222713288694,14.370053768157959,12.317734479904175,26.68778944015503,-3.4809113369504985e-09,1.9717216304115937e-08
2087.727219128981,38.2975,960.325,0.0,259,5180000,1,0.022288208827376366,0.5278940739183625,0.00010575000000000044,41.205256568738065,1.0196795996766501,0.0031689345292128124,14.27225112915039,1.2356691360473633,15.507920980453491,-2.0217894913798773e-08,-4.577636936176077e-09
2207.987745306945,45.31,996.7,0.0,260,5200000,8,0.021338535472750664,0.8576332987938732,0.00010500000000000044,25.6844797119165,1.2207815864096625,-0.0024772748004175727,14.38043737411499,9.873356342315674,24.2537944316864,-1.602172794434864e-08,1.2159347972939827e-09
2145.759104639192,42.01904761904762,968.9285714285718,0.0,261,5220000,3,0.02204064652323723,1.1330058005208463,0.00010425000000000043,55.363614627728445,1.2806361629305303,-0.0005597893264704047,14.291478395462036,3.7016818523406982,17.99316167831421,-5.62667867853861e-09,1.2207030941624453e-08
2155.8769955492016,37.27,978.15,0.0,262,5240000,4,0.02086213417351246,1.3311833081138518,0.00010350000000000043,43.153215461645644,0.7776199496877841,-0.001522126791053288,14.379852533340454,4.875056982040405,19.254910230636597,-3.814697446813398e-09,-7.20024129208241e-09
2186.3446504945073,28.702499999999997,993.125,0.0,263,5260000,1,0.020350869745016098,1.3923800950891114,0.00010275000000000042,22.493447175802896,0.6778773200778535,0.004822467891172098,14.406800985336304,1.3416783809661865,15.748480081558228,-2.574920721087892e-09,-3.910064716450279e-09
2183.6510770501254,26.130000000000003,1000.0,0.0,264,5280000,2,0.02114102430641651,1.4107570427156084,0.00010200000000000042,22.47547116599525,0.5578487720876075,0.001559644405277797,14.37238335609436,2.4518980979919434,16.82428216934204,-1.907348590179936e-08,8.654594374490898e-09
2170.142293776159,25.159523809523805,987.6428571428573,0.0,265,5300000,2,0.02101476863026619,1.4130690120083993,0.00010125000000000041,36.4518820744353,0.5948360460920455,0.0020838114700782984,14.430238246917725,2.465193510055542,16.895432949066162,-1.125335735707722e-08,-5.912780931538464e-09
2166.742210873495,24.990000000000002,995.675,0.0,266,5320000,3,0.02165840193629265,1.4111812756936937,0.00010050000000000041,27.42418287153315,0.5258115437020636,0.0006541712021135802,14.31239366531372,3.6528003215789795,17.965194940567017,-3.3140181709967464e-09,5.2452087118126656e-09
2196.461606934314,23.937500000000004,1000.0,0.0,267,5340000,3,0.021774163469672203,1.3892166761947233,9.97500000000004e-05,19.729148700214424,0.5212206111643642,0.0006367764078651944,14.473388910293579,3.6833229064941406,18.156712770462036,-1.6212463593845428e-09,-5.865096852630813e-09
2219.0690199758637,24.32,1000.0,0.0,268,5360000,4,0.020569587126374245,1.3714557828611778,9.90000000000004e-05,17.760127140691104,0.5447074138937286,-0.0008081529133643705,14.450912475585938,4.931334972381592,19.382248401641846,-1.8024444159436825e-08,3.910064716450279e-09
2185.3688523853743,22.17,1000.0,0.0,269,5380000,5,0.022791976109147072,1.3184537080038332,9.82500000000004e-05,19.037584585122787,0.510172387995659,-0.0014222487105806463,14.3042311668396,6.060899972915649,20.365132093429565,-8.583068478174027e-09,-3.433227480087453e-09
2255.897012391914,26.0,1000.0,0.0,270,5400000,3,0.020142311230301857,1.322545486889356,9.750000000000039e-05,21.294196818456356,0.5711073552172024,0.0007879806720156766,14.430829048156738,3.749042510986328,18.179872751235962,2.229213791338225e-08,1.478195232884616e-09
2230.277362954102,24.132499999999997,1000.0,0.0,271,5420000,12,0.02391354739665985,1.2996319030210786,9.675000000000039e-05,20.6408350399127,0.50068255077504,-0.004726389754715815,14.41801929473877,14.794756889343262,29.212777137756348,6.6041945245842726e-09,-4.076957882404031e-09
2179.796490405458,23.7275,969.0300000000003,0.0,272,5440000,5,0.020492885261774063,1.274538723495764,9.600000000000038e-05,34.232451453833534,0.573965621184998,-0.0012249998575725113,14.61508560180664,6.110442876815796,20.725529193878174,-1.1658668697123176e-08,6.246566819356758e-09
2283.0569394215217,23.482499999999995,998.3700000000001,0.0,273,5460000,8,0.02061133086681366,1.2521487516066898,9.525000000000038e-05,13.738587778406783,0.47863026995199937,-0.002511830712942341,14.40225887298584,9.951127767562866,24.35338830947876,2.250671471415444e-08,2.7418136649970393e-09
2290.1869299458754,21.4125,1000.0,0.0,274,5480000,3,0.020274948328733444,1.1990695283120698,9.450000000000037e-05,14.289558344120923,0.5135954369942601,0.00014751052748733243,14.402235507965088,3.7108354568481445,18.113072156906128,5.912780931538464e-09,2.0980834847250662e-09
2263.3322761331533,24.682499999999997,1000.0,0.0,275,5500000,6,0.02239142544567585,1.1959005161821807,9.375000000000037e-05,21.999467389398237,0.6036949290143161,-0.0021976034715003013,14.420636177062988,7.286235094070435,21.70687246322632,-5.674362313357051e-09,6.294250454175199e-09
2269.762484215189,23.83571428571429,996.4309523809525,0.0,276,5520000,5,0.021336501464247704,1.1800294189445004,9.300000000000036e-05,48.61124083759686,0.4958321741594674,-0.0014083094920177524,14.354308605194092,6.128860235214233,20.48316979408264,8.153915764808062e-09,2.229213702520383e-09
2253.7196340595297,22.8425,969.4475,0.0,277,5540000,4,0.02271307446062565,1.149471519425847,9.225000000000036e-05,12.65445708466795,0.598933255591522,-0.0011005319187048668,14.260425329208374,4.883455038070679,19.14388132095337,-2.956390465769232e-09,9.059906158626063e-10
2232.186089415478,23.071428571428573,977.5642857142858,0.0,278,5560000,9,0.022869471460580826,1.1227966934545546,9.150000000000035e-05,48.068725773490065,0.4558645331525278,-0.003220503804722538,14.377193927764893,11.113370656967163,25.490565538406372,1.19209286886246e-09,-1.4066696696346526e-09
2305.4209387973942,21.580000000000002,996.0075,0.0,279,5580000,6,0.022650226950645447,1.0741198944961126,9.075000000000035e-05,12.164145180973382,0.47172506560628025,-0.001337335486643421,14.42973518371582,7.517371654510498,21.947107553482056,-1.4829635297530785e-08,1.907348723406699e-09
2347.3388098831756,22.8625,1000.0,0.0,280,5600000,3,0.02245980314910412,1.0454044354855927,9.000000000000034e-05,11.65761228161244,0.5371808386997928,-0.00029156513163012567,14.376415014266968,3.656973361968994,18.0333890914917,2.729892756292429e-08,2.3841859042583735e-10
2361.074263728916,21.755,1000.0,0.0,281,5620000,5,0.02077389322221279,1.0004434994255988,8.925000000000034e-05,10.801420860168651,0.40120018519722994,-0.0015211428061853677,14.443556785583496,6.188340425491333,20.631898164749146,2.412796007433826e-08,-4.649162388403738e-09
2375.645426337004,25.3975,995.6949999999999,0.0,282,5640000,11,0.020340831950306892,1.0107456101686045,8.850000000000034e-05,25.032441949415027,0.609578077486875,-0.0046789221006553515,14.326572179794312,13.468305110931396,27.794878721237183,2.8228759774151513e-08,3.0994415922691587e-09
2342.9688040952983,25.71,975.6049999999999,0.0,283,5660000,3,0.026532644405961037,1.0254188653744603,8.775000000000033e-05,12.237111473489747,0.5461212389956648,0.0006550179960065312,14.32950758934021,3.667132616043091,17.996641397476196,-2.0408631229429375e-08,4.386901952813105e-09
2398.616563242986,26.52,1000.0,0.0,284,5680000,3,0.02022082544863224,1.0518634578200232,8.700000000000033e-05,11.042100611840066,0.5771351767043336,0.0004765021766479404,14.323584794998169,3.6401779651641846,17.96376371383667,-4.692077482104651e-08,-2.717971847587819e-09
2401.343596582902,24.0275,1000.0,0.0,285,5700000,7,0.02018902823328972,1.0403583206433078,8.625000000000032e-05,10.213598168641669,0.468268067998083,-0.0029351796052877297,14.323103666305542,8.546566009521484,22.869670867919922,2.78949729981548e-09,7.152557435219364e-10
2406.8500616383935,21.339999999999996,1000.0,0.0,286,5720000,4,0.02195150963962078,0.9886296903254281,8.550000000000032e-05,9.486343230683202,0.3290424847100585,-0.0006556552232275851,14.369319915771484,4.882383108139038,19.25170373916626,-3.743171816950053e-08,-4.673004205812958e-09
2428.091945659844,21.110000000000003,1000.0,0.0,287,5740000,10,0.021212806925177574,0.9342074915234425,8.475000000000031e-05,9.906907925133508,0.4590131183449453,-0.004381964023942098,14.367707967758179,12.17393684387207,26.541645526885986,1.5544891596164234e-08,3.3855438452690123e-09
2451.5437236818198,26.797499999999996,1000.0,0.0,288,5760000,10,0.020629025995731354,0.965873902661556,8.400000000000031e-05,9.706459567188835,0.6459193894181389,-0.004223215029078027,14.417693853378296,12.361673831939697,26.77936863899231,-3.032684503523342e-08,2.3841859042583735e-10
2471.101956591315,29.420000000000005,1000.0,0.0,289,5780000,8,0.021460717543959618,1.0374606392475234,8.32500000000003e-05,9.684584997522945,0.537168903615528,-0.003726135120547106,14.46952748298645,10.14619779586792,24.615725994110107,-6.103515470812226e-09,2.646446173315553e-09
2473.9155942976186,27.692500000000003,1000.0,0.0,290,5800000,9,0.023414520546793938,1.0829131429994332,8.25000000000003e-05,9.512731968362068,0.5621329583161513,-0.003326724724965431,14.433320045471191,11.06394624710083,25.497267246246338,-7.629394893626795e-09,-5.173683259585005e-09
2496.3612465099677,29.3125,1000.0,0.0,291,5820000,2,0.024300433695316315,1.1531030215637474,8.175000000000029e-05,9.387181138839965,0.6052032112837219,0.0017814769263798818,14.37303876876831,2.4879209995269775,16.860960483551025,-9.202957507170595e-09,-1.2588500908350397e-08
2457.3270175830385,30.420000000000005,1000.0,0.0,292,5840000,6,0.02101805992424488,1.2372846561998458,8.100000000000029e-05,25.036359198685016,0.4744967832304418,-0.0015736522304397016,14.30059266090393,7.328944206237793,21.62953758239746,-1.5258788677030566e-09,-2.00271599304358e-09
2427.641634586372,27.247500000000002,1000.0,0.0,293,5860000,2,0.020342610776424408,1.2706372091041394,8.025000000000028e-05,12.55617729467325,0.54097406382854,0.0015638768858910084,14.482558727264404,2.429455041885376,16.912015199661255,-5.149841442175784e-09,4.673004205812958e-09
2476.286194284086,25.815000000000005,1000.0,0.0,294,5880000,15,0.024945788085460663,1.2808371343632183,7.950000000000028e-05,8.35987414775438,0.4163466634714819,-0.005397431697687521,14.457522869110107,18.499611377716064,32.95713543891907,2.813339339269305e-09,2.145767119543507e-09
2497.2912322212337,23.0325,1000.0,0.0,295,5900000,8,0.023560063913464546,1.2490520633593432,7.875000000000027e-05,8.146544924559304,0.42584483161830483,-0.0036308507452411697,14.442054033279419,9.830330610275269,24.272385835647583,5.054473728449693e-09,7.629394338515283e-10
2511.2586620232482,22.2025,1000.0,0.0,296,5920000,12,0.02120053581893444,1.2063512459056616,7.800000000000027e-05,8.543766432676833,0.41458340865560867,-0.004671498903254874,14.460134029388428,15.002416372299194,29.46255111694336,-6.246566819356758e-09,2.145767175054658e-10
2526.8491541071744,27.7175,1000.0,0.0,297,5940000,16,0.020830854773521423,1.2499842193246642,7.725000000000026e-05,8.489739306437702,0.5757639811645014,-0.005579537563682415,14.461182355880737,19.774240493774414,34.23542356491089,3.414153937342235e-08,-3.3378602104505717e-09
2542.703136204511,35.64,995.5375000000001,0.0,298,5960000,11,0.020807359367609024,1.4127492940727169,7.650000000000026e-05,28.73787363427966,0.7622947576881806,-0.005104353594870423,14.412012815475464,13.514065504074097,27.926079273223877,-4.291534239087014e-09,-1.5258788677030566e-09
2527.018555482443,30.392500000000002,986.6125,0.0,299,5980000,17,0.020199529826641083,1.4900486150833667,7.575000000000026e-05,7.186466937897641,0.531654954253451,-0.005811539342647233,14.422518014907837,20.787859678268433,35.210378885269165,-1.521110526425673e-08,2.5272368642248466e-09
2550.456876357335,28.0225,1000.0,0.0,300,6000000,9,0.021981948986649513,1.5303079700434843,7.500000000000025e-05,8.826478226708739,0.49137412054999147,-0.0028958539834710874,14.544755458831787,11.08095383644104,25.625710248947144,-5.865096852630813e-09,3.051757735406113e-09
2093.153434053895,15.384999999999996,1000.0,0.0,301,6020000,14,0.020271431654691696,1.3733743572555959,7.425000000000025e-05,21.540391908394916,0.06603978599567478,-0.003303818642154348,14.738059520721436,17.448373794555664,32.186434268951416,4.549026400013645e-08,-4.4345855876315454e-09
1630.0455824152336,2.1725,1000.0,0.0,302,6040000,19,0.020350394770503044,1.022319669074071,7.350000000000024e-05,35.096925980667514,0.038967739331515795,-0.0040111858595826,14.925301313400269,23.509848594665527,38.43515086174011,-2.3460387410523253e-08,2.7537346625194914e-08
1539.908667302779,1.78,1000.0,0.0,303,6060000,14,0.024460848420858383,0.6774529713346532,7.275000000000024e-05,28.327456286920906,0.03485087490190434,-0.006407181782142562,14.761696815490723,17.24039578437805,32.00209379196167,-2.4271011866972003e-08,1.120567283408036e-08
1694.1110325057011,1.8450000000000002,1000.0,0.0,304,6080000,3,0.02130502089858055,0.3391946084822062,7.200000000000023e-05,27.064487683760344,0.029498359671455667,-0.0005183415298962111,14.794434309005737,3.7266151905059814,18.521050691604614,7.567405901909297e-08,-5.912780931538464e-09
1855.5110667693425,2.4125,1000.0,0.0,305,6100000,2,0.022469617426395416,0.014784163772381564,7.125000000000023e-05,29.091605526189834,0.04139567381842211,0.0001590848036003284,14.88698434829712,2.456278085708618,17.343263626098633,-1.7452240541615538e-08,8.320808042583394e-09
1907.0466669216653,3.1574999999999998,1000.0,0.0,306,6120000,5,0.022788502275943756,0.0,7.050000000000022e-05,30.935336994743956,0.046015334864274955,-0.005093390035469787,14.685454368591309,6.166250944137573,20.851706504821777,-1.678466787780053e-08,-2.5033950468156263e-09
1994.1282761755785,3.7575000000000003,1000.0,0.0,307,6140000,2,0.02448585443198681,0.0,6.975000000000022e-05,24.271822798366365,0.05677761321369642,-0.0001585787740913919,14.62986946105957,2.496079683303833,17.12595009803772,2.1457672971791908e-08,4.1246415172224715e-09
2085.051570312906,4.402499999999999,1000.0,0.0,308,6160000,6,0.02549574337899685,0.0,6.900000000000021e-05,23.74644255358825,0.06391501022379793,-0.0050961789037810125,14.664031982421875,7.466455936431885,22.130488872528076,-1.1730193705261627e-08,-4.780292606199055e-09
2170.025251106641,7.545,1000.0,0.0,309,6180000,10,0.020728912204504013,0.0,6.825000000000021e-05,20.569971564478767,0.11630838034442438,-0.009008177375040068,14.536247968673706,12.41045093536377,26.94670009613037,-2.3841859042583735e-10,4.0531160649948106e-09
2224.713225165354,9.425,1000.0,0.0,310,6200000,2,0.020913196727633476,0.0,6.75000000000002e-05,17.574320342213202,0.15060382769011652,0.0006049382582175941,14.710773468017578,2.473446846008301,17.184221744537354,-1.0490417423625331e-09,-5.9604643443123e-10
2244.481083728365,11.812500000000002,1000.0,0.0,311,6220000,1,0.020124467089772224,0.0,6.67500000000002e-05,18.196771149437268,0.189295594375164,0.003086726817959985,14.46440863609314,1.228541612625122,15.692950963973999,1.6593933338526767e-08,-3.516674063064329e-09
2280.7321087069963,16.479999999999997,1000.0,0.0,312,6240000,10,0.02048349380493164,0.0,6.60000000000002e-05,19.810490630000544,0.21516574226534024,-0.009193619292753096,14.50918984413147,12.404695749282837,26.91388750076294,8.964538444899972e-09,-9.63211022053656e-09
2313.9336891083476,17.265000000000004,1000.0,0.0,313,6260000,5,0.020221643149852753,0.0,6.525000000000019e-05,19.43520136336549,0.2306119285785733,-0.00478113744639979,14.62020206451416,6.270119667053223,20.8903226852417,-2.574920721087892e-08,-2.2888184680880386e-09
2357.1543447829895,20.1975,1000.0,0.0,314,6280000,10,0.023747801780700684,0.0,6.450000000000019e-05,25.433476853294493,0.27477191709957943,-0.008595365277095772,14.581068754196167,12.194137811660767,26.77520775794983,-2.479553273815327e-08,2.467632320701796e-09
2393.845893556414,25.669999999999998,1000.0,0.0,315,6300000,1,0.020683733746409416,0.0,6.375000000000018e-05,20.60410446404649,0.3576472472078122,0.001297954456529583,14.619607925415039,1.201716423034668,15.821325540542603,-4.45842758267645e-08,-2.3162364470863395e-08
2420.4431709562996,29.667499999999997,1000.0,0.0,316,6320000,5,0.020199161022901535,0.0,6.300000000000018e-05,14.67530491892903,0.39350777905398665,-0.0035482918801970375,14.592352867126465,6.0037736892700195,20.59612727165222,1.8692016823251834e-08,1.668930060816365e-08
2450.006621922478,29.98,1000.0,0.0,317,6340000,11,0.024158881977200508,0.0,6.225000000000017e-05,16.474751451560447,0.3855889341381446,-0.00997969252206147,14.64575743675232,13.354432582855225,28.00019121170044,5.7840345846216223e-08,4.0531160649948106e-09
2467.530219087693,33.074999999999996,1000.0,0.0,318,6360000,6,0.025567028671503067,0.0,6.150000000000017e-05,17.471965926396834,0.47813758907861476,-0.004266829853996444,14.686478853225708,7.823565483093262,22.510045289993286,-2.1934509319976314e-08,3.380775481787168e-08
2496.498154655396,41.9825,1000.0,0.0,319,6380000,8,0.021776054054498672,0.0,6.075000000000016e-05,15.286995652575081,0.618816170579614,-0.006614007717708851,14.645161390304565,10.239938497543335,24.885100841522217,-3.2424928519958485e-08,6.43730180271973e-09
2537.621219729485,54.63749999999999,1000.0,0.0,320,6400000,11,0.02632828615605831,0.45387271633523335,6.000000000000016e-05,20.280630999306695,0.6984387660940615,-0.005245685911794998,14.598668575286865,13.864612579345703,28.463282108306885,6.38961772381208e-09,-3.5667419240326126e-08
2560.2186869786537,57.34250000000001,1000.0,0.0,321,6420000,7,0.023828541859984398,0.971587830518472,5.925000000000016e-05,22.066528439358564,0.7226475799045624,-0.003438914586934004,14.560699224472046,8.57677698135376,23.137477159500122,-4.825592014867652e-08,-2.2029876589613195e-08
2545.00655427165,51.1125,1000.0,0.0,322,6440000,4,0.02108067274093628,1.3806896889925484,5.850000000000016e-05,13.62210110658274,0.5763037888148722,-0.002173595253181772,14.577274560928345,4.990131139755249,19.56740713119507,6.628036341993493e-09,1.201629640235069e-08
2534.0032052201377,40.1625,1000.0,0.0,323,6460000,4,0.021209901198744774,1.6122752045429212,5.7750000000000164e-05,12.223711840641766,0.5106484554469967,-0.001636181314016124,14.713053464889526,4.915628433227539,19.628682613372803,-8.583068478174027e-09,-5.60283641704018e-09
2531.989931123827,33.1475,1000.0,0.0,324,6480000,19,0.022481102496385574,1.7296639443157749,5.700000000000016e-05,8.283257327040484,0.3552355526604932,-0.0057251800974074275,14.65863561630249,23.738714694976807,38.39735126495361,7.438659466174613e-09,-2.00271599304358e-09
2521.55776315555,25.387500000000003,1000.0,0.0,325,6500000,17,0.020758166909217834,1.7222407470999863,5.6250000000000154e-05,14.081255363176874,0.3187001241657031,-0.00515526863159127,15.042298078536987,21.34542441368103,36.387723445892334,9.059906158626063e-10,-2.1409988448795048e-08
2531.891125003528,23.59,1000.0,0.0,326,6520000,9,0.020854970440268517,1.685522459744987,5.5500000000000156e-05,14.451420254431424,0.3053792773338976,-0.0029733191347784465,14.867868423461914,11.276007413864136,26.143877267837524,1.1515617792667854e-08,3.19480886190604e-09
2530.4791829605865,19.94,1000.0,0.0,327,6540000,18,0.021210426464676857,1.5932038367577375,5.475000000000016e-05,6.486413624551561,0.2303903313207529,-0.004958504894841727,14.663991212844849,21.99048614501953,36.654478311538696,-5.412101877766418e-09,-2.5367736355974557e-08
2527.172278498145,17.124999999999996,1000.0,0.0,328,6560000,10,0.022547166794538498,1.4577911449198506,5.4000000000000154e-05,10.844692962999924,0.21709838381019264,-0.0023294785376132346,14.712200403213501,12.804875373840332,27.51707673072815,1.3065338144713223e-08,3.4093856626782326e-09
2541.8447441238886,14.2075,1000.0,0.0,329,6580000,13,0.021453501656651497,1.275536587673858,5.3250000000000156e-05,7.667670623592265,0.20513046132416654,-0.0036732223123846666,14.578349590301514,16.24558138847351,30.82393193244934,-1.5878677928071738e-08,-3.337859988405967e-10
2559.817336548388,13.787500000000003,1000.0,0.0,330,6600000,1,0.023877890780568123,1.0841610082901652,5.250000000000016e-05,10.210095849661782,0.20829887523913918,0.0033465310620268978,14.624764442443848,1.2529942989349365,15.87775993347168,-1.8835066839528736e-09,-3.0875206835645486e-09
2561.77895571361,16.2125,1000.0,0.0,331,6620000,14,0.02323158271610737,0.9344575028493802,5.175000000000016e-05,8.84380300515104,0.22903101461791164,-0.004346348651474306,14.668333530426025,17.262356996536255,31.930691957473755,1.9550324026340604e-08,-5.0783155458589135e-09
2569.8887415388826,17.0475,1000.0,0.0,332,6640000,9,0.020147116854786873,0.8194608777069111,5.100000000000016e-05,11.277509215456144,0.24954803656412433,-0.0022902623795314743,14.56448745727539,11.07277774810791,25.637266159057617,-4.091262795213879e-08,-4.482269222449986e-09
2590.2204371492244,18.102500000000003,1000.0,0.0,333,6660000,15,0.020778659731149673,0.7220628338215656,5.0250000000000164e-05,15.504185652605896,0.23427413609176398,-0.005169546328677426,14.700032711029053,18.80035901069641,33.50039315223694,-1.7452240541615538e-08,1.4334917253222557e-08
2591.2575251424487,15.812500000000004,1000.0,0.0,334,6680000,2,0.02326093427836895,0.5917359421304873,4.950000000000016e-05,9.81384771243452,0.20667421753509357,0.0008520280418637843,14.52206540107727,2.4469175338745117,16.968984127044678,-9.107589349355294e-09,-8.344650526126429e-10
2604.0848522673214,16.360000000000003,1000.0,0.0,335,6700000,11,0.025528227910399437,0.4715441450239628,4.8750000000000155e-05,9.23008579367162,0.22741827436468817,-0.005267472962115524,14.51396131515503,13.64747667312622,28.161439180374146,8.916854810081531e-09,-5.388260060357197e-09
2617.545021265053,19.145,1000.0,0.0,336,6720000,2,0.022288333624601364,0.39481693777276466,4.800000000000016e-05,12.198211638310466,0.2734473377656632,0.0013617003922716687,14.591212272644043,2.461199998855591,17.05241322517395,-1.4925003455346086e-08,9.536742923144104e-11
2635.3404754415037,22.69,1000.0,0.0,337,6740000,2,0.021459169685840607,0.3721735908841264,4.725000000000015e-05,12.712161417586355,0.2972455936403701,0.00048087950804815316,14.560941219329834,2.507474422454834,17.068416357040405,-4.768371808516747e-10,3.290176353587526e-09
2648.061785507435,25.547499999999996,1000.0,0.0,338,6760000,6,0.02631727047264576,0.39236991133992005,4.6500000000000154e-05,9.841542445686551,0.3250155232537288,-0.0030221564658541584,14.67835021018982,7.488211393356323,22.166562795639038,2.574920721087892e-08,-5.3167341640403265e-09
2656.7778356625718,29.479999999999997,1000.0,0.0,339,6780000,12,0.022126447409391403,0.47081766577292405,4.575000000000015e-05,10.197972589978775,0.3839359802091782,-0.004533827452745816,14.578102827072144,14.810240030288696,29.388343572616577,1.2588500908350397e-08,-2.5033950468156263e-09
2663.21584665978,33.019999999999996,1000.0,0.0,340,6800000,1,0.0250858124345541,0.6006830324842778,4.5000000000000145e-05,8.587815876585989,0.42076904248124875,0.0010602339513052386,14.573153018951416,1.2287728786468506,15.801927089691162,-2.3365020140886372e-08,-1.4173984652643412e-08
2667.5958731757883,32.532500000000006,1000.0,0.0,341,6820000,27,0.020010260865092278,0.720752630860064,4.425000000000014e-05,7.579890784561641,0.41219597305684186,-0.00751118402383272,14.47407341003418,33.093278884887695,47.56735324859619,2.651214536797397e-08,1.1539459165987864e-08
2684.3374188068947,32.2875,1000.0,0.0,342,6840000,10,0.021598931401968002,0.841477415510871,4.350000000000014e-05,15.223443708328393,0.3999225564181995,-0.0037539507496727113,14.612462520599365,12.38203501701355,26.99449849128723,7.2479249269008506e-09,2.4318695945879654e-09
2684.6444924764305,26.479999999999997,1000.0,0.0,343,6860000,17,0.020036090165376663,0.8703185447353273,4.275000000000014e-05,18.089804779114388,0.3403754479996895,-0.004225417117617889,14.708729028701782,21.269813299179077,35.97854399681091,2.8610229740877458e-09,2.729892756292429e-09
2685.1268549728134,23.5875,1000.0,0.0,344,6880000,8,0.02044617384672165,0.8547688674985608,4.200000000000013e-05,11.887543588400648,0.279515043909724,-0.0017387720871718225,14.776492834091187,9.997620344161987,24.77411437034607,-9.536742923144104e-11,2.0980834847250662e-09
2683.939756234799,21.284999999999997,1000.0,0.0,345,6900000,17,0.024953901767730713,0.8033279241236326,4.125000000000013e-05,10.546875161215945,0.32262588292500327,-0.005238121760283782,14.54831051826477,20.878052473068237,35.42636466026306,-1.7738342350526182e-08,-1.835823049134433e-09
2693.510343178719,24.707500000000003,1000.0,0.0,346,6920000,32,0.02210250310599804,0.8042577779174511,4.0500000000000124e-05,8.48323233827901,0.36199917939726634,-0.00644200941015049,14.596572637557983,39.322611808776855,53.919185638427734,3.02314759892397e-08,3.0994415367580075e-10
2708.3640673559476,26.349999999999994,1000.0,0.0,347,6940000,25,0.020725203678011894,0.8286811390215784,3.9750000000000126e-05,8.00679189806929,0.35427514710746255,-0.0062305164159522555,14.58706521987915,30.691301822662354,45.27836847305298,-8.01086397217432e-09,8.583068700218632e-10
2712.241559068811,26.395,1000.0,0.0,348,6960000,28,0.022302204743027687,0.8518270820704995,3.900000000000012e-05,6.487235668123394,0.33104103768609094,-0.00717303814502322,14.536278009414673,34.6997709274292,49.23604989051819,1.7213821479344915e-08,2.074241667315846e-09
2717.8503501024934,25.859999999999996,1000.0,0.0,349,6980000,21,0.020987089723348618,0.8642544779669745,3.8250000000000117e-05,6.336237045649649,0.3259634742717048,-0.005337514868452431,14.549010992050171,26.245018005371094,40.794029712677,-1.039505015398845e-08,1.7404556684752492e-09
2737.980315758809,27.0875,1000.0,0.0,350,7000000,2,0.02005165070295334,0.8937467540686258,3.750000000000011e-05,7.862894041850544,0.37995874272367824,0.001311750704282746,14.82158875465393,2.5354199409484863,17.357009887695312,-2.4557113675882647e-08,5.269050529221886e-09
2470.9374344084763,16.552500000000002,1000.0,0.0,351,7020000,33,0.020691219717264175,0.7597594163651945,3.675000000000011e-05,18.637203837655175,0.09839915105818213,-0.00813231505884579,14.798525094985962,41.2559380531311,56.05446434020996,-3.509521562250484e-08,2.8276444297148373e-08
2199.29948499353,4.295,1000.0,0.0,352,7040000,21,0.02034488134086132,0.44951813005823393,3.60000000000001e-05,11.035609899219377,0.06206270260375039,-0.012473854364143767,14.773327112197876,27.00541353225708,41.77874159812927,6.036758293248567e-08,-3.433227480087453e-09
2258.0297133121267,4.7375,1000.0,0.0,353,7060000,21,0.020842572674155235,0.1539309735553221,3.52500000000001e-05,9.611989242635541,0.07010538723145775,-0.013175766781788894,14.478039741516113,26.3465518951416,40.82459259033203,5.187988350030537e-08,8.004903406799713e-09
2303.7321777380625,5.055,1000.0,0.0,354,7080000,40,0.020814066752791405,0.0,3.450000000000009e-05,7.29451090840105,0.0657172415923244,-0.020801686603459157,14.594619035720825,50.19402456283569,64.788645029068,3.256797853623539e-08,3.5524367891781594e-09
2336.1880551344448,5.682499999999999,1000.0,0.0,355,7100000,40,0.015588915906846523,0.0,3.375000000000009e-05,6.935390160773128,0.07419104622848058,-0.019846392188038225,14.510143995285034,51.074711322784424,65.58485651016235,2.8610229740877458e-09,8.547305974104802e-09
2373.160246613441,7.649999999999999,1000.0,0.0,356,7120000,11,0.02322806604206562,0.0,3.3000000000000084e-05,6.275849507154852,0.10309160471713426,-0.010958591277131958,14.776330709457397,15.024032354354858,29.800364017486572,1.692771967043427e-08,-5.745887765584712e-09
2402.1963197310206,9.232499999999998,1000.0,0.0,357,7140000,40,0.019690079614520073,0.0,3.2250000000000086e-05,6.206755661469298,0.14597572491923794,-0.019433954979565304,14.60237979888916,51.45878505706787,66.06116580963135,-3.993511299427155e-09,-1.5258788677030566e-09
2434.0717749240284,10.75,1000.0,0.0,358,7160000,18,0.02040340192615986,0.0,3.150000000000008e-05,5.565663289973022,0.12669005757677118,-0.01605098571051917,14.471574306488037,22.235764741897583,36.70734000205994,-1.692771967043427e-08,-2.813339339269305e-09
2466.3933705843547,13.892500000000002,1000.0,0.0,359,7180000,25,0.020155254751443863,0.0,3.0750000000000077e-05,6.345181552076492,0.1961519225493978,-0.01680616435324089,15.56778073310852,31.99023461341858,47.55801701545715,-5.149841442175784e-09,1.7642974858844696e-09
2498.73864777511,17.402499999999996,1000.0,0.0,360,7200000,24,0.02034842222929001,0.0,3.0000000000000075e-05,5.3396873052953024,0.21410369079290265,-0.01573489397111834,14.75573444366455,30.62311553955078,45.37885093688965,2.7036666239155238e-08,7.128715395765539e-09
2523.923791171364,20.697499999999998,1000.0,0.0,361,7220000,40,0.016313940286636353,0.0,2.9250000000000074e-05,5.296781615213083,0.2684691647918651,-0.017843355082485753,14.557470560073853,50.75287985801697,65.3103518486023,5.8794022095298715e-08,2.002716037452501e-08
2544.105583637692,24.1025,1000.0,0.0,362,7240000,40,0.015774060040712357,0.0,2.8500000000000073e-05,5.697510384008908,0.28014410444246696,-0.020326940571021187,14.732341289520264,49.5009126663208,64.2332546710968,2.2888183792701966e-08,-3.6239624634504253e-09
2566.6394701363047,27.4925,1000.0,0.0,363,7260000,33,0.020848413929343224,0.0,2.775000000000007e-05,6.136013023088581,0.3881785677393751,-0.017673671403184776,14.683997869491577,42.08025407791138,56.76425313949585,1.2593268650107348e-07,-1.8024444159436825e-08
2605.079331561346,31.7875,1000.0,0.0,364,7280000,38,0.020720019936561584,0.0,2.700000000000007e-05,5.2831083259322735,0.3535496784768446,-0.018459535967004247,14.97740888595581,48.6705322265625,63.647942304611206,-2.7465819840699623e-08,-7.677078528445236e-09
2634.8887531198543,33.959999999999994,1000.0,0.0,365,7300000,40,0.013737802393734455,0.0,2.625000000000007e-05,6.065339280526859,0.43588122979115945,-0.017078837583168072,14.796552896499634,50.44089102745056,65.23744487762451,-2.5320053609334536e-08,-9.155273872352154e-09
2648.1735480612397,40.447500000000005,1000.0,0.0,366,7320000,40,0.013907772488892078,0.03723369633947415,2.5500000000000068e-05,6.4107626944494704,0.4855591075619855,-0.015092869498785555,14.702181339263916,49.92198586463928,64.6241683959961,-5.354881338348605e-08,-4.1031835706917263e-08
2662.086838744035,43.665000000000006,1000.0,0.0,367,7340000,40,0.015020501799881458,0.3494070115225007,2.4750000000000066e-05,5.836247406942776,0.5089841830309112,-0.0125192613742045,14.578029155731201,50.48929238319397,65.06732249259949,5.199909125508384e-08,-7.867813067718998e-09
2686.465496419444,48.3775,1000.0,0.0,368,7360000,40,0.013422454707324505,0.7275891609463758,2.4000000000000065e-05,10.134870250061297,0.6154883284276477,-0.00807459068041259,14.676641464233398,50.11347794532776,64.79012107849121,1.4090537625577326e-08,-2.889633243796652e-08
2708.4011347453243,55.275,1000.0,0.0,369,7380000,40,0.015574748627841473,1.2038909528990571,2.3250000000000064e-05,7.27508630017503,0.6558636629519562,-0.008190670266634779,14.733977556228638,50.094974517822266,64.82895278930664,-6.198883073516015e-10,-1.916885317143624e-08
2709.0739616345018,50.04,1000.0,0.0,370,7400000,40,0.014380024746060371,1.5886176552541045,2.2500000000000062e-05,7.588263873037058,0.6028046426538842,-0.007492568959939865,14.561454772949219,50.07387924194336,64.6353349685669,-1.3351439953623867e-09,-4.458427405040766e-09
2710.7032084266175,44.790000000000006,1000.0,0.0,371,7420000,40,0.01487246435135603,1.8836055224913992,2.175000000000006e-05,7.516882953381005,0.5507275481717274,-0.0070768653683865755,14.521075963973999,49.59311389923096,64.11419081687927,-3.0040741449965935e-08,8.153915764808062e-09
2704.778881358463,40.905,1000.0,0.0,372,7440000,40,0.013049596920609474,2.1118189963668295,2.100000000000006e-05,6.7922737854547774,0.4476931849321999,-0.0068285252726726095,14.633424520492554,50.02268052101135,64.65610647201538,2.7561187110336505e-08,-1.9550323582251394e-09
2713.166329822211,34.485,1000.0,0.0,373,7460000,40,0.013998065143823624,2.2353692965484884,2.025000000000006e-05,6.57158590018178,0.4480622273890641,-0.007597044407919692,14.601983785629272,49.813310384750366,64.41529512405396,-1.7881394143159923e-08,6.8426131427656856e-09
2709.103331330431,32.209999999999994,1000.0,0.0,374,7480000,40,0.013526948168873787,2.3200745817210637,1.9500000000000057e-05,5.754193213115485,0.3700445564636312,-0.00638780618380657,14.572234153747559,50.31031036376953,64.88254570960999,3.0994415922691587e-09,-1.8095970943932116e-08
2708.9037439165154,26.6575,1000.0,0.0,375,7500000,40,0.015370442532002926,2.316999602635011,1.8750000000000056e-05,6.188196270172589,0.3166489301249385,-0.006889391343701428,14.597639799118042,49.995017528533936,64.59265851974487,2.245903019115758e-08,-3.8146971692576415e-10
2709.487700036584,22.87,1000.0,0.0,376,7520000,40,0.012728405185043812,2.25295712250326,1.8000000000000055e-05,6.170250698152822,0.26995324200441756,-0.006088466512391897,14.861344337463379,50.069963455200195,64.93130850791931,5.722046170220096e-10,0.0
2702.390522205396,19.79,1000.0,0.0,377,7540000,40,0.011735687032341957,2.141703016378097,1.7250000000000053e-05,5.295189828347094,0.2523919410884571,-0.005745804292233899,14.522726058959961,49.40848684310913,63.93121361732483,2.946853605578781e-08,4.1961669694501325e-09
2716.332175528531,19.2325,1000.0,0.0,378,7560000,40,0.014372134581208229,2.022409115559192,1.6500000000000052e-05,5.069439175067999,0.2722035253116974,-0.006196984103207622,14.580543756484985,50.33055591583252,64.9111008644104,-2.081394256947533e-08,-1.282691997062102e-08
2718.565514297256,16.3425,1000.0,0.0,379,7580000,40,0.013253957964479923,1.857952409781232,1.575000000000005e-05,5.269388411677302,0.2045078727193534,-0.005654502762885118,14.453135967254639,49.376840114593506,63.82997727394104,-4.100799699813251e-09,-1.8119811429073707e-08
2725.7753096402544,15.629999999999999,1000.0,0.0,380,7600000,40,0.01363649033010006,1.6932239434800171,1.5000000000000048e-05,4.7321468447534425,0.21309320356149358,-0.006300165559960746,14.423373222351074,50.00473165512085,64.42810606956482,1.2350082734258194e-08,2.0980834847250662e-09
2735.397140535875,17.365,1000.0,0.0,381,7620000,40,0.011064932681620121,1.5710164963060163,1.4250000000000045e-05,4.599987918328934,0.23244945354664479,-0.006191958388555036,14.461981296539307,48.94651985168457,63.40850210189819,9.059905714536853e-09,-4.3630601354038845e-09
2754.105314602326,18.4475,1000.0,0.0,382,7640000,40,0.011133765801787376,1.4673394214907154,1.3500000000000044e-05,4.0016301781986465,0.23221118045500674,-0.005971126101575212,14.405942916870117,49.10987710952759,63.51582074165344,-3.9625167147505636e-08,-2.6226043559063328e-09
2766.669067008962,19.212500000000002,1000.0,0.0,383,7660000,40,0.011423319578170776,1.3770449504161797,1.275000000000004e-05,4.081087112864747,0.26801998670727684,-0.007164300797730699,14.485663414001465,49.409685373306274,63.89534950256348,-2.474784821515641e-08,2.145767119543507e-09
2769.115999226911,18.1,1000.0,0.0,384,7680000,40,0.011898808181285858,1.2716839528953707,1.2000000000000038e-05,3.9949036192208434,0.23375880174076977,-0.006810801417539685,14.58523440361023,49.961772203445435,64.54700756072998,-3.337859988405967e-10,-3.19480886190604e-09
2775.1514168724448,17.732499999999998,1000.0,0.0,385,7700000,40,0.011511987075209618,1.162628505250602,1.1250000000000035e-05,3.916203559644687,0.23127715902629134,-0.007220482869646899,14.51368761062622,49.682244062423706,64.19593262672424,9.346008411625917e-09,-8.392333938900265e-09
2784.8629948145503,19.3475,1000.0,0.0,386,7720000,40,0.011934548616409302,1.079617079988072,1.0500000000000032e-05,3.9359022918219764,0.27232838121239844,-0.006725115057124872,14.53946852684021,49.38098955154419,63.920459032058716,-4.005432074905002e-08,5.292892346631106e-09
2800.420514290242,21.525,1000.0,0.0,387,7740000,40,0.011537093669176102,1.0305924759886684,9.75000000000003e-06,3.8748065608758897,0.2894899296874817,-0.00746056406953805,14.660955429077148,48.7943377494812,63.455294609069824,2.1076202116887544e-08,-2.4437905032925755e-09
2816.583272091459,24.2575,1000.0,0.0,388,7760000,40,0.009383323602378368,1.023269102189235,9.000000000000029e-06,3.767814583157579,0.3478146850307005,-0.006738898379141658,14.409055233001709,49.15611982345581,63.565176010131836,2.565383994124204e-08,4.8398973717667104e-09
2824.961096200519,25.9675,1000.0,0.0,389,7780000,40,0.009276320226490498,1.0415906470797733,8.250000000000026e-06,3.3624142523581226,0.32612444468366264,-0.007428234449214713,14.601872444152832,49.273454904556274,63.87532877922058,7.0858000356111e-08,7.891655329217429e-09
2839.3416900573106,27.377500000000005,1000.0,0.0,390,7800000,40,0.009461452253162861,1.0806298647257848,7.500000000000023e-06,3.5845798310761254,0.3640290547293215,-0.006591964819351027,14.51587700843811,48.38637924194336,62.90225791931152,1.363754265071293e-08,-1.645088176793763e-09
2854.766015485961,31.155,1000.0,0.0,391,7820000,40,0.009157915599644184,1.1755683714894956,6.750000000000021e-06,3.4435197382498854,0.41772927031956447,-0.005829473623399475,14.414678812026978,48.26386880874634,62.67854881286621,7.78675044443844e-08,4.529952857268427e-09
2865.9156651613666,32.167500000000004,1000.0,0.0,392,7840000,40,0.008503966964781284,1.2840249529150212,6.000000000000018e-06,3.7397981631870088,0.45638074836553855,-0.005538680172979478,14.539524793624878,48.51549196243286,63.055017948150635,1.2636184543168838e-08,-7.867813067718998e-09
2869.943375899862,33.2725,1000.0,0.0,393,7860000,40,0.007681162096560001,1.4093322060493672,5.250000000000016e-06,3.355293425032125,0.4268382010594629,-0.005890548981170314,14.564646244049072,49.671717405319214,64.2363646030426,8.602142287372772e-08,4.923343510654377e-09
2867.4579052002455,32.3125,1000.0,0.0,394,7880000,40,0.008135044015944004,1.523101845746899,4.500000000000014e-06,3.8362141119215054,0.4081359082077163,-0.0053883315227292,14.42044448852539,50.004782915115356,64.42522835731506,1.1634826435624745e-08,-6.961822673900997e-09
2870.9419051760347,31.0625,1000.0,0.0,395,7900000,40,0.007924170233309269,1.615648003459554,3.7500000000000115e-06,3.820477604732727,0.3678497994443574,-0.0053274184572339334,14.567167520523071,49.89433813095093,64.4615068435669,1.2397766369076635e-08,1.1444092340440193e-09
2868.7297612866805,26.8975,1000.0,0.0,396,7920000,40,0.006602428387850523,1.6412331032865763,3.0000000000000094e-06,3.438643137715495,0.3565188797982261,-0.0041512258174598955,14.614558935165405,51.148635387420654,65.76319551467896,8.964538444899972e-09,1.5258788677030566e-09
2869.81151436329,24.8625,1000.0,0.0,397,7940000,40,0.007469851523637772,1.6338564481222477,2.2500000000000073e-06,3.9583016100782937,0.3159510692748161,-0.004792226097894648,14.552663087844849,49.26998162269592,63.82264590263367,1.4495849853801701e-08,3.3855438452690123e-09
2877.6255925509786,25.2,1000.0,0.0,398,7960000,40,0.0070458585396409035,1.6306448757161351,1.500000000000005e-06,3.7197689840397516,0.3345649389038309,-0.0046857554211594404,14.646811246871948,49.839858293533325,64.48667073249817,2.1171569386524425e-08,4.39882263947311e-09
2878.4497287786426,23.782499999999995,1000.0,0.0,399,7980000,40,0.0058839512057602406,1.6048676319303286,7.500000000000025e-07,3.455958393758859,0.26868114983276153,-0.0032695262142685435,14.297634601593018,48.90161681175232,63.199252128601074,9.346008411625917e-09,2.2649764286342133e-09
2883.0889601996228,23.085,1000.0,0.0,400,8000000,40,0.00539883179590106,1.5682542503338122,0.0,3.401115267935652,0.32102782736285423,-0.0026671763640479184,14.312945365905762,47.49082541465759,61.80377173423767,-8.583068478174027e-09,-1.9073485846288207e-10
