Metrics/EpRet,Metrics/EpCost,Metrics/EpLen,Metrics/EpSuccess,Train/Epoch,Train/TotalSteps,Train/StopIter,Train/KL,Train/LR,Loss/Loss_reward_critic,Loss/Loss_cost_critic,Loss/Loss_actor,Loss/Loss_ewc,Time/Rollout,Time/Update,Time/Total,Value/RewardAdv,Value/CostAdv
-248.6858380844029,0.917469782498882,81.09595633809035,0.0,1,20000,35,0.01494818739593029,0.00029925,256.69844553088666,0.3426707492031868,-0.020598308991879696,0.0,15.132022619247437,50.60782718658447,65.73985147476196,-1.0600089694889903e-07,-5.149841442175784e-09
-410.4996488636177,1.0180555555555555,141.6184027777778,0.0,2,40000,35,0.015046307817101479,0.0002985,212.20602192602328,0.22839459567745218,-0.021120575168444202,0.0,15.532694578170776,50.38872170448303,65.9214174747467,-2.0577907378083182e-07,1.5735626135437997e-09
-241.70929175659015,1.0865909090909092,89.95954545454546,0.0,3,60000,35,0.01551037561148405,0.00029775,351.6436948099837,0.45996925523398347,-0.02075102051436503,0.0,15.12985897064209,48.141085624694824,63.27094554901123,-5.455017060285172e-08,-5.769729582993932e-09
-294.08839867121554,1.413428571428571,113.79028571428573,0.0,4,80000,34,0.020307468250393867,0.000297,317.930474254606,0.4673788915525683,-0.02520717242119172,0.0,15.004581689834595,45.78011631965637,60.78469920158386,6.599426427555954e-08,-1.4305114870438729e-09
-263.321757300284,1.06524064171123,106.64117647058825,0.0,5,100000,30,0.021100491285324097,0.00029625,388.95347736183953,0.450180648706052,-0.025735154503403992,0.0,15.080384492874146,45.07083535194397,60.15122079849243,-1.440048258416482e-08,-1.0609626510671433e-09
-199.99728572263652,0.799800796812749,82.97569721115538,0.0,6,120000,24,0.020680958405137062,0.0002955,567.3096109172915,0.2942971081013719,-0.024389545627744695,0.0,15.778151750564575,35.05798316001892,50.83613610267639,-5.149841442175784e-09,-4.100799699813251e-09
-143.12522856384948,1.0716828478964402,61.746440129449844,0.0,7,140000,25,0.02005056105554104,0.00029475000000000004,599.9076465994253,0.6017019091922635,-0.026291338829442668,0.0,14.97472882270813,37.23786807060242,52.21259784698486,-5.2452087118126656e-09,1.0776520120714395e-08
-185.45205523869038,1.3452083333333333,82.84791666666666,0.0,8,160000,17,0.020524336025118828,0.00029400000000000004,513.8378608243355,0.7741935683991581,-0.023321613689261094,0.0,15.483459949493408,21.67298698425293,37.15644812583923,-5.435943695175638e-09,3.433227480087453e-09
-140.96506140426143,0.9931372549019607,66.30980392156863,0.0,9,180000,17,0.020177289843559265,0.00029325000000000005,559.4335316910912,0.5762228717709972,-0.02356849407812721,0.0,14.914833068847656,21.702322244644165,36.61715626716614,1.5544891596164234e-08,1.239776614703203e-09
-151.99211769214736,1.0375451263537905,73.5072202166065,0.0,10,200000,16,0.02022506482899189,0.00029250000000000006,466.5001522314053,0.4684569347060669,-0.023197673225227502,0.0,15.135837316513062,22.4162380695343,37.55207633972168,3.814697446813398e-09,-8.583068700218632e-10
-138.2991813423804,1.1934343434343433,69.12676767676768,0.0,11,220000,13,0.02031007409095764,0.00029175000000000007,408.32237467527915,0.6771268781085042,-0.02164843440762865,0.0,16.06791067123413,16.349159479141235,32.41707158088684,6.246566819356758e-09,6.103515470812226e-09
-112.44886047686569,0.8346153846153846,59.05147928994083,0.0,12,240000,15,0.021987179294228554,0.0002910000000000001,467.2419252698287,0.5369059717296538,-0.023807879023777602,0.0,15.11645770072937,19.3467378616333,34.463196992874146,8.106232129989621e-09,-4.00543198608716e-09
-129.56028404555758,1.0577464788732394,68.39612676056338,0.0,13,260000,11,0.02227986976504326,0.0002902500000000001,401.5358702576233,0.5559783607673722,-0.0201788228038983,0.0,14.926859855651855,14.407233238220215,29.334094047546387,-7.057189943537878e-09,-4.0531160649948106e-09
-130.7885024213159,0.9665454545454546,72.426,0.0,14,280000,11,0.02072027325630188,0.0002895000000000001,378.13343381590875,0.48981713722810266,-0.019497737596301086,0.0,14.926620721817017,14.545999526977539,29.472621202468872,-3.528594971768939e-09,-1.9788741756343597e-09
-115.68901938913349,1.1177152317880794,68.55860927152318,0.0,15,300000,9,0.020605433732271194,0.0002887500000000001,367.63193069690925,0.6751187818192995,-0.018061212153082404,0.0,15.342987298965454,11.023316860198975,26.366305112838745,4.458427405040766e-09,-1.6212463593845428e-09
-127.88665699597661,0.9713675213675215,77.4946581196581,0.0,16,320000,8,0.02063514105975628,0.0002880000000000001,324.27223907263516,0.4670102326645733,-0.01672644336048079,0.0,14.934931516647339,10.87656283378601,25.811496019363403,-3.051757735406113e-09,-2.0980834847250662e-09
-92.3777022243503,1.196619718309859,60.67112676056338,0.0,17,340000,8,0.020794957876205444,0.0002872500000000001,305.8049429872165,0.7483675127712112,-0.0175196306237701,0.0,15.308235168457031,9.868191719055176,25.176427841186523,1.8024444159436825e-08,2.38418573772492e-09
-95.27581900247999,0.8896604938271605,63.10864197530864,0.0,18,360000,11,0.020544525235891342,0.00028650000000000013,271.0171932405488,0.6159674038798387,-0.02083614327699474,0.0,15.640527248382568,13.704379081726074,29.34490728378296,-9.012222079718413e-09,1.6212463593845428e-09
-79.64098538401012,1.3624999999999998,58.28110119047619,0.0,19,380000,8,0.0207322109490633,0.00028575000000000014,265.45320679356877,0.8594491950298746,-0.016454599073291356,0.0,14.802245855331421,10.069215297698975,24.871462106704712,-9.441375681262798e-09,-2.8371811566785254e-09
-72.83280752855406,1.4408309455587394,53.6531518624642,0.0,20,400000,10,0.020126715302467346,0.00028500000000000015,262.7154713201066,1.0595411880852315,-0.018888158955724356,0.0,15.11960768699646,14.102682828903198,29.222291469573975,-1.3399124476620727e-08,-8.106232129989621e-09
-63.55444026948931,0.9216783216783216,48.95979020979021,0.0,21,420000,8,0.020237283781170845,0.00028425000000000016,261.48367615477343,0.6872809796085277,-0.016746945403212796,0.0,14.98415732383728,10.256897687911987,25.241055965423584,3.051757735406113e-09,3.123283409678379e-09
-66.5499204660392,1.0953424657534248,56.00520547945205,0.0,22,440000,1,0.020079439505934715,0.00028350000000000017,223.20923916752727,0.764267736540054,0.004219104933103148,0.0,15.171629190444946,1.2736639976501465,16.445295095443726,4.386901952813105e-09,-1.8119812317252126e-09
-66.70802572205235,0.9721264367816093,57.82011494252873,0.0,23,460000,7,0.020042026415467262,0.0002827500000000002,172.4017357802293,0.6034550162169118,-0.015507949408422603,0.0,15.134024143218994,8.734886646270752,23.868911504745483,1.8596648665436533e-09,-1.0967254882032762e-09
-46.16390222785984,1.2985458612975393,44.90973154362416,0.0,24,480000,7,0.020174361765384674,0.0002820000000000002,173.74898321168274,1.3407369883895084,-0.01599067271615254,0.0,15.209944009780884,8.735416650772095,23.945361852645874,-3.5762788286319847e-08,-6.008148201175345e-09
-74.25540057770517,1.3882899628252787,72.11895910780669,0.0,25,500000,4,0.020497284829616547,0.0002812500000000002,145.585578711269,0.8798021538653218,-0.010755033761905595,0.0,15.44205117225647,4.996137380599976,20.43818950653076,-3.190040587242038e-08,-2.38418573772492e-09
-45.477663048231534,1.1209006928406466,47.69549653579677,0.0,26,520000,6,0.02147749625146389,0.0002805000000000002,159.28683552523646,0.9205159046969855,-0.014360800639630014,0.0,15.61617374420166,7.566606521606445,23.182781457901,-1.2111663671987571e-08,9.536743617033494e-10
-45.24646022343031,1.030128205128205,51.14256410256411,0.0,27,540000,5,0.020538054406642914,0.0002797500000000002,141.49600696502782,0.8260066419268568,-0.012660079797842918,0.0,15.538697004318237,6.55159068107605,22.09028911590576,-1.9645691295977485e-08,-2.6702879907247734e-09
-43.21670018971912,1.04025069637883,53.32172701949861,0.0,28,560000,5,0.020907841622829437,0.0002790000000000002,127.48269595551415,0.7535981135198865,-0.011213664705760944,0.0,14.885320901870728,6.329696893692017,21.21501851081848,-1.125335735707722e-08,-3.814697446813398e-09
-54.55456121260271,1.166376306620209,70.70801393728223,0.0,29,580000,5,0.02035611681640148,0.00027825000000000023,112.00981852376042,0.6610197771090669,-0.010909055072231034,0.0,14.820741415023804,6.442757844924927,21.263500452041626,3.4093858403139166e-08,-7.39097616442308e-10
-34.679168934716586,1.1700992555831264,51.170099255583125,0.0,30,600000,6,0.020804956555366516,0.00027750000000000024,112.51173254019156,0.9700612008603363,-0.014470218180051952,0.0,15.007246732711792,7.658639430999756,22.665887117385864,2.6941298969518357e-08,-2.8610229740877458e-09
-37.190145517863606,1.0145209580838321,58.59865269461079,0.0,31,620000,5,0.02162773348391056,0.00027675000000000025,110.08126239228173,0.850498118982338,-0.01113173897815541,0.0,14.992884874343872,6.627226829528809,21.620112895965576,1.4686584393075464e-08,-5.054473728449693e-09
-34.09606873461629,1.1955489614243322,59.791097922848664,0.0,32,640000,6,0.022055380046367645,0.00027600000000000026,100.05221806953763,0.7041518809204411,-0.013519088306719154,0.0,15.037821531295776,7.767832279205322,22.805654764175415,-1.8692016823251834e-08,-1.1682510514532396e-09
-20.8314791558585,1.4976351351351351,42.0509009009009,0.0,33,660000,6,0.021104631945490837,0.00027525000000000027,97.01601139145791,1.4424165652646297,-0.01375930133043601,0.0,14.805841207504272,7.446658372879028,22.252500772476196,4.76837147544984e-09,3.7193297330873065e-09
-22.3288163058183,0.9534831460674158,47.4385393258427,0.0,34,680000,3,0.022466160356998444,0.0002745000000000003,80.70501561312122,0.8877401457458767,-0.006542778180672115,0.0,14.933807373046875,3.9989311695098877,18.932740449905396,-4.1961669694501325e-09,-3.3378602104505717e-09
-18.900004824591797,1.1667840375586855,48.1537558685446,0.0,35,700000,4,0.02062639407813549,0.0002737500000000003,72.48841660319806,1.1891604107670701,-0.008826353309747462,0.0,15.008985042572021,5.099560737609863,20.10854697227478,1.0657310589579083e-08,-1.7166137400437265e-09
-17.251489248667692,1.428005464480874,54.58073770491802,0.0,36,720000,3,0.02000862918794155,0.0002730000000000003,68.55633245311734,1.3073074102750855,-0.0075954437261810314,0.0,15.00249695777893,3.741759777069092,18.74425768852234,3.8003921787321815e-08,-3.433227480087453e-09
-22.873333007246465,1.5083984375000001,78.0201171875,0.0,37,740000,2,0.021957434713840485,0.0002722500000000003,58.97324426181781,0.8136730928200121,0.0004137344829464397,0.0,14.958908796310425,3.0649282932281494,18.02383804321289,1.0204315614714687e-08,-2.0503998499066256e-09
-11.260419748842553,1.09616368286445,50.33299232736572,0.0,38,760000,4,0.02297322452068329,0.0002715000000000003,61.09523836720866,1.0315624747199181,-0.00740689752785602,0.0,15.90019702911377,5.0520923137664795,20.952290534973145,2.727508530142586e-08,1.4305114870438729e-09
-5.798070036276806,1.4983516483516484,44.82043956043957,0.0,39,780000,3,0.020967507734894753,0.0002707500000000003,64.99342301706918,1.4759466887726445,-0.0053926034169955945,0.0,14.761000633239746,3.7533411979675293,18.514342546463013,2.1219253909521285e-08,-6.961822673900997e-09
-5.5962296208904245,1.3092857142857144,56.38285714285714,0.0,40,800000,1,0.021395526826381683,0.00027000000000000033,52.77100918315851,1.0412271970662828,0.005532093587132117,0.0,16.29020094871521,1.4846642017364502,17.774866104125977,3.747939913978371e-08,2.336502102906479e-09
-8.332263795682445,1.1078014184397162,69.76595744680851,0.0,41,820000,3,0.021054143086075783,0.00026925000000000034,44.789171681998255,0.7467155044896407,-0.004154088811480754,0.0,16.668935775756836,4.3267881870269775,20.99572515487671,1.5592574342804255e-08,1.6212463593845428e-09
-0.9300066787739811,1.2931472081218274,52.04149746192893,0.0,42,840000,5,0.021305937319993973,0.00026850000000000035,56.74429035247705,1.0342191664936444,-0.010659489581010307,0.0,16.00616216659546,8.087220668792725,24.09338402748108,4.2915345943583816e-08,-1.0490417423625331e-09
3.1935600437729947,1.1381619937694705,59.93644859813084,0.0,43,860000,2,0.020691610872745514,0.00026775000000000036,48.18517327689515,0.9351234063744164,-0.0011272876614186996,0.0,18.3476619720459,4.156917572021484,22.504580974578857,-2.2888183792701966e-08,-1.0728835597717534e-09
4.812852429177247,1.5595505617977528,74.70524344569289,0.0,44,880000,6,0.022321587428450584,0.00026700000000000036,42.8000468189597,0.8197760825958876,-0.01387487438902124,0.0,17.087867259979248,8.68510127067566,25.77297019958496,-7.629394893626795e-09,4.243850604268573e-09
8.114085541257852,1.5100436681222706,80.98668122270743,0.0,45,900000,2,0.020517628639936447,0.0002662500000000004,40.431268446742536,0.8634406544101505,-0.0006155258360000464,0.0,17.489227056503296,3.4373934268951416,20.92662286758423,2.717971803178898e-08,-2.7656554824062596e-09
8.720664299764668,1.6457191780821916,73.6208904109589,0.0,46,920000,3,0.021926721557974815,0.0002655000000000004,47.795464058653614,1.145366354999197,-0.005856729854945653,0.0,17.186331033706665,4.661416053771973,21.847748517990112,2.1362303925798187e-08,-5.912780931538464e-09
13.39727806622426,1.7728618421052629,67.35493421052631,0.0,47,940000,4,0.020828304812312126,0.0002647500000000004,46.65447287818494,1.2270736780981668,-0.008193172403788283,0.0,18.05502676963806,5.985403060913086,24.040431261062622,-7.343292196537732e-09,1.7642974858844696e-09
15.118630393115058,1.6516566265060244,58.62364457831326,0.0,48,960000,4,0.02148335427045822,0.0002640000000000004,50.079178580079976,1.2716061682842028,-0.007880989889861249,0.0,19.101009368896484,5.7373130321502686,24.83832335472107,1.5807151143576448e-08,2.3841859042583735e-10
18.552889883562305,2.0728373702422145,70.5506920415225,0.0,49,980000,6,0.022572824731469154,0.0002632500000000004,49.180976743769214,1.3410087864175517,-0.01102865962123179,0.0,17.623536109924316,8.725620031356812,26.349157333374023,4.76837147544984e-09,-3.5762786065873797e-09
27.495772110945598,2.128532608695652,106.06059782608696,0.0,50,1000000,3,0.020701946690678596,0.0002625000000000004,35.99141614607221,0.9344203199822301,-0.0037153917421806006,0.0,17.297295331954956,4.380498886108398,21.677796602249146,-2.5081634547063913e-08,4.959106458812812e-09
86.14968513107259,2.0047619047619043,552.15,0.0,51,1020000,1,0.030772268772125244,0.0002617500000000004,18.538463220809597,0.12021205743280844,0.01264359268505638,0.12758157079038507,19.34271550178528,1.6879005432128906,21.03061819076538,4.177093515522756e-08,-1.2636184321124233e-09
119.38292289114183,1.1107142857142855,824.5071428571428,0.0,52,1040000,2,0.025789108127355576,0.00026100000000000044,18.010734662461203,0.07795311392139131,-0.0008086672338386313,0.4997055390343879,16.685983419418335,3.372384548187256,20.058368682861328,-7.667541268574496e-08,2.384185730786026e-11
162.12755072821892,1.1595238095238096,802.7666666666668,0.0,53,1060000,2,0.02251444011926651,0.00026025000000000044,19.90320591195323,0.07405517152406442,0.0011043399118613035,0.9315891218261597,17.02948236465454,3.5187675952911377,20.548251390457153,9.918212917625624e-09,-1.5377998874299692e-09
175.38870042000892,1.0557692307692306,798.4019230769231,0.0,54,1080000,2,0.020966824144124985,0.00025950000000000045,18.824626066433353,0.07827473167306223,-0.00038294384431558106,1.4542080424845027,18.242001056671143,3.5470540523529053,21.78905701637268,4.9877165508860344e-08,7.9870221547651e-10
222.37306013621003,1.2977272727272728,895.2340909090909,0.0,55,1100000,2,0.021914081647992134,0.00025875000000000046,15.214313053856262,0.0680398192679206,-0.00036064777285241473,2.197154505184283,17.154732704162598,5.091036558151245,22.245771408081055,1.1539459165987864e-08,-1.430511542555024e-10
261.5571200355451,0.9047619047619045,933.647619047619,0.0,56,1120000,2,0.021893179044127464,0.00025800000000000047,13.278925507594222,0.02545022641192562,-0.0019392686101575248,3.1251305707346515,18.363402366638184,4.85203742980957,23.215442657470703,-3.1471252270875993e-08,1.4185905783392627e-09
275.7292484143613,0.8854166666666666,900.4145833333332,0.0,57,1140000,3,0.02320418879389763,0.0002572500000000005,16.472287751361332,0.04741752177826005,-0.0025984329095604226,4.1706927508210985,18.27771759033203,4.937449216842651,23.215168476104736,-7.040500804578187e-08,-2.3245810831795666e-10
300.6642591399097,1.2174999999999998,895.5975000000001,0.0,58,1160000,2,0.020907487720251083,0.0002565000000000005,12.552315386720359,0.0570246019480994,-0.00024808937915788294,5.469022181087409,17.79442286491394,3.6154797077178955,21.40990424156189,1.1348724626714102e-08,-7.15255771277512e-11
343.8163005117836,0.8347826086956521,934.8456521739131,0.0,59,1180000,4,0.021801089867949486,0.0002557500000000005,13.85518219352911,0.016762247791115088,-0.007593830042822173,6.99798507812305,17.525959491729736,7.166545391082764,24.692506313323975,1.5735626135437997e-09,-1.2278557059985928e-09
353.2484007132443,0.43636363636363634,908.7886363636364,0.0,60,1200000,1,0.022716542705893517,0.0002550000000000005,14.498805475692018,0.022646309849553216,0.004348345080051369,8.079133400901819,17.700844049453735,1.5340585708618164,19.234903812408447,6.294250454175199e-09,6.556510889765832e-10
355.51426264875545,0.569047619047619,881.602380952381,0.0,61,1220000,3,0.021182142198085785,0.0002542500000000005,17.701723104340836,0.017571001761931136,-0.0022975902952833043,9.425715440378402,16.806917190551758,4.786512136459351,21.593430519104004,5.29289252426679e-08,-6.37769725919668e-10
379.2193735389297,0.1875,916.9499999999999,0.0,62,1240000,2,0.020764000713825226,0.0002535000000000005,15.427712059630373,0.008114579186504023,0.0010566317093984102,10.923076625068347,17.255895853042603,3.427572727203369,20.6834716796875,5.998611385393815e-08,1.0132789746153392e-10
372.18862382118306,0.10500000000000001,911.3924999999999,0.0,63,1260000,2,0.02072502113878727,0.00025275000000000053,16.311608493518523,0.011183035515320187,0.0014231423475443365,12.274752869773597,16.23061990737915,3.5036611557006836,19.73428201675415,-2.5939941750152684e-08,3.1590460802810583e-10
425.23894720688946,0.3477272727272727,951.5204545454543,0.0,64,1280000,4,0.02044365555047989,0.00025200000000000054,13.548394333059415,0.010884636099236056,-0.005177498175822103,14.193438085885093,17.060844898223877,7.3692498207092285,24.430095672607422,1.2207030941624453e-08,-8.016824981638138e-10
430.40672668532557,0.9340909090909086,929.5022727272728,0.0,65,1300000,3,0.020262176170945168,0.00025125000000000055,17.925207521460944,0.0556391320960979,-0.0024409321329186455,15.916012316085279,17.294540882110596,5.229876518249512,22.524420022964478,-2.2888184680880386e-09,2.8014182640312413e-10
428.25209469047115,0.29047619047619044,896.5714285714288,0.0,66,1320000,1,0.02091359533369541,0.00025050000000000056,17.858660877703098,0.019402795511419876,0.0053136862796573595,17.08007980078554,17.71114444732666,1.5304999351501465,19.24164581298828,3.013610694324598e-08,5.00678998260895e-10
444.3758271760344,0.3565217391304348,885.421739130435,0.0,67,1340000,1,0.023786034435033798,0.00024975000000000057,15.476616338419076,0.004551641913815238,0.00820177780113186,17.995560545509996,15.827594995498657,1.7595493793487549,17.58714532852173,-3.0088425972962796e-08,9.95397542169485e-10
495.652483492596,0.606521739130435,939.158695652174,0.0,68,1360000,2,0.023587822914123535,0.0002490000000000006,13.19897570815711,0.039217223886016624,0.0014892627735036059,19.78704936359637,20.432149410247803,3.590886354446411,24.023037433624268,4.2057038740495045e-08,1.788139358804841e-10
479.6909823839236,0.6925,903.4074999999999,0.0,69,1380000,1,0.023738214746117592,0.0002482500000000006,10.361988451534186,0.010121190822281585,0.007012153483225038,21.247288767902997,17.776946783065796,1.7595796585083008,19.53652787208557,3.0803679607060985e-08,-9.536742923144104e-11
573.7031354833733,0.37750000000000006,1000.0,0.0,70,1400000,4,0.023639852181077003,0.0002475000000000006,15.694892810937315,0.003499402043379147,-0.005705612553536487,23.675511447004617,16.796924114227295,6.481608629226685,23.278533697128296,7.820129432900558e-09,2.3245810831795666e-10
569.9322836047561,0.2325,972.1400000000001,0.0,71,1420000,5,0.02251446433365345,0.0002467500000000006,15.275792588060275,0.0061390314785281595,-0.007177734116431528,25.85582037855642,16.87518048286438,9.166584253311157,26.04176902770996,7.104873578356319e-09,2.384185730786026e-11
580.8070185221611,0.3175,988.0600000000001,0.0,72,1440000,1,0.023783089593052864,0.0002460000000000006,12.76515013569841,0.005144662244584613,0.00890256850846326,27.289792795150806,16.78579568862915,1.5170116424560547,18.30280828475952,-2.1266936656161306e-08,3.1590460802810583e-10
589.4833358923582,0.48500000000000004,1000.0,0.0,73,1460000,1,0.02182408981025219,0.0002452500000000006,12.469071753108844,0.017616162468424845,0.010006305656006066,28.776070299239965,17.177045345306396,1.8042027950286865,18.981249570846558,2.174377478070255e-08,-1.84774404110577e-10
582.1977894454881,0.3904761904761904,960.5357142857143,0.0,74,1480000,1,0.024742096662521362,0.00024450000000000063,15.064915422433481,0.004727130679349704,0.00735649803486733,30.259612177888425,18.890827655792236,2.4413414001464844,21.33217144012451,-2.0980834847250662e-09,6.631016569169645e-11
603.2860365817744,0.20750000000000002,992.6875,0.0,75,1500000,4,0.020541517063975334,0.00024375000000000064,15.742590053012957,0.0036838527255302544,-0.003958793376727155,32.416484104558684,16.524573802947998,7.2051496505737305,23.729724645614624,1.0299682884351569e-08,5.42402289749333e-10
614.1736623405797,0.18409090909090908,982.7636363636365,0.0,76,1520000,3,0.021633179858326912,0.00024300000000000062,19.466263103789796,0.0022513337594013624,0.00010001749996417247,34.226274561450374,16.129960536956787,5.158022880554199,21.28798484802246,1.8644332300254973e-08,-7.15255771277512e-11
620.2069740388212,0.17249999999999996,963.1600000000001,0.0,77,1540000,1,0.021247360855340958,0.0002422500000000006,13.577894725738624,0.006033415435076938,0.009246289304579599,35.69659501828325,17.53742504119873,1.7821452617645264,19.319571256637573,1.3828277189986693e-08,1.1175870645585562e-10
661.0073779673227,0.3325,1000.0,0.0,78,1560000,2,0.023873627185821533,0.00024150000000000058,12.234229881923419,0.01742585245042406,0.005026002415268423,37.37608791387881,16.18959355354309,3.1060380935668945,19.29563283920288,-6.089210558002378e-08,1.490116086078075e-10
652.680708137527,0.34047619047619043,981.883333333333,0.0,79,1580000,1,0.023373374715447426,0.0002407500000000006,14.654420143499161,0.00233118636251878,0.0065852002361224005,38.69579412685796,19.566153287887573,2.5463716983795166,22.11252760887146,-1.125335735707722e-08,-2.2202729932363496e-10
621.0018075688996,0.09523809523809523,929.8142857142858,0.0,80,1600000,1,0.020196570083498955,0.0002400000000000006,17.289224313851744,0.00019598482329154406,0.008020442157698135,40.29909380099263,18.8607497215271,2.4956583976745605,21.35641074180603,1.2254714576442893e-08,-2.6971103128659024e-10
640.9510171710248,0.035714285714285726,922.7595238095239,0.0,81,1620000,1,0.02399425022304058,0.00023925000000000058,12.847426828104085,0.0005503734244095435,0.009487062112425273,41.79215688979664,16.498321294784546,1.6719043254852295,18.17022705078125,1.4638900758257023e-08,7.003545660078103e-11
698.3302613809351,0.09285714285714285,970.4714285714286,0.0,82,1640000,3,0.021690694615244865,0.00023850000000000057,17.589141116990323,0.0021771468914852724,-0.0008238050799035289,43.86736602295702,17.046255588531494,6.280998706817627,23.32725501060486,-1.1730193705261627e-08,1.0877847927970308e-10
740.1838958774495,0.8275,992.125,0.0,83,1660000,2,0.021078331395983696,0.00023775000000000057,15.17537011886938,0.0640723025492868,0.004516344232568011,45.658280662073494,16.244744300842285,3.5066471099853516,19.751392602920532,3.376007029487482e-08,3.69548808221154e-10
716.7289370369143,0.4113636363636363,970.3863636363639,0.0,84,1680000,3,0.020535800606012344,0.00023700000000000058,21.615219981017837,0.0063487694566996015,-0.0017657536196029478,47.52373063043792,16.336238384246826,4.845834732055664,21.182074308395386,4.720687840631399e-09,-3.0994415367580075e-10
689.2841014390667,0.3357142857142857,913.5761904761904,0.0,85,1700000,2,0.02013908326625824,0.00023625000000000057,22.09747664768475,0.005574424458902326,0.0025907792623330373,49.46871411381438,16.391377925872803,2.965996503829956,19.357376098632812,-5.817413217812373e-09,1.78813942819378e-11
765.5437572815175,0.15499999999999997,980.6200000000001,0.0,86,1720000,3,0.020416419953107834,0.00023550000000000057,19.465007441747176,0.0011232348778969445,0.0002957275072836711,51.85916870165938,17.835150480270386,4.9758217334747314,22.810973167419434,7.0095063087194376e-09,5.900859800789249e-10
812.2700617374727,0.08000000000000002,1000.0,0.0,87,1740000,2,0.020501669496297836,0.00023475000000000058,21.371301433910578,0.0006163939987296259,0.004735730732746493,53.78355821481528,17.648926496505737,3.438572645187378,21.08750009536743,7.1525572131747595e-09,-3.0398369932349567e-10
861.3287657483168,0.4071428571428572,967.1333333333334,0.0,88,1760000,3,0.020996110513806343,0.00023400000000000056,27.963820629099562,0.010316591809484021,0.0015045311897040937,55.56767608918829,18.685068368911743,5.326769113540649,24.011838674545288,-3.0088425972962796e-08,1.1920929521291868e-10
880.6510343062091,0.48249999999999993,985.21,0.0,89,1780000,1,0.028991112485527992,0.00023325000000000057,21.72784712063238,0.01071098996322608,0.009171560585213165,56.76006125794432,18.17941904067993,2.0007483959198,20.180169343948364,1.9741058565614367e-08,-6.258487478261188e-11
839.5121419787951,0.25250000000000006,1000.0,0.0,90,1800000,2,0.02141919918358326,0.00023250000000000058,23.644729674433748,0.004279488483972003,0.0042849346175611305,58.41137763562675,16.746675968170166,3.788541793823242,20.535218715667725,8.106232129989621e-09,-1.6093254506799326e-10
852.2260912855428,0.6023809523809525,964.8928571428568,0.0,91,1820000,1,0.022334428504109383,0.0002317500000000006,26.39865869302719,0.03392772131967515,0.006168576559950464,60.147082149030304,18.521477222442627,1.6290819644927979,20.15056037902832,1.8167495952070567e-08,-3.635883261132733e-10
871.8304927477836,0.7299999999999999,985.9324999999999,0.0,92,1840000,5,0.023876499384641647,0.0002310000000000006,29.0548493696097,0.019951627495309588,-0.00521656550711003,62.51193675080808,19.073294401168823,7.5885279178619385,26.661823987960815,-1.0013580187262505e-08,3.8146971692576415e-10
965.4233510880051,1.4149999999999998,984.805,0.0,93,1860000,2,0.020682882517576218,0.00023025000000000058,31.713897214529993,0.02308393166677211,0.005111022715861448,63.99705617496381,15.736918210983276,2.891435384750366,18.62835454940796,-1.1634826435624745e-08,-1.5497207961345794e-09
926.8951123328205,0.8357142857142857,986.8714285714285,0.0,94,1880000,1,0.026124797761440277,0.0002295000000000006,34.475644075070704,0.012110799439987852,0.00835150984017708,65.16573470240584,17.22974991798401,1.742915391921997,18.97266674041748,-1.3399124476620727e-08,-6.854534301270476e-11
863.1903393041209,0.9500000000000002,914.145238095238,0.0,95,1900000,2,0.022940823808312416,0.0002287500000000006,35.4648852546375,0.03995566133959457,0.005003145815560612,66.45793528450183,15.960383892059326,2.890531301498413,18.850916385650635,3.671646098268866e-09,1.3053417236008613e-09
1021.0405089782549,2.4325,991.4575000000001,0.0,96,1920000,1,0.023117128759622574,0.0002280000000000006,30.71336982958614,0.07662192493388519,0.012269503356644902,67.84415321228222,15.749340534210205,1.5167405605316162,17.266082525253296,-7.98702259885431e-09,6.198883073516015e-10
989.0649722489109,1.3928571428571426,997.2071428571429,0.0,97,1940000,1,0.023681988939642906,0.00022725000000000062,34.712516208807116,0.040209830684673646,0.007486713215554008,68.81224813248022,17.36132526397705,1.4826977252960205,18.844024181365967,-1.0108947456899386e-08,4.410743714711174e-10
997.0649555961306,2.4375000000000004,983.3825,0.0,98,1960000,1,0.024583296850323677,0.0002265000000000006,31.25514999669962,0.049244996259203214,0.01097019527036066,70.27341290556204,17.12769603729248,1.6778557300567627,18.80555295944214,-1.6307831529616124e-08,2.145767175054658e-10
1055.003952645923,2.0625,1000.0,0.0,99,1980000,2,0.021580150350928307,0.00022575000000000058,32.035930463681204,0.043619011730750126,0.004201958508278353,72.01762663137417,16.241146564483643,3.427267551422119,19.668415069580078,3.528594971768939e-09,1.072883587527329e-10
1043.9138696547373,2.1825000000000006,1000.0,0.0,100,2000000,1,0.021717334166169167,0.00022500000000000056,31.43067394354092,0.1469872898054711,0.010649773095862363,73.45161986427185,18.868841648101807,1.5505056381225586,20.41934847831726,-1.4495849853801701e-08,4.8398973717667104e-09
677.5799949562246,4.028125,718.34375,0.0,101,2020000,7,0.02113443613052368,0.00022425000000000057,96.34104679208649,0.23681360509438718,-0.00848958040202918,75.38449654520402,16.979183673858643,15.481292247772217,32.46047782897949,9.059905714536853e-09,5.9604645663569045e-09
494.53214030140276,3.901351351351351,550.0783783783784,0.0,102,2040000,5,0.022622350603342056,0.00022350000000000058,112.87087726958643,0.20484070043189648,-0.004113715276056633,77.35522202074337,17.714845895767212,10.291640281677246,28.006487607955933,-2.1934509319976314e-08,2.384185730786026e-11
517.5666893749577,5.831818181818182,495.0806818181818,0.0,103,2060000,3,0.020123925060033798,0.00022275000000000056,182.52776991140348,0.43137068053880057,-0.001683791362927459,79.20437739883114,17.660266876220703,5.568983554840088,23.229252576828003,-9.155273872352154e-09,-4.959106458812812e-09
596.4234934502848,7.482432432432433,541.2716216216216,0.0,104,2080000,2,0.024198150262236595,0.00022200000000000057,153.9608687684178,0.49133003817293974,0.004492602036587489,80.51544678173126,17.241909742355347,3.7861149311065674,21.028026819229126,3.0994415922691587e-09,6.151199549719877e-09
582.379433901683,6.576388888888888,530.5361111111112,0.0,105,2100000,1,0.02724691852927208,0.00022125000000000055,158.87117586958522,0.4243888391997106,0.010224398384733607,81.60469779115135,16.657116413116455,2.466374158859253,19.123492002487183,-3.433227480087453e-09,1.3828277412031298e-09
627.1197319975927,6.678205128205128,528.4705128205128,0.0,106,2120000,1,0.02128967083990574,0.00022050000000000056,181.25560481403582,0.3803762814488274,0.009969617779807042,83.14794899937444,16.73256540298462,1.656778335571289,18.389344692230225,1.7642974858844696e-09,-2.1934509764065524e-09
692.9694214553529,6.2171875,588.6359375,0.0,107,2140000,1,0.02952202409505844,0.00021975000000000057,145.90849438262063,0.31364048871036154,0.01303283610015203,85.02645169584135,16.99248242378235,2.28432297706604,19.276807069778442,2.956390465769232e-09,1.6689301052252858e-09
712.1968450945011,5.3296875,604.36875,0.0,108,2160000,1,0.030156658962368965,0.00021900000000000055,130.25921790516034,0.21227934151983108,0.014737667646794654,85.69691579410443,16.05538010597229,2.805281400680542,18.860663890838623,2.813339339269305e-09,-1.0251999249533128e-09
843.2899153811607,6.4479999999999995,719.2640000000001,0.0,109,2180000,1,0.033924102783203125,0.00021825000000000053,84.61308629215716,0.33842642243487386,0.01721488713426664,87.20656271255055,16.327440977096558,1.9040861129760742,18.231528997421265,7.96318033735588e-09,2.3484230116110894e-09
871.5134864330684,6.574137931034483,765.9379310344827,0.0,110,2200000,1,0.021239927038550377,0.00021750000000000054,102.17479714951195,0.22688203112195476,0.013489490277476061,88.53683525304825,15.944885730743408,1.9429552555084229,17.887842416763306,-8.106231796922714e-10,-7.9870221547651e-10
869.5013465645892,7.120833333333333,760.9541666666668,0.0,111,2220000,1,0.03877919912338257,0.00021675000000000055,77.4482726928906,0.4209492023998556,0.01554184700972356,90.04132509079223,15.660461902618408,2.016101360321045,17.676564693450928,1.125335735707722e-08,-4.947185328063597e-09
897.7838546838567,9.73214285714286,729.8946428571428,0.0,112,2240000,1,0.02638218365609646,0.00021600000000000053,114.7816723467062,0.3843384314649783,0.009094212396135821,90.81865723826253,16.34687900543213,1.7653355598449707,18.112215995788574,1.4305114870438729e-09,-9.536742923144104e-11
835.6307934907106,6.4203125,677.590625,0.0,113,2260000,1,0.0231647789478302,0.00021525000000000054,125.8105291604234,0.3129656405780262,0.005713480289656514,91.53139154598736,16.247763872146606,1.7817628383636475,18.02952814102173,-8.153915764808062e-09,4.577636936176077e-09
906.1323671939814,6.774074074074075,738.5703703703703,0.0,114,2280000,1,0.024655764922499657,0.00021450000000000055,110.68056981022747,0.32607263856278823,0.009735038700385596,92.6833252343126,16.80457377433777,1.7537627220153809,18.558337926864624,8.869171175263091e-09,5.722046170220096e-10
811.7741101371776,8.131666666666666,625.9699999999999,0.0,115,2300000,2,0.025397829711437225,0.00021375000000000053,122.10965271727346,0.4989198222518348,0.004981686937631653,94.36085855161039,17.663691997528076,3.5732295513153076,21.2369225025177,1.907348723406699e-09,-1.7166137400437265e-09
955.1608216361063,9.818518518518518,740.6296296296297,0.0,116,2320000,1,0.02276768535375595,0.00021300000000000054,116.19891610922524,0.4494121429114677,0.009909109075586446,95.7478990646216,16.605277061462402,1.6795361042022705,18.284814596176147,4.0531160649948106e-09,-1.6212463593845428e-09
1097.1766845370798,11.357407407407406,772.2555555555555,0.0,117,2340000,1,0.029263049364089966,0.00021225000000000055,119.08191991690249,0.5654444915656084,0.015175318001760557,96.68108540982865,16.57651376724243,1.8882312774658203,18.46474599838257,1.0156631091717827e-08,-5.9604643443123e-10
962.7200084641506,9.91,666.5266666666666,0.0,118,2360000,2,0.024530263617634773,0.00021150000000000053,143.34362861828302,0.4692494388276967,0.005486225492109697,97.85706102657623,16.657084941864014,4.07263445854187,20.7297203540802,-2.8610229740877458e-09,-7.629394338515283e-10
1005.8757475694521,10.13392857142857,705.4249999999998,0.0,119,2380000,1,0.020076464861631393,0.00021075000000000054,120.32474975464062,0.5526386051179882,0.010351433787649623,99.19233128361809,17.775049686431885,1.7979621887207031,19.573013067245483,-4.00543198608716e-09,-1.7404556684752492e-09
962.2938416409453,12.75344827586207,661.7620689655173,0.0,120,2400000,2,0.020501133054494858,0.00021000000000000055,159.8704303430673,0.6019691200064013,0.0036329643357509434,100.6704187850221,18.057642459869385,4.02456259727478,22.08220601081848,7.867813067718998e-09,1.0108947456899386e-08
941.5353079045382,11.503225806451614,676.6967741935483,0.0,121,2420000,1,0.02375085838139057,0.00020925000000000056,144.2788909692734,0.6922434963071689,0.011386816651700214,101.83394045113755,16.975223541259766,2.0145723819732666,18.989797592163086,5.149841442175784e-09,6.43730180271973e-09
949.6576507035317,14.836666666666668,662.0316666666666,0.0,122,2440000,1,0.022032877430319786,0.00020850000000000054,162.97815928596276,0.856865278210122,0.013270719716259942,103.10561975351158,16.654004096984863,2.3075575828552246,18.961562871932983,-4.887581006585151e-09,-3.0040741005876725e-09
866.5605142163253,13.007812500000002,636.8421874999999,0.0,123,2460000,1,0.02607373334467411,0.00020775000000000055,159.00641003812845,0.5875043758569053,0.011770819342091156,104.02626373973517,16.936296701431274,1.9696037769317627,18.905901432037354,4.768371808516747e-10,3.0040741005876725e-09
899.7426075124405,13.45967741935484,614.6612903225806,0.0,124,2480000,1,0.027232134714722633,0.00020700000000000053,145.1957963328011,0.7677558068269358,0.0151346586123942,105.37496138990116,18.493789672851562,1.8555846214294434,20.3493754863739,1.0585784693262212e-08,6.675719976811934e-10
1088.3963687138366,17.762962962962963,709.4314814814816,0.0,125,2500000,1,0.02571113593876362,0.00020625000000000051,127.75751150454195,0.8321573006364104,0.015238967733070874,106.6802607039674,18.00069546699524,2.3426337242126465,20.343331575393677,-9.822845647988743e-09,9.059906158626063e-10
1220.5382100391414,19.03333333333333,809.7000000000002,0.0,126,2520000,1,0.02476906217634678,0.0002055000000000005,121.24978337272668,1.0993522735068593,0.010439863028272559,108.1656238689971,16.85340142250061,1.7078652381896973,18.56126832962036,1.039505015398845e-08,5.2452087118126656e-09
1178.3210308784812,18.73928571428571,787.9017857142859,0.0,127,2540000,1,0.020055189728736877,0.00020475000000000048,136.07266272523532,1.04182555962104,0.006961474262070827,109.15362724328574,18.060590982437134,1.9771308898925781,20.037723541259766,-6.675719976811934e-10,-6.294250454175199e-09
1100.2028621758893,21.230357142857137,702.2660714285714,0.0,128,2560000,1,0.025737490504980087,0.00020400000000000049,156.7448289401996,1.040514006115758,0.008270990426321857,110.08136347079048,16.43007731437683,1.7977969646453857,18.22787570953369,-3.600120646041205e-09,-6.1988831845383174e-09
1118.9822696769395,21.658928571428568,698.8874999999998,0.0,129,2580000,2,0.021618299186229706,0.0002032500000000005,156.96387380532943,1.0427356000525503,0.004912366577685951,112.01121122463823,16.236807107925415,3.409780979156494,19.646589279174805,-4.1961669694501325e-09,1.0967254882032762e-09
1131.8157641959556,28.42678571428571,703.3178571428573,0.0,130,2600000,1,0.025715112686157227,0.0002025000000000005,173.39351184832782,1.8596885914619739,0.010183653478829054,113.8110900001404,16.037506341934204,2.5871360301971436,18.62464427947998,-1.6403198799253005e-08,1.0251999249533128e-08
1108.0272878489889,30.44137931034482,691.2810344827585,0.0,131,2620000,3,0.021844232454895973,0.0002017500000000005,198.2752432046226,1.7765202508312952,0.000559482669172148,115.27413543116171,17.152949810028076,5.506314992904663,22.659266471862793,3.933906533859499e-09,2.474784821515641e-08
1149.6787173966363,37.59354838709677,685.1580645161291,0.0,132,2640000,1,0.024973347783088684,0.00020100000000000052,207.3589733964719,2.3637505145118642,0.012804217240847527,116.4677060160774,17.524654150009155,2.1433045864105225,19.66796064376831,-2.38418573772492e-09,-3.814697180359872e-08
1024.3790539575562,32.59838709677419,627.5177419354837,0.0,133,2660000,1,0.027980489656329155,0.00020025000000000053,218.60897220209384,2.2155264602682463,0.007178737598950395,117.39768448119727,17.587677478790283,1.6350300312042236,19.222708463668823,1.0490417423625331e-09,-1.2969970875076342e-08
1268.8184525235276,40.485416666666666,746.6937499999999,0.0,134,2680000,1,0.03273053467273712,0.00019950000000000054,121.10274078442266,2.1964712205786294,0.01580669414683486,119.25067850423697,17.086045026779175,1.5967590808868408,18.68280577659607,2.241134566816072e-08,-8.583068700218632e-10
1421.2083763314617,51.035999999999994,835.4759999999999,0.0,135,2700000,1,0.030219294130802155,0.00019875000000000052,153.06410272129045,2.8196845229822225,0.014203737314326314,120.70525547795403,16.885635375976562,1.7195870876312256,18.60522437095642,1.7046929201569583e-08,-4.892349281249153e-08
1262.501528111466,54.24333333333334,708.3383333333334,0.0,136,2720000,2,0.02123052440583706,0.00019800000000000053,209.3119078383278,3.5082015713182884,0.0031452624107928227,121.87807066067339,18.071043252944946,3.117255210876465,21.188299655914307,4.00543198608716e-09,4.2724607851596375e-08
1195.8545885596568,50.79583333333333,756.7416666666668,0.0,137,2740000,1,0.026400893926620483,0.00019725000000000054,179.3762068702771,4.0009532481336745,0.009487756951964988,122.86265139838758,16.03787589073181,1.540893316268921,17.578770399093628,-2.38418573772492e-09,1.0967254659988157e-08
1164.5996795210235,51.87941176470588,705.5911764705882,0.0,138,2760000,1,0.020591463893651962,0.00019650000000000052,278.19794607924194,3.9556438602959387,0.006221680269656947,123.23318142631945,16.10915756225586,1.7936325073242188,17.902791261672974,2.241134611224993e-09,1.0299682884351569e-08
1148.8313438153425,47.736000000000004,663.002,0.0,139,2780000,1,0.023032959550619125,0.00019575000000000053,184.3617606604823,4.268199137986278,0.008223271390167288,123.97395244269325,15.376007318496704,1.612257719039917,16.988266229629517,3.5762786065873797e-09,-3.2424927187690855e-09
1317.206880772681,57.21964285714286,756.4107142857143,0.0,140,2800000,1,0.025642702355980873,0.0001950000000000005,215.4604901566673,3.2035523024610817,0.012951678408982275,124.62842784065028,15.81252670288086,1.5931951999664307,17.405723571777344,-2.0980834847250662e-09,1.3923645347801994e-08
1276.6547510642222,51.8396551724138,699.103448275862,0.0,141,2820000,2,0.03791851922869682,0.00019425000000000052,223.72219838578098,3.819731493727468,0.004336954917931281,126.01024845842355,16.42643451690674,3.275891065597534,19.70232653617859,2.574920721087892e-09,-7.724762163263676e-09
1353.0773826052096,55.260416666666664,810.0375,0.0,142,2840000,1,0.027466828003525734,0.00019350000000000053,134.35537200537735,3.0095706549696266,0.012881269446386697,127.35259873265275,17.538185596466064,1.7924385070800781,19.33062505722046,2.0980834847250662e-09,-1.4019012617438875e-08
1417.9489276590718,54.04599999999999,813.572,0.0,143,2860000,1,0.02404525689780712,0.00019275000000000054,163.85533590590993,2.660412530167796,0.012437908318096075,128.07905444550437,16.85090398788452,1.9462332725524902,18.797138690948486,-2.717971847587819e-09,1.2207030941624453e-08
1220.2646667118302,48.56551724137931,690.9586206896553,0.0,144,2880000,1,0.020364413037896156,0.00019200000000000055,222.9116881617342,3.9579047002731422,0.00703023085459924,129.5507274298622,16.34334444999695,1.6677048206329346,18.01105046272278,1.430511542555024e-10,-7.2479249269008506e-09
1320.7991378722054,60.43600000000001,723.3979999999999,0.0,145,2900000,1,0.02399348095059395,0.00019125000000000056,162.10140264834078,4.040089014620065,0.009737157761253203,130.4855349604695,15.796236991882324,1.896094560623169,17.69233274459839,-3.814697446813398e-09,7.772445798082117e-09
1528.810156607701,73.60370370370372,823.3481481481481,0.0,146,2920000,2,0.02417081780731678,0.00019050000000000056,197.04229116592163,3.9114509716201513,0.0023431434123494183,131.99748271418076,16.789886474609375,3.7615203857421875,20.551408529281616,5.2452087118126656e-09,1.3351440841802287e-08
1415.8591737584916,67.03260869565217,807.8782608695651,0.0,147,2940000,1,0.022633202373981476,0.00018975000000000057,134.60547411251372,3.7265542349495444,0.012424719374115094,133.96600044421115,16.53986120223999,2.0155930519104004,18.555454969406128,1.6117095213985522e-08,-8.201599399626502e-09
1623.2861433751689,73.76904761904763,894.0428571428571,0.0,148,2960000,1,0.028255721554160118,0.00018900000000000058,119.93339556855516,3.6698559880637514,0.012321955750520808,134.74757541254306,16.52551579475403,1.641446828842163,18.166963577270508,2.956390465769232e-09,1.516342251761671e-08
1403.0695230197528,65.43749999999999,765.5410714285715,0.0,149,2980000,3,0.022069808095693588,0.0001882500000000006,202.1381402345765,4.2286514210117,0.0009275159227767914,135.71383569491937,15.475892543792725,6.573867559432983,22.049761533737183,1.907348723406699e-09,-2.8610228852699038e-08
1471.8866397717186,76.44375,830.1645833333333,0.0,150,3000000,1,0.022632498294115067,0.0001875000000000006,169.18771307460798,5.473508626889116,0.009589565885119354,136.69851611445125,18.89330554008484,1.8097233772277832,20.703031063079834,-5.5551527822217395e-09,-1.201629640235069e-08
1071.8640699621549,42.182500000000005,890.3074999999999,0.0,151,3020000,1,0.020033443346619606,0.0001867500000000006,70.28598262555302,0.6667538852737354,0.01120211850976744,15.093369572307354,15.86343765258789,1.7347958087921143,17.59823489189148,-3.061294506778722e-08,-3.185272134942352e-08
759.6987416724527,0.29750000000000004,1000.0,0.0,152,3040000,1,0.027755197137594223,0.0001860000000000006,65.55646004844398,0.24882612515467042,0.01034221547944382,15.344027327272459,16.76150870323181,1.6310348510742188,18.392544746398926,-5.130767988248408e-08,-4.796981656340904e-08
808.4200234717792,0.195,1000.0,0.0,153,3060000,1,0.028661740943789482,0.0001852500000000006,45.09915802501642,0.14471200189460962,0.01229980601795232,15.875881048817986,17.62112307548523,1.8068888187408447,19.428014278411865,-5.6552888594296746e-08,-5.841255301675119e-08
861.5491706703369,0.12500000000000003,1000.0,0.0,154,3080000,1,0.031832173466682434,0.00018450000000000058,37.12833416423859,0.0895859120300593,0.011653272482676627,16.255137696433753,17.37790870666504,2.2952003479003906,19.673110008239746,1.9645691295977485e-08,1.2159347306806012e-08
931.3775885591285,0.395,1000.0,0.0,155,3100000,1,0.027524203062057495,0.0001837500000000006,35.51818713898095,0.058397586531818105,0.011124662819880837,16.545294356422303,16.822596073150635,1.7836277484893799,18.60622549057007,-1.354217538107605e-08,1.7607211688641655e-08
1019.6003126206576,0.45750000000000013,1000.0,0.0,156,3120000,1,0.021681612357497215,0.00018300000000000057,29.2562857618728,0.08289223329161112,0.011830145336937504,17.159063887672303,17.17132592201233,2.180730104446411,19.352057456970215,-7.724762163263676e-09,-8.225440772946513e-09
1063.636370060382,1.4600000000000002,1000.0,0.0,157,3140000,1,0.025911377742886543,0.00018225000000000058,25.902513382153007,0.0403990187465002,0.00948051440294463,17.837846116136056,16.56273913383484,2.414905548095703,18.977645874023438,1.8978118632162477e-08,9.059906158626063e-10
1056.9572226910257,0.6325,1000.0,0.0,158,3160000,2,0.021732963621616364,0.0001815000000000006,25.7067613616919,0.031171488066831718,0.0026402658509156003,18.6282792289417,17.66921591758728,3.6044466495513916,21.273663997650146,-5.2452087118126656e-09,2.968311374473842e-09
1113.663613732308,0.7525000000000001,1000.0,0.0,159,3180000,1,0.022099807858467102,0.0001807500000000006,25.957129009234638,0.02806926353837545,0.006826598951503777,19.55482022221477,16.832743644714355,1.7333896160125732,18.566134929656982,1.1587142800806305e-08,-2.6822089688183226e-11
1128.8383736731525,1.0100000000000002,1000.0,0.0,160,3200000,1,0.020836116746068,0.0001800000000000006,27.642629175521314,0.04067652254773024,0.007434409834777776,20.1735655080777,15.852946043014526,2.0246851444244385,17.877633094787598,1.0204315614714687e-08,-7.259845613560856e-09
1164.4065126365397,1.1900000000000002,1000.0,0.0,161,3220000,4,0.020324593409895897,0.00017925000000000062,24.23978045649422,0.0436915560110737,-0.0024558522198468258,21.35576275133858,15.970190525054932,7.3039891719818115,23.274181127548218,-9.536743617033494e-10,6.1571596710052745e-09
1209.2011009624257,1.3375,1000.0,0.0,162,3240000,5,0.021260561421513557,0.00017850000000000063,23.609816340973584,0.05272137739728339,-0.0032622695415497967,23.167491689809975,17.026817560195923,9.331441164016724,26.35826015472412,9.059906158626063e-10,-1.0776520120714395e-08
1225.9813948611159,1.8775000000000002,1000.0,0.0,163,3260000,1,0.022559117525815964,0.00017775000000000063,22.66137947594396,0.05702644045176074,0.006399003961406196,24.482547887978843,16.69696855545044,1.9633452892303467,18.66031575202942,-1.9645691295977485e-08,9.536743617033494e-10
1259.8601863338224,2.6475,1000.0,0.0,164,3280000,3,0.02321835421025753,0.00017700000000000064,25.807589986961617,0.08178362969598704,-0.0001974057357091778,25.645665732435525,16.035757064819336,6.648112773895264,22.683870792388916,-3.051757735406113e-09,2.861023085110048e-10
1211.7653540459814,3.4833333333333334,964.4880952380952,0.0,165,3300000,1,0.022066345438361168,0.00017625000000000065,37.762664691327856,0.17012225801999958,0.003530978748854547,26.45422057374217,20.175241708755493,1.809507131576538,21.984750032424927,7.915496702537439e-09,-5.960464760645934e-11
1262.805742403574,4.8774999999999995,998.0375,0.0,166,3320000,1,0.02107638120651245,0.00017550000000000066,30.443541051480718,0.12522301398003444,0.006229423812200752,27.112896251983155,16.44893455505371,2.2565248012542725,18.705460786819458,-1.525878978725359e-08,-6.675719976811934e-10
1313.469031263782,5.422499999999999,1000.0,0.0,167,3340000,5,0.020115390419960022,0.00017475000000000067,33.778076578938546,0.15640233422930058,-0.005626657672714406,28.53979098408367,15.7381272315979,9.199235439300537,24.937364101409912,-3.433227480087453e-09,4.410743714711174e-10
1300.1326521243618,6.035,983.7650000000003,0.0,168,3360000,3,0.020018670707941055,0.00017400000000000068,35.31872937016594,0.19458420976353719,0.0009124861607135643,29.951764729330208,17.447622776031494,5.5041868686676025,22.95181107521057,1.7166137400437265e-09,1.5258788677030566e-09
1291.415162377041,5.39761904761905,996.5,0.0,169,3380000,4,0.024928713217377663,0.0001732500000000007,39.36206175039371,0.2161160497405468,-0.0032083490450967684,31.395719150384775,16.561190128326416,6.33160662651062,22.89279794692993,-2.4604798198879507e-08,3.5762786065873797e-09
1325.2209913865256,7.9925,981.6699999999997,0.0,170,3400000,3,0.02406109683215618,0.0001725000000000007,36.01058569553688,0.15379006468172207,0.0006127070230893053,33.0631760545432,15.516018152236938,5.205475568771362,20.721495628356934,-8.869171175263091e-09,2.4557114119971857e-09
1360.166859489269,7.2625,986.8974999999998,0.0,171,3420000,1,0.020087512210011482,0.0001717500000000007,39.38133911279063,0.21226151754704717,0.008186118361858515,34.3198188684238,17.819584131240845,1.693974494934082,19.513559818267822,1.3256072683986986e-08,-1.00135799652179e-09
1468.125168445,8.22,992.3924999999999,0.0,172,3440000,1,0.024648739024996758,0.0001710000000000007,32.82593360267127,0.1808330816463731,0.00829431652195585,35.13537801188021,16.693756103515625,1.6886303424835205,18.38238835334778,1.2254714576442893e-08,-1.8596648665436533e-09
1476.9361343059927,9.5975,1000.0,0.0,173,3460000,1,0.027053415775299072,0.00017025000000000067,37.02306463467046,0.2947815626788254,0.009258199053200574,36.208822670836035,19.493694305419922,1.7418851852416992,21.235581636428833,-9.870529282807183e-09,-1.788139358804841e-10
1456.936469845805,10.507499999999997,1000.0,0.0,174,3480000,2,0.02092166803777218,0.00016950000000000065,38.27523749781112,0.27413904723434596,0.0036927217241233814,37.22981569332818,17.817110300064087,4.571237564086914,22.388349771499634,8.201599399626502e-09,-4.768371808516747e-10
1523.4523296437003,11.477500000000001,1000.0,0.0,175,3500000,2,0.02296341024339199,0.00016875000000000066,37.468208526270075,0.23330459102821616,0.0034220333794316355,38.59981760506432,17.759384393692017,3.457470178604126,21.216856479644775,-2.3031235585335708e-08,-5.00678998260895e-10
1545.0151315838925,13.7125,1000.0,0.0,176,3520000,2,0.024047955870628357,0.00016800000000000064,43.5421954968486,0.446592598915481,0.003972732145101213,39.93680333634154,18.066450595855713,3.2355899810791016,21.302042245864868,-2.8610229740877458e-09,9.298324332718266e-10
1469.706337263435,16.583333333333332,969.9142857142857,0.0,177,3540000,4,0.02113186940550804,0.00016725000000000065,54.79213854603874,0.4891352459383658,-0.0038945500806982693,41.98845704599691,17.22536611557007,8.4242103099823,25.649577617645264,-1.5354157056890472e-08,-5.841255035221593e-09
1423.0645204324642,16.611363636363635,935.4931818181816,0.0,178,3560000,2,0.020630374550819397,0.00016650000000000063,78.92887441190287,0.4151576127345189,0.0026671794226791816,43.50329608734423,16.87488055229187,3.9171934127807617,20.792075395584106,1.4090537625577326e-08,2.717971847587819e-09
1480.3393803302356,19.060000000000002,951.0674999999999,0.0,179,3580000,1,0.020450184121727943,0.00016575000000000064,58.235086270414605,0.5919480667041894,0.009040674813591634,44.31639752372766,16.10002589225769,2.1338162422180176,18.233843088150024,9.250641141989036e-09,-6.532669072356612e-09
1479.0165165720161,21.071428571428573,972.7595238095239,0.0,180,3600000,2,0.022192835807800293,0.00016500000000000065,66.82498165593742,0.6679836437106133,0.002885114655981715,45.68667816430235,16.140859365463257,3.7462728023529053,19.887133598327637,3.4093856626782326e-09,-1.275539407430415e-08
1505.454845513701,21.7075,993.3825,0.0,181,3620000,1,0.028472719714045525,0.00016425000000000066,52.75917254926298,0.6998850267630415,0.010873980306910155,47.075526971786545,16.593027114868164,2.219839096069336,18.812867403030396,6.294250454175199e-09,-1.0967254882032762e-09
1553.029508466329,21.1825,1000.0,0.0,182,3640000,2,0.02070602960884571,0.00016350000000000067,47.14713774397731,0.5681428110685212,0.0069188135304152016,48.23849066225485,18.02321481704712,3.9187254905700684,21.941941738128662,1.363754265071293e-08,-5.4836273299940785e-09
1509.8708606101766,21.987499999999994,1000.0,0.0,183,3660000,2,0.021797772496938705,0.00016275000000000068,38.09926863752615,0.8039748923371013,0.007766085763881429,49.365711650909326,17.039928197860718,3.34851336479187,20.388442516326904,-1.7786026873523042e-08,8.106231796922714e-10
1682.8485418478426,26.165,1000.0,0.0,184,3680000,1,0.020582279190421104,0.00016200000000000069,39.13379291680674,0.8215431411045427,0.00877058413772347,50.43980881809807,17.134835481643677,1.9223129749298096,19.057149410247803,-5.62667867853861e-09,-1.9073485846288207e-10
1621.106120443584,26.9,997.43,0.0,185,3700000,1,0.020806390792131424,0.00016125000000000067,58.457590867917,0.9119335063539755,0.00634005857548251,51.34759675047268,18.114521503448486,1.719618797302246,19.834141969680786,3.862381081631838e-09,3.8146971692576415e-10
1582.3538316516374,27.140000000000004,976.8699999999999,0.0,186,3720000,1,0.022928385064005852,0.00016050000000000068,42.58379619647139,0.8209980881442658,0.009695080111916074,52.355694840891296,16.798930406570435,1.8150482177734375,18.613981008529663,1.0204315614714687e-08,-8.296966669263384e-09
1609.5295481267947,28.45909090909091,927.3795454545457,0.0,187,3740000,5,0.022982796654105186,0.00015975000000000068,81.37014441688221,0.812384187718169,-0.005263355408554164,54.15381638645745,17.094727754592896,7.825742244720459,24.92047119140625,-7.104873578356319e-09,6.198883073516015e-10
1692.0231001873788,29.069047619047616,963.6380952380953,0.0,188,3760000,1,0.020634785294532776,0.0001590000000000007,60.02876789958332,0.8326698706363337,0.010473994523310623,55.7102380088343,16.363472938537598,1.5890522003173828,17.952526330947876,-1.239776614703203e-09,-4.720687840631399e-09
1624.2410178520836,29.115000000000002,978.9625,0.0,189,3780000,2,0.020777538418769836,0.00015825000000000068,52.22134816837006,0.9685237710468304,0.006776527792495042,56.905347196438825,16.598897218704224,3.1190779209136963,19.717976093292236,-5.722046170220096e-10,-1.7142296471206464e-08
1672.0314308416298,32.9975,1000.0,0.0,190,3800000,2,0.02246936224400997,0.00015750000000000066,52.59993945904814,0.9826728564481766,0.007449134149567816,58.02194698930929,16.341278553009033,3.332651138305664,19.673930406570435,9.870529282807183e-09,-7.915496702537439e-09
1746.34463824241,33.02,1000.0,0.0,191,3820000,1,0.023323386907577515,0.00015675000000000067,54.11237692909119,1.0078123330879516,0.008717718465735737,59.13948419832955,17.9013774394989,2.1113734245300293,20.012751817703247,1.907348723406699e-09,-3.7193297330873065e-09
1751.9984548598484,33.8525,1000.0,0.0,192,3840000,1,0.02055606245994568,0.00015600000000000065,42.212208525441326,1.0807924523902015,0.011098303178997753,60.31980948402478,16.17511773109436,1.543198823928833,17.718317985534668,-2.0980834847250662e-08,-9.53674295089968e-09
1852.2899238701752,42.41499999999999,1000.0,0.0,193,3860000,2,0.02276810072362423,0.00015525000000000066,44.634964392969785,1.1743997435885878,0.00505967500333945,61.54493969317061,15.790130853652954,3.307250499725342,19.09738278388977,3.671646098268866e-09,1.688003514743741e-08
1800.730312207416,38.519999999999996,1000.0,0.0,194,3880000,1,0.02283509075641632,0.00015450000000000064,47.26911622190628,1.1397384455600106,0.01074311725896435,62.95369312176689,16.40476083755493,1.5599324703216553,17.964694261550903,-1.7738342350526182e-08,-1.19209286886246e-09
1839.4062702271985,40.99499999999999,1000.0,0.0,195,3900000,1,0.027461111545562744,0.00015375000000000065,43.186214989366626,1.316339030814247,0.010292104452836532,64.52752463733808,17.56557035446167,1.7515230178833008,19.317095518112183,2.4604798198879507e-08,3.4093856626782326e-09
1971.6165499325678,50.6275,1000.0,0.0,196,3920000,1,0.02015550248324871,0.00015300000000000066,38.45849001217193,1.8798725820197084,0.01153287343448772,65.61203090679912,15.535646438598633,1.6809051036834717,17.216553211212158,-6.866454960174906e-09,-1.4114379887075756e-08
2009.6817926689105,57.78249999999999,1000.0,0.0,197,3940000,1,0.020956119522452354,0.00015225000000000066,45.62653778612423,1.7001116709968151,0.00913194055481555,66.64999026460008,16.6467924118042,1.9164929389953613,18.563286304473877,-1.1920929132713809e-08,1.645088176793763e-09
2014.5652657546138,54.540000000000006,1000.0,0.0,198,3960000,4,0.024655641987919807,0.00015150000000000067,42.53809127106834,1.7362392537129192,-0.0009540613556947238,69.29096123204826,18.149112701416016,6.854759216308594,25.003872871398926,1.5735626135437997e-08,6.484985437538171e-09
1955.6713199730596,55.307500000000005,998.8599999999999,0.0,199,3980000,3,0.021039918065071106,0.00015075000000000068,55.95245027186645,1.786927816776422,0.0003765195973130207,71.40154903359053,16.533628940582275,5.72632908821106,22.25995969772339,2.861023085110048e-10,4.768371808516747e-10
1888.1566718014237,57.8875,994.0800000000002,0.0,200,4000000,1,0.022378090769052505,0.0001500000000000007,65.84794407073682,2.0929322427454085,0.00703739631807985,72.60114190829829,17.016998291015625,2.291074275970459,19.308075189590454,4.00543198608716e-09,2.7465819840699623e-08
1474.5255582735615,39.871428571428574,985.0500000000002,0.0,201,4020000,5,0.020543888211250305,0.0001492500000000007,102.9909220162291,1.0587638196472924,-0.00413970037693747,73.62665976137399,17.019715309143066,10.380573749542236,27.400291204452515,-1.5735626135437997e-08,1.277923544762416e-08
952.8521442711063,10.427272727272728,924.8886363636365,0.0,202,4040000,2,0.021097827702760696,0.00014850000000000068,74.45998074071476,0.6334619637424002,0.006110037939203457,74.66600002496007,16.442065000534058,4.031586170196533,20.473652839660645,1.4686584393075464e-08,-5.006790093631253e-09
889.4578946801528,7.423913043478261,880.7021739130432,0.0,203,4060000,1,0.024602362886071205,0.00014775000000000066,79.24012909301173,0.6744655393563901,0.007898485061144248,74.97926586504562,16.509942531585693,1.8434863090515137,18.353431463241577,-1.2207030941624453e-08,-7.20024129208241e-09
996.7110890115363,15.574999999999996,907.9522727272729,0.0,204,4080000,1,0.03090117871761322,0.00014700000000000065,73.82259955421424,0.7699458791187015,0.00969621423370065,75.39180482614536,16.93265986442566,1.7775719165802002,18.710233211517334,-9.63211022053656e-09,-2.0265580324974053e-09
1024.1798505898978,18.69318181818182,901.1022727272727,0.0,205,4100000,1,0.030407195910811424,0.00014625000000000065,76.00546009929036,1.1260339639152581,0.01060049568552869,76.10359350332436,17.626879692077637,1.982020378112793,19.608901500701904,-2.0980834847250662e-09,5.388260060357197e-09
1081.7692852100465,23.395652173913046,893.8369565217391,0.0,206,4120000,2,0.022462839260697365,0.00014550000000000066,105.5548960240885,1.4732838827676284,0.004141125186441687,76.71048433102739,16.721799612045288,4.5746870040893555,21.296489238739014,3.8146971692576415e-10,4.1961669694501325e-09
1128.6551069040759,26.67142857142857,888.814285714286,0.0,207,4140000,1,0.02068766951560974,0.00014475000000000067,81.18525101658635,1.56734586399965,0.010998959354044626,77.01838854707468,16.715618133544922,1.7179663181304932,18.433585166931152,5.722046170220096e-10,1.4305114870438729e-09
1332.3944010223443,30.059999999999995,976.7450000000001,0.0,208,4160000,1,0.0264712106436491,0.00014400000000000065,54.68043854746956,1.2556731470476705,0.012332199342227497,77.50151042511669,17.13843321800232,2.5598368644714355,19.698271989822388,7.295608561719291e-09,-4.76837147544984e-09
1388.1130549105114,30.488095238095237,994.9809523809527,0.0,209,4180000,1,0.021592481061816216,0.00014325000000000064,69.02707770838143,1.4159025349936927,0.00858874022425078,78.30437732733095,15.7185959815979,1.948685884475708,17.667283296585083,-7.629394338515283e-10,1.0871887390351276e-08
1309.5794252251449,28.290000000000003,971.0749999999996,0.0,210,4200000,1,0.02045738697052002,0.00014250000000000064,63.76214219967778,1.136030532681523,0.011363645691198472,79.17790653606573,17.091705560684204,1.928462028503418,19.020169973373413,-5.435943695175638e-09,-1.478195232884616e-09
1469.8136132854625,38.50909090909091,959.4431818181819,0.0,211,4220000,2,0.02369684725999832,0.00014175000000000063,93.98254655649106,2.382680265096049,0.0032161211999603354,79.92099168430121,18.831228017807007,3.5784506797790527,22.409679651260376,-9.441375681262798e-09,-2.574920721087892e-09
1666.2543631221965,53.572500000000005,962.7575,0.0,212,4240000,1,0.025996530428528786,0.0001410000000000006,48.070656755100046,2.1507375303167886,0.01347987879418765,80.38529020071792,16.500660181045532,1.803215742111206,18.303877592086792,1.9073485846288207e-10,-1.907348723406699e-09
1712.955926396528,48.372499999999995,967.2349999999997,0.0,213,4260000,2,0.023408010601997375,0.0001402500000000006,76.22369758618144,2.158295174090626,0.003941421706479388,81.48023002063886,16.558467864990234,3.5340309143066406,20.09250020980835,1.1348724626714102e-08,1.5783310658434857e-08
1799.3246471592377,48.880952380952394,983.9904761904761,0.0,214,4280000,1,0.021932991221547127,0.00013950000000000057,66.89813463984967,2.0421553789236295,0.008898475376990275,82.27647641215462,16.466196060180664,2.183546304702759,18.649743795394897,2.243518792965915e-08,-3.0994415922691587e-09
1703.4476896161618,50.578571428571436,952.8714285714284,0.0,215,4300000,4,0.02065725438296795,0.00013875000000000058,70.20503003528705,2.5105196650797565,-0.0015711018874402197,84.0997583005375,15.973752498626709,7.859008550643921,23.832762002944946,-5.865096852630813e-09,-1.1467933269670993e-08
2019.132674898021,74.7625,996.76,0.0,216,4320000,1,0.021377280354499817,0.0001380000000000006,58.02213642010673,3.2013123282990135,0.007672512400954867,85.3102680486612,16.329487562179565,1.7443854808807373,18.0738742351532,-3.767013723177115e-08,-1.4305114426349519e-08
1665.2457528224297,62.61136363636363,926.1772727272728,0.0,217,4340000,3,0.02218562737107277,0.00013725000000000057,88.83177456028038,2.955404936696013,-0.00020373611452099614,86.51837020890274,15.985717535018921,5.782131195068359,21.767850399017334,7.581711258808355e-09,-1.1348724626714102e-08
1701.0173379362009,69.65238095238095,926.5523809523811,0.0,218,4360000,1,0.021155348047614098,0.00013650000000000058,86.34950744458281,2.8378264726922153,0.007496561063602329,87.68580517753625,16.342605352401733,1.7906639575958252,18.133270978927612,2.0265579436795633e-08,-3.614425736486737e-08
1775.2807152501891,67.975,962.2727272727273,0.0,219,4380000,2,0.021495910361409187,0.0001357500000000006,81.03424545141836,3.3163082161650492,0.004802583614155983,88.81116481939443,17.314384937286377,3.6494369506835938,20.963822603225708,-2.9182434246877165e-08,-9.441375681262798e-09
2018.4879149807862,92.715,956.075,0.0,220,4400000,2,0.023267488926649094,0.0001350000000000006,58.29876262006668,3.9055725972111612,0.0051863767019214154,91.22007131119506,17.400556564331055,4.211980104446411,21.61253809928894,-1.4495849853801701e-08,5.4740905142125484e-08
1993.1619317647826,97.325,961.9600000000003,0.0,221,4420000,2,0.020534146577119827,0.0001342500000000006,77.79344526723551,4.355670342810999,0.0036346402224569844,93.17022519827651,15.755581617355347,4.705120086669922,20.460702657699585,1.4781951662712345e-08,6.027221388649195e-08
2167.844236789275,126.35476190476187,989.5928571428568,0.0,222,4440000,1,0.025935573503375053,0.0001335000000000006,61.332336239921396,4.748079322778379,0.007935540241817125,94.53249739381833,16.916778564453125,2.2771711349487305,19.19395112991333,-2.632141082870021e-08,1.440048258416482e-08
2140.2149697243008,127.23499999999997,996.7375,0.0,223,4460000,1,0.02061416395008564,0.00013275000000000057,62.064070326832535,6.385096756414103,0.009414073762695154,95.60457884084683,16.210810899734497,2.1013846397399902,18.312196969985962,2.319812786311104e-08,-3.032684503523342e-08
2287.7945778795442,151.32142857142856,975.4357142857142,0.0,224,4480000,3,0.022399485111236572,0.00013200000000000058,94.55467053292531,5.933914984377047,0.0006101073918386072,97.19581092940098,16.990285873413086,6.211397171020508,23.20168447494507,1.1920929132713809e-08,-3.6239622858147413e-08
2098.0478940200737,136.435,975.3725000000001,0.0,225,4500000,1,0.021153749898076057,0.00013125000000000056,65.37383257466765,5.837218666990725,0.01006751735888112,98.840101955036,18.76210618019104,1.8304195404052734,20.59252667427063,-1.2493133638713516e-08,-4.577636936176077e-09
2031.799983817506,132.4875,971.78,0.0,226,4520000,4,0.021700063720345497,0.00013050000000000057,91.0498004081531,7.002861402476557,-0.0005250859724063153,100.56739366549654,18.206517934799194,7.576142072677612,25.782661199569702,6.055831835993786e-09,-1.2397766369076635e-08
2222.3475626744016,159.12999999999997,992.6225000000001,0.0,227,4540000,3,0.02652076631784439,0.00012975000000000055,99.1233431802898,7.77508273241492,0.0005501460966369469,102.43271909151088,15.699074268341064,5.618058443069458,21.317133903503418,1.678466787780053e-08,-7.610321262063735e-08
2371.224394031558,183.155,998.1474999999998,0.0,228,4560000,4,0.02162879891693592,0.00012900000000000053,83.65710884770647,8.466153764877076,0.00011536260819830262,105.23915881318406,16.968860387802124,8.534124612808228,25.502985954284668,4.673004205812958e-09,-4.234313877304885e-08
2378.569189217622,203.22250000000003,1000.0,0.0,229,4580000,2,0.022384073585271835,0.00012825000000000054,56.38175846745793,9.412541051261341,0.004744228684513,107.96992889989298,16.530389308929443,3.5542056560516357,20.084595918655396,-4.057884339658813e-08,9.918212917625624e-09
2469.93234614818,226.21428571428572,985.5761904761907,0.0,230,4600000,6,0.02475978620350361,0.00012750000000000055,95.62277907431444,11.031192182605894,-0.0051276369290118905,111.02866071024641,15.718719482421875,14.405170679092407,30.123891830444336,4.744529658040619e-09,-4.501342942830888e-08
2495.5781533443997,244.85249999999996,981.0450000000001,0.0,231,4620000,1,0.023648375645279884,0.00012675000000000056,76.13504261102159,10.386744186901057,0.010729057636980812,113.2202873839357,16.447048902511597,2.1826868057250977,18.629737854003906,1.354217538107605e-08,1.0757446489151334e-07
2548.0066183024933,247.21000000000004,1000.0,0.0,232,4640000,1,0.020588887855410576,0.00012600000000000054,69.10922412445751,11.563946503038986,0.008639544101295095,114.29088456028947,15.802323341369629,1.7828967571258545,17.58522129058838,1.2111663671987571e-08,3.5476684701052363e-08
2418.398077870695,240.1047619047619,971.9761904761901,0.0,233,4660000,5,0.022070273756980896,0.00012525000000000055,134.46738518784983,11.757116722679747,-0.00255056020547859,115.62529397300257,20.3392813205719,9.142195463180542,29.481478691101074,-9.059906158626063e-10,2.632141082870021e-08
2432.8904606514398,250.6625,984.4,0.0,234,4680000,2,0.021987013518810272,0.00012450000000000053,84.86034041700272,12.56671146919933,0.004736536138203031,117.95755322977377,16.561485528945923,4.204174757003784,20.765661478042603,2.2602081983791322e-08,-4.892349281249153e-08
2569.6082648760967,279.40749999999997,973.375,0.0,235,4700000,1,0.025152288377285004,0.00012375000000000054,70.19665405468437,11.963061372312113,0.010227083567732248,119.7856471881318,18.58615493774414,2.1371400356292725,20.723296403884888,-2.2649764730431343e-08,-6.065369007046684e-08
2551.7170073159646,280.8071428571428,971.9666666666668,0.0,236,4720000,1,0.021893896162509918,0.00012300000000000052,101.47919473251976,13.36548518677489,0.009930732918861575,121.03922608104376,18.290887117385864,1.770080804824829,20.06096911430359,-1.3160705414350105e-08,9.040832793516529e-08
2685.7541405135817,309.73571428571427,980.5476190476193,0.0,237,4740000,1,0.0200453270226717,0.00012225000000000053,85.18977978739876,13.638355553721468,0.007391215410654823,122.67415465333592,17.89210057258606,1.7036757469177246,19.59577751159668,-2.1100044378385974e-08,-1.1463165350278359e-07
2715.0812862688404,321.29499999999996,968.76,0.0,238,4760000,1,0.024082517251372337,0.00012150000000000053,62.27873422543462,13.496371183913356,0.010502392268433167,124.34902710350939,16.05368947982788,1.7607471942901611,17.81443762779236,2.641677809833709e-08,5.035400363340159e-08
2720.5783265619125,315.0,1000.0,0.0,239,4780000,3,0.022059760987758636,0.00012075000000000052,60.15044727061376,13.161416707836148,0.0022027854087610784,126.47546826282375,18.696540594100952,6.590429782867432,25.28697180747986,-6.628036341993493e-09,-2.70843507621521e-08
2742.280844619232,348.0285714285714,991.6857142857145,0.0,240,4800000,3,0.020900588482618332,0.00012000000000000052,99.56603340904553,16.04832298940998,0.0008885049567626307,129.33069966471615,17.82078266143799,5.594959020614624,23.415742874145508,-2.0503998499066256e-09,6.370544269884704e-08
2645.625176445097,365.7833333333333,931.7023809523807,0.0,241,4820000,2,0.021264540031552315,0.00011925000000000051,145.13303791143642,17.01123633247595,1.5171406903682045e-05,131.9264388648085,17.1377854347229,3.826223134994507,20.96401071548462,-7.59363150137915e-09,1.0566711239334836e-07
2849.3004038623512,397.9875,977.4424999999999,0.0,242,4840000,1,0.02035968005657196,0.00011850000000000051,105.26540017661195,17.003170961008284,0.007730006442640346,133.95840317601213,16.3487389087677,1.7843163013458252,18.133057117462158,1.7261506002341775e-08,1.899719279663259e-07
2880.4037786057775,398.2775,1000.0,0.0,243,4860000,1,0.023558195680379868,0.0001177500000000005,80.24935353678255,15.5433350492971,0.007766697642069084,135.37178258926343,16.506500720977783,2.7443349361419678,19.250836610794067,-3.6525726443414896e-08,1.2722014730570663e-07
2794.588821104108,408.0886363636364,956.988636363636,0.0,244,4880000,1,0.02686735801398754,0.0001170000000000005,132.62228140054037,14.92746176887244,0.005388430178391572,135.86674406886482,16.739316701889038,2.090108871459961,18.829427003860474,-1.435279806116796e-08,-3.604888831887365e-08
2555.3472983050838,355.72249999999997,972.9125,0.0,245,4900000,2,0.020970871672034264,0.0001162500000000005,91.18465128036352,14.540152182594275,0.005710596422524974,137.27935291326847,16.335280179977417,3.7504420280456543,20.085723638534546,9.775162013170302e-09,-4.15802006159538e-08
2762.464909810654,400.13,1000.0,0.0,246,4920000,2,0.024048831313848495,0.00011550000000000049,91.02888399495865,15.475340188882603,0.0042444082354894655,138.99792397593538,18.7646005153656,3.784693956375122,22.54929542541504,1.440048258416482e-08,7.305145288682979e-08
2965.987336658881,458.45,1000.0,0.0,247,4940000,2,0.024701695889234543,0.0001147500000000005,74.81610577860579,16.628994332334866,0.007347733358117624,141.23568167397008,16.60572099685669,3.864124059677124,20.469846487045288,-6.818771325356465e-09,5.531310875994677e-08
3061.7535784201928,497.11250000000007,990.5575000000002,0.0,248,4960000,7,0.020400067791342735,0.0001140000000000005,100.26791282594613,17.09714291553854,-0.006538192184734622,144.53521830194455,16.935834646224976,13.114500999450684,30.050337314605713,-9.441375681262798e-09,3.5476684701052363e-08
3049.2461793248353,495.40749999999997,983.5925,0.0,249,4980000,1,0.022103415802121162,0.00011325000000000049,84.82509299817558,16.713286731951534,0.00943791253504138,147.05260806342665,17.006420850753784,1.887397289276123,18.89381980895996,-9.441375681262798e-09,9.307861148499796e-08
3099.908415020136,518.28,1000.0,0.0,250,5000000,2,0.02649405598640442,0.00011250000000000048,57.5479042095879,16.05978396296882,0.007522852447169562,149.0359141438152,18.116350650787354,3.9056270122528076,22.021979331970215,6.294250454175199e-09,-8.239746307481255e-08
2666.7656705775657,294.21999999999997,1000.0,0.0,251,5020000,3,0.026395874097943306,0.00011175000000000048,58.66961566124734,8.071847455062297,-0.005627177896710059,68.24176628267169,16.022190809249878,5.50467586517334,21.526868104934692,3.4046173880142305e-08,-3.295898522992502e-07
2348.551962205297,123.75749999999998,1000.0,0.0,252,5040000,2,0.020672591403126717,0.00011100000000000048,65.7081652754031,10.218777316066022,-0.009035762052048748,68.81146919079863,18.031593561172485,3.6994431018829346,21.731037855148315,4.9209596397759015e-08,3.276824998010852e-07
2595.9843709308134,236.5404761904762,972.4142857142859,0.0,253,5060000,3,0.020477725192904472,0.00011025000000000047,159.11674820043788,17.389699323489644,-0.006058981955543366,69.76224756697877,15.588576078414917,5.808546304702759,21.397123336791992,6.341934088993639e-09,-4.825592014867652e-08
2771.5786568200124,375.71363636363634,936.7249999999999,0.0,254,5080000,2,0.021230094134807587,0.00010950000000000047,188.24904970772351,22.880572358640237,-0.0036270290088003723,70.56829096638738,16.383928775787354,3.566777229309082,19.95070719718933,-2.6893616222878336e-08,-1.354217538107605e-08
2743.460143295932,464.5442307692307,872.9057692307692,0.0,255,5100000,5,0.023733632639050484,0.00010875000000000046,435.07853275091884,29.600953774863537,-0.004447309061670646,71.66028861146384,15.583647727966309,9.596518516540527,25.18016767501831,1.0204315614714687e-08,-1.552581778696549e-07
2470.0315548369636,459.5869565217392,771.3804347826087,0.0,256,5120000,1,0.02158440090715885,0.00010800000000000046,342.63851369303256,26.29786321682671,0.006746878362477968,72.76296438881384,16.6476571559906,2.0207583904266357,18.668416738510132,2.1934509319976314e-08,-9.937286193917316e-08
2605.61198888517,491.44,798.8919999999999,0.0,257,5140000,1,0.02225353755056858,0.00010725000000000045,386.4170300785345,28.552956864475824,0.008939791604662285,73.40985989799134,15.624350309371948,1.9020490646362305,17.526400566101074,-2.145767175054658e-10,-1.6174315931039018e-07
2773.67133113729,531.88125,839.65625,0.0,258,5160000,1,0.023242304101586342,0.00010650000000000045,399.2949332459666,28.22081339016509,0.015111604198135032,74.35288379900753,16.29406452178955,2.3714101314544678,18.665475606918335,-1.201629640235069e-08,1.3122559039402404e-07
3053.2702639608815,597.6545454545453,892.8954545454545,0.0,259,5180000,1,0.02412986010313034,0.00010575000000000044,304.89118556549755,23.706933959985314,0.010915131849674181,74.90044003325148,17.302047729492188,1.8121001720428467,19.114149570465088,1.506805347162299e-08,-1.2741088539769407e-07
3095.0918081749314,616.678,869.132,0.0,260,5200000,2,0.023591849952936172,0.00010500000000000044,374.756223440932,26.156271757028353,0.006524949545076432,75.83311158932817,16.493474006652832,3.4998772144317627,19.99335265159607,1.5735626135437997e-08,-3.1661986810149756e-08
2963.9083555717857,606.9340909090909,814.3227272727272,0.0,261,5220000,4,0.020864123478531837,0.00010425000000000043,244.38105925051167,19.728418422583193,0.0014153577042550157,77.39818293294206,16.075791120529175,8.938697814941406,25.014490365982056,-1.9359589487066842e-08,-6.294250454175199e-08
3275.341315329481,661.7380952380952,945.1880952380955,0.0,262,5240000,1,0.02213662676513195,0.00010350000000000043,262.23120562032386,25.154458111467452,0.0073276628574993185,78.59020910781031,17.81481647491455,2.0831451416015625,19.89796280860901,1.67608256163021e-08,-4.730224745230771e-08
2890.5513137431594,591.5020000000001,834.4760000000001,0.0,263,5260000,2,0.028386190533638,0.00010275000000000042,433.3260385312211,30.98127756027368,0.004123756031955059,79.36230399281072,17.547953128814697,3.8776888847351074,21.4256432056427,-1.1777878228258487e-08,-4.00543198608716e-09
3032.0577168509935,626.0586956521739,864.2652173913044,0.0,264,5280000,1,0.02758561447262764,0.00010200000000000042,316.7648780140252,23.96124452828599,0.009010837927383308,80.28718649769743,18.066750288009644,1.7753663063049316,19.842118740081787,3.7193297330873065e-09,7.514953637155486e-08
3005.1666598116503,624.2312499999999,827.9145833333333,0.0,265,5300000,7,0.029339510947465897,0.00010125000000000041,370.0333508283022,25.423474999553587,-0.0010340030907408009,82.51704407434711,16.398761749267578,12.226128578186035,28.624891757965088,1.5497207073167374e-08,-1.1100769370386843e-07
3244.9529631435103,694.6199999999999,843.824,0.0,266,5320000,1,0.02923418954014778,0.00010050000000000041,570.1402855650686,35.66018864141105,0.005245485295431492,83.93782908771746,16.406996488571167,2.0608057975769043,18.467803955078125,-1.1444092340440193e-09,8.85009754370003e-08
3247.3211895618674,702.2499999999999,828.2613636363636,0.0,267,5340000,1,0.02129782736301422,9.97500000000004e-05,340.99266341090583,22.420695717723223,0.017754370478329996,84.81475549764907,17.013570308685303,1.7279670238494873,18.741539001464844,1.9359589487066842e-08,-6.313324263373943e-08
3421.786966306972,724.3386363636364,921.0022727272727,0.0,268,5360000,1,0.035973601043224335,9.90000000000004e-05,468.5950865334215,32.865942580250504,0.008203587884577318,85.61007697742207,16.572787761688232,1.8214046955108643,18.394193410873413,0.0,8.583068478174027e-09
3077.8652477852306,649.678,841.6360000000001,0.0,269,5380000,1,0.04298660159111023,9.82500000000004e-05,705.8927101769006,41.8328857421875,0.008397418629235258,86.11432786642933,17.166792154312134,2.102032423019409,19.268826723098755,2.574920721087892e-09,-3.051757735406113e-09
3235.9718039340437,692.0217391304348,858.1434782608695,0.0,270,5400000,1,0.02326701581478119,9.750000000000039e-05,359.0133200453493,23.755982114103276,0.00796334205058436,87.05280067516973,15.632522821426392,2.043381929397583,17.67590570449829,-7.033348126128658e-09,-4.577636936176077e-09
3171.486715499677,667.4045454545454,862.925,0.0,271,5420000,1,0.02804568223655224,9.675000000000039e-05,289.3622730364815,23.283517219007205,0.008660869936223704,87.60225331364349,16.429389715194702,1.7786688804626465,18.208060026168823,1.0967254882032762e-09,-5.760193033665928e-08
3383.2801608249865,719.7086956521739,886.9478260869565,0.0,272,5440000,1,0.03480080887675285,9.600000000000038e-05,362.4325634526749,24.760800366965345,0.007144304852301892,88.44644050476269,18.30460834503174,2.0230982303619385,20.32770824432373,7.629394338515283e-10,-6.713867151120212e-08
3680.384141684219,791.725,919.1045454545452,0.0,273,5460000,1,0.02469828724861145,9.525000000000038e-05,243.3371535596756,16.461736296693356,0.0063802791579355735,89.39329360620663,16.10480785369873,2.0334224700927734,18.13823127746582,-1.6546248815529907e-08,-6.752014058974964e-08
3585.766265995873,764.7195652173913,878.4521739130436,0.0,274,5480000,1,0.04355878755450249,9.450000000000037e-05,348.3137046033963,22.033770213873623,0.010560855990240035,90.37084470998745,16.89540123939514,1.8539588451385498,18.749361515045166,9.536743617033494e-10,-6.656646434066715e-08
3762.6733224783898,796.7880952380953,917.9571428571431,0.0,275,5500000,6,0.023798136040568352,9.375000000000037e-05,244.1736947537992,18.42107320822085,-0.0026692333824623127,92.84642354621928,16.44496726989746,11.866254091262817,28.311222553253174,1.4972686201986107e-08,6.027221388649195e-08
3638.6170205143485,768.6043478260868,889.7956521739128,0.0,276,5520000,1,0.03880460560321808,9.300000000000036e-05,420.33806511388417,29.32485562010695,0.00619370519769744,94.42154886166509,16.693515300750732,2.0508334636688232,18.744351863861084,1.1396408261532542e-08,-1.907348590179936e-08
3550.4330571806026,737.6068181818182,882.8659090909089,0.0,277,5540000,1,0.02965690568089485,9.225000000000036e-05,374.87089389886336,27.429942233113053,0.0072074945846471354,95.0322989808104,15.338728189468384,1.7824275493621826,17.121158123016357,1.1634826435624745e-08,-1.0681151962899094e-08
3548.1311673729415,720.4659090909091,929.5522727272729,0.0,278,5560000,1,0.027355071157217026,9.150000000000035e-05,302.39451954997,19.591344247610806,0.007044237142744156,95.81346027995832,16.6524498462677,1.9975645542144775,18.65001606941223,-3.19480886190604e-09,2.555847089524832e-08
3579.6180276663927,727.8318181818181,924.9318181818185,0.0,279,5580000,3,0.02033270336687565,9.075000000000035e-05,474.98417525448866,30.106753796942066,0.0011086333305024491,96.64609268399727,15.828859806060791,6.216137886047363,22.04499912261963,1.907348723406699e-09,-5.7220459481754915e-09
3512.0398959649274,708.1818181818181,888.7568181818181,0.0,280,5600000,1,0.024858590215444565,9.000000000000034e-05,453.3773224803206,26.863238982880077,0.007917148453858904,97.48616378832929,17.44407844543457,2.8972959518432617,20.341376066207886,-1.287460360543946e-09,1.8692016823251834e-08
3293.9632337832168,655.4895833333334,881.4333333333334,0.0,281,5620000,6,0.020802974700927734,8.925000000000034e-05,656.0164936764426,39.505947118750015,-0.0018309280487061087,98.16324377009155,16.503211736679077,10.688220500946045,27.191433429718018,1.0967254882032762e-09,1.8882751362525596e-08
3490.070972836138,708.9272727272727,878.718181818182,0.0,282,5640000,1,0.029201671481132507,8.850000000000034e-05,475.56731806014676,30.770072987285285,0.010175128149005551,99.47391851260639,20.045035123825073,2.169156312942505,22.214192628860474,1.0824203755532835e-08,4.15802006159538e-08
3778.1596040580257,769.8928571428572,926.2095238095237,0.0,283,5660000,1,0.03327381983399391,8.775000000000033e-05,341.21709439701164,22.142263506167232,0.01538914054507217,100.13604085513958,18.365439414978027,1.68552827835083,20.050968647003174,-1.430511542555024e-10,-2.574920721087892e-08
3787.784522996451,763.5642857142857,946.0261904761907,0.0,284,5680000,2,0.030375096946954727,8.700000000000033e-05,342.1827654731921,22.38546404023521,0.005067621130115403,101.65989449839242,16.189069032669067,3.9154465198516846,20.104516744613647,-2.0503998499066256e-09,-2.1171569386524425e-08
3653.2552984628637,727.3159090909093,930.481818181818,0.0,285,5700000,3,0.020611966028809547,8.625000000000032e-05,417.82252360659794,30.21163671237592,0.001991100931397309,102.8240900415455,17.410314798355103,6.53731369972229,23.94762945175171,3.19480886190604e-09,-4.959106458812812e-09
3371.4770110676295,654.2159090909091,918.277272727273,0.0,286,5720000,2,0.020668702200055122,8.550000000000032e-05,560.4198427596413,32.826094422096645,0.0036254191983895847,104.0599711360261,16.066813468933105,3.803510904312134,19.87032651901245,-3.2424927187690855e-09,1.907348723406699e-09
3113.3741871113803,604.8979999999999,817.7639999999999,0.0,287,5740000,5,0.023993050679564476,8.475000000000031e-05,799.8465220539715,46.0702990347585,-0.0021333298497140025,105.85025052201634,16.79255199432373,9.329358339309692,26.12191128730774,-1.4305114870438729e-09,-1.907348723406699e-09
3485.412772922156,687.567391304348,856.2065217391303,0.0,288,5760000,1,0.02662605047225952,8.400000000000031e-05,630.7058225637808,36.30199812471676,0.008897874548959846,106.8816534414078,18.078163146972656,1.741617202758789,19.81978178024292,-3.8146971692576415e-10,5.340575981449547e-09
3491.219268940348,678.7476190476191,899.952380952381,0.0,289,5780000,1,0.02859846130013466,8.32500000000003e-05,474.9747684466572,29.639128269098055,0.011016734535047135,107.09008516061802,16.23346519470215,1.658698558807373,17.892164945602417,-1.9073485846288207e-10,3.051757735406113e-09
3684.1991668017436,722.8869565217391,922.1608695652171,0.0,290,5800000,1,0.0242034662514925,8.25000000000003e-05,645.8887384311079,37.42764006940701,0.00806030538379432,107.80235363652531,17.01692485809326,1.7702109813690186,18.787136793136597,-1.0490417423625331e-09,-3.910064805268121e-08
3565.1596685821296,703.6217391304348,857.9391304347827,0.0,291,5820000,3,0.023371092975139618,8.175000000000029e-05,460.5656963872452,29.722351270488783,0.005020427615783466,108.63987327307558,17.534430980682373,6.040501117706299,23.574933767318726,-5.197525076994225e-09,-1.3923645347801994e-08
4078.3521385010763,821.89,940.7400000000001,0.0,292,5840000,1,0.02506006509065628,8.100000000000029e-05,210.38717061490678,9.9614201879349,0.010451884727520398,109.53011127020986,17.359264612197876,1.8005661964416504,19.15983247756958,7.20024129208241e-09,-3.3378602104505717e-09
4108.3104198051315,820.8761904761903,959.8880952380955,0.0,293,5860000,7,0.022878440096974373,8.025000000000028e-05,443.0233240654239,26.597994002236018,-0.002986731747737463,110.39561304660869,17.382967472076416,13.312028884887695,30.694997549057007,6.723404055719584e-09,-5.149841442175784e-09
3545.5935660089954,691.9630434782608,886.0782608695654,0.0,294,5880000,2,0.021988747641444206,7.950000000000028e-05,511.5005017119094,30.599449997511915,0.00575099871702159,111.51644147927769,16.76140570640564,4.464700937271118,21.22610855102539,3.290176353587526e-09,6.103515470812226e-09
3935.579302065036,777.4714285714286,939.9690476190475,0.0,295,5900000,1,0.024477519094944,7.875000000000027e-05,552.5185403671509,31.3689786176712,0.011709083558265537,112.2331685562865,16.263336181640625,2.0456268787384033,18.308964014053345,1.0967254882032762e-09,1.1444091896350983e-08
3823.4302434825436,739.8071428571429,963.2619047619049,0.0,296,5920000,3,0.021166067570447922,7.800000000000027e-05,392.36405710011115,23.128618340522717,0.0012020939081823958,113.15657579708405,16.49571943283081,5.943916082382202,22.439636707305908,-7.462501727673043e-09,2.2888184680880386e-09
3776.3874189687654,734.402380952381,940.0214285714285,0.0,297,5940000,2,0.02213774435222149,7.725000000000026e-05,646.6492730222952,39.31208497819048,0.002721293406120647,114.10912173091413,16.621336936950684,3.9672200679779053,20.58855891227722,6.175041367129097e-09,3.814697446813398e-09
3230.836078124981,620.8611111111111,810.9018518518518,0.0,298,5960000,9,0.02037007175385952,7.650000000000026e-05,1124.3833644868298,62.43445026912628,-0.003906936049583689,115.25225722015348,16.47263813018799,18.19066309928894,34.66330289840698,1.0681151962899094e-08,4.549026400013645e-08
3385.01674418386,656.6804347826086,820.5217391304348,0.0,299,5980000,1,0.02319740317761898,7.575000000000026e-05,689.0085460553154,36.095133631374125,0.011807512226752555,116.12089411823894,17.80709457397461,2.1992154121398926,20.006311893463135,2.861023085110048e-10,-7.629394338515283e-10
3722.3469254935217,713.2840909090909,940.9090909090911,0.0,300,6000000,1,0.027427788823843002,7.500000000000025e-05,606.1667539943902,33.37546270000287,0.01203430088135762,116.98359365737477,17.12224555015564,2.4186856746673584,19.54093289375305,-3.7193297330873065e-09,-4.577636936176077e-09
2476.7268705013544,360.2675,915.445,0.0,301,6020000,1,0.023327728733420372,7.425000000000025e-05,376.5419547595917,27.792744411066316,0.008322903257125197,47.468961246478294,18.931247234344482,2.079343795776367,21.010592222213745,-2.479553229406406e-09,-7.438659395120339e-07
1563.0011113008554,71.41499999999999,1000.0,0.0,302,6040000,3,0.0211558248847723,7.350000000000024e-05,309.1249931912326,21.22030970996942,0.0017808822303002699,47.77955236221655,20.767202854156494,5.4854326248168945,26.252636909484863,6.294250454175199e-09,4.989623789697362e-07
1588.718724808049,75.9425,1000.0,0.0,303,6060000,4,0.020862551406025887,7.275000000000024e-05,209.8866221211589,11.825004562592735,-0.00023267944395458833,48.62709353450008,21.290704011917114,9.011993646621704,30.302698612213135,-2.9945372403972215e-08,2.3803710291758762e-07
1687.35100233081,91.01500000000001,1000.0,0.0,304,6080000,4,0.021121077239513397,7.200000000000023e-05,208.32478654270355,10.793155772427019,-0.0027218821353261202,49.17355336624974,17.956220149993896,9.962133884429932,27.918355226516724,1.1749267514460371e-07,-1.89590451782351e-07
1741.1229083802186,102.66499999999999,1000.0,0.0,305,6100000,18,0.021047648042440414,7.125000000000023e-05,153.94445159310857,9.607896641335845,-0.014609652738709084,51.13951986175418,17.699601888656616,41.5016725063324,59.20127534866333,2.2888183792701966e-08,3.776550272505119e-08
1972.35430787769,139.2225,1000.0,0.0,306,6120000,12,0.021641796454787254,7.050000000000022e-05,179.1237918926885,10.483287650302323,-0.011960113236665253,53.85107998040537,16.675761461257935,23.873649835586548,40.549412965774536,6.456374990193581e-08,1.2369156365821254e-07
2013.2602041797145,148.47250000000003,1000.0,0.0,307,6140000,15,0.021893560886383057,6.975000000000022e-05,144.2590337458764,9.035083851849818,-0.012791120756865818,56.25885527979452,17.896141052246094,29.330134391784668,47.226277589797974,-2.479553273815327e-08,6.67572024326546e-08
2003.9295080038512,146.57999999999996,1000.0,0.0,308,6160000,11,0.020132919773459435,6.900000000000021e-05,128.91022787058108,8.16436385990678,-0.010862584252883157,59.185127510915066,19.292715311050415,23.319613695144653,42.61233115196228,3.862380992813996e-08,-2.5024414185281785e-07
1985.9238247978767,143.775,1000.0,0.0,309,6180000,9,0.020915742963552475,6.825000000000021e-05,125.13602301936476,8.000129396711463,-0.008036339554104545,61.57900534464952,16.87090539932251,19.608624696731567,36.47953224182129,8.964538444899972e-09,9.708404746788801e-08
2066.5334531545095,157.54250000000002,1000.0,0.0,310,6200000,13,0.021087419241666794,6.75000000000002e-05,84.88375641069766,6.76731710030834,-0.01184131849832278,64.01977086998842,21.5211923122406,33.02240180969238,54.543596029281616,3.814697180359872e-08,-9.47952258911755e-08
2112.916285514492,166.54000000000002,1000.0,0.0,311,6220000,17,0.02347772754728794,6.67500000000002e-05,85.07627026816549,7.141244699264509,-0.011960899859374178,67.26352338068602,18.162384033203125,34.26284837722778,52.42523384094238,-5.62667867853861e-09,3.032684503523342e-08
2217.887472257506,186.89999999999998,1000.0,0.0,312,6240000,15,0.020570959895849228,6.60000000000002e-05,71.06833690241122,7.316742466204463,-0.011598976466981287,70.72472848292992,16.605244636535645,32.68293046951294,49.28817820549011,2.479553229406406e-09,1.1825561863076928e-08
2244.3425208643807,203.815,1000.0,0.0,313,6260000,10,0.0214974507689476,6.525000000000019e-05,72.12111368880105,8.631392415720052,-0.009114787564836085,73.70211518991489,17.19577169418335,20.73060154914856,37.92637538909912,-1.2683868177987279e-08,1.850128228397807e-08
2318.825541297251,217.27999999999997,1000.0,0.0,314,6280000,11,0.02352074347436428,6.450000000000019e-05,62.710848231319765,8.097075486785618,-0.009493135944800843,77.06940754035375,18.273260354995728,26.96478247642517,45.23804497718811,2.00271599304358e-09,1.831054774470431e-08
2461.666869377292,246.385,1000.0,0.0,315,6300000,18,0.02051575295627117,6.375000000000018e-05,51.569692544662914,8.344123381522262,-0.014446485290974299,80.681530012321,18.082507133483887,42.31738829612732,60.3998966217041,-1.4925003455346086e-08,1.2969970875076342e-08
2427.296784281117,246.8925,1000.0,0.0,316,6320000,22,0.020034585148096085,6.300000000000018e-05,57.72764741297624,7.900694638430085,-0.016411092154443103,84.4367905128428,18.044294834136963,50.98059892654419,69.02489519119263,9.346008411625917e-09,-3.042221052851346e-08
2422.4401219664687,252.5375,1000.0,0.0,317,6340000,17,0.020375702530145645,6.225000000000017e-05,58.80804209143702,8.614841627057524,-0.011464085546081504,87.51912807929877,15.594610691070557,37.936774492263794,53.53138613700867,1.125335735707722e-08,4.9209596397759015e-08
2496.054652965852,263.02750000000003,1000.0,0.0,318,6360000,15,0.020284336060285568,6.150000000000017e-05,80.16701018929608,8.235949384924957,-0.012290266864656355,90.19159256485196,22.7070734500885,31.796024322509766,54.50309920310974,-4.172325152040912e-09,-1.354217538107605e-08
2609.2905273273127,288.23,1000.0,0.0,319,6380000,21,0.02115447260439396,6.075000000000016e-05,54.10111347681925,8.787466558313943,-0.014154589292618095,94.3601428481264,18.04563045501709,51.96012997627258,70.00576210021973,1.0204315614714687e-08,-1.2302399099439754e-08
2653.1485816099835,302.5025,1000.0,0.0,320,6400000,12,0.02044147253036499,6.000000000000016e-05,57.275931398454695,8.730047617857448,-0.010068374007659607,98.29945388566445,18.930606603622437,26.19447350502014,45.12508153915405,-1.8119812317252126e-09,-1.7929076889799944e-08
2676.5797804464596,318.46500000000003,1000.0,0.0,321,6420000,21,0.02103392593562603,5.925000000000016e-05,53.02609040808609,9.102673697939533,-0.01444154724171398,102.04614515143516,17.694406509399414,51.78589081764221,69.48029899597168,8.964538444899972e-09,3.2424928519958485e-08
2729.636124376426,334.7725,1000.0,0.0,322,6440000,11,0.02010997012257576,5.850000000000016e-05,52.7740001440256,9.404930478433105,-0.009734544597749795,105.50038534536148,19.634937524795532,32.46967792510986,52.104618072509766,4.0531160649948106e-09,1.239776614703203e-09
2728.207017159222,341.17750000000007,1000.0,0.0,323,6460000,22,0.020678186789155006,5.7750000000000164e-05,43.520986943406974,8.849893919783833,-0.014878271547336301,110.20850664482815,18.68084168434143,54.37356448173523,73.05440783500671,1.2302399099439754e-08,3.585815377959989e-08
2720.9506338911733,353.20000000000005,1000.0,0.0,324,6480000,23,0.020332397893071175,5.700000000000016e-05,57.19931492048397,9.068426804437225,-0.015327280349830242,115.12028970995253,20.39066457748413,53.0151104927063,73.4057765007019,1.1634826435624745e-08,2.3651123726153855e-08
2789.2531967836217,371.745,1000.0,0.0,325,6500000,23,0.021437766030430794,5.6250000000000154e-05,53.59665010465253,9.76032500135218,-0.015611754619151742,119.94777469393908,17.98403811454773,55.088231325149536,73.07227039337158,5.102157807357344e-09,-1.7738342350526182e-08
2825.961200012804,382.9,1000.0,0.0,326,6520000,12,0.020078925415873528,5.5500000000000156e-05,46.65504686672467,9.588786771122258,-0.01070551112418423,123.43785352371752,19.387932062149048,28.012073278427124,47.40000677108765,2.3460387410523253e-08,6.103515470812226e-09
2857.2539482559214,402.8175,1000.0,0.0,327,6540000,10,0.020730644464492798,5.475000000000016e-05,57.49332290990665,10.968661649539447,-0.008095296915656271,126.75846219778822,18.93731117248535,23.495922088623047,42.43323493003845,-6.38961772381208e-09,7.200240759175358e-08
2902.252061411741,420.9025,1000.0,0.0,328,6560000,21,0.020227286964654922,5.4000000000000154e-05,46.425652830273926,10.565490990709392,-0.014484648953793974,131.19344153637104,20.74067974090576,48.39780926704407,69.13849115371704,-1.1634826435624745e-08,-1.9454956756703723e-08
2899.0848157188184,428.485,1000.0,0.0,329,6580000,21,0.021066391840577126,5.3250000000000156e-05,56.969272903994884,10.97426944777934,-0.015693334980793984,137.33311612599158,16.4371976852417,48.825618743896484,65.26281809806824,-1.4495849853801701e-08,-7.362366005736476e-08
2885.4201382756783,427.425,1000.0,0.0,330,6600000,27,0.020671777427196503,5.250000000000016e-05,44.740091568505946,10.436575412637396,-0.016366809948621143,143.3823787538896,18.200807571411133,60.54027318954468,78.7410819530487,2.2220611128886958e-08,3.852844088214624e-08
2946.640305880691,439.805,1000.0,0.0,331,6620000,28,0.021921176463365555,5.175000000000016e-05,49.255749340309826,10.767969087779603,-0.016402819416502092,150.24542338877495,19.6158344745636,68.12418627738953,87.74002170562744,-8.201599399626502e-09,-1.607894830613077e-07
2976.4253329215167,463.2375,1000.0,0.0,332,6640000,24,0.020305924117565155,5.100000000000016e-05,49.96791735929422,10.82888658511372,-0.016173082587883945,156.8398612005134,17.804279327392578,56.896098136901855,74.70037841796875,-6.866454960174906e-09,-2.6702881683604573e-08
3000.5794809921936,472.605,1000.0,0.0,333,6660000,21,0.020578406751155853,5.0250000000000164e-05,44.633454147401544,10.791214702736202,-0.014794985709780486,162.45420904027515,17.439523220062256,44.64329385757446,62.082818031311035,-1.3065338144713223e-08,1.3923644814894942e-07
3038.6862669437724,489.87,1000.0,0.0,334,6680000,20,0.02062322199344635,4.950000000000016e-05,40.67104488317959,10.74921479826918,-0.014255902639176614,167.10677544103262,18.377756595611572,49.11357522010803,67.49133276939392,1.435279806116796e-08,-5.531310875994677e-08
3037.1260389922236,488.6325,1000.0,0.0,335,6700000,20,0.021055353805422783,4.8750000000000155e-05,45.77287892259348,11.779462853407326,-0.013182552021588927,171.0102383939603,18.31404757499695,45.246230363845825,63.56027960777283,1.3160705414350105e-08,-2.326965287124949e-08
3045.7103761381622,495.7625,1000.0,0.0,336,6720000,27,0.020007211714982986,4.800000000000016e-05,47.19373269126819,11.973211178369402,-0.017432001010513582,176.74431841309402,19.269163608551025,62.486937522888184,81.75610280036926,-4.625320570994518e-09,3.433227391269611e-08
3092.6898583190523,518.9699999999999,1000.0,0.0,337,6740000,35,0.017453527078032494,4.725000000000015e-05,42.75340545494118,11.366285279829825,-0.01752053930072198,182.7391545054141,18.853188514709473,89.59816455841064,108.45135402679443,-7.2479249269008506e-09,1.4190673880420945e-07
3106.8122332573116,524.6175000000001,1000.0,0.0,338,6760000,35,0.020757019519805908,4.6500000000000154e-05,47.79747106829826,11.286847328105946,-0.018626975274926613,187.48084650496705,20.90444564819336,76.10411882400513,97.00856590270996,-1.0251999249533128e-08,3.4904481083231076e-08
3120.6354229784497,527.8275,1000.0,0.0,339,6780000,31,0.020249860361218452,4.575000000000015e-05,43.57200785203163,11.638041803766303,-0.01798608550223288,192.3176309427723,18.537087202072144,71.62226581573486,90.15935468673706,3.910064716450279e-09,2.2888183792701966e-08
3156.9483936336633,547.1675,1000.0,0.0,340,6800000,27,0.020620325580239296,4.5000000000000145e-05,45.46481655894081,11.760593299427875,-0.01566665375350327,198.45884665228633,18.403971433639526,70.81043601036072,89.21440887451172,1.3256072683986986e-08,3.8909913513407446e-08
3170.3839645529083,550.885,1000.0,0.0,341,6820000,35,0.015721047297120094,4.425000000000014e-05,43.294205720693434,11.278418297203967,-0.01692162422868812,203.64449366783236,18.702205181121826,199.01303720474243,217.7152442932129,5.7220459481754915e-09,-3.52859501617786e-08
3066.6811230227477,529.2850000000001,1000.0,0.0,342,6840000,35,0.020339639857411385,4.350000000000014e-05,40.04122826938812,11.708039941443857,-0.0192265973839142,210.98309654051286,18.46001648902893,84.95989871025085,103.41991639137268,4.959106458812812e-09,6.465911894792953e-08
3181.6661887981745,560.0899999999999,1000.0,0.0,343,6860000,35,0.017286526039242744,4.275000000000014e-05,43.446553539065455,10.655155455190153,-0.018781179906388074,217.85705113169377,20.48945450782776,78.99030709266663,99.47976398468018,-2.5177001816700795e-08,-6.637573335410707e-08
3227.7319298671478,582.8275000000001,1000.0,0.0,344,6880000,20,0.02012106031179428,4.200000000000013e-05,49.87678009069766,10.9664369580083,-0.013169722145456024,222.19176184803533,18.300737142562866,42.14081621170044,60.44155430793762,4.00543198608716e-09,2.2697449253428204e-08
3219.748592730193,585.2075000000001,1000.0,0.0,345,6900000,35,0.01802639476954937,4.125000000000013e-05,37.71753394241368,10.746018269833556,-0.017798802838501375,227.38216475291318,19.28143072128296,79.12943077087402,98.4108636379242,-9.250641141989036e-09,-6.332397362029951e-08
3277.843687378525,607.75,1000.0,0.0,346,6920000,35,0.019484443590044975,4.0500000000000124e-05,39.67554563376959,10.76592999819151,-0.018292613621331014,234.66331460762112,19.020137071609497,80.84171295166016,99.86185121536255,-1.1825561863076928e-08,3.499984657651112e-08
3208.1395421621582,585.8975,1000.0,0.0,347,6940000,27,0.02057422325015068,3.9750000000000126e-05,67.74454802076515,12.883074563461681,-0.017413578183318457,238.3850771780198,18.752700567245483,65.06411600112915,83.81681776046753,7.438659466174613e-09,2.250671471415444e-08
3207.7528029158957,592.2625,1000.0,0.0,348,6960000,35,0.01714450679719448,3.900000000000012e-05,39.0426747397384,10.662873401580908,-0.01733175933004847,245.04067588538027,19.23125648498535,83.69003820419312,102.92129611968994,2.074241578498004e-08,-5.455017060285172e-08
3306.0216530346247,622.8399999999999,1000.0,0.0,349,6980000,35,0.017846912145614624,3.8250000000000117e-05,62.091213052733096,13.63434998709445,-0.016299145304589837,250.92957380495895,18.218602657318115,77.08963227272034,95.30823707580566,-1.6403198799253005e-08,3.128051773160223e-08
3339.8937448366896,638.4,1000.0,0.0,350,7000000,35,0.016131039708852768,3.750000000000011e-05,41.69068242294611,10.735059923235546,-0.019203134759706295,255.62367005759535,17.488925218582153,73.88439965248108,91.37332606315613,-1.516342251761671e-08,8.983612076463032e-08
3302.2733177202254,659.6833333333334,953.5714285714286,0.0,351,7020000,35,0.018454838544130325,3.675000000000011e-05,49.07537617859695,8.932544446742355,-0.01510235224295763,153.0843800658344,19.66800570487976,77.1239857673645,96.79199385643005,5.817413217812373e-09,8.583069188716763e-08
3531.9658525603745,728.3975,985.3500000000001,0.0,352,7040000,21,0.020898761227726936,3.60000000000001e-05,74.10944349929366,11.335741547640103,-0.012590465839040036,155.3837547075906,17.896568536758423,52.928003549575806,70.82457304000854,5.0067900048134106e-08,1.4114379887075756e-08
3503.2363221078804,755.9727272727273,951.1,0.0,353,7060000,34,0.021142136305570602,3.52500000000001e-05,121.01291359808408,13.15759998915048,-0.01246768799535174,158.2692993184136,18.234304428100586,71.95758032798767,90.19188618659973,-3.2424928519958485e-08,1.5258788677030566e-09
3721.351384041734,823.7499999999998,981.3399999999999,0.0,354,7080000,16,0.020369695499539375,3.450000000000009e-05,35.508554738169664,7.9710918574953995,-0.014720832853652046,161.06162544104237,18.25607967376709,44.403544425964355,62.65962529182434,6.217956638465694e-08,-7.886886521646375e-08
3897.903179881174,870.415,998.6924999999999,0.0,355,7100000,19,0.020219961181282997,3.375000000000009e-05,86.21577285714002,7.758657751753688,-0.011626182734890795,162.95516023560495,17.708829641342163,41.39125156402588,59.10008263587952,-6.628036430811335e-08,8.049011057664757e-08
3936.5879402269748,888.5200000000001,975.1574999999999,0.0,356,7120000,10,0.022835996001958847,3.3000000000000084e-05,31.347872994273615,4.165563583145508,-0.012180915611019484,165.10438059846433,18.62983202934265,20.899590015411377,39.529423236846924,1.319885285511191e-07,-1.270294234245739e-07
4142.972864469995,925.4124999999998,1000.0,0.0,357,7140000,35,0.021269507706165314,3.2250000000000086e-05,36.00257053801808,4.032681333665051,-0.019388645734180605,168.5793555255787,19.457444429397583,76.34163427352905,95.79907965660095,4.0531158873591266e-08,1.930236805947061e-07
4119.053911901238,908.9738095238096,972.9571428571429,0.0,358,7160000,15,0.020053859800100327,3.150000000000008e-05,97.84723971024616,5.8880271981953305,-0.009826007734585446,171.26562499349998,17.26351237297058,33.44048094749451,50.703994274139404,-5.207061803957913e-08,8.659363004426268e-08
4262.799034532023,930.7075000000001,987.1549999999997,0.0,359,7180000,35,0.013747012242674828,3.0750000000000077e-05,99.88551287822993,6.188901614653145,-0.013602462940199437,175.15641040741065,19.825584173202515,75.27223539352417,95.09782147407532,-3.051757957450718e-08,-4.692077482104651e-08
4413.6424032602245,953.3275,998.29,0.0,360,7200000,35,0.014713525772094727,3.0000000000000075e-05,32.044618125072844,1.7929591035853778,-0.019460994599362395,180.73072454886912,18.59097671508789,72.68856143951416,91.27953910827637,9.193420424935539e-08,-1.1920928955078125e-07
4485.9699770093175,956.8449999999999,1000.0,0.0,361,7220000,35,0.01631365716457367,2.9250000000000074e-05,43.83098475091918,2.394087189085023,-0.01802626286339166,185.76573514324625,18.476093530654907,82.4339120388031,100.91000771522522,-3.499984657651112e-08,-2.412796007433826e-08
4557.956937066781,955.1075000000003,1000.0,0.0,362,7240000,35,0.017861556261777878,2.8500000000000073e-05,35.8569873891645,1.1617216272421593,-0.01860693326098347,190.3872910332865,18.262847423553467,3497.703627347946,3515.966476202011,1.7113686112679716e-07,1.506805347162299e-08
4621.908292932834,961.4174999999999,1000.0,0.0,363,7260000,35,0.018000256270170212,2.775000000000007e-05,59.05266950843215,2.80070831344749,-0.013424007823664843,194.5251296168318,17.334885120391846,77.5099139213562,94.84480023384094,-1.3971328982620435e-08,-1.3446808111439168e-08
4625.406260413112,942.2875,1000.0,0.0,364,7280000,35,0.014928036369383335,2.700000000000007e-05,49.854220142129456,2.344449037841225,-0.01834171450195731,199.18553814176335,20.703856229782104,80.19493865966797,100.89879655838013,2.0980834847250662e-09,-7.734298890227365e-08
4652.835677265139,934.6449999999999,1000.0,0.0,365,7300000,35,0.012951293960213661,2.625000000000007e-05,67.6054565786608,4.511404133944792,-0.01618785767872116,202.72947186287655,18.411508798599243,74.49818015098572,92.90969014167786,-5.340575981449547e-09,-8.649826099826896e-08
4739.895307125422,941.0199999999999,1000.0,0.0,366,7320000,35,0.01412796787917614,2.5500000000000068e-05,75.63807355279195,7.188486246831991,-0.016234599837195086,206.36653157264226,18.049829483032227,81.86742734909058,99.91725850105286,-5.8841706618295575e-08,3.118514868560851e-08
4768.393605919907,942.2974999999999,1000.0,0.0,367,7340000,35,0.014648466370999813,2.4750000000000066e-05,73.61439244676431,5.4180366971132585,-0.016844608645443262,210.98132033250147,17.458269119262695,76.92846298217773,94.38673329353333,2.07901003079769e-08,7.2479249269008506e-09
4866.26382821534,957.3375,1000.0,0.0,368,7360000,3,0.02219805121421814,2.4000000000000065e-05,45.36912142557585,1.0145996482100603,-0.004520428290092748,213.15354982808756,18.525692462921143,5.976370334625244,24.50206470489502,1.3265609766222042e-07,2.069473303834002e-08
5016.96490629572,972.7849999999999,1000.0,0.0,369,7380000,35,0.01649630255997181,2.3250000000000064e-05,42.423191428347735,0.6762278298301165,-0.016595840058300095,217.28358644583844,16.245118856430054,74.30978155136108,90.55490231513977,1.139640772862549e-07,-2.5272369086337676e-08
5096.93347143421,972.325,1000.0,0.0,370,7400000,35,0.013198898173868656,2.2500000000000062e-05,55.51426421617711,1.0512480954311036,-0.015795595467235978,221.74250863100067,16.857481479644775,74.20984315872192,91.06732606887817,-3.433227391269611e-08,4.00543198608716e-09
5034.837514617502,955.3525,1000.0,0.0,371,7420000,35,0.016974078491330147,2.175000000000006e-05,59.664960361517274,1.8878076732947586,-0.016063145279388284,227.11573735371618,16.179598569869995,73.83362197875977,90.01322269439697,2.9754637864698452e-08,3.0994415922691587e-09
5035.0336600313985,943.4475,1000.0,0.0,372,7440000,35,0.01236332580447197,2.100000000000006e-05,147.29737044333976,10.914195057084603,-0.01276636089694345,231.14975777455848,15.69936490058899,76.17614006996155,91.87550616264343,-4.79221329285906e-09,1.0299682884351569e-08
5016.8084028694275,924.2924999999999,997.695,0.0,373,7460000,35,0.013754344545304775,2.025000000000006e-05,175.9492355240474,9.949640752000386,-0.011581008151713002,235.2979891701737,15.85597014427185,70.45475673675537,86.31072854995728,-2.2816658784563515e-08,1.3351439953623867e-09
4970.172679398954,916.6428571428573,973.6761904761905,0.0,374,7480000,35,0.013003241270780563,1.9500000000000057e-05,242.38750349033484,10.335955046541013,-0.012651888411847041,238.26543696241148,15.303245544433594,73.52735829353333,88.83060503005981,9.346008411625917e-09,-6.484985437538171e-09
5008.578590987341,920.1474999999998,989.1450000000001,0.0,375,7500000,35,0.011463292874395847,1.8750000000000056e-05,182.39052942990713,12.983962547599535,-0.01592834586455495,240.26992694919156,16.86560583114624,74.45641613006592,91.32202339172363,6.532669072356612e-09,-1.6403198799253005e-08
4802.169061811537,871.6475,974.575,0.0,376,7520000,35,0.01361787412315607,1.8000000000000055e-05,234.035479467506,12.953341719457843,-0.012894387555889708,243.55128014345573,19.034118175506592,69.81074833869934,88.84486794471741,3.671646098268866e-09,4.1961669694501325e-09
5014.184955044918,905.925,997.175,0.0,377,7540000,35,0.014930395409464836,1.7250000000000053e-05,232.25234505249887,13.063519818725133,-0.01337836341743686,247.37021785372198,17.116212606430054,81.71758580207825,98.83379936218262,2.813339339269305e-09,3.051757735406113e-09
4935.190960776597,892.2500000000002,957.983333333333,0.0,378,7560000,35,0.012541013769805431,1.6500000000000052e-05,459.01176020571324,20.75050485867553,-0.012336924399871128,250.79043853355836,19.50709342956543,71.99216175079346,91.49925637245178,-6.484985437538171e-09,-3.814697446813398e-09
4723.9229844474985,836.0925,988.7175,0.0,379,7580000,35,0.011972425505518913,1.575000000000005e-05,274.00595945500174,13.57090162069272,-0.01273644473064701,253.44049915224926,16.121139764785767,71.63078618049622,87.75192737579346,2.479553229406406e-09,5.531310964812519e-09
4644.77147883348,818.9136363636363,967.1363636363636,0.0,380,7600000,35,0.012427573092281818,1.5000000000000048e-05,459.07623769219526,20.75762866990635,-0.011895271356904897,255.81964180135444,18.56656527519226,93.21819519996643,111.78476238250732,2.3841859042583735e-10,-2.412796007433826e-08
4752.6146120119765,839.3724999999998,963.4,0.0,381,7620000,35,0.01243834663182497,1.4250000000000045e-05,442.86709819186063,26.2207592351096,-0.012018253054896592,257.27656248049993,16.402467727661133,79.64712715148926,96.04959630966187,3.3378602104505717e-09,1.1444091896350983e-08
4845.635727509738,852.8875,1000.0,0.0,382,7640000,35,0.011424712836742401,1.3500000000000044e-05,231.21077020297798,12.038780088655376,-0.013086704526688276,258.80761253534524,16.029554843902588,75.66555666923523,91.69511294364929,0.0,8.01086397217432e-09
4759.30479271067,833.5200000000001,1000.0,0.0,383,7660000,35,0.011314446106553078,1.275000000000004e-05,446.2913735971664,27.51136932412221,-0.010391776673797566,261.2802019781742,17.837560176849365,79.04114270210266,96.87870478630066,2.8610229740877458e-09,3.051757735406113e-09
4864.1909122570105,862.9349999999998,1000.0,0.0,384,7680000,35,0.009363153018057346,1.2000000000000038e-05,263.25929045648894,12.018888762317145,-0.010504881796966481,264.5317911430996,15.614887237548828,72.7585711479187,88.37345933914185,-8.678436635989328e-09,-8.77380390562621e-09
4651.274283626319,809.47,997.5625,0.0,385,7700000,35,0.012295749969780445,1.1250000000000035e-05,438.49832075842437,19.38062771188783,-0.010805400180456533,266.8835968226507,15.83296275138855,77.60196423530579,93.43492817878723,4.0292738034963804e-09,3.013610694324598e-08
4995.092541676224,873.7224999999999,999.1875,0.0,386,7720000,35,0.011220283806324005,1.0500000000000032e-05,432.87945269014887,21.79240888062812,-0.010077137856764208,269.14571461610086,19.97171187400818,80.25104308128357,100.22275638580322,5.245208711812666e-10,-2.6702879907247734e-09
4966.972284125228,871.7625,992.1075000000003,0.0,387,7740000,35,0.010911929421126842,9.75000000000003e-06,357.3089050470559,15.647711204377988,-0.01141181555251446,271.41254800076575,17.420015335083008,70.17173314094543,87.5917501449585,-1.5258788677030566e-09,-3.433227391269611e-08
4964.354395150127,871.3880952380952,975.2523809523809,0.0,388,7760000,35,0.01004245039075613,9.000000000000029e-06,365.25581917251316,12.786967641923157,-0.011731360770680354,273.8207827130609,15.780559778213501,64.21350002288818,79.994060754776,-1.1825561863076928e-08,4.425048771850015e-08
4778.544405825872,835.1238095238094,961.4261904761906,0.0,389,7780000,35,0.00969934556633234,8.250000000000026e-06,405.53699737541865,17.280041560355194,-0.012013375698255111,275.9886837672447,17.077972173690796,66.5277738571167,83.60574698448181,-1.239776614703203e-09,2.3651123726153855e-08
4614.436692096503,801.3214285714286,936.788095238095,0.0,390,7800000,35,0.008808090351521969,7.500000000000023e-06,585.8899639591024,22.554658703018355,-0.010124261066028938,278.0145606677753,16.308146476745605,72.31714463233948,88.6252932548523,-3.7193297330873065e-09,0.0
4718.091118785068,815.9761904761905,961.7071428571428,0.0,391,7820000,35,0.010103699751198292,6.750000000000021e-06,551.7773295456064,20.02340345985538,-0.010256280821840743,279.3340266204653,16.265339851379395,69.07179141044617,85.33713221549988,-7.438659466174613e-09,1.7929076889799944e-08
4837.881808063596,838.009523809524,972.7238095238099,0.0,392,7840000,35,0.0077581098303198814,6.000000000000018e-06,413.242558831964,12.151471692016276,-0.00986240986178428,280.8307779873631,15.970715999603271,61.967989444732666,77.93870639801025,9.536742923144104e-11,3.051757735406113e-09
5123.0241974235005,906.1595238095238,948.897619047619,0.0,393,7860000,35,0.007357809226959944,5.250000000000016e-06,402.01430800963294,12.081245742481846,-0.008910489070222006,281.8383351899238,16.002953052520752,65.59252166748047,81.59547638893127,-8.726120270807769e-09,-1.5258788677030566e-09
4878.554097647767,857.1175,937.6075000000001,0.0,394,7880000,35,0.007924163714051247,4.500000000000014e-06,494.8223626429716,10.990411531168922,-0.009121519219685415,282.9163333755277,15.266897916793823,62.68530058860779,77.9521996974945,1.5258788677030566e-09,-7.629394893626795e-09
4997.064981921994,869.1309523809522,968.1785714285716,0.0,395,7900000,35,0.00766158290207386,3.7500000000000115e-06,438.14314743888156,9.449854709823509,-0.009611667925991383,284.18342311620603,15.114650964736938,59.555903911590576,74.67055583000183,-2.241134611224993e-09,-5.912780931538464e-09
5064.73321151121,888.4,920.293181818182,0.0,396,7920000,35,0.007535805460065603,3.0000000000000094e-06,519.3134286630649,16.610497122864263,-0.009576227785534868,285.20827288503574,14.924493551254272,60.47662019729614,75.40111470222473,-2.479553229406406e-09,-2.403259280470138e-08
5332.195453386496,932.7725000000003,987.6899999999999,0.0,397,7940000,35,0.006383069790899754,2.2500000000000073e-06,237.11183639101546,9.127974587572812,-0.0076607670359860125,286.20016999864947,14.924437284469604,58.99223303794861,73.91667127609253,1.00135799652179e-09,6.580352707175052e-09
5080.087840377573,879.3550000000001,996.3800000000003,0.0,398,7960000,35,0.006329158321022987,1.500000000000005e-06,526.3124385177355,17.0553121706657,-0.007020651332592819,286.9533834870903,15.04539942741394,59.71013379096985,74.75553441047668,-8.153915764808062e-09,9.803771661154315e-08
4626.277252006766,796.0227272727275,938.9363636363637,0.0,399,7980000,35,0.005935167893767357,7.500000000000025e-07,522.756121132179,17.806498735079423,-0.006304666094566108,287.24210565271903,14.89103102684021,58.7454297542572,73.63646221160889,-1.907348723406699e-09,1.3351440841802287e-08
4776.64175104085,823.7075000000001,958.9599999999998,0.0,400,8000000,35,0.005394346080720425,0.0,317.84143031828484,12.83438416922925,-0.005197083592433559,287.47135415366665,14.969051361083984,57.943151235580444,72.91220593452454,1.0490417423625331e-09,-2.2888183792701966e-08
