Metrics/EpRet,Metrics/EpCost,Metrics/EpLen,Metrics/EpSuccess,Train/Epoch,Train/TotalSteps,Train/StopIter,Train/KL,Train/LR,Loss/Loss_reward_critic,Loss/Loss_cost_critic,Loss/Loss_actor,Time/Rollout,Time/Update,Time/Total,Value/RewardAdv,Value/CostAdv
-367.88217289363416,0.8224482122954974,117.15371247463558,0.0,1,20000,43,0.012769344262778759,0.00029925,1012.4838260654003,0.17889244905005386,-0.020518831320080665,14.602566480636597,25.015503644943237,39.61807179450989,-3.549099005795142e-07,-9.489059316081239e-09
-359.29631525971894,0.9499999999999998,123.32878787878788,0.0,2,40000,43,0.011223331093788147,0.0002985,708.9303121131625,0.2762834073971296,-0.017274290012976513,14.675413846969604,22.08694100379944,36.76235556602478,-1.6679763348292909e-07,-1.430511542555024e-10
-346.76678992515986,0.7961538461538461,129.16602564102564,0.0,3,60000,43,0.011246313340961933,0.00029775,561.47283572606,0.23286916443204614,-0.01715254554871008,14.659389972686768,21.914148330688477,36.57353901863098,-6.227493543065066e-08,6.055831835993786e-09
-268.61981526644587,1.0976923076923077,104.56923076923077,0.0,4,80000,43,0.009965060278773308,0.000297,570.8448824878296,0.38899518009127154,-0.0150372125704608,14.754380702972412,22.386507987976074,37.140889406204224,-3.356933575560106e-08,2.3841859042583735e-10
-246.08151663351174,1.0118357487922705,99.98864734299516,0.0,5,100000,43,0.010951048694550991,0.00029625,598.7309985897771,0.34287285694865083,-0.017374052428602044,14.708308458328247,22.112077713012695,36.82038688659668,3.2424928519958485e-08,3.19480886190604e-09
-207.63542596162736,1.1654028436018957,89.5601895734597,0.0,6,120000,43,0.010576256550848484,0.0002955,521.389483110744,0.42297155771504297,-0.017066546813465606,14.644071578979492,23.46488094329834,38.10895323753357,-1.8596648665436533e-09,-1.239776614703203e-09
-240.13538182945032,1.0954773869346732,106.21306532663317,0.0,7,140000,43,0.012000709772109985,0.00029475000000000004,459.51013648948634,0.45380671559658897,-0.018096649722680876,15.091843128204346,22.213800191879272,37.305643796920776,-1.525878978725359e-08,-5.483627441016381e-10
-164.49062916453167,1.2625954198473281,76.1206106870229,0.0,8,160000,43,0.011862169951200485,0.00029400000000000004,554.4675597785184,0.8013132121156236,-0.01851020343137002,15.12383770942688,22.552083015441895,37.67592144012451,5.340575981449547e-09,-2.1219253021342865e-09
-180.43094025123236,0.6681395348837211,88.93441860465117,0.0,9,180000,43,0.01453066524118185,0.00029325000000000005,419.6592503531666,0.3067417566543612,-0.021342048455737884,15.041973352432251,22.07592248916626,37.11789679527283,6.866454960174906e-09,1.9550323582251394e-09
-139.21276450018107,0.8469858156028369,72.61932624113476,0.0,10,200000,43,0.012423994019627571,0.00029250000000000006,443.79944341309744,0.49811153230634303,-0.018711172270699336,14.767544031143188,22.001463890075684,36.76900887489319,2.956390465769232e-09,1.907348723406699e-09
-169.84204287690488,1.2903587443946187,90.3181614349776,0.0,11,220000,43,0.014458599500358105,0.00029175000000000007,351.6727376853083,0.6733782888182585,-0.020770978580292317,15.44013786315918,22.612884283065796,38.05302286148071,1.239776614703203e-09,6.198883073516015e-10
-146.1367896826961,1.032213438735178,80.4286561264822,0.0,12,240000,43,0.014747163280844688,0.0002910000000000001,379.3676674758332,0.51136746972115,-0.021069592980810237,16.813140869140625,22.437684059143066,39.25082612037659,2.38418573772492e-09,-6.675719976811934e-10
-151.60487187431525,0.9227477477477477,89.82522522522522,0.0,13,260000,43,0.015349861234426498,0.0002902500000000001,331.6800101265895,0.4138610452898274,-0.02143193272794801,15.189361095428467,22.24420666694641,37.433568477630615,-1.7642974858844696e-09,1.239776614703203e-09
-186.1265981012293,0.6965714285714287,112.74428571428571,0.0,14,280000,43,0.017358670011162758,0.0002895000000000001,271.74921917627586,0.18319825335354498,-0.022812195077553842,15.358966827392578,22.236748933792114,37.59571695327759,-3.3855438452690123e-09,4.863739189175931e-09
-129.62761443980438,1.0517094017094017,85.53055555555555,0.0,15,300000,43,0.01664069853723049,0.0002887500000000001,291.84999986434633,0.4683536400874292,-0.022633512072390713,14.805104494094849,22.4279146194458,37.23301982879639,8.77380390562621e-09,2.3841859042583735e-10
-148.90310628322715,0.8976683937823834,102.29041450777201,0.0,16,320000,43,0.017364822328090668,0.0002880000000000001,256.077663844987,0.3117009324359129,-0.02263350760950637,14.954852104187012,22.531052112579346,37.485904932022095,3.3140181709967464e-09,2.0503998499066256e-09
-120.63406451870028,1.1336363636363638,89.48568181818182,0.0,17,340000,43,0.016836797818541527,0.0002872500000000001,251.35206851055244,0.6014606778498675,-0.02035508473628015,15.061663389205933,22.854588270187378,37.91625237464905,1.2612343169848828e-08,1.7642974858844696e-09
-106.276626494936,0.9190839694656489,79.86374045801527,0.0,18,360000,43,0.016579264774918556,0.00028650000000000013,260.2193561213698,0.4932622948641159,-0.022999637586952643,14.811022996902466,22.480165243148804,37.291189193725586,-2.0980834847250662e-09,2.6226043559063328e-09
-111.08721084290006,0.9139423076923078,89.40865384615384,0.0,19,380000,43,0.017918186262249947,0.00028575000000000014,205.16862786163608,0.5489787700481018,-0.023355219691210724,16.09313726425171,23.418269634246826,39.51140785217285,2.5177001816700795e-08,-1.239776614703203e-09
-125.33667329846939,0.9869791666666666,106.52135416666665,0.0,20,400000,43,0.019467104226350784,0.00028500000000000015,181.30493749798765,0.3362157135787328,-0.02403692039983248,15.451605796813965,23.650052547454834,39.101659536361694,-3.1471252270875993e-09,9.536743617033494e-10
-103.63531869158255,0.7548888888888888,91.53822222222222,0.0,21,420000,43,0.018080800771713257,0.00028425000000000016,184.40435858393263,0.26513085720146584,-0.02329741935075028,15.388484716415405,23.57715344429016,38.96563935279846,-8.583068700218632e-10,-7.629394338515283e-10
-77.16378426548665,0.5696969696969697,76.76382575757576,0.0,22,440000,43,0.018321353942155838,0.00028350000000000017,178.98665419009492,0.29012403013072263,-0.022771575219610096,15.221433639526367,23.170708656311035,38.3921434879303,-1.6212463593845428e-09,-2.8371811566785254e-09
-81.50122528985254,0.7127118644067797,84.501906779661,0.0,23,460000,43,0.018648475408554077,0.0002827500000000002,146.10368998148246,0.2780776950011174,-0.023979010239798957,15.27925968170166,22.8949191570282,38.174179792404175,4.291534239087014e-09,-2.1517276849181144e-09
-61.09410592503502,0.713970588235294,70.63400735294118,0.0,24,480000,43,0.01859600655734539,0.0002820000000000002,134.66430186242752,0.3055453732881716,-0.02397527533812541,14.995663404464722,22.76015567779541,37.75581979751587,5.722046170220096e-10,-1.7166137400437265e-09
-52.53594189591547,0.8443521594684386,65.93887043189368,0.0,25,500000,42,0.020099923014640808,0.0002812500000000002,130.35682381255717,0.45934389635354655,-0.024959209174110885,14.989844560623169,21.661001205444336,36.65084671974182,-1.7166137400437265e-09,-3.5762786065873797e-09
-52.75688527185757,0.8904530744336568,68.48802588996764,0.0,26,520000,43,0.01879788190126419,0.0002805000000000002,110.31960633519049,0.5602145398500074,-0.024945484085816177,15.630348443984985,22.27805757522583,37.90840697288513,1.6117095213985522e-08,-2.2888184680880386e-09
-52.39979283804058,0.8313432835820896,74.07574626865672,0.0,27,540000,43,0.019597714766860008,0.0002797500000000002,90.79346618674803,0.4736903862013847,-0.024608968909080573,15.46543264389038,22.782433032989502,38.24786639213562,4.3678284100678866e-08,2.479553229406406e-09
-41.480916203212054,0.8249206349206349,61.28793650793652,0.0,28,560000,43,0.01922713592648506,0.0002790000000000002,100.15920558297216,0.4960960005732154,-0.024073141238357174,15.51436471939087,22.604660272598267,38.11902594566345,-1.0633468328080653e-08,2.0503998499066256e-09
-49.85285594699895,0.8702083333333335,84.12041666666667,0.0,29,580000,43,0.01850881800055504,0.00027825000000000023,82.25578251788993,0.44877723487100074,-0.022912909744295336,14.797385454177856,22.957037925720215,37.75442409515381,-1.850128228397807e-08,1.192092865393013e-11
-42.04390809859417,0.7287197231833911,71.1051903114187,0.0,30,600000,43,0.01960301585495472,0.00027750000000000024,90.3827733131658,0.3295242867997579,-0.024467757139914233,14.966277599334717,22.145537614822388,37.11181664466858,-1.1444092340440193e-09,1.8596648665436533e-09
-36.19695854587529,1.0276515151515149,75.46799242424242,0.0,31,620000,43,0.01998193748295307,0.00027675000000000025,71.14905699751536,0.5628363529474096,-0.02523627496803712,14.861881494522095,23.517940282821655,38.379822731018066,-1.9645691295977485e-08,-4.00543198608716e-09
-24.545710513705213,0.9045871559633026,57.98639143730887,0.0,32,640000,43,0.019660165533423424,0.00027600000000000026,73.94621607848114,0.6592600132007791,-0.02446744876967462,14.755842685699463,23.142866849899292,37.89871072769165,-7.820129432900558e-09,8.583068700218632e-10
-17.880628982336628,0.655340909090909,46.791590909090914,0.0,33,660000,42,0.020169617608189583,0.00027525000000000027,76.78521978689864,0.5115286604517587,-0.02473945477348654,14.781968355178833,22.814361095428467,37.596330404281616,6.771087690538025e-09,-6.961822673900997e-09
-22.495968154005983,0.865268456375839,65.0,0.0,34,680000,34,0.0203259214758873,0.0002745000000000003,55.02867548552717,0.40237032012959867,-0.025056159549868822,15.132178544998169,19.179783821105957,34.31196355819702,2.1934509764065524e-09,-1.78813942819378e-11
-19.547710306250934,0.8266561514195584,67.12208201892743,0.0,35,700000,33,0.020289793610572815,0.0002737500000000003,52.50367359077972,0.5378549054699425,-0.024227276360975113,14.68752908706665,18.80950379371643,33.49703407287598,-2.8991699707603402e-08,-5.00678998260895e-10
-17.991174619640596,0.9786585365853658,80.52479674796747,0.0,36,720000,33,0.020571332424879074,0.0002730000000000003,42.617205092675576,0.5646228346220598,-0.02539634293041363,14.590234756469727,18.16932725906372,32.759562969207764,-1.6212463593845428e-09,1.6689299942029834e-10
-13.204061649967135,0.8501811594202898,70.59782608695652,0.0,37,740000,37,0.020336180925369263,0.0002722500000000003,42.514596745285154,0.4725734500435579,-0.024718396387228968,14.7026047706604,20.850327968597412,35.55293393135071,-7.915496702537439e-09,-2.8610229740877458e-09
-10.495935804981897,0.7771428571428571,71.34357142857145,0.0,38,760000,32,0.020330261439085007,0.0002715000000000003,48.439348694644394,0.3953732935582064,-0.02449686064716809,14.780315160751343,19.113473892211914,33.89379048347473,-9.441375681262798e-09,9.536742923144104e-11
-8.895491802404543,0.8356250000000001,82.07083333333334,0.0,39,780000,32,0.020580178126692772,0.0002707500000000003,37.566774651596816,0.4428857870553208,-0.024081519539644825,14.900012254714966,16.94777488708496,31.847788095474243,-2.7704238902970246e-08,-9.775161791125697e-10
-3.017702086655264,1.1305220883534137,83.88493975903614,0.0,40,800000,31,0.0200380627065897,0.00027000000000000033,43.76898509290765,0.5830059888357774,-0.02496269760290583,14.915724515914917,16.460165977478027,31.37589144706726,3.9768220716496216e-08,4.959106458812812e-09
1.4115838966774668,1.139,75.3258,0.0,41,820000,30,0.02079489827156067,0.00026925000000000034,33.60005307861521,0.610950404649231,-0.025570904768812804,14.931615829467773,17.175199270248413,32.1068160533905,-1.4209747156712638e-08,6.675719976811934e-10
6.523916713936162,1.0715555555555556,90.08555555555556,0.0,42,840000,32,0.020344486460089684,0.00026850000000000035,32.175681962619855,0.5196620335454664,-0.02501753786147006,15.363308429718018,17.584487676620483,32.94779706001282,3.333091669333044e-08,-3.218650901359865e-09
8.586087789884798,1.0476653696498057,79.79591439688716,0.0,43,860000,39,0.02031765691936016,0.00026775000000000036,34.018609562619716,0.5191440694578202,-0.02502754506516291,14.91563606262207,21.437389373779297,36.35302662849426,-4.692077482104651e-08,2.813339339269305e-09
11.647384151664214,1.279090909090909,87.61477272727272,0.0,44,880000,33,0.02016552723944187,0.00026700000000000036,30.849374568091985,0.6272946624610449,-0.023136652782355768,14.868497371673584,17.14584994316101,32.01434874534607,-5.7315826751391796e-08,2.7656554824062596e-09
13.011384493103769,1.3082061068702293,77.09770992366411,0.0,45,900000,31,0.02012179233133793,0.0002662500000000004,38.9879305279951,0.719648664389011,-0.022788608797912197,14.578381538391113,16.388960123062134,30.967342853546143,4.568099853941021e-08,-1.287460360543946e-09
19.333103599279166,1.1966183574879226,97.45869565217392,0.0,46,920000,32,0.02058553136885166,0.0002655000000000004,31.11885185332238,0.5194180255307804,-0.02397993179052903,14.654223203659058,16.901203393936157,31.555427312850952,3.695488004495928e-08,-3.433227480087453e-09
25.48802566420956,0.8165745856353592,103.76132596685085,0.0,47,940000,33,0.020165733993053436,0.0002647500000000004,29.06091224383613,0.40056780622689764,-0.023766925494859262,14.680343389511108,17.29503560066223,31.975380182266235,-3.3140182154056674e-08,6.675720420901143e-09
27.563070444588384,1.5830472103004294,90.83690987124463,0.0,48,960000,43,0.020146209746599197,0.0002640000000000004,43.29620742517111,0.6525512166191874,-0.024838551750485032,14.599100828170776,22.342137813568115,36.94123935699463,2.0217894913798773e-08,2.00271599304358e-09
31.808400969140873,1.6166666666666667,94.74380952380953,0.0,49,980000,32,0.020281432196497917,0.0002632500000000004,43.12349476391756,0.7975423045138109,-0.023853622188112298,14.680593967437744,16.676603078842163,31.357198238372803,1.0323524257671579e-08,-4.768371461572052e-11
37.96965751526208,1.5999999999999999,118.02633136094677,0.0,50,1000000,37,0.021477561444044113,0.0002625000000000004,38.14518536976499,0.5984271057064795,-0.025099848685147298,14.789952278137207,19.08498764038086,33.87494087219238,3.814697446813398e-09,-1.8119812317252126e-09
126.08569242856863,1.5547619047619048,529.9857142857143,0.0,51,1020000,23,0.020044418051838875,0.0002617500000000004,10.461452274579692,0.04311679853213542,-0.02596789820326813,14.778254747390747,11.770277261734009,26.548532724380493,1.8787384092888715e-08,-7.629394338515283e-10
230.55446353098264,0.288095238095238,955.9761904761906,0.0,52,1040000,34,0.021089978516101837,0.00026100000000000044,7.980755043313828,0.014085688865421117,-0.02663713529588459,14.684364318847656,17.995338201522827,32.67970323562622,7.534026735811494e-09,8.344649971014917e-11
249.97255195716943,0.2913043478260869,913.6826086956523,0.0,53,1060000,22,0.02020454593002796,0.00026025000000000044,11.170865253831492,0.019017522510782023,-0.023810700868562903,14.605952262878418,11.68604564666748,26.291999578475952,2.6702879907247734e-09,1.6689299942029834e-10
284.40469434996794,0.5166666666666667,836.9437499999999,0.0,54,1080000,32,0.020486067980527878,0.00025950000000000045,11.055388360838347,0.007460718133453283,-0.026867097095292374,14.646198987960815,16.46855330467224,31.114753246307373,8.049011057664757e-08,-6.616115433288883e-10
313.367033822083,0.16086956521739124,862.2673913043479,0.0,55,1100000,24,0.021001534536480904,0.00025875000000000046,13.854564175324098,0.0016516225057838776,-0.025477373409983878,14.801856756210327,12.276194334030151,27.078052043914795,2.245903019115758e-08,-3.337859988405967e-10
357.0521565082968,0.14250000000000002,949.0,0.0,56,1120000,25,0.020608941093087196,0.00025800000000000047,12.20859943293318,0.0021687415370251983,-0.024656458642758144,14.659449577331543,12.8602614402771,27.519712209701538,-3.509521562250484e-08,-6.526708618004307e-10
414.7870919309948,0.14523809523809522,990.4738095238093,0.0,57,1140000,31,0.020277701318264008,0.0002572500000000005,11.96222230102053,0.004367782546769848,-0.024122825485364017,14.738777875900269,16.13957953453064,30.878358125686646,-4.673004205812958e-09,-1.639127722441458e-10
399.6734360434237,0.46041666666666664,921.5208333333334,0.0,58,1160000,32,0.020302826538681984,0.0002565000000000005,15.933721646289282,0.004681893830797602,-0.02315033811354152,14.733320236206055,16.196356534957886,30.929677486419678,-3.366470480159478e-08,6.914138706015649e-10
364.4580965867462,0.37391304347826093,807.4608695652175,0.0,59,1180000,33,0.020230300724506378,0.0002557500000000005,17.853295201673607,0.01117690489495689,-0.02208232775324828,14.686209440231323,17.11409306526184,31.80030369758606,4.0245055288323783e-08,2.0265579492306784e-10
429.8954271815649,0.4333333333333333,912.7714285714286,0.0,60,1200000,26,0.020040735602378845,0.0002550000000000005,18.932099591907996,0.012520960021635722,-0.022499859034008515,14.857114315032959,13.400907516479492,28.258022785186768,9.918212917625624e-09,2.145767175054658e-10
461.68544834457145,0.5642857142857144,931.9880952380954,0.0,61,1220000,29,0.02068696916103363,0.0002542500000000005,16.20914639952088,0.003988049617341554,-0.023430145591975482,14.661880731582642,15.082351207733154,29.744232654571533,5.829334170925904e-08,-4.1723252630632146e-10
517.3291621640501,0.2875,1000.0,0.0,62,1240000,29,0.020061228424310684,0.0002535000000000005,13.385140132404528,0.015469628039913436,-0.02398848194150894,14.654913902282715,14.976623773574829,29.63153862953186,7.20977766377473e-08,-1.9073485846288207e-10
525.0867417802734,0.43571428571428567,965.9642857142853,0.0,63,1260000,28,0.020269310101866722,0.00025275000000000053,16.160278612623163,0.0010722369439219955,-0.022899468073193624,14.730573892593384,14.278985738754272,29.00956130027771,1.2159347306806012e-08,-7.092952891696314e-10
508.5312168111383,0.1363636363636364,955.193181818182,0.0,64,1280000,28,0.02045118622481823,0.00025200000000000054,14.97033111721439,0.002995620242068211,-0.021345637553345384,14.753097534179688,14.513070106506348,29.26616883277893,-4.401206865622953e-08,-4.20212753482474e-10
538.3077631592572,0.14750000000000002,943.075,0.0,65,1300000,28,0.020661864429712296,0.00025125000000000055,17.62295294346904,0.0023994387644067664,-0.022089793948950515,14.624881744384766,14.326781272888184,28.951664447784424,-1.1730193705261627e-08,3.2931565807636787e-10
515.0190867046168,0.2583333333333333,890.6520833333334,0.0,66,1320000,30,0.020065976306796074,0.00025050000000000056,27.43461005858731,0.005719416604340121,-0.021174711649716765,14.883818864822388,15.137683868408203,30.021503686904907,-1.1444091896350983e-08,-3.8146971692576415e-10
556.9320689739845,0.20952380952380945,897.9952380952384,0.0,67,1340000,31,0.02008887007832527,0.00024975000000000057,22.292427918140916,0.004174099390502993,-0.023108871967032422,14.629415035247803,15.888312816619873,30.51772928237915,5.054473728449693e-09,-1.0132790162487026e-09
603.7774011160662,0.3295454545454545,953.7022727272729,0.0,68,1360000,24,0.02035793848335743,0.0002490000000000006,25.213714194700184,0.003635681577445388,-0.020436530738758545,14.771996021270752,12.375787019729614,27.14778470993042,7.20024129208241e-09,-7.39097616442308e-10
610.121255056751,0.32499999999999996,952.65,0.0,69,1380000,27,0.020102251321077347,0.0002482500000000006,10.397308177026963,0.0057140424982576035,-0.02173500213729706,14.690125942230225,13.637876987457275,28.328003644943237,-5.149841442175784e-09,7.748603841895019e-11
638.3814030944677,0.6318181818181816,968.5431818181817,0.0,70,1400000,29,0.020268995314836502,0.0002475000000000006,20.349992400951542,0.011906576345806512,-0.021265939842258746,14.555177927017212,14.592097043991089,29.147276163101196,5.149841442175784e-09,-1.0490417423625331e-09
653.7749661926036,0.18499999999999997,927.9925000000001,0.0,71,1420000,29,0.020835241302847862,0.0002467500000000006,18.47422276538098,0.0011634623430665156,-0.02027715828250614,14.580950736999512,14.78660273551941,29.367554426193237,-1.2397766369076635e-08,1.1324882698282579e-10
695.2769695580016,0.5175000000000001,991.9275000000004,0.0,72,1440000,23,0.02054840326309204,0.0002460000000000006,17.99804637218217,0.016181604413971217,-0.020896232957184423,14.641004800796509,11.468949317932129,26.109954833984375,3.5047531543597188e-09,-6.139278529992964e-10
685.2288101282783,0.4333333333333334,937.454761904762,0.0,73,1460000,32,0.020367437973618507,0.0002452500000000006,20.782153267837778,0.007235288163073326,-0.021904706321118836,14.586799144744873,16.09328842163086,30.68008852005005,1.7166136956348055e-08,-5.364417798858767e-10
739.9071023311228,0.6571428571428571,988.8,0.0,74,1480000,26,0.020265771076083183,0.00024450000000000063,25.651262323022934,0.02272142399932461,-0.020463227373393688,14.60773515701294,13.431485891342163,28.03922200202942,1.2969970875076342e-08,-2.342462446236482e-09
709.7868102043983,0.9045454545454544,933.2681818181817,0.0,75,1500000,22,0.02053186111152172,0.00024375000000000064,20.141483826247676,0.011041541958351135,-0.01885752734297863,14.896182298660278,11.397802829742432,26.293985843658447,-1.6212463593845428e-09,8.344650526126429e-10
708.627493118617,0.6090909090909091,908.3499999999999,0.0,76,1520000,24,0.02017703279852867,0.00024300000000000062,23.12867035971412,0.0041734532982654815,-0.019818505758929503,14.790630340576172,12.24744200706482,27.03807306289673,-1.201629640235069e-08,4.5299530793130316e-10
758.3199365355256,0.8250000000000001,892.0386363636367,0.0,77,1540000,32,0.020187968388199806,0.0002422500000000006,31.51769989502581,0.040425101756215866,-0.019562462271821887,14.773909568786621,17.12101721763611,31.894927978515625,-2.331733739424635e-08,-1.9937753670262737e-09
793.131509128111,0.8978260869565219,891.0086956521737,0.0,78,1560000,27,0.02087356708943844,0.00024150000000000058,36.41653632759992,0.007812745435781423,-0.020566863197993977,14.868812322616577,13.959928512573242,28.828741788864136,2.0980834847250662e-09,-1.9669532669297496e-10
825.5850631792339,0.8595238095238096,933.0261904761904,0.0,79,1580000,19,0.020361853763461113,0.0002407500000000006,24.353829486142946,0.015881889183323974,-0.01590431265351173,14.802961349487305,9.872201204299927,24.675163507461548,2.241134611224993e-09,-1.0132789746153392e-10
858.9845006082875,0.8225,962.3075000000001,0.0,80,1600000,28,0.020185893401503563,0.0002400000000000006,27.81507520391109,0.025601376411027173,-0.01970397173938599,14.584823369979858,14.362707376480103,28.947531938552856,-8.964538444899972e-09,-5.036592254370476e-10
837.8948918772555,1.5659090909090911,911.5863636363636,0.0,81,1620000,26,0.020452681928873062,0.00023925000000000058,31.453950413942568,0.0370408492678021,-0.019254568114989195,14.652264595031738,13.345934391021729,27.998200178146362,-2.3555756456516974e-08,-1.3113021779531664e-10
873.125876728267,1.441304347826087,934.0304347826088,0.0,82,1640000,29,0.02085837349295616,0.00023850000000000057,42.01464849681846,0.0936783051007683,-0.018691863956125813,14.753822565078735,15.193406581878662,29.947230100631714,5.7220459481754915e-09,-1.3828277412031298e-09
898.6280928831092,3.13695652173913,852.786956521739,0.0,83,1660000,25,0.020023362711071968,0.00023775000000000057,41.22370636758925,0.06295296750656224,-0.01935926027265908,14.705463171005249,13.319979190826416,28.02544331550598,6.866454960174906e-09,1.6212463593845428e-09
879.079880018485,1.384782608695652,855.7565217391303,0.0,84,1680000,26,0.020881088450551033,0.00023700000000000058,42.22097552112851,0.03720832719674339,-0.018274300364959268,14.719043016433716,13.548478841781616,28.267523050308228,6.318092271584419e-09,-4.291534350109316e-10
1005.252600904562,1.97,938.2425000000001,0.0,85,1700000,22,0.02229331247508526,0.00023625000000000057,30.014343613447885,0.05135182028504247,-0.017800179468489268,14.69277834892273,11.405045509338379,26.097825050354004,-2.1791457527342573e-08,4.5299530793130316e-10
1048.0955835398402,2.2204545454545457,948.35,0.0,86,1720000,37,0.020539218559861183,0.00023550000000000057,38.68649783478671,0.09092600880145486,-0.02098286521706757,14.653717994689941,19.316678047180176,33.970396995544434,4.768371808516747e-10,3.767013367905747e-09
1047.1161415659246,2.8886363636363637,942.1249999999999,0.0,87,1740000,25,0.021400604397058487,0.00023475000000000058,35.18764833088163,0.08363294277139763,-0.018232392330854375,14.638960123062134,12.930673122406006,27.569633960723877,-1.2397766369076635e-08,3.576278717609682e-10
962.9154433449283,2.8571428571428568,910.9428571428573,0.0,88,1760000,29,0.02045515738427639,0.00023400000000000056,38.32182344938667,0.10154586776624348,-0.018965195321743403,14.756258487701416,15.395504236221313,30.151764154434204,-5.7220459481754915e-09,4.768371461572052e-11
1018.1074291802581,2.5238095238095237,946.983333333333,0.0,89,1780000,25,0.020068099722266197,0.00023325000000000057,36.2667962194998,0.03523407786801646,-0.018774558610571666,14.66241717338562,12.989898443222046,27.65231680870056,-1.2540817273531957e-08,5.125999624766564e-10
1004.3479346912231,1.8522727272727273,930.7886363636363,0.0,90,1800000,27,0.02172880806028843,0.00023250000000000058,43.63549232572331,0.0617664965122643,-0.01940256494457191,14.782357931137085,13.825311422348022,28.607670307159424,-6.294250454175199e-09,9.387731703114355e-10
1002.933163439776,2.0159090909090907,931.5090909090909,0.0,91,1820000,16,0.02031286619603634,0.0002317500000000006,44.776755947100966,0.07439451046837671,-0.015723308632327126,14.638315677642822,8.365968227386475,23.004284858703613,-2.717971847587819e-09,1.9788741756343597e-09
1059.9126259632114,3.923809523809524,914.1976190476191,0.0,92,1840000,24,0.02003328502178192,0.0002310000000000006,45.80392202697223,0.14034678418540988,-0.018268450802115463,14.654951572418213,12.09742546081543,26.75237774848938,-7.057189943537878e-09,4.1246415172224715e-09
1110.826019087544,6.171428571428571,949.1380952380952,0.0,93,1860000,17,0.020875001326203346,0.00023025000000000058,46.71899111982787,0.25746763554177704,-0.017286375520646168,14.64900279045105,8.600451469421387,23.249454975128174,7.820129432900558e-09,-2.086162576020456e-09
1165.338760162414,5.711363636363637,960.4863636363635,0.0,94,1880000,25,0.022399628534913063,0.0002295000000000006,57.21667624558074,0.2458000214454494,-0.017699052122409773,14.597498893737793,12.58691120147705,27.18441081047058,5.292892346631106e-09,-1.1563301427486294e-09
1102.3606181334317,6.570454545454546,893.675,0.0,95,1900000,25,0.020091714337468147,0.0002287500000000006,58.182194437920295,0.22147935308327404,-0.01692860949053606,14.634270191192627,12.725741624832153,27.360013008117676,1.0299682884351569e-08,-5.936622748947684e-09
1257.3274490004324,9.2825,961.7124999999999,0.0,96,1920000,21,0.020516948774456978,0.0002280000000000006,50.98137149155463,0.33395074534714403,-0.015992082911557584,14.426618814468384,10.8795804977417,25.3062002658844,1.525878978725359e-08,1.6689301052252858e-09
1198.9085631620683,8.436363636363636,938.6022727272729,0.0,97,1940000,23,0.020644284784793854,0.00022725000000000062,48.09447964430512,0.24398832261381925,-0.01770683598061885,14.667479991912842,11.922736883163452,26.59021782875061,-1.8215178698710588e-08,-1.7225741943960315e-09
1232.9410723829274,10.761363636363637,891.4954545454544,0.0,98,1960000,23,0.020421026274561882,0.0002265000000000006,58.242806527531926,0.38540880823888224,-0.016097038808938917,14.533607721328735,11.796890020370483,26.330498456954956,1.0490417423625331e-08,-6.175041367129097e-09
1069.2357162390933,9.138,824.176,0.0,99,1980000,26,0.020499972626566887,0.00022575000000000058,83.06386974654156,0.4105540510510052,-0.018177979001970355,14.446962833404541,13.256527185440063,27.7034912109375,2.479553229406406e-09,-4.4345855876315454e-09
1103.6585614534877,11.516666666666664,895.2642857142855,0.0,100,2000000,20,0.02201324701309204,0.00022500000000000056,65.53404915845847,0.4988176620459255,-0.01738741107143556,14.514029502868652,10.044254779815674,24.558284997940063,1.3351439953623867e-09,-4.220008786859353e-09
551.3193531013102,4.2700000000000005,544.6811111111112,0.0,101,2020000,30,0.021386681124567986,0.00022425000000000057,129.5813971684452,0.1743862925356702,-0.02025720176050235,14.4950852394104,15.563387155532837,30.058473348617554,2.7656554379973386e-08,1.6689301052252858e-09
495.010949373481,2.5465517241379314,601.198275862069,0.0,102,2040000,12,0.021437931805849075,0.00022350000000000058,67.72689335155084,0.11470525936746208,-0.013130008064594537,14.530726671218872,6.391632795333862,20.92236042022705,-1.516342251761671e-08,-3.218650901359865e-10
567.9554431680234,2.4693548387096778,700.4451612903225,0.0,103,2060000,23,0.0203318502753973,0.00022275000000000056,65.98977436229431,0.17107460230187066,-0.018866681444484803,14.58239483833313,11.870688438415527,26.453083992004395,2.956390465769232e-09,-2.4318695945879654e-09
607.4169691611913,3.4958333333333336,755.0604166666667,0.0,104,2080000,11,0.020653992891311646,0.00022200000000000057,44.29512849419246,0.2550408433484057,-0.011003904265401964,14.719125509262085,5.5353569984436035,20.254483938217163,3.7193297330873065e-09,8.463859613172531e-10
630.0245401896008,2.6758620689655177,756.8068965517242,0.0,105,2100000,25,0.020262306556105614,0.00022125000000000055,62.436229949178575,0.15736029787248448,-0.01971475984800984,14.656679391860962,12.773443698883057,27.430124044418335,-4.696846023222179e-09,3.8146971692576415e-10
587.9472922403235,2.0328125,655.5171875,0.0,106,2120000,21,0.020371804013848305,0.00022050000000000056,68.19370663891793,0.0632526019392754,-0.015995737378254774,14.630746126174927,10.866447925567627,25.49719500541687,5.865096852630813e-09,1.788139358804841e-10
576.7252697310084,1.9155172413793105,606.8948275862068,0.0,107,2140000,20,0.02016495168209076,0.00021975000000000057,70.8240870481805,0.13830576151126076,-0.018241575493954734,14.753756999969482,10.412849426269531,25.16660761833191,-8.392333938900265e-09,-3.4570693530078245e-10
741.1603082172136,4.275806451612902,763.0516129032259,0.0,108,2160000,15,0.020222270861268044,0.00021900000000000055,84.94000236092741,0.16560215462580763,-0.014053492717649238,14.772303819656372,7.687412738800049,22.459717512130737,2.2888184680880386e-09,7.15255771277512e-11
492.88369427777474,3.073611111111111,494.31527777777785,0.0,109,2180000,19,0.020776845514774323,0.00021825000000000053,96.64503360572932,0.32532831593146727,-0.017327936620282123,14.627978086471558,9.750693798065186,24.37867259979248,5.531310964812519e-09,-1.1205673056124965e-09
657.3183831383598,3.314285714285714,676.6410714285714,0.0,110,2200000,16,0.02020903304219246,0.00021750000000000054,71.27942561348782,0.12536574896908353,-0.013528535411843463,14.627251386642456,8.20096230506897,22.828214645385742,8.583068700218632e-10,-5.364417798858767e-10
727.0825642799551,5.4142857142857155,706.9196428571429,0.0,111,2220000,19,0.0224403515458107,0.00021675000000000055,66.08644804424004,0.3288095836675937,-0.017048173846346857,14.411603689193726,9.846669673919678,24.25827431678772,-5.435943695175638e-09,3.0755997748599384e-09
706.7574269168481,5.615151515151515,688.25,0.0,112,2240000,19,0.02073642611503601,0.00021600000000000053,96.79946169767437,0.25872827585858554,-0.015985560758091474,14.498834371566772,9.616478681564331,24.11531376838684,-5.8889391141292435e-09,4.887580895562849e-10
724.2641097655691,6.537931034482758,652.1344827586207,0.0,113,2260000,17,0.020469972863793373,0.00021525000000000054,94.42644831500476,0.3378930540446106,-0.015150252218571112,14.52330994606018,8.722256422042847,23.245567083358765,-1.2588500908350397e-08,9.536742923144104e-11
714.3422131833363,5.816129032258065,676.7677419354836,0.0,114,2280000,15,0.020509911701083183,0.00021450000000000055,97.47985356326848,0.34565133439211904,-0.013878956562859097,14.44438362121582,7.715101957321167,22.159486293792725,2.574920721087892e-09,4.291534350109316e-10
711.2680828420843,6.075925925925926,659.0037037037038,0.0,115,2300000,13,0.02014395222067833,0.00021375000000000053,71.14998734612544,0.3348353988551757,-0.01187141354675491,14.63732123374939,6.593315839767456,21.230638027191162,-8.106231796922714e-10,3.576278717609682e-10
734.9773189574703,9.58939393939394,649.5363636363636,0.0,116,2320000,20,0.021404478698968887,0.00021300000000000054,116.60951477002494,0.49313597680081295,-0.017594642036954013,14.438284397125244,10.103446960449219,24.5417320728302,-3.6239624634504253e-09,-2.574920721087892e-09
735.0651783334262,10.148387096774194,619.1096774193547,0.0,117,2340000,24,0.020633775740861893,0.00021225000000000055,119.2140762856238,0.5645264621336752,-0.017631743399830112,14.498502731323242,12.256680727005005,26.755184412002563,1.2588500908350397e-08,1.0490417423625331e-09
783.3257884842249,10.558333333333334,623.6583333333333,0.0,118,2360000,15,0.02015143446624279,0.00021150000000000053,109.93585806094141,0.6328927879846549,-0.0149575088322477,14.652072429656982,7.6155171394348145,22.267590284347534,8.249283034444943e-09,5.054473728449693e-09
874.2864906453674,9.567241379310344,709.9603448275864,0.0,119,2380000,18,0.02172648347914219,0.00021075000000000054,122.96032588491963,0.5138258269651362,-0.014986436836337658,14.73143744468689,9.401888847351074,24.13332724571228,1.0251999249533128e-08,4.768371461572052e-11
890.4460404612714,13.5,657.5609374999999,0.0,120,2400000,21,0.020948193967342377,0.00021000000000000055,132.54821025211456,0.679604889103057,-0.016397722425852072,14.637624740600586,10.949842691421509,25.587468147277832,8.583068478174027e-09,4.315376500585444e-09
791.8424541172778,8.784999999999998,634.3516666666668,0.0,121,2420000,19,0.02237788774073124,0.00020925000000000056,118.97969804772688,0.37168129430779767,-0.01684691315299045,14.65754246711731,9.791480779647827,24.449023962020874,1.4305114870438729e-09,-1.1205673056124965e-09
796.2699916184888,9.09375,633.16875,0.0,122,2440000,13,0.02105390653014183,0.00020850000000000054,129.3187569429719,0.6357072412010061,-0.013587563335142864,14.452836275100708,6.8278186321258545,21.280656337738037,4.911422823994371e-09,1.9073485846288207e-10
961.5180062967935,13.653333333333332,695.1766666666665,0.0,123,2460000,18,0.020042359828948975,0.00020775000000000055,119.92836739342927,0.629360076705447,-0.011946315461253609,14.462756156921387,9.33741021156311,23.800167560577393,4.148483334631692e-09,3.0040741005876725e-09
787.8105058921814,10.5203125,579.659375,0.0,124,2480000,14,0.020838897675275803,0.00020700000000000053,150.98849760472882,0.6414936734447643,-0.01421207157445728,14.452075719833374,7.311372995376587,21.763449668884277,2.3031235585335708e-08,-5.340575981449547e-09
1003.7492391081603,13.998275862068965,680.5793103448277,0.0,125,2500000,20,0.02010556496679783,0.00020625000000000051,122.02470199488387,0.582824300276705,-0.016572536771109068,14.411795854568481,10.430638790130615,24.842435598373413,-3.2424927187690855e-09,7.212161978742415e-09
1025.5836729163127,12.428333333333335,710.1333333333333,0.0,126,2520000,19,0.020956896245479584,0.0002055000000000005,133.29547900886715,0.4815973591637723,-0.014007841307932957,14.401002883911133,9.498677730560303,23.899681329727173,-4.00543198608716e-09,-4.911422823994371e-09
1094.9222811943953,14.721739130434784,738.7739130434783,0.0,127,2540000,5,0.02174810878932476,0.00020475000000000048,97.68641313963299,0.6344665711061864,-0.0029260931265410743,14.28258490562439,2.631427049636841,16.914012670516968,3.1709670444968197e-09,1.6689299942029834e-10
1237.6803998893486,18.668,853.9920000000001,0.0,128,2560000,8,0.020124828442931175,0.00020400000000000049,102.52505858940414,0.6543766143201273,-0.006629786336436408,14.388309001922607,4.04818058013916,18.436490297317505,1.120567283408036e-08,-6.9141385949933465e-09
1069.260054560838,17.506666666666668,738.4683333333331,0.0,129,2580000,22,0.021335503086447716,0.0002032500000000005,137.87408773314692,0.9047943959301992,-0.015812700311840868,14.459522724151611,11.006024360656738,25.465547800064087,-4.768371461572052e-11,3.862381081631838e-09
1111.7831540745217,20.798076923076923,701.676923076923,0.0,130,2600000,11,0.022451341152191162,0.0002025000000000005,120.52937812936868,1.1704142140642546,-0.011307551577779431,14.494267225265503,5.73989200592041,20.234160661697388,1.440048258416482e-08,1.6689301052252858e-09
1128.7122018405773,24.74354838709677,695.9435483870968,0.0,131,2620000,14,0.02147027663886547,0.0002017500000000005,163.36081594498205,1.2961674212978287,-0.012590507548731865,14.384604930877686,7.074884653091431,21.45949077606201,5.149841442175784e-09,-1.5640258865801115e-08
1287.7364814266355,31.954166666666666,758.7229166666666,0.0,132,2640000,17,0.020271096378564835,0.00020100000000000052,100.84642051816076,1.3781592247651215,-0.014507463817156669,14.349613428115845,8.810928344726562,23.160542964935303,-9.536742923144104e-11,7.581711258808355e-09
1186.024285823925,27.19655172413793,732.0482758620689,0.0,133,2660000,20,0.0201113298535347,0.00020025000000000053,144.38893903418432,1.3912531454351884,-0.015762926635989636,14.536194324493408,10.055519819259644,24.591715335845947,-6.43730180271973e-10,-1.6212463593845428e-09
1266.2180283074235,31.843478260869563,782.5021739130434,0.0,134,2680000,1,0.022336585447192192,0.00019950000000000054,117.3235295452649,1.3461906796769252,0.005508613259873435,14.469295024871826,0.5137834548950195,14.983079671859741,1.3160705414350105e-08,-1.201629640235069e-08
1243.7870113247623,32.44137931034483,750.3741379310344,0.0,135,2700000,21,0.020117225125432014,0.00019875000000000052,127.98440571762553,1.6363170659635498,-0.014710645673593316,14.307040214538574,10.804670095443726,25.111711502075195,-5.435943695175638e-09,-2.8610229740877458e-09
1280.0932474382264,32.107692307692304,750.9903846153845,0.0,136,2720000,10,0.021000592038035393,0.00019800000000000053,141.47094558281233,1.6101493293725992,-0.0090571319021261,14.295046091079712,5.128511190414429,19.423557996749878,2.9087066089061864e-09,1.2302399099439754e-08
1227.9783012704627,32.456896551724135,694.6931034482759,0.0,137,2740000,19,0.020901506766676903,0.00019725000000000054,182.05201768716282,1.5615639449118932,-0.014940044941004616,14.329318046569824,9.82024073600769,24.14955997467041,5.722046170220096e-10,-1.4305114426349519e-08
1284.194705355888,33.45,793.2108695652173,0.0,138,2760000,8,0.021300259977579117,0.00019650000000000052,133.16398031198526,1.520809533758254,-0.0070116030117879985,14.352340698242188,4.049304008483887,18.40164542198181,-3.910064716450279e-09,6.246566819356758e-09
1462.8086823810127,39.937037037037044,847.3333333333334,0.0,139,2780000,19,0.020362352952361107,0.00019575000000000053,147.77538504908674,1.8966916178084468,-0.01275491596883328,14.348698377609253,9.50409197807312,23.85279154777527,-1.3446808111439168e-08,1.0013580187262505e-08
1120.2184308757899,33.00689655172414,652.2827586206897,0.0,140,2800000,14,0.021050993353128433,0.0001950000000000005,143.60923823999883,1.6820421113782507,-0.013932126896939229,14.29439091682434,7.174554347991943,21.46894598007202,1.5258788677030566e-09,1.3446808111439168e-08
1339.9994924944708,36.98260869565217,789.4956521739133,0.0,141,2820000,17,0.020218675956130028,0.00019425000000000052,116.01795846849613,1.7014062036708142,-0.012854837893965368,14.349428653717041,8.660549402236938,23.009979009628296,-6.055831835993786e-09,-7.629394338515283e-10
1438.8139774035715,41.45178571428571,790.8874999999999,0.0,142,2840000,21,0.021128885447978973,0.00019350000000000053,157.38614094753163,1.947696251061539,-0.013719963246362533,14.34168004989624,10.682018518447876,25.023699283599854,-1.1062621929625038e-08,-1.0585784693262212e-08
1270.9505459810546,40.35961538461539,699.5980769230767,0.0,143,2860000,13,0.022278353571891785,0.00019275000000000054,113.47046187418461,1.9853575505903889,-0.012039609949177943,14.394978761672974,6.86158561706543,21.25656533241272,-4.863739189175931e-09,-6.961822673900997e-09
1259.8783785308578,41.43833333333334,706.795,0.0,144,2880000,19,0.022644367069005966,0.00019200000000000055,189.34060701221566,2.147713678467679,-0.014751115931972966,14.41786503791809,9.960472106933594,24.378338098526,5.769729582993932e-09,-1.506805347162299e-08
1270.0805910140982,38.91206896551724,711.85,0.0,145,2900000,9,0.02057933434844017,0.00019125000000000056,213.21252379705803,2.3606277384000154,-0.008145682119113378,14.367882490158081,4.912540674209595,19.280423879623413,9.53674295089968e-09,1.0490417423625331e-09
1429.9104738867763,42.85555555555556,751.9074074074074,0.0,146,2920000,8,0.02042422443628311,0.00019050000000000056,165.569832650921,2.1162773376401467,-0.006465321193969384,14.458178043365479,4.189487457275391,18.647666215896606,3.528594971768939e-09,-3.4809113369504985e-09
1290.2089028615378,32.441071428571426,703.4017857142856,0.0,147,2940000,18,0.02055106870830059,0.00018975000000000057,164.94534342802024,1.5826073871550848,-0.011950007793408426,14.395229578018188,9.303783893585205,23.69901466369629,3.7193297330873065e-09,-1.00135799652179e-09
1373.043988469485,40.3,726.8259999999999,0.0,148,2960000,12,0.02114744484424591,0.00018900000000000058,154.80712404733973,2.0335460114705413,-0.009641014314590628,14.343921422958374,6.0818915367126465,20.425813674926758,-2.717971847587819e-09,-1.8119812317252126e-09
1670.9424528461545,50.858695652173914,878.815217391304,0.0,149,2980000,3,0.020047197118401527,0.0001882500000000006,92.1390101597782,2.255216506463063,0.0033001107839623835,14.430156707763672,1.5203204154968262,15.950477838516235,-1.1062621929625038e-08,-5.149841442175784e-09
1554.3338360635885,48.60576923076923,832.6115384615385,0.0,150,3000000,11,0.021275751292705536,0.0001875000000000006,145.45256419121463,2.2035848989448286,-0.00868496730986884,14.339239358901978,5.582261323928833,19.921501398086548,1.0490417423625331e-09,5.912780931538464e-09
1131.4187226664617,21.454761904761906,830.2214285714286,0.0,151,3020000,8,0.022196201607584953,0.0001867500000000006,78.14381211317038,0.32625966680625196,-0.00744784443456491,14.664947271347046,4.123758316040039,18.7887065410614,2.479553229406406e-09,-3.3378602104505717e-09
1112.122610735334,0.9025000000000001,986.95,0.0,152,3040000,20,0.021204421296715736,0.0001860000000000006,54.98214364715769,0.13364158976775936,-0.01797205653303904,14.576548337936401,10.32292628288269,24.899475574493408,-6.484985437538171e-09,1.6975402417074292e-08
1198.3074571630111,1.595,1000.0,0.0,153,3060000,11,0.02030164748430252,0.0001852500000000006,43.91557332863056,0.11320498559979766,-0.014935322449370035,14.700751781463623,5.7670605182647705,20.46781349182129,2.2268295651883818e-08,1.6188621998480812e-08
1232.0840906489066,2.035,1000.0,0.0,154,3080000,19,0.02014005184173584,0.00018450000000000058,36.30994059736136,0.09148057353999875,-0.018249203631378896,14.661344528198242,10.015762090682983,24.677107334136963,-9.58442658571812e-09,-6.270408636765978e-09
1262.9423051553274,2.6975000000000002,1000.0,0.0,155,3100000,27,0.02004329301416874,0.0001837500000000006,31.849772940652223,0.12464713702302302,-0.01820762751561114,14.803234815597534,13.704145193099976,28.507380962371826,-1.039505015398845e-08,1.444816621898326e-08
1347.5699169070833,5.842499999999999,1000.0,0.0,156,3120000,24,0.02013658918440342,0.00018300000000000057,32.702675775133606,0.2160056542550147,-0.018463625594357595,14.740782260894775,12.519309997558594,27.260093450546265,-4.482269222449986e-09,-3.862381081631838e-09
1326.8262519301313,4.8875,1000.0,0.0,157,3140000,24,0.022002890706062317,0.00018225000000000058,30.275005436144802,0.14767211827917126,-0.016661151666081224,14.700299978256226,12.291688919067383,26.991989612579346,-1.430511542555024e-10,1.3113021779531664e-10
1360.732981435545,4.49,1000.0,0.0,158,3160000,25,0.021825095638632774,0.0001815000000000006,25.9486271406729,0.16450982217170015,-0.019218952287860875,14.570277452468872,12.91484260559082,27.48512101173401,1.039505015398845e-08,-1.9788741756343597e-09
1516.933239969114,7.2375,999.7150000000001,0.0,159,3180000,26,0.020228669047355652,0.0001807500000000006,31.714312315683635,0.1813356266960052,-0.018881288413189628,14.710661888122559,13.453565120697021,28.164227724075317,1.9073485846288207e-10,-4.637241257654523e-09
1478.6906353981108,6.369999999999999,999.985,0.0,160,3200000,31,0.020803777500987053,0.0001800000000000006,26.043380089709594,0.15725980110302196,-0.01775950260193035,14.804619789123535,16.22997546195984,31.034596920013428,1.0585784693262212e-08,1.3113021779531664e-10
1423.0279095762005,8.040000000000001,1000.0,0.0,161,3220000,20,0.020578833296895027,0.00017925000000000062,26.91274235158027,0.33734511275174495,-0.016181329513245697,14.552974700927734,10.287858963012695,24.840834617614746,2.5177001816700795e-08,-1.4305114870438729e-09
1460.3604790011732,9.252500000000001,990.1,0.0,162,3240000,28,0.02025448903441429,0.00017850000000000063,33.35285451873517,0.24799729325719325,-0.01636180978894249,14.696495056152344,14.74077320098877,29.43726897239685,-4.100799699813251e-09,1.4066696696346526e-09
1462.193497117449,10.620000000000001,989.68,0.0,163,3260000,20,0.020434759557247162,0.00017775000000000063,42.85911377653291,0.4949126960167402,-0.016076044592847224,14.745363473892212,10.444112300872803,25.18947696685791,6.055831835993786e-09,6.198883073516015e-10
1556.7974360842659,11.419999999999998,997.5200000000001,0.0,164,3280000,17,0.020074063912034035,0.00017700000000000064,31.61771096068359,0.4884351106694805,-0.015663411209518568,14.860745191574097,8.980733871459961,23.84148073196411,-2.2125243859250077e-08,-2.1934509764065524e-09
1650.8674166634905,15.4225,1000.0,0.0,165,3300000,20,0.020402507856488228,0.00017625000000000065,26.05639875991435,0.5647260279170697,-0.016741945307415945,14.675137519836426,11.09573483467102,25.7708740234375,-2.074241578498004e-08,-1.4305114870438729e-09
1578.1774946331334,14.565000000000001,1000.0,0.0,166,3320000,30,0.020639721304178238,0.00017550000000000066,35.15203717348445,0.4422281270917458,-0.0195583509831426,14.830446004867554,15.39962124824524,30.23006844520569,-5.245208711812666e-10,4.768371461572052e-11
1475.5899049548443,14.485714285714288,986.0142857142855,0.0,167,3340000,15,0.020103979855775833,0.00017475000000000067,38.39147988331469,0.5482671916610581,-0.012331633193748472,14.624572515487671,7.496615171432495,22.121188640594482,3.433227480087453e-09,5.841255035221593e-09
1511.1173525125869,15.380952380952381,954.0000000000002,0.0,168,3360000,20,0.02085655927658081,0.00017400000000000068,40.340976973424986,0.6221784914407549,-0.014941386012154148,14.495606660842896,10.241706609725952,24.737313985824585,-6.651878159402713e-09,-3.0040741005876725e-09
1518.7989576756459,17.3,973.9350000000001,0.0,169,3380000,26,0.021608078852295876,0.0001732500000000007,42.86683721737365,0.7265644423090495,-0.016693403626413073,14.650450468063354,13.157593965530396,27.808045625686646,8.296966669263384e-09,5.531310964812519e-09
1625.4624496792399,18.087500000000002,998.1000000000001,0.0,170,3400000,22,0.02022281102836132,0.0001725000000000007,49.034567335807004,0.719203138027353,-0.01596419829958289,14.558790683746338,11.160372495651245,25.7191641330719,1.9836425835251248e-08,-1.931190540815919e-09
1690.1038918926213,22.945,998.1,0.0,171,3420000,19,0.021129881963133812,0.0001717500000000007,30.542529283405383,1.005707405711078,-0.01445762811431526,14.514945983886719,9.703738451004028,24.21868634223938,7.486343100993054e-09,5.412101877766418e-09
1695.4401204033397,23.637500000000003,1000.0,0.0,172,3440000,18,0.021650103852152824,0.0001710000000000007,36.95238847705718,0.878347158578713,-0.015591586925254404,14.529371976852417,9.262977600097656,23.79235029220581,-1.7929076889799944e-08,-4.1961669694501325e-09
1711.0307205342367,25.27,980.4300000000003,0.0,173,3460000,25,0.020848272368311882,0.00017025000000000067,51.07343264567701,1.3262958801999878,-0.016147869410276225,14.598713397979736,12.74582290649414,27.344537258148193,-5.769729582993932e-09,1.516342251761671e-08
1775.260536889496,34.39,998.97,0.0,174,3480000,21,0.020387152209877968,0.00016950000000000065,40.643443501376474,1.5431192908716749,-0.015392385636646617,14.637160539627075,11.191736936569214,25.828898429870605,-4.1103362491412554e-08,1.0871887390351276e-08
1814.4888041423674,38.083333333333336,996.7619047619048,0.0,175,3500000,26,0.021156197413802147,0.00016875000000000066,44.28940725233678,1.7830593614696644,-0.01605892421821896,14.689398288726807,13.653133630752563,28.342532873153687,-4.673004205812958e-09,2.307891833197573e-08
1808.2143685028034,44.03,994.9,0.0,176,3520000,27,0.0245486032217741,0.00016800000000000064,40.802910759143856,2.1321286408765965,-0.01823095462369142,14.848720073699951,13.851858139038086,28.700578927993774,-3.051757735406113e-09,-1.7452240541615538e-08
1719.6088073178303,39.6825,1000.0,0.0,177,3540000,17,0.020010074600577354,0.00016725000000000065,46.77478401996445,1.8312844060200502,-0.01600821583728741,14.685406923294067,8.67244839668274,23.357856273651123,7.057189943537878e-09,1.5544891596164234e-08
1843.7399069802882,44.790000000000006,1000.0,0.0,178,3560000,20,0.020367007702589035,0.00016650000000000063,46.39885185096837,1.9414394055740742,-0.01739012175946956,14.624794244766235,10.258983135223389,24.88377833366394,5.364418242947977e-09,-3.1471252270875993e-09
1874.590109712468,52.65749999999999,992.4100000000001,0.0,179,3580000,22,0.020968345925211906,0.00016575000000000064,51.10471950548565,1.9598032785161592,-0.01583683682925532,14.531330585479736,11.266571283340454,25.797902822494507,-1.8548965030618092e-08,-3.9672851670502496e-08
1776.1540276228175,44.06249999999999,981.1700000000003,0.0,180,3600000,16,0.020531363785266876,0.00016500000000000065,59.61023275912562,1.8400031357909306,-0.012893338363799649,14.612623453140259,8.05116057395935,22.663784980773926,-2.574920721087892e-09,-4.76837147544984e-09
1889.877946232053,54.177499999999995,995.5200000000001,0.0,181,3620000,16,0.02096039615571499,0.00016425000000000066,51.56509376175796,2.709572051616409,-0.013827810237660143,14.654946565628052,8.25996446609497,22.91491198539734,5.531310964812519e-09,1.3351440841802287e-08
1959.2914711928142,61.29523809523808,995.5047619047618,0.0,182,3640000,18,0.02010350115597248,0.00016350000000000067,50.62096648477804,2.401279272828592,-0.013821556555099377,14.492838144302368,9.364752531051636,23.85759139060974,3.433227480087453e-09,-7.915496702537439e-09
1849.9633042111288,56.66428571428572,950.7619047619049,0.0,183,3660000,15,0.0200138408690691,0.00016275000000000068,51.26481679280599,2.3349738702492373,-0.012920805039414783,14.504722118377686,7.748471736907959,22.253194570541382,2.7465819840699623e-08,-3.6239624634504253e-09
2070.6316863421735,75.27,982.1899999999999,0.0,184,3680000,17,0.02077031321823597,0.00016200000000000069,51.336316367892834,3.4644127391827966,-0.0119335689943919,14.541554689407349,8.800105333328247,23.341660737991333,-2.861023085110048e-10,-2.3365020140886372e-08
2008.5705065487273,72.93333333333332,967.7047619047619,0.0,185,3700000,18,0.020157601684331894,0.00016125000000000067,51.54033987096258,2.50991376785957,-0.013725700048119375,14.710458040237427,9.152061939239502,23.862520694732666,2.3841859042583735e-10,-1.0490417423625331e-08
1837.9123293554271,66.80749999999999,960.2900000000002,0.0,186,3720000,23,0.020223408937454224,0.00016050000000000068,52.83384256462639,2.5638311973429015,-0.01669456248992237,14.774053573608398,11.573017597198486,26.34707236289978,5.340575981449547e-09,3.433227480087453e-09
1805.0339359031789,68.86818181818181,955.7090909090913,0.0,187,3740000,24,0.021365974098443985,0.00015975000000000068,63.611937646624405,3.309606948985329,-0.013689893444721048,14.541539669036865,12.103983879089355,26.645524740219116,6.246566819356758e-09,-4.768371808516747e-10
1952.099301979447,86.74090909090911,915.3363636363636,0.0,188,3760000,24,0.02120005153119564,0.0001590000000000007,89.18177562524498,3.7993978161977817,-0.014993202926729558,14.610241651535034,12.289546251296997,26.89978861808777,2.479553229406406e-09,1.993179310488813e-08
1964.1141170270705,90.09285714285714,905.7523809523811,0.0,189,3780000,8,0.02241712063550949,0.00015825000000000068,85.55724080906639,3.88559307704998,-0.005684052470959487,14.576105117797852,3.985604763031006,18.561710834503174,-7.581711258808355e-09,-1.8119811429073707e-08
2129.309689587129,102.5675,975.4100000000001,0.0,190,3800000,9,0.020377377048134804,0.00015750000000000066,47.090266473182645,4.454188156731521,-0.009407500154175042,14.60509467124939,4.7763543128967285,19.381450176239014,1.3279914945485416e-08,5.054473728449693e-09
2196.5991877036117,106.23499999999999,1000.0,0.0,191,3820000,26,0.02071891352534294,0.00015675000000000067,46.49966450350426,3.689497806371245,-0.017160796553545795,14.55595350265503,13.155974626541138,27.711929082870483,1.7070769686711174e-08,-2.479553229406406e-09
2035.2778931070966,90.85000000000001,989.7904761904759,0.0,192,3840000,24,0.020408060401678085,0.00015600000000000065,58.91842643319303,4.2979124404081315,-0.015205218854929096,14.527916431427002,12.448990106582642,26.97690749168396,2.241134611224993e-09,-1.926422044107312e-08
2198.7378722117987,121.05500000000002,997.32,0.0,193,3860000,17,0.021955082193017006,0.00015525000000000066,51.39137964823844,4.840436009622206,-0.01549929026702394,14.479597806930542,8.764148473739624,23.24374747276306,2.2697449253428204e-08,-1.0681151962899094e-08
2234.863339888232,125.96749999999997,984.95,0.0,194,3880000,24,0.020088348537683487,0.00015450000000000064,60.88095782376543,5.098094268312937,-0.016191953478736178,14.531795501708984,12.68042778968811,27.212224006652832,1.8596648665436533e-09,-1.6498566068889886e-08
2261.6213013185607,136.36500000000004,993.55,0.0,195,3900000,25,0.02112598717212677,0.00015375000000000065,68.56177948094621,5.8897425755368005,-0.015390006457868068,14.628671407699585,13.004705429077148,27.63337755203247,1.9073485846288207e-10,1.3160705414350105e-08
2112.654631511695,130.25238095238095,941.4500000000002,0.0,196,3920000,28,0.020170843228697777,0.00015300000000000066,90.21949196551635,5.078275060944704,-0.014728963458350612,14.57676887512207,14.402320623397827,28.979090452194214,3.0040741005876725e-09,-3.1471252270875993e-09
2245.6291493008334,140.475,992.9275,0.0,197,3940000,1,0.022877855226397514,0.00015225000000000066,69.8404250808909,5.876927858666528,0.001789378532786158,14.622545003890991,0.49326586723327637,15.115811824798584,6.580352707175052e-09,6.370544269884704e-08
2355.8171492685356,156.4275,1000.0,0.0,198,3960000,13,0.020592162385582924,0.00015150000000000067,66.74252030354977,5.559157448594967,-0.012160134957894727,14.580140829086304,6.613060712814331,21.193202257156372,-1.7642974858844696e-09,-4.2915345943583816e-08
2379.5343745459113,160.95,1000.0,0.0,199,3980000,10,0.0204008836299181,0.00015075000000000068,40.862453694886796,5.886973611010781,-0.00940832916346579,14.443281888961792,5.127997398376465,19.571280241012573,2.794265796524087e-08,2.8228759774151513e-08
2382.4978630532705,166.355,999.3200000000003,0.0,200,4000000,31,0.021203765645623207,0.0001500000000000007,63.77133898814876,6.378978119620794,-0.015003039957096032,14.679995059967041,15.582515954971313,30.26251244544983,1.0108947456899386e-08,5.207061803957913e-08
2174.2068065461362,103.85249999999999,999.8299999999999,0.0,201,4020000,14,0.02247665636241436,0.0001492500000000007,47.25473977169982,1.7900339140275503,-0.011310348028079632,14.585363864898682,7.391461610794067,21.976826429367065,2.3555756456516974e-08,2.6130676289426447e-08
1940.3349330519443,28.984999999999996,1000.0,0.0,202,4040000,8,0.020790111273527145,0.00014850000000000068,31.941802586181254,1.2659670082922978,-0.008624860218540423,14.461569786071777,4.270936012268066,18.73250699043274,-4.394054542444792e-08,3.8909913513407446e-08
1996.7434764839186,28.544999999999998,1000.0,0.0,203,4060000,27,0.020114747807383537,0.00014775000000000066,31.024485610428965,0.9128598898048419,-0.01624544998486795,14.701404094696045,13.899863481521606,28.601268529891968,-1.3303756318805426e-08,-3.528594971768939e-09
2026.8300443487024,33.9925,1000.0,0.0,204,4080000,31,0.020770680159330368,0.00014700000000000065,26.93626585976354,1.1442121533823773,-0.01640923811047098,14.640734910964966,16.133882999420166,30.77461886405945,-2.0980834847250662e-09,6.208419733866322e-08
2075.933813730311,37.11999999999999,1000.0,0.0,205,4100000,37,0.020919637754559517,0.00014625000000000065,25.833224388902988,1.36253904395017,-0.019276132861659214,14.560250520706177,18.919121503829956,33.47937273979187,-8.392333938900265e-09,-4.863739189175931e-09
2089.4960169751516,42.29,1000.0,0.0,206,4120000,23,0.021984107792377472,0.00014550000000000066,25.172769793193947,1.4795138319573957,-0.015050840475911712,14.463956117630005,11.803999662399292,26.267956733703613,-7.629394893626795e-09,1.9645691295977485e-08
2128.0474654967948,47.802499999999995,1000.0,0.0,207,4140000,41,0.02032904140651226,0.00014475000000000067,28.0950459368106,1.8223635053038414,-0.01877402553819902,14.596676349639893,21.073264837265015,35.669942140579224,-1.1730193705261627e-08,2.6702879907247734e-09
2135.076302015028,52.3,1000.0,0.0,208,4160000,22,0.021605918183922768,0.00014400000000000065,25.376225020449237,1.681942161056883,-0.015700447043672985,14.525503396987915,11.058932781219482,25.584437370300293,2.717971847587819e-09,3.986358620977626e-08
2145.790048523837,50.552499999999995,1000.0,0.0,209,4180000,27,0.020610159263014793,0.00014325000000000064,30.792098256829643,1.5113273208207274,-0.015580373169440363,14.454729080200195,13.690345287322998,28.14507532119751,-6.628036341993493e-09,1.6117095213985522e-08
2169.563880254247,54.120000000000005,1000.0,0.0,210,4200000,41,0.020434796810150146,0.00014250000000000064,24.56925950428703,2.0219059864765847,-0.019297355433089837,14.45756983757019,20.969340324401855,35.42691159248352,1.0299682884351569e-08,6.675719976811934e-10
2228.908411004414,65.50750000000002,1000.0,0.0,211,4220000,24,0.020146191120147705,0.00014175000000000063,28.80812490791208,2.4501001412984187,-0.015705137676166426,14.480939388275146,12.670494794845581,27.151435136795044,7.724762163263676e-09,1.4686584393075464e-08
2255.911274061461,70.9525,1000.0,0.0,212,4240000,33,0.020813025534152985,0.0001410000000000006,31.099026314179742,2.8077935618736025,-0.01687175812016448,14.564135789871216,17.186298608779907,31.75043511390686,-1.692771967043427e-08,7.915496702537439e-09
2235.6555579426454,82.0047619047619,997.7571428571428,0.0,213,4260000,41,0.02062200754880905,0.0001402500000000006,39.191845171316864,3.038992123274054,-0.016003412218343473,14.531159400939941,20.64781165122986,35.17897176742554,-1.3732909920349812e-08,-1.9645691295977485e-08
2270.8625693679874,86.50750000000002,986.655,0.0,214,4280000,17,0.020195094868540764,0.00013950000000000057,32.03354547419658,3.143178928901434,-0.012166961546805608,14.46825122833252,8.462587833404541,22.930840015411377,1.0681151962899094e-08,1.5830993405074878e-08
2323.3144609178644,95.02000000000001,1000.0,0.0,215,4300000,27,0.02152388170361519,0.00013875000000000058,34.55986135709023,3.225418622483684,-0.01416616010873902,14.454247236251831,13.892505168914795,28.346753120422363,3.185272134942352e-08,3.6239624634504253e-09
2308.7298192028134,93.0125,1000.0,0.0,216,4320000,25,0.02073380909860134,0.0001380000000000006,38.31242108308816,3.25947790495957,-0.01367862140052492,14.530965328216553,12.897144556045532,27.4281108379364,1.0585784693262212e-08,-4.100799699813251e-09
2336.4394990050255,107.55249999999998,1000.0,0.0,217,4340000,15,0.020501594990491867,0.00013725000000000057,35.751436478176196,3.784112372780651,-0.01027279243222929,14.54874062538147,7.622211694717407,22.170953035354614,-2.088546757761378e-08,-1.602172794434864e-08
2312.9284962255633,108.9025,1000.0,0.0,218,4360000,29,0.020799953490495682,0.00013650000000000058,41.94315361029609,3.858078004802902,-0.015757106107772242,14.382912635803223,14.865940809249878,29.248854160308838,7.343292196537732e-09,2.0980834847250662e-09
2333.80321163701,115.91000000000001,1000.0,0.0,219,4380000,35,0.020056819543242455,0.0001357500000000006,38.22814386171199,3.9793055160136164,-0.015675408746642996,14.572999954223633,17.8524067401886,32.42540764808655,-9.58442658571812e-09,-4.959106458812812e-09
2402.228195252207,120.36250000000003,1000.0,0.0,220,4400000,23,0.02294245734810829,0.0001350000000000006,43.470688805713976,4.3503628001478125,-0.012126835923625005,14.485276699066162,11.865721464157104,26.35099983215332,-8.058547606992761e-09,1.7166137400437265e-09
2404.9549793415536,128.57750000000001,1000.0,0.0,221,4420000,20,0.021332010626792908,0.0001342500000000006,36.55602387899085,4.2843737483024595,-0.011731107439551079,14.594546556472778,10.538189172744751,25.132736444473267,2.479553229406406e-09,-1.1730193705261627e-08
2429.6204537742306,129.0825,1000.0,0.0,222,4440000,38,0.02059759758412838,0.0001335000000000006,31.360228278968908,4.560623093416975,-0.016247276725141403,14.591228485107422,19.950247287750244,34.54147672653198,1.4305114426349519e-08,4.882812376649781e-08
2497.4994973825196,147.02749999999997,1000.0,0.0,223,4460000,39,0.022537751123309135,0.00013275000000000057,40.02288407112476,5.967488041097411,-0.017713760651026256,14.511038303375244,20.400442123413086,34.91148114204407,3.528594971768939e-09,-3.433227480087453e-09
2521.0703163359126,162.995,1000.0,0.0,224,4480000,35,0.022616460919380188,0.00013200000000000058,36.62732776552169,5.56878223919308,-0.01662319938077088,14.328874826431274,18.186773777008057,32.51564979553223,-2.956390465769232e-09,-4.1198731537406275e-08
2509.0635149078275,161.32999999999998,1000.0,0.0,225,4500000,24,0.020015040412545204,0.00013125000000000056,32.9300475774435,5.402550738572068,-0.013247975173557594,14.657767057418823,12.48891282081604,27.1466805934906,-7.629394893626795e-09,5.111694179049664e-08
2501.4403818021574,163.2775,1000.0,0.0,226,4520000,29,0.020471474155783653,0.00013050000000000057,34.50428325814589,5.89771937033538,-0.013450638812428826,14.642396688461304,14.855412483215332,29.497810125350952,9.393692046444357e-09,-2.9945372403972215e-08
2546.208150215204,178.225,1000.0,0.0,227,4540000,30,0.022637121379375458,0.00012975000000000055,35.28127885649476,5.850351213704685,-0.015726747391804394,14.54723334312439,15.526619672775269,30.073853969573975,2.1171569386524425e-08,1.0700225772097838e-07
2559.015187434251,195.10250000000002,1000.0,0.0,228,4560000,22,0.022505871951580048,0.00012900000000000053,38.38399060823289,6.295210535699122,-0.014218010502597864,14.548832416534424,11.381776332855225,25.930609941482544,-3.261566305923225e-08,2.07901003079769e-08
2584.0316593503408,184.9325,1000.0,0.0,229,4580000,27,0.021062489598989487,0.00012825000000000054,39.39426374368359,6.028516496451763,-0.013909365393791612,14.572137117385864,14.07665228843689,28.64879059791565,1.1634826435624745e-08,-4.863738922722405e-08
2617.102803800734,199.495,1000.0,0.0,230,4600000,27,0.02005062624812126,0.00012750000000000055,30.15163059028951,6.3603083697272975,-0.015299705157787362,14.384659051895142,13.71073579788208,28.09539556503296,1.1634826435624745e-08,-6.332397362029951e-08
2687.7549124302977,216.85999999999999,1000.0,0.0,231,4620000,24,0.020261183381080627,0.00012675000000000056,28.118097731835732,6.439110688645125,-0.014814973903811568,14.46909761428833,12.307841062545776,26.776939630508423,-2.555847089524832e-08,3.52859501617786e-08
2685.37489920131,214.435,1000.0,0.0,232,4640000,15,0.020389940589666367,0.00012600000000000054,22.54353585384063,6.323742505568492,-0.01105636789479179,14.348536014556885,7.846395969390869,22.19493317604065,-1.9550324026340604e-08,7.762908893482745e-08
2719.175813148241,229.66,1000.0,0.0,233,4660000,34,0.022113073617219925,0.00012525000000000055,23.826332117849024,6.772349884859768,-0.01615683053140282,14.275498628616333,17.491230010986328,31.766730070114136,-2.5367736355974557e-08,-2.2554397460794462e-08
2713.107724863357,237.11000000000004,1000.0,0.0,234,4680000,34,0.021219130605459213,0.00012450000000000053,32.48419575929109,7.5811933100622975,-0.017093086707955663,14.340646743774414,17.4217586517334,31.76240611076355,3.457069297496673e-08,2.0980834847250662e-09
2666.7236057575205,234.025,1000.0,0.0,235,4700000,33,0.022045787423849106,0.00012375000000000054,32.57924988062207,7.516548427165492,-0.013352686069612107,14.391296625137329,16.95368504524231,31.344982624053955,-1.754760781125242e-08,4.8446654687950286e-08
2745.809554331953,252.19500000000002,1000.0,0.0,236,4720000,26,0.022208206355571747,0.00012300000000000052,33.02686950364155,7.942072256166259,-0.012891291033684258,14.314355611801147,13.488178253173828,27.802534580230713,-1.1634826435624745e-08,-1.2969970875076342e-08
2792.8358939813356,271.58250000000004,1000.0,0.0,237,4740000,37,0.02098674699664116,0.00012225000000000053,26.9463499815057,8.267322018421394,-0.014588238223205093,14.33216667175293,19.29360842704773,33.625776529312134,1.2683868177987279e-08,-9.918212917625624e-09
2772.3537167246677,280.79249999999996,1000.0,0.0,238,4760000,27,0.020512264221906662,0.00012150000000000053,38.953867597530774,8.107464712995126,-0.013139534225876007,14.482520818710327,13.784599542617798,28.267121076583862,-5.722046170220096e-10,2.632141082870021e-08
2789.0967870015907,273.3675,1000.0,0.0,239,4780000,31,0.020713986828923225,0.00012075000000000052,32.80478016840482,8.71249555694468,-0.014330918723122183,14.319270849227905,15.862440586090088,30.18171262741089,5.912780931538464e-09,-5.340575981449547e-09
2834.174246773619,292.28,1000.0,0.0,240,4800000,24,0.023111015558242798,0.00012000000000000052,26.558845705623867,8.193864916698843,-0.01384102402833086,14.458556652069092,12.146043539047241,26.60460090637207,-1.6212464259979242e-08,-7.896423426245747e-08
2856.889870654649,306.6825,1000.0,0.0,241,4820000,33,0.020586060360074043,0.00011925000000000051,26.92787753296484,8.960067333459946,-0.01512301554774782,14.207248210906982,17.17580771446228,31.383056640625,-8.01086397217432e-09,2.651214536797397e-08
2881.868421766966,325.3725,1000.0,0.0,242,4840000,43,0.019080407917499542,0.00011850000000000051,27.316286222914368,9.3017095605661,-0.017895566479372578,14.552934646606445,22.491642951965332,37.044578313827515,6.294250454175199e-09,1.0490417423625331e-08
2911.593216164786,344.85,1000.0,0.0,243,4860000,31,0.021028919145464897,0.0001177500000000005,27.363093350847773,9.962513396184072,-0.015376831269672802,14.451863050460815,15.792415857315063,30.244279623031616,1.125335735707722e-08,-9.365081865553293e-08
2907.821783411174,347.9575,1000.0,0.0,244,4880000,20,0.023007430136203766,0.0001170000000000005,38.7121727207039,10.547766460044475,-0.010388799522608471,14.560174465179443,10.097438335418701,24.65761423110962,7.438659466174613e-09,-4.253387331232261e-08
2940.686016206846,365.4,1000.0,0.0,245,4900000,32,0.02171304076910019,0.0001162500000000005,26.317958935152127,10.959331250266183,-0.01397636752987142,14.386548280715942,16.12422823905945,30.510777235031128,-5.912780931538464e-09,1.7967224152926065e-07
2994.9062209786343,404.69750000000005,1000.0,0.0,246,4920000,43,0.017800496891140938,0.00011550000000000049,32.67134723068161,11.371172869314261,-0.01562536263335052,14.37315058708191,21.738452434539795,36.11160373687744,1.5258788677030566e-09,-6.90460240093671e-08
2999.241685308748,401.3549999999999,1000.0,0.0,247,4940000,35,0.020654141902923584,0.0001147500000000005,23.819053582300114,10.378961707799819,-0.013215950457716048,14.602804183959961,18.3162522315979,32.919058084487915,1.4209747156712638e-08,-7.2479249269008506e-09
3018.354120184364,410.14750000000004,1000.0,0.0,248,4960000,42,0.022281071171164513,0.0001140000000000005,23.668573485863647,10.56998671243678,-0.016216779559836098,14.431859016418457,22.28751826286316,36.71937847137451,-3.261566305923225e-08,-4.653930574249898e-08
3031.293161901668,431.5424999999999,1000.0,0.0,249,4980000,41,0.023204173892736435,0.00011325000000000049,24.98554411844252,11.034000510085914,-0.014763661029548207,14.632977485656738,21.04934334754944,35.68232202529907,2.479553229406406e-09,-4.177093515522756e-08
3058.312560584502,443.745,1000.0,0.0,250,5000000,28,0.02075357735157013,0.00011250000000000048,23.445441093410334,11.173412728697654,-0.015078204524283134,14.369481325149536,14.372352361679077,28.74183464050293,2.6702879907247734e-09,-4.8446654687950286e-08
1961.819746554525,224.02750000000006,1000.0,0.0,251,5020000,1,0.02048012800514698,0.00011175000000000048,168.83338672299928,8.5093558966359,0.0033117133381340325,15.441643953323364,0.6064002513885498,16.04804515838623,4.791259584635554e-07,1.209259039569588e-07
890.1901002676275,0.0,1000.0,0.0,252,5040000,3,0.02450539916753769,0.00011100000000000048,65.25350556997307,3.0272572870495953,0.00196703780051478,15.263037204742432,1.4969143867492676,16.759952306747437,1.6260146651347895e-07,1.4877319642891962e-07
893.8030306072051,0.0,1000.0,0.0,253,5060000,14,0.021180368959903717,0.00011025000000000047,24.081626645910806,1.0261620792137562,-0.0025088984835438203,15.327112197875977,7.217372417449951,22.544485569000244,-1.6746521680488513e-07,-7.896423426245747e-08
893.9524407915785,0.0,1000.0,0.0,254,5080000,20,0.029095306992530823,0.00010950000000000047,16.97082150706762,0.6261248904410043,-0.005346087352785317,15.524503231048584,10.369868040084839,25.894372940063477,-2.670288097306184e-07,3.4255981518072076e-07
901.7727773601371,0.13249999999999998,1000.0,0.0,255,5100000,20,0.022355135530233383,0.00010875000000000046,12.420274044139475,0.4512683334984357,-0.006484048054376735,15.329463243484497,10.291092872619629,25.620557069778442,2.8152464892627904e-07,-1.2416839467732643e-07
903.1103355166764,0.16749999999999998,1000.0,0.0,256,5120000,12,0.022211220115423203,0.00010800000000000046,10.586579874849521,0.3525212253856508,-0.005859324667565446,15.426166772842407,6.205199956893921,21.631367444992065,-9.040832793516529e-08,8.087157965519509e-08
908.5889079891073,0.08499999999999999,1000.0,0.0,257,5140000,40,0.026499157771468163,0.00010725000000000045,8.655008131869232,0.25610109599236447,-0.010100686279069515,15.334847927093506,20.326268434524536,35.66111731529236,2.9296876391526894e-07,-1.2216567313316773e-07
921.3769524929994,0.21499999999999994,1000.0,0.0,258,5160000,11,0.020265400409698486,0.00010650000000000045,7.80474040203731,0.20908341200977254,-0.00825522166609301,15.301429510116577,5.669481992721558,20.970912218093872,1.8329620843360317e-07,-7.615089714363421e-08
929.9575740906806,0.09500000000000001,1000.0,0.0,259,5180000,41,0.025542639195919037,0.00010575000000000044,7.32067784014658,0.1432882089486421,-0.014377314148563632,15.30611252784729,21.22269630432129,36.528810262680054,1.6670226443693537e-07,8.811950635845278e-08
937.8614720873796,0.0225,1000.0,0.0,260,5200000,30,0.020383985713124275,0.00010500000000000044,7.4194394014052705,0.10567496742125805,-0.013089905253843353,15.26500415802002,15.175381183624268,30.440386295318604,2.3269653581792227e-07,-8.106231796922714e-10
961.5870578152214,0.15749999999999997,1000.0,0.0,261,5220000,11,0.02511763572692871,0.00010425000000000043,9.063177703576477,0.09428531146673667,-0.010293973163970595,15.232750654220581,5.661098480224609,20.893849849700928,1.4476776755145693e-07,-2.8419494313425275e-08
970.8450110587391,0.0976190476190476,995.3666666666666,0.0,262,5240000,43,0.01385937537997961,0.00010350000000000043,13.911923610921955,0.08800763650645149,-0.016387407958716176,15.260801792144775,21.83160901069641,37.092411518096924,4.215240423377509e-08,1.6593933338526767e-08
940.8684584778082,0.34500000000000003,956.2149999999999,0.0,263,5260000,7,0.02394949272274971,0.00010275000000000042,10.30227878511922,0.07116985238185843,-0.00803215133853991,15.245754480361938,3.4825217723846436,18.72827696800232,2.1934509319976314e-08,-3.143549065498519e-08
962.3940655678247,0.32380952380952377,963.2476190476187,0.0,264,5280000,43,0.014979503117501736,0.00010200000000000042,13.727152432628966,0.0695124101590103,-0.016681015520820748,15.139814615249634,21.807936429977417,36.94775176048279,-1.6498566068889886e-08,-1.4334917253222557e-08
1008.679559134185,0.6424999999999998,993.1899999999999,0.0,265,5300000,41,0.02086813747882843,0.00010125000000000041,14.95814482523137,0.0637808829573578,-0.01615240980487739,15.166275262832642,21.245123386383057,36.411399602890015,2.8419494313425275e-08,-2.4986267277427032e-08
1049.7709458953736,0.5725,1000.0,0.0,266,5320000,43,0.01250273734331131,0.00010050000000000041,19.614697261245453,0.0463021341771598,-0.017035932270801784,15.170166730880737,22.407983779907227,37.57815170288086,-2.479553229406406e-09,-9.512901577579669e-09
1106.1863618032544,0.68,1000.0,0.0,267,5340000,43,0.014542152173817158,9.97500000000004e-05,23.968649847071628,0.04769433218320135,-0.01683915770680649,15.510446310043335,22.01866054534912,37.52910804748535,2.479553229406406e-09,5.064010721866907e-08
1140.9626911757052,1.9,981.6699999999998,0.0,268,5360000,43,0.01577906683087349,9.90000000000004e-05,33.73371924068214,0.0990630015867938,-0.0180786566158957,15.145429611206055,21.955716371536255,37.101147174835205,-2.6607512637610853e-08,2.8562546106059017e-08
1184.6968660935531,1.9275000000000002,990.1299999999999,0.0,269,5380000,6,0.020737111568450928,9.82500000000004e-05,33.35795953806946,0.10763039497289226,-0.006457398753644671,15.134839296340942,2.9979076385498047,18.132747888565063,-2.0980834847250662e-08,9.298324776807476e-09
1274.775635005089,3.5799999999999996,1000.0,0.0,270,5400000,41,0.021151689812541008,9.750000000000039e-05,42.69784214364853,0.11258342586269107,-0.017862405452570198,14.77433180809021,21.167315006256104,35.94164776802063,2.3841859042583735e-10,-1.444816621898326e-08
1356.1322518948457,4.0925,1000.0,0.0,271,5420000,23,0.020365063101053238,9.675000000000039e-05,50.42212616327902,0.17742314299872994,-0.015601190313467234,14.653076171875,12.057226181030273,26.71030306816101,1.4972686201986107e-08,6.43730180271973e-09
1502.313451131746,10.395238095238096,983.2547619047621,0.0,272,5440000,29,0.022633494809269905,9.600000000000038e-05,68.10873534053967,0.6240612110232797,-0.016735643704634425,14.675628662109375,14.9953773021698,29.671006441116333,1.4257430791531078e-08,2.336502102906479e-09
1652.742436826665,14.940000000000001,990.5325,0.0,273,5460000,37,0.020255396142601967,9.525000000000038e-05,54.27876496421039,0.9270117100617513,-0.0190320313713643,14.731765747070312,19.265753507614136,33.997520446777344,-6.117820561257759e-08,9.53674295089968e-09
1814.2436253947187,20.9125,993.5200000000002,0.0,274,5480000,23,0.02012847177684307,9.450000000000037e-05,65.23513678265721,1.1492434452704565,-0.016162643666816367,14.742116451263428,11.952992677688599,26.695110082626343,1.0681151962899094e-08,-4.00543198608716e-09
1835.3348750156795,25.572499999999998,983.9775,0.0,275,5500000,43,0.019505519419908524,9.375000000000037e-05,67.50230817090141,1.6512302129908032,-0.01904362706168126,14.682897806167603,22.643383026123047,37.326281785964966,8.559227104854017e-09,-8.583068700218632e-10
2009.2404967362236,38.835,999.9525,0.0,276,5520000,24,0.021174469962716103,9.300000000000036e-05,55.65023491754813,3.1635081566838776,-0.01589500698907387,14.462851285934448,12.359988927841187,26.82284116744995,7.133483848065225e-08,3.814697180359872e-08
2058.0346174878327,53.9825,1000.0,0.0,277,5540000,18,0.020312698557972908,9.225000000000036e-05,64.19602766318663,4.081915526282771,-0.012493189503360178,14.576051473617554,9.248305082321167,23.824357748031616,-2.0265579436795633e-08,4.9209596397759015e-08
2090.6192090051454,61.08999999999999,1000.0,0.0,278,5560000,31,0.020301710814237595,9.150000000000035e-05,52.8560456431316,4.928600652600464,-0.018122127809283798,14.39214539527893,15.932736158370972,30.32488250732422,2.174377478070255e-08,5.6362150502309305e-08
2228.227574734184,76.025,1000.0,0.0,279,5580000,33,0.020064858719706535,9.075000000000035e-05,60.200878970047775,6.974846392972834,-0.019768966959675435,14.47806191444397,17.024324893951416,31.502387523651123,1.3828277412031298e-09,1.0166168351588567e-07
2310.091455088287,113.9675,1000.0,0.0,280,5600000,43,0.01878189854323864,9.000000000000034e-05,78.40392481119169,10.813945581044806,-0.01925104165826435,14.494561910629272,22.171494007110596,36.66605734825134,2.2888184680880386e-09,-1.3923645347801994e-08
2422.6423749443684,156.06750000000002,1000.0,0.0,281,5620000,26,0.020830094814300537,8.925000000000034e-05,80.84746305248406,14.672008065425201,-0.01753455473354019,14.44771409034729,13.510823726654053,27.95853877067566,-1.4328956687847949e-08,-1.30558007072068e-07
2475.748184545075,179.1840909090909,986.2318181818184,0.0,282,5640000,37,0.0202382393181324,8.850000000000034e-05,102.81599293805702,15.072782178631474,-0.01737180137015902,14.273245573043823,19.03421902656555,33.30746555328369,-2.5177001816700795e-08,4.7683716530855236e-08
2425.215740265412,193.89249999999998,949.7900000000002,0.0,283,5660000,41,0.021625608205795288,8.775000000000033e-05,107.06831203341741,18.38582450528688,-0.019014521244399805,14.355482339859009,20.658644676208496,35.0141282081604,2.5129319070060774e-08,-7.476806729300733e-08
2431.006390699988,216.88809523809522,925.5952380952381,0.0,284,5680000,16,0.02034042589366436,8.700000000000033e-05,119.7699768150909,21.466116174112393,-0.012056059061285828,14.33319616317749,8.081539630889893,22.41473650932312,1.916885317143624e-08,-1.8463134665580583e-07
2430.3962995226466,242.72272727272727,908.9204545454544,0.0,285,5700000,28,0.020285462960600853,8.625000000000032e-05,180.9561223069755,22.73748635383454,-0.013662463224263083,14.265882730484009,14.377593755722046,28.643477201461792,2.0503998499066256e-08,-3.509521562250484e-08
2490.9094027912392,272.55000000000007,920.6522727272727,0.0,286,5720000,33,0.020243192091584206,8.550000000000032e-05,127.99831702346128,22.944232987863696,-0.01539007812080384,14.433624505996704,16.94805908203125,31.38168454170227,-2.0313262183435654e-08,9.136199707882042e-08
2722.030757307906,342.3119047619047,964.4476190476188,0.0,287,5740000,43,0.021253250539302826,8.475000000000031e-05,108.26229426732371,24.68126721420041,-0.016198411331261726,14.451916933059692,22.34309458732605,36.79501223564148,3.771781820205433e-08,7.629394360719743e-08
2698.790921547301,376.9568181818182,944.1159090909092,0.0,288,5760000,36,0.02194272354245186,8.400000000000031e-05,181.10773755461187,25.85241911582303,-0.013878644158986413,14.368317127227783,18.41311550140381,32.78143334388733,-5.2452087118126656e-09,1.7929076889799944e-08
2703.3591014786334,403.17045454545456,905.6068181818181,0.0,289,5780000,31,0.020725058391690254,8.32500000000003e-05,166.83495703090108,27.909539757382387,-0.011789874870101162,14.408690214157104,15.702615022659302,30.1113064289093,-4.396438768594635e-08,-1.785278271881907e-07
2649.782259448068,404.26956521739135,874.4652173913043,0.0,290,5800000,27,0.02048548497259617,8.25000000000003e-05,230.3691839261956,27.433131620797873,-0.010674802789412635,14.32447862625122,13.483146905899048,27.807626485824585,-5.054473728449693e-09,-1.3122559039402404e-07
2540.2754544386353,410.8187500000001,834.9104166666666,0.0,291,5820000,20,0.020684124901890755,8.175000000000029e-05,311.47182321427744,29.56355305321609,-0.007474072050167649,14.376908779144287,10.04008674621582,24.416996240615845,7.820129432900558e-09,3.8909913513407446e-08
2904.249353542515,477.94500000000005,928.7075000000001,0.0,292,5840000,1,0.02607596479356289,8.100000000000029e-05,111.29686712916893,25.015588156784638,0.009953786000090687,14.476753234863281,0.5191736221313477,14.995928049087524,6.315708134252418e-08,1.5029907274310972e-07
2810.162391861157,485.5541666666666,886.6833333333333,0.0,293,5860000,11,0.02210908569395542,8.025000000000028e-05,248.51989862422263,28.95224363153631,-0.006534637970114674,14.497454404830933,5.6396589279174805,20.13711404800415,3.783702950954648e-08,-5.435943606357796e-08
3009.9060696248007,561.4380952380952,921.4190476190474,0.0,294,5880000,1,0.02509969100356102,7.950000000000028e-05,148.21596208403383,25.05550867394556,0.008791392928437341,14.380655527114868,0.5020442008972168,14.88270115852356,5.9604645663569045e-09,-4.615783666395146e-08
3057.764468297393,577.6891304347826,921.5478260869567,0.0,295,5900000,2,0.021931815892457962,7.875000000000027e-05,339.40021973622,30.979013442993164,0.0021906442486362746,14.415230512619019,1.0036170482635498,15.418848514556885,1.3780593555168252e-08,-1.5640258865801115e-08
2983.4352361281544,565.5761904761904,896.2119047619047,0.0,296,5920000,1,0.02055332437157631,7.800000000000027e-05,251.00965335701085,29.30700073966497,0.002309615022349584,14.35836911201477,0.5017745494842529,14.86014461517334,-3.333091669333044e-08,-1.5010833465112228e-07
3041.5699581538893,590.0152173913044,904.1152173913044,0.0,297,5940000,1,0.022116200998425484,7.725000000000026e-05,210.3501920096482,27.11140987541102,0.005289207177260254,14.441960334777832,0.5147180557250977,14.956679105758667,-3.600120379587679e-08,2.914428591793694e-07
2946.271802796345,549.004347826087,889.9695652173909,0.0,298,5960000,1,0.03875531628727913,7.650000000000026e-05,284.58647136446797,31.169642846795576,0.0016536799913767395,14.50760293006897,0.498577356338501,15.006181001663208,4.148483334631692e-09,-3.929138259195497e-08
2941.5324895058316,529.985,899.49,0.0,299,5980000,4,0.02125691808760166,7.575000000000026e-05,56.666563275494156,22.029629562474504,-0.001954661053015933,14.401640892028809,2.139841079711914,16.54148268699646,-1.993179310488813e-08,-2.3651123726153855e-08
3172.126926862028,592.25,958.0431818181817,0.0,300,6000000,43,0.01730688288807869,7.500000000000025e-05,125.37659954568517,22.16822881897934,-0.013186593742960006,14.571509599685669,22.581316709518433,37.15282678604126,1.3065338144713223e-08,1.76429750808893e-07
2632.8570138580467,372.49,968.2025,0.0,301,6020000,43,0.018737807869911194,7.425000000000025e-05,132.34635593345806,21.316883241846032,-0.018707343702498425,14.573887348175049,22.22594952583313,36.799837827682495,-4.9972534554854064e-08,4.032135052511876e-07
2158.0967832316273,153.48999999999998,996.975,0.0,302,6040000,38,0.020134838297963142,7.350000000000024e-05,133.72694483508593,16.951188401648555,-0.018450770450729275,14.913869142532349,20.451566219329834,35.36543679237366,-1.993179310488813e-08,1.4610290577365959e-07
2005.3107059289746,134.4525,997.525,0.0,303,6060000,27,0.020165015012025833,7.275000000000024e-05,91.06305633416156,11.76929051027687,-0.019365432352974637,14.505255460739136,14.216070890426636,28.72132706642151,-4.482269133632144e-08,-8.087157965519509e-08
2196.5586428156357,159.14000000000004,1000.0,0.0,304,6080000,31,0.020801004022359848,7.200000000000023e-05,77.82156313346717,10.727457986943037,-0.019824127421462234,14.604450941085815,16.983779907226562,31.588232278823853,-7.629394338515283e-10,-2.4223328409789247e-07
2161.4760303710245,156.2525,1000.0,0.0,305,6100000,42,0.021652378141880035,7.125000000000023e-05,77.68573749834259,10.213774952491843,-0.020886942465181083,14.472382068634033,23.464232683181763,37.93661594390869,2.38418573772492e-09,-4.653930574249898e-08
2290.8314083486584,182.25750000000002,1000.0,0.0,306,6120000,43,0.018137551844120026,7.050000000000022e-05,80.57126369257341,10.843615102108204,-0.01950681808923199,14.62825870513916,22.80171489715576,37.42997455596924,-2.8610228852699038e-08,1.0032653818825565e-07
2133.3279720319715,157.0225,978.8349999999997,0.0,307,6140000,31,0.02018068917095661,6.975000000000022e-05,95.03426304541105,10.215452652164458,-0.01861472853319472,14.672879457473755,15.881662845611572,30.554543256759644,-4.1198731537406275e-08,-3.433227480087453e-09
2164.1605119739156,168.9075,996.265,0.0,308,6160000,41,0.02061888948082924,6.900000000000021e-05,71.20952045185105,10.145972447396797,-0.0197620039958738,14.52149486541748,21.405647039413452,35.92714285850525,1.4019012617438875e-08,3.204345588869728e-08
2227.474014432792,168.46250000000003,1000.0,0.0,309,6180000,43,0.018141664564609528,6.825000000000021e-05,77.73937524217769,9.648048748294851,-0.0203520207845984,14.690673828125,22.47331666946411,37.163991928100586,-1.4829635297530785e-08,-1.2588500908350397e-08
2080.4330084519843,161.68249999999998,1000.0,0.0,310,6200000,41,0.02106340229511261,6.75000000000002e-05,89.90586282177154,8.867390095948362,-0.01915198892612883,14.924774169921875,21.658854246139526,36.5836296081543,6.484985437538171e-09,-1.3351440841802287e-08
2135.625575558855,167.52750000000003,1000.0,0.0,311,6220000,29,0.020378926768898964,6.67500000000002e-05,80.1158599254087,9.71486529945963,-0.01793390259056038,14.755318880081177,14.846725463867188,29.60204529762268,-1.1539459165987864e-08,4.0435789827597546e-08
2204.799132814408,178.71000000000004,1000.0,0.0,312,6240000,43,0.018411580473184586,6.60000000000002e-05,87.53126146486657,10.419652768573867,-0.019813228925086353,14.68639850616455,21.74380874633789,36.43020844459534,-9.298324776807476e-09,-3.52859501617786e-08
2142.38636448416,175.90750000000003,1000.0,0.0,313,6260000,36,0.020229659974575043,6.525000000000019e-05,86.4855154637043,10.414427808400783,-0.019710298066701066,14.514908075332642,18.56816530227661,33.08307409286499,9.536742923144104e-11,2.1362303925798187e-08
2373.8920388658366,208.78095238095244,998.3428571428572,0.0,314,6280000,28,0.0200942475348711,6.450000000000019e-05,100.60666632522941,11.758183728074941,-0.016964855094425125,14.669004440307617,14.624491453170776,29.29349708557129,1.5616417048391895e-09,-4.2915345943583816e-08
2148.5810612460664,181.90499999999997,966.9400000000002,0.0,315,6300000,43,0.019192546606063843,6.375000000000018e-05,84.96566788856163,9.7649686905718,-0.019274158650432915,14.774639368057251,22.775500059127808,37.550140380859375,6.484985437538171e-09,1.9454956756703723e-08
2181.4821254057338,189.43750000000003,1000.0,0.0,316,6320000,43,0.018312474712729454,6.300000000000018e-05,89.3596589692312,9.188555881701253,-0.01883251498606712,14.88744330406189,22.212825059890747,37.100269079208374,-1.3160705414350105e-08,7.629394893626795e-09
2110.7268619104725,186.27249999999998,1000.0,0.0,317,6340000,43,0.016784001141786575,6.225000000000017e-05,83.75224448724252,11.40782471660449,-0.018459258764743157,14.609123706817627,22.494282484054565,37.10340714454651,-1.840591501434119e-08,-2.0980834847250662e-09
2415.5138272272006,238.58249999999998,1000.0,0.0,318,6360000,43,0.017423396930098534,6.150000000000017e-05,68.33759735765477,11.776971112218435,-0.019123146475904393,14.671720743179321,22.325048446655273,36.99676990509033,9.822845647988743e-09,-3.013610694324598e-08
2394.0054043943496,226.27249999999998,1000.0,0.0,319,6380000,43,0.018467877060174942,6.075000000000016e-05,65.77359708505833,12.15133234231234,-0.019605832438025494,14.46420407295227,21.853839874267578,36.318044900894165,-8.106232129989621e-09,6.237029737121702e-08
2510.833068163778,251.56750000000002,1000.0,0.0,320,6400000,43,0.017003342509269714,6.000000000000016e-05,68.31546863738951,12.060758099543335,-0.018059314134317425,14.73804235458374,22.18857765197754,36.92662072181702,4.00543198608716e-09,1.602172794434864e-08
2415.7290330594924,239.1525,1000.0,0.0,321,6420000,43,0.017885491251945496,5.925000000000016e-05,69.71163905505612,12.62090507984021,-0.01989385091927487,14.65155553817749,22.588726043701172,37.24028301239014,8.869171175263091e-09,4.539489850685641e-08
2374.139622368525,239.13250000000002,1000.0,0.0,322,6440000,43,0.017948465421795845,5.850000000000016e-05,97.48912236660341,11.417709921330678,-0.017071449926067093,14.677462577819824,22.966111183166504,37.643574476242065,-1.0204315614714687e-08,4.959106458812812e-09
2304.809647800027,229.0025,1000.0,0.0,323,6460000,43,0.017558159306645393,5.7750000000000164e-05,91.44451092340191,10.904969586391186,-0.018638139136868546,14.769876956939697,22.278594732284546,37.04847264289856,2.1934509764065524e-09,-1.1825561863076928e-08
2418.8330455146834,254.08249999999998,1000.0,0.0,324,6480000,43,0.017377737909555435,5.700000000000016e-05,90.13787292219942,12.629930120024008,-0.01706059837153454,14.682865858078003,21.986530303955078,36.66939687728882,-3.814697446813398e-09,-3.5762788286319847e-08
2415.3870197198635,259.57249999999993,1000.0,0.0,325,6500000,43,0.016043921932578087,5.6250000000000154e-05,82.30360701479279,13.558100397038677,-0.017674277273719827,14.611056327819824,22.835951566696167,37.44700884819031,1.8835068615885575e-08,2.1362303925798187e-08
2631.3454777453476,297.2275,1000.0,0.0,326,6520000,43,0.017444973811507225,5.5500000000000156e-05,77.78230032641501,12.99195363642996,-0.018989420568305656,14.449816465377808,22.45092535018921,36.90074276924133,4.1961669694501325e-09,-1.754760781125242e-08
2519.7546126667503,282.78,1000.0,0.0,327,6540000,43,0.01678248681128025,5.475000000000016e-05,69.49810424256682,14.234448179273631,-0.019414123443545032,14.578377962112427,21.804297924041748,36.38267660140991,-2.0456313976069396e-08,-2.5177001816700795e-08
2623.9117869124207,300.8619047619047,990.4404761904761,0.0,328,6560000,43,0.016685878857970238,5.4000000000000154e-05,87.03777885830048,13.8530410162168,-0.01838549790812905,14.554229974746704,21.75838351249695,36.31261467933655,-2.7656554824062596e-09,-6.294250454175199e-09
2487.8124720450196,294.6625,958.8175000000001,0.0,329,6580000,43,0.01727837137877941,5.3250000000000156e-05,99.5035729103661,14.353855100210042,-0.01847749338440064,14.799571990966797,22.059796571731567,36.85936951637268,9.155273872352154e-09,2.9373168786150927e-08
2578.382899926318,303.4075,985.8700000000001,0.0,330,6600000,43,0.01846657693386078,5.250000000000016e-05,93.80045148811868,13.111306022186998,-0.02053741992785452,14.7305269241333,22.571361780166626,37.30188989639282,1.239776614703203e-09,-2.479553273815327e-08
2575.912907522195,301.0575,1000.0,0.0,331,6620000,43,0.017090793699026108,5.175000000000016e-05,91.0269096852893,12.959172637384711,-0.019796529274928986,14.49137282371521,22.946157693862915,37.43753147125244,1.115798919926192e-08,3.204345588869728e-08
2512.723308191793,296.3375,1000.0,0.0,332,6640000,43,0.01565108448266983,5.100000000000016e-05,75.21933298164302,14.236658245246131,-0.01890583136593246,14.562396049499512,21.968910217285156,36.53130745887756,3.528594971768939e-09,4.1961669694501325e-09
2519.503882225513,302.2475,1000.0,0.0,333,6660000,43,0.018316112458705902,5.0250000000000164e-05,86.58168348144495,13.76198002910979,-0.017349425296844464,14.682567119598389,22.27550721168518,36.95807504653931,5.340575981449547e-09,1.5449524326527353e-08
2708.3111103160263,337.2149999999999,1000.0,0.0,334,6680000,43,0.01622737944126129,4.950000000000016e-05,69.19594851738921,15.050946442842974,-0.018669898928077834,14.535129308700562,22.597845792770386,37.13297653198242,-6.294250454175199e-09,-1.2207030941624453e-08
2749.6023098759456,354.89,1000.0,0.0,335,6700000,43,0.016451191157102585,4.8750000000000155e-05,90.11090963463029,15.235893263969837,-0.018414172215499906,14.514280319213867,21.739042043685913,36.2533233165741,6.246566819356758e-09,-3.3187866677053535e-08
2581.974746954801,333.8775,1000.0,0.0,336,6720000,43,0.015751639381051064,4.800000000000016e-05,88.54083557903749,15.168356391798934,-0.017618346997734936,14.638238191604614,21.932819843292236,36.571059226989746,3.8146971692576415e-10,1.3732909920349812e-08
2663.3990522571708,342.82000000000005,1000.0,0.0,337,6740000,43,0.015950022265315056,4.725000000000015e-05,84.73629708636814,14.557929926140364,-0.017962604328293066,14.649563789367676,21.864255666732788,36.5138201713562,2.145767119543507e-09,4.615783666395146e-08
2744.87416331369,366.4275,1000.0,0.0,338,6760000,43,0.01666666939854622,4.6500000000000154e-05,73.50246042471126,15.76311167654375,-0.019323102448095587,14.59648084640503,22.20627188682556,36.80275344848633,-9.155273872352154e-09,4.692077482104651e-08
2836.039540416642,388.0425,1000.0,0.0,339,6780000,43,0.01628919690847397,4.575000000000015e-05,92.2876876278558,16.40393443721022,-0.017896725849076024,14.838742971420288,22.281482934951782,37.120227336883545,-3.862381081631838e-09,3.3187866677053535e-08
2787.8036836993715,382.4699999999999,1000.0,0.0,340,6800000,43,0.01597847044467926,4.5000000000000145e-05,91.09968527029429,15.546699250204128,-0.017360654701584332,14.657321691513062,22.56220245361328,37.2195258140564,-1.2302399099439754e-08,4.386901863995263e-08
2736.9183027743193,377.6575000000001,998.7600000000002,0.0,341,6820000,43,0.015984075143933296,4.425000000000014e-05,119.72665363330857,14.79206244960265,-0.015743727657054587,14.734257936477661,22.862706422805786,37.5969660282135,1.4305114870438729e-09,3.2424927187690855e-09
2761.747871318675,387.3575,999.6899999999999,0.0,342,6840000,43,0.016152407974004745,4.350000000000014e-05,56.62877266260326,14.908629345269214,-0.02000098196990582,15.647331714630127,22.410009145736694,38.05734157562256,2.307891833197573e-08,-5.302429073594794e-08
2934.6330651356666,425.8625,1000.0,0.0,343,6860000,43,0.0148384477943182,4.275000000000014e-05,64.5910708085207,15.751830783773247,-0.018322466927601647,14.607462406158447,21.956071615219116,36.5635347366333,-2.39372255350645e-08,3.7193299107229905e-08
2827.0022408330756,408.3374999999999,1000.0,0.0,344,6880000,43,0.01561455987393856,4.200000000000013e-05,74.27997426731221,15.22928075843746,-0.01759489109448503,14.694669008255005,22.405692100524902,37.100361824035645,-4.386901952813105e-09,-5.6457519548303026e-08
2848.2566945617555,423.9857142857142,979.8142857142858,0.0,345,6900000,43,0.014379042200744152,4.125000000000013e-05,93.70164305748995,17.600633696173443,-0.0164486990244933,14.605575799942017,21.93723464012146,36.542811155319214,-1.4305114426349519e-08,4.577636936176077e-09
2850.8725300740653,423.98249999999996,993.4599999999997,0.0,346,6920000,43,0.017853768542408943,4.0500000000000124e-05,112.44316026734225,17.226519779489433,-0.01785676712460853,14.622796773910522,21.62526297569275,36.24806046485901,-2.7656554824062596e-09,1.2969970875076342e-08
2947.4409818447784,440.07,999.5350000000001,0.0,347,6940000,43,0.014605743810534477,3.9750000000000126e-05,74.9744711396692,15.931649431257274,-0.017868850341114424,14.419769287109375,21.72784161567688,36.14761161804199,6.866454960174906e-09,-8.01086397217432e-09
2940.1958832665405,442.555,1000.0,0.0,348,6960000,43,0.015757136046886444,3.900000000000012e-05,71.75058242240863,16.35688914809116,-0.01874449178621706,14.567856311798096,22.299641847610474,36.867499351501465,-1.1062621929625038e-08,5.340575981449547e-09
3029.7857570629276,476.25249999999994,1000.0,0.0,349,6980000,43,0.014310409314930439,3.8250000000000117e-05,65.04149986471468,15.522659628820097,-0.01908188208108721,14.519793033599854,22.010803699493408,36.53059792518616,-5.722046170220096e-10,1.4495849853801701e-08
2976.49779810265,455.1000000000001,1000.0,0.0,350,7000000,43,0.013896211050450802,3.750000000000011e-05,80.7299485070445,15.980935496795448,-0.01765167367534807,14.576046228408813,21.66741704940796,36.24346423149109,-9.63211022053656e-09,5.340575981449547e-09
3006.518200132749,440.875,995.0399999999997,0.0,351,7020000,43,0.012327820062637329,3.675000000000011e-05,82.31951893684897,15.261052550096037,-0.015245525989627199,14.421664953231812,21.951819896697998,36.373486042022705,-8.106231796922714e-10,4.425048771850015e-08
3022.3764163146598,402.53249999999997,998.76,0.0,352,7040000,43,0.012267990037798882,3.60000000000001e-05,58.3034524577907,21.868188370386573,-0.018259830743164614,14.59151029586792,22.547253847122192,37.13876533508301,8.201599399626502e-09,8.964538267264288e-08
3135.6364579313404,475.895,1000.0,0.0,353,7060000,43,0.01264819037169218,3.52500000000001e-05,62.41173236118122,25.246754816991285,-0.017607655312659256,14.523544788360596,22.160621881484985,36.6841676235199,2.403259280470138e-08,4.730224745230771e-08
3229.3693528257254,538.1800000000001,1000.0,0.0,354,7080000,43,0.013128619641065598,3.450000000000009e-05,62.43587703553234,26.110759584349957,-0.017610102844560802,14.579492568969727,22.224379062652588,36.80387258529663,9.822845647988743e-09,-5.493163968139925e-08
3309.088991935881,593.1904761904761,998.7904761904762,0.0,355,7100000,43,0.012208822183310986,3.375000000000009e-05,102.88135693751963,27.588359254719688,-0.014172776825752078,14.59968876838684,21.41705894470215,36.01674842834473,-8.630753001170888e-09,-1.194000276427687e-07
3298.384073740965,619.5975,975.8699999999999,0.0,356,7120000,43,0.016250018030405045,3.3000000000000084e-05,56.28278866156712,24.28181727142379,-0.018992708902620985,14.659592866897583,21.72152018547058,36.38111424446106,-1.3351440841802287e-08,-2.4986267277427032e-08
3446.3758579734094,682.595,1000.0,0.0,357,7140000,43,0.014097792096436024,3.2250000000000086e-05,52.87253678529305,21.22927949314157,-0.01791070070051091,14.627517223358154,22.362622499465942,36.990140438079834,-3.2520294013238527e-08,1.7356872206164553e-07
3407.6773448306512,684.5380952380953,980.0309523809525,0.0,358,7160000,43,0.01272646989673376,3.150000000000008e-05,167.80071396781375,27.951209270711995,-0.011724949726613646,14.410175085067749,22.48729634284973,36.897472620010376,9.53674295089968e-09,1.7471313640271546e-07
3438.0577616504766,700.12,979.4175000000001,0.0,359,7180000,43,0.013233569450676441,3.0750000000000077e-05,47.9092113010877,18.663869133759217,-0.017690540663404503,14.404869794845581,22.092631340026855,36.49750208854675,-6.19888282926695e-08,-8.392333938900265e-08
3584.500318822592,761.45,1000.0,0.0,360,7200000,43,0.011702450923621655,3.0000000000000075e-05,51.96440411091272,19.122986161571973,-0.01770455157788663,14.450053930282593,22.367942571640015,36.8179976940155,-4.558563304613017e-08,5.035400363340159e-08
3404.3000951429544,724.0785714285715,946.4595238095241,0.0,361,7220000,43,0.011139674112200737,2.9250000000000074e-05,131.2339889474711,19.945997193521496,-0.011180703330230272,14.348529577255249,22.24191188812256,36.590442419052124,-1.7166136956348055e-08,-5.187988350030537e-08
3403.3453782608367,740.1727272727271,934.5886363636363,0.0,362,7240000,43,0.012997550889849663,2.8500000000000073e-05,156.76143860220384,20.647856256138553,-0.010477575096671165,14.545849323272705,21.7909996509552,36.33684968948364,3.051757957450718e-08,-3.128051773160223e-08
3301.3800589891066,720.0568181818181,899.5568181818184,0.0,363,7260000,43,0.013379449024796486,2.775000000000007e-05,253.78132112944937,23.517583652633338,-0.009855033474976254,14.34497880935669,22.45425009727478,36.799229860305786,8.583068700218632e-10,5.3977966985030434e-08
3495.39833757737,770.2690476190476,943.8380952380952,0.0,364,7280000,43,0.011359878815710545,2.700000000000007e-05,129.9395329787305,17.57833690940895,-0.011548834135019776,14.524821519851685,22.468824863433838,36.99364733695984,-1.5735626135437997e-08,8.888244451554783e-08
3500.3199626229493,770.8809523809523,941.4595238095238,0.0,365,7300000,43,0.011772718280553818,2.625000000000007e-05,140.26476979810138,17.349996413207595,-0.011486158203163637,14.379403352737427,22.17057776451111,36.54998230934143,-7.295608561719291e-09,-1.1672973698750866e-07
3619.3627190579928,797.3404761904762,970.6714285714288,0.0,366,7320000,43,0.014049708843231201,2.5500000000000068e-05,156.08631563621793,20.56890189524851,-0.00933569046498866,14.45927357673645,22.178918600082397,36.638195276260376,6.9141385949933465e-09,-1.3732909920349812e-08
3516.1920863268097,781.7181818181817,928.0090909090911,0.0,367,7340000,43,0.011276309378445148,2.4750000000000066e-05,133.01243466042337,16.26907317639099,-0.010847364594025686,14.49512767791748,22.63025999069214,37.125388622283936,3.299713213777977e-08,7.02858002910034e-08
3666.412957325184,809.0125,961.5074999999999,0.0,368,7360000,43,0.011074754409492016,2.4000000000000065e-05,123.31891950551713,14.78262955994335,-0.011414691102892503,14.507270336151123,22.35839343070984,36.86566472053528,2.6988983492515217e-08,-1.0509491232824075e-07
3387.520873219801,752.19375,887.0812500000001,0.0,369,7380000,43,0.012853515334427357,2.3250000000000064e-05,215.95503860183908,19.929296605264856,-0.010294560053445288,14.42338228225708,22.656025648117065,37.07940888404846,8.583068700218632e-10,-5.989074480794443e-08
3605.777151572673,804.28,933.4000000000002,0.0,370,7400000,43,0.010638272389769554,2.2500000000000062e-05,92.25062106853728,11.303596123337991,-0.012923658698109632,14.319507122039795,22.12575650215149,36.44526433944702,-5.912780931538464e-09,-1.335144048653092e-07
3694.787710943064,824.8295454545455,954.1840909090911,0.0,371,7420000,43,0.010188644751906395,2.175000000000006e-05,127.91649665753913,13.59008221244475,-0.009870598944457024,14.50913119316101,21.719494819641113,36.22862696647644,-1.8596648665436533e-09,7.476806729300733e-08
3514.6761020685913,782.2476190476189,907.0214285714285,0.0,372,7440000,43,0.012591364793479443,2.100000000000006e-05,171.925350930363,16.849632975982853,-0.007448426569553055,14.383801698684692,22.06545329093933,36.44925594329834,1.3828277189986693e-08,2.8610228852699038e-08
3603.6539103129803,801.0068181818183,922.2818181818183,0.0,373,7460000,43,0.013114677742123604,2.025000000000006e-05,223.4909081962974,18.52128813657685,-0.010860939238131077,14.461749792098999,22.48634648323059,36.948097229003906,7.772445798082117e-09,-7.514953637155486e-08
3727.6351246075888,831.8547619047617,943.7190476190475,0.0,374,7480000,43,0.010241805575788021,1.9500000000000057e-05,142.4170495067795,12.352796534422323,-0.010364845908864618,14.381823778152466,23.50758194923401,37.88940644264221,2.0503998499066256e-09,5.054473817267535e-08
3462.867313332466,761.4958333333333,886.6875,0.0,375,7500000,43,0.010929924435913563,1.8750000000000056e-05,369.153346583041,26.192626218638562,-0.010020481803112307,14.59996485710144,22.606555700302124,37.20652151107788,2.4318695945879654e-09,3.814697446813398e-09
3264.3725916610197,716.428260869565,839.0195652173913,0.0,376,7520000,43,0.0117228664457798,1.8000000000000055e-05,286.8649761226902,20.77496882330013,-0.008868799986029062,14.533098220825195,22.274633407592773,36.807732343673706,-9.53674295089968e-09,-2.8610229740877458e-09
3549.449748492178,785.3727272727273,896.7954545454544,0.0,377,7540000,43,0.0111398845911026,1.7250000000000053e-05,208.38911872349453,16.74815468209822,-0.009672146851335611,14.376134157180786,22.77374792098999,37.14988350868225,1.440048258416482e-08,-1.993179310488813e-08
3544.862611794073,786.6020833333336,891.9208333333332,0.0,378,7560000,43,0.010619305074214935,1.6500000000000052e-05,275.90599455396887,18.734331858519564,-0.009800144110124724,14.550109624862671,22.28781771659851,36.8379282951355,3.8146971692576415e-10,-7.2479249269008506e-09
3367.140237436992,751.7695652173913,839.3130434782606,0.0,379,7580000,43,0.010824603028595448,1.575000000000005e-05,436.2207526324039,26.474045060471923,-0.008119211750989739,14.474865198135376,22.817749738693237,37.29261565208435,-1.8596648665436533e-09,2.2125243859250077e-08
3367.3054775393794,745.8217391304347,842.4043478260868,0.0,380,7600000,43,0.011450896970927715,1.5000000000000048e-05,213.7558543126935,15.699548536305713,-0.009863860955410317,14.489123106002808,22.15151834487915,36.640642404556274,3.8146971692576415e-10,-1.1444092340440193e-09
3806.5479794215858,836.9833333333333,949.5142857142858,0.0,381,7620000,43,0.009518029168248177,1.4250000000000045e-05,196.37498229596417,14.62384309654977,-0.009658200282415428,14.442002296447754,22.115427255630493,36.55743050575256,1.2588500908350397e-08,-4.34875495614051e-08
3755.5672278683696,827.7404761904761,929.507142857143,0.0,382,7640000,43,0.008956894278526306,1.3500000000000044e-05,82.65125967974097,9.18737256832252,-0.01039969094014955,14.280031204223633,21.970062255859375,36.2500946521759,5.7220459481754915e-09,2.8228759774151513e-08
3975.7603227118766,872.2375,977.7575,0.0,383,7660000,43,0.009739280678331852,1.275000000000004e-05,143.79792530114838,11.443038384002694,-0.00944163795356486,14.322908401489258,22.079935550689697,36.40284490585327,-5.912780931538464e-09,-3.108978319232847e-08
3849.5345677495125,847.7571428571428,948.7214285714286,0.0,384,7680000,43,0.008972018957138062,1.2000000000000038e-05,142.62220357199223,12.024376642363613,-0.010069096682220094,14.530750036239624,22.207804918289185,36.738555669784546,1.592636067471176e-08,-1.3351440841802287e-08
3699.358379520793,803.0386363636364,934.4931818181819,0.0,385,7700000,43,0.009393463842570782,1.1250000000000035e-05,239.30832309402857,18.10360097442966,-0.009231631093419165,14.282397031784058,21.70494771003723,35.987345457077026,-3.528594971768939e-09,3.8146971692576415e-10
3577.1248281266976,781.6854166666666,875.7020833333332,0.0,386,7720000,43,0.01001415029168129,1.0500000000000032e-05,386.32871175759817,22.691389753848693,-0.009095791730114601,14.560889959335327,22.1057288646698,36.6666202545166,4.291534239087014e-09,1.3732909920349812e-08
3714.7075100223615,813.2547619047618,905.9904761904763,0.0,387,7740000,43,0.009999489411711693,9.75000000000003e-06,208.6682893193256,15.741678972050552,-0.010880978164810842,14.34106159210205,21.86419129371643,36.2052538394928,1.1444092340440193e-09,1.525878978725359e-08
3936.8157711165336,861.4238095238096,952.4166666666666,0.0,388,7760000,43,0.009112638421356678,9.000000000000029e-06,156.3704152594323,11.309072549742462,-0.009862399269372426,14.446619987487793,22.48898148536682,36.93560242652893,8.106232129989621e-09,-5.912780931538464e-09
4041.009851073813,881.8714285714285,976.1690476190474,0.0,389,7780000,43,0.008325214497745037,8.250000000000026e-06,251.87451099331744,15.45624646061057,-0.009740681320914523,14.219060897827148,21.937405109405518,36.15646696090698,-4.863739189175931e-09,-1.4495849853801701e-08
3863.3892759661194,836.7190476190477,935.1857142857145,0.0,390,7800000,43,0.008879344910383224,7.500000000000023e-06,326.34476640121284,23.126655230916597,-0.009059626180300265,14.481246948242188,21.93314027786255,36.41438817977905,-1.8596648665436533e-09,2.2888184680880386e-09
3873.7197076892703,835.7977272727272,949.5727272727272,0.0,391,7820000,43,0.008260831236839294,6.750000000000021e-06,237.90419014713714,19.77417672301588,-0.008712609101782948,14.39713430404663,21.58577013015747,35.98290514945984,-3.19480886190604e-09,2.0217894913798773e-08
3956.2012830991825,857.2119047619047,947.4119047619047,0.0,392,7840000,43,0.007966998033225536,6.000000000000018e-06,109.24289707467948,10.18929384328142,-0.009172279567424562,14.164952754974365,21.477235555648804,35.642189264297485,-1.511573799461985e-08,1.9073485846288207e-10
3889.2850416750757,845.9547619047619,926.3499999999999,0.0,393,7860000,43,0.007113281171768904,5.250000000000016e-06,208.33895203279053,13.728260542808085,-0.006771004822174806,14.243191957473755,22.205333709716797,36.44852662086487,2.861023085110048e-10,9.155273872352154e-09
4058.0609669430696,881.3399999999999,964.4174999999999,0.0,394,7880000,43,0.007864603772759438,4.500000000000014e-06,87.48180922136821,7.444179044037943,-0.010843412611532922,14.312735080718994,22.34777331352234,36.66050910949707,-9.53674295089968e-09,-9.918212917625624e-09
4099.74120650582,889.6204545454547,965.3522727272725,0.0,395,7900000,43,0.007264009676873684,3.7500000000000115e-06,295.9130286384338,17.244986571948388,-0.0069804885637833195,14.220417261123657,21.05133605003357,35.271754026412964,9.53674295089968e-09,-3.051757735406113e-09
3747.6312600231204,806.9380952380952,884.692857142857,0.0,396,7920000,43,0.006685188505798578,3.0000000000000094e-06,161.08748927550138,11.682901572226635,-0.007823727101450559,14.099849224090576,21.4184467792511,35.51829695701599,-8.869171175263091e-09,8.583068478174027e-09
3837.8363632222536,823.9083333333334,903.6416666666668,0.0,397,7940000,43,0.0070792632177472115,2.2500000000000073e-06,369.5151145515071,21.034243704537836,-0.007099754435567074,14.359142065048218,21.843223094940186,36.202367305755615,4.00543198608716e-09,2.2792816523065085e-08
3851.831013374232,821.45,901.4595238095237,0.0,398,7960000,43,0.00566566688939929,1.500000000000005e-06,158.21667369295648,11.048273339354363,-0.006558254312215034,14.407662153244019,25.28340196609497,39.691065549850464,-2.2888184680880386e-09,-3.013610694324598e-08
3951.984281552933,845.1045454545455,920.1636363636363,0.0,399,7980000,43,0.006025291047990322,7.500000000000025e-07,182.25978342561046,11.69962044147523,-0.005490177514807129,15.124242782592773,29.198983669281006,44.323227643966675,2.622604355906333e-10,-4.76837147544984e-09
3723.308776150671,793.6666666666666,866.9875000000001,0.0,400,8000000,43,0.004645462613552809,0.0,361.5996313693069,21.016587899718736,-0.002484009385377351,16.980735540390015,24.441914081573486,41.42265057563782,7.2479249269008506e-09,-1.602172794434864e-08
