Metrics/EpRet,Metrics/EpCost,Metrics/EpLen,Metrics/EpSuccess,Train/Epoch,Train/TotalSteps,Train/StopIter,Train/KL,Train/LR,Loss/Loss_reward_critic,Loss/Loss_cost_critic,Loss/Loss_actor,Loss/Loss_ewc,Loss/Loss_safety,Time/Rollout,Time/Update,Time/Total,Value/RewardAdv,Value/CostAdv
-7052.263987521964,1639.8624572576548,500.0,0.0,1,20000,21,0.020574674010276794,0.00029949999999999996,862799.3509320124,31790.67336802745,0.0003443022189010374,0.0,0.0,62.73242712020874,36.25425481796265,98.98668456077576,1.5258788677030566e-09,8.78906234902388e-07
976.8793398899594,0.0,500.0,0.0,2,40000,37,0.00812160037457943,0.00029899999999999995,33.29490034366743,285.78454552012994,-0.005292847570162641,0.0,0.0,61.7451434135437,62.22806191444397,123.97320675849915,-7.095336940210473e-08,-6.103515914901436e-08
-640.6528723862434,369.91625,500.0,0.025,3,60000,37,0.0069747124798595905,0.00029849999999999994,695584.7620269525,15869.02536541221,-0.0038134747340582975,0.0,7085.5,60.132166624069214,63.59568381309509,123.72785139083862,7.2479249269008506e-09,-2.1728515093855094e-06
-3414.3176212255466,948.8537499999999,500.0,0.0,4,80000,37,0.006457055453211069,0.0002979999999999999,593391.3526616213,14214.159110052558,-0.0020418649980002705,0.0,1006.5,58.87849521636963,62.10198998451233,120.98048663139343,5.364418242947977e-09,-1.7761230992618948e-06
-3987.5291624769984,1068.255,500.0,0.0,5,100000,37,0.005467057228088379,0.0002974999999999999,1223675.2237034878,9808.773680644541,-0.00321630227436839,0.0,5955.0,57.89005947113037,62.94171214103699,120.83177256584167,7.915496702537439e-09,-3.112792910542339e-06
-1747.450971437674,627.98125,500.0,0.0,6,120000,37,0.005527828354388475,0.0002969999999999999,451138.1256123213,11010.537184253544,-0.0010627125730927349,0.0,204.75,66.18761110305786,65.1003520488739,131.28796434402466,-2.6702879907247734e-09,-5.37109372089617e-07
-838.8693841007077,444.03125,500.0,0.0,7,140000,37,0.007370219565927982,0.0002964999999999999,456835.2838458401,2980.5174662197473,-0.0043174115094406825,0.0,396.25,61.751203775405884,67.68105864524841,129.43226504325867,1.907348723406699e-09,6.5307619934174e-07
1337.1591971185003,24.6025,500.0,0.0,8,160000,37,0.009737416170537472,0.0002959999999999999,952.8784916038371,714.8264618117557,-0.007356188253484851,0.0,218.5,58.315534591674805,62.45963263511658,120.7751681804657,3.8146971692576415e-10,3.906249901319825e-07
734.7921509653997,144.695,500.0,0.0,9,180000,15,0.022102782502770424,0.00029549999999999986,64874.68094398084,1308.48878908005,-0.007506052316121828,0.0,130.75,61.6200532913208,25.96175479888916,87.58180928230286,-2.7656554824062596e-09,-3.051757957450718e-08
-1078.6329405200954,490.72749999999996,500.0,0.0,10,200000,1,0.05977999418973923,0.00029499999999999985,534736.6758075751,14033.344930338022,0.039268588575835046,0.0,1193.0,63.24971914291382,2.471198081970215,65.72091889381409,-1.238584523832742e-08,4.516601563864242e-07
436.63836421143895,201.9825,500.0,0.01875,11,220000,37,0.010943629778921604,0.00029449999999999984,1936.4450069869206,545.4486460121233,-0.0066169597601422984,0.0,159.75,65.25874209403992,68.29743957519531,133.55618262290955,4.768371808516747e-10,1.2207031829802872e-07
1319.6143226721476,18.2875,500.0,0.05625,12,240000,37,0.013232667930424213,0.00029399999999999983,445.9237440863727,292.2375130237935,-0.009280181871187503,0.0,183.5,55.053996086120605,67.93039894104004,122.98439621925354,3.051757735406113e-09,-3.4484864386286063e-07
1006.5160759444883,94.58,500.0,0.0,13,260000,37,0.013974921777844429,0.00029349999999999987,38790.17590063115,575.1755658136461,-0.0080002119957076,0.0,87.5,64.89826512336731,65.38548231124878,130.28375005722046,-1.3351439953623867e-09,-1.0375976700061074e-07
-2537.5460423514,803.87375,500.0,0.0,14,280000,37,0.00972807314246893,0.00029299999999999986,795869.0166890175,5868.318855449353,-0.0036406680852639254,0.0,8039.0,58.77792429924011,65.48785781860352,124.2657835483551,1.668930060816365e-08,-9.033203127728484e-07
-323.1121969533786,364.26374999999996,500.0,0.0,15,300000,37,0.013014807365834713,0.00029249999999999985,474.5442142583743,294.3448836904107,-0.00987321097819044,0.0,0.0,71.66444039344788,68.51567602157593,140.18011736869812,-6.866454960174906e-09,3.845214848752221e-07
216.30552878459198,240.09999999999997,500.0,0.0,16,320000,6,0.020465224981307983,0.00029199999999999983,274765.8913148549,3460.504579294223,-0.004328076195574829,0.0,0.0,59.32760453224182,11.324523448944092,70.65212965011597,-7.17639903058398e-09,-1.8310547034161573e-07
-2433.415077134466,760.7675,500.0,0.025,17,340000,1,0.15901027619838715,0.0002914999999999998,1072676.9374570998,33945.348936915776,-0.00036350681413762487,0.0,147.25,62.78617286682129,1.820922613143921,64.60709714889526,-1.0299682884351569e-08,-1.5014647942734882e-06
-12843.072896095893,2827.7087500000002,500.0,0.0,18,360000,3,0.021334649994969368,0.0002909999999999998,3837970.0408337545,82500.907031302,0.009267842304854158,0.0,12303.5,61.23132681846619,5.055578231811523,66.28690600395203,-3.201961362719885e-08,-9.765624753299562e-08
-6010.089639392005,1457.3462499999998,500.0,0.0,19,380000,1,0.30449607968330383,0.0002904999999999998,1010849.0302929375,34291.07731691793,-0.0038462939163366448,0.0,635.75,60.275819540023804,2.112450122833252,62.38827133178711,2.479553229406406e-09,1.30615239868348e-06
-4229.442734527214,1133.68375,500.0,0.025,20,400000,1,0.14671050012111664,0.0002899999999999998,1595309.3612600698,43284.08439641105,0.03287696753875516,0.0,13.25,64.22999143600464,1.7969484329223633,66.02694129943848,1.9550324026340604e-08,-1.074218744179234e-06
1005.9708544135461,71.2225,500.0,0.0,21,420000,21,0.02261483296751976,0.0002894999999999998,9310.133647211243,2398.646406551229,-0.004943108034305865,0.0,564.75,60.19014573097229,36.72332787513733,96.91347455978394,2.1934509764065524e-09,1.9531249506599124e-07
-3688.2595873522223,1013.7712500000001,500.0,0.0,22,440000,1,0.07940290868282318,0.0002889999999999998,1163050.8537215455,30151.40573890369,0.023604096023562237,0.0,43.75,59.488706827163696,1.797391653060913,61.286099433898926,-4.81605511026828e-09,-1.5869140668200998e-07
-4141.424440214789,1093.9275,500.0,0.0,23,460000,37,0.01772790215909481,0.0002884999999999998,1333304.733861212,16168.987050606462,0.00111741936824236,0.0,4744.5,58.026957750320435,63.89643979072571,121.92339897155762,3.814697446813398e-09,7.934570476209046e-07
39.70463194348906,260.9475,500.0,0.0,24,480000,18,0.020728308707475662,0.0002879999999999998,3103.279504783449,1928.472686033618,-0.004123362204087069,0.0,0.0,61.33136582374573,31.349884510040283,92.68125224113464,1.1062621929625038e-08,-4.1503906800244295e-07
1361.670206291347,5.8875,500.0,0.0,25,500000,37,0.01425897516310215,0.0002874999999999998,1244.54508875063,904.5299238753889,-0.009514368917273051,0.0,117.75,60.52990460395813,64.56516599655151,125.09507179260254,-6.675719976811934e-10,2.4414061883248905e-08
1422.4630154961692,5.8875,500.0,0.0,26,520000,37,0.015226412564516068,0.00028699999999999977,571.2999445819122,617.1197692716938,-0.012831406666521765,0.0,0.0,57.83579778671265,67.7558045387268,125.59160327911377,2.6702879907247734e-09,1.3427734302240424e-07
1342.1966249591278,0.0,500.0,0.0,27,540000,37,0.01477881334722042,0.00028649999999999975,418.76518531867174,431.73488636245776,-0.01229028104391891,0.0,0.0,62.39295816421509,65.16123628616333,127.55419683456421,1.280307770912259e-08,1.3427734302240424e-07
1188.580065269761,57.56,500.0,0.0,28,560000,37,0.01524598989635706,0.00028599999999999974,629.6885086084604,225.45156947410064,-0.012003224632114428,0.0,719.5,57.930827140808105,68.93942832946777,126.87025666236877,2.1934509764065524e-09,1.0375976700061074e-07
1355.5005001192935,14.39,500.0,0.0,29,580000,37,0.015034491196274757,0.00028549999999999973,423.3933897203716,201.81160841357902,-0.011609265268268429,0.0,0.0,60.175233602523804,63.06037759780884,123.23561215400696,-3.051757735406113e-09,1.1230468999201548e-06
1306.3039205561618,0.0,500.0,0.0,30,600000,37,0.01684712991118431,0.0002849999999999997,353.4012542248966,122.80344697336142,-0.014037345382675667,0.0,0.0,60.10686469078064,63.124478816986084,123.23134469985962,-4.1961669694501325e-09,-2.0751953400122147e-07
-3867.2698733634215,1064.625,500.0,0.025,31,620000,37,0.011096388101577759,0.0002844999999999997,867756.3095516346,1407.4486102463306,-0.0039841275855669826,0.0,0.0,66.45358109474182,67.01644492149353,133.47002744674683,-7.1525572131747595e-09,1.2207030941624453e-08
1428.0801594814614,0.0,500.0,0.0,32,640000,37,0.016851244494318962,0.0002839999999999997,315.992894068498,131.12746281216627,-0.01404300186779939,0.0,0.0,60.77163553237915,64.52836728096008,125.30000448226929,1.7976761412796805e-08,8.422851465184067e-07
1466.0863252608076,0.0,500.0,0.0,33,660000,37,0.014633653685450554,0.0002834999999999997,311.7772185820782,117.65813369988139,-0.013780201906376131,0.0,0.0,63.230435848236084,63.79214143753052,127.02257823944092,5.817413217812373e-09,3.204345588869728e-08
1479.3356592912544,0.0,500.0,0.0,34,680000,33,0.02098621241748333,0.0002829999999999997,252.66639664489585,113.01567269239482,-0.014552719656707857,0.0,0.0,56.50986313819885,51.22854781150818,107.7384123802185,-1.683235240079739e-08,4.547119090148044e-07
1428.6018433934503,0.0,500.0,0.0,35,700000,37,0.016613958403468132,0.0002824999999999997,259.60011164292433,96.27044393731958,-0.014249288577023646,0.0,0.0,61.45270037651062,67.2211184501648,128.6738200187683,-3.3378602104505717e-09,-1.0574341331448522e-06
1387.3618548146314,0.0,500.0,0.0,36,720000,19,0.021283229812979698,0.0002819999999999997,231.71855799121897,97.5634192201657,-0.00998586526430914,0.0,0.0,60.881569147109985,34.27697038650513,95.15854048728943,-3.867149445113682e-08,4.547119090148044e-07
1436.9264056633738,0.0,500.0,0.0,37,740000,37,0.016003571450710297,0.0002814999999999997,200.1847436317106,84.64903185229856,-0.013041217996870013,0.0,0.0,60.88943552970886,68.98933362960815,129.87877082824707,1.602172794434864e-08,-4.6081544269327424e-07
1331.932058540667,0.0,500.0,0.0,38,760000,37,0.01737041212618351,0.0002809999999999997,171.42924788916176,71.14146490503022,-0.015619648053638836,0.0,0.0,62.49625825881958,65.90618968009949,128.40244936943054,-1.6307831529616124e-08,1.145935016211297e-06
1414.6354694879624,0.0,500.0,0.0,39,780000,37,0.016545860096812248,0.00028049999999999966,182.25877834340162,70.80216687578537,-0.013647387187174282,0.0,0.0,61.275749921798706,62.37015509605408,123.64590644836426,7.104873578356319e-09,4.1198731537406275e-07
1457.9071535098053,0.0,500.0,0.0,40,800000,37,0.017736896872520447,0.00027999999999999965,177.25069967826076,68.64560711683362,-0.01579083832771013,0.0,0.0,59.54701256752014,66.2458713054657,125.79289436340332,1.8262863221707448e-08,3.50952149119621e-07
1567.1363454013565,0.0,500.0,0.0,41,820000,37,0.020251167938113213,0.00027949999999999964,149.202156698011,68.16196623639877,-0.015420366599202071,0.0,0.0,60.01902532577515,62.746240854263306,122.76526761054993,-1.6641616085166788e-08,-4.028320290672127e-07
1540.161803542224,0.0,500.0,0.0,42,840000,37,0.017494795843958855,0.0002789999999999996,131.79815559397088,69.0829039012796,-0.01546059155897578,0.0,0.0,60.79871106147766,64.47351217269897,125.27222466468811,-8.869171175263091e-09,-4.1656494431663305e-07
1561.3243131847673,0.0,500.0,0.0,43,860000,34,0.020666370168328285,0.0002784999999999996,183.1405813586015,66.31548231075053,-0.015472616174079239,0.0,0.0,59.98087763786316,58.865262508392334,118.84614157676697,-2.574920721087892e-09,1.831054774470431e-08
1555.2846174319134,0.0,500.0,0.0,44,880000,33,0.020193738862872124,0.0002779999999999996,147.76121831371887,54.281089041860675,-0.015775867214845488,0.0,0.0,59.99708533287048,58.24918556213379,118.24627232551575,-5.2452087118126656e-09,-5.599975452241779e-07
1303.0030399271059,59.6,500.0,0.0,45,900000,25,0.021142616868019104,0.0002774999999999996,1470.354626917245,93.81391753126638,-0.010260156445077266,0.0,0.0,58.675907373428345,44.066946506500244,102.74285459518433,-1.115798919926192e-08,-1.2512207092640892e-07
-4077.5303785510214,1143.0775,500.0,0.0,46,920000,37,0.012893249280750751,0.0002769999999999996,887606.1162534094,4790.062890458854,-0.0017875606913398444,0.0,7587.25,60.65931248664856,66.38501262664795,127.04432654380798,3.814697446813398e-09,-2.8808594834117685e-06
-3045.4582833165887,940.0724999999999,500.0,0.0,47,940000,37,0.013056298717856407,0.00027649999999999957,950181.3803485316,11448.080164797451,-0.002005551613908457,0.0,10163.0,64.91105008125305,68.02212190628052,132.93317294120789,1.8119812317252126e-09,-3.0517577442878974e-07
872.1091715508779,156.825,500.0,0.0,48,960000,29,0.020643416792154312,0.00027599999999999955,978.4647738893901,738.7367037539573,-0.012114777709110682,0.0,0.0,59.910330057144165,51.03159999847412,110.94193148612976,-2.0980834847250662e-09,-3.41796862812771e-07
-4005.974631583214,1124.7,500.0,0.0,49,980000,37,0.013622891157865524,0.00027549999999999954,965644.3997241423,3363.5732390108365,-0.00436984376084227,0.0,0.0,58.06032085418701,64.88875579833984,122.94907760620117,-1.282691997062102e-08,-2.441406195430318e-06
1447.0720012638703,28.402500000000003,500.0,0.0,50,1000000,32,0.020617637783288956,0.00027499999999999953,4632.76924357856,857.9489771756121,-0.0113406094213063,0.0,405.75,62.995062828063965,55.53361678123474,118.5286808013916,-8.583068700218632e-10,-4.516601563864242e-07
1591.628362481591,12.172500000000001,500.0,0.0,51,1020000,25,0.02152395062148571,0.0002744999999999995,946.3518253411729,366.11790157915306,-0.011178494147218455,0.6261782354029358,0.0,62.192718744277954,48.22684907913208,110.41956877708435,1.1444092340440193e-09,1.3427734302240424e-07
1647.9498165600512,0.0,500.0,0.0,52,1040000,31,0.020396417006850243,0.0002739999999999995,631.7422653272154,279.45315904409927,-0.012326179612692863,1.8764411004612056,0.0,59.74347424507141,63.3858904838562,123.12936568260193,1.00135799652179e-09,-7.934570334100499e-08
1635.761771522234,0.0,500.0,0.0,53,1060000,30,0.020625801756978035,0.0002734999999999995,512.8802734115,242.99601576930036,-0.015223146264869779,3.4530136951877157,0.0,59.99497413635254,57.3869366645813,117.38191246986389,-1.3351440841802287e-08,-1.0070800726680318e-07
1739.795369837332,0.0,500.0,0.0,54,1080000,26,0.02264316752552986,0.0002729999999999995,355.93615215279954,162.7520896834746,-0.014624935872205065,4.845393361843725,0.0,59.55188870429993,51.54079842567444,111.09268879890442,4.100799699813251e-09,6.484985419774603e-07
1684.8203031366938,0.0,500.0,0.0,55,1100000,35,0.020246393978595734,0.00027249999999999947,396.6608560552558,127.96089674977068,-0.014501277374980154,6.323947580347101,0.0,59.693079233169556,68.87365865707397,128.56673884391785,-7.438659466174613e-09,1.525878978725359e-08
1706.600321706092,0.0,500.0,0.0,56,1120000,18,0.02027868665754795,0.0002719999999999995,593.0813293294531,196.95734271454734,-0.010732143072138337,7.695316011024613,0.0,60.03557348251343,35.89394402503967,95.929518699646,-3.8146971692576415e-10,-3.356933575560106e-08
1780.866404079176,0.0,500.0,0.0,57,1140000,25,0.02115434966981411,0.0002714999999999995,297.7434310688835,113.30846044375873,-0.015798765584534875,8.720705619909513,0.0,58.444947719573975,50.5696234703064,109.01457285881042,7.486343100993054e-09,6.805419729971618e-07
1765.5618323767721,0.0,500.0,0.0,58,1160000,33,0.02100413292646408,0.0002709999999999995,284.9805159135298,88.52428548182992,-0.015926450859504258,9.798230451516831,0.0,66.35750603675842,64.46914267539978,130.82664966583252,8.583068478174027e-09,-2.4719238922443765e-07
1667.765774224703,0.0,500.0,0.025,59,1180000,37,0.01873340830206871,0.0002704999999999995,304.8395310271724,92.77721831428192,-0.014937349497783322,11.632819066855916,0.0,62.906272411346436,75.54764938354492,138.45392322540283,-3.1471252270875993e-08,9.155273517080786e-08
1771.7073800276098,0.0,500.0,0.0,60,1200000,29,0.020075401291251183,0.00026999999999999946,296.3348332373886,98.66475241260669,-0.015525634410960701,13.451887209956258,0.0,58.954535722732544,58.40125346183777,117.35579013824463,-2.5367736355974557e-08,-2.19726558725597e-07
1741.0902806246318,0.0,500.0,0.0,61,1220000,22,0.020289182662963867,0.00026949999999999945,313.62806775450116,105.04935736023268,-0.014493592954252912,15.031514439373698,0.0,61.71000838279724,45.79883003234863,107.50883936882019,-1.2493133638713516e-08,-1.8463134665580583e-07
1775.2845705657114,0.0,500.0,0.0,62,1240000,25,0.020320061594247818,0.00026899999999999944,312.07137814457803,95.19851833209444,-0.013909508941022638,16.907365675978006,0.0,57.48234033584595,50.06941318511963,107.55175447463989,-2.3365020140886372e-08,5.737304604735982e-07
1812.4849603474395,0.0,500.0,0.0,63,1260000,33,0.020730597898364067,0.0002684999999999994,283.8685853492603,103.15869057860584,-0.015281127758676988,19.053452892194517,0.0,59.24921202659607,64.62216830253601,123.87138175964355,-2.0599365768703137e-08,-4.6691894795003464e-07
1779.2947493808344,0.0,500.0,0.0,64,1280000,24,0.020659763365983963,0.0002679999999999994,334.0664443035349,92.99250749835826,-0.01466379024177523,21.062187149120977,0.0,59.27602410316467,48.265753507614136,107.5417788028717,1.5640258865801115e-08,-8.255004786406062e-07
1718.253762054327,0.0,500.0,0.0,65,1300000,20,0.020414002239704132,0.0002674999999999994,438.3635173517294,111.95938693951494,-0.01145701451869027,22.04387912415087,0.0,59.755335092544556,42.413694858551025,102.1690320968628,-1.7356873271978657e-08,1.2817382639696007e-06
1715.0947746318757,0.0,500.0,0.0,66,1320000,18,0.020714139565825462,0.0002669999999999994,285.52802586445455,79.55008884588369,-0.01180318391736085,22.923930888231823,0.0,59.143675088882446,36.20429873466492,95.34797501564026,6.327628909730265e-08,7.186889661170426e-07
1725.7320829797172,0.0,500.0,0.0,67,1340000,23,0.021343067288398743,0.0002664999999999994,312.9051782560607,83.2529957947888,-0.014661002659347156,24.219428527817193,0.0,60.58237385749817,45.33211898803711,105.9144937992096,2.1362303925798187e-08,8.316039838973666e-07
1749.764392722979,0.0,500.0,0.0,68,1360000,31,0.020275557413697243,0.00026599999999999936,313.2699054009175,88.68971512625541,-0.014693708035595408,25.369558384476722,0.0,59.08437895774841,58.702120542526245,117.78650069236755,-4.062652436687131e-08,1.4953613458601467e-07
1713.3011898654338,0.0,500.0,0.0,69,1380000,21,0.020890191197395325,0.00026549999999999935,344.24166917010166,85.85985945494556,-0.014095640396381925,26.579296582731395,0.0,61.19348645210266,41.93845582008362,103.13194394111633,1.6593933338526767e-08,-6.698608672195405e-07
1798.3377861046108,0.0,500.0,0.0,70,1400000,18,0.02040235325694084,0.00026499999999999934,344.93683271370844,98.63656090386675,-0.01339377815988332,27.46365755519251,0.0,60.032609939575195,35.654461145401,95.68707251548767,7.3909758313561724e-09,-8.293151836369361e-07
1790.4811012828243,0.0,500.0,0.0,71,1420000,14,0.020378796383738518,0.00026449999999999933,306.3366646777544,99.08850814108978,-0.011163090513925616,28.076309688555927,0.0,63.4430718421936,27.237464904785156,90.68053841590881,-4.577636936176077e-09,1.4648438195763447e-07
-1754.37328848752,728.0,500.0,0.025,72,1440000,27,0.020150111988186836,0.0002639999999999993,344513.73058800184,2406.143634111384,-0.0016038591940202363,28.843613459476845,7280.0,60.13765811920166,57.16255521774292,117.30021405220032,7.534026735811494e-09,-2.8564452350110514e-06
1825.0948980190472,0.0,500.0,0.0,73,1460000,17,0.02148859016597271,0.0002634999999999993,964.0370698042369,98.83859871841199,-0.010404035079588226,30.17171926485867,0.0,60.55670714378357,36.75566029548645,97.31236815452576,4.00543198608716e-09,-2.639770571022382e-07
1815.8561941099529,0.0,500.0,0.0,74,1480000,22,0.02085750177502632,0.0002629999999999993,663.6920168253699,95.68081143689716,-0.0126151135817861,31.375374629197687,0.0,58.988768100738525,42.45694851875305,101.4457175731659,-6.38961772381208e-09,-3.2348631862078037e-07
1796.4650830794421,0.0,500.0,0.0,75,1500000,12,0.0202342439442873,0.0002624999999999993,821.7696633019006,104.51388109225435,-0.009680190575393403,32.652515314892334,0.0,61.89075303077698,26.918879508972168,88.80963444709778,3.2424927187690855e-09,3.1738281336401997e-07
1821.0143257042073,0.0,500.0,0.0,76,1520000,26,0.0221150703728199,0.00026199999999999927,407.7522478551295,71.51848149059387,-0.015008060370211879,34.63099435284554,0.0,65.45455646514893,55.135982036590576,120.59053993225098,-2.326965287124949e-08,1.1085510323027847e-06
1792.3829950217873,0.0,500.0,0.0,77,1540000,21,0.020762978121638298,0.00026149999999999925,498.5840309661907,71.50060866620105,-0.012251211955993756,36.11593502978475,0.0,62.079500913619995,41.90325736999512,103.98275971412659,-7.820129432900558e-09,-4.653930574249898e-08
1774.6386252723569,0.0,500.0,0.0,78,1560000,17,0.021570414304733276,0.00026099999999999924,422.52577925239194,80.25267633811981,-0.010972380965686963,36.71059183652319,0.0,60.684279441833496,33.89616847038269,94.58044862747192,3.1471252270875993e-09,-1.9836426190522616e-07
1595.9795472340254,28.1,500.0,0.0,79,1580000,18,0.02053641714155674,0.00026049999999999923,2593.1477922054314,186.78578777942923,-0.010305503190534417,37.360221070603444,0.0,63.976423501968384,35.76791048049927,99.74433517456055,-1.5544891596164234e-08,3.2501219493497047e-07
1788.4585000205705,0.0,500.0,0.0,80,1600000,19,0.020187273621559143,0.0002599999999999992,383.7965733701489,69.93581737661354,-0.014643017245368565,39.39842998799064,0.0,62.79038453102112,35.934107303619385,98.72449326515198,-4.940033093703278e-08,-2.19726558725597e-07
1788.7292038006865,0.0,500.0,0.025,81,1620000,20,0.020207850262522697,0.0002594999999999992,481.72589995167885,76.36861890786753,-0.009431427779396217,40.42709482394088,0.0,58.41240072250366,38.45494198799133,96.86734366416931,-2.0313262183435654e-08,-2.1209716294379177e-07
1805.9234544956694,0.0,500.0,0.0,82,1640000,19,0.02157443016767502,0.0002589999999999992,489.8176361566354,80.02534808281872,-0.013248645338837928,41.46659990268654,0.0,59.4910192489624,37.714940547943115,97.20596075057983,4.673004205812958e-09,-4.928588737129758e-07
-109.2128386756287,375.35625,500.0,0.0,83,1660000,37,0.01636711321771145,0.0002584999999999992,187328.46530688013,1177.7878055653212,0.0010376182919087167,42.59405703948534,5004.75,62.00628352165222,76.4451425075531,138.45142793655396,-2.6702879907247734e-09,1.1474609209471964e-06
1152.8248112760825,125.11875,500.0,0.0,84,1680000,17,0.0205446295440197,0.00025799999999999917,965.9475252165469,87.86933297291888,-0.009846700677942933,44.29996553710295,0.0,59.66504430770874,32.286728382110596,91.95177388191223,-3.910064716450279e-09,9.765624753299562e-08
1799.2169708705721,0.0,500.0,0.025,85,1700000,10,0.020612992346286774,0.00025749999999999916,1406.2784405156826,116.56242910756852,-0.00516920740092798,45.75792650704186,0.0,58.305808782577515,20.13259482383728,78.43840456008911,-3.862381081631838e-09,2.3727416476049257e-07
1846.786483189281,0.0,500.0,0.0,86,1720000,9,0.020769208669662476,0.00025699999999999915,567.5666385443446,79.43014222762244,-0.007933723098404354,46.23449968927754,0.0,56.97379732131958,17.96616554260254,74.93996405601501,5.779266487593304e-08,-2.9602051654364914e-07
1841.6794520227752,0.0,500.0,0.05,87,1740000,16,0.020264016464352608,0.00025649999999999913,824.2154650215905,96.65034000028055,-0.008761013374971106,46.94685252634481,0.0,63.928850412368774,29.889174461364746,93.81802582740784,-7.343292196537732e-09,8.544921570319275e-08
1685.6897244399138,40.4075,500.0,0.025,88,1760000,6,0.020934972912073135,0.0002559999999999991,265461.8457053269,7844.714674778005,0.008206871062957536,47.16756198505243,4040.75,59.92300510406494,11.735086679458618,71.65809345245361,1.0681151962899094e-08,2.4414063659605745e-07
4.256761352973593,363.6675,500.0,0.0,89,1780000,13,0.02189287170767784,0.0002554999999999991,806.3959924074906,104.9151228920896,-0.010801818593741415,47.24774600985479,0.0,58.63712739944458,23.31966757774353,81.95679569244385,-1.7070769686711174e-08,-1.2207030941624453e-08
1790.058063645033,0.0,500.0,0.0,90,1800000,15,0.020062977448105812,0.00025499999999999915,571.9826643841208,87.77162214366518,-0.011504430362272361,48.32630635140676,0.0,67.5086395740509,32.88475799560547,100.393399477005,-2.1457672971791908e-08,-2.716064386731887e-07
1790.4918755671977,0.0,500.0,0.0,91,1820000,9,0.020874030888080597,0.00025449999999999914,770.8625856290525,99.28002671041004,-0.007721186031673049,49.68956777987685,0.0,62.626282691955566,18.395732402801514,81.02201628684998,-7.629394893626795e-09,-4.516601563864242e-07
1771.8454301832076,0.0,500.0,0.0037500000000000007,92,1840000,16,0.020382437855005264,0.0002539999999999991,649.5843439985769,100.38464191394111,-0.010143669596713293,50.18459141292511,0.0,58.71318578720093,30.761160612106323,89.47434711456299,-1.3732909920349812e-08,-3.4332276754867053e-07
1262.529660195582,103.7,500.0,0.02125,93,1860000,12,0.021024983376264572,0.0002534999999999991,3847.4922499732847,200.32845959343467,-0.005975613469534174,50.527021607144064,0.0,59.35493731498718,23.290115356445312,82.64505410194397,1.907348723406699e-09,3.0517577442878974e-07
1835.9370158834456,0.0,500.0,0.0,94,1880000,11,0.020302824676036835,0.0002529999999999991,655.0482181279839,82.05339365396048,-0.010333316098907305,51.63889968322523,0.0,58.74847984313965,20.73954725265503,79.488028049469,2.8610229740877458e-09,3.50952149119621e-07
1850.0469395763703,0.0,500.0,0.0,95,1900000,20,0.02121017687022686,0.0002524999999999991,889.3173951779692,115.47505327962077,-0.011326282103017818,53.11872711242578,0.0,56.22237849235535,38.5183322429657,94.74071168899536,-2.3460387410523253e-08,-4.066467340635427e-07
1833.813406042556,0.0,500.0,0.0,96,1920000,12,0.021337173879146576,0.0002519999999999991,848.4631716410319,107.45557352579948,-0.010382395965558962,53.99546430057611,0.0,61.819512128829956,23.36052179336548,85.18003559112549,6.008148201175345e-09,-1.525878978725359e-08
1841.9669080361896,0.0,500.0,0.0,97,1940000,17,0.021701836958527565,0.00025149999999999907,601.8543417446149,123.81060946299111,-0.0125973867532951,55.055681492820355,0.0,59.94062519073486,32.32774496078491,92.26837110519409,-2.6702879907247734e-09,-5.21850608947716e-07
1836.1708001538711,0.0,500.0,0.0,98,1960000,8,0.02009478770196438,0.00025099999999999905,589.6363961643304,87.65536792590595,-0.007771980806481474,56.020488158582495,0.0,59.13181447982788,17.226923942565918,76.35873985290527,1.3065338144713223e-08,2.2201538740773685e-07
1860.9919295418608,0.0,500.0,0.0025,99,1980000,12,0.021811654791235924,0.00025049999999999904,682.224906238885,100.1868332587619,-0.010290382709403753,56.630035323202925,0.0,61.87989401817322,23.56458282470703,85.44447827339172,6.103515470812226e-09,2.0446776716198656e-07
1874.9088285319617,0.0,500.0,0.0225,100,2000000,18,0.020390037447214127,0.00024999999999999903,480.47926474920945,78.19968306311573,-0.012211338615750468,57.80737711683334,0.0,60.54083204269409,33.901368618011475,94.44220280647278,-1.597404519770862e-08,-1.678466787780053e-07
589.8004367740249,0.0,500.0,0.0,101,2020000,13,0.020030872896313667,0.000249499999999999,3151.7977311496916,230.83401913196397,-0.002942573410349228,58.346790545283795,0.0,62.09129977226257,27.600631713867188,89.69193363189697,-1.277923544762416e-08,2.0141601453360636e-07
234.44392547159538,0.0,500.0,0.0,102,2040000,4,0.02748449333012104,0.000248999999999999,2617.689134372309,194.776368851098,0.003276897041266933,58.65885278135062,0.0,58.59284996986389,9.212340593338013,67.80519151687622,1.363754265071293e-08,-2.838134776084189e-07
285.84444927381577,0.0,500.0,0.0,103,2060000,8,0.02198638953268528,0.000248499999999999,1619.7190750536447,198.19604597609646,-0.0009069308263291352,58.92328075402842,0.0,60.58430886268616,17.220385789871216,77.80469584465027,1.1825561863076928e-08,-5.340576194612368e-07
307.62351794336917,0.0,500.0,0.0,104,2080000,2,0.022929968312382698,0.000247999999999999,1301.436117592711,136.94953440096432,0.006162069481276809,59.58528499176708,0.0,62.787140130996704,4.311511754989624,67.09865307807922,-7.629394338515283e-10,1.2359619461221882e-07
332.66351066748155,0.0,500.0,0.0,105,2100000,1,0.02307109162211418,0.00024749999999999897,1441.3350338676867,187.14674628504548,0.007582981300096923,59.705334696906824,0.0,59.77020025253296,2.0079290866851807,61.77813100814819,1.0585784693262212e-08,-3.4866332043748116e-07
337.09129063436257,0.0,500.0,0.0,106,2120000,3,0.02209549956023693,0.00024699999999999896,1294.2246038174858,129.7820904277765,0.001317269954318627,60.037538887974556,0.0,61.33367109298706,6.977275133132935,68.31094789505005,-4.959106458812812e-09,1.5563965405362978e-07
334.0626467071796,0.0,500.0,0.0,107,2140000,5,0.020073309540748596,0.00024649999999999894,1024.2175440974129,107.8510271895046,0.0002337034639958947,60.38689956421288,0.0,60.412558794021606,9.393244981765747,69.80580472946167,-1.1348724626714102e-08,1.2512207092640892e-07
367.3699104756103,0.0,500.0,0.0,108,2160000,8,0.020982088521122932,0.00024599999999999893,1069.6007098846924,116.08150904628035,-0.0032632828111940335,60.72437068677177,0.0,60.1466166973114,17.539068460464478,77.68568658828735,-5.912780931538464e-09,2.2125243859250077e-08
361.86844223638457,0.0,500.0,0.0,109,2180000,7,0.02260281890630722,0.0002454999999999989,1032.3754862337448,111.8374787247491,-0.00157611386400755,61.232729563153754,0.0,59.34531927108765,14.62102484703064,73.9663450717926,2.8610229740877458e-09,-4.776001105710748e-07
362.3537687027764,0.0,500.0,0.0,110,2200000,5,0.021023821085691452,0.0002449999999999989,791.7105757058238,85.48797038507918,-0.0004048710852599563,62.023904670008456,0.0,59.195045709609985,10.634214401245117,69.829261302948,2.250671471415444e-08,3.4637452017705073e-07
-1826.301552663502,436.03999999999996,500.0,0.0,111,2220000,4,0.07743242383003235,0.0002444999999999989,614602.3596950202,17278.97789340278,0.0018641560750540357,62.617232734022046,5450.5,62.122976541519165,9.131577968597412,71.25455570220947,1.00135799652179e-09,6.713867151120212e-07
-3151.5899605676314,699.2425,500.0,0.0,112,2240000,26,0.021235883235931396,0.0002439999999999989,846768.8222682875,5424.720050408641,0.0003061604543716543,64.66340623331996,4661.5,74.25773000717163,59.64566159248352,133.90339255332947,1.2493133638713516e-08,4.882812376649781e-08
-4666.142547067342,1003.7175,500.0,0.0,113,2260000,1,0.038115788251161575,0.00024349999999999893,577934.9146373614,25811.14629707702,0.015541560581912058,67.30427629269731,0.0,58.013845920562744,2.1998164653778076,60.213663816452026,-5.388260060357197e-09,1.2817382355478912e-07
140.82408633360393,44.325,500.0,0.0,114,2280000,1,0.03717997670173645,0.00024299999999999894,283786.35715316434,10185.542689168034,0.10284363301679159,67.5361198449668,4432.5,64.87619495391846,2.221118450164795,67.09731459617615,1.5258788677030566e-09,-2.5634764710957825e-07
-1629.4539512290953,398.925,500.0,0.0,115,2300000,1,0.022857528179883957,0.00024249999999999893,6764.62841016873,890.6271830793387,0.012894911272748829,66.7515499614679,0.0,61.3957839012146,2.2494659423828125,63.64525127410889,-1.907348723406699e-09,3.662109548940862e-08
382.9058163675916,0.0,500.0,0.0,116,2320000,2,0.02010543830692768,0.00024199999999999894,5729.271776290747,663.9870012910983,0.005418944177024376,66.82090037775497,0.0,65.24634909629822,4.291355133056641,69.53770518302917,-8.201599399626502e-09,0.0
354.11564686438726,0.0,500.0,0.0,117,2340000,4,0.023446694016456604,0.00024149999999999893,7587.932826276785,774.80865479125,0.000748769111615924,67.12462260090886,0.0,59.667991638183594,8.975167274475098,68.64316010475159,-5.531310964812519e-09,-3.6621094068323146e-07
334.15979261009915,0.0,500.0,0.0,118,2360000,2,0.02441336400806904,0.00024099999999999892,5348.941578532941,618.4216231934179,0.004717992284683326,67.01416127750286,0.0,60.4499351978302,4.179113388061523,64.62904977798462,-3.051757735406113e-09,6.103515914901436e-08
338.548356269332,0.0,500.0,0.0,119,2380000,2,0.020280474796891212,0.00024049999999999893,3869.443936381477,407.7037648088254,0.003832687625286583,66.9068805463017,0.0,60.94019651412964,4.211889028549194,65.15208721160889,3.814697446813398e-09,1.708984314063855e-07
335.2798728238137,0.0,500.0,0.0,120,2400000,4,0.02631435915827751,0.00023999999999999895,2993.378738695821,311.05049303316844,-0.00019767641788348556,67.3170942970739,0.0,59.842283487319946,7.504895925521851,67.34718036651611,-3.051757735406113e-09,-3.6010743542647106e-07
352.85156843547145,0.0,500.0,0.0,121,2420000,6,0.0208121407777071,0.00023949999999999896,3108.1704849714415,286.8845932445587,-0.002687243408254716,68.02725478102224,0.0,62.56188201904297,13.749556303024292,76.3114402294159,4.386901952813105e-09,-5.493163968139925e-08
300.140603184023,8.6,500.0,0.0,122,2440000,10,0.022111456841230392,0.00023899999999999898,2067.5667178315475,181.265037309933,-0.004731906217317612,68.74361797247451,0.0,61.53460717201233,20.442513704299927,81.97712206840515,1.9454956756703723e-08,-7.324219097881723e-08
347.52526997730604,0.0,500.0,0.0,123,2460000,12,0.022344131022691727,0.000238499999999999,2211.7599102584954,228.1699848885988,-0.005576192555020249,69.34676742553711,0.0,58.81557297706604,24.126813888549805,82.94238805770874,-1.5258788677030566e-09,-1.0375976700061074e-07
334.2388517917587,0.0,500.0,0.0,124,2480000,9,0.02350281924009323,0.00023799999999999898,2243.2531590947538,181.9418186002223,-0.0048891908116737845,69.91346990702463,0.0,60.9466118812561,22.257746934890747,83.20435976982117,7.915496702537439e-09,-8.956909027801885e-07
379.0953728903216,0.0,500.0,0.0,125,2500000,13,0.02075689472258091,0.000237499999999999,1249.7450372747953,130.5872118798249,-0.007898808632967923,71.23805463316987,0.0,61.1591477394104,27.745738744735718,88.90488862991333,-1.9359589487066842e-08,-3.0364989811459964e-07
376.002677805803,0.0,500.0,0.0,126,2520000,12,0.02123628370463848,0.000236999999999999,2649.7416808968283,169.20973729325559,-0.007658965172579847,71.79168204326854,0.0,63.238771200180054,26.475764274597168,89.7145369052887,-3.8146971692576415e-10,7.263183761097025e-07
356.2961935271618,0.0725,500.0,0.0,127,2540000,7,0.021104758605360985,0.00023649999999999903,2303.900666564635,192.4507219461696,-0.0045415581463713285,72.85436474074517,7.25,61.85674858093262,15.26654577255249,77.12329578399658,3.2424927187690855e-09,-6.83593725625542e-07
375.90870165154246,0.6525000000000001,500.0,0.0,128,2560000,12,0.021375415846705437,0.00023599999999999901,1700.5079843279398,149.51856181009637,-0.00826821937884082,73.95381272004181,0.0,64.6575300693512,27.48552179336548,92.14305424690247,-1.9359589487066842e-08,2.0599365768703137e-07
397.01377058794935,0.0,500.0,0.0,129,2580000,8,0.020102281123399734,0.00023549999999999903,1612.668330683114,152.86836891661818,-0.0058293440694416375,75.957780908091,0.0,60.83819770812988,16.40920329093933,77.24740195274353,1.4972686201986107e-08,-6.805419729971618e-07
395.0086417533176,0.0,500.0,0.0,130,2600000,12,0.02045154757797718,0.00023499999999999904,1607.7147992980113,129.4743517326217,-0.0062779966076410496,77.82269085405734,0.0,58.30315327644348,26.802490949630737,85.10564613342285,-7.438659466174613e-09,9.765625463842298e-07
418.9545539359916,0.0,500.0,0.0,131,2620000,12,0.025473488494753838,0.00023449999999999906,1436.7266873815697,93.60690630586764,-0.007591146407626605,79.87636283005135,0.0,62.56291127204895,25.238338232040405,87.80125093460083,-4.062652436687131e-08,3.2653809967087e-07
412.3212277752715,0.0,500.0,0.0,132,2640000,5,0.020263681188225746,0.00023399999999999905,1805.2392635845147,134.67863805362592,-0.003245221820775979,80.95084948067468,0.0,62.34318566322327,11.926884889602661,74.27007269859314,7.724762163263676e-09,2.601623521059082e-07
264.59227601191895,25.8,500.0,0.0,133,2660000,11,0.02045261673629284,0.00023349999999999906,1177.1584245392032,101.99132551691264,-0.008520298811109077,81.9683800530302,0.0,63.190112590789795,25.505549669265747,88.69566488265991,-3.128051773160223e-08,-4.2419432588758355e-07
-1986.7257939609894,472.91625000000005,500.0,0.0,134,2680000,37,0.018112964928150177,0.00023299999999999905,410801.6100980487,2088.092059275182,0.0004184038540984197,82.48371464793787,10509.25,67.50900626182556,87.32494521141052,154.83395314216614,1.125335735707722e-08,1.56249996052793e-06
-9289.215221212105,1931.5587500000001,500.0,0.0,135,2700000,26,0.023243462666869164,0.00023249999999999904,809553.08254064,22362.06996906006,-0.0030947502247113015,86.43859760155986,0.0,60.76552653312683,57.4020471572876,118.16757488250732,1.525878978725359e-08,-2.2460937998403097e-06
391.51851126558057,0.0,500.0,0.0,136,2720000,9,0.020360425114631653,0.00023199999999999903,12490.290353836639,516.642055060536,-0.0074030334259031945,89.69189764042463,0.0,66.14108276367188,19.576892137527466,85.71797585487366,-8.583068478174027e-09,1.2207031829802872e-07
396.644637423292,0.0,500.0,0.0,137,2740000,5,0.020653264597058296,0.000231499999999999,9362.650404470036,425.80386072713344,-0.001041314806253575,91.1432084787387,0.0,62.034552812576294,12.201078653335571,74.23563313484192,2.38418573772492e-09,2.746581913015689e-07
386.79598175849867,0.0,500.0,0.0,138,2760000,2,0.020893363282084465,0.000230999999999999,11608.163869254506,526.9932413558229,0.0026879130748097605,91.80271408276055,0.0,60.7061448097229,4.304427862167358,65.01057410240173,-4.1961669694501325e-09,-5.187988563193358e-07
396.70870625253735,0.0,500.0,0.0,139,2780000,7,0.02251286432147026,0.00023049999999999902,9508.243943479496,343.5540354113664,-0.003971427641974763,92.25530652072754,0.0,63.983848333358765,15.438590288162231,79.42244076728821,-7.629394338515283e-10,2.807617249800387e-07
406.2892262009776,0.0,500.0,0.0,140,2800000,8,0.02021951787173748,0.00022999999999999903,7175.4565800066575,295.04096488526073,-0.004574886742256249,93.17750113002789,0.0,60.68656945228577,17.63875126838684,78.32532286643982,-2.479553229406406e-09,-1.4343261511839955e-07
400.50174384475133,0.0,500.0,0.0,141,2820000,4,0.02057882957160473,0.00022949999999999905,5812.332068641345,226.4147537219258,-0.002054737298005519,93.65046335409244,0.0,60.566492557525635,8.69656229019165,69.26305603981018,1.0681151962899094e-08,-1.7242432193143031e-07
441.3059861184485,0.0,500.0,0.0,142,2840000,5,0.022981883957982063,0.00022899999999999903,5805.362287390955,217.7466769087429,-0.0040259337198501,93.89539110470123,0.0,60.491981983184814,10.579661130905151,71.07164430618286,-1.3351439953623867e-09,3.0364989811459964e-07
439.5999945974938,0.0,500.0,0.0,143,2860000,5,0.022007714956998825,0.00022849999999999905,5550.062651281387,233.7200521060834,-0.0023027269955956564,94.43873871629611,0.0,57.667635679244995,12.366331577301025,70.03396916389465,7.629394338515283e-10,4.6386719532165444e-07
383.3155910078314,0.0,500.0,0.0,144,2880000,9,0.020181722939014435,0.00022799999999999906,5845.444491862066,175.4448462808898,-0.005250444625830625,95.42882868800977,0.0,66.55147695541382,19.965834379196167,86.51731276512146,-9.536743617033494e-10,1.8157959402742563e-07
402.8630959399661,0.0,500.0,0.0,145,2900000,7,0.02203129231929779,0.00022749999999999908,6165.723727972743,209.8741897833723,-0.0025779080321304145,96.08746296801235,0.0,61.97623252868652,14.990083932876587,76.96631789207458,-1.3923645347801994e-08,-2.5634764710957825e-07
418.9119727188034,0.0,500.0,0.0,146,2920000,4,0.02050507441163063,0.0002269999999999991,6424.425257332408,212.07732395623057,-0.0022968331376237933,96.8581124022365,0.0,57.254591941833496,8.730461597442627,65.9850549697876,-9.63211022053656e-09,3.6773681699742156e-07
429.24663564711665,0.0,500.0,0.0,147,2940000,9,0.0203173216432333,0.00022649999999999908,4261.819296276565,178.32055647541625,-0.005266907644488862,97.94834724401895,0.0,60.03744101524353,17.37103295326233,77.40847492218018,2.0980834847250662e-09,-1.098632793627985e-07
447.5730603099058,0.0,500.0,0.0,148,2960000,9,0.021700290963053703,0.00022599999999999907,3986.975983998519,185.10541489736212,-0.004891590004585839,99.37949089128834,0.0,56.77402067184448,19.900975704193115,76.6749975681305,1.4495849853801701e-08,-5.096435415907763e-07
410.3907424293626,0.0,500.0,0.0,149,2980000,11,0.02084394358098507,0.00022549999999999908,3403.457226330272,136.36303968426796,-0.00799588135568327,100.30941117214942,0.0,60.653764724731445,23.81694197654724,84.47070813179016,1.1062621929625038e-08,-5.447387820822769e-07
427.4957636449193,0.0,500.0,0.0,150,3000000,8,0.0212092287838459,0.0002249999999999991,3154.956810509435,144.2179193527173,-0.004569206243424048,101.9216984757981,0.0,61.35246658325195,19.297769784927368,80.65023875236511,1.5640258865801115e-08,2.449035605422978e-07
441.42521263903836,0.0,500.0,0.0,151,3020000,8,0.020153909921646118,0.0002244999999999991,4726.435122468601,201.80150878772187,-0.004758432341539435,25.18023478032682,0.0,64.76351881027222,18.94933772087097,83.71285796165466,1.1062621929625038e-08,-1.4953613458601467e-07
403.9948559855019,0.0,500.0,0.0,152,3040000,4,0.02116471156477928,0.0002239999999999991,4872.22880086198,224.99880430568902,-0.00176301762125434,26.21987273517889,0.0,69.5030767917633,8.988262414932251,78.49134016036987,-1.2397766369076635e-08,1.4038086249001935e-07
428.165752644196,0.0,500.0,0.0,153,3060000,7,0.020039880648255348,0.0002234999999999991,3895.772545303073,185.10574090975922,-0.004694566502784592,27.359638113999466,0.0,68.70392799377441,15.758992433547974,84.46292233467102,-6.294250454175199e-09,-2.136230534688366e-07
424.5689405438776,0.0,500.0,0.0,154,3080000,7,0.020550014451146126,0.00022299999999999908,3344.5639785912854,168.9153301111915,-0.005459044420465127,28.537374578290528,0.0,61.93010973930359,15.971264839172363,77.90137577056885,-3.6239624634504253e-09,4.577636616431846e-07
436.1902765340095,0.0,500.0,0.0,155,3100000,5,0.02190963737666607,0.00022249999999999907,4571.75564873546,201.3170610909264,-0.0014353033366461341,29.406065505152693,0.0,61.38719034194946,12.159761667251587,73.54695415496826,6.866454960174906e-09,1.2359619461221882e-07
437.5731848966519,0.0,500.0,0.0,156,3120000,3,0.022369081154465675,0.00022199999999999908,5880.7671071337945,233.66305668742513,-0.0014268418711275894,29.935391211789003,0.0,62.694358110427856,6.393941164016724,69.08830094337463,4.577636936176077e-09,-4.028320290672127e-07
443.2083979620408,0.0,500.0,0.0,157,3140000,6,0.02180246263742447,0.0002214999999999991,4075.3808595537503,153.46676326585145,-0.0029554091707859843,30.94053082268078,0.0,58.921345710754395,12.508846998214722,71.43019390106201,1.678466787780053e-08,5.912780807193485e-07
457.70279431276487,0.0,500.0,0.0,158,3160000,11,0.021457167342305183,0.0002209999999999991,5308.760075108519,160.5782112744254,-0.006642478358459281,32.06239591017387,0.0,59.390565633773804,23.66084098815918,83.05140781402588,1.1444092340440193e-09,-2.212524350397871e-07
441.11101881938794,0.0,500.0,0.0,159,3180000,9,0.02602660283446312,0.00022049999999999913,4768.257114474047,162.86634440450834,-0.005116175626592038,33.64066077988326,0.0,70.51879096031189,21.84902048110962,92.36781311035156,-7.629394893626795e-09,-1.0070800726680318e-07
450.00414844900627,0.0,500.0,0.0,160,3200000,9,0.020482119172811508,0.0002199999999999991,5116.638481153678,190.12483845833646,-0.006596370721745007,34.69174491305448,0.0,63.306777000427246,20.28135657310486,83.58813500404358,-1.3351439953623867e-09,-8.85009754370003e-08
-1698.9565159615245,430.43999999999994,500.0,0.0,161,3220000,28,0.026413120329380035,0.0002194999999999991,335572.7698385499,2326.4052491137995,-0.0014410351621117127,36.683869858084066,10761.0,64.67302179336548,59.700220823287964,124.37324357032776,-3.5762786065873797e-09,2.714538595682825e-06
-2772.966757921994,645.66,500.0,0.0,162,3240000,2,0.021723372861742973,0.00021899999999999912,11546.633777849971,883.533685921861,0.003930894480556987,38.64420511166509,0.0,66.48792767524719,4.333015441894531,70.82094478607178,2.7656554824062596e-09,-6.103515470812226e-09
463.76577623137536,0.0,500.0,0.0,163,3260000,4,0.022035924717783928,0.00021849999999999913,8777.233668074441,747.095338669067,-0.001762070217093203,38.97030216741105,0.0,61.09672141075134,9.132548570632935,70.22927212715149,3.433227480087453e-09,6.103515914901436e-08
504.32756809612977,0.0,500.0,0.0,164,3280000,7,0.022998960688710213,0.00021799999999999915,5199.591464844864,441.73913623665305,-0.003748224249482835,39.60979508330755,0.0,69.90147829055786,17.170843362808228,87.0723237991333,1.3351439953623867e-09,-9.765624753299562e-08
-6304.964510135344,1353.05,500.0,0.0,165,3300000,37,0.01573358103632927,0.00021749999999999913,827736.0221851831,5201.475545702836,0.0009575842060010397,42.19167665343716,0.0,63.25171709060669,86.01295042037964,149.2646689414978,8.487701208537146e-09,7.568359592369234e-07
496.7727567646765,0.0,500.0,0.0,166,3320000,1,0.020471837371587753,0.00021699999999999912,11444.8738670471,992.0856035616451,0.011004223892935358,44.07993387338072,0.0,63.43480205535889,2.366061210632324,65.80086517333984,-2.0980834847250662e-09,2.19726558725597e-07
471.401277917241,0.0,500.0,0.0,167,3340000,9,0.020732618868350983,0.0002164999999999991,10644.31486420772,886.2909521387958,-0.004678408144670712,44.86934319124774,0.0,65.65055251121521,20.727100610733032,86.3776547908783,-2.479553229406406e-09,8.544921570319275e-08
466.7209567499751,0.0,500.0,0.0,168,3360000,7,0.02009623497724533,0.00021599999999999912,8113.518426627887,697.8726174072934,-0.0031213131588715796,46.12218109715861,0.0,62.71301507949829,16.11719298362732,78.8302092552185,1.0490417423625331e-08,-3.662109548940862e-08
-2615.358620534583,622.0125,500.0,0.0,169,3380000,1,0.021044056862592697,0.00021549999999999914,1495947.450790844,27852.53350722828,0.03266785774058618,46.48114396360355,13822.5,62.886955976486206,2.2590606212615967,65.14601802825928,-1.277923544762416e-08,-3.4667968975554686e-06
-3318.3431061044416,760.2375,500.0,0.0,170,3400000,9,0.021754899993538857,0.00021499999999999915,6983.265150152118,872.3754521005324,-0.005339464375135622,46.40094967247283,0.0,61.1533100605011,19.516777276992798,80.67008852958679,-4.386901952813105e-09,-3.662109548940862e-08
508.98367524102713,0.25,500.0,0.0,171,3420000,8,0.022497501224279404,0.00021449999999999914,5763.325507191424,604.437880211364,-0.004735733159987357,46.26137451622814,0.0,68.86897873878479,18.59949564933777,87.46847558021545,-4.577636936176077e-09,-3.784179796184617e-07
501.8772183761256,0.0,500.0,0.0,172,3440000,14,0.025252386927604675,0.00021399999999999913,5065.078294539006,621.5793500645201,-0.00785275618375684,46.95398193404643,0.0,68.1978211402893,31.02584743499756,99.22366976737976,8.964538444899972e-09,-2.136230534688366e-07
-4861.676294827535,1067.85,500.0,0.0,173,3460000,37,0.015142105519771576,0.00021349999999999912,856024.1873310558,12188.218622188371,-0.00298860228621515,48.3994013670452,0.0,70.08529257774353,99.1599109172821,169.24520611763,1.3256072683986986e-08,1.30615239868348e-06
508.2556112214693,0.0,500.0,0.0,174,3480000,7,0.02142590470612049,0.00021299999999999913,10407.177481403638,1705.0990904020643,-0.004651745928375757,49.9010972998448,0.0,61.565401554107666,21.36160635948181,82.92701005935669,5.531310964812519e-09,2.807617249800387e-07
544.4348048294563,0.0,500.0,0.0225,175,3500000,7,0.02159285545349121,0.00021249999999999912,4934.341470639165,888.6118612110969,-0.004406190368069301,50.85667323500312,0.0,64.46710968017578,16.69909977912903,81.16621088981628,-9.53674295089968e-09,6.286621214712795e-07
526.7047452533193,0.0,500.0,0.0025,176,3520000,4,0.020914513617753983,0.00021199999999999914,6418.357807488487,778.6441063439122,-0.002030896690630238,51.944349188393296,0.0,61.046398401260376,8.792129516601562,69.83852887153625,9.53674295089968e-09,-3.356933575560106e-07
503.1856600705397,0.0,500.0,0.0,177,3540000,9,0.020137233659625053,0.00021149999999999912,6964.149753991704,955.5324141177719,-0.003958408648057593,53.30478676608745,0.0,66.211993932724,21.349949598312378,87.56194567680359,-3.6239624634504253e-09,-2.624511807880481e-07
506.7951437373302,0.0,500.0,0.0,178,3560000,10,0.021307291463017464,0.0002109999999999991,5227.027097308369,587.5337723923948,-0.004918102625930033,54.885619158028796,0.0,63.12411642074585,21.89294719696045,85.01706504821777,-1.6212464259979242e-08,-6.713867151120212e-07
513.9702795254527,0.0,500.0,0.0,179,3580000,9,0.020858796313405037,0.00021049999999999913,6619.722819400417,853.8347725778511,-0.006802160542390191,55.52778952384951,0.0,62.56528687477112,20.18420171737671,82.74949026107788,-5.912780931538464e-09,2.258300781932121e-07
497.5891714026534,0.0,500.0,0.0,180,3600000,6,0.02323813922703266,0.00020999999999999911,5774.22430442672,492.5279582737607,-0.0045491501907654365,56.12802687087379,0.0,61.54802393913269,14.133130550384521,75.681156873703,-7.1525572131747595e-09,-5.737304604735982e-07
498.8168981826934,0.0,500.0,0.0,181,3620000,10,0.021962834522128105,0.00020949999999999913,8187.763029952856,817.3513659979969,-0.006340424542630704,57.593367090926,0.0,61.218881130218506,21.454124689102173,82.67300724983215,9.155273872352154e-09,2.4414063659605745e-07
499.49584532096344,0.0,500.0,0.0,182,3640000,8,0.02044500969350338,0.00020899999999999912,4686.424204061587,435.4321800207559,-0.005258863614224933,58.41977523919493,0.0,63.70982265472412,17.508949995040894,81.21877455711365,1.1634826435624745e-08,3.387451101843908e-07
518.0257554100417,0.0,500.0,0.0,183,3660000,11,0.02005159668624401,0.00020849999999999913,4140.076912079167,223.2657960774834,-0.008093190842532346,59.94370190002459,0.0,63.04254651069641,24.198893308639526,87.24144101142883,5.531310964812519e-09,-1.739501982456204e-07
522.50883065176,0.0,500.0,0.0,184,3680000,8,0.020519185811281204,0.00020799999999999915,7055.400373903707,471.11109519995057,-0.0068096050323312955,61.00712316561812,0.0,66.31434655189514,18.16087245941162,84.47522068023682,7.343292196537732e-09,-2.166748060972168e-07
501.3879984584895,0.0,500.0,0.0,185,3700000,10,0.02285303920507431,0.00020749999999999916,4307.170569374158,261.08954714449067,-0.006599387800739037,62.45937706456778,0.0,59.98939633369446,22.882887363433838,82.87228631973267,-5.149841442175784e-09,-7.415771392516035e-07
531.3301378394189,0.0,500.0,0.0,186,3720000,12,0.020598046481609344,0.00020699999999999918,5932.736317562473,332.61293198176213,-0.008288047617872635,63.43703839624017,0.0,63.98869061470032,28.695541858673096,92.68423366546631,3.433227480087453e-09,-1.4648438195763447e-07
508.1880882102326,0.0,500.0,0.0,187,3740000,7,0.02326965145766735,0.00020649999999999916,6502.142618796533,338.4319209974142,-0.006057906773669066,64.24965192759107,0.0,181.78627038002014,23.485910654067993,205.2721824645996,-1.7166137400437265e-09,-9.765624753299562e-08
525.8450201408766,0.0,500.0,0.0,188,3760000,9,0.020843932405114174,0.00020599999999999915,4272.863243712404,272.6220664504068,-0.006252491027599463,65.33311065901329,0.0,81.2145562171936,33.409372329711914,114.62393164634705,-4.1961669694501325e-09,1.5563965405362978e-07
515.6387718990329,0.0,500.0,0.0,189,3780000,13,0.021701248362660408,0.00020549999999999917,5581.47154276715,307.25866572843427,-0.007662468381502095,66.54460366043537,0.0,95.71212577819824,47.488701820373535,143.20083045959473,-3.8146971692576415e-10,1.4038086249001935e-07
-3369.7792058945743,777.2,500.0,0.0,190,3800000,25,0.020794877782464027,0.00020499999999999918,237396.46623029324,3272.7962701484266,-0.00557471302239754,67.50780510168106,0.0,85.182124376297,84.17968249320984,169.36180877685547,1.7642974858844696e-09,2.6855468604480848e-06
532.0848355789365,0.0,500.0,0.0,191,3820000,8,0.021677417680621147,0.0002044999999999992,17115.056241678354,1256.4668654237691,-0.00510715917018748,69.21975407889856,0.0,84.65634417533875,24.91069769859314,109.56704473495483,2.479553229406406e-09,-1.708984314063855e-07
529.9489436035841,0.0,500.0,0.0,192,3840000,5,0.023784181103110313,0.0002039999999999992,13552.893872187313,1348.4280236777406,-0.003486861305210156,70.5731719873203,0.0,77.52986717224121,19.313466787338257,96.84333634376526,0.0,1.2207031829802872e-07
520.2237519903251,0.0,500.0,0.0,193,3860000,9,0.022170422598719597,0.00020349999999999923,11982.897061056476,1148.7640917869082,-0.004342776063643198,71.72971228889679,0.0,90.02837753295898,29.27723002433777,119.30561065673828,6.675720420901143e-09,-2.807617249800387e-07
545.5734189089042,0.0,500.0,0.0,194,3880000,6,0.02039366215467453,0.00020299999999999924,18129.69388763135,1588.783110207262,-0.003044134770972303,72.87439237438198,0.0,86.53078627586365,20.000826120376587,106.53161454200745,5.912780931538464e-09,0.0
553.9500006932498,0.0,500.0,0.0,195,3900000,9,0.022618368268013,0.00020249999999999923,6842.323656823562,554.7120886014885,-0.007606768313124855,73.17988791176306,0.0,79.01591181755066,29.364166021347046,108.38007998466492,1.1062621929625038e-08,2.9296876391526894e-07
581.9255630881023,0.0,500.0,0.0,196,3920000,8,0.02147754281759262,0.00020199999999999925,8043.003052610939,568.5800294967505,-0.004908321295048857,74.13284694805694,0.0,88.50158357620239,27.974113702774048,116.47570013999939,8.583068478174027e-09,-5.187988563193358e-07
568.9075943004342,0.0,500.0,0.0,197,3940000,5,0.02195160835981369,0.00020149999999999926,7311.909628656649,726.0648029217705,-0.003997882356950508,75.26808223541552,0.0,84.03124666213989,14.743726253509521,98.77497553825378,-8.392333938900265e-09,-4.7607420583517523e-07
550.7288092647435,0.0,500.0,0.0,198,3960000,4,0.02071269601583481,0.00020099999999999925,8773.130387571293,651.7174964514784,-0.002795951807843194,76.00830912970888,0.0,83.79333448410034,17.316705465316772,101.11004257202148,-8.01086397217432e-09,-7.324219097881723e-08
560.3615948288659,0.0,500.0,0.0,199,3980000,7,0.021552182734012604,0.00020049999999999924,6033.686602189844,481.93143219035926,-0.0038678145848192523,76.05349604694987,0.0,81.12087631225586,25.113768339157104,106.23464727401733,1.506805347162299e-08,-2.868652302367991e-07
568.1484955713781,0.0,500.0,0.0,200,4000000,11,0.025845276191830635,0.00019999999999999925,7301.396866256887,599.3135324899728,-0.00814338360425932,77.2675413541104,0.0,87.99805760383606,38.57116341590881,126.56922388076782,-1.3351439953623867e-09,2.0141601453360636e-07
250.34668124556111,0.0,500.0,0.025,201,4020000,1,0.024124113842844963,0.00019949999999999927,115200.26791820586,3662.4455900832104,0.009645009737687942,26.288734314159843,0.0,83.4018828868866,3.1925954818725586,86.59448170661926,-4.501342942830888e-08,1.4648438195763447e-07
11.594344679739924,0.0,500.0,0.0,202,4040000,9,0.020143456757068634,0.00019899999999999928,44120.551453785054,1980.714682370837,-0.0009381231161897006,26.392512306237755,0.0,81.71057176589966,29.320504665374756,111.0310788154602,-1.2207030941624453e-08,6.103515488575795e-07
170.64262519612694,0.0,500.0,0.0375,203,4060000,6,0.026076843962073326,0.0001984999999999993,30878.043973847572,1704.7923446671523,0.0005479271938236821,26.646868762624656,0.0,85.48357915878296,21.20050549507141,106.68408679962158,2.326965287124949e-08,-4.1503906800244295e-07
316.8056556086732,0.0,500.0,0.0875,204,4080000,3,0.02524780109524727,0.0001979999999999993,16826.925204048523,974.5257684547172,0.0061862374979732866,26.920201081183517,0.0,79.44318413734436,8.680700540542603,88.1238865852356,3.051757735406113e-09,-2.3803710291758762e-07
115.42327709170097,0.0,500.0,0.025,205,4100000,2,0.02893485687673092,0.00019749999999999933,16737.913780724277,1085.0160967549577,0.005596841358172055,27.365341838556358,0.0,89.06056571006775,6.313704252243042,95.37427282333374,-7.057189943537878e-09,-1.5258788721439487e-07
179.7302143946401,0.0,500.0,0.052500000000000005,206,4120000,1,0.020421160385012627,0.0001969999999999993,20624.51202724079,1165.445189795936,0.0060196592719457785,27.621112049578098,0.0,81.37876534461975,3.396970510482788,84.77573847770691,6.103515470812226e-09,-3.41796862812771e-07
405.0738344846347,0.0,500.0,0.1,207,4140000,6,0.020140960812568665,0.00019649999999999933,13590.067639563158,820.5372111246355,-0.00013060584571113348,27.921787163447014,0.0,90.96056771278381,20.926180839538574,111.88674974441528,-1.201629640235069e-08,6.103515470812226e-09
318.2784347265293,0.0,500.0,0.11000000000000001,208,4160000,2,0.02242538146674633,0.00019599999999999934,15503.44398045159,797.7789997917395,0.005777162325939687,28.78390697016122,0.0,93.53565621376038,6.698669910430908,100.23432898521423,8.201599399626502e-09,7.202148708529421e-07
454.4138000730865,0.0,500.0,0.10124999999999999,209,4180000,3,0.023496657609939575,0.00019549999999999936,9206.80767581765,462.45265841255554,0.001371853219204373,29.099783928884356,0.0,91.41214179992676,9.706655263900757,101.11879968643188,2.2888184680880386e-09,-4.882812731921149e-07
663.6491261269699,0.24500000000000002,500.0,0.17625000000000002,210,4200000,3,0.024099240079522133,0.00019499999999999935,10850.297483986558,630.5745294020453,0.0013565430829263786,29.464972243141442,0.75,88.12707352638245,11.15281057357788,99.27988600730896,-3.051757735406113e-09,-3.6621094068323146e-07
43.7190026631499,0.03,500.0,0.01625,211,4220000,7,0.022440865635871887,0.00019449999999999936,9086.02984206854,680.363116377078,-0.0016200264490969115,30.069158568005754,0.0,87.8350076675415,24.87395715713501,112.70896697044373,1.1062621929625038e-08,-7.446288918799837e-07
406.019007858013,0.0,500.0,0.1125,212,4240000,11,0.022142423316836357,0.00019399999999999935,9461.110928125794,537.9257820455134,-0.0032813672131593408,30.75088088705621,0.0,85.46708846092224,38.11195707321167,123.57904720306396,-1.5258788677030566e-09,-3.295898522992502e-07
655.4793980959782,0.0,500.0,0.17125,213,4260000,6,0.024458173662424088,0.00019349999999999936,4765.679698257528,365.41318330368676,0.0001837728392328825,31.172869128794968,0.0,85.2558171749115,23.084378719329834,108.3401985168457,2.241134566816072e-08,4.6386719532165444e-07
660.2846179221465,0.0,500.0,0.15875,214,4280000,8,0.022051718086004257,0.00019299999999999938,6132.375027421946,326.8121731182257,-0.002160755432056138,31.67443536417172,0.0,90.33796072006226,24.47948908805847,114.81745171546936,-1.3923645347801994e-08,2.9907226917202934e-07
464.05067811703447,0.775,500.0,0.11375000000000002,215,4300000,12,0.02280106022953987,0.00019249999999999937,9041.493245117708,456.94978276456885,-0.00556738198875163,32.62235751268836,0.0,87.52563095092773,39.94416689872742,127.46980023384094,1.754760781125242e-08,-5.981445383440587e-07
352.46139982132456,0.0,500.0,0.08125,216,4320000,4,0.022084873169660568,0.00019199999999999938,5579.913291809277,368.29929030055814,-0.0007287855178248673,33.46490881313531,0.0,83.79545044898987,14.827700138092041,98.62315320968628,2.0599365768703137e-08,-1.3427734302240424e-07
750.574910155472,0.0,500.0,0.17,217,4340000,5,0.021346578374505043,0.0001914999999999994,6820.4182134366265,436.25421145015633,-0.0023284418666110443,33.79249167152868,0.0,91.90637826919556,17.666242599487305,109.57262301445007,8.583068478174027e-09,-8.85009754370003e-08
111.59290089876876,0.0,500.0,0.061250000000000006,218,4360000,5,0.02021751180291176,0.00019099999999999938,8316.52717979358,389.35871228592845,-0.0002002059700735175,34.34987306442505,0.0,79.89234733581543,15.923001527786255,95.81535124778748,-1.3351439953623867e-09,-2.9602051654364914e-07
542.8972920057191,0.0,500.0,0.12625000000000003,219,4380000,3,0.021120252087712288,0.0001904999999999994,10277.515717950238,524.0000482544986,0.0017996211930478628,35.21013926951903,0.0,85.46890497207642,10.440415143966675,95.9093222618103,5.7220459481754915e-09,-1.3122559039402404e-07
640.9323241865497,0.0,500.0,0.17625000000000002,220,4400000,9,0.021188940852880478,0.00018999999999999941,6142.94614482713,302.3880164268637,-0.005670848390732832,36.59620237367391,0.0,77.35183930397034,29.147330045700073,106.4991717338562,-1.1825561863076928e-08,-2.0446776716198656e-07
800.973371526388,0.0,500.0,0.19624999999999998,221,4420000,5,0.02112995833158493,0.0001894999999999994,5617.132411968974,372.33827880761874,-0.0048542530217859595,38.23923123636946,0.0,85.4724748134613,19.135812044143677,104.60828971862793,5.054473728449693e-09,5.065917889623961e-07
876.531454484905,0.0,500.0,0.225,222,4440000,7,0.0208909772336483,0.0001889999999999994,6601.997679382631,321.52347344625275,-0.004925903338396566,39.006289869941355,0.0,83.91571712493896,25.16660189628601,109.08232140541077,-1.4686584393075464e-08,-1.0711670483942726e-06
606.1347328526477,0.0,500.0,0.135,223,4460000,8,0.02027869038283825,0.00018849999999999938,6352.700585410998,368.814411477159,-0.0055450243334592385,39.73591379616588,0.0,86.30852603912354,28.561853170394897,114.87038159370422,2.1171569386524425e-08,3.0517577442878974e-07
714.9524429020175,0.0,500.0,0.17625000000000002,224,4480000,8,0.02170496992766857,0.00018799999999999937,6271.960006738243,374.5250664488576,-0.00491106377874751,40.7834212787616,0.0,86.86787486076355,27.52527642250061,114.39315342903137,1.201629640235069e-08,-2.3193359766082722e-07
300.12104414907196,0.05,500.0,0.09000000000000001,225,4500000,5,0.02048906311392784,0.00018749999999999938,6181.39552739055,353.34704447980886,-0.004081508467574946,41.86695889847728,0.0,82.77269005775452,16.361444234848022,99.13413619995117,2.0313262183435654e-08,-1.0070800726680318e-07
689.2652242498283,0.0,500.0,0.195,226,4520000,9,0.02488928847014904,0.00018699999999999937,4566.020781094866,314.3875287279069,-0.004563163210418674,42.955225327356004,0.0,82.65739035606384,25.004467964172363,107.66185998916626,-2.3746490995790737e-08,-3.936767711820721e-07
488.3256721139363,0.0,500.0,0.13999999999999999,227,4540000,5,0.020209915935993195,0.00018649999999999936,6196.625831794129,365.91818260704747,-0.003213091657315485,43.81973474033344,0.0,87.36791586875916,16.913123846054077,104.28104209899902,2.231597839852384e-08,5.187988563193358e-07
680.7496010211648,0.0,500.0,0.195,228,4560000,9,0.020192254334688187,0.00018599999999999934,5263.004646493561,353.5892863573231,-0.004772455314816335,44.783104633497864,0.0,98.1630711555481,34.478413105010986,132.64148664474487,1.1062621929625038e-08,-6.195068635861389e-07
816.4826274075194,0.0,500.0,0.18625,229,4580000,6,0.021775849163532257,0.00018549999999999936,4299.12000398971,271.09319126263216,-0.002598028734655648,45.41776674776413,0.0,88.66066718101501,19.886544704437256,108.54721426963806,5.979538286737807e-08,4.1198731537406275e-08
733.5501229514591,0.0,500.0,0.18125,230,4600000,4,0.020048972219228745,0.00018499999999999935,3859.365096363397,274.4817393184089,-0.00213756897939018,45.52001752030735,0.0,88.30214214324951,11.813639879226685,100.11578512191772,2.39372255350645e-08,-6.164550541143399e-07
814.0122376534327,1.25,500.0,0.185,231,4620000,9,0.022500598803162575,0.00018449999999999936,7042.341086423181,386.9584109651987,-0.006504384885757982,45.914297950915255,31.25,84.91275119781494,29.69026780128479,114.60302090644836,-2.555847089524832e-08,4.455566511296638e-07
481.1234249789687,1.875,500.0,0.14250000000000002,232,4640000,10,0.020740335807204247,0.00018399999999999935,4300.607564732366,292.961562886101,-0.007045264691620256,47.58826237638918,0.0,96.05343818664551,31.980894804000854,128.034334897995,1.4877318932349226e-08,-4.516601563864242e-07
591.1182345774685,0.0,500.0,0.14625000000000002,233,4660000,12,0.02578079141676426,0.00018349999999999936,7763.597696013851,380.2478368594624,-0.007303010733204044,48.93747403954291,0.0,80.23903799057007,41.14171743392944,121.38075709342957,4.959106458812812e-09,-1.831054774470431e-08
675.8566541156238,0.0,500.0,0.17875000000000002,234,4680000,9,0.026102643460035324,0.00018299999999999935,4017.914546967907,202.95472340013356,-0.007000073527882221,49.77532568306292,0.0,91.24122714996338,32.340739488601685,123.58196830749512,-1.3351439953623867e-09,-1.4953613458601467e-07
1024.932200903237,0.0,500.0,0.23625,235,4700000,10,0.02264169417321682,0.00018249999999999934,6370.329596415267,253.41769542755029,-0.00718350331135356,50.978550834777636,0.0,86.45986342430115,31.944716691970825,118.40458250045776,3.1471252270875993e-09,8.239746307481255e-08
899.5653278775808,0.0,500.0,0.24375,236,4720000,8,0.02292761579155922,0.00018199999999999936,4925.101692882209,248.90699742167902,-0.0070695030882719535,51.46652350867518,0.0,76.57703924179077,28.147202491760254,104.72424364089966,-2.861023085110048e-10,-3.341674812418205e-07
976.8040384359028,0.0,500.0,0.24,237,4740000,6,0.02139626443386078,0.00018149999999999937,8629.21308237549,365.04055283194026,-0.00446542472151109,52.21654565545063,0.0,90.78761100769043,19.261648416519165,110.04926109313965,-2.0599365768703137e-08,3.41796862812771e-07
1593.6635043987662,0.0,500.0,0.42750000000000005,238,4760000,9,0.020805038511753082,0.00018099999999999936,4723.576517177551,247.10223808193783,-0.007051476164508371,53.3060134614153,0.0,85.94447612762451,30.25313925743103,116.19761729240417,1.7452240541615538e-08,-2.258300781932121e-07
1243.9976631048405,0.0,500.0,0.33125,239,4780000,11,0.020599814131855965,0.00018049999999999935,4108.834274535743,263.0386312253732,-0.009189765793526983,55.14631638428585,0.0,78.73380327224731,35.56226682662964,114.29607200622559,-9.346008411625917e-09,-1.2817382355478912e-07
796.4747377486209,0.0,500.0,0.20750000000000002,240,4800000,9,0.02199656516313553,0.00017999999999999936,5259.329231411166,224.03254352226975,-0.0067667682456956195,56.158311053713796,0.0,72.57181930541992,32.46125316619873,105.03307485580444,3.900527900668749e-08,-4.7302245320679503e-07
886.1061193977579,0.0,500.0,0.20249999999999999,241,4820000,11,0.020929019898176193,0.00017949999999999938,2559.650705143078,197.10349808160282,-0.00910834834045067,57.073272268542915,0.0,78.5656533241272,38.61523079872131,117.18088579177856,-1.7356873271978657e-08,5.187988350030537e-08
1298.5785657630247,0.0,500.0,0.32875,242,4840000,13,0.020465899258852005,0.0001789999999999994,3215.879641371882,294.79350298949265,-0.010232977463931769,59.22667100746528,0.0,89.74120330810547,46.88198900222778,136.62319469451904,5.912780931538464e-09,-4.089355343239731e-07
955.3202846288343,0.0,500.0,0.25375,243,4860000,9,0.02154465764760971,0.00017849999999999938,3322.922244049278,220.00747345642372,-0.008050083477489114,60.0656687770704,0.0,84.83401894569397,32.78124189376831,117.61526298522949,-1.0299682884351569e-08,2.4414061883248905e-08
714.2612800082267,6.115,500.0,0.17375000000000002,244,4880000,10,0.022469142451882362,0.0001779999999999994,3586.5305649827465,272.34006934607754,-0.011441520564466382,60.807954905208305,305.75,92.3097243309021,31.830417156219482,124.1401436328888,5.722046170220096e-10,-1.1047363841498736e-06
1364.6744662599885,24.947499999999998,500.0,0.3875,245,4900000,8,0.020300623029470444,0.0001774999999999994,4322.014488317715,222.93654394606813,-0.007042204315689342,61.19195315327507,7.5,82.43519592285156,27.75672173500061,110.19192051887512,6.294250454175199e-09,2.258300781932121e-07
877.4018742660483,0.2625,500.0,0.20625,246,4920000,12,0.021743938326835632,0.00017699999999999942,3796.1540501831187,192.1853672957903,-0.009780812399814955,62.512349049504195,0.0,89.8083062171936,44.111271142959595,133.9195806980133,-7.724762163263676e-09,7.934570334100499e-08
1462.4647811642858,0.0,500.0,0.33875,247,4940000,11,0.023083172738552094,0.0001764999999999994,4044.161572290443,208.53628021293417,-0.008566531601150671,64.77446093463703,0.0,82.68060302734375,40.86752963066101,123.54813480377197,-2.7656554379973386e-08,3.280639759850601e-07
1057.8503849433448,0.0,500.0,0.22874999999999995,248,4960000,13,0.02142924629151821,0.0001759999999999994,4505.221603127304,271.91557237761526,-0.009019789005634066,66.31222239241433,0.0,86.15735125541687,46.3720908164978,132.52944469451904,3.6239624634504253e-09,9.155273517080786e-08
1160.5806770700704,0.0,500.0,0.29,249,4980000,5,0.021102353930473328,0.00017549999999999941,4336.932028792994,202.10749812019517,-0.0039711827151893905,66.68307346916808,0.0,99.5201530456543,20.296220302581787,119.81637597084045,-4.00543198608716e-09,3.814697446813398e-09
916.8567789602697,0.0,500.0,0.24874999999999997,250,5000000,8,0.021944118663668633,0.00017499999999999943,3965.3553717128766,192.3010624285323,-0.0076665529423726566,67.13295271145269,0.0,95.2762942314148,25.207608222961426,120.48390555381775,-4.3678284100678866e-08,2.777099723516585e-07
1088.4704124540744,23.05,500.0,0.31124999999999997,251,5020000,12,0.020055338740348816,0.00017449999999999942,5008.925684334752,191.43215581835014,-0.011920756143661606,22.79206512276484,52.25,86.62786412239075,43.737897872924805,130.36576414108276,3.0708314113780943e-08,9.338378959000693e-07
1368.5044858861966,0.525,500.0,0.3225,252,5040000,7,0.021487606689333916,0.00017399999999999943,3009.998877131411,164.3721802892994,-0.006544174097898356,24.2941067032703,0.0,92.5830945968628,31.75110411643982,124.3342010974884,3.051757957450718e-08,5.8746337572301854e-08
-4230.398841196952,1052.5,500.0,0.2575,253,5060000,29,0.02065528742969036,0.00017349999999999942,74464.49575439534,1703.094445686975,-0.0007286508739695578,25.804025858263095,0.0,97.0540840625763,64.41405081748962,161.46813583374023,-2.00271599304358e-09,-3.747558594113798e-06
-1265.6616697408099,596.425,500.0,0.40750000000000003,254,5080000,20,0.020923331379890442,0.0001729999999999994,272518.90700076165,2641.883602360491,0.002199435744177217,27.46814718581617,0.0,63.513328552246094,51.453715085983276,114.96704506874084,-8.296966669263384e-09,7.99560552877665e-07
1229.254659335237,0.5900000000000001,500.0,0.2975,255,5100000,4,0.022284001111984253,0.0001724999999999994,4276.199744715096,189.8547507094118,0.0009646227666230414,28.629416025484712,29.5,64.44981670379639,9.77355170249939,74.22337079048157,-1.2111663671987571e-08,7.400512913591228e-08
1601.3062892155592,2.3600000000000003,500.0,0.40875000000000006,256,5120000,9,0.02028719149529934,0.0001719999999999994,6108.504547043307,157.21886561904597,-0.009227835225787068,29.422534895231,0.0,76.85113549232483,21.35883069038391,98.20996832847595,-1.0585784693262212e-08,-2.746581913015689e-07
1597.1676758164424,0.425,500.0,0.43499999999999994,257,5140000,11,0.021114053204655647,0.0001714999999999994,4457.360399195803,137.01065626983686,-0.009262618338545844,31.092364258867274,0.0,62.03101682662964,23.379105806350708,85.41012406349182,-2.00271599304358e-09,4.043579053814028e-07
-3061.6406350977704,950.1424999999999,500.0,0.40750000000000003,258,5160000,37,0.018994664773344994,0.0001709999999999994,336416.8003991386,3189.986223745054,-0.002122719778110996,33.44858112965992,10001.5,59.635860443115234,80.3259904384613,139.961852312088,-2.0980834847250662e-09,-2.0996094463043846e-06
817.3138715716975,53.97375000000001,500.0,0.24375,259,5180000,10,0.020229166373610497,0.00017049999999999943,5668.670412866757,215.16904634469614,-0.008929788321702959,35.60107946304468,57.75,70.9685046672821,30.614945650100708,101.58345246315002,1.6212463593845428e-09,-7.553100545010238e-08
1378.508455048631,4.946250000000001,500.0,0.3075,260,5200000,10,0.02180437557399273,0.00016999999999999944,7978.252383549602,238.35001325515893,-0.00960628855675935,37.120537061356124,0.75,81.26492214202881,22.17267942428589,103.43760323524475,4.1961669694501325e-09,-1.2207030941624453e-08
1089.159227582149,0.0375,500.0,0.29500000000000004,261,5220000,6,0.020789166912436485,0.00016949999999999946,7498.691220057023,222.04035463424538,-0.005878871292023621,38.72210078904677,0.0,62.43503189086914,14.654371500015259,77.08940482139587,-2.0980834847250662e-09,-7.858276518390994e-08
1725.9788134834823,0.0,500.0,0.46624999999999994,262,5240000,9,0.021499687805771828,0.00016899999999999945,5080.8147830658445,208.03193185987055,-0.008908694216245596,40.01654927799115,0.0,70.91807436943054,26.897342681884766,97.81541895866394,2.2888184680880386e-09,-3.2348631862078037e-07
1259.8038763747231,0.0,500.0,0.3275,263,5260000,11,0.02005242370069027,0.00016849999999999943,3604.583768048537,144.3921376321678,-0.011083907215668562,41.34847741815333,0.0,73.0095443725586,31.51868438720703,104.52823185920715,-1.506805347162299e-08,-2.5177001816700795e-08
1224.941021552584,0.0,500.0,0.30625,264,5280000,9,0.021243246272206306,0.00016799999999999945,4761.645778993195,190.94990656280245,-0.009453175715982443,42.520986267891516,0.0,64.73331189155579,20.81607747077942,85.54939150810242,-8.77380390562621e-09,3.1127930810725957e-07
1890.846096187141,0.0,500.0,0.47750000000000004,265,5300000,10,0.02119264006614685,0.00016749999999999946,4732.273937130279,216.40994706077697,-0.009318364356397487,44.30594281693236,0.0,62.253167152404785,21.620166301727295,83.87333464622498,3.910064716450279e-09,2.0599365768703137e-07
1803.6672945884457,0.0,500.0,0.43375,266,5320000,7,0.021829551085829735,0.00016699999999999945,3769.1955563341958,180.58028971447024,-0.007297698287008519,46.343892813490605,0.0,62.66458296775818,15.6857750415802,78.35036039352417,-8.678436635989328e-09,-1.8157959402742563e-07
1802.3691245204245,0.0,500.0,0.44125,267,5340000,11,0.020060189068317413,0.00016649999999999947,2824.705047368103,173.51787107114768,-0.008835258428277861,48.37423305860481,0.0,63.06301259994507,28.7513370513916,91.81435108184814,-8.392333938900265e-09,7.629394360719743e-08
1734.807088487019,0.0,500.0,0.4175,268,5360000,9,0.020709147676825523,0.00016599999999999945,2057.4621779198424,146.26480041872242,-0.009731015620768377,48.79017292221768,0.0,65.49135184288025,19.22528076171875,84.71663427352905,-4.625320570994518e-09,-7.171630755919978e-08
1842.6645624362088,0.0,500.0,0.43375,269,5380000,16,0.02063189446926117,0.00016549999999999944,4246.884332748266,166.60304029452533,-0.012189941787601303,49.94645823914403,0.0,64.55807089805603,37.83917188644409,102.39724516868591,-2.479553273815327e-08,-4.821777110919356e-07
1659.8021160447156,0.0,500.0,0.38875000000000004,270,5400000,11,0.022438017651438713,0.00016499999999999946,2763.2441751400884,147.192156219704,-0.009547543095767221,51.00437679285232,0.0,65.92948627471924,25.789950132369995,91.71943926811218,1.9598006772980625e-08,-1.8424988468268566e-07
1886.0102671961308,0.0,500.0,0.4425,271,5420000,12,0.020137997344136238,0.00016449999999999944,2414.8492587641026,205.27645252662472,-0.011380169980269604,52.93432837274001,0.0,76.82488679885864,28.033848762512207,104.85873818397522,2.0408631229429375e-08,-1.5869140668200998e-07
1947.22586594223,4.9,500.0,0.43499999999999994,272,5440000,11,0.020161021500825882,0.00016399999999999946,1897.2872541717343,168.96973621280878,-0.012621645638088942,53.77808172163353,0.0,61.809197187423706,25.125383615493774,86.93458199501038,-8.296966669263384e-09,-2.24304201879022e-07
1695.2078406316753,0.0,500.0,0.4325000000000001,273,5460000,9,0.02034378983080387,0.00016349999999999945,3886.9611985840015,172.98568192042904,-0.008312188283126057,54.51706217128333,0.0,74.072749376297,24.952062129974365,99.02481389045715,2.38418573772492e-09,4.943847784488753e-07
1739.439486339812,0.0,500.0,0.45375,274,5480000,12,0.020557543262839317,0.00016299999999999944,1935.542095326514,143.47630873528786,-0.011969447178759685,55.91852535353428,0.0,63.38530087471008,27.225438833236694,90.61074113845825,3.128051773160223e-08,-9.918212917625624e-09
1452.9736885567913,0.0,500.0,0.36375,275,5500000,10,0.022084731608629227,0.00016249999999999945,3122.2046490264015,145.2542472205604,-0.00837243376299739,57.62352965723592,0.0,63.24810314178467,22.034149885177612,85.28225421905518,-1.4305114426349519e-08,-3.0212402180040954e-07
1519.6805708496133,0.0,500.0,0.40499999999999997,276,5520000,8,0.02022629603743553,0.00016199999999999944,3503.793936805603,151.5658712600367,-0.007507892783557157,58.94543730946014,0.0,60.72571563720703,17.07422709465027,77.79994487762451,-2.2888184680880386e-09,1.1596679883041361e-07
2119.77094656407,0.0,500.0,0.5175000000000001,277,5540000,12,0.021031687036156654,0.00016149999999999943,2991.374817560783,142.3336068520023,-0.010492978208297636,59.96890986689363,0.0,62.23156809806824,27.445423126220703,89.67699265480042,-2.956390465769232e-09,-9.5748902140258e-08
1930.8565597398333,0.0,500.0,0.48500000000000004,278,5560000,11,0.022877776995301247,0.00016099999999999941,2039.5625259527937,118.93540349645113,-0.011613202904725154,61.728421643623044,0.0,60.913650035858154,23.47907304763794,84.39272379875183,5.912780931538464e-09,-1.2207030941624453e-08
2182.098991091876,0.0,500.0,0.5050000000000001,279,5580000,15,0.02136755920946598,0.00016049999999999943,1432.5473001270884,114.46672116768119,-0.012701752502768756,64.16644835223278,0.0,59.70235562324524,33.09420371055603,92.79656195640564,6.675720420901143e-09,7.629394338515283e-10
1700.2892189543759,0.0,500.0,0.44875,280,5600000,10,0.020896345376968384,0.00015999999999999944,1872.3556568474814,134.41728934388573,-0.010373262933993968,65.40299579510673,0.0,60.766008615493774,21.856576919555664,82.62258720397949,8.249283034444943e-09,-6.866454782539222e-08
1848.7362583305796,0.0,500.0,0.47125000000000006,281,5620000,13,0.020411526784300804,0.00015949999999999943,2110.11712895485,141.97985563468043,-0.01129290097399733,67.39858485662724,0.0,64.18071055412292,28.151907444000244,92.33261942863464,3.2234190427971043e-08,-1.6021728299620008e-07
2310.998162220176,0.0,500.0,0.5362499999999999,282,5640000,8,0.0206987876445055,0.00015899999999999942,2537.566427383179,141.28947667801341,-0.009707949701332139,69.28111024557973,0.0,59.51118803024292,17.078388214111328,76.58957767486572,2.8324127043788394e-08,1.3580321933659434e-07
2218.812125720674,0.0,500.0,0.5025000000000001,283,5660000,9,0.020753249526023865,0.00015849999999999943,2214.368254369398,148.22540375286695,-0.01144895171553206,69.97779451857063,0.0,61.48725867271423,22.92208170890808,84.40934133529663,7.772445798082117e-09,-3.662109548940862e-08
2385.5811734265776,4.05,500.0,0.56125,284,5680000,7,0.020240312442183495,0.00015799999999999945,2651.925233911456,139.34664313535285,-0.009319098095338586,71.42487385348063,54.0,61.585670471191406,15.150916814804077,76.73658895492554,-2.0217894913798773e-08,-5.41687015243042e-08
1668.5776850238478,1.35,500.0,0.43624999999999997,285,5700000,9,0.021530209109187126,0.00015749999999999944,1747.4221280456477,118.20250090902732,-0.011488715284079165,73.69505893976755,0.0,58.23422312736511,19.676833629608154,77.911057472229,2.088546757761378e-08,-1.678466787780053e-07
2419.498868250127,25.775,500.0,0.6275000000000001,286,5720000,10,0.020032327622175217,0.00015699999999999945,3860.5968016798124,209.61469766781352,-0.010342897594305345,75.13491148781091,0.0,63.013267040252686,22.066666841506958,85.07993531227112,-1.7929076889799944e-08,5.340576336720915e-08
2367.316114510351,0.0025,500.0,0.5700000000000001,287,5740000,7,0.02107337862253189,0.00015649999999999947,3031.7150132890056,122.87528756653974,-0.009830696432945195,75.49339141218915,0.5,64.08519721031189,16.306666374206543,80.39186573028564,1.2207030941624453e-08,-2.0294189084779646e-07
1746.0479861985627,0.0475,500.0,0.3825,288,5760000,8,0.020738378167152405,0.00015599999999999946,2345.4305037720897,131.53500364992183,-0.010475504254109968,74.94587070416338,0.0,62.94225335121155,17.593219995498657,80.53547501564026,4.081726245885875e-08,-1.754760781125242e-08
2172.037205724759,0.0,500.0,0.5262499999999999,289,5780000,11,0.02072138711810112,0.00015549999999999947,1996.4130841115862,110.97204810770452,-0.012947304069892009,75.8536357896258,0.0,59.6132230758667,22.634505033493042,82.24772953987122,1.2969970875076342e-08,-4.253387331232261e-08
2345.9674956073263,0.0,500.0,0.54,290,5800000,11,0.021016959100961685,0.00015499999999999948,2105.4211971605373,132.6248882226116,-0.010466034274067889,78.32810750313702,0.0,59.93876600265503,25.13721466064453,85.07598209381104,6.580352707175052e-09,9.613037121880552e-08
2658.104245856862,0.0,500.0,0.5974999999999999,291,5820000,11,0.020344816148281097,0.0001544999999999995,1842.8893092961773,109.34024301573803,-0.011956507765566008,80.84270099924638,0.0,62.97498440742493,23.225420475006104,86.2004063129425,-1.0728836485895954e-08,8.239746307481255e-08
2594.0126779460647,0.0,500.0,0.5987500000000001,292,5840000,11,0.021358907222747803,0.00015399999999999951,2847.4783869246703,125.96834656169447,-0.01088017957400549,82.8410889478468,0.0,60.437641620635986,24.962578535079956,85.400221824646,-3.6239624634504253e-09,-7.629394893626795e-09
2333.298719226098,0.0,500.0,0.5362500000000001,293,5860000,7,0.020633084699511528,0.0001534999999999995,2081.093663559064,126.493795143312,-0.008314664129402433,83.54122995144154,0.0,64.26443839073181,15.00918960571289,79.27362990379333,-5.941391023611686e-08,6.713867151120212e-08
2553.72236759071,0.0,500.0,0.57875,294,5880000,8,0.02017134800553322,0.0001529999999999995,1994.38220894908,118.20892500344176,-0.00925013740076877,84.09537491783166,0.0,58.83805441856384,17.47484564781189,76.31290197372437,-2.1839142050339433e-08,2.5939941750152684e-08
2523.1540738783124,0.0,500.0,0.5975,295,5900000,14,0.020683428272604942,0.0001524999999999995,1718.7856847152814,119.28553231194486,-0.014473094420855256,85.73961375457192,0.0,62.592069149017334,33.47704887390137,96.06911897659302,1.118183146076035e-08,-6.065369007046684e-08
2118.2276920119307,0.0,500.0,0.5625,296,5920000,6,0.020405756309628487,0.00015199999999999952,1986.4438912063615,114.8477184754718,-0.007368247268207696,87.13446649017172,0.0,59.165027141571045,12.431901931762695,71.59692978858948,3.204345588869728e-08,4.1351319168825285e-07
2673.166237769394,0.0,500.0,0.6512499999999999,297,5940000,10,0.021019011735916138,0.00015149999999999954,1806.9554319534059,124.94539420277165,-0.010667225850981097,87.9765013259059,0.0,60.5912082195282,21.164564609527588,81.75577354431152,-1.6927719226345062e-09,-1.865386991539708e-07
2739.6508094549836,0.0,500.0,0.6487499999999999,298,5960000,12,0.021869132295250893,0.00015099999999999952,1498.8816199744472,104.97593448057977,-0.012688231764185709,89.14468529633186,0.0,66.27151918411255,27.436017751693726,93.70753884315491,1.2207030941624453e-08,-5.6457519548303026e-08
2481.5766369822604,0.0,500.0,0.5512499999999999,299,5980000,10,0.021441487595438957,0.0001504999999999995,2780.896162585176,118.89931875356851,-0.011711671924331604,91.38912499278499,0.0,65.13790798187256,20.698052883148193,85.83596301078796,5.340575981449547e-09,-3.051757957450718e-08
2927.174185045283,0.0,500.0,0.6825,300,6000000,13,0.020706461742520332,0.0001499999999999995,2278.0239193462335,111.0913143762648,-0.012865540752099022,94.22139762115292,0.0,61.2597873210907,28.218101024627686,89.47788906097412,6.103515470812226e-09,-4.2724607851596375e-08
2188.3223799106945,0.0,500.0,0.17124999999999999,301,6020000,18,0.023028487339615822,0.00014949999999999951,29295.663206447807,727.1244940102672,-0.013599710774872112,36.33494263589065,0.0,63.051183462142944,42.94630718231201,105.99749302864075,3.9482117131228733e-08,2.624511807880481e-07
1857.1023201605162,0.0,500.0,0.0,302,6040000,11,0.020054329186677933,0.00014899999999999953,12295.112162478954,786.1563637517685,-0.011468608616417122,38.34709798351402,0.0,59.787240505218506,22.15791368484497,81.94515562057495,2.727508530142586e-08,2.19726558725597e-07
1901.2584952608581,0.0,500.0,0.0,303,6060000,12,0.021036429330706596,0.00014849999999999952,5415.4186327592,488.8484748235018,-0.011308523465897115,40.270013304437185,0.0,58.38370990753174,25.47025203704834,83.8539628982544,2.2602081983791322e-08,-2.4414063659605745e-07
1892.312746103132,0.0,500.0,0.0,304,6080000,12,0.021099217236042023,0.00014799999999999953,4704.972787241585,270.26250196544254,-0.01164339738538443,41.7362211012104,0.0,60.77638244628906,23.219430685043335,83.9958143234253,2.565383994124204e-08,1.525878978725359e-08
1891.655087079235,0.0,500.0,0.0,305,6100000,8,0.022164344787597656,0.00014749999999999952,1920.6571723279862,171.74278942693155,-0.008594936941257163,43.08376455916383,0.0,60.353692054748535,17.920170307159424,78.27386331558228,1.5830993405074878e-08,1.1291503909660605e-07
1899.0780313177638,0.0,500.0,0.0,306,6120000,12,0.020341599360108376,0.00014699999999999953,1622.807317959234,149.7182998190038,-0.011468641512756483,45.15490458288386,0.0,65.1244888305664,26.4467453956604,91.5712354183197,-8.964538444899972e-09,6.561279519701202e-08
1908.3149490871197,0.0,500.0,0.0,307,6140000,14,0.020979035645723343,0.00014649999999999952,1177.6300522122194,136.95180681055402,-0.013506742522765729,47.3851148073448,0.0,64.80912470817566,31.025508165359497,95.83463478088379,-5.7220459481754915e-09,1.3427734302240424e-07
1882.8123825338268,0.0,500.0,0.0,308,6160000,11,0.020033370703458786,0.0001459999999999995,1532.6384743394942,209.1142712453753,-0.01221087740787237,49.59887097015514,0.0,59.55760192871094,23.028474807739258,82.58607912063599,9.155273872352154e-09,2.7465819840699623e-08
1905.6067544748817,0.0,500.0,0.0,309,6180000,14,0.020198147743940353,0.0001454999999999995,1289.7035782159817,143.04182269202144,-0.011675683641444938,51.03299258626906,0.0,56.783437728881836,28.48971176147461,85.27315068244934,1.1730193705261627e-08,-6.103515470812226e-09
1899.0179662304392,0.0,500.0,0.0,310,6200000,12,0.020583679899573326,0.0001449999999999995,1004.4823258860042,128.2281962466824,-0.01287566620189026,53.175598797579795,0.0,63.059300899505615,25.330606937408447,88.38990926742554,-1.287460360543946e-09,1.30462652236929e-07
1891.8654626957014,0.0,500.0,0.0,311,6220000,16,0.020534804090857506,0.0001444999999999995,809.6660097871726,115.77971111242763,-0.015147980208844898,55.818282471678124,0.0,59.95863938331604,34.33937191963196,94.29801273345947,-2.229213702520383e-09,-4.959106547630654e-08
1904.5447305683986,0.0,500.0,0.0,312,6240000,15,0.0211106576025486,0.0001439999999999995,845.0534908794366,104.02878112142967,-0.01551624838574229,57.79849645108842,0.0,59.10817861557007,35.31255078315735,94.42073130607605,-1.8119812317252126e-09,2.1362303925798187e-08
1933.0247617644359,0.0,500.0,0.0,313,6260000,9,0.022293459624052048,0.0001434999999999995,817.4626163242978,104.87308738093702,-0.010431048419474656,59.38643987897359,0.0,59.755905628204346,19.296669244766235,79.05257630348206,-3.3855438452690123e-09,-1.3885498617582925e-07
1937.632924829874,0.0,500.0,0.0,314,6280000,12,0.022416768595576286,0.00014299999999999952,789.4554779410236,103.3730183236769,-0.013022106658212079,61.759481641304255,0.0,59.76413440704346,25.33974838256836,85.10388374328613,-8.106232129989621e-09,-1.1596679883041361e-07
1917.9786497620837,0.0,500.0,0.0,315,6300000,13,0.022091394290328026,0.0001424999999999995,813.5759917545389,104.22390899133202,-0.013709871905209699,63.71589962051553,0.0,59.92369508743286,27.524203538894653,87.44789958000183,3.337859988405967e-10,1.3580321933659434e-07
1845.4901063290595,0.0,500.0,0.0,316,6320000,9,0.020342115312814713,0.0001419999999999995,947.1367992852062,115.42815446024208,-0.010330359778278711,65.1511374335785,0.0,60.35895824432373,21.013514041900635,81.372474193573,-5.817413217812373e-09,-1.4114379887075756e-08
1891.952658476987,0.0,500.0,0.0,317,6340000,10,0.02259920723736286,0.0001414999999999995,924.5083486538725,107.33046828443631,-0.011699031881196573,67.4690956286348,0.0,62.70648956298828,20.255667209625244,82.96215796470642,-1.76429750808893e-08,7.781982702681489e-08
1898.40021453991,0.0,500.0,0.0,318,6360000,13,0.020150918513536453,0.0001409999999999995,714.6911424218246,94.1476317204372,-0.013336689606708108,69.11059490812296,0.0,57.08094668388367,30.27636218070984,87.35731029510498,1.3256072683986986e-08,3.433227391269611e-08
1901.3637411612203,0.0,500.0,0.0,319,6380000,12,0.020403748378157616,0.0001404999999999995,819.2304978781996,110.76720731123822,-0.013608131549148538,70.3053171444244,0.0,61.881460666656494,25.278977155685425,87.16043853759766,1.9693374042617506e-08,-2.250671471415444e-08
1895.2729493801767,0.0,500.0,0.0,320,6400000,9,0.020492827519774437,0.00013999999999999953,729.7332886305522,110.5590586311901,-0.008905498307038934,71.81363160956359,0.0,65.68962574005127,20.85022473335266,86.5398519039154,-9.727478378351861e-09,2.5939941750152684e-08
1907.9225532803734,0.0,500.0,0.0,321,6420000,9,0.02066991850733757,0.00013949999999999954,852.1532123147235,109.90040566712184,-0.008567532524218558,73.26564445400814,0.0,64.70677971839905,19.367379188537598,84.07416105270386,4.100799699813251e-09,-1.911163280965411e-07
1919.292182939343,0.0,500.0,0.0,322,6440000,12,0.020767739042639732,0.00013899999999999953,764.911355844321,105.48425005343013,-0.013819848751119627,73.92048545488026,0.0,61.32340407371521,26.470962524414062,87.79436755180359,-1.3494491746257609e-08,-5.7220457705398076e-08
1919.7431372465521,0.0,500.0,0.0,323,6460000,12,0.020033426582813263,0.00013849999999999954,624.6700947916927,108.2823744541286,-0.013363391027812617,74.89246124251328,0.0,60.394275188446045,26.2094624042511,86.6037392616272,3.3378602104505717e-09,1.5029907274310972e-07
1928.6988939475457,0.0,500.0,0.0,324,6480000,9,0.020016886293888092,0.00013799999999999953,893.3954126197563,113.35923783881553,-0.01115721368900691,76.95796347967817,0.0,64.4140784740448,19.637423038482666,84.05150294303894,-9.53674295089968e-09,2.700805623589986e-07
1904.2199098264293,0.0,500.0,0.0,325,6500000,8,0.020009158179163933,0.00013749999999999952,735.2892978899775,108.56408018654528,-0.008580972236442044,79.0177213802886,0.0,69.11441969871521,17.127153396606445,86.24157452583313,3.3855438452690123e-09,5.035400363340159e-08
1912.2407267292097,0.0,500.0,0.0,326,6520000,13,0.021207295358181,0.0001369999999999995,828.641854688148,100.31403240204794,-0.013369292314511097,80.29777392230125,0.0,60.516849756240845,27.025556325912476,87.54240703582764,-7.1525572131747595e-09,2.8610228852699038e-08
1950.9871623044194,0.0,500.0,0.0,327,6540000,8,0.020320400595664978,0.0001364999999999995,809.7215372518228,97.2697561708883,-0.010077677624554525,81.20576405753724,0.0,66.67534828186035,17.77249836921692,84.44784927368164,-9.489059316081239e-09,2.1133422478669672e-07
1949.417656085348,0.0,500.0,0.0,328,6560000,12,0.02101575955748558,0.0001359999999999995,752.2451462019493,92.7928530862664,-0.012882052033448332,82.61196936382908,0.0,62.73302984237671,25.46859121322632,88.20162224769592,-8.583068478174027e-09,7.362366005736476e-08
1924.3447496163049,0.0,500.0,0.0,329,6580000,14,0.020544612780213356,0.00013549999999999953,892.2158190658897,96.67433553545075,-0.013277194568983419,84.58317779722087,0.0,62.32505011558533,32.09968590736389,94.4247374534607,2.38418573772492e-09,-1.6107559019928885e-07
1930.7241719626988,0.0,500.0,0.0,330,6600000,9,0.020598651841282845,0.00013499999999999954,804.0275354571575,98.45530391932803,-0.010305204438815937,85.52413182906915,0.0,61.74108958244324,19.424691915512085,81.16578316688538,-9.155273872352154e-09,-9.460449490461542e-08
1918.576566538332,0.0,500.0,0.0,331,6620000,5,0.020578693598508835,0.00013449999999999956,869.600989081532,98.5639642587485,-0.006251882111278776,85.61624649096602,0.0,63.341047048568726,11.257728576660156,74.59877729415894,2.813339339269305e-09,3.280639759850601e-08
1937.359916300761,0.0,500.0,0.0,332,6640000,12,0.02106870524585247,0.00013399999999999954,819.2818318083645,95.09256528259212,-0.012302370429476892,86.86700550156533,0.0,64.08458971977234,27.53836441040039,91.6229567527771,3.19480886190604e-09,-1.350402811794993e-07
1928.7099846460787,0.0,500.0,0.0,333,6660000,10,0.021874308586120605,0.00013349999999999956,747.8989262980014,91.75820350037596,-0.011541433933714684,88.66539604747638,0.0,58.73483633995056,20.566922664642334,79.30176115036011,6.580352707175052e-09,1.068115267344183e-07
1940.4497607460376,0.0,500.0,0.0,334,6680000,10,0.024042608216404915,0.00013299999999999955,744.5711563841603,93.09328204511453,-0.012071333971609489,90.5067152736286,0.0,61.628641843795776,22.08043909072876,83.70908284187317,4.100799699813251e-09,4.577636936176077e-09
1940.8698612527812,0.0,500.0,0.0,335,6700000,10,0.02048531174659729,0.00013249999999999953,681.4885395671613,96.68027432231476,-0.013073202325388217,92.13005501987836,0.0,60.83474826812744,21.10237193107605,81.93712115287781,-1.9073485846288207e-10,3.051757957450718e-08
1909.2688966539622,0.0,500.0,0.0,336,6720000,8,0.020110851153731346,0.00013199999999999955,853.7912604115642,114.42674125878575,-0.009706785199239839,93.38445667413096,0.0,60.42715120315552,18.497653245925903,78.92480611801147,1.430511542555024e-10,3.8146971692576415e-10
1920.1820661516279,0.0,500.0,0.0,337,6740000,7,0.020205069333314896,0.00013149999999999956,871.2001088019214,113.11390316578853,-0.008100827718905966,93.58242744922856,0.0,62.146430015563965,13.916390180587769,76.06282162666321,-4.291534239087014e-09,-1.0681151962899094e-08
1906.5493978765976,0.0,500.0,0.0,338,6760000,11,0.020016400143504143,0.00013099999999999955,774.6726633249726,114.41867496868292,-0.013901700874460002,95.27695832043375,0.0,65.29179406166077,24.250186443328857,89.54198288917542,5.531310964812519e-09,-6.256103546320446e-08
1921.2789265232477,0.0,500.0,0.0,339,6780000,8,0.021704014390707016,0.00013049999999999957,754.6211516407732,106.5129650682687,-0.008594813239284621,96.97466286912132,0.0,60.14926195144653,15.958484649658203,76.10774827003479,3.051757735406113e-09,5.6457519548303026e-08
1939.007869372681,0.0,500.0,0.0,340,6800000,9,0.021727286279201508,0.00012999999999999955,761.4188497839222,108.40355745477375,-0.009698118457261885,98.46298559024311,0.0,56.629436016082764,18.053916692733765,74.68335437774658,1.273155181280572e-08,2.4414061883248905e-08
1922.985184035489,0.0,500.0,0.0,341,6820000,10,0.02055750973522663,0.00012949999999999957,772.517015207309,109.94821703731061,-0.011480926620824554,100.52841861712666,0.0,56.41259050369263,21.317100763320923,77.72969269752502,-1.7166137400437265e-09,6.866454782539222e-08
1937.7731487632923,0.0,500.0,0.0,342,6840000,6,0.02176433801651001,0.00012899999999999958,906.2940969578882,88.46366008884483,-0.007663689745903507,102.06950152948642,0.0,55.95669674873352,11.020536422729492,66.97723436355591,6.484985437538171e-09,-2.1438599162593164e-07
1937.8486312663917,0.0,500.0,0.0,343,6860000,6,0.02034880593419075,0.00012849999999999957,923.7926932792948,97.9408286707089,-0.007740739874439601,102.65661277811621,0.0,61.32298421859741,13.240356206893921,74.56334209442139,-2.861023085110048e-10,3.051757735406113e-09
1948.0889115932957,0.0,500.0,0.0,344,6880000,6,0.02126990631222725,0.0001279999999999996,902.7565836718542,107.1906858206557,-0.0075399710611302375,103.74531528363212,0.0,61.34404230117798,12.930264949798584,74.27430868148804,-1.7642974858844696e-09,9.307861148499796e-08
1922.100449486095,0.0,500.0,0.0,345,6900000,5,0.02091299556195736,0.0001274999999999996,803.5858711218301,88.86706555643782,-0.005222585030084553,104.48847301836592,0.0,59.90638780593872,10.550532102584839,70.45692086219788,5.817413217812373e-09,-1.678466787780053e-08
1946.9913997150422,0.0,500.0,0.0,346,6920000,9,0.02015472948551178,0.00012699999999999962,941.3378558282443,91.82460088326992,-0.009703808575855382,104.55133145203352,0.0,59.37158513069153,19.846571922302246,79.21815872192383,6.961822673900997e-09,-1.5258788677030566e-09
1955.2136256501137,0.0,500.0,0.0,347,6940000,10,0.020073112100362778,0.00012649999999999963,708.5964424498927,88.39642187002748,-0.011416234666059098,104.47986424845247,0.0,58.04086947441101,21.50527787208557,79.54615020751953,-3.814697446813398e-09,-6.790160966829717e-08
1929.233261531231,0.0,500.0,0.0,348,6960000,6,0.020099932327866554,0.00012599999999999965,775.557888676945,89.22795873607437,-0.008072397009597514,105.02390121524961,0.0,61.04462766647339,12.52969765663147,73.57432651519775,3.8146971692576415e-10,-4.7683716530855236e-08
1943.973873467708,0.0,500.0,0.0,349,6980000,9,0.02179412543773651,0.00012549999999999966,756.129549621647,91.67033875627556,-0.010051155260033088,106.0408293209814,0.0,61.48731207847595,18.52681612968445,80.01412963867188,-6.43730180271973e-09,2.8228759774151513e-08
1934.470312117607,0.0,500.0,0.0,350,7000000,4,0.020069440826773643,0.00012499999999999968,826.3661060516065,88.76686519708116,-0.006861242715986416,107.56150483323363,0.0,64.05382990837097,8.910216093063354,72.9640474319458,-7.20024129208241e-09,-8.373260840244257e-08
1953.0412490098765,0.0,500.0,0.0,351,7020000,9,0.021347589790821075,0.00012449999999999967,750.3503464660536,86.59436394282169,-0.00980390830776784,36.429144778402296,0.0,63.16285443305969,20.180801391601562,83.34365749359131,1.034736651917001e-08,3.852844088214624e-08
1950.0842271543327,0.0,500.0,0.0,352,7040000,9,0.022985488176345825,0.00012399999999999965,672.7539753993437,81.70810760942214,-0.010349547512297686,38.021624952755715,0.0,60.26472544670105,19.35632300376892,79.62105011940002,-1.1682510070443186e-08,6.256103546320446e-08
1934.7150711400045,0.0,500.0,0.0,353,7060000,6,0.022398196160793304,0.00012349999999999967,691.7490993089442,84.87419391262392,-0.00789071824880172,39.640915623869,0.0,59.6238214969635,17.022960662841797,76.64678382873535,-8.77380390562621e-09,8.239746307481255e-08
1971.6026829846578,0.0,500.0,0.0,354,7080000,8,0.022120501846075058,0.00012299999999999966,774.9004025200304,80.69586416250601,-0.007582545677867953,40.80637626526074,0.0,62.51156687736511,16.458545207977295,78.97011351585388,1.8978118632162477e-08,6.713867151120212e-08
1969.7097294819846,0.0,500.0,0.0,355,7100000,6,0.022324293851852417,0.00012249999999999967,732.9760042785709,84.62335330203446,-0.006954872018148819,41.77881548376764,0.0,61.25446367263794,13.569095134735107,74.82356071472168,-6.1988831845383174e-09,-3.757476818577743e-08
1980.0266577665927,0.0,500.0,0.0,356,7120000,9,0.021399158984422684,0.00012199999999999967,681.889555844763,79.01094122613453,-0.009649619315134313,42.88167224270594,0.0,63.28629016876221,15.857465267181396,79.14375638961792,-1.2636184543168838e-08,-1.4991759655913484e-07
1959.1809060819337,0.0,500.0,0.0,357,7140000,8,0.02038825862109661,0.00012149999999999967,711.4167221849337,78.69738041326261,-0.008161358777139806,44.02397286320647,0.0,54.31639552116394,16.777762413024902,71.09415888786316,-1.4972686201986107e-08,4.1961669694501325e-08
1968.6437453976148,0.0,500.0,0.0,358,7160000,8,0.02125902660191059,0.00012099999999999967,656.0269316895701,78.0129515004996,-0.00912584598639611,44.948911685151415,0.0,63.156651973724365,16.872289419174194,80.02894330024719,4.768371461572052e-11,-2.1934509319976314e-08
1957.0908101609239,0.0,500.0,0.0,359,7180000,5,0.020512374117970467,0.00012049999999999968,829.9480129839133,76.57715992790442,-0.005219950771387726,45.75935764251806,0.0,64.69042301177979,10.132404327392578,74.82282853126526,-1.6212463593845428e-09,3.8146971692576415e-10
1971.43559827188,0.0,500.0,0.0,360,7200000,8,0.021007874980568886,0.00011999999999999968,698.6836095328529,76.79294124883585,-0.008620681894828562,46.85982586095889,0.0,61.43930745124817,17.381187677383423,78.82049655914307,-1.8596648665436533e-09,2.9754637864698452e-08
1971.5593765737126,0.0,500.0,0.0,361,7220000,5,0.02088351361453533,0.00011949999999999968,662.95586721402,74.91083506623777,-0.006612431558411414,48.38083497068752,0.0,61.34977078437805,10.479735851287842,71.82950758934021,3.361702027859792e-09,2.3651123726153855e-08
1966.7522696741821,0.0,500.0,0.0,362,7240000,8,0.021727506071329117,0.00011899999999999968,607.8251940693718,78.28762933469048,-0.010147585380508507,49.654738573982314,0.0,60.01220178604126,17.842570543289185,77.85477375984192,-1.430511542555024e-10,2.2888183792701966e-08
1969.78317717364,0.0,500.0,0.0,363,7260000,4,0.020361490547657013,0.00011849999999999968,690.1281556687035,74.1393246513586,-0.0059894460518234455,50.444909074435984,0.0,60.71236228942871,8.459932327270508,69.17229580879211,-1.5258788677030566e-09,-4.615783666395146e-08
1971.2296635377322,0.0,500.0,0.0,364,7280000,7,0.02023780532181263,0.00011799999999999968,664.6346679854644,78.64639374503585,-0.00805026348612247,50.76576233606587,0.0,56.68521428108215,14.441567659378052,71.12678337097168,2.574920721087892e-09,1.3160705414350105e-08
1955.6552643426617,0.0,500.0,0.0,365,7300000,4,0.020203106105327606,0.00011749999999999968,690.3598655237557,78.1472727376432,-0.0026288552450748105,51.329177033786955,0.0,61.36108446121216,8.514799118041992,69.87588453292847,4.768371808516747e-10,-6.866454960174906e-09
1955.428811032753,0.0,500.0,0.0,366,7320000,10,0.02053535170853138,0.00011699999999999969,640.288803519837,73.26147609259755,-0.009575825213073803,52.375458570486444,0.0,58.141493797302246,20.683722972869873,78.82521796226501,-2.574920721087892e-09,5.340575981449547e-09
1948.2776295657459,0.0,500.0,0.0,367,7340000,8,0.02225729264318943,0.00011649999999999969,692.4872174369641,74.47538494835266,-0.009631601088518908,53.28300087749006,0.0,62.473567962646484,19.029235363006592,81.50280451774597,1.3351439953623867e-09,-7.629394893626795e-09
1973.814185391146,0.0,500.0,0.0,368,7360000,6,0.020966799929738045,0.00011599999999999969,625.275496835272,76.01818121076265,-0.00636647461221233,54.066186330062,0.0,59.96804165840149,13.137867450714111,73.10591053962708,1.4066696696346526e-09,1.2207031829802872e-07
1964.0329196987282,0.0,500.0,0.0,369,7380000,7,0.02254369854927063,0.00011549999999999969,742.1768536273881,75.40575432962395,-0.0066305401970707615,54.44268426411993,0.0,60.308485984802246,15.451126098632812,75.75961351394653,4.339218317994664e-09,4.577636936176077e-09
1975.6081685079444,0.0,500.0,0.0,370,7400000,9,0.020124902948737144,0.00011499999999999969,742.1682650640919,77.4334387801241,-0.008352962694301762,54.77080145346005,0.0,58.00567317008972,18.937597036361694,76.94327116012573,-3.19480886190604e-09,-2.7656554379973386e-08
1975.0738296910076,0.0,500.0,0.0,371,7420000,4,0.020332764834165573,0.00011449999999999969,700.5630699864591,76.33501395326073,-0.0031679691888165835,55.757396198309266,0.0,58.62526488304138,9.49577021598816,68.12103605270386,4.959106458812812e-09,-3.204345588869728e-08
1980.801017657818,0.0,500.0,0.0,372,7440000,7,0.02025695890188217,0.0001139999999999997,696.4496204370997,73.64080914663214,-0.007968390219777292,56.25111901036467,0.0,62.425721406936646,14.782091617584229,77.20781421661377,4.291534239087014e-09,-2.479553229406406e-09
1976.019953011292,0.0,500.0,0.0,373,7460000,4,0.024225350469350815,0.0001134999999999997,751.5302262473792,72.50345141742937,-0.0036020445300432775,56.81519096423262,0.0,67.97286486625671,11.733940601348877,79.70680665969849,-1.3351439953623867e-09,3.7193299107229905e-08
1985.2495691558627,0.0,500.0,0.0,374,7480000,6,0.020758040249347687,0.0001129999999999997,756.724802344244,71.99284751778339,-0.007048040298527827,57.305879588832994,0.0,64.66880393028259,15.417195081710815,80.08600091934204,1.239776614703203e-09,3.356933575560106e-08
1976.4142263607016,0.0,500.0,0.0,375,7500000,6,0.021779116243124008,0.0001124999999999997,676.721083229723,75.84283268921419,-0.006505554575977413,57.90650222705195,0.0,71.35906314849854,12.490206003189087,83.84927034378052,-1.907348723406699e-09,-8.726119915536401e-08
1955.4112582784558,0.0,500.0,0.0,376,7520000,10,0.02310979925096035,0.0001119999999999997,650.9370427530795,74.96653097231929,-0.011858321078785192,58.91979216066793,0.0,60.831841707229614,20.86964750289917,81.70149111747742,2.241134611224993e-09,-5.7220457705398076e-08
1974.3554654422383,0.0,500.0,0.0,377,7540000,11,0.020228059962391853,0.0001114999999999997,684.0429599306592,74.863251951175,-0.011330558988610578,59.597301351307365,0.0,60.870612382888794,26.006224632263184,86.8768379688263,2.479553229406406e-09,1.831054774470431e-08
1964.6847569576057,0.0,500.0,0.0,378,7560000,6,0.021245606243610382,0.0001109999999999997,718.6188883268541,72.72011220442474,-0.0066498563524744255,60.20320949006005,0.0,59.879499673843384,12.917406797409058,72.7969081401825,9.536742923144104e-11,7.629394893626795e-09
1982.78237424207,0.0,500.0,0.0,379,7580000,8,0.021966129541397095,0.0001104999999999997,670.8561147744663,72.04959828099504,-0.008845140290250943,61.69205487650424,0.0,60.49874567985535,16.738820552825928,77.23756766319275,2.9087066089061864e-09,-8.392333938900265e-09
1983.3758204417747,0.0,500.0,0.0,380,7600000,9,0.02114703878760338,0.0001099999999999997,723.1289460842686,68.78787690102736,-0.0098333009041781,62.8096612111702,0.0,58.498515605926514,18.539915561676025,77.03843259811401,1.668930060816365e-08,-2.2888184680880386e-09
1982.1010404335734,0.0,500.0,0.0,381,7620000,10,0.020086657255887985,0.00010949999999999971,684.0098564367324,74.09615616234727,-0.010316145015931049,63.74467374052102,0.0,58.31447434425354,19.226518630981445,77.5409939289093,-2.336502102906479e-09,3.051757735406113e-09
1995.4743485148422,0.0,500.0,0.0,382,7640000,7,0.021780813112854958,0.00010899999999999971,612.9534451908197,72.82283443623294,-0.00734560737949135,64.49088824301319,0.0,63.49975395202637,17.001396656036377,80.50115275382996,-2.0980834847250662e-09,-2.8991699707603402e-08
1965.749371985769,0.0,500.0,0.0,383,7660000,10,0.020028194412589073,0.00010849999999999971,583.0293544293974,72.62136034736999,-0.010655124288516494,65.81801928681688,0.0,70.82035517692566,31.94683003425598,102.76718783378601,2.0265579436795633e-08,3.051757957450718e-08
1970.6013787616077,0.0,500.0,0.0,384,7680000,14,0.023257404565811157,0.00010799999999999971,645.7942563522248,71.22048060418481,-0.010625264173429265,67.05243837294759,0.0,59.21564245223999,28.947224855422974,88.16286826133728,-7.152557435219364e-10,8.77380390562621e-09
1986.782822508899,0.0,500.0,0.0,385,7700000,7,0.02133765257894993,0.00010749999999999971,603.701848178517,69.60528049616985,-0.008542264336788119,67.86386798212703,0.0,60.4947395324707,14.48843765258789,74.98317885398865,7.152557435219364e-10,-2.155304024142879e-08
1988.05542253788,0.0,500.0,0.0,386,7720000,7,0.02040732651948929,0.00010699999999999971,708.3888499104557,68.22208640805013,-0.006939972950092894,68.19970521008463,0.0,60.24181413650513,14.785560131072998,75.02737522125244,-2.8252602479739153e-09,-6.103515470812226e-09
1984.2626378076905,0.0,500.0,0.0,387,7740000,11,0.020140158012509346,0.00010649999999999972,612.030011463193,69.71173651454548,-0.011608010954422389,69.19436286972804,0.0,55.86838459968567,24.06527280807495,79.93365859985352,-6.675719976811934e-10,-2.8991699707603402e-08
1966.7995255158196,0.0,500.0,0.0,388,7760000,11,0.021481184288859367,0.00010599999999999972,694.4100390990183,67.37866630077778,-0.012935403369815066,70.50601805665623,0.0,59.582430362701416,23.959270000457764,83.54170155525208,-2.479553229406406e-09,9.155273872352154e-09
1974.2836186215857,0.0,500.0,0.0,389,7780000,8,0.021199673414230347,0.00010549999999999972,874.7805135806148,66.53672574808041,-0.010631321313658569,71.2777716785955,0.0,65.13687705993652,16.526975870132446,81.66385459899902,-2.6702879907247734e-09,1.5258788677030566e-09
1965.0627095202967,0.0,500.0,0.0,390,7800000,7,0.021189136430621147,0.00010499999999999972,710.3205707224467,69.58595609991369,-0.008704145713987714,71.99373030564601,0.0,61.63766264915466,15.531033992767334,77.16869759559631,-9.059906158626063e-10,-3.433227391269611e-08
1970.7935742599316,0.0,500.0,0.0,391,7820000,7,0.021222945302724838,0.00010449999999999972,731.0006530984576,67.64745020202609,-0.008708643456555424,72.66859650535706,0.0,61.34915041923523,16.554003477096558,77.90315556526184,3.2424927187690855e-09,2.1362303925798187e-08
1975.670845378971,0.0,500.0,0.0,392,7840000,8,0.020826779305934906,0.00010399999999999972,787.7478455613597,67.26601136454379,-0.009374641604682866,73.4194718565042,0.0,61.300004720687866,17.392464876174927,78.69247078895569,3.337859988405967e-10,-9.53674295089968e-09
1971.0492151204169,0.0,500.0,0.0,393,7860000,10,0.020008433610200882,0.00010349999999999972,644.3310220444164,68.25849415958879,-0.01055672425135506,74.77355247473183,0.0,58.66109490394592,18.914823293685913,77.57591962814331,-2.1219253021342865e-09,1.1062621929625038e-08
1969.8876128784934,0.0,500.0,0.0,394,7880000,8,0.02083268202841282,0.00010299999999999973,614.6558079094932,66.39275215380489,-0.009936330393670846,76.01008029182117,0.0,56.56676530838013,17.259090662002563,73.82585716247559,-1.430511542555024e-10,-1.0299682884351569e-08
1972.7362635033903,0.0,500.0,0.0,395,7900000,11,0.021286513656377792,0.00010249999999999973,650.3261730538667,64.83562839207801,-0.011749774172703021,76.50121233139902,0.0,60.99065399169922,23.73330545425415,84.72396039962769,1.1444092340440193e-09,1.3351439953623867e-09
1975.090663313964,0.0,500.0,0.0,396,7920000,8,0.020500587299466133,0.00010199999999999973,682.0278696419713,64.87536896074923,-0.01023808094232489,77.56141204346483,0.0,63.134997844696045,17.316316604614258,80.45131540298462,-8.583068700218632e-10,3.8146971692576415e-10
1978.1945612055267,0.0,500.0,0.0,397,7940000,9,0.02226828597486019,0.00010149999999999973,743.3175156295067,64.90149063500353,-0.00965568100961496,79.59455609956362,0.0,65.2958493232727,21.840880870819092,87.13673233985901,1.5258788677030566e-09,5.7220459481754915e-09
1974.517583265058,0.0,500.0,0.0,398,7960000,10,0.021013449877500534,0.00010099999999999973,668.1843587662084,65.88942067447942,-0.009037156869395496,80.95778768862398,0.0,60.052003145217896,21.9354248046875,81.98742985725403,4.577636936176077e-09,1.4495849853801701e-08
1968.4278337921314,0.0,500.0,0.0,399,7980000,10,0.020024824887514114,0.00010049999999999973,680.8462395128731,64.0572503549984,-0.010030642784715365,81.5281600781523,0.0,57.940600633621216,20.95700430870056,78.89760684967041,9.441375681262798e-09,1.2207030941624453e-08
1978.94598551847,0.0,500.0,0.0,400,8000000,8,0.021039526909589767,9.999999999999973e-05,699.0467204864794,63.27328513910214,-0.009403320950937245,82.54831533462476,0.0,58.841992139816284,17.273078680038452,76.11507248878479,1.430511542555024e-10,1.5258788677030566e-09
942.7083865261189,0.0,500.0,0.0,401,8020000,16,0.020650319755077362,9.949999999999974e-05,2711.461608496718,174.551447067017,-0.012983265118364739,24.21328674870939,0.0,61.6000874042511,32.827935457229614,94.4280252456665,1.1444091896350983e-08,-1.2817382355478912e-07
574.0693301704015,0.0,500.0,0.0,402,8040000,12,0.021037632599473,9.899999999999974e-05,1446.599858203762,109.35128200600069,-0.014408124719696323,26.015519245744894,0.0,59.47188377380371,30.199713706970215,89.67159867286682,-8.106231796922714e-10,-5.035400363340159e-08
599.143804367199,0.0,500.0,0.0,403,8060000,14,0.021119210869073868,9.849999999999974e-05,1215.9970951541707,91.6908440635608,-0.0144992864381272,27.680789557944035,0.0,62.00043821334839,30.67006015777588,92.67049980163574,-2.479553229406406e-09,-2.2354126372192695e-07
608.2695773887624,0.0,500.0,0.0,404,8080000,12,0.020126592367887497,9.799999999999974e-05,1217.5574975140687,83.54303427829275,-0.012675699628507708,29.10449881040758,0.0,63.18100428581238,26.02310824394226,89.20411491394043,-7.057189943537878e-09,2.2888183792701966e-08
356.8940284186506,50.82875,500.0,0.0,405,8100000,7,0.049485549330711365,9.749999999999974e-05,586844.4612801995,25627.38378276677,0.0030268433432395275,29.644475604344155,6689.5,61.92302370071411,14.539502143859863,76.46252655982971,1.1444092340440193e-09,1.025390588438313e-06
-2508.5021798908647,618.1212499999999,500.0,0.0,406,8120000,12,0.020292911678552628,9.699999999999974e-05,1756.5240052114534,195.2623142713683,-0.015084934300315071,30.59836130731276,0.0,59.17645716667175,25.367396593093872,84.54385495185852,-7.820129432900558e-09,1.5258788721439487e-07
616.3676155339991,0.0,500.0,0.0,407,8140000,16,0.02103305608034134,9.649999999999974e-05,1222.2587090879204,133.0587786607468,-0.017274510044159707,32.45940095966997,0.0,59.88390803337097,33.86427664756775,93.7481861114502,0.0,-1.3427734302240424e-07
632.6049832278925,0.0,500.0,0.0,408,8160000,14,0.02031351439654827,9.599999999999974e-05,805.2271345687859,90.39238729176593,-0.014739973393737733,34.86040600855456,0.0,63.30350089073181,29.43325424194336,92.73675608634949,-7.438659466174613e-09,1.2969971407983394e-07
635.6430524345202,0.45,500.0,0.0,409,8180000,15,0.02125084586441517,9.549999999999975e-05,808.2770064771366,87.75122236469176,-0.01633263105096115,37.25983950418913,0.0,58.60069227218628,31.8836510181427,90.48434495925903,1.0490417423625331e-09,4.062652436687131e-08
671.8149525734407,0.0,500.0,0.025,410,8200000,8,0.02008896693587303,9.499999999999975e-05,949.7867219577582,88.03221188414211,-0.009688466800727878,38.708981596242886,0.0,60.859830141067505,16.770606756210327,77.6304383277893,4.625320570994518e-09,7.400512913591228e-08
-1800.1632971085342,486.225,500.0,0.0,411,8220000,3,0.024519039317965508,9.449999999999975e-05,568553.6559770643,23730.423010902283,-0.0049969024020936476,39.23827697217655,0.0,62.537641763687134,6.73496150970459,69.2726047039032,2.0980834847250662e-09,-6.103515470812226e-09
633.5207520452295,0.0,500.0,0.0,412,8240000,11,0.021552380174398422,9.399999999999975e-05,5469.699630715146,177.85932279304816,-0.011980997217600533,39.58053016496404,0.0,57.02432441711426,24.429444551467896,81.45377016067505,2.479553229406406e-09,2.0751953400122147e-07
624.9261442496811,0.0,500.0,0.0,413,8260000,10,0.020180756226181984,9.349999999999975e-05,3313.3065076541598,140.362246381132,-0.011983388276940312,40.97668982070094,0.0,60.06727957725525,20.746948957443237,80.81422972679138,3.814697446813398e-09,1.2207030941624453e-08
642.0290201641902,0.0,500.0,0.0,414,8280000,12,0.022727902978658676,9.299999999999975e-05,2525.4244521915975,136.00762374357927,-0.012525180975472132,41.857239162579134,0.0,61.050272941589355,25.325427770614624,86.37570238113403,4.00543198608716e-09,-5.493163968139925e-08
647.5332723891937,0.0,500.0,0.0,415,8300000,13,0.020721856504678726,9.249999999999975e-05,1881.1011900715466,108.42991911090543,-0.013858835508430761,43.37565931356284,0.0,62.28229522705078,30.885207176208496,93.16750431060791,0.0,-1.525878978725359e-08
627.746852833596,0.0,500.0,0.0,416,8320000,11,0.021213363856077194,9.199999999999976e-05,1852.6570554052437,113.06037259773566,-0.01273943462067982,45.00525839786491,0.0,64.3141222000122,25.17254376411438,89.4866669178009,-1.1444092340440193e-09,-4.2724607851596375e-08
638.7913036524246,0.0,500.0,0.0,417,8340000,14,0.02135867066681385,9.149999999999976e-05,1647.996049470958,116.25226256641717,-0.013837340232446052,46.60815700860069,0.0,58.745235443115234,31.135619401931763,89.88085603713989,-2.2888184680880386e-09,-2.7465819840699623e-08
531.6603310035114,19.525,500.0,0.0,418,8360000,12,0.02229883521795273,9.099999999999976e-05,2097.4058512564793,110.3752940536434,-0.01522038905674054,47.75294395300527,0.0,64.01290941238403,26.598003387451172,90.61091423034668,-5.531310964812519e-09,2.7465819840699623e-08
-2731.983526930174,669.45,500.0,0.0,419,8380000,2,0.08616451174020767,9.049999999999976e-05,940592.8104563948,39194.52059664742,0.014919189788317813,48.18095422933658,0.0,58.688364028930664,4.510238885879517,63.19860506057739,8.440017573718706e-09,9.765624753299562e-08
602.0658863900478,0.0,500.0,0.0,420,8400000,10,0.020637864246964455,8.999999999999976e-05,9046.693981563092,158.20018372215782,-0.010647758112970394,49.01014997829645,0.0,63.00243020057678,20.809628009796143,83.81205940246582,6.675720420901143e-09,-5.493163968139925e-08
-2035.4575193388737,531.025,500.0,0.0,421,8420000,2,0.02240920625627041,8.949999999999976e-05,596293.6950196093,21571.30047261296,0.006901498518723507,49.709034654659966,0.0,60.78880739212036,3.914849042892456,64.70365762710571,-3.0994415922691587e-09,-8.78906234902388e-07
664.5096596342526,0.0,500.0,0.0,422,8440000,13,0.02033018320798874,8.899999999999976e-05,11728.270135676546,183.28905931999185,-0.011730394892806074,50.28791082517671,0.0,59.55370759963989,28.938352346420288,88.49206066131592,7.820129432900558e-09,1.5258788721439487e-07
668.5775396313508,0.0,500.0,0.0,423,8460000,11,0.020328795537352562,8.849999999999977e-05,9953.872337410003,131.60619756214984,-0.009044680827452266,51.676908750642085,0.0,64.03296041488647,25.453264951705933,89.48622703552246,5.531310964812519e-09,-1.525878978725359e-08
620.9863488402245,0.0,500.0,0.0,424,8480000,9,0.02055330015718937,8.799999999999977e-05,6603.728363156276,139.87708789742834,-0.011540504850934495,52.98174140857051,0.0,59.79613423347473,22.12538981437683,81.92152500152588,-1.7166137400437265e-09,-2.1362303925798187e-08
603.3388836693409,0.0,500.0,0.0,425,8500000,8,0.020487889647483826,8.749999999999977e-05,6360.908024943294,124.2809420591726,-0.00873684030710184,54.16274079423362,0.0,56.982319593429565,17.731289625167847,74.71361017227173,3.8146971692576415e-10,4.425048771850015e-08
-209.09908989282764,165.35,500.0,0.0,426,8520000,15,0.020104460418224335,8.699999999999977e-05,118462.88079766385,5915.103669406456,-0.011562421983177352,55.91402053751757,0.0,61.5582435131073,33.03968405723572,94.59792947769165,-1.2636184321124233e-09,2.1057128662960167e-07
-1284.810782818276,381.79875000000004,500.0,0.0,427,8540000,1,0.03213457763195038,8.649999999999977e-05,580238.8825246793,24952.486273963612,0.005935981716460789,57.57953463423367,4491.75,55.91110301017761,1.8039097785949707,57.7150137424469,6.771087690538025e-09,-5.493163826031378e-07
284.9432600355416,67.37625,500.0,0.0,428,8560000,2,0.025315232574939728,8.599999999999977e-05,12802.406791321386,199.98903708412243,0.005180215597682344,58.23093865854671,0.0,58.23763847351074,4.504196643829346,62.74183678627014,-4.1961669694501325e-09,6.408691177739456e-08
604.57952170186,0.0,500.0,0.0,429,8580000,6,0.020649343729019165,8.549999999999977e-05,11255.918524046421,182.3259944611083,-0.0074160854960469424,59.43068390380079,0.0,60.423171520233154,12.266249418258667,72.6894223690033,1.907348723406699e-09,1.1749267514460371e-07
631.2050076738408,0.0,500.0,0.0,430,8600000,13,0.02320072427392006,8.499999999999978e-05,12437.697201334835,187.26490441503032,-0.012355865427936272,61.59905345388934,0.0,59.47297263145447,29.210370779037476,88.683345079422,8.964538444899972e-09,0.0
630.6182718562382,0.0,500.0,0.0,431,8620000,10,0.021172678098082542,8.449999999999978e-05,8295.817080951727,144.37914538886218,-0.009977606342831692,63.77470544930845,0.0,62.95982551574707,22.630061864852905,85.58988833427429,-1.5258788677030566e-09,2.5939941750152684e-08
-2606.953795041925,646.825,500.0,0.0,432,8640000,1,0.1095607653260231,8.399999999999978e-05,678932.657828724,33006.134674535395,0.014985318221270848,64.81922154533216,0.0,62.33579707145691,2.075972080230713,64.41177082061768,3.9577483512687195e-09,8.911133022593276e-07
-1714.1709159657125,467.8950000000001,500.0,0.0,433,8660000,5,0.02214479260146618,8.349999999999978e-05,1190788.0001120083,41747.75745329933,0.003920017617097059,65.01312991498759,7798.25,67.88252472877502,14.712087392807007,82.59461450576782,-4.148483334631692e-09,-7.324218813664629e-07
-1065.310856247222,338.5400000000001,500.0,0.025,434,8680000,6,0.022636620327830315,8.299999999999978e-05,46801.91031985542,2330.936360096144,-0.005070245645730037,65.36189559676522,887.0,66.60840702056885,12.212601661682129,78.82100987434387,-4.1961669694501325e-09,-1.4648438195763447e-07
-3469.401476378994,819.165,500.0,0.0,435,8700000,1,0.1274186670780182,8.249999999999978e-05,785032.7596759248,32104.79116248475,0.03428514419903104,65.53073778243872,0.0,58.957409620285034,2.118267297744751,61.07567811012268,-4.863739189175931e-09,4.39453117451194e-07
654.1229620451846,0.0,500.0,0.0,436,8720000,9,0.0202865619212389,8.199999999999978e-05,11579.028333637534,211.9343040961935,-0.008973899937473188,67.11468865797796,0.0,56.8372859954834,18.36079168319702,75.19807887077332,-1.1444092340440193e-09,-2.1362303925798187e-08
-2040.437443272481,538.0925,500.0,0.0,437,8740000,37,0.018691616132855415,8.149999999999979e-05,629738.8961678523,14964.352280566281,-0.004486136310574225,68.0735501716837,9783.5,62.924779176712036,84.29721260070801,147.22199368476868,6.484985437538171e-09,7.202148708529421e-07
-1548.4085572529711,440.2575,500.0,0.0,438,8760000,18,0.020067930221557617,8.099999999999979e-05,139894.8195749648,13618.966429569893,-0.012767935940882744,70.59887296238561,0.0,60.634562969207764,39.018747329711914,99.653311252594,6.103515470812226e-09,2.4414063659605745e-07
650.7814379594327,0.0,500.0,0.0,439,8780000,9,0.021388547495007515,8.049999999999979e-05,81133.33156203547,6460.782564563366,-0.010260724506209008,72.28345615981443,0.0,61.292359828948975,19.051344633102417,80.34370589256287,6.675720420901143e-09,1.2207031829802872e-07
603.35404136458,0.0,500.0,0.0,440,8800000,12,0.020013531669974327,7.999999999999979e-05,51048.536436363276,3527.8343327393295,-0.009895044612696769,72.84271991189422,0.0,59.05865240097046,24.085639238357544,83.14429235458374,1.1444092340440193e-09,-1.3427734302240424e-06
610.5375428228672,0.0,500.0,0.0,441,8820000,8,0.021710943430662155,7.949999999999979e-05,44286.07846439837,2698.134172140981,-0.008300895927739464,74.01209238009712,0.0,61.296326875686646,16.783807039260864,78.08013558387756,1.3351439953623867e-09,4.1503906800244295e-07
640.8362164728466,0.0,500.0,0.0,442,8840000,8,0.021407149732112885,7.899999999999979e-05,37878.0963665167,2535.7440442460033,-0.008019666534200602,74.59256088695587,0.0,58.75793385505676,15.746849775314331,74.50478553771973,5.531310964812519e-09,4.1503906800244295e-07
624.4008720324194,0.0,500.0,0.0,443,8860000,17,0.021336933597922325,7.84999999999998e-05,12611.965132614563,1945.1946758534805,-0.013079290889102733,74.77221885154938,0.0,63.55071496963501,37.175777435302734,100.72649335861206,-3.433227480087453e-09,2.9296876391526894e-07
645.6836396576513,0.0,500.0,0.0,444,8880000,7,0.02112412638962269,7.79999999999998e-05,10305.08064340359,992.6822639580244,-0.010105956732607878,76.05705766142475,0.0,69.85742902755737,14.534751653671265,84.39218235015869,-2.9945372403972215e-08,-1.4038086249001935e-07
436.85127635113787,41.575,500.0,0.0,445,8900000,19,0.021652735769748688,7.74999999999998e-05,22367.609419911692,2435.81918709054,-0.01293186832859715,78.93715595497451,0.0,60.50054883956909,40.75009822845459,101.250648021698,1.4019012617438875e-08,-7.324219097881723e-08
641.4074020560432,0.0,500.0,0.0,446,8920000,14,0.020083598792552948,7.69999999999998e-05,4607.874227714451,287.9887104356523,-0.01387920570962551,80.76607087560572,0.0,59.446423053741455,30.027179956436157,89.47360467910767,-1.0776520120714395e-08,-3.479003964912408e-07
653.523592815404,0.0,500.0,0.0,447,8940000,18,0.022936124354600906,7.64999999999998e-05,2984.7126223043133,283.8888966198462,-0.017567705741415994,82.63717152355494,0.0,66.48150825500488,47.868292808532715,114.34980392456055,1.0061263822080946e-08,3.387451101843908e-07
-4047.8311975350575,931.4,500.0,0.0,448,8960000,37,0.015924183651804924,7.59999999999998e-05,504709.708437172,33351.6811636854,-0.0003675697539638615,82.61009062943336,0.0,61.827547550201416,95.46894264221191,157.2964928150177,2.1934509764065524e-09,1.59912110575533e-06
-4719.768373827641,1064.65,500.0,0.0,449,8980000,37,0.02162059396505356,7.54999999999998e-05,669042.9613970687,5640.870880685603,-0.0021725341530661334,84.65676094676411,0.0,62.64550995826721,80.167062997818,142.81257390975952,9.536742923144104e-11,7.934570021461695e-06
640.8301403731532,0.0,500.0,0.0,450,9000000,12,0.020084800198674202,7.49999999999998e-05,45000.38817618373,1923.4214615989417,-0.011854656466408866,86.96581571780074,0.0,66.44900250434875,25.25562047958374,91.70462441444397,-7.629394338515283e-10,-3.41796862812771e-07
628.4374235458006,0.0,500.0,0.0,451,9020000,13,0.020305510610342026,7.44999999999998e-05,23747.82884266184,1755.4071765973722,-0.01186731518747486,32.27654816061954,0.0,60.882758378982544,25.98084831237793,86.86360764503479,3.051757735406113e-09,3.6621094068323146e-07
616.0840806853954,0.0,500.0,0.025,452,9040000,15,0.020049354061484337,7.39999999999998e-05,19434.434259533704,1940.9460294355854,-0.01264192608182137,33.87888019874581,0.0,60.51145148277283,34.050771713256836,94.5622251033783,-7.2479249269008506e-09,0.0
-2663.4489460197483,657.125,500.0,0.0025,453,9060000,30,0.02072312869131565,7.349999999999981e-05,482009.98614443454,8035.138087081503,-0.006221193316813134,35.68302895746038,0.0,58.157116651535034,73.10052347183228,131.25764107704163,5.769729582993932e-09,2.136230477844947e-06
645.1748056191735,0.0,500.0,0.0225,454,9080000,15,0.02206668071448803,7.299999999999981e-05,111511.81279926076,9529.119728629505,-0.011137543516570784,37.68317810399844,0.0,61.47521686553955,33.468990325927734,94.94420957565308,1.5258788677030566e-09,2.4414063659605745e-07
-3615.3170263015977,850.425,500.0,0.0,455,9100000,25,0.020026545971632004,7.249999999999981e-05,500808.3299460707,27392.571938907513,-0.003924304570752782,39.01247814093154,0.0,63.04298210144043,52.81562924385071,115.85861253738403,-1.907348723406699e-09,8.300781360048859e-07
611.3335047955927,0.0,500.0,0.0,456,9120000,14,0.022144610062241554,7.199999999999981e-05,86658.0905055817,2160.830010720988,-0.012392359889239509,40.42064836154731,0.0,62.810993909835815,30.200774431228638,93.01176953315735,-2.2888184680880386e-09,1.9531249506599124e-07
616.3730443098099,0.0,500.0,0.0,457,9140000,12,0.020497217774391174,7.149999999999981e-05,64022.317306047305,1222.454342607492,-0.012281771157201206,41.752994891807546,0.0,59.27980852127075,28.34346103668213,87.62327218055725,-5.7220459481754915e-09,-3.2043456599240017e-07
617.7955844972803,0.0,500.0,0.0,458,9160000,11,0.020031139254570007,7.099999999999981e-05,29910.430604746893,822.1359405916443,-0.011236301761711864,43.2120353450548,0.0,60.853798627853394,24.486461639404297,85.34026193618774,1.5258788677030566e-09,-7.690429697504442e-07
649.8273958442578,0.0,500.0,0.0,459,9180000,14,0.02054576389491558,7.049999999999982e-05,31666.898468755793,1050.9042439637037,-0.01033544407943659,44.67757779134022,0.0,55.813260316848755,33.24301886558533,89.05628037452698,2.479553229406406e-09,3.6010743542647106e-07
647.3951297389242,0.0,500.0,0.0,460,9200000,8,0.02030281350016594,6.999999999999982e-05,25705.91841388739,854.3063318721784,-0.009690898400006113,45.869244743079044,0.0,62.20777344703674,16.572112560272217,78.77988719940186,1.5258788677030566e-09,3.6621094068323146e-07
374.37096577986676,50.9375,500.0,0.0,461,9220000,17,0.02010197937488556,6.949999999999982e-05,78990.21849633876,2957.889615488151,-0.012247652374277985,47.42984711436082,1018.75,59.728132486343384,35.90865516662598,95.63678860664368,4.744529658040619e-09,1.925659262269619e-06
390.41784922243016,50.9375,500.0,0.0,462,9240000,21,0.021069925278425217,6.899999999999982e-05,26464.7574271233,1969.982062804795,-0.015543513868530317,49.82666349621391,0.0,59.12381196022034,45.570796728134155,104.69461035728455,2.479553229406406e-09,2.4414063659605745e-07
658.4382303937807,0.0,500.0,0.0,463,9260000,15,0.02020416595041752,6.849999999999982e-05,19269.358100268735,1452.0983780118477,-0.012918257923460545,51.454944855971334,0.0,59.40652537345886,32.87659001350403,92.28311705589294,1.6117095213985522e-08,-4.882812376649781e-08
626.4773477452743,0.0,500.0,0.0,464,9280000,20,0.021791059523820877,6.799999999999982e-05,13549.519789703661,1244.2805467014496,-0.015009208213717947,53.7582904681611,0.0,62.124369621276855,43.23079061508179,105.3551619052887,3.2424927187690855e-09,-1.3427734302240424e-07
615.5058523043538,0.0,500.0,0.0,465,9300000,18,0.020303713157773018,6.749999999999982e-05,23534.517470874725,1006.6740932119286,-0.011527655765554416,55.96808139813213,0.0,60.68052625656128,40.3272430896759,101.00777101516724,-1.1825561863076928e-08,2.4414063659605745e-07
630.0643839038196,0.0,500.0,0.0,466,9320000,13,0.020135555416345596,6.699999999999983e-05,5831.984314174844,403.95095145693574,-0.012730340734050941,57.71687547895122,0.0,60.4870069026947,25.228026628494263,85.7150342464447,5.574226236149116e-08,8.605957191321068e-07
648.426483207558,0.0,500.0,0.025,467,9340000,22,0.02051314152777195,6.649999999999983e-05,2771.220259711592,232.7947213812481,-0.019941731828102324,60.182596785018795,0.0,59.415778160095215,45.264299631118774,104.68007898330688,-4.4345855876315454e-09,7.507323971367441e-07
652.0915979761861,0.0,500.0,0.0,468,9360000,20,0.02032586559653282,6.599999999999983e-05,6028.515935899046,437.7661287496646,-0.014433465197239035,62.2744286521936,0.0,59.44919943809509,43.04334044456482,102.49254131317139,-1.0585784693262212e-08,2.19726558725597e-07
603.3677182953692,0.0,500.0,0.025,469,9380000,22,0.02184000425040722,6.549999999999983e-05,4303.835518222336,301.0351456235808,-0.015865491608681438,64.86348291984866,0.0,61.441978216171265,52.625136375427246,114.06711721420288,-1.916885317143624e-08,-1.4923095932317665e-06
621.8588038566317,0.0,500.0,0.025,470,9400000,15,0.020046288147568703,6.499999999999983e-05,4801.500842454157,313.0637570853431,-0.01432096543032537,66.90480269979491,0.0,57.898160219192505,32.97106170654297,90.86922359466553,3.3903120311151724e-08,2.2705078208673513e-06
622.9103795435954,0.0,500.0,0.0,471,9420000,17,0.02056718058884144,6.449999999999983e-05,4719.48794397943,324.71232637528345,-0.01539012140797805,68.16937737051784,0.0,63.184123516082764,36.448285818099976,99.6324110031128,1.277923544762416e-08,1.1535644262039568e-06
629.9996836926804,0.0,500.0,0.0,472,9440000,22,0.020165687426924706,6.399999999999983e-05,2982.7347473268624,277.10073698200597,-0.016937795987110905,70.04542103195966,0.0,58.80007576942444,45.538955211639404,104.33903217315674,-4.625320570994518e-08,4.943847784488753e-07
614.7614230241154,0.0,500.0,0.0,473,9460000,19,0.0205587949603796,6.349999999999984e-05,3545.0974070496254,238.82426987861774,-0.016112342085061324,71.42293279816849,0.0,62.87512564659119,43.24275064468384,106.1178777217865,3.910064716450279e-09,1.1550903309398564e-06
635.421202448628,0.0,500.0,0.0,474,9480000,18,0.020662540569901466,6.299999999999984e-05,5684.866696217909,323.77589477712394,-0.016372447037562875,73.16906848781532,0.0,60.37867593765259,37.74284863471985,98.12152624130249,-3.6430357397421176e-08,4.913330258204951e-07
654.9377998465052,0.0,500.0,0.0,475,9500000,23,0.02050410397350788,6.249999999999984e-05,3042.4305875544783,230.46771047459424,-0.017079507893676866,74.3007256843958,0.0,57.891382455825806,44.10397982597351,101.99536323547363,-1.926422044107312e-08,4.272461069376732e-07
645.6982916524369,0.0,500.0,0.0,476,9520000,23,0.020392099395394325,6.199999999999984e-05,3749.7042629466087,207.03379915992258,-0.018563326058544737,75.7127795372428,0.0,53.95706057548523,47.78846096992493,101.74552249908447,6.42538040551699e-08,1.8028259773927857e-06
644.99556343169,0.0,500.0,0.0,477,9540000,17,0.02002629078924656,6.149999999999984e-05,4160.39794495168,251.63057844953818,-0.014737483464628444,77.38653511975049,0.0,59.29034113883972,36.09375047683716,95.38409280776978,-2.6226043559063328e-08,-1.2695312534560799e-06
661.8114700992589,0.0,500.0,0.0,478,9560000,23,0.020747683942317963,6.099999999999984e-05,4096.242954097832,215.9599154790684,-0.01745094411703328,79.58164220704752,0.0,57.021586418151855,47.41510534286499,104.43669319152832,4.00543198608716e-09,-3.875732375036023e-07
-99.35504476288152,142.005,500.0,0.0,479,9580000,3,0.03844991698861122,6.0499999999999844e-05,391307.47772015294,11943.959818749636,0.006616604705098164,80.83750581588988,7100.25,60.43696093559265,6.2380993366241455,66.67506217956543,1.4114379887075756e-08,1.1230468999201548e-06
-2189.3861474108185,568.02,500.0,0.0,480,9600000,21,0.02087065391242504,5.9999999999999846e-05,7477.79031308463,369.904477553409,-0.016268403657259914,81.15399896879093,0.0,62.526164293289185,45.61071038246155,108.13687562942505,-1.2588500908350397e-08,9.094238180296088e-07
621.9291014638413,0.0,500.0,0.0,481,9620000,15,0.02025770954787731,5.949999999999985e-05,11538.109869729267,459.2792378044738,-0.0149836706224218,81.86839122020652,0.0,61.622031688690186,33.88591694831848,95.50795030593872,-5.817413217812373e-09,4.882812376649781e-08
623.5369052087906,0.0,500.0,0.0,482,9640000,16,0.020047787576913834,5.899999999999985e-05,7187.055016197716,258.9905422670773,-0.014367250201107113,83.01502684053902,0.0,58.332117795944214,33.84010624885559,92.17222547531128,-9.53674295089968e-09,-2.0751953400122147e-07
666.8789894812526,0.0,500.0,0.0,483,9660000,20,0.0209286417812109,5.849999999999985e-05,5792.284701723336,264.6374363554933,-0.01819423159094194,84.1267224040656,0.0,61.544851541519165,46.05899262428284,107.6038465499878,2.0980834847250662e-09,-3.6621094068323146e-07
634.5435028531359,0.0,500.0,0.0,484,9680000,15,0.0222975704818964,5.799999999999985e-05,4163.847102266582,230.85909221677608,-0.014238235115245208,85.64070201544716,0.0,61.511356830596924,32.22269916534424,93.73405694961548,3.113746771532533e-08,-6.103515914901436e-08
663.7789435674403,0.0,500.0,0.01,485,9700000,23,0.020634258165955544,5.749999999999985e-05,5494.159815796085,294.5222220406928,-0.014753646519652705,88.1672989561386,0.0,61.824007987976074,49.76681113243103,111.5908215045929,-9.346008411625917e-09,1.678466787780053e-07
658.9807053145369,0.0,500.0,0.015000000000000003,486,9720000,27,0.020195523276925087,5.6999999999999854e-05,2208.1941695154073,226.57304368782516,-0.01988590893166149,90.02398137986455,0.0,66.25301575660706,60.48707580566406,126.74009394645691,1.0585784693262212e-08,3.814697180359872e-08
652.3050934964698,0.0,500.0,0.0,487,9740000,23,0.02124357782304287,5.6499999999999855e-05,1988.3117295106363,281.1336552889782,-0.019389034206488024,91.00825456931105,0.0,59.41210865974426,49.24550771713257,108.65761756896973,5.435943695175638e-09,-2.9907226917202934e-07
631.1918590680463,0.0,500.0,0.0,488,9760000,21,0.022327184677124023,5.599999999999986e-05,1276.839483936936,182.31096187900883,-0.018436250035035674,93.3822087738116,0.0,63.46152472496033,44.40512657165527,107.86665201187134,4.291534239087014e-09,7.43103043987503e-07
684.0511597492475,0.0,500.0,0.0,489,9780000,22,0.02005494013428688,5.549999999999986e-05,2180.4548718765172,186.73849232696082,-0.017269503755652924,96.80971900813634,0.0,55.75167798995972,50.01797389984131,105.76965284347534,-5.912780931538464e-09,-5.70678707845218e-07
630.4914356251229,0.0,500.0,0.0,490,9800000,22,0.0201600082218647,5.499999999999986e-05,2096.79298117685,285.63119465841515,-0.016972890004503204,99.84633124155116,0.0,59.8621609210968,50.43156123161316,110.29372334480286,2.5033950024067053e-08,5.096435415907763e-07
670.9762285617244,0.0,500.0,0.0,491,9820000,25,0.020302878692746162,5.449999999999986e-05,4295.109017447085,314.21389634299965,-0.017830906745355826,101.47145919751054,0.0,60.193835496902466,52.514907360076904,112.70874452590942,7.629394338515283e-10,3.204345588869728e-08
651.3362100753218,0.0,500.0,0.01125,492,9840000,25,0.020582271739840508,5.399999999999986e-05,3517.9635228946186,208.3340887031921,-0.018489289662857265,102.8636083204373,0.0,56.34847283363342,55.36622595787048,111.71469974517822,1.3446808111439168e-08,-1.8768309928418603e-07
640.1281873999463,0.0,500.0,0.013750000000000002,493,9860000,20,0.02100372686982155,5.3499999999999864e-05,3704.9371130605095,195.95875039511975,-0.01733815878322467,105.71006602936278,0.0,62.683632135391235,40.4192430973053,103.10287642478943,2.7656554824062596e-09,3.967285238104523e-07
644.4871299971348,0.0,500.0,0.0,494,9880000,18,0.02015574276447296,5.2999999999999865e-05,2722.930486677046,173.06067682929103,-0.018676601923912246,107.41425607997473,0.0,57.65193510055542,39.57477951049805,97.22671604156494,3.5572053747046084e-08,1.074218744179234e-06
644.1805622696518,0.0,500.0,0.00875,495,9900000,21,0.02180076204240322,5.249999999999987e-05,3657.9549792040325,239.4898283386927,-0.01851387466673813,108.69470057682634,0.0,58.99838948249817,46.398558378219604,105.39694905281067,-7.438659466174613e-09,1.647949261496251e-07
664.8746650380277,0.0,500.0,0.01625,496,9920000,20,0.02045377716422081,5.199999999999987e-05,2065.749532398553,139.1774848036111,-0.017463859355154508,111.13378844459217,0.0,59.42462086677551,42.66840410232544,102.09302592277527,1.3446808111439168e-08,1.8005371771323553e-07
637.5732417794233,0.0,500.0,0.0,497,9940000,30,0.02017407864332199,5.149999999999987e-05,2047.2356749123278,131.31198623299727,-0.019282553237203324,112.63778973905423,0.0,58.3849151134491,61.889044761657715,120.27396178245544,8.869171175263091e-09,-1.0223388358099328e-07
661.500056716123,0.0,500.0,0.0,498,9960000,29,0.020688151940703392,5.099999999999987e-05,1894.8079292286436,142.69398312948474,-0.019668971172668234,114.53315874473553,0.0,56.219818353652954,60.66046357154846,116.88028311729431,-2.880096516832964e-08,-5.401611247179972e-07
-1331.2301889650757,395.94374999999997,500.0,0.0,499,9980000,20,0.02046475000679493,5.049999999999987e-05,118531.1369909512,1586.8307524294137,0.0002706852148862752,116.18265793894807,5279.25,59.86804437637329,42.082894802093506,101.95094037055969,9.155273872352154e-09,1.074218744179234e-06
2.6517065066587064,131.98125,500.0,0.0,500,10000000,20,0.020725511014461517,4.9999999999999874e-05,27592.304087171462,1401.3645907149148,-0.015039497905279905,118.33646303243911,0.0,60.514132022857666,44.71080279350281,105.22493624687195,3.814697446813398e-09,-7.324219097881723e-08
1578.1518794049477,0.0,500.0,0.355,501,10020000,21,0.021929247304797173,4.9499999999999875e-05,129002.27702432062,4497.9737668103435,-0.015301208383527413,42.080053629223,0.0,69.73081922531128,44.8799512386322,114.61077356338501,-4.577636936176077e-09,2.4414063659605745e-07
1893.1913911905576,0.0,500.0,0.48,502,10040000,15,0.020171422511339188,4.8999999999999876e-05,74490.7767556285,1437.464669949305,-0.01373543648765332,43.54582581768909,0.0,64.0638656616211,32.948673486709595,97.01254034042358,-1.5258788677030566e-09,-3.515624939609552e-06
-724.9165466361425,606.35,500.0,0.59375,503,10060000,18,0.020113211125135422,4.849999999999988e-05,205771.4750659795,3451.968320262233,-0.007245801774540934,44.64275385430403,0.0,63.407243490219116,40.259660720825195,103.66690587997437,-3.6239622858147413e-08,1.0620117336657131e-06
2213.6712918179487,0.0,500.0,0.60625,504,10080000,14,0.020291440188884735,4.799999999999988e-05,89639.22514713067,775.7719730427689,-0.012798162961401223,45.5805624096103,0.0,63.125483989715576,31.258320808410645,94.38380599021912,0.0,3.826904503512196e-06
2008.6570496820561,0.0,500.0,0.5125,505,10100000,14,0.021397192031145096,4.749999999999988e-05,66733.75320023677,537.6525072822936,-0.013274660194568959,47.11446675292328,0.0,60.2420608997345,31.50993013381958,91.75199246406555,3.051757735406113e-09,-1.5441894447576487e-06
2198.942526655731,0.0,500.0,0.56375,506,10120000,13,0.020869409665465355,4.699999999999988e-05,43841.48313020681,325.3926270007501,-0.013368134613946066,47.98342603757066,0.0,58.510716676712036,27.330276250839233,85.84099388122559,-8.964538444899972e-09,3.5690306958713336e-06
1868.6592433613719,0.0,500.0,0.51875,507,10140000,14,0.02259567193686962,4.6499999999999883e-05,35224.0912052992,491.9840693906909,-0.011952275534892401,49.13885113356158,0.0,63.6035373210907,31.317097902297974,94.92063617706299,-2.403259280470138e-08,4.882812731921149e-07
2252.7225207050637,0.0,500.0,0.57625,508,10160000,17,0.020759738981723785,4.5999999999999885e-05,20392.29652227851,339.95297039041304,-0.016303255878435438,50.80970991995299,0.0,61.68463397026062,35.68368101119995,97.36831617355347,1.4114379887075756e-08,1.3427734302240424e-06
2006.345454224087,0.0,500.0,0.52,509,10180000,14,0.020186083391308784,4.5499999999999886e-05,22613.414214461103,448.4028676118768,-0.01123472363686989,51.96004586195848,0.0,62.950488567352295,35.502769470214844,98.45325922966003,3.814697446813398e-09,7.934570334100499e-08
1918.6452257301287,0.0,500.0,0.5037499999999999,510,10200000,18,0.021877866238355637,4.499999999999989e-05,15706.085917241615,421.3824880855237,-0.016707510353248852,53.217164802348144,0.0,60.39969277381897,39.859163999557495,100.25885844230652,-4.1961669694501325e-08,-4.028320290672127e-07
1870.7517543848196,0.0,500.0,0.5587500000000001,511,10220000,15,0.021525749936699867,4.449999999999989e-05,10906.641951809397,245.87493084307295,-0.016809243659108988,54.71009175033488,0.0,60.16942572593689,32.2466766834259,92.41610336303711,3.986358620977626e-08,3.669738646294718e-07
2420.345818565321,0.0,500.0,0.60375,512,10240000,12,0.020586779341101646,4.399999999999989e-05,13409.472075116013,206.58968193614825,-0.01297041281157186,55.62242037292741,0.0,62.47938919067383,26.853293418884277,89.33268547058105,2.2602081983791322e-08,-8.239746307481255e-08
1121.3238219364412,98.70750000000001,500.0,0.38875,513,10260000,22,0.022600391879677773,4.349999999999989e-05,22063.458814839792,731.125320780253,-0.012781215924350369,56.76609713332514,1096.75,61.91842031478882,51.549936294555664,113.46835780143738,-4.863739189175931e-09,-7.476806445083639e-07
2028.1692017837638,25.8225,500.0,0.5,514,10280000,15,0.021032890304923058,4.299999999999989e-05,18282.987624202317,523.2896147527888,-0.01469122601605563,58.12098747472793,53.5,61.2247257232666,32.11251425743103,93.33724093437195,-5.340575981449547e-09,9.765624753299562e-08
2119.91674716596,3.7449999999999997,500.0,0.575,515,10300000,19,0.020467618480324745,4.2499999999999895e-05,12836.525603976073,198.28641165808227,-0.016651122164537457,59.705560809607384,0.0,59.18913173675537,39.540302753448486,98.72943544387817,3.662109548940862e-08,-3.3340452887387073e-07
1910.4939235344887,3.5,500.0,0.5337500000000001,516,10320000,16,0.020588228479027748,4.1999999999999896e-05,15778.880982590941,245.61643407139152,-0.01724590238175554,60.9854801607589,35.0,60.712533950805664,35.246689558029175,95.95922470092773,-7.629394338515283e-10,2.288818308215923e-07
2230.634393470346,0.0,500.0,0.56125,517,10340000,18,0.020519491285085678,4.14999999999999e-05,9704.56947176618,168.48524469139306,-0.016152977161739256,62.16804755525383,0.0,59.871198415756226,41.25234055519104,101.12354111671448,5.912780931538464e-09,1.3793945754514425e-06
2291.8359691605046,0.0,500.0,0.5387500000000001,518,10360000,17,0.020907845348119736,4.09999999999999e-05,10389.812132653471,181.45512382537436,-0.017497565499630285,63.85987974302008,0.0,60.18783497810364,44.382965326309204,104.57080149650574,-1.7929076889799944e-08,-1.7776488903109566e-07
2327.965410210813,0.0,500.0,0.5475,519,10380000,20,0.02057061530649662,4.04999999999999e-05,12205.855658680486,248.61538541263667,-0.01594330186025052,65.87787141281957,0.0,60.36959218978882,47.00362014770508,107.37321376800537,7.629394893626795e-09,-6.042480436008191e-07
1871.2926090694223,0.0,500.0,0.49874999999999997,520,10400000,20,0.02054073102772236,3.99999999999999e-05,8745.841411125013,199.33070744889233,-0.01833140708401222,67.34536926098906,0.0,63.85618257522583,49.286885499954224,113.14307045936584,-3.376007029487482e-08,1.2664794439842808e-06
2792.553911556171,18.615,500.0,0.7074999999999999,521,10420000,15,0.020544735714793205,3.94999999999999e-05,11845.309686532797,187.67200001482004,-0.016320264725811995,69.02461575314133,219.0,59.638620376586914,33.264864921569824,92.90348625183105,7.057189943537878e-09,-2.624511807880481e-07
2406.530152576161,3.2849999999999993,500.0,0.5875,522,10440000,18,0.020211005583405495,3.8999999999999904e-05,12823.619439300764,157.25608965298534,-0.015987000018062338,71.12597309988696,0.0,60.984527826309204,36.996482849121094,97.98101210594177,7.438659466174613e-09,2.716064386731887e-07
2168.8501229194967,0.0,500.0,0.5974999999999999,523,10460000,19,0.02138417400419712,3.8499999999999906e-05,6359.0220047184375,161.60888311124077,-0.01846895788327844,72.24186765684567,0.0,61.23101282119751,36.63734555244446,97.86835980415344,8.487701208537146e-09,-5.615234499600774e-07
2018.7876213360487,0.0,500.0,0.49749999999999994,524,10480000,20,0.020311368629336357,3.799999999999991e-05,10377.903389956928,192.02358476803326,-0.016476431071606523,73.88747436840313,0.0,60.032602310180664,42.07311272621155,102.10571622848511,1.7738342350526182e-08,6.958007929824817e-07
2295.5458145656216,0.0,500.0,0.5900000000000001,525,10500000,15,0.020268918946385384,3.749999999999991e-05,7971.842724791375,163.16203607593735,-0.01592053372519045,75.53026787023575,0.0,65.57134985923767,33.881104707717896,99.45245599746704,1.5449524326527353e-08,6.896972877257213e-07
2706.575052046457,0.0,500.0,0.6449999999999999,526,10520000,24,0.02101811394095421,3.699999999999991e-05,7025.128326708516,135.76932842916827,-0.017633602157609805,76.9438472185145,0.0,68.07072758674622,54.43863868713379,122.5093674659729,3.433227480087453e-09,9.704590411274694e-07
1956.7741509915445,0.8,500.0,0.5525,527,10540000,26,0.02076645754277706,3.649999999999991e-05,4201.513134798625,187.2551122193373,-0.021344867183372074,79.00954708475304,0.0,63.6851601600647,57.02517127990723,120.7103328704834,-7.724762163263676e-09,-1.708984314063855e-07
1943.4581453054966,0.0,500.0,0.50125,528,10560000,21,0.020956501364707947,3.599999999999991e-05,2515.319051812487,144.8942599555555,-0.019301543837565084,81.23533274263039,0.0,61.20131802558899,44.082693099975586,105.28401231765747,4.804134423608275e-09,-2.410888555459678e-07
1861.6852456975453,0.0,500.0,0.5075000000000001,529,10580000,27,0.020772406831383705,3.5499999999999914e-05,4651.504187043497,163.08945864116689,-0.01985598038952547,83.32377889026284,0.0,58.038801193237305,56.331690311431885,114.3704924583435,4.224777327976881e-08,-2.395629792317777e-07
2466.8192210262728,0.0,500.0,0.6287499999999999,530,10600000,21,0.02044609561562538,3.4999999999999916e-05,5744.640692098743,126.1640534672983,-0.019220772975328593,84.94886415668152,0.0,63.22715091705322,45.2866325378418,108.51378560066223,4.558563304613017e-08,-1.1596679883041361e-07
2131.5068198471527,0.0,500.0,0.50875,531,10620000,28,0.02061597816646099,3.449999999999992e-05,6503.87693457906,156.2325135748553,-0.020191008571433546,87.30688730846633,0.0,67.44066095352173,64.81450819969177,132.25517082214355,5.130767988248408e-08,2.136230534688366e-07
2337.6140649220674,0.0,500.0,0.56875,532,10640000,22,0.020108826458454132,3.399999999999992e-05,2042.4478203127837,111.25417140857654,-0.021335361815862965,89.98119872772102,0.0,68.65073990821838,47.920933961868286,116.57167625427246,-4.7683716530855236e-08,-4.6997070057841484e-07
1946.6093584198054,0.0,500.0,0.47250000000000003,533,10660000,21,0.020149562507867813,3.349999999999992e-05,2114.89302344114,104.68729364884675,-0.02013272996012801,92.07065434748228,0.0,60.63652038574219,44.840431213378906,105.47695255279541,-7.700919901765246e-09,8.529663091394468e-07
2199.1365552475418,0.0,500.0,0.51875,534,10680000,25,0.020366091281175613,3.299999999999992e-05,1703.0417960559978,104.86269634210264,-0.021913878240298255,93.84091895837753,0.0,62.05294966697693,55.71864914894104,117.77159976959229,3.337859988405967e-10,-8.773803727990526e-08
2521.2652948467285,0.0,500.0,0.5700000000000001,535,10700000,35,0.02036157250404358,3.249999999999992e-05,1249.8741095218631,99.20521256112987,-0.024312735428958825,96.88633801988247,0.0,62.25245499610901,72.25758457183838,134.51004076004028,-1.0633468328080653e-08,3.2348631862078037e-07
2715.0220447477373,0.0,500.0,0.68125,536,10720000,29,0.020830128341913223,3.1999999999999924e-05,1648.0956308605046,99.95150305561076,-0.023146322044243606,98.871331237914,0.0,60.88760948181152,64.01387691497803,124.90148735046387,-3.528594971768939e-09,-4.2266844957339345e-07
2364.417075359982,0.0,500.0,0.6224999999999999,537,10740000,28,0.02012426219880581,3.1499999999999925e-05,1825.7143890018715,105.14372376512034,-0.021703766708342814,100.37790789097099,0.0,60.64616513252258,56.20213198661804,116.84829807281494,2.4223327343975143e-08,-1.5640259221072483e-07
2656.6588759439373,0.0,500.0,0.67,538,10760000,24,0.020117729902267456,3.099999999999993e-05,2007.50933200889,109.43702812824513,-0.022437156802410294,101.53472992101797,0.0,61.674548625946045,51.84150314331055,113.51605367660522,-1.3113021779531664e-08,3.0364989811459964e-07
2390.122602713585,0.0,500.0,0.6725,539,10780000,30,0.020186563953757286,3.0499999999999928e-05,1772.712780917719,108.40917943968687,-0.02297195645681006,103.55467782553774,0.0,62.144832372665405,64.70748686790466,126.85232067108154,1.692771967043427e-08,2.0141601453360636e-07
2487.2178575492426,0.11000000000000001,500.0,0.5987500000000001,540,10800000,37,0.019548384472727776,2.999999999999993e-05,1240.3138017706299,99.15662717642165,-0.023795610731120197,106.65921184150123,2.0,70.94782733917236,83.0364260673523,153.98425436019897,1.0299682884351569e-08,-4.470825274438539e-07
2591.176674514329,0.09,500.0,0.6275,541,10820000,33,0.02081792987883091,2.9499999999999928e-05,1892.4462191164118,104.21379303043516,-0.023321227006447762,108.80519010196848,0.0,68.61831641197205,69.33310174942017,137.95142078399658,-2.2697449253428204e-08,2.4566651291024755e-07
2324.6889199217526,0.0,500.0,0.5325,542,10840000,24,0.020543083548545837,2.899999999999993e-05,2156.7116725300066,98.37364035190993,-0.019844468569254585,110.71260040433516,0.0,59.3484525680542,51.24715852737427,110.59561276435852,2.6702879907247734e-09,-2.0141601453360636e-07
2278.300140780979,0.0,500.0,0.54375,543,10860000,37,0.019503453746438026,2.849999999999993e-05,1513.4671829285558,101.85300209974956,-0.02225322366333702,112.8742082136487,0.0,61.957852840423584,76.13038635253906,138.08824181556702,-1.8596649553614952e-08,1.2207030941624453e-08
2018.5661507816542,0.0,500.0,0.5287499999999999,544,10880000,30,0.0200642216950655,2.799999999999993e-05,1258.250657379183,107.35136771806386,-0.023602062981690777,114.09995588601207,0.0,57.37718224525452,68.27911949157715,125.65630292892456,3.0803679607060985e-08,2.0751953400122147e-07
2781.9971351527865,0.0,500.0,0.7025,545,10900000,33,0.02043818309903145,2.749999999999993e-05,1359.5263875975522,102.61268449012002,-0.02434659306834909,115.76147814449769,0.0,61.202696561813354,80.61052370071411,141.81322121620178,-4.720687840631399e-09,-1.2207031829802872e-07
2642.716014781969,0.0,500.0,0.6224999999999999,546,10920000,32,0.020181702449917793,2.699999999999993e-05,3912.118023412296,97.40750335732969,-0.02103837901158143,118.2622072224419,0.0,56.89935660362244,68.34708213806152,125.24643969535828,-7.629394338515283e-10,-1.525878978725359e-08
2766.740268530898,0.0,500.0,0.73375,547,10940000,33,0.021141787990927696,2.6499999999999933e-05,3712.8953973240355,91.75038281774138,-0.022756664248921647,119.58837080338834,0.0,61.7430305480957,70.49221563339233,132.2352476119995,5.817413217812373e-09,-3.2653809967087e-07
2164.4929909804196,0.0,500.0,0.5587500000000001,548,10960000,32,0.02013232558965683,2.5999999999999934e-05,2352.3047411982625,128.8827729941176,-0.023609852696882008,121.33708312793281,0.0,56.53632426261902,69.36208033561707,125.89840579032898,3.051757735406113e-09,6.103515914901436e-08
2743.540401026112,0.0,500.0,0.695,549,10980000,35,0.02003428339958191,2.5499999999999935e-05,1331.9518598256184,94.71093648599741,-0.026024333424402878,124.2917906231447,0.0,62.539488792419434,73.75747013092041,136.29696011543274,-1.6117095213985522e-08,5.958557380836282e-07
2226.298191370849,0.0,500.0,0.55,550,11000000,37,0.02082577534019947,2.4999999999999937e-05,1265.81866360213,131.2593335565966,-0.024943355572584515,126.61399076788055,0.0,61.599921464920044,82.07266163825989,143.67258477210999,-2.8467178836422136e-08,9.765624753299562e-08
2559.593767949649,0.0,500.0,0.655,551,11020000,36,0.020246129482984543,2.4499999999999938e-05,1326.616695898325,112.39692149976487,-0.0255761318270201,39.4126499928944,0.0,61.764519453048706,74.48706436157227,136.25158500671387,9.918212917625624e-09,4.6539307163584454e-07
2499.228934965808,0.0,500.0,0.6425000000000001,552,11040000,33,0.020540686324238777,2.399999999999994e-05,1398.5381276735159,86.67268157967848,-0.025218300282614705,41.78303883818738,0.0,59.52644085884094,72.6720221042633,132.19846391677856,-6.484985437538171e-09,2.746581913015689e-07
1675.499596853209,208.67250000000004,500.0,0.6612499999999999,553,11060000,31,0.020112160593271255,2.349999999999994e-05,353163.1581752462,5455.947524764938,-0.009627249473779794,43.23630027138031,6955.75,64.85142922401428,68.6583571434021,133.50978779792786,3.2424927187690855e-09,-4.39453117451194e-07
-100.02674712820294,486.90250000000003,500.0,0.5850000000000002,554,11080000,23,0.0204925574362278,2.2999999999999942e-05,105487.2702951263,2576.3363891593085,-0.014773369682747065,44.178953626749,0.0,64.7890202999115,48.50918006896973,113.29820227622986,1.9073485846288207e-10,-5.37109372089617e-07
2390.7820819878657,0.0,500.0,0.58375,555,11100000,31,0.02027900330722332,2.2499999999999944e-05,80509.17304566977,240.63820423156494,-0.019146137464288393,46.09924215053168,0.0,63.89693760871887,67.90619778633118,131.80313730239868,1.2588500908350397e-08,-1.068115267344183e-07
2231.8399197119556,0.0,500.0,0.615,556,11120000,30,0.021246280521154404,2.1999999999999945e-05,33906.77971516407,145.31408509162034,-0.02013522045856939,48.53348405612543,0.0,64.09663510322571,70.87210941314697,134.9687466621399,1.7166137400437265e-09,-3.509521562250484e-08
2105.228024863058,1.35,500.0,0.53,557,11140000,35,0.020074477419257164,2.1499999999999947e-05,11363.180975110581,119.81641844240622,-0.023706584023260726,50.1788641626244,0.0,63.030901193618774,74.17312407493591,137.20402646064758,-2.2888184680880386e-09,-3.051757957450718e-08
2342.4950403108814,21.1875,500.0,0.58,558,11160000,37,0.018409308046102524,2.0999999999999948e-05,16149.055682418899,228.7746008789073,-0.021280262152138105,51.33629121114199,423.75,73.2810275554657,80.33448505401611,153.61551547050476,-2.799034071188089e-08,8.31604012319076e-08
2717.9010495749876,21.1875,500.0,0.675,559,11180000,37,0.01828927919268608,2.049999999999995e-05,12289.798729828937,159.51514706695215,-0.0209944063095985,53.08642137628095,0.0,59.187171459198,79.61939191818237,138.80656504631042,-7.2479249269008506e-09,-1.2207030941624453e-08
2708.032347520631,0.075,500.0,0.6612500000000001,560,11200000,37,0.01960483007133007,1.999999999999995e-05,9006.015759249938,97.99208141182301,-0.022237533775229638,55.24567826586204,0.0,58.96871209144592,76.57628798484802,135.54500102996826,-1.0013580187262505e-08,-2.5482177079538815e-07
3122.5661866233313,0.0,500.0,0.7025,561,11220000,37,0.017751730978488922,1.9499999999999952e-05,3723.1440634806945,101.52766819196233,-0.02442657769866437,57.360634006888596,0.0,65.67537045478821,81.56050491333008,147.23587727546692,-1.4734268027893904e-08,-6.83593725625542e-07
3263.3459598754343,0.0,500.0,0.765,562,11240000,37,0.017564505338668823,1.8999999999999954e-05,2930.9512659811867,113.61986950458552,-0.02483072588088353,58.500734773739126,0.0,58.70972180366516,81.64051151275635,140.35023617744446,-3.2424927187690855e-09,2.1057128662960167e-07
2657.4028922595935,0.0,500.0,0.6512499999999999,563,11260000,37,0.01825168915092945,1.8499999999999955e-05,3179.90654159426,175.93177755224244,-0.021628402011476564,60.03399385663576,0.0,61.62717413902283,81.32074284553528,142.947918176651,1.5449524326527353e-08,1.525878978725359e-08
3222.5157810393466,0.0,500.0,0.7875000000000001,564,11280000,37,0.018199987709522247,1.7999999999999956e-05,2280.6054750638,170.38259601914174,-0.023788792330131717,62.16879429713029,0.0,59.652178049087524,79.59952998161316,139.25170946121216,-3.8146971692576415e-10,0.0
3218.036633390062,0.0,500.0,0.76,565,11300000,37,0.016588253900408745,1.7499999999999958e-05,2552.767202843904,119.33420000470741,-0.023386576345029407,63.43102860736904,0.0,63.40279722213745,80.44970536231995,143.8525037765503,-6.532668805903086e-08,-6.187439112181892e-07
2406.3563577729146,0.0,500.0,0.62,566,11320000,37,0.01760934665799141,1.699999999999996e-05,2151.298833347851,85.10645180878352,-0.02503136338789282,64.99014552065091,0.0,61.77726769447327,90.07163906097412,151.84890842437744,3.8146971692576415e-10,8.926391359409536e-08
2874.694731537524,0.0,500.0,0.69375,567,11340000,37,0.016270583495497704,1.649999999999996e-05,2621.645056027965,98.37652231948836,-0.021582202928785873,67.18414039766631,0.0,62.4504017829895,79.93479204177856,142.38519525527954,1.592636067471176e-08,-9.765624753299562e-08
2609.125762884317,0.0,500.0,0.655,568,11360000,37,0.016616566106677055,1.5999999999999962e-05,3811.5027720164207,87.30015860550063,-0.02111065325986807,69.23421626564094,0.0,55.779438495635986,76.71277213096619,132.4922125339508,-1.9836425835251248e-08,-1.525878978725359e-08
2701.089351224224,0.0,500.0,0.6637500000000001,569,11380000,37,0.015856366604566574,1.5499999999999963e-05,1716.5428379520977,92.64686551401626,-0.022419313777213363,70.92216918196932,0.0,58.73296356201172,80.34621477127075,139.07917952537537,4.7683716530855236e-08,1.0223388358099328e-07
2535.1761602147003,3.0187500000000003,500.0,0.60375,570,11400000,37,0.017918212339282036,1.4999999999999965e-05,1433.2213986548886,89.54541298474541,-0.025089276340579315,72.22712560873886,40.25,60.62736248970032,79.52212071418762,140.14948439598083,5.173683259585005e-09,-5.134582465871063e-07
2684.9142380655167,1.00625,500.0,0.61625,571,11420000,37,0.015396284870803356,1.4499999999999966e-05,1398.667810009053,83.08929111825587,-0.021594814539079372,73.84541894602926,0.0,60.69953155517578,86.1304292678833,146.82996225357056,-1.55031685267204e-08,6.317138740996597e-07
2581.586394703616,0.0,500.0,0.62375,572,11440000,37,0.015871893614530563,1.3999999999999968e-05,1706.4395503933572,88.05597391763445,-0.022237146781940345,75.86725507821355,0.0,62.49137854576111,88.6554434299469,151.14682388305664,-3.0922890914553136e-08,-1.2664794724059902e-07
2270.7209466832774,0.0,500.0,0.5825,573,11460000,37,0.01571403071284294,1.3499999999999969e-05,1615.490570655996,80.91679987813944,-0.024021865793971614,76.88199210984237,0.0,63.452486991882324,81.85791397094727,145.31040239334106,-4.1222573798904705e-08,4.6234131900746434e-07
2608.3624051292572,0.0,500.0,0.6575,574,11480000,37,0.014631615951657295,1.299999999999997e-05,1277.7598196243275,76.01879206009247,-0.02377998715562685,78.25755502621587,0.0,63.089786529541016,88.84093618392944,151.93072485923767,-1.506805347162299e-08,-1.2359619461221882e-07
1196.4294006292137,201.25,500.0,0.56875,575,11500000,37,0.013995306566357613,1.2499999999999972e-05,64386.18478180372,2593.6404208460062,-0.014297424783427892,79.62202627005617,0.0,65.22090029716492,77.70551562309265,142.92641735076904,1.533031479539204e-08,-3.906249901319825e-07
2712.399176200797,0.0,500.0,0.68875,576,11520000,37,0.015267993323504925,1.1999999999999973e-05,6583.530962758994,172.8417975561842,-0.021805037084994882,81.77136197463598,0.0,60.88566279411316,81.73548865318298,142.62115240097046,1.5258788677030566e-09,1.831054774470431e-08
2252.46425802323,0.0,500.0,0.58625,577,11540000,37,0.014520233497023582,1.1499999999999975e-05,3568.537525838093,100.84642412353494,-0.02061635944961946,83.92595319432532,0.0,61.28324317932129,81.60381770133972,142.8870620727539,4.577636936176077e-09,-3.9672851670502496e-08
2289.467557054303,123.82000000000001,500.0,0.76875,578,11560000,37,0.01511155255138874,1.0999999999999976e-05,53107.43821763873,987.3049677611735,-0.01206573740429188,85.64810762635148,1547.75,60.53742575645447,79.58545160293579,140.12287878990173,-2.1934509764065524e-09,2.7465819840699623e-08
2377.0304306355624,30.955000000000002,500.0,0.64125,579,11580000,37,0.014843185432255268,1.0499999999999977e-05,31157.76844082829,199.31754103630033,-0.018928024327601906,87.5365368785682,0.0,62.534340143203735,80.64926290512085,143.1836051940918,1.3351439953623867e-09,4.2724607851596375e-08
2702.030539923674,0.0,500.0,0.68875,580,11600000,37,0.014947755262255669,9.999999999999977e-06,14692.880711975704,144.02852446155302,-0.019547699106667073,89.15706327066306,0.0,60.56711554527283,80.16007590293884,140.72719264030457,-3.433227480087453e-09,1.4038086249001935e-07
2275.4397468552893,8.15,500.0,0.615,581,11620000,37,0.013944270089268684,9.499999999999979e-06,5758.506129071231,93.64458789237473,-0.021794698614529495,90.74897242378833,0.0,60.24894881248474,84.57305598258972,144.8220055103302,1.2969970875076342e-08,-3.1433106073563977e-07
2823.860451419337,0.0,500.0,0.6512499999999999,582,11640000,37,0.01372598297894001,8.99999999999998e-06,7639.188389687142,96.28399538139473,-0.01996173246699875,92.08639168185528,0.0,65.67514276504517,81.95172953605652,147.62687373161316,4.768371808516747e-10,9.918213095261308e-08
2549.9216288819384,0.0,500.0,0.6024999999999999,583,11660000,37,0.012539664283394814,8.499999999999981e-06,4032.9572566442257,98.45430892543794,-0.02003094964737423,93.26855980560431,0.0,61.02942991256714,85.00504970550537,146.03448104858398,-2.1934509764065524e-09,-2.258300781932121e-07
2553.8229246140736,0.0,500.0,0.615,584,11680000,37,0.012333881109952927,7.999999999999983e-06,5223.0311307018565,101.84898854611338,-0.01743398984513296,94.42060377198214,0.0,62.47822594642639,79.1776475906372,141.65587496757507,1.7213821479344915e-08,-1.4953613458601467e-07
2192.0654954189813,0.0,500.0,0.58,585,11700000,37,0.012973534874618053,7.499999999999984e-06,3051.86755951352,103.00989820228196,-0.020013560812304973,95.2019431309609,0.0,60.677550315856934,75.23601055145264,135.91356205940247,2.813339339269305e-09,3.356933575560106e-08
2394.8022758160014,0.0,500.0,0.6212500000000001,586,11720000,37,0.013027748093008995,6.9999999999999855e-06,2568.8448116196096,81.78425440760682,-0.020907970120254273,96.06328125764192,0.0,63.18509769439697,82.97987604141235,146.16497564315796,-1.0871887390351276e-08,-5.493163968139925e-08
2627.434130741588,0.0,500.0,0.635,587,11740000,37,0.010987333953380585,6.499999999999987e-06,5308.144456269673,102.16319405012474,-0.01717005544911863,96.71107284945123,0.0,60.784897327423096,79.33911037445068,140.1240096092224,2.38418573772492e-09,-2.3040772134663712e-07
2950.649652279056,0.0,500.0,0.69125,588,11760000,37,0.011409508064389229,5.999999999999988e-06,2541.9048766958085,72.00432267751876,-0.019219017133028503,97.15585671824995,0.0,51.990243434906006,72.8396646976471,124.82990908622742,-4.386901952813105e-09,2.5787352342376835e-07
2185.010146222834,57.410000000000004,500.0,0.64,589,11780000,37,0.010384568944573402,5.499999999999989e-06,19712.18868218262,296.4312830510694,-0.010838316780396479,97.38402612249877,1435.25,59.775121450424194,83.61483502388,143.3899576663971,3.385543934086854e-08,-4.2114257325920335e-07
2452.398693639064,86.165,500.0,0.7125,590,11800000,37,0.010159347206354141,4.999999999999989e-06,21320.823804547857,132.35376780873682,-0.015013374932286909,98.10635864729502,0.0,61.802536964416504,81.69428324699402,143.49682116508484,-2.2888184680880386e-09,9.155273517080786e-08
2801.3201592474225,0.0,500.0,0.6799999999999999,591,11820000,37,0.010218076407909393,4.499999999999991e-06,23816.161549818433,179.67087103103626,-0.014675691941455161,98.62450275136217,0.0,64.32676029205322,76.30294728279114,140.62970852851868,-3.6239624634504253e-09,2.624511807880481e-07
3433.9614751532936,0.0,500.0,0.8,592,11840000,37,0.010593220591545105,3.999999999999991e-06,17393.607042541054,144.69432937434976,-0.016557750281084974,98.86054393444518,0.0,66.44335699081421,78.13263416290283,144.57599234580994,-3.8146971692576415e-10,-6.408691177739456e-08
2308.993320411767,0.0,500.0,0.5287499999999999,593,11860000,37,0.0094194570556283,3.4999999999999923e-06,21170.116207659383,195.73351949756497,-0.013586428989523981,99.32382261241494,0.0,60.564576625823975,86.4243860244751,146.9889636039734,8.583068700218632e-10,-3.1127930810725957e-07
2593.637823186533,0.0,500.0,0.6487499999999999,594,11880000,37,0.008657786063849926,2.9999999999999937e-06,7454.38815219867,80.23303677218225,-0.015264504186466642,99.74147900653085,0.0,61.64443302154541,82.85716104507446,144.5015947818756,6.580352707175052e-09,6.462097417170298e-07
2838.6959571534494,0.0,500.0,0.68,595,11900000,37,0.007808024529367685,2.4999999999999947e-06,7499.458200309615,77.45783842854442,-0.012854384081188084,100.01373821996714,0.0,62.39337778091431,80.35261726379395,142.74599647521973,-7.629394893626795e-09,8.087157965519509e-08
2707.4416531431057,0.0,500.0,0.645,596,11920000,37,0.0077857389114797115,1.9999999999999957e-06,4005.777873750816,104.75520083888003,-0.01276287407800137,100.17813161143923,0.0,59.48718547821045,85.72557163238525,145.21275782585144,-1.4686584393075464e-08,6.103515914901436e-08
-719.2441748090357,493.0,500.0,0.42125,597,11940000,37,0.004584986716508865,1.4999999999999966e-06,37816.908215457464,1539.2824315515045,-0.00462824761634391,100.14920950368241,5800.0,62.66374707221985,84.95804762840271,147.62179613113403,-2.3651123726153855e-08,1.7211914382642135e-06
1692.3269309244115,87.0,500.0,0.5425,598,11960000,37,0.0062852539122104645,9.999999999999978e-07,7385.641240785225,239.55010118773538,-0.01091339789149536,100.07979349805514,0.0,65.15808296203613,82.57885551452637,147.73693943023682,1.4209747156712638e-08,-1.647949261496251e-07
2885.4936786539456,0.0,500.0,0.67625,599,11980000,37,0.004878929350525141,4.999999999999989e-07,8337.590059657716,119.11016346376678,-0.00785766755925417,100.21287503484184,0.0,62.27499079704285,80.42972564697266,142.70471787452698,1.4114379887075756e-08,3.2653809967087e-07
2801.972384076952,0.0,500.0,0.6537499999999999,600,12000000,37,0.003840833669528365,0.0,2560.1892907686383,87.0102860931905,-0.00627002331614237,100.3443831527864,0.0,64.2158944606781,79.46766996383667,143.68356561660767,3.6239622858147413e-08,-2.5939941750152684e-08
