Metrics/EpRet,Metrics/EpCost,Metrics/EpLen,Metrics/EpSuccess,Train/Epoch,Train/TotalSteps,Train/StopIter,Train/KL,Train/LR,Loss/Loss_reward_critic,Loss/Loss_cost_critic,Loss/Loss_actor,Loss/Loss_ewc,Time/Rollout,Time/Update,Time/Total,Value/RewardAdv,Value/CostAdv
889.7118162289873,0.0,500.0,0.0,1,20000,36,0.006718840915709734,0.00029949999999999996,148.82804684952976,0.0014140428035936336,-0.004624415596791357,0.0,50.00215554237366,58.58990168571472,108.59205889701843,-5.960464477539063e-08,0.0
962.915391007196,694.0125,500.0,0.0,2,40000,36,0.005496552679687738,0.00029899999999999995,68.40297119038554,56014.665706953485,-0.004994625784597239,0.0,49.20729088783264,56.84768199920654,106.05497407913208,-2.141714077197321e-07,1.4892577837599674e-06
1101.9703121452774,234.19750000000005,500.0,0.0,3,60000,36,0.006686132866889238,0.00029849999999999994,51.514280344435285,51.72901782137433,-0.005110939183776764,0.0,56.73817491531372,63.82881450653076,120.5669903755188,-6.470680347092639e-08,2.5939941750152684e-08
1265.9605046384168,3749.171250000001,500.0,0.0,4,80000,36,0.007763683330267668,0.0002979999999999999,51.814613597969405,151771.27821482113,-0.007160380537967823,0.0,93.95188307762146,130.71648478507996,224.6683702468872,1.4190673880420945e-07,7.128906418074621e-06
1490.119637134107,2554.2974999999997,500.0,0.027500000000000004,5,100000,36,0.007870013825595379,0.0002974999999999999,157.72507072891545,167053.89203740013,-0.004467461739951413,0.0,57.569953203201294,70.08948922157288,127.65944385528564,-4.777908202413528e-08,5.883789071958745e-06
1816.9757602007624,4125.84625,500.0,0.07375000000000001,6,120000,36,0.010278080590069294,0.0002969999999999999,312.78798696289766,429324.92824438796,-0.0058751026841500735,0.0,59.18613147735596,63.41072416305542,122.59685802459717,4.625320570994518e-08,-2.050781222351361e-05
2027.8810840211395,10748.01625,500.0,0.14875000000000002,7,140000,36,0.0072272238321602345,0.0002964999999999999,468.94966952479984,433815.216271912,-0.004729460296915354,0.0,69.05811142921448,58.96844792366028,128.0265610218048,2.479553273815327e-08,-3.6132812510913936e-06
2425.180246740281,5694.14625,500.0,0.28375,8,160000,36,0.007252358831465244,0.0002959999999999999,645.7076925244533,324636.5247902401,-0.004565296961075352,0.0,61.55580997467041,54.632129192352295,116.18794012069702,1.3256072683986986e-08,-5.95703113503987e-06
2331.1742270504346,5474.7525,500.0,0.24000000000000005,9,180000,36,0.00654190219938755,0.00029549999999999986,496.244343504061,175258.722787312,-0.004029349636773813,0.0,59.768951654434204,56.75433135032654,116.52328515052795,2.1171569386524425e-08,4.052734311699169e-06
2689.7494704708342,5897.79875,500.0,0.36875,10,200000,36,0.007487365510314703,0.00029499999999999985,552.4755923061622,295651.59757339646,-0.00585904433827151,0.0,61.25424027442932,57.34622120857239,118.60046243667603,2.069473303834002e-08,1.308593709836714e-05
2248.710334633007,3905.63125,500.0,0.185,11,220000,36,0.010829029604792595,0.00029449999999999984,421.0810956518236,138568.79694462058,-0.006588986881448727,0.0,63.3110716342926,59.10768723487854,122.41876077651978,-2.1839142050339433e-08,1.1718750101863407e-05
2376.722066353209,5504.842500000001,500.0,0.21624999999999997,12,240000,36,0.006865118630230427,0.00029399999999999983,448.6701382950853,215098.3832545228,-0.007736548644605922,0.0,59.913466691970825,66.4276340007782,126.34110236167908,5.517005874366987e-08,8.691406037542038e-06
2840.629114016164,931.9650000000001,500.0,0.3275,13,260000,36,0.008064428344368935,0.00029349999999999987,479.5669451318483,23451.833294571567,-0.006968258881814484,0.0,59.51470613479614,55.98972249031067,115.50443077087402,5.054473728449693e-09,-3.906249901319825e-07
2876.7503231847054,2158.44125,500.0,0.38875000000000004,14,280000,36,0.007547956891357899,0.00029299999999999986,430.88604980485,92843.04480958721,-0.00604871818266001,0.0,64.42309093475342,61.30734419822693,125.73043775558472,-7.591247452864991e-08,5.615234385913936e-06
2817.960372850083,403.05125,500.0,0.29625,15,300000,36,0.009371441788971424,0.00029249999999999985,326.91185450596214,65353.10583100135,-0.007388634011729623,0.0,60.860318422317505,66.53014492988586,127.39046549797058,-2.412796007433826e-08,4.492187599680619e-06
3193.372784014905,1143.3675,500.0,0.4675000000000001,16,320000,36,0.007445112802088261,0.00029199999999999983,512.8018028000631,5095.182462162104,-0.008139889460667984,0.0,58.95943307876587,58.61750555038452,117.57693982124329,-3.35216512326042e-08,3.0517577442878974e-07
3877.9143331631712,1744.4262499999998,500.0,0.78125,17,340000,36,0.008141818456351757,0.0002914999999999998,586.5479703313457,102606.61306206945,-0.0075221968316587125,0.0,62.0918288230896,65.99495673179626,128.08678722381592,-3.2424928519958485e-08,-4.394531060825102e-06
3791.1224671576856,6713.348749999999,500.0,0.70875,18,360000,36,0.009009783156216145,0.0002909999999999998,573.4813460680792,283568.8288239251,-0.006735887855748763,0.0,62.056127309799194,55.895556688308716,117.95168495178223,4.053115898461357e-10,-7.324218813664629e-07
4096.021926849356,3535.435,500.0,0.8162499999999999,19,380000,36,0.008739153854548931,0.0002904999999999998,608.1052664464613,70677.38849093078,-0.007096228160982853,0.0,59.607046127319336,64.66524767875671,124.2722954750061,3.604888831887365e-08,2.758789150902885e-06
4426.972777990735,2528.6225,500.0,0.9324999999999999,20,400000,36,0.009784633293747902,0.0002899999999999998,218.26521516684144,87381.64809235453,-0.006197328219449932,0.0,68.34503507614136,56.12066149711609,124.46569752693176,-3.044605279001189e-08,-6.054687673895387e-06
4215.44662344856,2901.83125,500.0,0.8912500000000001,21,420000,36,0.007770733442157507,0.0002894999999999998,381.9811176195778,169857.15404748562,-0.007466936457055341,0.0,57.26035737991333,63.53498840332031,120.79534721374512,-1.2636184543168838e-08,-9.15527380129788e-06
4020.2017716582304,4623.98375,500.0,0.7987500000000001,22,440000,36,0.008679612539708614,0.0002889999999999998,354.22371021923465,169509.98907652163,-0.007449777779652234,0.0,68.3469877243042,63.55879211425781,131.9057812690735,-2.7441977579201193e-08,-1.4379882486537099e-05
4432.988852013279,2031.4149999999997,500.0,0.9237500000000001,23,460000,36,0.007773484103381634,0.0002884999999999998,191.5599295382894,43402.530870130904,-0.007452220404426407,0.0,67.74905776977539,63.98146343231201,131.73052334785461,-1.3494491746257609e-08,-1.8310546465727384e-06
4452.790608953533,4596.465,500.0,0.95375,24,480000,36,0.008741360157728195,0.0002879999999999998,425.04050882107236,243803.59780177454,-0.007191370751079434,0.0,66.82552599906921,73.70530414581299,140.530832529068,2.8944015184606542e-08,4.0039062696450856e-06
4348.59359073232,4607.145,500.0,0.95,25,500000,36,0.009271213784813881,0.0002874999999999998,346.05851024848414,104852.0096972719,-0.006792921868197879,0.0,64.65368962287903,64.55153369903564,129.20522475242615,-1.3828277189986693e-08,8.86230463947868e-06
4502.743735794342,3572.0449999999996,500.0,0.9650000000000001,26,520000,36,0.009414651431143284,0.00028699999999999977,172.5272474451441,127811.11577110845,-0.006207318316731354,0.0,70.24416208267212,66.87907814979553,137.12324118614197,-1.3923645347801994e-08,-7.81249980263965e-07
4423.455403117315,4796.775000000001,500.0,0.9425000000000001,27,540000,36,0.008005759678781033,0.00028649999999999975,288.05371916950025,142797.12082566763,-0.005750599434225859,0.0,65.26744866371155,73.9919490814209,139.2594006061554,-2.2029876589613195e-08,7.836913937353529e-06
4393.778821886734,3903.67875,500.0,0.93625,28,560000,36,0.007386315148323774,0.00028599999999999974,211.7330082916054,131957.3485849074,-0.005433355910207794,0.0,64.98834323883057,61.0565619468689,126.04490733146667,-3.814697446813398e-09,9.521484571450856e-06
4323.925286895404,2622.2662500000006,500.0,0.9212500000000002,29,580000,36,0.008556392975151539,0.00028549999999999973,256.74608670323715,53600.95383675724,-0.006447356522851036,0.0,64.33360600471497,62.96955323219299,127.30316138267517,-9.393692046444357e-09,1.1230468999201548e-06
4546.6385670335085,1330.8075000000001,500.0,0.9674999999999999,30,600000,36,0.00937587395310402,0.0002849999999999997,142.9231516946746,91991.85873591024,-0.006877310093722703,0.0,64.31294202804565,72.12037944793701,136.4333233833313,-2.5367736355974557e-08,-5.66406242796802e-06
4662.670705166345,2287.0925,500.0,1.0,31,620000,36,0.009752859361469746,0.0002844999999999997,128.0244558098725,41434.033891354884,-0.007362824588855196,0.0,65.13348984718323,66.40943598747253,131.54292726516724,-1.4686584393075464e-08,3.271484274591785e-06
4574.635030665007,3480.3025000000002,500.0,0.975,32,640000,36,0.009716767817735672,0.0002839999999999997,101.92386900333382,116112.28161433135,-0.006917117830788413,0.0,63.69087862968445,67.01804304122925,130.7089238166809,-3.099441414633475e-08,3.295898522992502e-06
4509.717553358668,147.62875,500.0,0.93125,33,660000,36,0.009490052238106728,0.0002834999999999997,180.2515270885187,10602.253134649274,-0.0076349338337217505,0.0,63.2442991733551,62.93552756309509,126.17982912063599,1.907348723406699e-09,-5.37109372089617e-07
4671.056289148017,1345.34375,500.0,0.99375,34,680000,36,0.00915744248777628,0.0002829999999999997,148.88057346195035,53846.39364530856,-0.00868099571079652,0.0,73.5283875465393,67.93079829216003,141.4591896533966,8.201599399626502e-09,1.3427734302240424e-06
4694.615406862116,0.0,500.0,1.0,35,700000,36,0.012347331270575523,0.0002824999999999997,132.1359150527342,1677.823804739565,-0.00724067903298357,0.0,65.21109533309937,75.03702092170715,140.24811816215515,8.77380390562621e-09,-1.0986327652062755e-06
4626.614106083774,2080.245,500.0,0.99875,36,720000,36,0.008175352588295937,0.0002819999999999997,162.2668895978728,51349.39403563456,-0.005517250402586883,0.0,67.36273121833801,71.13324356079102,138.49597597122192,2.38418573772492e-09,-2.4902344648580765e-06
4405.16915130279,2690.8337500000002,500.0,0.92875,37,740000,36,0.008650757372379303,0.0002814999999999997,259.55197382362593,71889.36850659712,-0.005927401528406768,0.0,68.08036375045776,67.80931282043457,135.8896780014038,-1.907348723406699e-09,3.0029295885469764e-06
4509.765634011434,2985.43375,500.0,0.9349999999999999,38,760000,36,0.011222997680306435,0.0002809999999999997,169.56332743857658,156762.0106091863,-0.007140636163044051,0.0,71.61493301391602,65.13915657997131,136.75409197807312,-1.924037995593153e-08,-6.54296854918357e-06
4621.062839571942,2347.4875,500.0,0.9875,39,780000,36,0.011130595579743385,0.00028049999999999966,130.8523307085291,55501.125854930935,-0.008271794307737767,0.0,64.37240219116211,68.38286590576172,132.75526976585388,-1.5449524326527353e-08,2.3437501113221515e-06
4466.884684671442,458.55,500.0,0.945,40,800000,36,0.010393324308097363,0.00027999999999999965,117.56334450010463,4905.62747268758,-0.006328239836223406,0.0,75.8186764717102,64.01397848129272,139.83265614509583,-9.536743617033494e-10,-2.685546860448085e-07
4666.436931612305,0.0,500.0,0.9800000000000001,41,820000,36,0.009735818020999432,0.00027949999999999964,52.021584893356284,4227.9100187936065,-0.009283332555595472,0.0,71.63170099258423,65.39935946464539,137.03106141090393,-1.034736651917001e-08,1.2207031829802872e-07
4696.2653589712245,3613.484999999999,500.0,1.0,42,840000,36,0.009277328848838806,0.0002789999999999996,153.25355629587494,116015.48117625514,-0.006371495297143416,0.0,70.24798727035522,64.82569813728333,135.07368636131287,-3.356933575560106e-08,2.758789150902885e-06
4616.57521749961,4045.8824999999997,500.0,1.0,43,860000,36,0.009172694757580757,0.0002784999999999996,129.43553990203944,108222.07645012988,-0.007856119513492812,0.0,66.88364768028259,77.8917784690857,144.77542853355408,1.4877318932349226e-08,5.444335783977294e-06
4644.045003484706,3049.5825000000004,500.0,1.0,44,880000,36,0.008882823400199413,0.0002779999999999996,71.86803666318949,92016.22658866257,-0.006112430840067799,0.0,65.32716608047485,69.36311364173889,134.69028067588806,1.5735626135437997e-08,4.6630857468699105e-06
4652.865558887405,1619.4249999999997,500.0,0.975,45,900000,36,0.009926913306117058,0.0002774999999999996,58.95214517598124,36731.52672912468,-0.0059524703216839005,0.0,61.40671634674072,79.64144158363342,141.04816007614136,-1.7833709620163063e-08,-1.3427734302240424e-06
4694.627023441004,1215.355,500.0,1.0,46,920000,36,0.008984898217022419,0.0002769999999999996,49.85190710853845,45789.47967368963,-0.006984718075958713,0.0,75.8064227104187,66.804696559906,142.61112189292908,-9.822845647988743e-09,-2.9296875254658516e-06
4693.166873267184,1225.9900000000002,500.0,1.0,47,940000,36,0.008302806876599789,0.00027649999999999957,56.82138623199354,57502.34198899382,-0.005944775817720326,0.0,67.38033246994019,67.79352259635925,135.1738567352295,-6.484985437538171e-09,-7.71484337747097e-06
4665.543519334753,1134.7549999999999,500.0,0.9762500000000001,48,960000,36,0.008122342638671398,0.00027599999999999955,73.33531850172265,6947.332365697523,-0.0044842611595267215,0.0,69.43865084648132,65.94884514808655,135.38749718666077,3.1471252270875993e-09,2.4414063659605745e-07
4488.752108789232,1291.1874999999998,500.0,0.9274999999999999,49,980000,36,0.00696806563064456,0.00027549999999999954,81.95595030840467,47335.36763525365,-0.004831587128141346,0.0,69.59438633918762,70.08299946784973,139.677387714386,-9.155273872352154e-09,-2.2705078208673513e-06
4620.04151366084,5132.464999999999,500.0,0.9650000000000001,50,1000000,36,0.008988715708255768,0.00027499999999999953,69.23139691445944,144326.82645146237,-0.005761082520857463,0.0,68.79931044578552,66.85345077514648,135.65276408195496,-6.38961772381208e-09,-1.0839843525900505e-05
4650.803498323108,1876.7075,500.0,0.9712499999999998,51,1020000,36,0.010385267436504364,0.0002744999999999995,46.808173330785706,37398.91575158891,-0.007519573858888033,0.3085422595137257,64.31996202468872,69.70750069618225,134.02746438980103,-3.0040741005876725e-09,-1.1230468999201548e-06
4680.895864357482,1855.565,500.0,0.9850000000000001,52,1040000,36,0.010332002304494381,0.0002739999999999995,37.19947362106914,33281.41483261655,-0.0059669809032018,0.8857199755921447,67.05396890640259,71.73694729804993,138.7909185886383,-1.8596649553614952e-08,4.1503906800244295e-07
4698.342620819951,2102.525,500.0,1.0,53,1060000,36,0.012157895602285862,0.0002734999999999995,48.516129418556936,19708.97703257037,-0.003214777435588012,1.456328689226835,74.15354251861572,74.07082843780518,148.22437238693237,-5.364418242947977e-09,-8.71582051331643e-06
4542.754853063783,1779.16875,500.0,0.9375,54,1080000,36,0.009180957451462746,0.0002729999999999995,99.8031590363215,33381.93685991628,-0.004618743284225079,2.0122824807115425,67.92600226402283,79.48870086669922,147.41470456123352,-6.580352707175052e-09,5.175781097932486e-06
4689.008076996857,3263.45625,500.0,0.9875,55,1100000,36,0.012292235158383846,0.00027249999999999947,42.24174293931765,90567.29914349498,-0.00599096682233487,2.5194652436005547,63.27496552467346,79.81656408309937,143.09153199195862,-5.054473728449693e-09,-7.031249879219104e-06
4495.546224060624,3113.0,500.0,0.95,56,1120000,36,0.007645439822226763,0.0002719999999999995,56.47035093835621,16354.325984062436,-0.00298130796328954,2.9910927019434106,65.89703106880188,80.19009304046631,146.08712697029114,-1.8119812317252126e-09,-3.686523541546194e-06
4592.415090080586,797.9524999999999,500.0,0.94625,57,1140000,36,0.007464926689863205,0.0002714999999999995,71.08222572660463,54371.152140743645,-0.005139438747487867,3.626212854397225,72.43346762657166,75.47902035713196,147.91248965263367,5.197525076994225e-09,4.833984348806553e-06
4570.747910172791,3062.9474999999998,500.0,0.95625,58,1160000,36,0.00851635541766882,0.0002709999999999995,54.874685410366524,42604.49663002304,-0.006348697818504275,4.156992466008786,71.53597688674927,73.05210185050964,144.58808159828186,7.438659466174613e-09,-3.6621094068323146e-07
4556.43542049057,2301.35,500.0,0.9724999999999999,59,1180000,36,0.010312698781490326,0.0002704999999999995,62.36303050356382,137580.86252968558,-0.004403987248538258,4.65247141904428,62.00248718261719,75.92238807678223,137.9248766899109,-5.245208711812666e-10,-4.809570327779511e-06
4686.09567379573,803.0,500.0,1.0,60,1200000,36,0.009759107604622841,0.00026999999999999946,36.426185318117746,5586.208493477493,-0.005311366734145335,5.2613068168198,63.83720326423645,67.56128573417664,131.3984899520874,-8.77380390562621e-09,4.882812376649781e-08
4695.2539704448345,3440.3637499999995,500.0,0.99375,61,1220000,36,0.009201537817716599,0.00026949999999999945,61.375536746321984,121564.50071920517,-0.005946928455574848,5.949939985837249,64.41835069656372,72.19172644615173,136.61007928848267,-4.577636936176077e-09,2.294921841894393e-06
4494.809450493394,2702.5112500000005,500.0,0.905,62,1240000,36,0.007681545801460743,0.00026899999999999944,72.5384948677656,38183.9769524035,-0.004976443114758588,6.628906214960848,63.11411809921265,68.64888739585876,131.76300644874573,1.4686584393075464e-08,-5.859375050931703e-06
4544.32430581014,3161.2974999999997,500.0,0.91875,63,1260000,36,0.008073297329246998,0.0002684999999999994,50.1378870552044,106871.29302894016,-0.005874774734171244,7.284281878087128,63.683441162109375,73.64145636558533,137.3248987197876,6.41345998531051e-09,-1.2329101082286797e-06
4306.016678846435,2718.6712500000003,500.0,0.8412500000000002,64,1280000,36,0.006746894679963589,0.0002679999999999994,113.48134595263626,121348.51805863873,-0.006753857895564308,8.150718226981239,61.3011748790741,64.8084225654602,126.10959982872009,-1.7166136956348055e-08,1.4892577837599674e-06
4504.250310835496,0.05625,500.0,0.9200000000000002,65,1300000,36,0.006982946768403053,0.0002674999999999994,54.157397858758834,4509.051924397093,-0.005577697360360474,8.883119701535135,83.91267943382263,68.90428233146667,152.816965341568,1.5735626135437997e-08,6.286621214712795e-07
4682.244621436161,905.025,500.0,0.98125,66,1320000,36,0.009249000810086727,0.0002669999999999994,44.42892724349645,37938.85210509972,-0.005263424732646798,9.842222058608002,61.18642568588257,70.04293847084045,131.22936534881592,-8.106231796922714e-10,-3.6621094068323146e-07
4614.6639292220225,2786.25,500.0,0.945,67,1340000,36,0.007714442443102598,0.0002664999999999994,65.7624798633547,46154.71350002323,-0.005872171978365543,10.395028317529004,72.01632738113403,73.9209897518158,145.9373197555542,1.3923645347801994e-08,1.4404297417058842e-06
4639.097361165991,1155.125,500.0,0.97,68,1360000,36,0.00878632627427578,0.00026599999999999936,45.33243532285734,29524.320446373258,-0.006035802229302633,10.9932941535622,69.08482909202576,73.90324282646179,142.98807287216187,3.2424927187690855e-09,2.3315428734349553e-06
4658.348317197286,1167.85,500.0,0.97,69,1380000,36,0.00904827006161213,0.00026549999999999935,42.53374752102907,36634.858024020294,-0.004724900661662709,11.627089469281334,75.00468325614929,68.92667531967163,143.93136024475098,-1.0108947456899386e-08,-1.8676757918001385e-06
4707.5059687574585,2138.72,500.0,0.9800000000000001,70,1400000,36,0.010575331747531891,0.00026499999999999934,35.35678498491904,129324.62690329154,-0.006947267311218122,11.991520166651002,68.86524295806885,64.2081286907196,133.07337284088135,2.4414061883248905e-08,9.765624753299562e-08
4645.761412057067,2123.21,500.0,0.95,71,1420000,36,0.007780115585774183,0.00026449999999999933,47.21455137755882,51546.257953561195,-0.0037020201241282796,12.354464455365203,70.03537917137146,68.89279818534851,138.92817974090576,-1.4305114870438729e-09,1.8066406255456968e-06
4760.4903069668,3201.6762500000004,500.0,1.0,72,1440000,36,0.013438229449093342,0.0002639999999999993,33.4062034089302,54066.08536032019,-0.007910289001771945,12.89193133602,65.4641764163971,67.10835599899292,132.57253336906433,2.0456313976069396e-08,3.0273438369476935e-06
4759.178075401042,2931.0037500000003,500.0,1.0,73,1460000,36,0.011516839265823364,0.0002634999999999993,34.09426033644969,125812.49726468466,-0.008126986080702602,13.575808147610525,71.83331751823425,67.552481174469,139.38580131530762,-8.106232129989621e-09,1.7822266045186552e-06
4747.4843698950335,1514.8650000000002,500.0,0.975,74,1480000,36,0.01500417198985815,0.0002629999999999993,31.886227283741846,4979.605689328065,-0.008592241261903178,14.602696188553285,69.52908444404602,74.05197358131409,143.581059217453,-1.8119812317252126e-09,-1.4648438195763447e-07
4621.211228019043,1607.6475,500.0,0.975,75,1500000,36,0.010895732790231705,0.0002624999999999993,74.27964791296897,50527.83722419996,-0.005025236403483952,15.068165126149859,64.09781455993652,78.29422855377197,142.39204692840576,-2.8514861583062157e-08,-5.615234499600774e-07
4686.191472829601,2607.68875,500.0,0.975,76,1520000,36,0.007737743202596903,0.00026199999999999927,33.59402806749571,54717.90315436707,-0.005752692812786596,15.368045060906294,72.92256927490234,68.15132093429565,141.0738925933838,1.1539459165987864e-08,-2.050781176876626e-06
4661.22029117171,522.2175,500.0,0.975,77,1540000,36,0.009101176634430885,0.00026149999999999925,36.10212182321572,19026.796085464644,-0.004213962372529453,15.777543617894475,65.30944085121155,66.91880631446838,132.22824907302856,-4.863739189175931e-09,9.765625463842298e-07
4751.531489464139,1658.3712500000001,500.0,1.0,78,1560000,36,0.011786263436079025,0.00026099999999999924,39.98121415379625,34486.21906331163,-0.0042575393487852406,16.43149250248539,63.256994009017944,66.71472644805908,129.9717218875885,3.6239624634504253e-09,-2.038574166363105e-06
4716.551334888507,473.06000000000006,500.0,0.9912500000000002,79,1580000,36,0.008599668741226196,0.00026049999999999923,40.12439750651751,36839.1862898269,-0.006721597170097047,16.834545954263163,66.1222231388092,69.25918364524841,135.38140988349915,1.5258788677030566e-09,-6.182861397974193e-06
4640.633086686035,709.59,500.0,0.95875,80,1600000,36,0.007497762329876423,0.0002599999999999992,38.859621817480814,6283.642793123884,-0.004699441475131181,17.523147130207175,60.60264849662781,72.5384521484375,133.14110279083252,-1.926422044107312e-08,-6.591797045985004e-07
4744.97272565055,3255.9612499999994,500.0,1.0,81,1620000,36,0.01342944335192442,0.0002594999999999992,44.70044382252421,114796.21967672904,-0.008078734789460727,18.376680711672414,69.55660820007324,80.29590654373169,149.85251688957214,6.341934088993639e-09,-9.765624753299562e-08
4751.411007200823,2696.28875,500.0,0.975,82,1640000,36,0.017194382846355438,0.0002589999999999992,34.85555345469601,30806.90003465159,-0.006909671658830325,19.315054045444608,59.738680362701416,71.4150938987732,131.15377616882324,7.629394338515283e-10,-2.038574166363105e-06
4553.772792243495,0.8049999999999999,500.0,0.93625,83,1660000,36,0.007283603772521019,0.0002584999999999992,41.24867110748345,3488.7458640610785,-0.003621421092731054,20.194490492830557,65.29426264762878,78.86957693099976,144.16384148597717,-6.1988831845383174e-09,1.6601562720097718e-06
4735.824307728714,2.2150000000000003,500.0,0.9887499999999999,84,1680000,36,0.013734325766563416,0.00025799999999999917,31.626580544892548,3776.297852190835,-0.009103315509200731,20.825525765728774,69.51918935775757,72.96159052848816,142.4807825088501,-1.0633468328080653e-08,-1.992797933780821e-06
4599.495223107368,1547.06,500.0,0.9512499999999999,85,1700000,36,0.008309454657137394,0.00025749999999999916,40.91168589045234,69054.27595848811,-0.005153896377091638,21.381670738222923,65.60916042327881,74.16201376914978,139.77117538452148,3.7193297330873065e-09,3.906249901319825e-07
4645.215209174437,1236.8487499999999,500.0,0.9737500000000001,86,1720000,36,0.009378074668347836,0.00025699999999999915,42.08289598174496,44873.216308344585,-0.00509795086201443,21.798521074878014,62.78756237030029,71.67910075187683,134.46666526794434,-8.678436635989328e-09,7.324218813664629e-07
4746.587155801409,593.82125,500.0,1.0,87,1740000,36,0.012087047100067139,0.00025649999999999913,31.620999833392386,5787.539114803467,-0.00911792738329962,23.04278321108752,65.99048495292664,78.3394067287445,144.32989311218262,-9.536742923144104e-11,1.0009765674112714e-06
4627.6810546737925,0.0,500.0,0.975,88,1760000,36,0.008144929073750973,0.0002559999999999991,43.90975110650189,5159.134818545969,-0.005656178222126455,23.941123960371087,65.54251003265381,69.27621555328369,134.8187279701233,-2.0217894913798773e-08,-4.516601563864242e-07
4702.143058003894,811.575,500.0,0.9800000000000001,89,1780000,36,0.011545250192284584,0.0002554999999999991,176.56022263334964,24890.897221151885,-0.0017529910270669847,24.67577921298958,70.46634650230408,70.87397766113281,141.34032583236694,4.673004205812958e-09,-1.3793945754514425e-06
4647.44406711079,539.875,500.0,0.96125,90,1800000,36,0.009126042947173119,0.00025499999999999915,38.436665567981045,5582.55673445274,-0.0028306928388976064,25.08340456928393,59.749274492263794,77.0896430015564,136.83891987800598,-1.7118454209708034e-08,9.765624753299562e-08
4585.312227980409,0.0,500.0,0.9337499999999999,91,1820000,36,0.008130567148327827,0.00025449999999999914,46.701586159315774,8499.036489100079,-0.003944744105499739,25.892201862565415,67.69138503074646,74.4268410205841,142.11822748184204,1.3160705414350105e-08,8.78906234902388e-07
4720.981640230495,1086.34125,500.0,0.975,92,1840000,36,0.01540314219892025,0.0002539999999999991,63.23861698957043,50014.37278368932,-0.005761258146760061,27.198028663307543,64.6157636642456,73.9325430393219,138.54830884933472,1.430511542555024e-10,6.83593725625542e-07
4703.243628489593,891.18,500.0,0.9825000000000002,93,1860000,36,0.016710851341485977,0.0002534999999999991,102.09184563680452,34430.621268947114,-0.0061899289666607835,28.43033401603008,71.70997929573059,72.65021014213562,144.36019229888916,-5.424022564426423e-09,3.2226562325377017e-06
4655.330573382429,4339.078750000001,500.0,0.97625,94,1880000,36,0.012726028449833393,0.0002529999999999991,80.8232741367745,79400.05204829824,-0.007476087984337049,29.1324414524746,69.52221274375916,72.65970802307129,142.18192267417908,5.531310964812519e-09,1.7089844277506927e-06
4721.419346557745,485.48,500.0,0.9912500000000002,95,1900000,36,0.011860952712595463,0.0002524999999999991,53.382247105193215,33035.731389477354,-0.009351935103357288,29.912513742050805,60.07863116264343,68.05311155319214,128.13174414634705,2.40802755513414e-09,1.9531249506599124e-07
4702.350258528012,1386.155,500.0,0.9875,96,1920000,36,0.015370598062872887,0.0002519999999999991,60.303078652613124,54035.72293906572,-0.006834975676285624,30.559628365096533,73.28509473800659,73.5848605632782,146.86995911598206,-1.00135799652179e-09,-4.39453117451194e-07
4712.150364428382,2498.8975,500.0,0.9650000000000001,97,1940000,36,0.015687886625528336,0.00025149999999999907,39.997102135667404,50383.60122469413,-0.008778225119618857,31.6582074596986,66.81747317314148,83.28891372680664,150.10638809204102,1.6212463593845428e-09,2.5024414753715973e-06
4714.277134936096,416.31749999999994,500.0,0.9600000000000002,98,1960000,36,0.010756786912679672,0.00025099999999999905,38.69180904147385,19212.785674561328,-0.005311683472981534,32.712155135591104,65.67199659347534,75.20277976989746,140.87477731704712,-2.7656554824062596e-09,-5.859375278305379e-07
4727.392159466809,0.0,500.0,0.9875,99,1980000,36,0.015945440158247948,0.00025049999999999904,32.27435659033464,10950.478890621793,-0.0069306533453934146,33.62625263140986,64.37196326255798,75.52865052223206,139.90061569213867,4.720687840631399e-09,1.3183594091970008e-06
4758.809247667959,0.0,500.0,1.0,100,2000000,36,0.013108067214488983,0.00024999999999999903,32.01297961425646,15115.849123823757,-0.007170942445458939,34.887684230648716,71.16237807273865,68.18611812591553,139.3484992980957,4.959106458812812e-09,1.56249996052793e-06
1741.0570223268428,0.0,500.0,0.4050000000000001,101,2020000,15,0.025073157623410225,0.000249499999999999,862.8790766999364,22650.528018243727,-0.0008031072625662254,35.62594067915814,66.298091173172,31.59198498725891,97.89007878303528,3.33786012163273e-08,7.739257853245363e-06
647.2157850034416,0.0,500.0,0.4725,102,2040000,2,0.020375307649374008,0.000248999999999999,1783.3038948229707,24861.090517671724,0.002779023806987027,35.82309792369318,69.76161909103394,3.8965282440185547,73.65814852714539,-2.4986267277427032e-08,-3.3203125440195436e-06
434.87392508173036,0.0,500.0,0.46624999999999994,103,2060000,25,0.022534998133778572,0.000248499999999999,1902.5158537784857,18244.601588520865,-0.0032315139193087815,36.17326648163719,61.87565541267395,55.236100912094116,117.11175799369812,-9.307861148499796e-08,7.81249980263965e-07
402.51518027370435,0.0,500.0,0.36,104,2080000,36,0.014380357228219509,0.000247999999999999,1973.884088075453,13460.537058371536,-0.005016127450012773,37.64592679104654,62.34729027748108,73.10134696960449,135.44863867759705,1.6975402417074292e-08,-1.220703097715159e-06
438.1407143831586,0.0,500.0,0.4625,105,2100000,21,0.02056652493774891,0.00024749999999999897,1059.0437049233133,9621.145866334846,-0.004313837788968901,39.3085610816128,66.9548032283783,50.10875225067139,117.06355690956116,-8.754729918791782e-08,4.07714833272621e-06
468.4994842370763,0.0,500.0,0.5125,106,2120000,36,0.013958177529275417,0.00024699999999999896,767.2181262949658,7905.1882869570145,-0.0072504461686868525,41.08827041284726,65.03981065750122,85.69282245635986,150.73263478279114,-6.141662822756189e-08,-5.029296971770236e-06
503.6599043473294,0.0,500.0,0.47000000000000003,107,2140000,36,0.012311691418290138,0.00024649999999999894,1002.9204906142685,22747.018393660423,-0.007476290742128034,42.45965471934629,67.02575469017029,87.23070311546326,154.25646018981934,-1.0375976700061074e-07,1.757812469804776e-06
502.2218004365991,106.78,500.0,0.4225,108,2160000,36,0.016173532232642174,0.00024599999999999893,657.778974843186,22376.411643887142,-0.008015960373027512,44.480177371519694,60.665788888931274,81.34367322921753,142.0094633102417,4.768371808516747e-10,-4.28466819357709e-06
456.7376816610273,160.17,500.0,0.28625,109,2180000,36,0.01179574616253376,0.0002454999999999989,622.2411213340936,16126.292196266355,-0.008046531148341573,45.91694151919321,61.71896266937256,75.28116297721863,137.00012755393982,3.8814544467413725e-08,2.7832031719299266e-06
497.4877877915954,0.0,500.0,0.35374999999999995,110,2200000,36,0.011306791566312313,0.0002449999999999989,497.1185039808702,6454.863962560077,-0.00816718657226596,48.07096274304483,67.92930674552917,79.7941300868988,147.72343921661377,1.1043548653333346e-07,6.2835692915541586e-06
544.3269682697431,0.0,500.0,0.57,111,2220000,36,0.016933217644691467,0.0002444999999999989,513.491444938099,7915.357733377464,-0.00860013826901472,50.26083672516389,62.75577974319458,87.13749694824219,149.89327812194824,-7.171630755919978e-08,2.734374902502168e-06
550.9020275801074,0.0,500.0,0.5325,112,2240000,36,0.011843671090900898,0.0002439999999999989,430.4349466797135,7785.361080311865,-0.009028749529393486,52.719833275846106,75.1106104850769,80.68259954452515,155.79321265220642,8.955002073207652e-08,9.765624753299562e-08
551.4886952758608,0.0,500.0,0.49749999999999994,113,2260000,36,0.012751025147736073,0.00024349999999999893,374.2794724878454,12455.653451992004,-0.007568070822061305,54.45355644368262,62.85428547859192,77.83030557632446,140.68459343910217,1.12152100939511e-07,-7.568359592369234e-07
574.5172565154335,0.0,500.0,0.5237499999999999,114,2280000,36,0.012177557684481144,0.00024299999999999894,331.75370844433735,5700.101650336892,-0.009880151056622068,55.85475701544358,59.080042600631714,96.60072755813599,155.6807713508606,-9.059905892172537e-08,-5.615234499600774e-07
584.4173801679494,0.0,500.0,0.70125,115,2300000,36,0.013240697793662548,0.00024249999999999893,198.30455500156185,4773.589508836642,-0.00958918562304575,57.59400786175387,64.88518071174622,74.91316723823547,139.79834938049316,2.0980834847250662e-09,5.139160293765599e-06
592.5664255333486,0.0,500.0,0.79625,116,2320000,36,0.019039619714021683,0.00024199999999999894,274.5744193110603,4841.540135782748,-0.008960040664316191,59.08257884491747,71.71076965332031,80.81515049934387,152.52592206001282,3.8051606310318675e-08,1.6723632825232926e-06
649.0631603794691,0.0,500.0,0.595,117,2340000,36,0.011156138963997364,0.00024149999999999893,247.81111141160147,2541.5890654380073,-0.00894196317218744,61.169461106086054,67.31912922859192,79.93238115310669,147.25151205062866,-6.04629519784794e-08,1.3977050912217237e-06
654.2417861608158,0.0,500.0,0.8212500000000003,118,2360000,36,0.013206658884882927,0.00024099999999999892,227.63502561009264,4075.2263782353616,-0.008442037541837982,63.208027194398575,66.38290858268738,97.897127866745,164.28003859519958,3.354549349410263e-08,-1.2817382639696007e-06
644.1113696443481,0.0,500.0,0.675,119,2380000,36,0.013137237168848515,0.00024049999999999893,221.65570318745432,4492.280438212922,-0.008776004256000877,65.55092723563413,65.7291305065155,80.10972595214844,145.8388590812683,-2.069473303834002e-08,8.544922138753464e-07
731.8028800173272,0.0,500.0,0.65625,120,2400000,36,0.012912078760564327,0.00023999999999999895,246.85571085530728,5776.533830788274,-0.009798312926254417,68.415526921926,70.55404090881348,78.48939323425293,149.04343676567078,-2.5272368642248466e-09,9.765625463842298e-07
706.0755394475029,0.0,500.0,0.735,121,2420000,36,0.013287506066262722,0.00023949999999999896,213.30176465715294,6088.731089187421,-0.009976087907515746,70.11397235546714,65.42508792877197,82.92087054252625,148.34596061706543,-4.818439336418123e-08,2.1240234673314262e-06
584.1393352692384,0.0,500.0,0.66375,122,2440000,36,0.012827911414206028,0.00023899999999999898,136.5806093872715,8515.180169411235,-0.009009643063394013,71.95732054678227,68.3723795413971,73.14370226860046,141.51608276367188,7.514953637155486e-08,1.3183594091970008e-06
709.2241684401661,0.0,500.0,0.5962500000000001,123,2460000,36,0.013328666798770428,0.000238499999999999,249.49092178358268,6685.222630639934,-0.010300797191880779,75.28154214121663,70.03080868721008,90.06864142417908,160.09945225715637,-2.3460387410523253e-08,5.37109372089617e-07
761.8068058552886,0.0,500.0,0.8012499999999999,124,2480000,36,0.012682481668889523,0.00023799999999999898,221.11051848089605,13569.664535733711,-0.009138781623923103,77.85459323973787,62.78861474990845,93.16601777076721,155.95463490486145,1.19209286886246e-09,2.4414061883248905e-08
744.7553072910317,0.0,500.0,0.68125,125,2500000,36,0.018299130722880363,0.000237499999999999,208.8026788872017,12596.732676523985,-0.008307803707713222,79.07758350528044,73.72760677337646,74.14773082733154,147.87533974647522,-9.775162013170302e-09,2.807617192956968e-06
719.7109348066208,0.0,500.0,0.62375,126,2520000,36,0.01599172130227089,0.000236999999999999,200.746108534491,9702.405205869827,-0.00997576726402411,81.24473780725795,68.04201030731201,72.3982572555542,140.44026923179626,2.479553273815327e-08,-1.220703097715159e-06
739.0316394565725,248.3,500.0,0.69625,127,2540000,36,0.014587820507586002,0.00023649999999999903,182.4483501879848,15616.00996339884,-0.00932769329717894,83.24701981414155,72.4749584197998,79.23074579238892,151.70570540428162,8.583068700218632e-10,8.666992243888672e-07
793.0940034346315,0.0,500.0,0.8612499999999998,128,2560000,28,0.021836068481206894,0.00023599999999999901,176.50519164976384,13298.434726396472,-0.006738560142764708,84.45403338283886,68.63324618339539,60.91328740119934,129.54653644561768,5.912780931538464e-09,8.056640581344254e-07
801.9404448964337,29.7,500.0,0.75875,129,2580000,36,0.01455550268292427,0.00023549999999999903,160.1725903671178,21037.183713285307,-0.007386557708614541,85.86833747752728,76.23748183250427,76.03334331512451,152.27082800865173,1.845359776098121e-08,2.4414061883248905e-08
679.8494023767483,753.825,500.0,0.62625,130,2600000,36,0.013884463347494602,0.00023499999999999904,154.40701690412473,23316.344949708073,-0.010091447433156587,87.70015681344312,76.30709791183472,72.54386925697327,148.85097002983093,1.2493133638713516e-08,-1.1230468999201548e-06
756.312017346649,0.0,500.0,0.7212500000000001,131,2620000,36,0.015795700252056122,0.00023449999999999906,175.95462446852613,17084.29458965915,-0.009028371859120848,88.7816935029062,63.378838300704956,78.87206363677979,142.25090384483337,1.2159347306806012e-08,1.2207031829802872e-07
745.8362867941894,0.0,500.0,0.6599999999999999,132,2640000,36,0.0154585475102067,0.00023399999999999905,187.13114764701402,20672.21694704705,-0.009462818607128727,90.78052429548595,67.52495121955872,86.57310175895691,154.09805464744568,-1.1730193705261627e-08,1.1230468999201548e-06
791.0060611607762,0.0,500.0,0.68625,133,2660000,36,0.015008402988314629,0.00023349999999999906,164.0103842606983,20363.862758648662,-0.008902294468923969,92.02245328643875,68.85961627960205,75.32778310775757,144.18740105628967,1.3351439953623867e-09,-5.37109372089617e-07
801.4153541277934,0.0,500.0,0.6475000000000001,134,2680000,36,0.013537109829485416,0.00023299999999999905,148.3862737172201,14188.256067613866,-0.009069761140444764,92.6635439401829,65.9051947593689,88.9442732334137,154.84946966171265,4.959106458812812e-09,1.5380859395008883e-06
742.0583051499342,0.0,500.0,0.7025,135,2700000,36,0.016825607046484947,0.00023249999999999904,182.6728850765181,13627.617742027252,-0.009133265871223343,94.20689859549374,61.68764328956604,90.91030311584473,152.59794998168945,1.76429750808893e-08,6.347656267280399e-07
840.2847554783905,0.0,500.0,0.8100000000000002,136,2720000,36,0.015408633276820183,0.00023199999999999903,210.66607237014526,8825.650495860269,-0.009024612053332505,95.02093964449091,67.08115935325623,86.73212552070618,153.81328797340393,6.103515470812226e-09,-9.521484116703505e-07
966.0156806888702,0.0,500.0,0.7899999999999999,137,2740000,36,0.0135099608451128,0.000231499999999999,170.8735661863815,9292.996777107583,-0.008137382373357913,97.28343308881787,64.0817198753357,88.76559448242188,152.84731674194336,1.287460360543946e-09,-3.540039017480012e-07
864.3422980030776,0.0,500.0,0.7725,138,2760000,36,0.013270951807498932,0.000230999999999999,197.44024106277232,6653.395508137501,-0.00965020226574687,100.09496459378644,63.347628355026245,91.4115879535675,154.75921821594238,1.2111663671987571e-08,-4.882812376649781e-08
955.198941244252,0.325,500.0,0.8162500000000001,139,2780000,36,0.012740853242576122,0.00023049999999999902,150.53411675955243,11982.009346969762,-0.007394736880805333,103.19316655674596,63.76576828956604,85.81196117401123,149.57773113250732,7.20024129208241e-09,1.2695312534560799e-06
877.4459159792684,0.0,500.0,0.73125,140,2800000,36,0.017469516023993492,0.00022999999999999903,145.80482445568916,8903.426769068363,-0.00953802150416042,106.22732897383717,68.34838533401489,77.11004710197449,145.45843505859375,-1.4972686201986107e-08,-9.887695568977506e-07
873.4043513859666,0.0,500.0,0.89625,141,2820000,36,0.015627246350049973,0.00022949999999999905,233.0783618951377,14794.996858758625,-0.00981013483301656,108.53414345058432,63.35363173484802,76.23414301872253,139.58777618408203,3.910064716450279e-09,1.025390588438313e-06
991.5601928038723,0.0,500.0,0.7875,142,2840000,36,0.014990521594882011,0.00022899999999999903,220.9650779476308,14807.479082144784,-0.00950666367103034,109.85327956741652,63.02425289154053,89.52015829086304,152.54441237449646,7.629394338515283e-10,2.6367188183940016e-06
925.1036515887965,0.0,500.0,0.765,143,2860000,26,0.020413048565387726,0.00022849999999999905,218.18931347276748,14605.646733465637,-0.008717491679132976,112.154202932572,69.31732249259949,71.66612672805786,140.9834508895874,-1.4305114870438729e-09,5.615234499600774e-07
983.3298032324516,0.0,500.0,0.8175000000000001,144,2880000,36,0.016114473342895508,0.00022799999999999906,285.48892375971775,14136.934388745369,-0.009462905727755998,112.25735323997013,65.83268713951111,87.00741457939148,152.84010291099548,4.76837147544984e-09,-4.199218892608769e-06
1130.5092944751027,0.0,500.0,0.7837500000000001,145,2900000,36,0.015586131252348423,0.00022749999999999908,289.9348995302178,13240.67730617557,-0.009422238613797049,112.52274450072592,69.49068284034729,77.42856478691101,146.9192500114441,-6.38961772381208e-09,-4.39453117451194e-07
1080.9040618543863,0.0,500.0,0.7862500000000001,146,2920000,36,0.015601755119860172,0.0002269999999999991,281.2090093221993,16269.250884457264,-0.00895772289782617,114.4049001401902,69.83199334144592,91.32785248756409,161.1598482131958,5.435943695175638e-09,-4.882812731921149e-07
1009.1813945090771,0.0,500.0,0.6875,147,2940000,36,0.014564692974090576,0.00022649999999999908,250.35987919410323,15616.812791612414,-0.01080079027005254,115.72953605854981,65.7206780910492,84.13572430610657,149.85640478134155,1.2636184543168838e-08,-1.1718750556610757e-06
997.0925093113834,0.0,500.0,0.7249999999999999,148,2960000,36,0.016553722321987152,0.00022599999999999907,217.17458577811146,6395.201155906626,-0.01047462023708941,117.7713019432309,77.91000533103943,73.03096294403076,150.9409704208374,3.933906533859499e-09,-1.9165038338542217e-06
1052.7003747587635,0.0,500.0,0.6950000000000001,149,2980000,36,0.016947386786341667,0.00022549999999999908,263.4201200862366,4720.033662232008,-0.009308324681236796,118.63389146078298,64.06953978538513,76.73573040962219,140.80527138710022,-1.931190540815919e-09,-1.367187451251084e-06
1038.3245162426706,0.0,500.0,0.68125,150,3000000,36,0.014962741173803806,0.0002249999999999991,192.54148141077573,8174.165403496766,-0.009711921046715942,121.44670997514004,61.86119055747986,89.59210681915283,151.45330095291138,3.9577483512687195e-09,1.416015606992005e-06
1065.2329644076385,505.15,500.0,0.73,151,3020000,36,0.01686105877161026,0.0002244999999999991,205.9939252730164,20247.266999428517,-0.008391393428189163,47.58152869274991,61.487528562545776,75.11867141723633,136.60620141029358,1.3494491746257609e-08,1.708984314063855e-07
1140.5649528714684,0.0,500.0,0.8612500000000001,152,3040000,36,0.0156259723007679,0.0002239999999999991,227.6139080141045,9973.063231013539,-0.008277218892714449,49.26823644499259,63.429078102111816,73.75350689888,137.18258690834045,-6.961822673900997e-09,-2.5390625069121597e-06
1081.3078001791623,354.28125,500.0,0.7424999999999999,153,3060000,36,0.01676003448665142,0.0002234999999999991,339.71962883339563,18432.026435437674,-0.010594010591022782,51.389407070215434,67.36499071121216,85.03770923614502,152.40270137786865,1.835823049134433e-09,-1.367187451251084e-06
1008.5820002995121,118.09375,500.0,0.7537499999999999,154,3080000,36,0.01532302238047123,0.00022299999999999908,214.56530622442352,13236.723589229889,-0.008798796791431385,53.33895585280511,61.37911534309387,84.32811784744263,145.7072353363037,5.60283641704018e-09,-8.544922138753464e-07
1182.7721841610887,0.0,500.0,0.7475,155,3100000,36,0.013612739741802216,0.00022249999999999907,261.22413923015057,10458.776441753524,-0.008029956435887185,55.080895002742245,71.48893165588379,75.26280927658081,146.7517430782318,-3.051757735406113e-09,-5.859375278305379e-07
1117.6044062023552,0.0,500.0,0.7699999999999999,156,3120000,36,0.016098802909255028,0.00022199999999999908,268.9275505057793,9249.048464286569,-0.010308068035744288,57.40190462783418,65.86716103553772,74.15188598632812,140.01904916763306,1.287460360543946e-08,6.103515488575795e-07
1234.3139230788147,0.0,500.0,0.81375,157,3140000,36,0.015252450481057167,0.0002214999999999991,344.9565766733675,9295.299071918957,-0.009255852794236172,59.914036340141365,65.53082633018494,83.2833399772644,148.8141691684723,-4.291534239087014e-09,1.4648437627329258e-06
1314.1607436231911,0.0,500.0,0.73625,158,3160000,36,0.014968052506446838,0.0002209999999999991,300.89769904597415,9148.623757727653,-0.009023890153284723,61.31929174991292,61.36839747428894,78.65252780914307,140.02092671394348,3.790855629404177e-09,1.025390588438313e-06
1335.5421591127483,0.0,500.0,0.8262499999999999,159,3180000,36,0.014930239878594875,0.00022049999999999913,366.3336543921761,11626.259738801598,-0.008174353128147533,62.69344185614865,67.75737190246582,80.06322455406189,147.82059955596924,1.3351440841802287e-08,4.39453117451194e-07
1394.1489884235596,0.0,500.0,0.8262499999999999,160,3200000,36,0.014845959842205048,0.0002199999999999991,358.20813466980394,5218.909731441412,-0.008927435598361452,64.42891595378005,72.10206341743469,93.37957811355591,165.48164319992065,2.1982193842973174e-08,2.9296875254658516e-06
1486.9650697765167,0.0,500.0,0.7350000000000001,161,3220000,36,0.018461862578988075,0.0002194999999999991,490.8100858139239,7470.8555893794755,-0.01077113058565156,66.29046291233506,59.886980295181274,85.79113340377808,145.67811584472656,-1.1587142800806305e-08,2.685546860448085e-07
1269.6932758581709,0.0,500.0,0.8024999999999999,162,3240000,36,0.01639474928379059,0.00021899999999999912,379.8556056254546,6522.125996398384,-0.010826279066678601,68.4815853011917,62.711692571640015,80.86901044845581,143.5807044506073,-6.151199549719877e-09,4.272461069376732e-07
1466.6448738780687,23.525,500.0,0.74875,163,3260000,36,0.016574224457144737,0.00021849999999999913,454.7939007142608,7289.5996159291835,-0.008688698786613028,71.40256399019923,63.45671057701111,80.8769006729126,144.3336124420166,-1.1062621929625038e-08,1.8066406255456968e-06
1431.8946834765895,0.0,500.0,0.81375,164,3280000,36,0.014687676914036274,0.00021799999999999915,350.77904983509677,5046.95571744497,-0.010052280990078908,73.46530054002355,68.250985622406,89.63415551185608,157.88514304161072,6.008148201175345e-09,-3.488159109110711e-06
1424.8804083628916,0.0,500.0,0.72875,165,3300000,36,0.01663334295153618,0.00021749999999999913,408.9079279203892,5617.195050126828,-0.010342125255523768,75.72217418980759,60.58094382286072,73.08651065826416,133.66745615005493,-8.964538444899972e-09,1.3427734302240424e-07
1464.457205127679,0.0,500.0,0.8724999999999999,166,3320000,36,0.015314644202589989,0.00021699999999999912,448.407700986527,3839.353233405111,-0.009334528707229011,78.0544976778474,75.56461524963379,78.70422172546387,154.26883912086487,3.3378602104505717e-09,1.3549804407375632e-06
1434.2609766739286,0.0,500.0,0.765,167,3340000,36,0.015053024515509605,0.0002164999999999991,375.2915317256441,3185.0889624669107,-0.011051333652538825,79.77405657715775,69.13331484794617,83.00110149383545,152.1344175338745,-7.17639903058398e-09,2.5390625069121597e-06
1475.0985109882672,0.0,500.0,0.8237500000000001,168,3360000,36,0.017765767872333527,0.00021599999999999912,613.0086900929758,4264.67713802014,-0.010932910509209486,81.75740591583414,72.35326433181763,77.85493087768555,150.20819783210754,-1.0490417423625331e-09,-1.7700194803182967e-06
1470.716297953271,0.0,500.0,0.8175000000000001,169,3380000,36,0.014777341857552528,0.00021549999999999914,541.8340570302902,7464.340921701926,-0.011020953948009478,83.54127328565961,71.92303204536438,82.92027044296265,154.84330487251282,-2.1934509764065524e-09,-7.080078034960025e-07
1509.9096892960756,0.0,500.0,0.84375,170,3400000,36,0.01706545799970627,0.00021499999999999915,565.8474590814744,6132.347807472887,-0.010959874584497755,85.88317913614692,68.04929542541504,77.50260376930237,145.55190014839172,-5.7220459481754915e-09,2.2094727682997473e-06
1651.0720821593793,0.0,500.0,0.84375,171,3420000,36,0.013679243624210358,0.00021449999999999914,594.730947400392,9170.429119030212,-0.009827608625412968,87.91615165003573,81.74448442459106,86.59475612640381,168.33924174308777,1.2207030941624453e-08,-1.4648438195763447e-07
1830.7976610446647,0.0,500.0,0.8487499999999999,172,3440000,36,0.016012778505682945,0.00021399999999999913,710.2466553433127,6490.946489328013,-0.012360236302196199,90.3636661552562,62.84058976173401,90.80913639068604,153.64972758293152,-5.2452087118126656e-09,2.5634764710957825e-07
1651.7633473629546,0.0,500.0,0.7849999999999999,173,3460000,36,0.015105688013136387,0.00021349999999999912,481.0888894906821,7926.103506871645,-0.010569935259953098,92.98231940020642,63.27988052368164,87.4239387512207,150.70382118225098,-1.0967254882032762e-09,-1.2207031829802872e-07
1673.7634583899064,0.0,500.0,0.8237499999999999,174,3480000,36,0.016007214784622192,0.00021299999999999913,796.7667683718854,9304.726964016862,-0.010667604504225535,96.26279760718896,61.45601773262024,74.07169699668884,135.52771615982056,-8.77380390562621e-09,-3.1738281336401997e-07
1590.146760767497,3.3,500.0,0.8300000000000001,175,3500000,36,0.01558680273592472,0.00021249999999999912,548.0632642699253,8844.825280896053,-0.01083141964484442,99.03904002619247,61.919246196746826,81.7459945678711,143.6652433872223,-7.629394338515283e-10,-5.615234499600774e-07
1549.210652298365,3.3,500.0,0.7375,176,3520000,36,0.016059011220932007,0.00021199999999999914,750.5113335901598,6592.854752729833,-0.01121650811300567,101.81739910519796,62.11875677108765,85.7112934589386,147.8300518989563,-3.7193297330873065e-09,3.906249901319825e-07
1772.2234907597292,0.0,500.0,0.9475000000000001,177,3540000,36,0.016283348202705383,0.00021149999999999912,795.4657389201042,7642.678979518188,-0.010939917931699994,103.74724186080374,59.02621841430664,73.94366312026978,132.96988320350647,-2.3651123726153855e-08,2.9296876391526894e-07
1851.7523172189728,0.0,500.0,0.92125,178,3560000,36,0.017373906448483467,0.0002109999999999991,815.7270598000231,4449.5366364879565,-0.011133726556268994,105.4188197829599,67.4648106098175,71.78594827651978,139.2507607936859,-6.866454960174906e-09,-3.662109548940862e-08
1877.3416680708192,0.0,500.0,0.7537499999999999,179,3580000,36,0.012056613340973854,0.00021049999999999913,597.9595426167416,8089.753525349025,-0.009272618319327292,107.85335913980774,64.83613133430481,73.44962573051453,138.2857584953308,6.008148201175345e-09,-9.033203127728484e-07
1709.104147478972,0.0,500.0,0.8375,180,3600000,36,0.013593423180282116,0.00020999999999999911,582.353557459378,10977.026097577644,-0.010476839866516943,110.58712649523133,63.89385008811951,79.43565130233765,143.32950282096863,-4.291534239087014e-09,-7.080078034960025e-07
1960.5952991317288,8.9625,500.0,0.82875,181,3620000,36,0.015456962399184704,0.00020949999999999913,622.5013646690144,9468.35904736666,-0.011544735837778368,114.28509646135736,66.00928044319153,83.87390804290771,149.88319087028503,3.3855438452690123e-09,-7.81249980263965e-07
1823.5308036077931,2.9875,500.0,0.80375,182,3640000,36,0.016210034489631653,0.00020899999999999912,577.5629798461242,6149.151478381118,-0.010663625728118275,118.8613049917116,62.97237944602966,78.72648811340332,141.6988706588745,7.343292196537732e-09,-1.2695312534560799e-06
1784.7303867330563,0.0,500.0,0.85375,183,3660000,36,0.01933298073709011,0.00020849999999999913,527.2985600534804,7165.461833624794,-0.011505311501350778,124.04615690456792,74.56729078292847,71.45266366004944,146.0199568271637,1.115798919926192e-08,-5.249023615760962e-07
1523.137600618892,0.0,500.0,0.8399999999999999,184,3680000,36,0.019372059032320976,0.00020799999999999915,540.1951242608723,4365.684048805331,-0.012051251044393248,127.28843481573688,80.07191634178162,75.24216747283936,155.31408596038818,-8.583068700218632e-10,-2.1057128378743073e-06
1562.8704961077358,0.0,500.0,0.8,185,3700000,36,0.014423750340938568,0.00020749999999999916,709.1822940784436,4043.7516511450604,-0.011264205425697517,130.85754356208236,64.62982892990112,77.88620495796204,142.51603531837463,-4.0531160649948106e-09,7.81249980263965e-07
1778.7468009188765,1.04,500.0,0.8949999999999999,186,3720000,36,0.015347798354923725,0.00020699999999999918,701.0195823699225,3035.2077273151153,-0.010724316564926058,134.21277534449655,65.463294506073,84.29467463493347,149.75797176361084,4.768371808516747e-10,3.41796862812771e-07
1732.0767735322138,0.6050000000000001,500.0,0.9037499999999999,187,3740000,36,0.014958813786506653,0.00020649999999999916,797.6533105909126,2198.1458970659965,-0.011118695364533046,136.99370075533227,64.55391883850098,73.58929300308228,138.14321327209473,-7.867813067718998e-09,-9.6130372639891e-07
1849.0631330911442,0.005,500.0,0.8575000000000002,188,3760000,36,0.016811730340123177,0.00020599999999999915,715.930708070321,1899.0208573508949,-0.011942918842590957,139.99273370181496,70.70388531684875,74.19660067558289,144.90048694610596,2.160072298806881e-08,5.401611247179972e-07
1764.5987467273467,0.0,500.0,0.8924999999999998,189,3780000,36,0.014789285138249397,0.00020549999999999917,638.1682795807957,2314.2922652531993,-0.01215642563378644,142.6580768012391,70.50035953521729,84.40770626068115,154.9080672264099,9.346008411625917e-09,3.479003964912408e-07
1791.2747832187445,0.0,500.0,0.805,190,3800000,36,0.014734117314219475,0.00020499999999999918,593.6560414902996,2188.840051328031,-0.01148696535059562,146.284774681419,67.47972774505615,75.66098022460938,143.140709400177,9.53674295089968e-09,-3.6926269331161166e-07
1970.5615634466344,0.0,500.0,0.825,191,3820000,36,0.014749139547348022,0.0002044999999999992,644.3210539162731,2353.7044812934723,-0.012860783190762523,149.99839158577828,69.71326899528503,95.74962282180786,165.46289324760437,1.0919571025169716e-08,-7.080078034960025e-07
1469.091691949309,5.65,500.0,0.75375,192,3840000,36,0.015019522048532963,0.0002039999999999992,495.21881083067655,3947.663081073321,-0.012082917993180923,152.6843394346173,76.68639707565308,88.35746693611145,165.0438666343689,2.0980834847250662e-09,4.882812376649781e-08
1611.3062665413504,18.35,500.0,0.7637499999999999,193,3860000,36,0.01523053552955389,0.00020349999999999923,573.7439923406621,2963.5619431110745,-0.011605936436111191,155.9775361699926,69.65280604362488,90.25317907333374,159.90598678588867,2.0980834847250662e-09,-1.0345459031668724e-06
1690.2875157173191,3.175,500.0,0.9075,194,3880000,36,0.015318375080823898,0.00020299999999999924,492.62965648327474,2326.7947734904533,-0.011375149321043285,157.90443608368972,68.48246884346008,84.77506518363953,153.25753593444824,1.2397766369076635e-08,7.080078034960025e-07
1836.5119287824048,0.0,500.0,0.905,195,3900000,36,0.014558732509613037,0.00020249999999999923,504.83304034643743,2717.854672389628,-0.011322861403069153,159.1972708480342,68.22341251373291,77.84936690330505,146.0727813243866,-1.5258788677030566e-09,-6.774902203687816e-07
1834.7057930476137,0.0,500.0,0.9274999999999999,196,3920000,36,0.015803592279553413,0.00020199999999999925,524.5698303450157,3581.4033435283927,-0.012005027455555782,161.26460730187387,72.94030356407166,80.56048369407654,153.50078916549683,-1.1444092340440193e-09,1.9531249506599124e-07
1688.6794948383663,834.575,500.0,0.8850000000000001,197,3940000,36,0.018053583800792694,0.00020149999999999926,648.8639591150687,6278.932948395848,-0.013109960285507845,164.32065867869872,67.62180185317993,79.8078351020813,147.42963886260986,-1.6212463593845428e-09,3.0395508474612143e-06
1835.1335181606041,0.0,500.0,0.9112500000000001,198,3960000,36,0.014289021492004395,0.00020099999999999925,520.5108894548562,4533.678551979593,-0.012385023398816461,167.12288583708775,65.08481192588806,72.46651411056519,137.55132794380188,9.536742923144104e-11,-4.882812376649781e-08
1772.7009105524762,1.5012500000000002,500.0,0.87375,199,3980000,36,0.013679549098014832,0.00020049999999999924,506.96328628236705,3439.703737464068,-0.01166477799171765,169.73715140627428,69.27833366394043,70.75034809112549,140.02868390083313,-7.152557435219364e-10,-3.41796862812771e-07
1712.3197939740216,0.14875,500.0,0.885,200,4000000,36,0.015242570079863071,0.00019999999999999925,617.5069043447585,4137.509733363251,-0.012869120527983386,173.66771256267748,73.52081894874573,87.83098101615906,161.35180139541626,5.674362313357051e-09,5.493163826031378e-07
483.4062680088608,0.0,500.0,0.19624999999999998,201,4020000,1,0.022598976269364357,0.00019949999999999927,826.5808107418756,19214.446619783346,0.013676697126449868,75.78972184543792,65.3202805519104,2.0391507148742676,67.35943269729614,1.3923645347801994e-08,-9.912109817378223e-06
175.45633460744895,0.0,500.0,0.065,202,4040000,22,0.020135991275310516,0.00019899999999999928,1042.9309059318123,4820.647840461654,-0.0028939726230269936,76.55730579718579,61.03006410598755,50.519068241119385,111.54913425445557,-5.722046170220096e-10,-5.004882950743195e-06
910.3447766001758,836.95,500.0,0.32999999999999996,203,4060000,36,0.013788938522338867,0.0001984999999999993,425.91128394059524,5120.676384061543,-0.007346631746417137,78.19066624748059,63.465206146240234,78.36716079711914,141.83236837387085,-3.66687764596918e-08,2.197265530412551e-06
1278.42849007648,82.125,500.0,0.505,204,4080000,34,0.02118435688316822,0.0001979999999999993,827.7475705991851,5935.062979953582,-0.00778321378031741,79.94763420533695,65.85327577590942,77.21911525726318,143.07239198684692,4.091262795213879e-08,6.591797045985004e-07
1391.5233404299793,2.875,500.0,0.4987500000000001,205,4100000,36,0.015414352528750896,0.00019749999999999933,989.8348704978935,5194.473176706332,-0.008173314926905817,81.59628044022793,62.60044717788696,73.87290787696838,136.4733567237854,-1.602172794434864e-08,5.126953055878403e-06
1801.9654723882882,164.2525,500.0,0.5900000000000001,206,4120000,36,0.01872619241476059,0.0001969999999999993,1456.9918624084387,7248.652110724403,-0.008868052724691489,83.40996269101491,70.98830771446228,79.88040924072266,150.86871886253357,5.817413217812373e-09,3.4179688555013854e-06
2114.1926322115187,2.5475000000000003,500.0,0.6987500000000001,207,4140000,36,0.01671217940747738,0.00019649999999999933,1529.1920643550181,2326.187861953427,-0.009563964876148917,85.95995693660434,73.83396577835083,75.35340189933777,149.18736958503723,-1.273155181280572e-08,2.383422952334513e-06
1908.50820841218,0.0,500.0,0.61125,208,4160000,34,0.02232186309993267,0.00019599999999999934,1594.2695815429229,2200.3746988618764,-0.009680451705148333,89.1263004067114,67.45080709457397,67.7390124797821,135.18982076644897,-2.6273728082060188e-08,2.7282715109322453e-06
1837.8950267849164,0.125,500.0,0.615,209,4180000,24,0.02694745734333992,0.00019549999999999936,2334.0729675617968,3673.2631564724306,-0.007605443985379451,91.2266046190922,66.01836824417114,52.07620072364807,118.09457230567932,4.673004205812958e-09,-1.4404297417058842e-06
1648.7264776457384,0.2625,500.0,0.53875,210,4200000,36,0.01851338893175125,0.00019499999999999935,1949.6775253480066,1928.7219211522847,-0.010995998456047628,92.93696258742631,64.3083107471466,79.79663586616516,144.1049485206604,1.5354157056890472e-08,-1.0528564189371536e-06
1616.7352042380414,108.5625,500.0,0.51,211,4220000,36,0.01682489924132824,0.00019449999999999936,1945.946773977283,8098.621391179928,-0.009527317723265115,94.03207642024064,63.57852292060852,76.26647281646729,139.8449981212616,2.1123886639884404e-08,-3.3935546071006684e-06
1408.3450027135946,0.0,500.0,0.45500000000000007,212,4240000,36,0.019604509696364403,0.00019399999999999935,1716.6106342536405,3075.4818555935503,-0.008873135194750711,95.43475823949152,75.26718521118164,80.05829787254333,155.3254849910736,9.727478378351861e-09,-2.90527350443881e-06
1484.0612020758522,0.0,500.0,0.43374999999999997,213,4260000,31,0.020075079053640366,0.00019349999999999936,1382.5589697943094,4842.326394615893,-0.008455802788158415,97.96409081218538,65.4404764175415,66.95227289199829,132.3927526473999,-9.536743617033494e-10,-3.784179796184617e-07
2332.8547187787485,0.0,500.0,0.67,214,4280000,36,0.018374204635620117,0.00019299999999999938,1727.0973086589017,2284.6085811746343,-0.010579765299959559,99.41461348068134,64.8637170791626,76.10650181770325,140.97022032737732,7.534026735811494e-09,-4.913330258204951e-07
1806.8698151612593,2.425,500.0,0.4987500000000001,215,4300000,31,0.02091171219944954,0.00019249999999999937,1480.5797081430044,2747.190174249427,-0.008968679632906703,101.99004612324791,69.01872158050537,70.39569425582886,139.41441774368286,-8.678436635989328e-09,1.4038086249001935e-07
1601.7539882481692,40.99375,500.0,0.53,216,4320000,36,0.017784791067242622,0.00019199999999999938,1388.7680501507916,2467.7144004813654,-0.012851044767703015,105.23371508919604,62.09440732002258,76.76843762397766,138.8628487586975,1.7356873271978657e-08,8.209228781197453e-07
1312.9472114530909,520.86625,500.0,0.4050000000000001,217,4340000,36,0.017132239416241646,0.0001914999999999994,1477.0797893576982,5100.383311668777,-0.009225964834225121,106.50211970823895,63.60577607154846,75.9564516544342,139.56222891807556,-6.294250454175199e-09,-2.5634764710957825e-07
1828.3695848063246,130.58999999999997,500.0,0.6199999999999999,218,4360000,11,0.020329119637608528,0.00019099999999999938,1644.148483520118,2662.666613957441,-0.005664952878085309,106.622731111578,64.74770641326904,22.032792806625366,86.78050065040588,2.8610229740877458e-09,6.225586162145191e-07
2001.7180464463904,8.3625,500.0,0.5650000000000001,219,4380000,36,0.0156682301312685,0.0001904999999999994,1171.7819267072532,2953.4054099378495,-0.008876988202864738,107.72143257582573,70.32423734664917,80.42586731910706,150.75010633468628,3.4570692974966732e-09,2.0751953400122147e-07
2212.068351903995,25.087500000000002,500.0,0.5912499999999999,220,4400000,36,0.014796925708651543,0.00018999999999999941,1314.411066493372,3791.9404824676353,-0.008073537585882282,109.46340693689467,75.95068788528442,72.35849952697754,148.30919003486633,2.3841859042583735e-10,3.0395508474612143e-06
1528.6155211917214,66.5,500.0,0.47000000000000003,221,4420000,36,0.016307471320033073,0.0001894999999999994,1323.812461915319,3738.524628297632,-0.010714996530732915,112.12581795058354,77.25702214241028,81.00735831260681,158.26438212394714,4.291534239087014e-09,-1.1779785609178361e-06
1637.845084157312,887.06125,500.0,0.5262499999999999,222,4440000,36,0.015737585723400116,0.0001889999999999994,1213.8755310269844,10148.233691891584,-0.00998432438750429,114.1684356211431,67.69828343391418,81.06096124649048,148.75924825668335,-2.1934509764065524e-09,6.591797045985004e-07
1186.4835090450792,158.16,500.0,0.38625,223,4460000,34,0.02350449748337269,0.00018849999999999938,945.1461179618929,9056.966616384832,-0.012516339461984605,117.09959706559349,62.167407751083374,73.1595413684845,135.32695078849792,-6.675719976811934e-10,-4.589843683788786e-06
1003.1788423725211,1.00375,500.0,0.29625,224,4480000,16,0.021850649267435074,0.00018799999999999937,1568.6602759193688,9922.092722006118,-0.005467077828579234,119.49169339311008,69.01320552825928,31.921653032302856,100.93485975265503,1.5830993405074878e-08,3.808593646681402e-06
1617.2974980020244,3.52625,500.0,0.52125,225,4500000,36,0.01860676147043705,0.00018749999999999938,1326.4720397992553,4771.504808073142,-0.010383538134650809,121.36986131908456,61.75320363044739,82.5359833240509,144.2891879081726,-2.479553229406406e-09,1.6113281162688509e-06
1786.6651343903056,2.8612499999999996,500.0,0.45500000000000007,226,4520000,29,0.02343239262700081,0.00018699999999999937,982.6768520498533,14282.016851970038,-0.009289443079606675,123.93757132143259,71.68673205375671,70.43745303153992,142.12418746948242,-1.6212463593845428e-09,2.4902344648580765e-06
1575.284065540216,1038.3600000000001,500.0,0.44749999999999995,227,4540000,20,0.021773189306259155,0.00018649999999999936,1237.1236196499663,40756.14801512892,-0.0071954958141965866,126.2496451003102,64.45343160629272,40.17364025115967,104.62707376480103,2.07901003079769e-08,-3.906249901319825e-07
1832.7169138787635,951.1524999999999,500.0,0.5349999999999999,228,4560000,20,0.02069222182035446,0.00018599999999999934,1625.3596693142536,36750.63513780295,-0.0065139025991660555,127.21972998597751,68.0461483001709,37.629770040512085,105.67592024803162,-5.60283641704018e-09,2.587890548966243e-06
1756.1745551562194,0.0,500.0,0.55625,229,4580000,36,0.017583871260285378,0.00018549999999999936,1039.9444852591323,24057.910012642966,-0.011177894849006026,128.97003589287522,73.14848446846008,76.99846887588501,150.14695596694946,-1.0967254882032762e-09,2.148437488358468e-06
1602.5722599541873,0.0,500.0,0.49124999999999996,230,4600000,36,0.013317079283297062,0.00018499999999999935,1268.0490949520372,22283.701381435538,-0.010985522480534584,131.37284006478308,63.42300367355347,94.7194881439209,158.1424958705902,1.3875961712983553e-08,2.441406195430318e-06
1759.1879141487523,0.0,500.0,0.49625,231,4620000,36,0.018188700079917908,0.00018449999999999936,988.7236102791089,24259.48452465205,-0.010558567461993263,133.37046446172235,65.21415424346924,78.38414978981018,143.59830594062805,7.1525572131747595e-09,2.294921841894393e-06
1510.5786420878135,0.0,500.0,0.44749999999999995,232,4640000,36,0.014554467983543873,0.00018399999999999935,1067.2621967530986,18295.223860616417,-0.01112758377688432,135.6196858816042,67.19554591178894,82.0003707408905,149.19591760635376,1.2493133638713516e-08,1.4648438195763447e-07
1554.9024409369174,0.0,500.0,0.47875000000000006,233,4660000,36,0.015663374215364456,0.00018349999999999936,995.660699674412,12528.049885883542,-0.010978070996902727,138.9930379296771,65.20514392852783,77.54902648925781,142.75417256355286,-1.6951560155575862e-08,1.4648438195763447e-07
1582.552941683292,1293.275,500.0,0.47375,234,4680000,6,0.023400213569402695,0.00018299999999999935,1995.5312647225378,37001.43729615948,-0.0023637689103067905,140.97706931442244,71.54076409339905,17.217828273773193,88.75859498977661,1.516342251761671e-08,4.39453117451194e-07
1879.9543058665615,0.10874999999999999,500.0,0.5325000000000001,235,4700000,36,0.013717657886445522,0.00018249999999999934,1056.9541419181242,8288.796542253314,-0.011113880039969664,142.50401902799703,61.03710079193115,85.94006609916687,146.97716879844666,8.964538444899972e-09,1.9531250927684596e-06
1444.5805077075618,2.0662499999999997,500.0,0.41500000000000004,236,4720000,36,0.01980953849852085,0.00018199999999999936,1395.1004381745176,13066.287266144567,-0.010983061173642804,144.5028067599978,65.6998541355133,91.58912777900696,157.28898429870605,2.2602081983791322e-08,-9.521484116703505e-07
1934.954534210933,0.0,500.0,0.55375,237,4740000,36,0.01803644932806492,0.00018149999999999937,1390.4887142960044,9377.606582993685,-0.012368049991852183,145.67631484990767,72.06158900260925,76.3053183555603,148.3669102191925,4.339218317994664e-09,1.7333984487777343e-06
2030.4532833726091,70.7,500.0,0.5775,238,4760000,35,0.02017127349972725,0.00018099999999999936,1721.1158212805383,11681.13055204307,-0.012569526298033666,147.99889041512375,63.14852213859558,80.27998948097229,143.4285135269165,1.3518333119577619e-08,-1.2329101082286797e-06
1688.9911844882292,0.0,500.0,0.4987500000000001,239,4780000,36,0.018736666068434715,0.00018049999999999935,1601.1272736489454,9936.47386617393,-0.011830394915621635,150.47754685033243,67.31588816642761,84.29565453529358,151.61154508590698,-1.5258788677030566e-09,7.324219097881723e-08
1591.6776988883753,977.525,500.0,0.4525,240,4800000,6,0.024270817637443542,0.00017999999999999936,1947.496609038819,29157.87840340871,-0.0020326431217048955,152.01666629454073,62.66065573692322,12.209025621414185,74.86968326568604,2.7656554824062596e-09,4.1259763747802936e-06
2008.9075338239588,0.0,500.0,0.6525000000000001,241,4820000,33,0.023351816460490227,0.00017949999999999938,1506.0989719420045,13936.055015975386,-0.011874876169880777,155.2081981595782,63.72136449813843,68.35329389572144,132.07466101646423,4.386901952813105e-09,-1.5136719184738467e-06
2341.324433565339,67.875,500.0,0.6224999999999999,242,4840000,23,0.021443698555231094,0.0001789999999999994,1503.9285724744282,18016.887470180183,-0.00893160436048991,157.9804210533018,65.66804552078247,59.854296922683716,125.52234482765198,1.3017654509894783e-08,-3.6621094068323146e-07
1511.5898474026221,155.7,500.0,0.44000000000000006,243,4860000,16,0.02261776477098465,0.00017849999999999938,1900.3986591972864,18888.652930652752,-0.007532418113776123,160.05627883204255,69.80770206451416,36.08656311035156,105.8942666053772,2.7847290695603988e-08,-3.906249901319825e-07
2010.0793933533394,0.0,500.0,0.5900000000000001,244,4880000,22,0.020575283095240593,0.0001779999999999994,1776.126307611302,13444.109264771536,-0.008902731299990826,161.7505436192894,63.97089600563049,50.66608738899231,114.63698506355286,-4.1961669694501325e-09,-3.1738281336401997e-07
2509.576119188521,0.22999999999999998,500.0,0.7125,245,4900000,12,0.020896347239613533,0.0001774999999999994,1891.5878495123948,14701.798032067962,-0.0066114028193467195,163.7656154734131,73.57719540596008,26.053865671157837,99.63106369972229,6.961822673900997e-09,-1.9531250927684596e-06
1802.4002792129868,34.956250000000004,500.0,0.54875,246,4920000,30,0.021113231778144836,0.00017699999999999942,1470.3483060729136,29201.94595736665,-0.011361148875877181,165.75234665063243,81.83301997184753,61.74298596382141,143.57600784301758,7.3909758313561724e-09,-2.2460937998403097e-06
2378.0018063866432,1716.32875,500.0,0.6599999999999999,247,4940000,12,0.022546138614416122,0.0001764999999999994,1941.5059450045942,53987.859850411216,-0.0071332831482087584,167.03005147411926,63.4728627204895,32.63979649543762,96.11266112327576,3.051757735406113e-09,1.757812469804776e-06
1920.195416508876,45.935,500.0,0.5475,248,4960000,29,0.020659344270825386,0.0001759999999999994,1291.7168060837305,17750.197252876,-0.011523223727830907,168.02630298862874,70.41628074645996,69.0672516822815,139.48353552818298,1.1348724626714102e-08,-2.0019531348225428e-06
2276.6571901081484,585.6,500.0,0.6212500000000001,249,4980000,7,0.02158220112323761,0.00017549999999999941,2587.143637952713,42029.13847052306,-0.0033375628409241568,168.6499961250615,64.7995035648346,17.81065559387207,82.61016082763672,-6.675719976811934e-10,-1.367187451251084e-06
2544.2450905996952,0.0,500.0,0.6875,250,5000000,26,0.022034266963601112,0.00017499999999999943,1560.0702479417098,20558.437233239318,-0.0106835907841164,170.06576095209803,68.33607149124146,59.193031311035156,127.52910494804382,1.8119812317252126e-09,-1.708984314063855e-07
2623.4199655249918,0.0,500.0,0.7212500000000001,251,5020000,35,0.020334821194410324,0.00017449999999999942,1340.6612686331334,16058.21612625157,-0.011054289553400312,52.830013796076386,64.33747100830078,78.74052023887634,143.07799315452576,5.030631911040473e-09,5.126952942191565e-07
2567.03468690924,0.0,500.0,0.70875,252,5040000,16,0.020361270755529404,0.00017399999999999943,2407.4728832122996,18381.971776700248,-0.009089840996012571,54.53671853382367,64.57442283630371,34.87514853477478,99.44957327842712,-5.2452087118126656e-09,-9.277343906433089e-07
2302.205760116111,0.0,500.0,0.61,253,5060000,32,0.020077748224139214,0.00017349999999999942,1610.2041416960403,15766.287952922785,-0.011329707176756142,56.555191705402095,67.00240683555603,63.67448425292969,130.67689275741577,1.0728836485895954e-08,4.882812731921149e-07
2657.254695166873,0.0,500.0,0.805,254,5080000,12,0.022926846519112587,0.0001729999999999994,2430.543884399219,15485.42147687398,-0.007183878704683838,58.30008592595435,64.1458752155304,23.083158254623413,87.22903537750244,-5.62667867853861e-09,-7.080078034960025e-07
2659.335377901415,0.0,500.0,0.73375,255,5100000,30,0.021477501839399338,0.0001724999999999994,2076.336128184488,14379.86057408407,-0.011209610406744777,60.069286805499225,72.41960763931274,67.98630404472351,140.4059133529663,-1.3351439953623867e-09,4.882812731921149e-07
2516.833269270708,0.0,500.0,0.7112499999999999,256,5120000,28,0.020098702982068062,0.0001719999999999994,1825.5459183449616,8062.791225779823,-0.011650313342333143,62.80195530186718,64.19322538375854,57.27273774147034,121.46596479415894,-6.771087690538025e-09,8.300781360048859e-07
2857.8482417558225,0.0,500.0,0.805,257,5140000,23,0.02013286016881466,0.0001714999999999994,2035.7706697943277,11672.862897794235,-0.010154328786562711,65.07582324696077,64.7423689365387,57.618900537490845,122.36127066612244,-9.727478378351861e-09,1.3183594091970008e-06
2680.1627713957523,0.0,500.0,0.73125,258,5160000,35,0.021303754299879074,0.0001709999999999994,1737.2270435509101,8532.25244630912,-0.011098953263854522,68.28712767718972,65.53270387649536,82.07390666007996,147.6066117286682,-2.1934509764065524e-09,2.685546860448085e-07
2462.8411883935782,595.29375,500.0,0.68,259,5180000,19,0.02067769132554531,0.00017049999999999943,2314.862935488457,20246.192323655505,-0.008889716520673878,70.37691770161985,63.05353045463562,41.211411237716675,104.26494264602661,1.125335735707722e-08,1.708984314063855e-07
2183.3958697199187,274.78125,500.0,0.63,260,5200000,26,0.020262882113456726,0.00016999999999999944,2576.362712876045,18174.589482189076,-0.011419544420944347,72.08631427846456,65.68241906166077,55.32272529602051,121.00514578819275,-6.580352707175052e-09,2.4414063659605745e-07
2649.0462574968733,0.0,500.0,0.79375,261,5220000,36,0.016900110989809036,0.00016949999999999946,2098.816427082553,15953.408406857188,-0.011614581377884054,74.75591856374527,69.32862424850464,77.58041381835938,146.90903973579407,1.5258788677030566e-09,5.37109372089617e-07
2444.677452668726,38.45,500.0,0.6950000000000001,262,5240000,17,0.020226631313562393,0.00016899999999999945,1887.6859912123139,12248.638971900475,-0.008567423961982776,76.61335715251049,63.235790967941284,44.88481020927429,108.12060308456421,-1.0490417423625331e-09,1.2207031829802872e-07
2846.166154145353,0.0,500.0,0.71875,263,5260000,36,0.017036836594343185,0.00016849999999999943,1579.2496259416466,9584.27563968397,-0.010468179201402259,78.27125291482413,63.991883516311646,85.21201539039612,149.20390009880066,6.341934088993639e-09,-3.906249901319825e-07
2821.1091769048717,0.0,500.0,0.7325,264,5280000,12,0.020432105287909508,0.00016799999999999945,1668.3357696939454,8739.19819532238,-0.00799446318103189,80.30219837956535,61.43305826187134,25.20510721206665,86.63816714286804,-5.7220459481754915e-09,-2.8442382244975306e-06
2770.8015115782837,0.0,500.0,0.7125,265,5300000,27,0.02001851238310337,0.00016749999999999946,1630.3249049025899,11609.816371193243,-0.012284860041226349,83.18578589054243,67.19837617874146,53.59411072731018,120.79248881340027,-1.7166137400437265e-09,1.757812469804776e-06
3075.4868055642996,0.0,500.0,0.7775000000000001,266,5320000,21,0.023619918152689934,0.00016699999999999945,1829.361006083997,10691.300783812863,-0.009694456885138487,85.16687539264743,61.93142914772034,49.18963074684143,111.1210618019104,-3.3378602104505717e-09,3.6621094068323146e-07
3091.5405558293883,0.0,500.0,0.79,267,5340000,34,0.023317614570260048,0.00016649999999999947,1645.6053732728806,12125.903024772038,-0.012714858327220737,86.2225866462924,60.862571716308594,81.72759675979614,142.59017062187195,1.907348723406699e-09,1.6845702930368134e-06
2257.7475958810546,0.0,500.0,0.5962500000000001,268,5360000,26,0.020770210772752762,0.00016599999999999945,1298.8300563374441,8152.134810160114,-0.01173017054511718,87.98383229579818,64.4680986404419,65.0218346118927,129.4899353981018,1.8215178698710588e-08,1.4404297417058842e-06
2575.8452176700207,0.0,500.0,0.7025,269,5380000,36,0.018456725403666496,0.00016549999999999944,1618.3916761285243,11707.926773910875,-0.012357450612998552,90.27477896869458,68.8870141506195,81.89544010162354,150.78245663642883,4.00543198608716e-09,1.074218744179234e-06
3008.467988026228,0.0,500.0,0.7325,270,5400000,24,0.021013004705309868,0.00016499999999999946,1739.343981668718,11942.194378740109,-0.011152146232091991,92.4171213235337,65.98309445381165,52.15785765647888,118.14095377922058,-1.0299682884351569e-08,9.277343906433089e-07
3348.365087297563,0.0,500.0,0.8924999999999998,271,5420000,31,0.021734757348895073,0.00016449999999999944,1747.3479200668044,10030.528822948303,-0.011391780933579844,94.47988440977426,80.86676144599915,75.4024875164032,156.2692506313324,-2.956390465769232e-09,1.3183594091970008e-06
2998.437270616481,293.6,500.0,0.8087499999999999,272,5440000,32,0.02088829129934311,0.00016399999999999946,1583.65881226695,21645.2891502746,-0.010453323283507608,97.61461393825543,63.689876317977905,67.26343774795532,130.9533166885376,-1.5258788677030566e-09,2.978515567519935e-06
3122.844087029998,0.0,500.0,0.8275,273,5460000,22,0.02153223752975464,0.00016349999999999945,2248.8282696682113,13379.255729150122,-0.010968741913926048,99.43723044061674,69.58302974700928,48.538068771362305,118.12110137939453,7.438659466174613e-09,-1.56249996052793e-06
3695.93472522843,0.0,500.0,0.9462499999999998,274,5480000,16,0.02006361074745655,0.00016299999999999944,1918.819616421343,16932.348162081296,-0.010167979761011922,100.4071628978839,69.02325057983398,36.36950469017029,105.39275765419006,-8.77380390562621e-09,-4.1503906800244295e-07
3509.936081105566,0.0,500.0,0.9162500000000001,275,5500000,26,0.021660521626472473,0.00016249999999999945,2298.822022181877,15877.929934310632,-0.009409735664803352,101.48866932818098,62.37602233886719,70.01690649986267,132.39293098449707,-9.536743617033494e-10,1.220703097715159e-06
3633.0562869793694,0.0,500.0,0.9350000000000002,276,5520000,24,0.02025209181010723,0.00016199999999999944,2007.9781895719777,18331.1964062578,-0.011851169105968314,103.42622781942447,65.22434592247009,52.277979612350464,117.50232863426208,1.1634826435624745e-08,1.9531249506599124e-07
3583.524540515237,0.0,500.0,0.8699999999999999,277,5540000,36,0.022629544138908386,0.00016149999999999943,1515.9236604448831,17429.096798377803,-0.010700739531282383,106.42227717566499,67.47993445396423,75.77852845191956,143.25846600532532,6.103515470812226e-09,1.708984314063855e-07
2904.9630502123164,0.0,500.0,0.7474999999999999,278,5560000,36,0.01893397979438305,0.00016099999999999941,1479.8420420772943,16449.946930939142,-0.01185817061617632,109.41733924844056,69.08007144927979,75.79314851760864,144.87322306632996,-1.2254714576442893e-08,-1.4648438195763447e-07
3234.6089094317126,0.0,500.0,0.8099999999999999,279,5580000,14,0.023866817355155945,0.00016049999999999943,1482.993689762953,11513.522125007354,-0.007003389291424051,112.36726266746922,63.43375778198242,26.848137140274048,90.28189587593079,-4.959106458812812e-09,-8.544921570319275e-08
3396.3497979093977,0.0,500.0,0.8512500000000001,280,5600000,29,0.020452039316296577,0.00015999999999999944,1591.9792218966356,10416.12161873169,-0.011162041000834304,115.14251718986556,67.46764254570007,66.25998902320862,133.727632522583,3.6239624634504253e-09,4.1503906800244295e-07
3041.4354012724957,0.0,500.0,0.81375,281,5620000,35,0.023552458733320236,0.00015949999999999943,1558.9921267921661,8897.761005404745,-0.01231899203191499,117.89299333399151,61.95167136192322,81.7433454990387,143.69501948356628,8.392333938900265e-09,-1.5869140952418093e-06
2923.1238753278544,0.0,500.0,0.7975000000000001,282,5640000,30,0.020404309034347534,0.00015899999999999942,2253.1938720638127,12076.182632956541,-0.012069946638094232,119.52136921583019,65.05968070030212,74.47552752494812,139.53521013259888,5.340575981449547e-09,-2.587890548966243e-06
3372.6794212947657,0.0,500.0,0.85875,283,5660000,19,0.02120053581893444,0.00015849999999999943,1871.6284217609966,15422.172397313969,-0.010536485057833446,121.1365818314258,63.38487005233765,39.87581515312195,103.26068639755249,3.8146971692576415e-10,9.765624753299562e-08
3063.500109952809,0.0,500.0,0.8700000000000001,284,5680000,20,0.021421361714601517,0.00015799999999999945,2182.645384074933,12506.089289948583,-0.009648942458740891,123.44941147630588,65.69325041770935,39.352062940597534,105.04531455039978,-1.0871887390351276e-08,-2.3193358629214345e-06
2407.3269164856783,20.60625,500.0,0.6275000000000001,285,5700000,33,0.020089054480195045,0.00015749999999999944,1329.9476292876354,19843.3597583828,-0.01089381666792531,124.70163575976709,65.93094396591187,76.16126775741577,142.09221386909485,2.1934509764065524e-09,1.4648438195763447e-07
3124.070591913526,6.86875,500.0,0.8,286,5720000,14,0.025882666930556297,0.00015699999999999945,1279.7550824268503,10090.955724412368,-0.008057552344690275,126.73145272251897,62.769057750701904,30.115907907485962,92.88496661186218,-5.435943695175638e-09,-1.025390588438313e-06
3202.9668015431225,0.0,500.0,0.8074999999999999,287,5740000,34,0.020078998059034348,0.00015649999999999947,1828.1080891982524,16540.004728050928,-0.012729259731155781,128.10862988230207,62.73403024673462,74.4901340007782,137.2241654396057,2.6702879907247734e-09,-1.4648438195763447e-07
2805.391399148146,0.0,500.0,0.8399999999999999,288,5760000,28,0.020779723301529884,0.00015599999999999946,1549.632592354883,15380.13540380592,-0.010750872706475833,131.22657874772017,65.04214692115784,58.00346040725708,123.04561018943787,-8.964538444899972e-09,1.5136719184738467e-06
3260.9044662942592,0.0,500.0,0.8524999999999998,289,5780000,26,0.020168408751487732,0.00015549999999999947,2066.327763727825,21392.292489258773,-0.010683748407744175,132.65078797414222,72.39759826660156,57.08408188819885,129.4816815853119,-4.76837147544984e-09,-7.81249980263965e-07
2857.614190229806,0.0,500.0,0.7175,290,5800000,30,0.020823273807764053,0.00015499999999999948,1442.5122649528982,13850.864189549326,-0.011560538292865451,135.55201820641662,74.82760977745056,60.81010055541992,135.63771176338196,4.863739189175931e-09,7.81249980263965e-07
3519.7468243162048,0.0,500.0,0.86875,291,5820000,14,0.020233437418937683,0.0001544999999999995,1578.684754135292,17418.551170582425,-0.010216052023143882,137.29392699986383,69.98366236686707,26.33583354949951,96.31949782371521,7.0095063087194376e-09,1.3183594091970008e-06
3550.3022843588124,205.95,500.0,0.8775000000000001,292,5840000,20,0.021605823189020157,0.00015399999999999951,1538.03647166243,25007.797075792016,-0.010645817002592484,140.1725694942779,66.46244096755981,49.63253307342529,116.09497547149658,3.2424927187690855e-09,-3.295898522992502e-06
2992.787528670297,3.9224999999999994,500.0,0.80625,293,5860000,23,0.022225067019462585,0.0001534999999999995,1375.2576512091523,42491.469693429375,-0.0103173663897008,141.88623165359,69.33705949783325,54.2129852771759,123.55004620552063,3.433227480087453e-09,-3.41796862812771e-07
3213.4183089404123,22.2275,500.0,0.8300000000000001,294,5880000,15,0.020431285724043846,0.0001529999999999995,2107.107657032602,24549.961745478067,-0.00888732407662097,142.83656995161908,66.17269277572632,28.732204914093018,94.90490198135376,-3.8146971692576415e-10,1.220703097715159e-06
3389.0841738248746,0.0,500.0,0.8512500000000001,295,5900000,27,0.020018599927425385,0.0001524999999999995,1667.5904453337623,21025.405983325985,-0.010538197593492813,144.69064363374216,68.19511914253235,55.68329095840454,123.87841248512268,3.814697446813398e-09,1.6601562720097718e-06
3149.609043897172,0.0,500.0,0.80625,296,5920000,26,0.02035992406308651,0.00015199999999999952,1867.4121294675515,19109.79595270764,-0.01123407514371952,148.0203049951058,81.8044855594635,56.855695486068726,138.66018295288086,-4.76837147544984e-09,1.708984314063855e-07
2878.7403520825033,0.0,500.0,0.77625,297,5940000,17,0.0232960507273674,0.00015149999999999954,2019.521406552595,22115.858504058946,-0.010435750856013677,149.91451573851324,58.40503215789795,36.36013841629028,94.7651720046997,-3.051757735406113e-09,-3.6621094068323146e-07
2929.7534922473924,0.0,500.0,0.8,298,5960000,36,0.018088124692440033,0.00015099999999999952,1893.8925581726573,22774.7778789397,-0.011854940333971796,151.0823851555935,69.59117841720581,74.75836682319641,144.34954810142517,1.6212463593845428e-09,-1.9531249506599124e-07
3291.9342337238368,48.895,500.0,0.85125,299,5980000,24,0.020777303725481033,0.0001504999999999995,1522.0479080720197,21566.290162887817,-0.009287236716424207,152.11246435634627,68.13145112991333,52.05584001541138,120.18729281425476,1.1825561863076928e-08,-4.882812376649781e-08
3054.646403642063,186.67999999999998,500.0,0.78125,300,6000000,19,0.020351430401206017,0.0001499999999999995,2047.428536542909,26992.200563350285,-0.00992536892037327,154.09131445146235,64.32009959220886,36.00768852233887,100.32779026031494,-4.76837147544984e-09,1.8066406255456968e-06
2818.69454784609,6001.97625,500.0,0.465,301,6020000,33,0.021581536158919334,0.00014949999999999951,2103.888678564108,164352.25819909736,-0.00992204676242622,55.0411396685846,66.1164379119873,73.77015948295593,139.88659954071045,6.370544269884704e-08,2.148437488358468e-06
2450.749694059793,6137.69625,500.0,0.29625,302,6040000,7,0.02402636967599392,0.00014899999999999953,1891.4426262149088,165625.41537290334,-0.0041545584635483464,56.25204163259265,76.63247537612915,14.46747088432312,91.0999481678009,1.9092560421540838e-07,-8.593749953433871e-06
2465.683247437184,7165.4400000000005,500.0,0.2575,303,6060000,7,0.020255187526345253,0.00014849999999999952,1503.1461537098678,264188.9845827034,-0.003204819814963857,56.9908313115728,67.89976906776428,14.259241342544556,82.15901160240173,1.7833709620163063e-08,-1.4453125004365575e-05
2649.6806670441706,4369.455,500.0,0.33999999999999997,304,6080000,8,0.020196232944726944,0.00014799999999999953,1279.1000533911367,233117.6969926243,-0.003969718921206559,57.62225873020891,62.67397379875183,15.93360424041748,78.60757994651794,-3.1661986810149756e-08,-4.199218892608769e-06
2463.0571252684167,7741.08,500.0,0.29625,305,6100000,26,0.021506406366825104,0.00014749999999999952,935.4022241978189,224397.8089550709,-0.008919067752490227,59.00347161498109,65.1109824180603,65.07236289978027,130.1833472251892,4.959106547630654e-08,2.2460937998403097e-06
2727.4534544951384,2845.175,500.0,0.40125,306,6120000,18,0.020029176026582718,0.00014699999999999953,937.676835655616,145880.27894604745,-0.006615567154720172,60.10341843824079,60.976837158203125,39.66357111930847,100.64041137695312,1.0204315614714687e-08,1.074218744179234e-06
2834.911303979369,4363.78875,500.0,0.40750000000000003,307,6140000,36,0.017380034551024437,0.00014649999999999952,966.7147283801213,187299.5052969069,-0.008712763240660733,61.84200831106211,64.81956815719604,77.11905980110168,141.93862867355347,2.4223327343975143e-08,-5.859375278305379e-07
3234.8136761359556,8407.232500000002,500.0,0.505,308,6160000,12,0.020181693136692047,0.0001459999999999995,1016.0711954460104,423686.2667606829,-0.004898551395396019,63.02204544323321,63.34274911880493,24.154798984527588,87.49754977226257,1.8215178698710588e-08,-9.960937859432306e-06
2889.1118123228653,7714.178750000001,500.0,0.40625,309,6180000,17,0.020396608859300613,0.0001454999999999995,1052.9418043234455,188931.57273766387,-0.00741644639324406,64.20578918284971,70.93693089485168,36.32453799247742,107.26147103309631,-2.5796889957518943e-08,6.83593725625542e-07
2483.8962131560047,10987.69875,500.0,0.275,310,6200000,16,0.020139245316386223,0.0001449999999999995,900.920846107288,427910.4373377596,-0.004990418465769353,65.64318536569516,73.25665616989136,34.9914665222168,108.24812388420105,2.861023085110048e-10,1.9531249563442543e-05
2887.969500939099,12082.67,500.0,0.39125,311,6220000,1,0.039177607744932175,0.0001444999999999995,1664.5085803144657,430750.02513478434,0.0032493659033300207,66.44010055103242,65.98431777954102,1.8722574710845947,67.85657668113708,-2.250671471415444e-08,8.105468623398338e-06
3214.4561506966156,3526.31375,500.0,0.47874999999999995,312,6240000,20,0.021477922797203064,0.0001439999999999995,911.9500563746443,157495.7760121306,-0.008489018630127783,67.21179625660467,72.18583869934082,43.95103311538696,116.13687324523926,-7.1525572131747595e-09,1.074218744179234e-06
3010.457988405088,8090.33125,500.0,0.46749999999999997,313,6260000,18,0.02118494175374508,0.0001434999999999995,1082.4189946720014,252935.31051082158,-0.005990506414728048,68.4153103623612,64.66998672485352,37.23374652862549,101.90373468399048,-1.0585784693262212e-08,-3.12499992105586e-06
3319.440515475937,7292.2325,500.0,0.5575000000000001,314,6280000,19,0.020482726395130157,0.00014299999999999952,808.7663649730127,276491.5093035354,-0.008637640417934188,70.2298486112085,65.87347865104675,50.67921280860901,116.55269384384155,-1.4019012617438875e-08,-4.492187599680619e-06
2796.7418620911258,4865.933749999999,500.0,0.3775,315,6300000,14,0.021315712481737137,0.0001424999999999995,911.9947547825544,354672.6092822912,-0.006183124870235727,72.01240769895121,64.19625663757324,26.856504440307617,91.05276250839233,6.580352707175052e-09,1.6601562720097718e-06
2930.262284426203,10783.29125,500.0,0.3975,316,6320000,4,0.026568258181214333,0.0001419999999999995,1192.9000698613663,311884.2423076203,-0.00012326913925941093,72.96464157713869,61.40385842323303,8.90815544128418,70.31201553344727,6.127357288221447e-09,7.031249879219104e-06
3023.9956431431056,12638.09875,500.0,0.4725,317,6340000,17,0.02135501801967621,0.0001414999999999995,1178.4506067033326,416469.02024408005,-0.004640490730179152,73.19885996341974,67.88493227958679,33.88762140274048,101.77255582809448,2.479553229406406e-09,7.031249879219104e-06
3151.5396850869756,11731.5525,500.0,0.44375,318,6360000,3,0.023221762850880623,0.0001409999999999995,1306.1972685175074,497328.5739483493,0.0033597247459339545,74.00466615882037,62.044432640075684,6.491469383239746,68.53590559959412,-7.343292196537732e-09,1.4062499758438207e-05
2759.736994708336,7105.70875,500.0,0.38125,319,6380000,24,0.020088983699679375,0.0001404999999999995,1072.257376503259,324206.11944196577,-0.007854065339754687,75.21704443625876,75.25273728370667,47.88766860961914,123.14040803909302,4.673004205812958e-09,-5.859375278305379e-07
2860.7324705379656,6897.728749999999,500.0,0.445,320,6400000,20,0.021042319014668465,0.00013999999999999953,791.8700143271742,214200.61701870756,-0.009167427148003452,76.45739580343326,64.53922963142395,42.37551927566528,106.91475176811218,-6.1988831845383174e-09,1.074218744179234e-06
3000.651162751508,7380.51875,500.0,0.4125,321,6420000,10,0.02086053043603897,0.00013949999999999954,851.597797669237,337619.6353621705,-0.004163381723187173,77.32775690974519,65.95169425010681,21.76447582244873,87.71617197990417,1.034736651917001e-08,-2.734374902502168e-06
2500.5147877757963,5896.04875,500.0,0.25250000000000006,322,6440000,22,0.02075500413775444,0.00013899999999999953,600.7086820965274,214893.90803322638,-0.009864347106137405,78.300575689559,68.06370806694031,43.08465552330017,111.14836692810059,7.1525572131747595e-09,9.765624753299562e-08
2847.2121440896326,7702.91875,500.0,0.40375000000000005,323,6460000,28,0.02004224993288517,0.00013849999999999954,731.0211824637361,362320.3243188131,-0.006982125775089011,80.26490660684395,64.6081931591034,60.92340588569641,125.53160119056702,8.296966669263384e-09,-5.468749805004336e-06
3588.7935614989606,12156.0625,500.0,0.6050000000000001,324,6480000,19,0.020076654851436615,0.00013799999999999953,1233.314534781459,473621.0709167963,-0.007053578567659983,81.99797427836678,63.19583201408386,38.93990874290466,102.13574314117432,5.435943695175638e-09,-2.9687500500585884e-05
3296.872997911233,6809.308750000001,500.0,0.54125,325,6500000,28,0.02160130999982357,0.00013749999999999952,875.9599953481238,127460.22878138283,-0.009806993688980185,84.57950211354773,64.09995174407959,70.31057262420654,134.41052627563477,2.574920721087892e-09,-3.906249901319825e-07
3241.8240109623703,11887.592499999999,500.0,0.46875,326,6520000,25,0.022404052317142487,0.0001369999999999995,1528.6602448991769,631023.8228434505,-0.005058369119011889,87.67187446862364,65.40418672561646,46.841188192367554,112.2453773021698,3.1471252270875993e-09,-1.2304687516007107e-05
3379.623470715661,8691.13625,500.0,0.5362500000000001,327,6540000,17,0.020109955221414566,0.0001364999999999995,1154.9781739066987,400675.29545484576,-0.004151831470024533,90.11709994334203,68.62915349006653,35.7480890750885,104.3772439956665,-3.6239624634504253e-09,2.5390625069121597e-06
3141.8191090499795,11290.94125,500.0,0.47875000000000006,328,6560000,21,0.02236940525472164,0.0001359999999999995,1203.612267674548,439140.10998830444,-0.007728234677334374,91.25030128621772,60.62567162513733,46.5937762260437,107.21944952011108,4.386901952813105e-09,1.162109401775524e-05
3592.1720142874024,6997.110000000001,500.0,0.615,329,6580000,16,0.02089190110564232,0.00013549999999999953,1837.9756426613171,513786.0759784345,-0.005580694293843199,92.3428644981628,67.12927770614624,30.51091170310974,97.64019131660461,9.536743617033494e-10,-5.0781250138243195e-06
3381.512681267462,10167.27375,500.0,0.5825,330,6600000,20,0.020095234736800194,0.00013499999999999954,1127.3489688276102,433832.69612120604,-0.009461840318877417,94.18280871820907,71.97851157188416,40.860082387924194,112.8385968208313,8.392333938900265e-09,-8.593749953433871e-06
3119.035145045856,6118.998750000001,500.0,0.47874999999999995,331,6620000,18,0.02304770052433014,0.00013449999999999956,1244.7739848122344,348312.82039015356,-0.009046226848281502,95.77429214114622,67.90377974510193,43.3733069896698,111.27709007263184,-9.918212917625624e-09,-1.367187451251084e-06
3177.0671776761696,2092.5150000000003,500.0,0.54375,332,6640000,20,0.02040235511958599,0.00013399999999999954,1096.783045291596,190362.1973067311,-0.0076539917642952865,96.5484287310713,65.52622580528259,40.499372482299805,106.02560091018677,2.479553229406406e-09,-3.906249901319825e-07
3618.6382740055524,3765.525,500.0,0.64,333,6660000,17,0.020438607782125473,0.00013349999999999956,1625.5028105852098,277340.04133643524,-0.007888058412524653,97.81645245078003,68.95853757858276,34.817506074905396,103.77604603767395,3.814697446813398e-09,-9.765625463842298e-07
2672.8136055428595,3737.15125,500.0,0.36875,334,6680000,17,0.020121021196246147,0.00013299999999999955,1282.1914221998939,251885.79307776675,-0.00949017601413241,100.50961293387381,73.62151575088501,37.36986541748047,110.99138355255127,-4.100799699813251e-09,5.859375278305379e-07
3247.354061734881,3725.94625,500.0,0.4987500000000001,335,6700000,19,0.02348940260708332,0.00013249999999999953,1444.8339384036324,276870.16494349175,-0.009032248904860755,103.048583921513,63.07757592201233,53.44794225692749,116.52552199363708,8.01086397217432e-09,9.765624753299562e-08
2993.4842506887317,1465.30125,500.0,0.43375,336,6720000,22,0.02018571086227894,0.00013199999999999955,730.2906279662235,208449.44239685254,-0.010147963305268487,105.93573990444303,62.68224382400513,48.04731893539429,110.72956418991089,3.8146971692576415e-10,3.6132812510913936e-06
2963.0151500371153,2072.40625,500.0,0.44125,337,6740000,30,0.020762421190738678,0.00013149999999999956,766.5413746591066,191986.51697221946,-0.010664101626676397,109.22878723713282,62.456305265426636,66.31389355659485,128.77020025253296,5.2452087118126656e-09,1.074218744179234e-06
3100.867475581386,2230.66125,500.0,0.4574999999999999,338,6760000,24,0.020639322698116302,0.00013099999999999955,740.3140076362033,205656.5332427751,-0.009915270757686874,111.5080690008129,76.24792242050171,54.38715744018555,130.63508105278015,-9.53674295089968e-09,9.765625463842298e-07
3241.854036900749,4865.92125,500.0,0.5237499999999999,339,6780000,15,0.023069098591804504,0.00013049999999999957,1341.991487522958,396091.0369504626,-0.009027131930434,113.54409843014199,75.12163257598877,29.992797374725342,105.11443185806274,5.292892346631106e-09,-1.074218744179234e-06
3594.2806468160734,5089.8,500.0,0.60375,340,6800000,26,0.020025933161377907,0.00012999999999999955,1220.611329716879,233419.93884244343,-0.009333281056905332,116.17244118019943,61.74868893623352,65.3676085472107,127.11630010604858,-7.629394893626795e-09,-5.859375278305379e-07
3295.041561134959,2286.2525,500.0,0.54125,341,6820000,22,0.020106667652726173,0.00012949999999999957,883.3704811160453,315210.62073211273,-0.0076744431173515456,118.6682094537412,63.418843269348145,49.34474468231201,112.76358962059021,-2.479553229406406e-09,-3.7109375625732355e-06
3262.272218209659,2520.2825,500.0,0.5362500000000001,342,6840000,20,0.02044745907187462,0.00012899999999999958,1121.8942522091606,212516.7256258736,-0.009713834330153923,120.31406248659371,66.83634305000305,40.866029262542725,107.70237398147583,-1.9073485846288207e-10,-6.83593725625542e-07
3357.6997130083582,2776.945,500.0,0.57125,343,6860000,17,0.020799636840820312,0.00012849999999999957,1844.8057511359582,306650.0385732093,-0.0066489888142652245,121.42503780629531,63.865808963775635,37.39937448501587,101.26518559455872,4.959106458812812e-09,3.906249901319825e-07
3031.236736937335,3666.4175000000005,500.0,0.47750000000000004,344,6880000,27,0.021125830709934235,0.0001279999999999996,1200.1275410551161,251372.5776795322,-0.010813156352353633,123.22513128209997,68.18688750267029,60.36704158782959,128.5539309978485,-6.818771325356465e-09,-1.4648438195763447e-07
3249.65296261573,7638.472500000001,500.0,0.52125,345,6900000,7,0.020872144028544426,0.0001274999999999996,1415.2591892035243,337931.600660372,-0.003945576874991953,124.84368324018624,67.78971362113953,13.784386396408081,81.57410097122192,7.915496702537439e-09,1.56249996052793e-06
3473.171654372722,3139.7699999999995,500.0,0.5725,346,6920000,14,0.022027315571904182,0.00012699999999999962,1549.9510409948434,237053.12873955243,-0.005977856077415132,125.40560933456526,63.08326697349548,29.02953553199768,92.11280465126038,4.768371808516747e-10,1.1718750556610757e-06
3400.42324176049,1935.9024999999997,500.0,0.59375,347,6940000,13,0.020342260599136353,0.00012649999999999963,1505.198193729876,246616.84034031126,-0.00773529335507392,126.7185756676787,66.73220229148865,25.891664505004883,92.62386798858643,-1.7166137400437265e-09,2.441406195430318e-06
3381.7643909436547,3251.4375000000005,500.0,0.5650000000000001,348,6960000,19,0.02027014084160328,0.00012599999999999965,1338.5053220870457,247991.76183780294,-0.008103344132893549,127.86144789764215,66.87625455856323,52.21238946914673,119.0886459350586,-7.629394338515283e-10,-4.394531060825102e-06
3298.2237881906526,1152.8625,500.0,0.5337500000000001,349,6980000,23,0.022389981895685196,0.00012549999999999966,1409.0676705208996,157327.99761143042,-0.007680636119199155,129.97520144950485,67.14386630058289,55.81587266921997,122.95974135398865,6.103515470812226e-09,-9.765625463842298e-07
3397.1128879327493,905.3325000000001,500.0,0.5825,350,7000000,17,0.023385562002658844,0.00012499999999999968,1699.3007397493054,166416.66468026157,-0.008648051351059933,131.76431260936087,58.04493045806885,35.634902000427246,93.67983365058899,-4.00543198608716e-09,9.765624753299562e-08
2605.2489571106103,2399.755,500.0,0.35375,351,7020000,24,0.021278267726302147,0.00012449999999999967,893.5543545407102,218842.28510840988,-0.010113723078157819,43.038137288647086,72.02103805541992,54.44756197929382,126.4686028957367,-7.438659466174613e-09,7.812500371073838e-06
3200.266844879946,236.91875,500.0,0.525,352,7040000,23,0.021128060296177864,0.00012399999999999965,1873.287472270929,200298.69724826148,-0.011462221796852568,45.406406573213324,70.53559613227844,58.51901650428772,129.05461502075195,-2.0980834847250662e-09,-1.367187451251084e-06
3098.58660207191,2671.0125,500.0,0.5025000000000001,353,7060000,19,0.020615726709365845,0.00012349999999999967,1293.4601433630328,180612.84742027888,-0.008585199102599939,47.541151817453915,63.418092250823975,38.138466358184814,101.55656027793884,-1.5449524326527353e-08,1.1718750556610757e-06
3258.225650739393,590.76875,500.0,0.5387500000000001,354,7080000,31,0.021382538601756096,0.00012299999999999966,1100.2725076857246,99976.24288074565,-0.010740653179886312,49.57062911161698,64.7364673614502,72.5995466709137,137.33601689338684,-1.0490417423625331e-08,2.9296876391526894e-07
3225.1072043630384,1941.63875,500.0,0.52125,355,7100000,15,0.021006818860769272,0.00012249999999999967,1888.3295589199208,231693.2681245424,-0.009551959481864922,50.84339408265135,65.89601278305054,40.18764352798462,106.0836591720581,4.959106458812812e-09,-7.81249980263965e-07
3150.259025377527,605.32,500.0,0.4725,356,7120000,10,0.02192685753107071,0.00012199999999999967,1649.6069012724172,169598.404692804,-0.007299329952512401,51.750633361621404,73.38333535194397,22.60874319076538,95.99208116531372,4.76837147544984e-09,-1.9531250927684596e-06
3475.3087591158483,2159.1412499999997,500.0,0.6275000000000001,357,7140000,22,0.020433759316802025,0.00012149999999999967,2079.2684054545043,245891.46913730644,-0.009825102195661432,53.389234060885215,64.21234250068665,55.14460897445679,119.35695362091064,-2.2888184680880386e-09,-1.6601562720097718e-06
3473.5819717695763,35.775,500.0,0.5775,358,7160000,10,0.020999951288104057,0.00012099999999999967,1614.487342186096,98586.19328761482,-0.007877136377049402,54.95581208981645,68.81722235679626,22.606258869171143,91.42348265647888,-3.8146971692576415e-10,-4.882812731921149e-07
3121.4219498598914,775.745,500.0,0.53,359,7180000,12,0.021364256739616394,0.00012049999999999968,1328.8925408717796,175454.99129647773,-0.00794209320833599,55.6558671784731,68.9316794872284,30.741142988204956,99.67282390594482,1.1444092340440193e-09,4.492187599680619e-06
3453.2764378434536,2008.8950000000004,500.0,0.5800000000000001,360,7200000,30,0.020131954923272133,0.00011999999999999968,1897.7107476150138,135950.91563488002,-0.009736039256677032,57.980700915156845,65.80014061927795,65.99322199821472,131.7933657169342,1.2969970875076342e-08,-3.6132812510913936e-06
3132.26935401145,1623.3475,500.0,0.4875,361,7220000,10,0.020118704065680504,0.00011949999999999968,2078.785690546493,213350.4366781899,-0.006587602045482244,59.81140219715837,61.525065183639526,19.438007354736328,80.96307349205017,4.00543198608716e-09,-1.6601562720097718e-06
3046.859380056863,27.2875,500.0,0.44499999999999995,362,7240000,25,0.020513053983449936,0.00011899999999999968,1598.3147651550487,92862.19728946187,-0.011472623085814376,61.55693997124133,77.81581163406372,56.86247634887695,134.67829036712646,-3.2424927187690855e-09,8.78906234902388e-07
3501.4509904713414,1852.15,500.0,0.61375,363,7260000,10,0.020448576658964157,0.00011849999999999968,2194.0625642039145,205278.14140375398,-0.007208182395825657,62.37639996708391,69.43784260749817,20.590062379837036,90.02790641784668,-4.76837147544984e-09,4.882812731921149e-07
3545.5078006144977,18.4,500.0,0.63875,364,7280000,15,0.020288515836000443,0.00011799999999999968,2943.992569102977,112408.06856404753,-0.008528833455456712,63.586247415918386,64.6541976928711,30.123406410217285,94.77760601043701,-8.01086397217432e-09,-9.765624753299562e-08
3358.0848693825187,954.225,500.0,0.5987500000000001,365,7300000,15,0.02242249995470047,0.00011749999999999968,1587.00279294015,133971.55619571186,-0.008949664224552128,65.46459839549689,73.98523306846619,33.065876960754395,107.0511109828949,-4.00543198608716e-09,-3.515624939609552e-06
3385.423672999596,1605.0050000000003,500.0,0.56125,366,7320000,22,0.02004728652536869,0.00011699999999999969,1674.4580525429553,292598.69005897385,-0.008640778681319862,67.14395656469358,66.23873472213745,48.70832920074463,114.94706559181213,2.956390465769232e-09,-1.074218744179234e-06
3086.2685145321657,2294.445,500.0,0.45875000000000005,367,7340000,26,0.020141107961535454,0.00011649999999999969,1002.5802354772778,81197.5350369697,-0.011193407172592722,69.22379032602824,67.5893542766571,71.56430435180664,139.1536602973938,8.344650304081824e-09,5.95703113503987e-06
3620.726025555621,1199.95,500.0,0.66125,368,7360000,17,0.020824383944272995,0.00011599999999999969,2496.474005690734,149160.12276846016,-0.009558749377695654,70.52578432814023,60.83906960487366,32.320817708969116,93.15988898277283,3.8146971692576415e-10,-9.765625463842298e-07
3536.480025721811,3.19625,500.0,0.6112500000000001,369,7380000,31,0.022902712225914,0.00011549999999999969,1471.4271650930589,84105.41841652147,-0.011568795516050367,72.53864761363548,73.06906175613403,62.27766799926758,135.34673166275024,1.2397766369076635e-08,-1.904296823340701e-06
3726.0784551164493,1115.7362500000002,500.0,0.625,370,7400000,20,0.020661476999521255,0.00011499999999999969,1143.1050711025446,140123.8353204404,-0.01072022428846927,74.99208115404025,62.722476959228516,40.90952920913696,103.63200783729553,-6.103515470812226e-09,7.324218813664629e-07
3362.8142442028084,3365.41125,500.0,0.52,371,7420000,19,0.02262968383729458,0.00011449999999999969,1142.2259314398977,197372.77056807792,-0.00874180943546267,76.48349411475151,67.55250072479248,42.029664039611816,109.58216595649719,-6.961822673900997e-09,-1.9531250927684596e-06
3218.630357485007,2235.03125,500.0,0.4525,372,7440000,29,0.020320290699601173,0.0001139999999999997,966.7191880778672,112621.97905968984,-0.010842840540973566,78.33192923111814,64.39250683784485,82.20905613899231,146.6015648841858,6.866454960174906e-09,2.3437501113221515e-06
3319.5070566735767,2903.65,500.0,0.5512499999999999,373,7460000,18,0.02024751342833042,0.0001134999999999997,1506.9227715662535,185008.44164978396,-0.0099242599066089,79.83864573870393,71.38063311576843,38.34410786628723,109.72474336624146,-1.5258788677030566e-09,3.6132812510913936e-06
3694.6085909843664,1304.935,500.0,0.6475,374,7480000,14,0.02130226045846939,0.0001129999999999997,2262.696002227212,200743.39467387894,-0.007786400199762368,80.92775361562961,70.07119488716125,32.29711437225342,102.36831140518188,2.8610229740877458e-09,2.9296876391526894e-07
3525.9905534109375,1691.9587500000002,500.0,0.60875,375,7500000,21,0.020433928817510605,0.0001124999999999997,1774.7835173288402,254887.0821692732,-0.00781508869727855,81.97489168232985,69.12160539627075,42.09886360168457,111.22047019004822,2.479553229406406e-09,-3.4179688555013854e-06
3169.1765348424024,3254.1662499999998,500.0,0.5375,376,7520000,14,0.02026233822107315,0.0001119999999999997,2425.6521340861595,209475.96789288922,-0.008318811606533744,83.89556292973931,63.35423922538757,33.052000761032104,96.40624260902405,7.629394338515283e-10,9.277343906433089e-07
3604.9903584263243,1551.92125,500.0,0.65125,377,7540000,25,0.020062541589140892,0.0001114999999999997,1569.6909698427828,148333.2846805112,-0.009618243360683655,86.42872651608988,67.49620127677917,54.46153736114502,121.95774102210999,-2.0980834847250662e-09,-1.367187451251084e-06
3588.771135300439,2522.89375,500.0,0.61625,378,7560000,2,0.022168252617120743,0.0001109999999999997,2413.7174602666983,212326.9290978185,0.0022461482192785405,88.02298780447379,66.42004632949829,4.105341196060181,70.52539038658142,2.0980834847250662e-09,1.1718750556610757e-06
3384.7345719713458,1425.52875,500.0,0.5362500000000001,379,7580000,21,0.02116946503520012,0.0001104999999999997,2187.0382548032894,150549.13551412977,-0.008714347557527027,88.35282405340814,69.8372573852539,49.126245737075806,118.96350479125977,3.814697446813398e-09,9.765625463842298e-07
3311.2888682233474,1623.34625,500.0,0.55875,380,7600000,16,0.024110984057188034,0.0001099999999999997,1650.0822618015277,150324.41060085114,-0.00947691951449715,89.71493212788249,63.99709868431091,36.357768297195435,100.35486912727356,3.433227480087453e-09,-2.734374902502168e-06
3846.1793745456876,521.05,500.0,0.6537499999999999,381,7620000,27,0.02073228545486927,0.00010949999999999971,1779.336928331842,118196.21987193177,-0.010854975836036996,90.62020122278457,62.12367653846741,63.433598279953,125.55727672576904,-5.722046170220096e-10,4.882812731921149e-07
3750.0476238693045,1716.11125,500.0,0.6775,382,7640000,29,0.02028827741742134,0.00010899999999999971,1891.8612729852468,157431.4180530978,-0.012131237765062891,92.38768696362087,61.396167516708374,60.266106843948364,121.66227602958679,1.3351439953623867e-09,-1.8554687812866177e-06
3743.249809253585,1521.4699999999998,500.0,0.6587500000000001,383,7660000,23,0.020736824721097946,0.00010849999999999971,2067.5988055172356,110845.21455793014,-0.010366706517863315,95.5495009307713,63.405192613601685,51.87866759300232,115.28386187553406,-1.125335735707722e-08,-3.3691405860736268e-06
4190.800589127062,2842.4849999999997,500.0,0.8350000000000002,384,7680000,26,0.02073647826910019,0.00010799999999999971,2241.804195309365,180216.30617898382,-0.00919371756139532,97.47802469999323,63.187591791152954,53.40672945976257,116.59432244300842,-4.00543198608716e-09,1.56249996052793e-06
3837.7175513189477,252.32750000000001,500.0,0.7150000000000001,385,7700000,26,0.021571123972535133,0.00010749999999999971,1282.6537059222371,176216.99173281883,-0.011975629201845986,99.74164776299327,63.12550377845764,51.53042793273926,114.65593314170837,8.201599399626502e-09,-9.765624753299562e-08
3758.84206880754,346.10625,500.0,0.68625,386,7720000,29,0.022014092653989792,0.00010699999999999971,1275.2232427274496,72753.79802725122,-0.011925004872217343,101.31200090462748,61.29372549057007,57.67113161087036,118.96485877037048,-3.2424927187690855e-09,1.5136719184738467e-06
3843.362952752503,1573.32375,500.0,0.7474999999999999,387,7740000,20,0.02044660970568657,0.00010649999999999972,1746.9070131149535,149844.66488727412,-0.010964057860768046,103.08932716442754,61.579840421676636,50.41291785240173,111.99276113510132,-2.0217894913798773e-08,4.052734311699169e-06
3962.752798392038,34.501250000000006,500.0,0.75,388,7760000,36,0.019934091717004776,0.00010599999999999972,859.8881370427976,65084.90083188946,-0.013560981308916741,104.93240199767828,60.89195156097412,72.90505695343018,133.79700994491577,1.4781951662712345e-08,1.367187451251084e-06
3731.0524802101404,0.0,500.0,0.675,389,7780000,30,0.02209172397851944,0.00010549999999999972,1239.022379302166,84778.41943083775,-0.010567792708324952,107.2463308242944,55.99939584732056,60.137096643447876,116.1364951133728,4.959106458812812e-09,-4.882812731921149e-07
3418.344098732969,1865.4,500.0,0.5862499999999999,390,7800000,18,0.021185461431741714,0.00010499999999999972,1265.6569764662347,195472.17276870896,-0.010454349374440907,109.25187315583695,59.9301118850708,40.54838585853577,100.47849869728088,-8.01086397217432e-09,2.9296876391526894e-07
3345.639176087722,0.0,500.0,0.5662499999999999,391,7820000,20,0.02043643407523632,0.00010449999999999972,1371.0222856515513,97746.0874204398,-0.010686287107749487,110.93861585379409,61.67648959159851,40.76016187667847,102.43665266036987,7.629394893626795e-09,-7.81249980263965e-07
3533.92407245613,677.2149999999999,500.0,0.60875,392,7840000,33,0.021108901128172874,0.00010399999999999972,943.73070738777,123119.62671434984,-0.011484406650176738,113.13889464091119,56.79100584983826,60.27686023712158,117.06786870956421,-6.723404055719584e-09,-1.56249996052793e-06
3764.8263173331725,2191.37875,500.0,0.67625,393,7860000,10,0.022793661803007126,0.00010349999999999972,2016.881159753769,241173.51802896615,-0.005029578560802598,114.44135681249844,58.07245230674744,18.655140161514282,76.72759437561035,-5.531310964812519e-09,-1.2695312534560799e-06
3710.197029691243,1905.59625,500.0,0.63875,394,7880000,36,0.018740782514214516,0.00010299999999999973,1226.3532663832161,136566.33590530325,-0.011357157801598707,116.0682965692663,55.229456424713135,67.49500823020935,122.72446584701538,-6.580352707175052e-09,-1.367187451251084e-06
3190.136781460978,1753.4599999999998,500.0,0.4925,395,7900000,24,0.020065516233444214,0.00010249999999999973,1233.5597063862858,130035.70556978625,-0.01273699776755861,116.31396661703579,59.17278289794922,44.002458333969116,103.17524290084839,-5.817413217812373e-09,-8.78906234902388e-07
3704.9018799822597,252.125,500.0,0.68625,396,7920000,21,0.020796682685613632,0.00010199999999999973,1741.6054852020063,119915.816682965,-0.009974328964686812,116.3785993087678,56.85943913459778,38.4660325050354,95.32547354698181,1.9073485846288207e-10,1.8554687812866177e-06
3757.607955557415,3546.225,500.0,0.7,397,7940000,9,0.02046605758368969,0.00010149999999999973,2782.974895332399,304676.8176587599,-0.006597691911752417,116.84903625769948,56.078757524490356,16.05336904525757,72.13212776184082,0.0,4.980468929716153e-06
3443.673655164535,4.85,500.0,0.55125,398,7960000,19,0.020284144207835197,0.00010099999999999973,2438.5776666128395,131228.43618237137,-0.009664037739079711,117.18902154527673,56.84119153022766,33.977343797683716,90.81853818893433,2.2888184680880386e-09,-9.765625463842298e-07
3700.1616856001892,0.0,500.0,0.66125,399,7980000,36,0.02027093432843685,0.00010049999999999973,1336.801261476646,64035.56793284391,-0.013179214561926243,119.81347036649456,58.906397581100464,63.02855372428894,121.93495321273804,3.051757735406113e-09,-1.6601562720097718e-06
3657.9784730835345,294.9225,500.0,0.65625,400,8000000,27,0.02029416896402836,9.999999999999973e-05,995.9925873413014,100977.09811616229,-0.01199407394201636,122.40688589572511,59.0881404876709,50.24830150604248,109.33644413948059,1.3828277412031298e-09,-6.83593725625542e-07
1406.2795254526059,690.7275000000001,500.0,0.27749999999999997,401,8020000,21,0.020757591351866722,9.949999999999974e-05,1168.451651490335,79465.91355564728,-0.012281063403805303,43.538693150483034,59.815998792648315,41.65580630302429,101.4718062877655,5.29289252426679e-08,8.78906234902388e-07
750.7745797179814,593.9074999999999,500.0,0.21375000000000002,402,8040000,32,0.020835261791944504,9.899999999999974e-05,872.0985026770887,151700.74123219255,-0.014058682891426231,46.12734101031916,55.46449637413025,62.312664270401,117.77716207504272,-4.5299529460862686e-08,3.515624939609552e-06
907.898608097286,454.61749999999995,500.0,0.36375,403,8060000,36,0.018907075747847557,9.849999999999974e-05,835.2134375215043,96712.03555660769,-0.012918733709921911,49.14951217348033,57.53969740867615,67.95061922073364,125.490318775177,1.1444092340440193e-09,-4.980468929716153e-06
702.3560692978759,24.425,500.0,0.18624999999999997,404,8080000,36,0.016793018206954002,9.799999999999974e-05,367.46135230330145,131814.69788130658,-0.01207546006397529,52.32849276417064,56.887412786483765,64.74955892562866,121.63697266578674,9.059906158626063e-10,1.367187451251084e-06
741.2889418880894,20.80125,500.0,0.28875,405,8100000,33,0.02001333236694336,9.749999999999974e-05,342.36865503977964,156132.3056290806,-0.01397316743036728,55.697387571959915,55.21002197265625,65.86416625976562,121.07418942451477,-8.583068478174027e-09,2.734374902502168e-06
854.8390295730924,196.19875,500.0,0.32375000000000004,406,8120000,36,0.020375676453113556,9.699999999999974e-05,501.99600783603006,143479.47961430115,-0.01350089675941669,58.631844990804424,57.70956063270569,67.19701099395752,124.90657305717468,-3.137588677759595e-08,-5.468749805004336e-06
703.8295309122009,2.1149999999999998,500.0,0.21374999999999997,407,8140000,36,0.015827134251594543,9.649999999999974e-05,285.144665908001,86066.01188905044,-0.013942339908489745,61.68873278029133,56.50249004364014,69.15862512588501,125.66111660003662,2.326965287124949e-08,5.859375278305379e-07
681.7826912021261,5.31,500.0,0.21749999999999997,408,8160000,32,0.020622611045837402,9.599999999999974e-05,543.0216566373746,121178.17806129334,-0.012335420283135593,64.26565796689104,55.50702261924744,61.63012909889221,117.13715314865112,2.2888183792701966e-08,-3.906249901319825e-07
772.12170093105,0.0,500.0,0.28625,409,8180000,34,0.021147267892956734,9.549999999999975e-05,407.6457435652359,76295.19310559906,-0.012512991664480657,67.29716096464752,57.02734971046448,64.1666009426117,121.1939525604248,1.4305114426349519e-08,-1.8554687812866177e-06
776.310244486633,0.0,500.0,0.3125,410,8200000,32,0.02067943476140499,9.499999999999975e-05,520.4540585610813,54663.65507263574,-0.012618748401217282,70.3934737211599,57.740265130996704,56.87640881538391,114.61667490005493,-5.912780931538464e-09,4.980468929716153e-06
729.1084113527033,2.85,500.0,0.255,411,8220000,36,0.01880178600549698,9.449999999999975e-05,561.3705010541076,79058.33067114318,-0.01234132211118471,72.52213583171981,61.396803855895996,67.05273628234863,128.4495415687561,-7.438659466174613e-09,1.757812469804776e-06
761.5843529106353,21.49625,500.0,0.24625,412,8240000,21,0.021300647407770157,9.399999999999975e-05,489.71490634980313,119360.17737646551,-0.011721487619041876,74.63658416367332,55.549192667007446,41.526816844940186,97.07601189613342,-4.768371808516747e-10,-3.906250185536919e-06
727.3685052099436,131.49875,500.0,0.32,413,8260000,31,0.020916670560836792,9.349999999999975e-05,453.4116823160438,145442.39222375248,-0.014612870606863308,77.01636629439771,56.22967863082886,57.71311831474304,113.94279789924622,5.912780931538464e-09,-2.9296876391526894e-07
804.5243644161543,436.78000000000003,500.0,0.32125,414,8280000,13,0.02177896350622177,9.299999999999975e-05,342.8192628498129,115467.24646527095,-0.009265400584259327,79.09270017356245,57.42188477516174,24.313856601715088,81.7357428073883,-7.629394338515283e-10,2.441406195430318e-06
714.3819496270519,13.525,500.0,0.21750000000000003,415,8300000,27,0.02094503864645958,9.249999999999975e-05,205.75367325780633,106079.34202428891,-0.010845000741427182,80.47241659077537,53.73943781852722,55.23772835731506,108.97716760635376,4.577636936176077e-09,8.78906234902388e-07
876.3699790001981,144.575,500.0,0.27625,416,8320000,36,0.017381515353918076,9.199999999999976e-05,298.95366156757154,85914.38004708958,-0.01199175100231789,84.28561974248862,57.06028199195862,68.505610704422,125.56589436531067,5.245208711812666e-10,2.441406195430318e-06
804.5776415847732,790.15,500.0,0.2925,417,8340000,28,0.020646385848522186,9.149999999999976e-05,291.9849614953407,112793.38691063049,-0.011120276691246798,87.10204199752215,56.51695728302002,50.96306848526001,107.48002696037292,7.867813067718998e-09,-2.0019531348225428e-06
768.4731808599958,0.0,500.0,0.25625,418,8360000,31,0.020510956645011902,9.099999999999976e-05,326.2440653437992,80578.2914723036,-0.012007738945355034,89.45333338555363,55.29838752746582,59.19130730628967,114.48969578742981,2.8610229740877458e-09,0.0
749.7806441398554,0.41999999999999993,500.0,0.25875,419,8380000,33,0.020327316597104073,9.049999999999976e-05,390.7882893466571,96177.54180985612,-0.012397898375147076,92.58886560533686,56.42946195602417,62.26384449005127,118.69330787658691,3.814697446813398e-09,1.2695312534560799e-06
660.6526008115601,41.9225,500.0,0.14625000000000005,420,8400000,20,0.020267244428396225,8.999999999999976e-05,447.32144188073494,130328.94150359425,-0.010005459719234869,95.2117616220785,54.689576387405396,37.34122347831726,92.03080153465271,5.7220459481754915e-09,3.12499992105586e-06
717.1905659517448,454.44750000000005,500.0,0.26875,421,8420000,19,0.020293843001127243,8.949999999999976e-05,486.0609754450445,113263.9574573774,-0.011362449658132729,97.97577670443573,55.18992209434509,36.52539944648743,91.71532249450684,2.6226043559063328e-09,-4.931640432914719e-06
672.5593253262684,98.51,500.0,0.175,422,8440000,29,0.02537311613559723,8.899999999999976e-05,531.741652411906,93069.0399299698,-0.01175677672279815,99.80456670979854,54.72485136985779,56.62717366218567,111.35202646255493,8.01086397217432e-09,5.859375278305379e-07
740.7220935415735,56.2375,500.0,0.23125,423,8460000,33,0.021141408011317253,8.849999999999977e-05,488.901029708852,82737.91769215657,-0.011451300041267596,101.16659192755488,55.61561298370361,63.29843473434448,118.91404914855957,-1.239776614703203e-09,-1.6113281162688509e-06
595.4918957543534,0.6125,500.0,0.18624999999999997,424,8480000,24,0.020938538014888763,8.799999999999977e-05,366.84222288101245,98718.62934604113,-0.010438731258117775,103.13129351314264,57.27311658859253,44.77745771408081,102.05057621002197,2.574920721087892e-09,-1.367187451251084e-06
623.9795840819202,16.573749999999997,500.0,0.1975,425,8500000,35,0.021204372867941856,8.749999999999977e-05,352.1867205690761,101879.78310266075,-0.012027277636530056,106.24539518717596,59.547258615493774,63.291229486465454,122.83849000930786,-3.433227480087453e-09,-1.56249996052793e-06
780.540450216304,14.001249999999999,500.0,0.26375000000000004,426,8520000,25,0.02100604958832264,8.699999999999977e-05,606.7835461113781,102393.87973766973,-0.01233760441549289,109.58273983208898,56.996832847595215,45.9432806968689,102.940114736557,7.057189943537878e-09,1.1718750556610757e-06
668.61678756183,54.175,500.0,0.17375,427,8540000,33,0.02036779560148716,8.649999999999977e-05,275.4437353559057,92502.95647262676,-0.012719356514328112,112.61116590600517,56.89305591583252,63.80114150047302,120.69419884681702,-2.6702879907247734e-09,8.78906234902388e-07
680.641335856815,7.682500000000002,500.0,0.24,428,8560000,36,0.018253499642014503,8.599999999999977e-05,610.5244160280779,140660.90871324632,-0.011726206872190052,115.75285368470126,55.09608554840088,67.5804693698883,122.67655658721924,-4.76837147544984e-09,3.906249901319825e-07
781.4026167001884,139.135,500.0,0.21375000000000002,429,8580000,16,0.020003095269203186,8.549999999999977e-05,424.5565841891133,150364.30275348504,-0.011252359280832477,118.46520579280183,64.06804275512695,28.513562202453613,92.5816080570221,3.2424927187690855e-09,9.765625463842298e-07
875.6951811255256,135.97625,500.0,0.34750000000000003,430,8600000,34,0.020313983783125877,8.499999999999978e-05,504.11260150263485,125669.4025086516,-0.012843209255872312,120.20749535764033,59.91860365867615,60.78937768936157,120.7079827785492,-2.6702879907247734e-09,0.0
789.2750631918989,26.53875,500.0,0.32875,431,8620000,36,0.01896730810403824,8.449999999999978e-05,378.7765900893206,92979.35704998737,-0.01246053803746265,122.3900986096941,60.326157569885254,67.15119862556458,127.47735738754272,1.9550323582251394e-09,-1.4648438195763447e-07
788.3216341984526,63.84375,500.0,0.25375000000000003,432,8640000,29,0.022154688835144043,8.399999999999978e-05,489.8683713244961,90200.1755631184,-0.01335425046824064,124.8022229626563,54.475095987319946,55.36684441566467,109.8419418334961,-4.386901952813105e-09,-1.4648437627329258e-06
654.0746244443468,7.748749999999999,500.0,0.23875000000000002,433,8660000,36,0.01796632632613182,8.349999999999978e-05,290.26853336202873,76973.76805912623,-0.012086216033772586,127.27960098640352,55.23469305038452,65.9415271282196,121.1762216091156,-4.1961669694501325e-09,9.277343906433089e-07
670.5853195993474,6.277500000000001,500.0,0.18,434,8680000,26,0.020559139549732208,8.299999999999978e-05,421.88904830283866,84734.34642774686,-0.011933154883478857,129.2016041367316,57.917935371398926,45.56489086151123,103.48282718658447,-4.768371808516747e-10,-2.148437488358468e-06
845.3629802907919,0.5225,500.0,0.34249999999999997,435,8700000,29,0.020605944097042084,8.249999999999978e-05,524.5233231195995,73197.2874841525,-0.011823882425736015,130.83141931321794,58.544196367263794,53.75796985626221,112.30216789245605,-2.8610229740877458e-09,-9.765625463842298e-07
724.4847659414963,2.675,500.0,0.32875,436,8720000,29,0.02073187753558159,8.199999999999978e-05,650.8914928169414,107040.41617291643,-0.011038903218496111,133.1040575750943,56.54026436805725,54.0670371055603,110.60730242729187,-2.6702879907247734e-09,-2.2460937998403097e-06
864.0866104392292,1.7100000000000002,500.0,0.3475,437,8740000,32,0.021326860412955284,8.149999999999979e-05,646.948936602559,115782.45684414702,-0.012013707829227584,136.67793749848875,56.59843349456787,72.46585607528687,129.06429076194763,4.577636936176077e-09,2.83203121398401e-06
838.026117046959,192.64,500.0,0.3325,438,8760000,19,0.02008751779794693,8.099999999999979e-05,632.5388269201535,129081.58890380654,-0.010874777197330746,138.3544108261075,54.18639087677002,37.164281129837036,91.35067319869995,-7.820129432900558e-09,3.857421688735485e-06
748.7688439031001,0.0,500.0,0.23125,439,8780000,36,0.017866117879748344,8.049999999999979e-05,328.9671876146982,92800.32072412438,-0.011858449784973864,140.7430750542513,55.46961951255798,64.33672761917114,119.80634808540344,5.054473728449693e-09,-2.9296875254658516e-06
734.825941545267,1.15875,500.0,0.255,440,8800000,27,0.020099259912967682,7.999999999999979e-05,465.52038276301323,94996.02691411335,-0.01236213975159072,143.89733896829887,59.383135080337524,49.1247661113739,108.50790214538574,2.956390465769232e-09,0.0
792.1483259454963,783.26,500.0,0.36875,441,8820000,1,0.10158585757017136,7.949999999999979e-05,973.7874527708791,196939.1037901857,0.005982094277708104,145.04416897807258,58.9124116897583,1.7846057415008545,60.69701862335205,-7.724762163263676e-09,1.8554687812866177e-06
846.5766141077568,722.0987500000001,500.0,0.32125000000000004,442,8840000,30,0.020000673830509186,7.899999999999979e-05,377.88164384169573,92355.92924674688,-0.012441080810871129,146.16595206133726,55.169620513916016,56.825236797332764,111.99485874176025,-4.482269222449986e-09,1.2695312534560799e-06
733.9455736640455,508.74749999999995,500.0,0.26625,443,8860000,14,0.02075332961976528,7.84999999999998e-05,411.03824229830207,143658.57447080206,-0.009813178422793216,147.89892932956266,59.748626947402954,26.21837830543518,85.96700668334961,-3.051757735406113e-09,1.2695312534560799e-06
741.8522653218262,845.8599999999999,500.0,0.1975,444,8880000,29,0.021066557615995407,7.79999999999998e-05,273.40202844175747,119457.44781377813,-0.01280819475427114,150.3894513306592,59.128217458724976,51.998406171798706,111.12662506103516,-2.479553229406406e-09,7.81249980263965e-07
827.4513701689087,419.39,500.0,0.29625,445,8900000,25,0.020655769854784012,7.74999999999998e-05,446.9530820618651,147606.68849940095,-0.012043321176012532,153.4111470670365,62.185447692871094,47.97339963912964,110.15884923934937,-5.340575981449547e-09,2.6367188183940016e-06
860.2936331480074,74.03499999999998,500.0,0.2925,446,8920000,32,0.020373569801449776,7.69999999999998e-05,322.29104413087373,103608.13092728393,-0.01016598877668758,154.50653225164444,55.839582204818726,58.37296271324158,114.21254658699036,-2.38418573772492e-09,-3.0761718790017767e-06
697.4316764560099,3.75,500.0,0.19125,447,8940000,35,0.023771272972226143,7.64999999999998e-05,212.29320687555602,71277.62724261716,-0.01100171601681599,155.72282187785257,57.08482384681702,71.08459115028381,128.16941666603088,5.4836273299940785e-09,7.324218813664629e-07
878.4058859310201,0.0,500.0,0.36,448,8960000,34,0.020064350217580795,7.59999999999998e-05,321.79871017335614,70850.82002243103,-0.013452645503812404,156.89191556635532,55.99279284477234,75.26845383644104,131.26124811172485,-9.63211022053656e-09,2.8808594834117685e-06
872.0289388166823,468.1125,500.0,0.33499999999999996,449,8980000,29,0.02014010399580002,7.54999999999998e-05,331.8533268485469,169285.71652973775,-0.01418843901849248,158.90266185296952,56.23355269432068,53.613213777542114,109.84676861763,-5.340575981449547e-09,2.83203121398401e-06
806.4817697583053,23.8125,500.0,0.3325,450,9000000,36,0.01754697598516941,7.49999999999998e-05,284.817000288552,77483.9074732598,-0.013004538967746237,159.60364813461007,56.47785425186157,68.15091300010681,124.62876844406128,3.528594971768939e-09,-2.050781176876626e-06
736.0318289587976,25.625,500.0,0.25625,451,9020000,35,0.020933972671628,7.44999999999998e-05,214.58818101138624,77942.67323612577,-0.012448348090416462,59.50426681845877,56.55290246009827,67.97364354133606,124.5265474319458,1.8596648665436533e-09,3.6132812510913936e-06
900.6591085823962,28.7625,500.0,0.3375,452,9040000,27,0.022055596113204956,7.39999999999998e-05,396.43338275765433,113324.92512391054,-0.01365454035317198,61.701473779557595,56.57090902328491,51.67551612854004,108.24642658233643,2.646446173315553e-09,-5.859375278305379e-07
780.9976254768906,102.9125,500.0,0.3375,453,9060000,36,0.017659882083535194,7.349999999999981e-05,253.57265084577784,103640.8909883076,-0.013609124308307866,63.860525643778985,60.999205589294434,65.99582099914551,126.99502778053284,1.3065338144713223e-08,1.9531249506599124e-07
766.0733992438032,0.0,500.0,0.23374999999999999,454,9080000,36,0.019140446558594704,7.299999999999981e-05,190.42569806942248,71358.6981148305,-0.009741856326951778,65.97475345870218,58.70579290390015,67.6299102306366,126.33570408821106,-3.6239624634504253e-09,-1.4648437627329258e-06
771.5434582424596,166.175,500.0,0.32625000000000004,455,9100000,27,0.020438460633158684,7.249999999999981e-05,314.685536874905,100991.97972110363,-0.011353585200240225,67.91504184577101,54.42804718017578,52.12668418884277,106.55473256111145,1.7762183945890797e-09,1.4648438195763447e-07
902.4775524132056,203.675,500.0,0.34249999999999997,456,9120000,23,0.021414468064904213,7.199999999999981e-05,427.68401324906307,100526.14367548608,-0.010382795413695498,70.47942406979844,57.57830810546875,41.20799279212952,98.7863028049469,3.671646098268866e-09,2.9296876391526894e-07
858.656927125466,12.025,500.0,0.315,457,9140000,36,0.01991374045610428,7.149999999999981e-05,270.1634926239057,89099.53006452696,-0.011678068375617119,72.83384729438866,56.62846326828003,64.94028854370117,121.56875348091125,-5.149841442175784e-09,-4.882812731921149e-07
899.5029095999055,0.0,500.0,0.32625000000000004,458,9160000,36,0.018030017614364624,7.099999999999981e-05,333.8484473372335,69227.58955926594,-0.012728230172274308,76.0788772543737,56.74584341049194,69.41529417037964,126.1611397266388,1.0108947456899386e-08,3.41796862812771e-07
842.4058805002096,13.575,500.0,0.30375,459,9180000,26,0.02001740224659443,7.049999999999982e-05,456.571662294393,66563.30037960898,-0.012127838057701486,78.31745147423827,61.054543018341064,50.38731336593628,111.44185757637024,1.7166136956348055e-08,0.0
845.8125181856245,12.1775,500.0,0.34500000000000003,460,9200000,18,0.020252568647265434,6.999999999999982e-05,446.60379399362927,57295.81118101662,-0.01048500521896512,79.46901640589033,55.759567975997925,34.24185037612915,90.00141978263855,3.433227480087453e-09,1.9531249506599124e-07
738.3510506754999,783.2475000000001,500.0,0.225,461,9220000,26,0.020167751237750053,6.949999999999982e-05,382.37630731334673,92373.0087915225,-0.011858895085507965,81.32811132183998,57.8203125,48.69578218460083,106.5160961151123,1.1825561863076928e-08,-1.4648437627329258e-06
811.6251352177529,19.915,500.0,0.24749999999999997,462,9240000,27,0.02229844033718109,6.899999999999982e-05,339.3913861203512,86814.8097820686,-0.012282594308596968,83.29415780255786,58.65180015563965,53.42436194419861,112.07616376876831,3.7193297330873065e-09,4.394531060825102e-06
810.4436377156055,313.21,500.0,0.24000000000000005,463,9260000,26,0.02145904302597046,6.849999999999982e-05,342.7361449726561,91328.05641418442,-0.009635636053451135,85.03387215671272,55.134953022003174,46.95116639137268,102.08612108230591,4.768371461572052e-11,2.734374902502168e-06
860.8771188807426,210.91875,500.0,0.28875,464,9280000,33,0.022031821310520172,6.799999999999982e-05,237.82861669080418,92429.91442702094,-0.010560223337592245,87.74339397621358,55.85900592803955,65.73961782455444,121.59862518310547,-1.907348723406699e-09,-5.419921762950253e-06
741.9807366194784,44.463750000000005,500.0,0.27375,465,9300000,33,0.02031661570072174,6.749999999999982e-05,199.71205491859922,81615.54738100857,-0.01329807010414352,91.25455562899195,60.939168214797974,59.1305205821991,120.06969094276428,4.768371808516747e-10,-1.9531249506599124e-07
714.9908372776952,38.1925,500.0,0.185,466,9320000,36,0.018835704773664474,6.699999999999983e-05,207.78456114910153,65791.2255075473,-0.01388051715212855,93.64729573416041,59.21651744842529,67.98647546768188,127.20299434661865,-4.720687840631399e-09,7.81249980263965e-07
796.4651129358213,27.4575,500.0,0.27999999999999997,467,9340000,29,0.02046806924045086,6.649999999999983e-05,220.14582682238995,68352.56700523774,-0.013126197299957267,95.75956022643538,60.1237416267395,52.986260175704956,113.11000442504883,4.673004205812958e-09,6.347656267280399e-07
853.4851164798845,12.6675,500.0,0.28625,468,9360000,29,0.020509330555796623,6.599999999999983e-05,509.83497864808413,72672.38676355977,-0.011432174855923832,98.94143993297416,57.90845847129822,54.90692687034607,112.81538653373718,1.0108947456899386e-08,3.906249901319825e-07
805.3589804911,36.375,500.0,0.32875,469,9380000,35,0.02092987857758999,6.549999999999983e-05,270.6801705580223,82240.98060023606,-0.013143079969071325,101.02039733496717,59.446125507354736,64.5702497959137,124.01637721061707,-2.861023085110048e-10,9.765625463842298e-07
832.8893894072029,0.0,500.0,0.28625,470,9400000,32,0.020302096381783485,6.499999999999983e-05,290.2187822565865,103481.26306639845,-0.011809501849426762,103.12015638031518,55.94951939582825,63.915921688079834,119.86544227600098,-5.531310964812519e-09,-8.78906234902388e-07
862.4714421772114,0.0,500.0,0.31125,471,9420000,26,0.02082015387713909,6.449999999999983e-05,271.9631362909414,68662.77250593761,-0.011640819486319419,104.93368674930058,54.077301263809204,49.92613387107849,104.00343775749207,2.1934509764065524e-09,-1.1718750556610757e-06
855.2632701989463,34.94499999999999,500.0,0.3575,472,9440000,22,0.02176554501056671,6.399999999999983e-05,462.1639434411157,86865.8539293097,-0.011574276673280632,105.970646606986,54.592450857162476,41.318036794662476,95.91048884391785,7.534026735811494e-09,-2.978515567519935e-06
782.9709901721365,5.9925,500.0,0.22999999999999998,473,9460000,36,0.020340966060757637,6.349999999999984e-05,221.36738423451405,98982.1630471974,-0.014186515379845858,106.51906708719716,57.40645122528076,64.67092156410217,122.07737398147583,0.0,9.765624753299562e-08
624.9856578366674,27.9875,500.0,0.20625,474,9480000,28,0.020141106098890305,6.299999999999984e-05,212.4394308470635,79926.13182295604,-0.011476952236194405,107.17453480593856,59.817723751068115,51.33541131019592,111.15313625335693,7.057189943537878e-09,9.765624753299562e-08
722.9283097743988,0.0,500.0,0.22124999999999995,475,9500000,25,0.020486535504460335,6.249999999999984e-05,213.29076171095,92137.94818396815,-0.011868005154175333,108.5326846859478,58.22195029258728,44.86499285697937,103.08694553375244,1.7166137400437265e-09,-1.9531250927684596e-06
746.0767632892404,0.0,500.0,0.17250000000000001,476,9520000,29,0.02093743346631527,6.199999999999984e-05,198.2264073039777,80553.40229366849,-0.012199734524056566,111.24556450939946,61.55918335914612,54.662503242492676,116.22168731689453,3.6239624634504253e-09,7.324218813664629e-07
686.5465796967225,0.0,500.0,0.22125,477,9540000,23,0.020211976021528244,6.149999999999984e-05,164.72707487281983,65984.01717761093,-0.012170171804832465,112.71922554686958,55.14214611053467,46.23019742965698,101.37234544754028,-4.768371808516747e-10,5.859375278305379e-07
707.4481762831772,313.14375000000007,500.0,0.3125,478,9560000,23,0.020302852615714073,6.099999999999984e-05,211.71465395410652,99466.40931432262,-0.011000726783330146,112.83316728369628,55.250317335128784,41.09386849403381,96.34418725967407,1.3828277412031298e-09,1.367187451251084e-06
889.0140159579112,98.70625,500.0,0.45999999999999996,479,9580000,32,0.02003452368080616,6.0499999999999844e-05,378.58144148927147,76803.1484973164,-0.012399346465478278,114.12822573862898,59.502825021743774,59.685662269592285,119.18848848342896,-8.487701208537146e-09,4.492187599680619e-06
863.529022708101,19.775,500.0,0.32249999999999995,480,9600000,30,0.02006441168487072,5.9999999999999846e-05,209.61889010867117,51090.4205462926,-0.013256132369402289,117.3155405485338,57.50103735923767,55.09679555892944,112.59783577919006,-8.273124407764954e-09,-2.294921841894393e-06
697.5196312235546,20.4,500.0,0.19375,481,9620000,36,0.019602367654442787,5.949999999999985e-05,185.09581522320363,58085.5939987773,-0.012480037804227405,119.9491684811734,58.71873688697815,64.30612897872925,123.0248670578003,-1.5735626135437997e-09,-2.050781176876626e-06
805.3492876764337,1.8200000000000003,500.0,0.29500000000000004,482,9640000,24,0.020985960960388184,5.899999999999985e-05,288.163256687859,47120.292537408895,-0.010969588574049578,122.73467988226487,58.05062770843506,44.017873764038086,102.0685031414032,1.8596648665436533e-09,2.3437501113221515e-06
833.4378812907655,0.78,500.0,0.30874999999999997,483,9660000,33,0.020865850150585175,5.849999999999985e-05,292.84634753960427,41734.38576459483,-0.013564037996573425,124.94254729763699,57.962154388427734,61.09051990509033,119.05267524719238,-3.433227480087453e-09,-1.708984314063855e-07
753.5457676157107,0.275,500.0,0.31625,484,9680000,36,0.017069989815354347,5.799999999999985e-05,184.47274252147085,38083.61778255486,-0.013192506169767311,127.5375920791003,61.872403383255005,77.92084336280823,139.79324793815613,1.1444091896350983e-08,3.906249901319825e-07
760.5912011980865,6.75,500.0,0.26,485,9700000,36,0.018493160605430603,5.749999999999985e-05,246.9377568535742,58948.42760103799,-0.011231236773595792,129.75280934375442,57.89775323867798,67.18806219100952,125.08581733703613,-3.3378602104505717e-09,2.148437488358468e-06
732.7375998430964,101.03875000000001,500.0,0.24374999999999997,486,9720000,9,0.021021053194999695,5.6999999999999854e-05,264.3365242727521,91432.34435389488,-0.007864077048019807,131.1179078426774,57.09484601020813,16.197009801864624,73.29185652732849,1.1444092340440193e-09,-4.882812731921149e-07
782.8809836629341,66.17625000000001,500.0,0.22125,487,9740000,36,0.018996885046362877,5.6499999999999855e-05,241.82641702854426,56056.83650898146,-0.014667958775600934,131.37466580570697,57.50162196159363,64.8258638381958,122.32748675346375,1.3351439953623867e-09,-9.765624753299562e-08
876.42930465145,1.5399999999999998,500.0,0.34375,488,9760000,36,0.016831329092383385,5.599999999999986e-05,323.39143758062187,62205.60105016869,-0.012762178783222337,133.94784728711406,57.474637508392334,65.46983242034912,122.94447326660156,2.6702881683604573e-08,-3.906249901319825e-07
941.6727916006705,19.3375,500.0,0.4175000000000001,489,9780000,36,0.018785549327731133,5.549999999999986e-05,381.9368013931074,52407.5570723561,-0.012962904375018887,135.60363698166483,55.01041865348816,69.17108678817749,124.18150877952576,-3.2424927187690855e-09,-3.3203125440195436e-06
727.8872098944973,989.0825000000001,500.0,0.315,490,9800000,28,0.02142108604311943,5.499999999999986e-05,355.3851338721257,99162.31079045848,-0.01313942907311023,137.43891047343223,58.50794458389282,51.95551300048828,110.46345949172974,-7.629394338515283e-10,-3.6132812510913936e-06
856.1159545845352,0.0,500.0,0.3,491,9820000,36,0.01598280668258667,5.449999999999986e-05,258.3333231635156,33037.602666896164,-0.013447951339668753,140.16562452441545,58.067739725112915,68.40805459022522,126.47579598426819,-2.7370452571062742e-08,4.39453117451194e-07
721.1773344414895,9.5,500.0,0.3075,492,9840000,36,0.016219869256019592,5.399999999999986e-05,185.4733693956017,49315.99197252278,-0.010213581542306761,142.03822439056276,56.56398034095764,73.38593626022339,129.94991779327393,-1.9073485846288207e-10,-6.347656267280399e-07
815.8148227828717,7.4449999999999985,500.0,0.25875,493,9860000,36,0.017246617004275322,5.3499999999999864e-05,279.7449122189544,72471.4411982928,-0.012456352356056768,143.5861243213116,55.26038575172424,67.15791654586792,122.41830372810364,-1.6307831529616124e-08,-1.8066406255456968e-06
823.659488549154,14.780000000000001,500.0,0.34,494,9880000,36,0.017936719581484795,5.2999999999999865e-05,282.96847500731684,48741.99453378934,-0.013532110042881617,146.12318152013637,55.97950577735901,68.92347955703735,124.90298676490784,3.528594971768939e-09,-1.025390588438313e-06
665.8896319213172,5.2375,500.0,0.23374999999999999,495,9900000,26,0.02110164426267147,5.249999999999987e-05,217.38795044065313,76792.11723160012,-0.013050183203834335,146.81088802274834,58.55250835418701,45.921794176101685,104.47430372238159,-3.4809113369504985e-09,8.300781360048859e-07
899.2822787053589,23.575,500.0,0.4225,496,9920000,33,0.020359458401799202,5.199999999999987e-05,242.09247974015722,70078.45332326232,-0.013766178372832262,149.2317767601667,56.3323769569397,58.556246757507324,114.88862633705139,-6.198883073516015e-10,-6.347656267280399e-07
651.1696716736813,11.1875,500.0,0.2625,497,9940000,36,0.01791442558169365,5.149999999999987e-05,147.0369873913544,58438.81764055983,-0.013584060734978877,152.24523002914304,57.68343806266785,69.25608849525452,126.93952894210815,-1.239776614703203e-09,1.4648438195763447e-07
877.243285726049,0.0,500.0,0.3175,498,9960000,25,0.02083928883075714,5.099999999999987e-05,259.29509481021773,48360.84148094299,-0.012544071095796248,155.2229882461499,57.264968156814575,45.73968005180359,103.00464940071106,6.9141385949933465e-09,-1.7822266045186552e-06
704.9768539674371,7.530000000000001,500.0,0.23125,499,9980000,36,0.019960230216383934,5.049999999999987e-05,354.8890676183569,48912.82363604518,-0.013358213854013068,156.71766548847364,56.940913915634155,66.36353921890259,123.30445599555969,4.1961669694501325e-09,8.300781360048859e-07
822.838015303891,5.0200000000000005,500.0,0.26,500,10000000,36,0.018628107383847237,4.9999999999999874e-05,246.7735699899746,54663.931384264346,-0.013462479203995806,159.19652617904453,61.191953897476196,63.73332476615906,124.92528057098389,-4.100799699813251e-09,4.882812731921149e-07
2022.999447726941,0.0,500.0,0.61875,501,10020000,36,0.015559582971036434,4.9499999999999875e-05,803.7704985418512,359733.78089362575,-0.012810020435416002,58.18433040941189,58.815470933914185,66.476877450943,125.29234981536865,-8.392333938900265e-09,1.2304687516007107e-05
2328.195468751943,0.0,500.0,0.6549999999999999,502,10040000,36,0.014638926833868027,4.8999999999999876e-05,1255.5365383444757,188935.96392612098,-0.012768909670538172,59.711704455583195,55.67897272109985,70.91265749931335,126.59163188934326,-1.1825561863076928e-08,1.9531249506599124e-07
2577.155105409061,0.0,500.0,0.6950000000000001,503,10060000,36,0.014457616955041885,4.849999999999988e-05,1302.4399416716674,148865.5242852755,-0.010823507254811338,61.99084440562418,58.89668893814087,65.44776010513306,124.34445071220398,1.3446808111439168e-08,6.7382811721472535e-06
2265.247296284118,1114.68125,500.0,0.6725,504,10080000,36,0.014326454140245914,4.799999999999988e-05,1955.2020805800346,67031.68378290048,-0.01267878529604129,64.06759718169462,57.469590187072754,64.40388703346252,121.87347865104675,7.724762163263676e-09,-3.955078227591002e-06
2362.383098369398,319.59375,500.0,0.70875,505,10100000,36,0.015039061196148396,4.749999999999988e-05,1747.2248568468835,38035.439066005674,-0.013073416308874783,66.32934866334091,56.222728967666626,65.22107744216919,121.44380807876587,1.3351439953623867e-09,6.103515488575795e-07
2459.906089906259,0.0,500.0,0.75125,506,10120000,36,0.013553854078054428,4.699999999999988e-05,1632.5402335375811,27821.73622665974,-0.011419444287618648,68.26743865495546,59.04471683502197,64.52909588813782,123.5738136768341,-4.959106458812812e-09,-1.5380859395008883e-06
3012.1763537277297,0.0,500.0,0.8525,507,10140000,36,0.015514806844294071,4.6499999999999883e-05,1787.611012595234,18933.953956590463,-0.013465007872607184,70.14605187946573,59.126643896102905,63.676953077316284,122.8035991191864,-1.4495849853801701e-08,-2.83203121398401e-06
2502.319822343789,0.0,500.0,0.7649999999999999,508,10160000,36,0.016099143773317337,4.5999999999999885e-05,2117.3871904697494,16917.75404868703,-0.0127619181405781,71.43800144649204,58.75412154197693,64.10495638847351,122.85908007621765,-7.629394338515283e-10,2.2460937998403097e-06
2673.493598979331,0.0,500.0,0.7775000000000001,509,10180000,36,0.015046020969748497,4.5499999999999886e-05,1513.1540564177178,15130.568148037792,-0.013045580527723864,72.57157738495685,56.685713052749634,70.72886657714844,127.41458129882812,2.00271599304358e-09,-1.0986327652062755e-06
2553.2039407747156,1039.475,500.0,0.71375,510,10200000,36,0.015934769064188004,4.499999999999989e-05,1683.964300094025,25305.9288546962,-0.012661510723176683,74.50286104055343,60.53349947929382,64.65089464187622,125.18439507484436,-4.673004205812958e-09,2.7832031719299266e-06
2145.559358637058,0.0,500.0,0.64375,511,10220000,36,0.01593003235757351,4.449999999999989e-05,1811.0379839265097,16714.456053192494,-0.013155648853391955,75.77998814973841,57.92473840713501,66.67726421356201,124.60200428962708,-5.722046170220096e-10,2.4169921744032763e-06
2698.7093804361843,0.0,500.0,0.7125,512,10240000,36,0.017580987885594368,4.399999999999989e-05,1771.6019317686537,17854.54015426446,-0.014060376702974305,77.82126148279399,59.771910429000854,63.03854155540466,122.81045317649841,-6.008148201175345e-09,9.765625463842298e-07
2485.6741248276066,0.0,500.0,0.67,513,10260000,36,0.017673466354608536,4.349999999999989e-05,2250.849303256716,10309.25875277074,-0.015543202609591614,80.17331744848434,56.28387188911438,65.32616543769836,121.61003875732422,-5.054473728449693e-09,5.737304604735982e-07
1678.5025281170044,0.0,500.0,0.49625,514,10280000,36,0.014540698379278183,4.299999999999989e-05,1798.3355322077125,12673.566180764423,-0.01201054366910235,83.36673529925903,56.82870101928711,62.74430179595947,119.57300400733948,-5.769729582993932e-09,-8.544922138753464e-07
2770.602685332502,0.0,500.0,0.75125,515,10300000,36,0.016462938860058784,4.2499999999999895e-05,2100.1097559984755,8455.652046005904,-0.01324975160274137,85.89344671477568,60.77921414375305,63.288297176361084,124.06751298904419,-1.1062621929625038e-08,2.5695801468827995e-06
2788.0580551280746,0.0,500.0,0.735,516,10320000,36,0.015457806177437305,4.1999999999999896e-05,2271.2435866989986,8962.77874355025,-0.012382160336078226,88.8383919550334,54.295987367630005,63.307199239730835,117.60318803787231,3.1471252270875993e-09,-3.271484274591785e-06
2813.6813871357654,0.0,500.0,0.795,517,10340000,36,0.015827812254428864,4.14999999999999e-05,2025.3809704007008,6483.72824097763,-0.01333147160502109,90.65396907171291,53.63299012184143,61.40539288520813,115.0383849143982,4.720687840631399e-09,-4.162597633694531e-06
3269.828654953806,0.0,500.0,0.8775000000000001,518,10360000,36,0.018803581595420837,4.09999999999999e-05,2399.294353237294,9531.410783349938,-0.01486480220132628,91.29893163979625,55.399630546569824,60.03800082206726,115.43763375282288,2.2888184680880386e-09,2.4169921744032763e-06
2622.5214349141993,0.0,500.0,0.71875,519,10380000,36,0.014377688989043236,4.04999999999999e-05,1357.1690778965894,5262.153474514562,-0.013579030856243832,93.42458129208435,52.93259930610657,58.35135769844055,111.2839584350586,-2.0503998499066256e-09,-2.90527350443881e-06
2347.6109502052846,0.0,500.0,0.6725,520,10400000,36,0.013112948276102543,3.99999999999999e-05,1578.2593781048413,7136.554940610648,-0.01201213922254152,95.52410381941411,53.17412877082825,59.3732385635376,112.5473690032959,-1.907348590179936e-08,6.072997962291993e-07
2541.155019279871,0.0,500.0,0.6962499999999999,521,10420000,36,0.01713688112795353,3.94999999999999e-05,2038.1353383306327,5748.603943369429,-0.014940746058284262,97.01490118590745,51.55601453781128,58.55511140823364,110.11112689971924,-1.9073485846288207e-10,1.2451172324290383e-06
2831.388957800781,0.0,500.0,0.81125,522,10440000,36,0.016131628304719925,3.8999999999999904e-05,1682.0299128084519,7580.622624005584,-0.014050378647463791,98.44766125799198,51.37215971946716,59.928258657455444,111.3004195690155,2.6702879907247734e-09,-1.6967773035503342e-06
2959.7843104403782,0.0,500.0,0.79875,523,10460000,36,0.015382001176476479,3.8499999999999906e-05,1378.3459929119917,9079.176192939387,-0.012874235594580674,99.00346455829636,52.39478635787964,58.535475730895996,110.93026375770569,-6.675720420901143e-09,5.261230398900807e-06
2248.0403847951407,0.0,500.0,0.6625,524,10480000,36,0.015086556784808636,3.799999999999991e-05,1742.3551460620906,5552.437505904182,-0.01255954917449452,99.7873770924041,52.08714771270752,58.485724687576294,110.57287526130676,6.103515470812226e-09,1.1962890766881173e-06
2619.7542673628136,0.0,500.0,0.7325000000000002,525,10500000,36,0.01384259294718504,3.749999999999991e-05,2132.1562368808,3610.6297457596493,-0.012545003729697513,100.8911901561343,51.46304750442505,59.4216194152832,110.88466811180115,-9.536743617033494e-10,3.0792236884735757e-06
2271.902447128744,0.0,500.0,0.6537499999999999,526,10520000,36,0.015337645076215267,3.699999999999991e-05,2147.1715223090973,6227.5796551039175,-0.013137451262514309,102.86949306470433,52.216896295547485,60.23939752578735,112.45629644393921,-2.0980834847250662e-09,-5.004882837056357e-07
2987.023481239998,0.0,500.0,0.775,527,10540000,36,0.014631782658398151,3.649999999999991e-05,1614.8861080328115,4514.109961919003,-0.012977344250376907,104.78579941039649,51.04316568374634,60.27565264701843,111.31881928443909,6.675720420901143e-09,1.190185571431357e-06
3103.2752445518136,0.0,500.0,0.825,528,10560000,36,0.01693665236234665,3.599999999999991e-05,2313.724898709699,5368.8740483758975,-0.01386377838112359,107.9020789203637,51.468377113342285,59.95045208930969,111.41883039474487,5.62667867853861e-09,-9.307861432716891e-07
2845.6389882256904,0.0,500.0,0.7725,529,10580000,36,0.013876470737159252,3.5499999999999914e-05,1867.696317573198,4018.682547398988,-0.012727238718107181,109.97329184600213,51.4470853805542,59.302741050720215,110.74982738494873,-3.910064716450279e-09,-5.859375278305379e-07
2367.7383137874594,0.0,500.0,0.7150000000000001,530,10600000,36,0.016547655686736107,3.4999999999999916e-05,1976.8219361201982,4525.337268551741,-0.014930437388842284,111.40228074114079,51.9852979183197,59.37610125541687,111.36140036582947,-5.912780931538464e-09,-1.1352539104336756e-06
2600.068577516261,0.0,500.0,0.7324999999999999,531,10620000,36,0.015226337127387524,3.449999999999992e-05,1892.7234454332704,3273.086735712877,-0.01286767839074246,112.92891606786888,51.59855794906616,59.54433584213257,111.1428952217102,-3.3378602104505717e-09,-1.257324242942559e-06
2224.2738203330773,784.5375,500.0,0.7150000000000001,532,10640000,36,0.013644765131175518,3.399999999999992e-05,2604.845067602123,12696.178560657116,-0.014508293863386907,114.29901569381352,52.26163291931152,60.687724590301514,112.94935965538025,-1.0013580187262505e-08,-4.882812731921149e-07
2902.18620830114,261.5125,500.0,0.7987500000000001,533,10660000,36,0.016672803089022636,3.349999999999992e-05,2348.9220947818126,4190.442234774621,-0.014630724934840071,116.1270058834684,51.31916093826294,59.32301664352417,110.64217925071716,-9.059905714536853e-09,-4.516601563864242e-07
2768.235454774731,0.0,500.0,0.7324999999999999,534,10680000,36,0.013710851781070232,3.299999999999992e-05,1853.8457111037703,3440.234325881541,-0.013345961314174759,118.44822078958063,51.18078136444092,59.15106821060181,110.33185029029846,1.2397766369076635e-08,-6.896972877257213e-07
2577.4078267362775,0.0,500.0,0.70375,535,10700000,36,0.014630133286118507,3.249999999999992e-05,2283.6356094679936,2726.9052510666093,-0.015239130011834912,120.0862014589049,51.284380197525024,59.008952140808105,110.29333353042603,-5.531310964812519e-09,1.2084960872016381e-06
3053.7702470204554,0.0,500.0,0.805,536,10720000,36,0.015048283152282238,3.1999999999999924e-05,1795.4439263497848,3246.2744631592923,-0.013234644784314546,121.86101134601196,51.38403344154358,60.39537501335144,111.7794098854065,-1.4114379887075756e-08,1.1962890766881173e-06
2723.77606746148,0.0,500.0,0.76875,537,10740000,36,0.014076474122703075,3.1499999999999925e-05,1582.8309806929356,3389.0870490028456,-0.01362032205656397,123.61236491421668,50.91623067855835,62.64497447013855,113.56120610237122,-1.7166137400437265e-09,-6.103515914901436e-08
2260.890648320591,0.0,500.0,0.6012500000000001,538,10760000,36,0.013647244311869144,3.099999999999993e-05,1600.0616092593864,5767.437320675374,-0.013300996467988194,125.13967253969712,51.69560480117798,62.40946984291077,114.10507774353027,-5.7220459481754915e-09,-8.422851465184067e-07
2917.8804437004665,0.0,500.0,0.75625,539,10780000,36,0.01334220077842474,3.0499999999999928e-05,1923.3163677157347,8139.299654082114,-0.012557968087921685,127.48174669728196,51.40651297569275,60.20641326904297,111.61292791366577,7.629394893626795e-09,-1.708984314063855e-07
3225.905882573511,0.0,500.0,0.845,540,10800000,36,0.013947367668151855,2.999999999999993e-05,1900.8197460316749,8697.513209312148,-0.01259043286312345,129.75450753945597,51.23044276237488,60.47001552581787,111.70046091079712,3.6239624634504253e-09,-8.78906234902388e-07
2858.355600036,0.0,500.0,0.7887500000000001,541,10820000,36,0.014401258900761604,2.9499999999999928e-05,1615.0462900878777,6335.154960494199,-0.013990839347389603,131.6097912935657,51.40547251701355,62.09757137298584,113.5030448436737,-1.1444092340440193e-09,-8.056640581344254e-07
2682.572296471461,0.0,500.0,0.6599999999999999,542,10840000,36,0.013856837525963783,2.899999999999993e-05,1485.1899255326678,5672.410831450062,-0.012941263024906393,133.45292850585113,51.49951934814453,60.09311032295227,111.5926308631897,-4.1961669694501325e-09,5.859375278305379e-07
2900.3119320303904,0.0,500.0,0.7224999999999999,543,10860000,36,0.013476530089974403,2.849999999999993e-05,1298.3075601363123,5096.601622083486,-0.013538117028204929,134.9280663213706,51.599305629730225,60.475576639175415,112.07488298416138,1.0013580187262505e-08,3.540039017480012e-07
3031.983002103456,0.0,500.0,0.8074999999999999,544,10880000,36,0.014464206993579865,2.799999999999993e-05,1395.6132183487973,4082.2945043030977,-0.013460541299151182,136.55621243234134,51.71807146072388,59.211349964141846,110.92942261695862,-1.6212463593845428e-09,-7.202148708529421e-07
2253.146829516131,1068.7,500.0,0.63,545,10900000,36,0.014570588245987892,2.749999999999993e-05,1372.0910939103878,8662.617422703102,-0.012467778433440104,139.02599609071666,51.72202801704407,59.1581494808197,110.88017868995667,2.479553229406406e-09,-1.7333984487777343e-06
2904.567459981018,1034.5,500.0,0.7550000000000001,546,10920000,36,0.013004370033740997,2.699999999999993e-05,1412.548738516854,18412.82995332468,-0.012857397092352722,140.47188105124465,52.053101539611816,59.64522361755371,111.69832634925842,-1.287460360543946e-09,3.1738281336401997e-07
3145.595432663364,0.0,500.0,0.80625,547,10940000,36,0.013334001414477825,2.6499999999999933e-05,1437.064546012946,13516.35462075783,-0.013909180633251628,142.0109711885029,51.971275329589844,60.970786571502686,112.94206428527832,5.435943695175638e-09,-6.83593725625542e-07
3067.502621349837,0.0,500.0,0.80625,548,10960000,36,0.013861558400094509,2.5999999999999934e-05,1985.0574061671682,15501.688335035471,-0.01277337622632731,144.2336649178697,52.321868896484375,59.41415810585022,111.73602819442749,-2.5272368642248466e-09,-9.521484116703505e-07
2577.524195195501,0.0,500.0,0.7262500000000001,549,10980000,36,0.012246673926711082,2.5499999999999935e-05,1761.8385122676332,13761.36721711841,-0.012941696739413887,145.72783855347504,52.87742328643799,59.7072217464447,112.58464574813843,1.907348723406699e-09,3.0029295885469764e-06
2481.7682523326575,0.0,500.0,0.66625,550,11000000,36,0.013253656215965748,2.4999999999999937e-05,1682.6059593902144,8712.77805246848,-0.013420931699909409,147.32569066928895,52.13095307350159,59.88524055480957,112.01619458198547,-6.818771325356465e-09,-4.882812731921149e-07
2461.95899124195,0.0,500.0,0.6599999999999999,551,11020000,36,0.01347502414137125,2.4499999999999938e-05,1749.3537562014492,9320.532870865816,-0.013788708393030724,47.393161279748085,51.97987699508667,59.344614028930664,111.32449221611023,-1.7166137400437265e-09,3.1738281336401997e-07
2988.3312726013087,0.0,500.0,0.7725,552,11040000,36,0.013316422700881958,2.399999999999994e-05,1675.2687165812479,9782.044080166179,-0.014278473938384018,49.02721840564266,52.245771408081055,58.77037835121155,111.01615118980408,-7.057189943537878e-09,-5.859375278305379e-07
2282.9005523324527,0.0,500.0,0.6075,553,11060000,36,0.012705814093351364,2.349999999999994e-05,1884.4636187216556,7044.750279500716,-0.013780032832003247,50.86931972178661,52.54068684577942,58.61442732810974,111.15511512756348,5.340575981449547e-09,-1.0467529136803932e-06
2931.799271286922,0.0,500.0,0.79125,554,11080000,36,0.013799927197396755,2.2999999999999942e-05,2006.390468390224,7215.075418263071,-0.014417275663950924,52.43686281555631,51.83465909957886,58.53620767593384,110.37086796760559,-2.7656554824062596e-09,0.0
2830.634681008209,0.0,500.0,0.7787499999999999,555,11100000,36,0.013677150011062622,2.2499999999999944e-05,2016.5998544906274,9670.472265902334,-0.01421408434094313,54.341371856854664,52.91405940055847,60.42321014404297,113.33727073669434,-6.484985437538171e-09,-2.19726558725597e-07
2900.152946296362,0.0,500.0,0.7224999999999999,556,11120000,36,0.013174362480640411,2.1999999999999945e-05,1545.8724429232454,3767.085255236587,-0.01392278020977835,56.14595319127038,52.43186974525452,59.260338306427,111.692209482193,2.479553229406406e-09,1.3427734302240424e-06
2982.804232195234,0.0,500.0,0.8087500000000001,557,11140000,36,0.014177514240145683,2.1499999999999947e-05,1783.876770488074,4369.529605539124,-0.014801376006133883,57.62394392740062,51.673584938049316,59.88102388381958,111.55460953712463,1.115798919926192e-08,-2.0202637642796617e-06
2621.446730551169,0.0,500.0,0.68125,558,11160000,36,0.011897565796971321,2.0999999999999948e-05,1747.541869700103,3133.9980599508667,-0.01225080276950354,59.103958063528474,51.641483783721924,59.46445894241333,111.10594391822815,3.2424927187690855e-09,-1.0131835779247922e-06
2706.1361379043674,0.0,500.0,0.7325,559,11180000,36,0.012608221732079983,2.049999999999995e-05,1945.2589928353134,2882.7004234197507,-0.012317118547770189,60.52506286504635,52.72843790054321,58.25981616973877,110.98825478553772,7.629394338515283e-10,1.3793945754514425e-06
2761.725694132,0.0,500.0,0.7437500000000001,560,11200000,36,0.013918389566242695,1.999999999999995e-05,1723.392928947148,3194.344931724692,-0.013091693058968507,62.2068270929409,52.232484579086304,58.33342933654785,110.56591534614563,6.055831835993786e-09,-1.9348144633113407e-06
3140.365548325408,0.0,500.0,0.85625,561,11220000,36,0.012156776152551174,1.9499999999999952e-05,1809.3057488145919,3570.986019558377,-0.011673289740414821,63.36018486043262,52.569458961486816,59.08610796928406,111.65556788444519,-3.3855438452690123e-09,-1.0131835779247922e-06
2564.552587295384,0.0,500.0,0.74375,562,11240000,36,0.01239643432199955,1.8999999999999954e-05,1835.4810989266132,3398.606924049559,-0.012156202481442353,63.410029253555095,51.43472909927368,58.835057973861694,110.26978874206543,-5.984306383766125e-09,-8.544922138753464e-07
2692.864099084212,0.0,500.0,0.7362500000000001,563,11260000,36,0.01293205562978983,1.8499999999999955e-05,1561.973038185561,2292.3023960274672,-0.013419115347083543,64.74398037927728,51.74740958213806,59.82785987854004,111.575270652771,-2.5272368642248466e-09,4.080200142198009e-06
2740.65039905507,0.0,500.0,0.7525000000000001,564,11280000,36,0.012326031923294067,1.7999999999999956e-05,1833.0458268560667,2248.7500863418877,-0.01291666531930871,66.34072920190218,52.393943786621094,58.909595251083374,111.30353999137878,3.051757735406113e-09,5.310058668328566e-07
2573.9820006714885,0.0,500.0,0.6512499999999999,565,11300000,36,0.011496681720018387,1.7499999999999958e-05,1756.1222133859912,3247.9248812468627,-0.012535402303420068,67.52363659280134,52.00175094604492,60.14327263832092,112.14502501487732,4.00543198608716e-09,1.2207030941624453e-08
2351.608291732445,0.0,500.0,0.67125,566,11320000,36,0.011015983298420906,1.699999999999996e-05,1594.8614466311367,2494.976489320646,-0.01367055072635032,68.53914059160617,52.40248918533325,58.92917585372925,111.33166646957397,1.3828277412031298e-09,-2.0996094463043846e-06
2698.184058787771,0.0,500.0,0.7525000000000001,567,11340000,36,0.011089504696428776,1.649999999999996e-05,1404.3969048854515,2051.117297621115,-0.013419946802204031,69.46773066061965,52.410927534103394,59.867297887802124,112.27822685241699,-2.1934509764065524e-09,-1.257324242942559e-06
2655.9876213733305,0.0,500.0,0.73,568,11360000,36,0.011354928836226463,1.5999999999999962e-05,1641.3970094328024,1874.746354693168,-0.012786704624953779,69.76250918587768,51.901172161102295,59.484715938568115,111.38588953018188,-9.536742923144104e-11,2.2583008103538305e-06
3372.754775625479,0.0,500.0,0.8474999999999998,569,11380000,36,0.012554413639008999,1.5499999999999963e-05,1684.3137817220313,2007.2425504717626,-0.014120994524697663,70.50870349655179,52.60768795013428,59.71892023086548,112.32660937309265,1.1825561863076928e-08,1.0925292599495151e-06
2805.3872138135694,0.0,500.0,0.7525000000000001,570,11400000,36,0.011048628017306328,1.4999999999999965e-05,1427.5805839183781,4326.626923040756,-0.01364844521418522,71.56451041587583,51.093668699264526,61.42917251586914,112.5228419303894,-3.2424927187690855e-09,1.2207031829802872e-07
2511.136304697376,0.0,500.0,0.675,571,11420000,36,0.009887627325952053,1.4499999999999966e-05,1764.2437622509065,3344.8507454154083,-0.011490921674001689,72.63993030191949,52.37028121948242,60.55986952781677,112.93015146255493,-1.3446808111439168e-08,1.3427734302240424e-06
3147.0188380767877,0.0,500.0,0.82,572,11440000,36,0.012363677844405174,1.3999999999999968e-05,1463.1207822204524,2797.0841173328404,-0.014937897309206574,72.84513897027452,51.75460743904114,59.02493143081665,110.77954053878784,-5.149841442175784e-09,3.7231444593999186e-07
3178.190059259382,0.0,500.0,0.84375,573,11460000,36,0.010174744762480259,1.3499999999999969e-05,1868.1583902415207,1851.7676270051252,-0.012078187402854695,73.11712563202911,52.27484893798828,59.89999198913574,112.17484211921692,-2.3841859042583735e-10,-7.507323971367441e-07
2656.437881750502,0.0,500.0,0.7275,574,11480000,36,0.011352893896400928,1.299999999999997e-05,2001.8404339677609,1923.5109180454501,-0.01470702528485494,74.41242944597563,52.441771030426025,61.39370059967041,113.83547282218933,-4.76837147544984e-09,-8.544921570319275e-08
2626.0583630243977,0.0,500.0,0.6849999999999999,575,11500000,36,0.011046982370316982,1.2499999999999972e-05,1893.3420958595154,1624.993628044521,-0.013327022085583217,75.91873861467919,51.61257195472717,61.037498235702515,112.65007162094116,-1.1444092340440193e-09,1.6601562720097718e-06
2142.3787779206295,0.0,500.0,0.6262500000000001,576,11520000,36,0.01187942735850811,1.1999999999999973e-05,1683.7209281122427,1841.3761973247317,-0.013260889685185063,77.42605405299004,51.34188771247864,60.683613300323486,112.02550411224365,1.67608256163021e-08,-1.4038086249001935e-07
2912.6440745164314,0.0,500.0,0.7925000000000001,577,11540000,36,0.010691224597394466,1.1499999999999975e-05,1611.2683183116865,1771.1126025182625,-0.012405529545632812,78.34174690409083,51.80286884307861,60.121495485305786,111.9243655204773,3.051757735406113e-09,-9.414673058927292e-07
2645.560586719074,0.0,500.0,0.735,578,11560000,36,0.010228262282907963,1.0999999999999976e-05,1919.8729701558452,1556.3891076686157,-0.012300573255383087,79.4254727531165,51.933271408081055,60.846962451934814,112.78023552894592,1.239776614703203e-09,-5.676269552168378e-07
2689.611828542681,0.0,500.0,0.69375,579,11580000,36,0.009846924804151058,1.0499999999999977e-05,1742.8646537853888,1754.5825046570453,-0.012877547801764009,80.41643481513563,51.75891709327698,58.9729163646698,110.7318344116211,5.817413217812373e-09,-1.6265869362541707e-06
2758.176495537339,0.0,500.0,0.7725,580,11600000,36,0.010080293752253056,9.999999999999977e-06,1894.7805645244953,1992.1514166201266,-0.012172613403686172,81.55741711698782,51.70037245750427,60.663793325424194,112.3641664981842,-9.155273872352154e-09,-5.249023615760962e-07
2214.110972412481,0.0,500.0,0.60875,581,11620000,36,0.009059224277734756,9.499999999999979e-06,1517.1314878372339,2193.4229779769903,-0.010569947470699175,82.80864113309005,51.842000246047974,59.775012254714966,111.61701345443726,3.671646098268866e-09,-7.690429697504442e-07
2201.2235164290896,0.0,500.0,0.585,582,11640000,36,0.010391314513981342,8.99999999999998e-06,1885.9943693849607,1581.810711238754,-0.013058808618206148,83.54929154097802,52.07428240776062,59.705974102020264,111.7802574634552,-5.722046170220096e-10,5.37109372089617e-07
2680.54934865428,0.0,500.0,0.7112499999999999,583,11660000,36,0.009415069594979286,8.499999999999981e-06,1903.4390751869491,1660.7574512074084,-0.01219160094337583,84.56960724345495,51.9471869468689,60.538182973861694,112.4853720664978,-1.7166137400437265e-09,4.7607420583517523e-07
2486.8133518891646,0.0,500.0,0.70875,584,11680000,36,0.009625483304262161,7.999999999999983e-06,1879.876708077081,1575.947685645242,-0.012475965472984131,85.4040757396943,51.6573965549469,59.50750374794006,111.16490149497986,3.1471252270875993e-09,1.647949261496251e-07
3012.1033147281278,0.0,500.0,0.8375,585,11700000,36,0.009011980146169662,7.499999999999984e-06,1718.3016589689137,1417.758233148577,-0.012524953924991781,85.94809887364353,52.06305193901062,60.78903245925903,112.85208582878113,5.435943695175638e-09,-4.318237358802435e-07
2727.289743257958,0.0,500.0,0.71125,586,11720000,36,0.008607777766883373,6.9999999999999855e-06,1877.6387707131696,1460.3967639948826,-0.011311600114921267,86.42109103231596,51.86539316177368,59.281230211257935,111.14662456512451,1.1539459165987864e-08,1.8310547034161573e-07
2746.2864649373014,0.0,500.0,0.725,587,11740000,36,0.008767209947109222,6.499999999999987e-06,1829.640707793962,1433.834481387939,-0.011207786963436486,86.90323269430695,51.818954944610596,59.5715069770813,111.39046382904053,-2.8610229740877458e-09,-5.607604975921276e-07
2905.417729380063,0.0,500.0,0.8262499999999999,588,11760000,36,0.008422113955020905,5.999999999999988e-06,1724.5063592587796,1528.1615384893719,-0.011082972359246308,87.45122474247908,52.20045518875122,60.10555601119995,112.30601215362549,1.2636184543168838e-08,-4.34875495614051e-08
3156.6528357216025,0.0,500.0,0.79125,589,11780000,36,0.009514338336884975,5.499999999999989e-06,1852.042316925623,1425.0959812390454,-0.013466716261783002,87.87620760491438,51.17991614341736,60.19780945777893,111.37772703170776,4.4345855876315454e-09,-1.739501982456204e-07
2890.2692798959124,0.0,500.0,0.7262500000000001,590,11800000,36,0.007645131554454565,4.999999999999989e-06,1922.7708175978764,1759.1413803344337,-0.009651293480426785,88.03030013293292,51.764554262161255,58.8940908908844,110.65864610671997,-4.148483334631692e-09,-9.155273872352154e-09
2526.491059378215,0.0,500.0,0.6925000000000001,591,11820000,36,0.006878603249788284,4.499999999999991e-06,1747.0303182036562,1426.6306487961276,-0.01041844267585987,88.39533063423393,51.65792798995972,60.68902373313904,112.34695243835449,-1.5735626135437997e-08,-1.8615722296999593e-07
2867.859365033265,0.0,500.0,0.82125,592,11840000,36,0.007528321817517281,3.999999999999991e-06,2055.8018950820183,1418.2130567437587,-0.01038093078101846,88.8107343490216,52.43846583366394,59.637600898742676,112.07606863975525,-3.3855438452690123e-09,2.2888183792701966e-08
2847.2125283612595,0.0,500.0,0.72375,593,11860000,36,0.006415200885385275,3.4999999999999923e-06,1508.3978733933475,1384.3484874937947,-0.009612403704580991,89.01527924718779,51.846214056015015,58.861130475997925,110.70734739303589,-9.63211022053656e-09,9.155273517080786e-08
3047.4522375367474,0.0,500.0,0.7474999999999999,594,11880000,36,0.006598091218620539,2.9999999999999937e-06,1712.8740652813572,1333.7080923127164,-0.009840395932669666,89.26886997960924,52.24214720726013,60.099039793014526,112.34118795394897,-1.8596648665436533e-09,4.882812376649781e-08
2988.3150902438974,0.0,500.0,0.8287500000000001,595,11900000,36,0.006438883952796459,2.4999999999999947e-06,1879.3922205455428,1332.5464748589757,-0.008465258110867385,89.60535996815902,52.42916536331177,59.32503390312195,111.75420022010803,9.536742923144104e-11,-3.044128504825494e-07
2652.3023431134593,0.0,500.0,0.7112499999999999,596,11920000,36,0.006106651853770018,1.9999999999999957e-06,1995.6564156312575,1355.8755540397517,-0.008355822288384116,89.9693868120469,51.74810004234314,59.79557538032532,111.54367709159851,2.8610229740877458e-09,-4.287719832518633e-07
2619.910743751068,0.0,500.0,0.7150000000000001,597,11940000,36,0.00480655487626791,1.4999999999999966e-06,1411.346807675536,1359.5397378192288,-0.007077954031122378,90.2163350725157,51.96431064605713,60.02551794052124,111.98982954025269,-1.1444092340440193e-09,2.1362303925798187e-08
3342.357727242851,0.0,500.0,0.8300000000000001,598,11960000,36,0.005098460242152214,9.999999999999978e-07,1532.3323702854514,1360.7456506763658,-0.006696331053954887,90.21132888766861,51.95742177963257,59.48270559310913,111.44012928009033,-3.0994415922691587e-09,-2.5939941750152684e-08
2987.5458448734503,0.0,500.0,0.8162500000000001,599,11980000,36,0.004731259774416685,4.999999999999989e-07,1672.4033184870786,1794.8581850852872,-0.00575624437803349,90.2529273028064,51.55342173576355,59.59061884880066,111.1440417766571,7.343292196537732e-09,6.5307619934174e-07
3138.078694093806,0.0,500.0,0.8400000000000001,600,12000000,36,0.0034407477360218763,0.0,1379.2403731503553,1393.3234373396663,-0.004263988115759795,90.28292373261809,52.3018684387207,59.848060131073,112.1499297618866,-2.3841859042583735e-10,4.6997070057841484e-07
