Metrics/EpRet,Metrics/EpCost,Metrics/EpLen,Metrics/EpSuccess,Train/Epoch,Train/TotalSteps,Train/StopIter,Train/KL,Train/LR,Loss/Loss_reward_critic,Loss/Loss_cost_critic,Loss/Loss_actor,Loss/Loss_ewc,Loss/Loss_safety,Time/Rollout,Time/Update,Time/Total,Value/RewardAdv,Value/CostAdv
863.97997047387,0.0,500.0,0.0,1,20000,37,0.006296683568507433,0.00029949999999999996,42.364883081858025,0.0029245761731671593,-0.002643215430570901,0.0,0.0,60.437623500823975,71.86886644363403,132.3064923286438,5.817413395448057e-08,6.496906346242781e-10
589.8213613709793,58.87750000000001,500.0,0.0,2,40000,37,0.0095406798645854,0.00029899999999999995,5248.125659562466,80.21547703504788,-0.0061380116074943435,0.0,927.75,60.87497282028198,65.9678647518158,126.84283828735352,-6.008148201175345e-09,-3.509521562250484e-08
717.0380370018331,62.69749999999999,500.0,0.0,3,60000,37,0.010032284073531628,0.00029849999999999994,1234.6883919668696,51.05761911958911,-0.007870064314440962,0.0,0.0,64.84316349029541,69.63355135917664,134.47671604156494,1.4114379887075756e-08,-5.8746337572301854e-08
-1675.4036999045209,557.7375,500.0,0.0,4,80000,37,0.007040548138320446,0.0002979999999999999,830977.1973757857,23654.952341348824,-0.0017819726071587865,0.0,5724.75,61.84061622619629,64.50916290283203,126.34978079795837,-3.19480886190604e-09,2.291870032422594e-06
-1753.8350939844306,578.5425,500.0,0.035,5,100000,37,0.00883546657860279,0.0002974999999999999,448451.37162358384,11315.51193830261,-0.003610193738427572,0.0,4208.0,59.212056398391724,65.08738017082214,124.2994384765625,5.7220459481754915e-09,-5.615234499600774e-07
-6425.572904923121,1547.4125,500.0,0.02125,6,120000,37,0.005841275677084923,0.0002969999999999999,1992088.8839772064,53170.682804845834,-0.002856575044439912,0.0,17627.5,54.389341831207275,63.73248505592346,118.12182784080505,-1.2588500908350397e-08,1.4404297417058842e-06
-5200.842487401059,1275.73125,500.0,0.01875,7,140000,37,0.005214373581111431,0.0002964999999999999,872682.1729793089,27610.882504407116,-0.0005425644938405142,0.0,4.75,62.32556915283203,64.66174745559692,126.98731851577759,-4.1961669694501325e-09,-4.39453117451194e-07
-5157.411037584048,1277.37625,500.0,0.030000000000000006,8,160000,37,0.010525308549404144,0.0002959999999999999,1126785.4339360285,6026.323259259925,-0.004294340685757845,0.0,1165.5,61.879778146743774,66.50727701187134,128.38705730438232,3.433227480087453e-09,-1.6357421372958925e-06
-2658.1114768464777,809.325,500.0,0.045,9,180000,37,0.006356222555041313,0.00029549999999999986,804553.7386058494,4806.136174822459,-0.0025357854488312903,0.0,130.0,62.44625115394592,65.90500903129578,128.35126161575317,-6.198883073516015e-10,1.4892577837599674e-06
-8865.684522004185,2032.1575,500.0,0.025,10,200000,37,0.006347662769258022,0.00029499999999999985,2108048.099833291,8438.375070038119,-0.0036865100118992408,0.0,46.75,69.33027625083923,67.26289415359497,136.5931715965271,-7.2479249269008506e-09,-8.056640581344254e-07
-7101.9215274615035,1650.4175000000002,500.0,0.0,11,220000,37,0.006609097123146057,0.00029449999999999984,1025498.0410527133,5565.950186131666,-0.005831744444252795,0.0,10406.5,62.78817677497864,66.64866924285889,129.43684673309326,1.907348723406699e-09,5.4931642807787284e-06
973.4511460484933,51.7625,500.0,0.0,12,240000,37,0.012219961732625961,0.00029399999999999983,2224.9790315515233,896.1228183186041,-0.010553362804651002,0.0,641.75,61.49479413032532,70.64764785766602,132.14244437217712,7.343292196537732e-09,-1.2451172324290383e-06
659.7883125361714,112.7875,500.0,0.0,13,260000,37,0.013009081594645977,0.00029349999999999987,2078.2001905692446,437.98041672505263,-0.011144050679286765,0.0,0.0,60.24454140663147,62.71692967414856,122.96147322654724,7.629394893626795e-09,1.708984314063855e-07
1160.1665392179948,0.0,500.0,0.0,14,280000,37,0.012175425887107849,0.00029299999999999986,710.3544281337887,194.53592677470903,-0.01256818885014861,0.0,0.0,61.318952560424805,65.11594200134277,126.43489575386047,-7.820129432900558e-09,1.1901855145879381e-07
1169.7475085208114,0.7,500.0,0.0,15,300000,37,0.012350974604487419,0.00029249999999999985,392.9523430980659,148.4166565669364,-0.011823691906064974,0.0,0.0,63.05687093734741,67.97640752792358,131.0332794189453,1.2111663671987571e-08,3.051757957450718e-08
1124.4589843098636,2.8575000000000004,500.0,0.025,16,320000,37,0.013927627354860306,0.00029199999999999983,383.6750024127359,135.1454302487457,-0.01234701041507121,0.0,190.5,61.08680200576782,65.89102125167847,126.97782516479492,-1.0490417423625331e-08,-1.647949261496251e-07
-810.8694266664877,388.3875,500.0,0.0,17,340000,37,0.00875087734311819,0.0002914999999999998,962251.8714903257,2806.4092011474368,-0.001419565776155858,0.0,12370.0,58.58323073387146,66.10932779312134,124.69255948066711,2.6702879907247734e-09,-3.0273438369476935e-06
-3344.2189411841346,904.7125,500.0,0.0,18,360000,26,0.020200196653604507,0.0002909999999999998,281184.32233162894,1758.13981838231,-0.001993972174375819,0.0,3914.75,77.80832600593567,45.85053062438965,123.65885829925537,1.9073485846288207e-10,4.882812376649781e-08
-572.8491021378736,351.5675,500.0,0.025,19,380000,37,0.01512981578707695,0.0002904999999999998,616.9354807342563,260.7079751406934,-0.015022862862177818,0.0,0.0,63.60569787025452,65.47141885757446,129.0771186351776,9.53674295089968e-09,2.746581913015689e-07
1108.4341804718638,2.6275,500.0,0.0,20,400000,37,0.015452205203473568,0.0002899999999999998,438.17534301272946,190.73722520700937,-0.013606967911883055,0.0,58.5,60.81616139411926,66.07500433921814,126.89116668701172,-2.1100043934296764e-09,-3.0822752705716994e-07
1063.6906298612853,14.3,500.0,0.0,21,420000,37,0.016892386600375175,0.0002894999999999998,1026.7863279012765,176.50939028362527,-0.012799019803623649,0.0,738.5,62.517443895339966,74.52756834030151,137.04501366615295,-3.3378602104505717e-09,7.324219097881723e-08
836.5846244152174,62.772499999999994,500.0,0.025,22,440000,37,0.016044247895479202,0.0002889999999999998,456.6810333934455,123.6194500061383,-0.013707185218476744,0.0,0.0,68.48194622993469,65.63101530075073,134.11296248435974,4.577636936176077e-09,-2.540588468491478e-07
-3026.693652077881,833.825,500.0,0.00625,23,460000,37,0.01122554112225771,0.0002884999999999998,350575.0767798971,899.5730170808342,-0.0024957533761879526,0.0,0.0,61.51669692993164,69.01275396347046,130.52945184707642,-6.38961772381208e-09,4.504394382820465e-06
1140.344022093976,0.0,500.0,0.01875,24,480000,37,0.016188595443964005,0.0002879999999999998,939.8875070619167,127.88061170130852,-0.012928690718655864,0.0,0.0,64.31681847572327,65.00525712966919,129.32207798957825,8.106232129989621e-09,-1.1291503909660605e-07
1163.818516946952,0.78375,500.0,0.0,25,500000,37,0.015249333344399929,0.0002874999999999998,563.753849780227,126.81260775029273,-0.014139504086875762,0.0,8.25,62.521764039993286,66.54978680610657,129.0715525150299,-4.291534350109316e-10,3.6926269331161166e-07
-996.9391107458538,423.96375,500.0,0.0,26,520000,37,0.011688635684549809,0.00028699999999999977,565766.6171840598,748.6401923294667,-0.005363223447183988,0.0,9420.5,62.17528820037842,66.17229795455933,128.34758806228638,-9.822845647988743e-09,-2.2094727682997473e-06
-1436.5474977756762,518.1274999999999,500.0,0.0,27,540000,37,0.01797262392938137,0.00028649999999999975,556.8752273969335,139.68735036610343,-0.015733000497375443,0.0,0.0,59.57825779914856,69.96083736419678,129.5390968322754,1.907348723406699e-09,2.0141601453360636e-07
989.6761304138521,44.05,500.0,0.0,28,560000,37,0.018658000975847244,0.00028599999999999974,1254.9407864659472,149.98713253499847,-0.0163522954877529,0.0,0.0,65.33415341377258,66.85538959503174,132.18954420089722,4.81605511026828e-09,-2.1362303925798187e-08
1148.065903955455,0.8787500000000001,500.0,0.025,29,580000,37,0.01863682083785534,0.00028549999999999973,396.18320339193986,102.33924593874832,-0.0179941145787716,0.0,9.25,62.38507080078125,67.36446166038513,129.7495334148407,9.63211022053656e-09,1.5258788721439487e-07
1101.1212439564738,0.04625,500.0,0.0,30,600000,37,0.016784334555268288,0.0002849999999999997,404.3702751563504,86.67581022832587,-0.014581653829082568,0.0,0.0,61.559863567352295,67.53821182250977,129.09807801246643,-1.6355514276256145e-08,-1.9378661875180114e-07
1076.971051879012,0.0,500.0,0.0,31,620000,37,0.018124859780073166,0.0002844999999999997,378.8734713884516,101.4067213053366,-0.015462662644286085,0.0,0.0,59.36627149581909,66.98294758796692,126.34922099113464,1.4972686201986107e-08,2.0751953400122147e-07
1071.5100990461874,0.0,500.0,0.0,32,640000,37,0.018042700365185738,0.0002839999999999997,345.1605063707612,95.86364517165799,-0.016998610445556797,0.0,0.0,60.833176612854004,73.9796838760376,134.81286120414734,8.440017573718706e-09,-2.685546860448085e-07
1075.5935705619884,0.0,500.0,0.0,33,660000,37,0.017864296212792397,0.0002834999999999997,292.3970002672666,85.4485711378607,-0.016782424108868092,0.0,0.0,64.23295259475708,66.99954080581665,131.23249435424805,-4.76837147544984e-09,3.051757957450718e-08
1138.753292037241,0.0,500.0,0.0,34,680000,37,0.017517611384391785,0.0002829999999999997,304.5734390233755,90.037331207502,-0.016530187633940426,0.0,0.0,67.81637287139893,67.78551626205444,135.60189056396484,1.1444091896350983e-08,-1.7776488903109566e-07
618.123095964145,102.57375000000002,500.0,0.0,35,700000,30,0.022057047113776207,0.0002824999999999997,2368.035129773807,144.7239580871452,-0.012366431940612765,0.0,111.75,61.276023626327515,58.17632722854614,119.45235300064087,1.2087822298667561e-08,-4.1503906800244295e-07
1162.283436795025,7.251250000000001,500.0,0.025,36,720000,37,0.021832408383488655,0.0002819999999999997,390.02100948817616,84.66164013726159,-0.01653166219411395,0.0,0.0,58.286972999572754,64.98792910575867,123.27490329742432,9.63211022053656e-09,8.392333938900265e-08
1123.7788805474397,14.9,500.0,0.0,37,740000,29,0.022135544568300247,0.0002814999999999997,461.49955875421523,80.36098167761524,-0.015633697749828715,0.0,0.0,58.334871768951416,53.785863161087036,112.12073636054993,9.53674295089968e-09,-1.2435913276931387e-07
1238.35616854714,0.0,500.0,0.0,38,760000,27,0.020547274500131607,0.0002809999999999997,329.22553047430245,79.95940435235987,-0.017276378221571385,0.0,0.0,63.820472955703735,48.859790086746216,112.68026375770569,8.535384843355587e-09,-1.770019508740006e-07
1176.5435912491491,9.794999999999998,500.0,0.0,39,780000,30,0.020865224301815033,0.00028049999999999966,1669.8375568621457,77.64608428800703,-0.011034944353583521,0.0,163.25,62.96088457107544,55.419936418533325,118.38082265853882,1.907348723406699e-09,-9.307861148499796e-08
-4433.474397192924,1120.50125,500.0,0.0,40,800000,32,0.02062922529876232,0.00027999999999999965,1063156.4839173064,3768.5543870103247,-0.00518674903047887,0.0,19013.75,62.63796591758728,58.080434799194336,120.71840214729309,-1.4114379887075756e-08,-2.4414063659605745e-07
-3578.6078014040345,953.5975000000001,500.0,0.0,41,820000,5,0.04195234924554825,0.00027949999999999964,579450.9733786099,7336.0519304025665,0.010016883247064802,0.0,6647.75,67.63624596595764,9.132405757904053,76.76865339279175,-4.00543198608716e-09,-6.83593725625542e-07
-1954.5901387260187,615.30625,500.0,0.0,42,840000,11,0.025882337242364883,0.0002789999999999996,14320.446522974462,1114.217874700373,-0.007017576983467669,0.0,0.0,71.13617277145386,19.941960334777832,91.07813429832458,-1.1444092340440193e-09,7.324219097881723e-08
1178.0028080955212,0.0,500.0,0.025,43,860000,31,0.02036340907216072,0.0002784999999999996,2450.0867150802164,363.12583732113546,-0.010195599756281626,0.0,0.0,62.53534293174744,55.84457278251648,118.37991642951965,3.814697446813398e-09,-5.004882837056357e-07
1174.0351261171932,0.0,500.0,0.0,44,880000,25,0.020833291113376617,0.0002779999999999996,1135.3236467472357,113.31535462108283,-0.011821203448901923,0.0,0.0,62.031376123428345,43.054747343063354,105.08612442016602,8.392333938900265e-09,5.7220457705398076e-08
-987.5567637141746,388.975,500.0,0.0,45,900000,12,0.03741905093193054,0.0002774999999999996,195979.0776267331,3085.9433823941995,-0.0007823742596339336,0.0,0.0,62.29123783111572,21.613441228866577,83.90467977523804,-1.7166137400437265e-09,-1.8951416222989792e-06
1074.4961464807775,0.0,500.0,0.0,46,920000,22,0.021458962932229042,0.0002769999999999996,1218.2369414569678,243.12771759177238,-0.010024698934269754,0.0,0.0,63.10466814041138,38.8206205368042,101.92528986930847,-3.6239624634504253e-09,3.051757957450718e-08
1172.6858121240607,0.0,500.0,0.0,47,940000,24,0.020838603377342224,0.00027649999999999957,1103.1635860711242,203.780245971375,-0.009521465898189928,0.0,0.0,59.845603466033936,42.61887288093567,102.46447706222534,1.0490417423625331e-09,1.2207030941624453e-08
1236.5515514389194,0.0,500.0,0.025,48,960000,34,0.02043592743575573,0.00027599999999999955,552.1400800596343,120.6559257285081,-0.01345972840456662,0.0,0.0,60.84673285484314,59.8137903213501,120.66052412986755,2.574920721087892e-09,-1.2207030941624453e-08
-2257.697231649795,677.35875,500.0,0.0,49,980000,37,0.019046014174818993,0.00027549999999999954,1129038.1216167966,6073.959671437849,-0.010341424636557916,0.0,15847.0,64.98373556137085,69.00157499313354,133.98531198501587,7.820129432900558e-09,-2.2460937998403097e-06
-5848.041970957129,1388.4412499999999,500.0,0.0,50,1000000,22,0.022128267213702202,0.00027499999999999953,509240.73751719814,13683.253274104916,-0.0067350878153359306,0.0,0.0,60.828235149383545,39.90621209144592,100.7344491481781,-5.722046170220096e-10,-2.5634764710957825e-07
1114.9529247665403,0.0,500.0,0.0,51,1020000,23,0.02046404778957367,0.0002744999999999995,2069.7345302119193,1103.7151231560413,-0.009567036580159569,0.5693122989604862,0.0,60.91917324066162,45.17824029922485,106.09741473197937,-2.8610229740877458e-09,2.4414063659605745e-07
1097.2659400532739,0.0,500.0,0.0,52,1040000,34,0.020098667591810226,0.0002739999999999995,1681.4806369465334,391.55729990376494,-0.011217549737816612,1.8036767062870234,0.0,61.694010496139526,67.61215567588806,129.3061671257019,9.727478378351861e-09,-2.5024414185281785e-07
892.8806304615443,43.65,500.0,0.0,53,1060000,30,0.020729728043079376,0.0002734999999999995,7424.363600235067,845.9170926054446,-0.008467021848955831,3.4626871506880903,0.0,64.9240972995758,60.43983006477356,125.36392855644226,-4.1961669694501325e-09,2.5634764710957825e-07
786.3399061022786,60.275,500.0,0.0,54,1080000,17,0.021045461297035217,0.0002729999999999995,3743.0690330959897,722.0283894502138,-0.009719441007877711,4.802053544199168,93.5,55.579341650009155,33.5133421421051,89.09268498420715,-7.724762163263676e-09,2.4414063659605745e-07
1045.4385520647,4.675,500.0,0.0,55,1100000,29,0.02246430702507496,0.00027249999999999947,1216.6211788811663,239.5704947019104,-0.011839395802435947,6.113773743880666,0.0,61.56524634361267,53.66060662269592,115.22585415840149,-5.149841442175784e-09,-6.713867151120212e-08
1057.5549479457468,0.0,500.0,0.0,56,1120000,26,0.020366141572594643,0.0002719999999999995,924.3258698436018,301.7676450298588,-0.0124933362876551,7.748805242429702,0.0,59.80648159980774,51.19121265411377,110.99769496917725,8.01086397217432e-09,3.662109548940862e-08
1028.780276955335,0.0,500.0,0.0,57,1140000,21,0.021898703649640083,0.0002714999999999995,873.5683709682439,298.5325051288381,-0.01063211134188733,8.976458252500983,0.0,63.17450499534607,41.555426597595215,104.72993350028992,-1.6212463593845428e-09,-2.9907226917202934e-07
896.7538831579877,31.075,500.0,0.0,58,1160000,32,0.020321790128946304,0.0002709999999999995,2750.092330576132,281.40171345201924,-0.01030417734913929,10.129488713444232,0.0,61.699840784072876,62.820003271102905,124.51984572410583,-1.0490417423625331e-09,3.784179796184617e-07
1082.2729491401383,0.0,500.0,0.0,59,1180000,26,0.021571187302470207,0.0002704999999999995,650.6037605493771,158.8062504355636,-0.014130170381805704,11.720936367276789,0.0,63.60456871986389,52.95268654823303,116.55725693702698,1.3446808111439168e-08,-2.5329589448119805e-07
-3629.3853491664477,958.65,500.0,0.0,60,1200000,37,0.015520855784416199,0.00026999999999999946,705434.6235278542,1573.544946963527,-0.00348990754944987,12.415478617259128,0.0,60.907548666000366,72.12526059150696,133.03280997276306,2.6226043559063328e-09,2.6245118078804808e-06
-5916.090558469391,1407.975,500.0,0.0,61,1220000,24,0.029422875493764877,0.00026949999999999945,1948195.8379303156,27508.202445656854,0.0031304038158881738,13.573382211061585,0.0,63.40321230888367,49.46070837974548,112.86392259597778,-3.814697446813398e-09,2.0019531348225428e-06
1145.4479928908258,0.0,500.0,0.0,62,1240000,24,0.020096713677048683,0.00026899999999999944,1946.7656172446677,1114.0991496054637,-0.011108586247276448,15.114990011444743,0.0,65.85398983955383,48.25012016296387,114.10411167144775,4.959106458812812e-09,-5.859375278305379e-07
1070.9133501374781,0.0,500.0,0.0,63,1260000,25,0.02145184390246868,0.0002684999999999994,1512.9461746674071,651.6020932562587,-0.011604280977631911,16.80094834483089,0.0,62.6007080078125,50.90097427368164,113.50168371200562,5.149841442175784e-09,1.3427734302240424e-07
1106.2900468794799,0.0,500.0,0.0,64,1280000,24,0.02149505354464054,0.0002679999999999994,1442.9154145400237,434.56045700820744,-0.01384107470839692,18.329870068608,0.0,59.95416474342346,48.10445213317871,108.05861783027649,4.863739189175931e-09,-5.004882837056357e-07
1119.9768586369187,0.0,500.0,0.0,65,1300000,16,0.020229285582900047,0.0002674999999999994,874.5632864674822,382.18592801109287,-0.009838623491671165,19.431349013940977,0.0,64.19752788543701,30.986083030700684,95.18361306190491,1.4209747156712638e-08,5.737304604735982e-07
-3885.486741566981,985.05,500.0,0.0,66,1320000,7,0.22844448685646057,0.0002669999999999994,728601.9480414902,3543.8887230904884,0.003939479396481701,19.91221841858272,0.0,61.31046462059021,14.426415205001831,75.73688197135925,-1.4305114870438729e-09,4.882812376649781e-08
1011.5254186052746,12.35625,500.0,0.0,67,1340000,9,0.020154112949967384,0.0002664999999999994,5819.317231340446,825.2151559024658,-0.00818949768846715,20.368355534031835,494.25,62.247923135757446,17.92770028114319,80.17562508583069,1.1587142800806305e-08,8.544921570319275e-08
943.8072478172537,37.06875,500.0,0.0,68,1360000,12,0.021826351061463356,0.00026599999999999936,2491.3539708861654,529.5830404669586,-0.008917771563907396,20.604054678997166,0.0,66.32292461395264,24.03846049308777,90.36138677597046,-1.0490417423625331e-08,-6.103515470812226e-09
1048.8683655373711,0.65,500.0,0.0,69,1380000,17,0.020719870924949646,0.00026549999999999935,1359.6306025937545,348.14343838834196,-0.009653030714549416,21.226890550701942,13.0,62.285266399383545,33.489530086517334,95.77479767799377,-4.00543198608716e-09,1.3427734302240424e-07
1075.5338134243332,0.65,500.0,0.0,70,1400000,24,0.020869307219982147,0.00026499999999999934,1145.0953115964976,200.82784645803693,-0.010686231421875044,21.620063214510267,0.0,61.58209991455078,49.82633972167969,111.40844202041626,1.602172794434864e-08,-1.0314940936950734e-06
1077.7036255102178,0.0,500.0,0.0,71,1420000,20,0.021110115572810173,0.00026449999999999933,938.4504741632138,225.1319334743122,-0.01168946692959581,22.619033678499655,0.0,61.49629473686218,39.657782316207886,101.15407800674438,-9.751319751671872e-09,1.3763427659796434e-06
1071.2505100977785,0.0,500.0,0.0,72,1440000,31,0.021529927849769592,0.0002639999999999993,1017.8594642095832,188.0804269777479,-0.012909884703945778,24.01933711383265,0.0,65.33213710784912,71.53868675231934,136.87082529067993,1.4495849853801701e-08,6.637573051193613e-07
1070.9126992367696,0.0,500.0,0.025,73,1460000,26,0.02279728837311268,0.0002634999999999993,1263.7799042003048,230.33903583761924,-0.011110051146027046,25.526882370615745,0.0,59.812697887420654,56.30272364616394,116.11542248725891,-4.148483334631692e-09,-4.882812731921149e-07
-782.5891317709468,360.07874999999996,500.0,0.0,74,1480000,16,0.021801311522722244,0.0002629999999999993,690356.3023408457,3151.265666609755,-0.002004457998164623,26.541052193306506,8001.75,62.878596782684326,31.83219885826111,94.71079707145691,-4.625320570994518e-09,-1.367187451251084e-06
-2484.0781708738687,679.44375,500.0,0.0,75,1500000,37,0.018202871084213257,0.0002624999999999993,384989.93468666985,3773.2074495155302,-0.002786619616316144,27.770777045110687,6838.5,68.22689723968506,77.99126648902893,146.21816515922546,-9.536743617033494e-10,-7.324218813664629e-07
-1248.6583736387252,444.50249999999994,500.0,0.0,76,1520000,16,0.020324204117059708,0.00026199999999999927,1778.7035307046324,679.4183668160972,-0.010469276951348852,28.77960693531524,0.0,62.651418924331665,34.6195650100708,97.27098488807678,-1.592636067471176e-08,-6.103515914901436e-08
953.9215904715686,6.05,500.0,0.0,77,1540000,21,0.020149897783994675,0.00026149999999999925,2387.7659977341686,628.311336724522,-0.0074068374502706796,29.34002418639942,0.0,60.415576457977295,41.48214936256409,101.89772725105286,5.57899459963096e-09,-1.647949261496251e-07
974.3531443285549,0.0,500.0,0.0,78,1560000,30,0.0226400438696146,0.00026099999999999924,1398.479803918548,350.0174153280207,-0.011045543043189845,30.51849337081178,0.0,60.621243953704834,60.3949716091156,121.01621675491333,1.1444091896350983e-08,5.981445383440587e-07
389.2198248525254,126.48125000000002,500.0,0.0,79,1580000,16,0.02060386911034584,0.00026049999999999923,25163.566695868398,1164.3354480974972,-0.01027080178148851,31.57295181080937,243.25,61.00686979293823,31.373637199401855,92.3805091381073,8.583068700218632e-10,-4.6997070057841484e-07
952.9284101358214,18.24375,500.0,0.0125,80,1600000,13,0.023098211735486984,0.0002599999999999992,2648.1509923290405,511.4650618261833,-0.007508148929151358,32.356354185391716,0.0,60.110132455825806,22.765247106552124,82.87538075447083,-1.0681151962899094e-08,2.5024414185281785e-07
-1004.698097835853,401.3075,500.0,0.037500000000000006,81,1620000,2,0.02482140250504017,0.0002594999999999992,459723.7301593817,13389.186290290028,0.013217533949000862,33.01495241890319,5000.25,57.61148715019226,3.4340341091156006,61.0455219745636,4.1961669694501325e-09,-1.7333984487777343e-06
420.777153960084,125.76749999999997,500.0,0.0,82,1640000,19,0.020551249384880066,0.0002589999999999992,1284.657088245567,415.2636549587067,-0.010100376825804419,34.05194163639164,0.0,60.168917179107666,37.07217574119568,97.24109411239624,-2.1457672971791908e-08,-1.1657714367174776e-06
867.2273141316728,17.1,500.0,0.0,83,1660000,27,0.02211087755858898,0.0002584999999999992,3916.976476270057,590.3150096771886,-0.012272753292561783,34.83030536422756,0.0,62.34569263458252,53.72980570793152,116.07550024986267,1.1920929132713809e-08,6.103515470812226e-09
850.5968898452953,0.10375000000000001,500.0,0.0,84,1680000,28,0.02278931811451912,0.00025799999999999917,1898.6246570463543,308.92405246262786,-0.010635474321274818,35.72120988124149,20.75,56.88475489616394,53.24402117729187,110.1287772655487,9.059905714536853e-09,4.577636758540393e-08
856.8191312407914,1.9712500000000002,500.0,0.0,85,1700000,14,0.02042023092508316,0.00025749999999999916,1684.6540699570976,287.6454650307833,-0.006815480380644235,36.52066011485418,0.0,59.64886689186096,30.17608332633972,89.824951171875,-1.354217538107605e-08,-1.1383057199054747e-06
-4518.756204758208,1083.3,500.0,0.005,86,1720000,37,0.01786169596016407,0.00025699999999999915,729645.6904582235,3426.642262750561,-0.003514098060804591,37.62591570389826,0.0,62.86786413192749,73.34411931037903,136.2119846343994,-4.482269222449986e-09,2.4536132059438387e-06
952.9016502803108,0.9375,500.0,0.03250000000000001,87,1740000,14,0.02086389809846878,0.00025649999999999913,4905.209146406486,2261.6325941203336,-0.007842340977747284,39.198103605694335,18.75,63.079880237579346,29.117407083511353,92.19728994369507,4.577636936176077e-09,7.324219097881723e-08
1065.881174007812,0.9375,500.0,0.0375,88,1760000,19,0.02206267975270748,0.0002559999999999991,3466.0025123299843,1077.14197981985,-0.008447926813280528,39.834271479879725,0.0,61.82260870933533,39.055978775024414,100.87858843803406,6.484985437538171e-09,-1.2207031829802872e-07
937.7919262399173,0.0,500.0,0.0,89,1780000,11,0.02017485722899437,0.0002554999999999991,4183.677851605755,1304.8015237875259,-0.005912105488541395,40.406162835884814,0.0,66.68520998954773,22.023051261901855,88.70826268196106,-5.722046170220096e-10,2.19726558725597e-07
838.3388344328102,0.0,500.0,0.0,90,1800000,28,0.020949527621269226,0.00025499999999999915,3396.2621742572373,737.3039717428328,-0.0072723838170135535,40.53545810206739,0.0,62.77904415130615,56.30879354476929,119.08783960342407,9.918212917625624e-09,4.882812376649781e-08
836.5304046560901,0.0,500.0,0.0,91,1820000,21,0.02057628706097603,0.00025449999999999914,2926.605780379369,444.7790435089942,-0.008304224887020602,41.26757585405669,0.0,68.41292834281921,43.2120521068573,111.62498259544373,1.1444092340440193e-09,-3.6621094068323146e-07
-4890.182025883169,1159.275,500.0,0.0,92,1840000,37,0.016398295760154724,0.0002539999999999991,793912.8032350941,7734.67371884369,-0.0014446935934567815,41.88129651901605,0.0,62.16618824005127,72.5567409992218,134.7229301929474,-3.8146971692576415e-10,3.356933575560106e-06
1029.7026198179153,0.0,500.0,0.025,93,1860000,11,0.021692520007491112,0.0002534999999999991,4694.606501933554,661.1679942308039,-0.005417222770744074,42.74616861024846,0.0,63.61956000328064,22.812145948410034,86.43170809745789,-6.103515470812226e-09,6.896972877257213e-07
927.0384001350343,0.0,500.0,0.0,94,1880000,19,0.0208288487046957,0.0002529999999999991,5676.543293836358,1025.545347471287,-0.006276597363115728,43.33533228900987,0.0,61.543567419052124,40.49448227882385,102.03805112838745,-1.3351439953623867e-09,-7.324219097881723e-08
-5974.313986746914,1378.9625,500.0,0.0,95,1900000,29,0.021989062428474426,0.0002524999999999991,2208971.016322967,10965.483033853809,-0.0060713826561213475,44.6998264967929,13548.5,57.76148533821106,55.98769783973694,113.7491843700409,-3.8146971692576415e-10,1.118164072977379e-05
-8266.027292140094,1839.0125,500.0,0.005,96,1920000,12,0.020001113414764404,0.0002519999999999991,646031.485455124,6042.673971300054,-0.0009084154972117256,45.96363118814584,0.0,67.94345211982727,28.060351848602295,96.00380611419678,1.3017654509894783e-08,-1.3183594091970008e-06
1017.1104060554932,0.0,500.0,0.02,97,1940000,5,0.02024724893271923,0.00025149999999999907,10447.529565351688,1354.0453700543974,-0.0026378335469899278,46.341166255573114,0.0,73.27517628669739,11.318300008773804,84.59347796440125,-3.8146971692576415e-10,1.2207030941624453e-08
883.2689074562015,0.0,500.0,0.0,98,1960000,21,0.021550290286540985,0.00025099999999999905,7552.422006235336,1239.64838220343,-0.006537185591587022,46.93035987971236,0.0,65.425790309906,45.67099380493164,111.09678649902344,5.531310964812519e-09,3.41796862812771e-07
852.0610909392759,0.0,500.0,0.0,99,1980000,16,0.020063797011971474,0.00025049999999999904,5735.905065371968,1156.3947277861282,-0.00932102173714848,47.98635529786253,0.0,62.73342823982239,31.65224313735962,94.3856725692749,-3.528594971768939e-09,0.0
884.1674009453585,0.0,500.0,0.0,100,2000000,21,0.02341577596962452,0.00024999999999999903,6326.406028850863,1054.7216901954732,-0.009640092782182575,49.04203137447532,0.0,58.970460414886475,39.22432851791382,98.19478964805603,2.0599365768703137e-08,8.666992243888672e-07
255.67529373864963,0.0,500.0,0.0,101,2020000,14,0.021498678252100945,0.000249499999999999,21631.96406255014,4072.4204926414614,-0.0026226213152147574,49.88433470436559,0.0,57.603259325027466,31.547614574432373,89.15087580680847,6.103515470812226e-09,-7.080078034960025e-07
-200.3883205647826,55.275,500.0,0.0,102,2040000,10,0.020949073135852814,0.000248999999999999,25949.195599267736,2735.8997837785714,-0.002135897527475612,50.45826424790648,0.0,63.61994814872742,21.321195363998413,84.94114446640015,5.7220459481754915e-09,3.41796862812771e-07
88.71657386353002,0.0,500.0,0.0,103,2060000,3,0.024257373064756393,0.000248499999999999,12566.599852475621,1607.7477709980437,0.005234605610654298,51.314740433860514,0.0,61.713908195495605,6.328009843826294,68.04191970825195,-1.907348723406699e-09,9.277343906433089e-07
81.45015264402687,0.0,500.0,0.0,104,2080000,2,0.02194375731050968,0.000247999999999999,16155.612352072621,1639.8810869893327,0.002108261942455825,51.76335218386909,0.0,62.84595799446106,4.319700002670288,67.16565895080566,2.479553229406406e-09,5.615234499600774e-07
92.1393286052402,0.0,500.0,0.0,105,2100000,5,0.02149691991508007,0.00024749999999999897,10839.208799592527,1383.7282447693067,0.0018630872810848605,51.796047303318595,0.0,57.66939306259155,10.616991996765137,68.28638696670532,-5.912780931538464e-09,1.770019508740006e-07
85.09698330411803,0.0,500.0,0.0,106,2120000,2,0.02114725485444069,0.00024699999999999896,11497.884964135508,1121.1516305356743,0.0021276629229370777,52.229060901239656,0.0,60.71714925765991,4.229175329208374,64.94632577896118,7.2479249269008506e-09,-2.2613526198256295e-06
94.6230357423122,0.0,500.0,0.0,107,2140000,16,0.024326680228114128,0.00024649999999999894,6136.148780408378,437.53875855211254,-0.00446862451921473,53.10190563232373,0.0,56.01933550834656,36.501341104507446,92.52067756652832,-1.4495849853801701e-08,-3.1127930810725957e-07
-3883.396969345562,796.9725,500.0,0.0,108,2160000,16,0.021545996889472008,0.00024599999999999893,471255.9165064291,6366.830696831115,4.5877358130069255e-05,54.633534746809886,9982.75,65.76036596298218,39.52909183502197,105.28945922851562,1.034736651917001e-08,-7.81249980263965e-07
-1016.8044036611105,223.27000000000004,500.0,0.0,109,2180000,10,0.02015710063278675,0.0002454999999999989,18751.11551197771,2302.3254690347007,-0.0026376153323829127,56.09972714067648,135.75,64.82090020179749,24.526612997055054,89.34751558303833,-7.2479249269008506e-09,2.807617249800387e-07
-119.09235069824209,40.57875,500.0,0.0,110,2200000,21,0.02178126387298107,0.0002449999999999989,642976.7670193465,10643.201693004548,-0.0015664652264317806,55.48050614772966,7844.25,65.22581195831299,43.23703074455261,108.46284484863281,8.964538444899972e-09,1.9531249506599124e-07
-3624.8809120007863,745.2037499999999,500.0,0.0,111,2220000,3,0.021618889644742012,0.0002444999999999989,16242.8682029326,3526.3189763565797,0.0045135345248479685,56.50752292019617,0.0,63.34382367134094,6.424697399139404,69.7685227394104,-7.629394338515283e-10,-3.295898522992502e-07
91.70592432198626,0.0,500.0,0.0,112,2240000,13,0.0203977320343256,0.0002439999999999989,9644.897341552194,1769.955784394308,-0.0030012141606930902,57.634826718281396,0.0,64.7298035621643,30.817888021469116,95.54769444465637,7.057189943537878e-09,-3.41796862812771e-07
85.03651173952126,0.0,500.0,0.0,113,2260000,13,0.021381275728344917,0.00024349999999999893,7801.175663484699,1675.6293684911834,-0.006091623782651976,59.48458727773093,0.0,62.63875985145569,31.37788438796997,94.01664686203003,-1.2588500908350397e-08,4.1503906800244295e-07
85.73279562116107,0.0,500.0,0.0,114,2280000,8,0.023124180734157562,0.00024299999999999894,11659.909144197409,1717.7739928614217,-0.00281660564471789,60.48762584875186,0.0,62.912580490112305,16.468928575515747,79.38151049613953,-1.6212464259979242e-08,1.8310547034161573e-07
28.924291178986994,10.625,500.0,0.0,115,2300000,13,0.020120153203606606,0.00024249999999999893,8923.756276271068,1549.9806553917279,-0.00515131173767772,61.83526318358625,0.0,61.150009870529175,29.74061632156372,90.89062762260437,-3.4809112037237355e-08,2.0751953400122147e-07
87.2057151606369,0.0,500.0,0.0,116,2320000,9,0.02002679742872715,0.00024199999999999894,9571.077015100493,1232.6050131638337,-0.003270190978805605,62.82601084385859,0.0,59.472243547439575,18.532121181488037,78.00436592102051,-5.722046170220096e-10,-7.81249980263965e-07
-5916.066331385543,1202.95,500.0,0.0,117,2340000,23,0.02182505466043949,0.00024149999999999893,700631.1382759816,5886.878397012555,-0.0006626456907242309,63.81890278045362,0.0,58.34572196006775,51.031527280807495,109.37725043296814,-7.820129432900558e-09,2.8564452350110514e-06
107.01970543685948,0.0,500.0,0.0,118,2360000,12,0.023582883179187775,0.00024099999999999892,14323.499200595454,3032.7717001308647,-0.0030107904228439336,65.06448270210697,0.0,59.30236792564392,32.88541841506958,92.18778848648071,3.8146971692576415e-10,6.591797045985004e-07
87.21855316873227,0.0,500.0,0.0,119,2380000,10,0.02121342532336712,0.00024049999999999893,10742.411395595173,1532.5422072389256,-0.003221237837610701,65.79095504809493,0.0,61.841079235076904,21.791794776916504,83.63287568092346,6.675720420901143e-09,4.272461069376732e-07
113.2319564827553,0.0,500.0,0.0,120,2400000,3,0.021971208974719048,0.00023999999999999895,11674.902415510183,1465.6304570889702,0.0012471521763216318,66.2655859755251,0.0,60.17501091957092,5.902741432189941,66.0777530670166,2.1362303925798187e-08,-3.6010743542647106e-07
97.87651487119017,0.0,500.0,0.0,121,2420000,9,0.020427370443940163,0.00023949999999999896,6896.916989479159,872.6437277071096,-0.0024659796966716545,67.4015576136125,0.0,61.00991725921631,19.886329412460327,80.89624786376953,-1.1920929132713809e-08,-1.3183594091970008e-06
80.73506609374591,0.0,500.0,0.0,122,2440000,12,0.02106618881225586,0.00023899999999999898,9199.801323838888,1182.084855592543,-0.0037407720769821002,69.36214038942315,0.0,59.38373565673828,22.2374529838562,81.62118935585022,3.3378602104505717e-09,-7.446288918799837e-07
74.8819628623801,0.0,500.0,0.0,123,2460000,18,0.02268371917307377,0.000238499999999999,5571.820197796373,1254.2461501891028,-0.008841285889151344,71.0943743753484,0.0,66.21514010429382,39.933860540390015,106.14900255203247,-1.0299682884351569e-08,3.41796862812771e-07
0.1462123484302765,17.26875,500.0,0.0,124,2480000,12,0.02091885544359684,0.00023799999999999898,17078.627558130298,697.2392308171184,-0.005043244789874219,72.25815419571849,230.25,70.5439522266388,27.18916130065918,97.7331154346466,-6.961822673900997e-09,8.056640581344254e-07
-21.570800472530628,21.05625,500.0,0.0,125,2500000,24,0.021983599290251732,0.000237499999999999,8520.891512390397,1535.426838298956,-0.006554019810014213,73.67795395470274,0.0,67.48840618133545,55.08755421638489,122.57596230506897,-1.926422044107312e-08,1.1230468999201548e-06
-85.24340803362826,32.614999999999995,500.0,0.0,126,2520000,12,0.021392762660980225,0.000236999999999999,11942.243275602785,1482.6120786128588,-0.006343044700332609,76.01903985077327,593.0,74.56870245933533,25.966542720794678,100.53524613380432,2.2888184680880386e-09,2.19726558725597e-07
-79.03649602722116,32.404999999999994,500.0,0.0,127,2540000,8,0.020495258271694183,0.00023649999999999903,14908.29610903804,1808.4227096874492,-0.004296571443756721,76.90181939975142,143.0,60.40575337409973,21.408100128173828,81.81385469436646,-1.2898444978759471e-08,8.056640581344254e-07
44.19387380022578,8.580000000000002,500.0,0.0,128,2560000,26,0.022090669721364975,0.00023599999999999901,6444.768771400555,683.8360235720953,-0.006795617775180399,79.22120299565466,0.0,62.33232545852661,55.75624918937683,118.08857583999634,-1.8882751362525596e-08,-1.483154278503207e-06
82.74064696831731,0.0,500.0,0.0,129,2580000,14,0.021795611828565598,0.00023549999999999903,8772.127655753584,856.5190009426602,-0.006216541607502893,81.08874480205276,0.0,61.08540368080139,30.792405605316162,91.87781047821045,-2.8610229740877458e-09,-8.422851465184067e-07
-4304.525300482814,878.425,500.0,0.0,130,2600000,32,0.021246982738375664,0.00023499999999999904,668210.2138262191,2954.2338317743124,-0.0025544755874038374,84.00123452607055,0.0,64.15389084815979,89.5792589187622,153.73315238952637,9.298324776807476e-09,-3.112792910542339e-06
91.99418854422194,0.0,500.0,0.0,131,2620000,11,0.02011023461818695,0.00023449999999999906,8100.820712871479,1325.8325857028967,-0.004836929741989353,85.57924248138347,0.0,59.54324960708618,26.115903854370117,85.65915584564209,4.1961669694501325e-09,-1.5747070847282885e-06
85.78795357703943,0.0,500.0,0.0,132,2640000,18,0.025950148701667786,0.00023399999999999905,13602.113805693009,1722.787456949848,-0.005062121653120686,86.9246860364671,0.0,61.70779633522034,39.08180856704712,100.78960609436035,-5.340575981449547e-09,-2.4414063659605745e-07
83.80314759522976,0.0,500.0,0.0,133,2660000,20,0.020763667300343513,0.00023349999999999906,8726.794832876772,948.4638542687169,-0.004812754333107033,89.00773325910964,0.0,70.4477047920227,43.48750281333923,113.93520951271057,1.6593933338526767e-08,-2.3193358629214345e-06
-50.882237738219956,26.53125,500.0,0.0,134,2680000,13,0.02094939537346363,0.00023299999999999905,14813.303536187053,2797.600115607546,-0.0068986413332741935,91.57242876916764,538.75,61.194493532180786,30.382975339889526,91.57747149467468,-9.346008411625917e-09,-1.9531249506599124e-07
-4002.6858162595827,818.44375,500.0,0.0,135,2700000,37,0.016315987333655357,0.00023249999999999904,491120.99359619414,3123.577004661524,-0.0017786098171841598,94.01144103964378,0.0,71.61859893798828,77.02107572555542,148.63967609405518,3.9577483512687195e-09,-2.4658202164573595e-06
83.85410236655946,0.0,500.0,0.0,136,2720000,19,0.020692965015769005,0.00023199999999999903,15315.489036332985,2066.7499026947507,-0.00614947241589105,97.20087632223681,0.0,60.06022787094116,41.12815809249878,101.18838691711426,1.907348723406699e-09,-8.544921570319275e-08
75.4711278403829,0.0,500.0,0.0,137,2740000,14,0.021708909422159195,0.000231499999999999,10556.573221642804,2202.4432510208835,-0.004584230146456266,100.30849912426669,0.0,60.808828592300415,30.39140820503235,91.20023775100708,-2.8991699707603402e-08,1.0009765674112714e-06
-143.43587799072134,43.375,500.0,0.0,138,2760000,11,0.020424703136086464,0.000230999999999999,14153.347101491307,2237.5542208771008,-0.004903707011934719,102.40212064726977,0.0,61.792001724243164,23.960296392440796,85.7522988319397,-9.822845647988743e-09,-9.399414011568297e-07
83.65288974656876,0.0,500.0,0.0,139,2780000,21,0.02073393389582634,0.00023049999999999902,11007.978251027895,1779.2444252119785,-0.006124838052411582,103.93115084642474,0.0,55.78081965446472,46.50803184509277,102.28885293006897,-6.294250454175199e-09,-2.19726558725597e-07
44.74259007129378,5.265000000000001,500.0,0.0,140,2800000,14,0.020074564963579178,0.00022999999999999903,7411.432567810588,1584.2655975258226,-0.006794647205952982,105.30938361170955,175.5,66.99886989593506,31.068711757659912,98.06758427619934,4.320144597613762e-08,2.3925781533762347e-06
28.414201209142043,12.451249999999998,500.0,0.0,141,2820000,15,0.02515094354748726,0.00022949999999999905,6395.5415701804195,1450.4302912800456,-0.006713260124021936,106.8289197261595,1.75,70.75955700874329,35.02968168258667,105.78924179077148,5.054473728449693e-09,1.5686034657846903e-06
88.02508218404327,0.008749999999999999,500.0,0.0,142,2840000,24,0.020065786316990852,0.00022899999999999903,6524.019495321158,1570.560857699702,-0.009065868756955755,109.35735819718073,0.0,64.40678668022156,57.67690181732178,122.08369040489197,2.2888184680880386e-09,-1.1596679314607172e-06
75.66405676150772,0.0,500.0,0.0,143,2860000,27,0.020314224064350128,0.00022849999999999905,3111.647935561493,767.8009452345865,-0.009954124561955869,112.26790305722072,0.0,58.9857816696167,61.74370074272156,120.72948408126831,1.0681151962899094e-08,-1.1657714367174776e-06
69.22835567140575,0.0,500.0,0.0,144,2880000,15,0.02000824362039566,0.00022799999999999906,8413.980173129243,1044.6586127235487,-0.005406816702591964,114.76978993441223,0.0,66.12747168540955,34.49337697029114,100.62085103988647,2.880096516832964e-08,-1.6662597772665322e-06
79.54851221886751,0.625,500.0,0.0,145,2900000,16,0.021375946700572968,0.00022749999999999908,5304.293574884677,675.3215267985773,-0.007112470161546909,116.31064539747878,0.0,61.28199791908264,36.67301678657532,97.95501661300659,-5.016326909412783e-08,-4.39453117451194e-07
88.20497727666728,0.0,500.0,0.0,146,2920000,16,0.020394442602992058,0.0002269999999999991,3720.867622936115,657.3396673141577,-0.008661026113700811,118.89877787184791,0.0,61.74710178375244,36.58482575416565,98.33192825317383,-8.01086397217432e-09,2.2277831703831907e-06
86.38335119150553,0.0,500.0,0.0,147,2940000,20,0.021032357588410378,0.00022649999999999908,7430.4384631854655,1327.2665673545375,-0.007792645809240639,121.70255539501056,0.0,65.1690263748169,48.605369329452515,113.7743968963623,4.76837147544984e-09,2.9296876391526894e-07
89.32220259334875,0.0,500.0,0.0,148,2960000,12,0.020330557599663734,0.00022599999999999907,7858.660442461983,1196.9397716908156,-0.005628782383754405,123.23684071834349,0.0,70.2842628955841,28.951334953308105,99.23559999465942,1.1444092340440193e-09,-8.97216807516088e-07
91.15099969934636,0.0,500.0,0.0,149,2980000,10,0.020022833719849586,0.00022549999999999908,11016.625439492125,1291.8666746486872,-0.004483645932731061,124.13053075284623,0.0,71.50303721427917,23.718219995498657,95.22125935554504,-1.4114379887075756e-08,-1.5014647942734882e-06
81.67650592286587,0.025,500.0,0.0,150,3000000,14,0.021391982212662697,0.0002249999999999991,6638.18823937225,944.1299164918719,-0.006495015436559422,125.95286176325469,0.0,64.40428042411804,31.70059561729431,96.10487771034241,-9.155273872352154e-09,-1.794433615032176e-06
81.88886610980589,0.0,500.0,0.0,151,3020000,25,0.020294098183512688,0.0002244999999999991,5930.046015078999,981.2944216792195,-0.007178755779973805,39.80556388928105,0.0,65.06524777412415,59.090739250183105,124.15598821640015,5.531310964812519e-09,-6.713867151120212e-08
79.81410658392221,0.0,500.0,0.0,152,3040000,14,0.021957023069262505,0.0002239999999999991,7029.816983702192,1347.9776433738384,-0.005999067743370052,41.65951539652906,0.0,71.22252297401428,31.837762594223022,103.06028723716736,-3.452301200468355e-08,2.685546860448085e-07
73.39068812019734,0.0,500.0,0.0,153,3060000,20,0.0214530099183321,0.0002234999999999991,4155.109638611425,723.4997412489626,-0.009176636327016421,42.69390531850699,0.0,61.476232051849365,44.54213762283325,106.01837086677551,-1.7356873271978657e-08,-9.765624753299562e-08
99.58360955080136,0.0,500.0,0.0,154,3080000,20,0.020507723093032837,0.00022299999999999908,3997.681903427173,677.2579688026501,-0.009710108083501732,44.56375895186354,0.0,64.01561450958252,57.89755725860596,121.91317462921143,1.354217538107605e-08,-1.3793945754514425e-06
90.27332830052669,0.0,500.0,0.0,155,3100000,19,0.02082352712750435,0.00022249999999999907,4376.748951287315,657.1268516221086,-0.008931488502781311,47.10717101070647,0.0,67.74689888954163,50.867172718048096,118.61407256126404,-3.852844088214624e-08,3.2348631862078037e-07
87.19242363381807,0.125,500.0,0.0,156,3120000,14,0.02050747722387314,0.00022199999999999908,5802.807973648412,635.5879505702427,-0.006263144021523952,49.451558577530136,0.0,64.30014038085938,32.05960941314697,96.35975098609924,9.441375681262798e-09,6.225586162145191e-07
78.74973129010195,0.0,500.0,0.0,157,3140000,8,0.02409099042415619,0.0002214999999999991,5935.732905622488,693.5965893352375,-0.005112786351081234,50.77212894610323,0.0,70.7719829082489,18.69736099243164,89.46934676170349,2.803802523487775e-08,6.896972877257213e-07
80.78425326615775,0.0,500.0,0.0,158,3160000,22,0.020334484055638313,0.0002209999999999991,4129.020711109384,668.4525132501952,-0.007180008996816878,52.51067445197148,0.0,61.87266397476196,49.71634268760681,111.58900856971741,-1.8119812317252126e-09,7.446288918799837e-07
15.337940150738921,13.975,500.0,0.0,159,3180000,16,0.02223028428852558,0.00022049999999999913,9553.378676210348,926.9080482092909,-0.007529387048582514,54.263232094030414,0.0,61.33026957511902,38.32656383514404,99.6568353176117,1.8692016823251834e-08,-3.7231444593999186e-07
87.1634315518383,0.0,500.0,0.0,160,3200000,10,0.02072764001786709,0.0002199999999999991,4712.552575605593,569.8183310073024,-0.005197983135888799,56.24504899948169,0.0,63.74647283554077,22.49947953224182,86.24595355987549,-9.918212917625624e-09,-7.934570334100499e-08
92.26078907569482,0.0,500.0,0.0,161,3220000,8,0.020420407876372337,0.0002194999999999991,4538.29922265976,703.077524307056,-0.004640696134696084,57.942416968056186,0.0,63.4219286441803,18.755561351776123,82.1774914264679,5.435943695175638e-09,4.882812731921149e-07
-1704.5470938937517,358.65,500.0,0.0,162,3240000,27,0.02143394947052002,0.00021899999999999912,75428.56871798092,2710.648953570627,-0.003338347852713641,58.96122844616149,0.0,76.65002274513245,63.15377974510193,139.8038046360016,1.4877318932349226e-08,-6.83593725625542e-07
-649.8470423902364,146.85625,500.0,0.0,163,3260000,14,0.021108807995915413,0.00021849999999999913,32010.015032755626,1768.714982071515,-0.00812172518099651,61.19371132217331,1804.75,69.15267515182495,29.7133526802063,98.86602902412415,6.675720420901143e-09,9.887695568977506e-07
-69.21025950572107,33.61875,500.0,0.0,164,3280000,15,0.023782094940543175,0.00021799999999999915,14203.090829958524,1624.2557998868476,-0.005147650116643966,63.38681778750354,0.0,61.46328830718994,33.587120056152344,95.0504093170166,-3.814697446813398e-09,-1.2817382639696007e-06
86.60311095374928,0.0,500.0,0.0,165,3300000,6,0.020627126097679138,0.00021749999999999913,6894.5142969166,1618.0693139836937,-0.001674407606357282,64.6487132835185,0.0,66.79691696166992,42.988364458084106,109.78528332710266,-1.115798919926192e-08,2.9296876391526894e-07
95.21959808733469,0.0,500.0,0.0,166,3320000,8,0.022910164669156075,0.00021699999999999912,15688.036857093104,2324.0723245821823,-0.004885570046651109,65.23096813104404,0.0,160.70214557647705,26.5988712310791,187.30101823806763,4.386901952813105e-09,-9.765624753299562e-08
93.32368787904568,0.0,500.0,0.0,167,3340000,18,0.020247237756848335,0.0002164999999999991,9419.567298983951,1359.2725952007604,-0.007845060492338091,66.84151821793247,0.0,83.03231930732727,59.78316378593445,142.81548595428467,-9.536743617033494e-10,7.324218813664629e-07
89.45030014750262,0.0,500.0,0.0,168,3360000,13,0.021035462617874146,0.00021599999999999912,8530.048614809453,1112.092442975404,-0.0044528724282154155,69.56174810432515,0.0,80.38415503501892,43.09930229187012,123.48346018791199,1.0108947456899386e-08,1.367187451251084e-06
85.95552017014502,0.0,500.0,0.0,169,3380000,11,0.025157039985060692,0.00021549999999999914,7441.53702708479,1036.2059604402132,-0.003803933961027511,72.31171792390698,0.0,80.36403846740723,35.47148036956787,115.83552122116089,-1.3923645347801994e-08,-1.6235351267823717e-06
85.580483326162,0.0,500.0,0.0,170,3400000,12,0.020560268312692642,0.00021499999999999915,6961.031689287374,1152.3216174270906,-0.006690689334938455,74.4584991995392,0.0,89.79926419258118,40.17338180541992,129.97264742851257,2.6702881683604573e-08,1.708984314063855e-07
100.33576179018323,0.0,500.0,0.0,171,3420000,8,0.020715979859232903,0.00021449999999999914,9114.915198304783,1346.124332647354,-0.005194781840735743,76.46103733111494,0.0,84.64783072471619,32.7934205532074,117.44125390052795,3.013610694324598e-08,8.78906234902388e-07
88.73208189045525,0.0,500.0,0.0,172,3440000,8,0.024484407156705856,0.00021399999999999913,9936.552100891504,1515.816332497155,-0.005019536119708702,78.4857034256664,0.0,95.79952645301819,27.99420428276062,123.79373335838318,1.3351439953623867e-09,-8.544922138753464e-07
49.654951223967814,6.2125,500.0,0.0,173,3460000,11,0.022904548794031143,0.00021349999999999912,8645.422127756101,1400.3562871139131,-0.005271615163982239,79.46136967207227,177.5,87.0384681224823,38.110918283462524,125.14938831329346,-3.8146971692576415e-10,2.19726558725597e-07
23.552635125760816,11.5375,500.0,0.0,174,3480000,16,0.020021459087729454,0.00021299999999999913,9666.738580843892,1133.6831345542932,-0.0069005930650839434,79.91368615360686,0.0,81.8593738079071,63.264573097229004,145.1239492893219,-2.8610229740877458e-09,5.37109372089617e-07
77.55292087760712,0.0,500.0,0.0,175,3500000,17,0.020642980933189392,0.00021249999999999912,5393.683912805229,806.7442863620643,-0.008923772778053988,81.7432797967301,0.0,86.56177020072937,54.50869536399841,141.070467710495,1.0299682884351569e-08,-1.8127441308024572e-06
35.463678965472205,9.60875,500.0,0.0,176,3520000,18,0.020546618849039078,0.00021199999999999914,11256.397045033935,931.3016463697147,-0.005857493452424297,83.53336629843855,468.25,83.31825280189514,59.99780082702637,143.31605577468872,1.1825561863076928e-08,5.065917889623961e-07
-102.55098630749622,37.21625,500.0,0.0,177,3540000,13,0.023052625358104706,0.00021149999999999912,10985.747544568714,928.5865513390714,-0.005848918720504416,84.22012583727215,0.0,88.83992719650269,38.2744562625885,127.11438584327698,6.484985437538171e-09,1.4648438195763447e-07
82.47154061738254,0.0,500.0,0.0,178,3560000,12,0.021056298166513443,0.0002109999999999991,7110.1423369743825,952.3088727875893,-0.005020859611842531,84.97046485064001,0.0,80.86759757995605,48.5538375377655,129.42143750190735,2.861023085110048e-10,1.3000487797398819e-06
88.0005232155037,0.0,500.0,0.0,179,3580000,16,0.020209958776831627,0.00021049999999999913,7422.8311649359075,809.1454642816855,-0.007201275952688877,85.34319239150221,0.0,96.14952898025513,56.08386945724487,152.23340106010437,1.1539459165987864e-08,2.5695801468827995e-06
79.20429074856732,0.0,500.0,0.0,180,3600000,22,0.02179313823580742,0.00020999999999999911,4947.679301851058,457.71213652039904,-0.008990972263158566,86.8024323956758,0.0,84.66462659835815,75.03971886634827,159.70434880256653,-3.4809112037237355e-08,7.736206271147239e-07
79.30361015763944,0.0,500.0,0.0,181,3620000,20,0.021391283720731735,0.00020949999999999913,7141.251887117331,973.6844846609682,-0.00814983916532891,88.40735544686119,0.0,90.49106097221375,72.41206502914429,162.90312814712524,3.814697446813398e-09,-7.080078034960025e-07
78.0734890186574,0.0,500.0,0.0,182,3640000,17,0.021625271067023277,0.00020899999999999912,4992.353953355238,632.0053041024755,-0.007082414817059049,90.48980835052703,0.0,85.66773867607117,55.837032079696655,141.50495266914368,9.727478378351861e-09,-2.4414063659605745e-07
76.66594314588932,0.0,500.0,0.0,183,3660000,13,0.02034398727118969,0.00020849999999999913,11336.460290908344,860.1356332347211,-0.004493631307620708,92.10282204009943,0.0,79.16574907302856,43.841333627700806,123.007084608078,0.0,2.3376464923785534e-06
84.64882680851773,0.0,500.0,0.0,184,3680000,17,0.021405313163995743,0.00020799999999999915,6228.649045075673,690.618381941146,-0.006731967092688592,93.64225177732631,0.0,87.23939037322998,63.41701936721802,150.6564118862152,-8.201599399626502e-09,-9.521484116703505e-07
46.64221558207043,8.925,500.0,0.0,185,3700000,18,0.020393006503582,0.00020749999999999916,13555.123945166466,633.8280771625858,-0.007849971478433674,95.44856092935764,0.0,83.71834921836853,65.79850220680237,149.51685404777527,-8.01086397217432e-09,-4.39453117451194e-07
47.91264807161511,6.2,500.0,0.0,186,3720000,13,0.020046280696988106,0.00020699999999999918,3586.087055137861,529.8354668475451,-0.006314974457998736,96.84715360808823,0.0,78.89598894119263,41.7723228931427,120.66831398010254,1.2207030941624453e-08,2.685546860448085e-07
85.0305482529732,0.0,500.0,0.0,187,3740000,11,0.021592209115624428,0.00020649999999999916,4025.144147772655,620.3022211691407,-0.006086158174090899,97.81518390931399,0.0,82.92835688591003,43.42011094093323,126.34847021102905,-4.1961669694501325e-09,1.6174315931039018e-07
89.6813563509565,0.0,500.0,0.0,188,3760000,12,0.022641662508249283,0.00020599999999999915,3557.7778267824865,558.0299897320862,-0.007608314374555001,99.69076989227717,0.0,82.50154995918274,41.02926802635193,123.5308198928833,-2.002716037452501e-08,7.080078034960025e-07
87.47101707377801,0.0,500.0,0.0,189,3780000,23,0.020735781639814377,0.00020549999999999917,3240.9011192909957,484.1244370144827,-0.009384961489111688,102.59009148435703,0.0,84.88147163391113,78.67256832122803,163.55404210090637,-1.0490417423625331e-09,1.708984314063855e-07
79.76771593864278,0.0,500.0,0.0,190,3800000,18,0.021302614361047745,0.00020499999999999918,3678.5978535363383,566.127269656852,-0.009917375623323897,105.07319190580878,0.0,85.18597555160522,62.09040188789368,147.27638030052185,6.866454960174906e-09,-1.977539113795501e-06
-5441.169676754146,1103.3600000000001,500.0,0.0,191,3820000,20,0.022096561267971992,0.0002044999999999992,320881.5168421541,6445.908439419292,-0.004782921443626392,106.67041948580513,1297.5,96.09632897377014,74.7303946018219,170.8267252445221,-1.688003514743741e-08,-4.443359557626536e-06
-102.46904837392978,37.065000000000005,500.0,0.0,192,3840000,11,0.020762622356414795,0.0002039999999999992,12780.357550504421,1783.9954006517485,-0.006527300767377105,107.9186852328001,0.0,95.22413086891174,33.77950191497803,129.00363540649414,-6.294250454175199e-09,6.713867151120212e-07
-298.29672231301214,75.69500000000001,500.0,0.0,193,3860000,9,0.020123738795518875,0.00020349999999999923,26277.932447667066,2044.8678092915918,-0.0071810921803705284,110.64119618083723,8.0,92.64702033996582,32.13642382621765,124.78344655036926,2.164840751106567e-08,-9.765624753299562e-08
79.73057286676882,0.4800000000000001,500.0,0.0,194,3880000,13,0.020275551825761795,0.00020299999999999924,13541.804612469808,1930.781031651941,-0.006151861810148528,112.85290792281928,0.0,86.26023006439209,44.506941080093384,130.76717281341553,-3.2424927187690855e-09,-4.7607420583517523e-07
82.09340562916246,0.0,500.0,0.0,195,3900000,11,0.02076784148812294,0.00020249999999999923,7562.666398517344,1590.9852687404698,-0.0070951976730874245,114.95261690404018,0.0,90.70372819900513,33.46098351478577,124.16471457481384,-4.00543198608716e-09,2.258300781932121e-07
87.8520675958073,0.0,500.0,0.0,196,3920000,11,0.022153468802571297,0.00020199999999999925,11911.446577166875,2085.466141828437,-0.007300553363787117,116.39856810380026,0.0,85.74728083610535,41.42017936706543,127.16746282577515,8.726120270807769e-09,2.4414063659605745e-07
14.834948543695159,12.925,500.0,0.0,197,3940000,12,0.021338410675525665,0.00020149999999999926,17913.536476858382,2235.405153073442,-0.005943581158842265,117.54514434416328,0.0,92.42357230186462,43.12286448478699,135.54643869400024,-9.536743617033494e-10,-8.544921570319275e-08
77.2514336541599,0.0,500.0,0.0,198,3960000,12,0.02040964737534523,0.00020099999999999925,8523.6332815087,2037.6806744381515,-0.0039752988834444855,118.2799299603707,0.0,89.38103127479553,42.98730778694153,132.36834192276,1.3160705414350105e-08,-6.591797045985004e-07
76.50027034300943,0.0,500.0,0.0,199,3980000,15,0.020154349505901337,0.00020049999999999924,6049.422442360453,1381.4596932863149,-0.006636895443668888,121.06389604432387,0.0,84.75756692886353,54.75075840950012,139.50832724571228,-2.1934509764065524e-09,-3.540039017480012e-07
85.26442839332155,0.0,500.0,0.0,200,4000000,13,0.02008882164955139,0.00019999999999999925,7826.948064017044,1445.0135214021147,-0.005859080696401581,122.17073544895774,0.0,81.73045825958252,54.25482630729675,135.98528695106506,-8.392333938900265e-09,9.521484116703505e-07
-599.7253850338795,236.05,500.0,0.12375,201,4020000,9,0.021844560280442238,0.00019949999999999927,361333.881391683,14043.939493620104,-0.0031475591505350353,39.422880924971004,9442.0,90.84896349906921,27.754154205322266,118.60311985015869,-2.0980834847250662e-09,-1.367187451251084e-06
-5062.347426993811,1274.4950000000001,500.0,0.31625,202,4040000,13,0.020159712061285973,0.00019899999999999928,448192.11598095694,8707.306052150994,-0.0031744660383914813,39.670552505676916,7066.5,85.24019503593445,42.61519384384155,127.85539078712463,1.039505015398845e-08,1.2207030941624453e-08
-18435.57791540306,3914.9574999999995,500.0,0.275,203,4060000,10,0.02027185633778572,0.0001984999999999993,5286334.361053877,62409.13178287786,-0.0017719907946468067,39.93889450219493,19932.0,83.95896482467651,37.22454237937927,121.18350982666016,8.392333938900265e-09,3.0273438369476935e-06
-26113.968061149837,5532.870000000001,500.0,0.36124999999999996,204,4080000,8,0.02053230069577694,0.0001979999999999993,5139951.465475552,74113.21432914368,0.0007269233543300828,40.704370725649994,35620.5,80.15926718711853,27.98713731765747,108.14640712738037,1.6212464259979242e-08,-1.3916015632275958e-05
-15667.631171338755,3351.0825000000004,500.0,0.2675,205,4100000,21,0.020513158291578293,0.00019749999999999933,2159474.8327922346,66834.25811380363,-0.002757635307052664,41.54625184978866,12530.75,87.79246044158936,71.43454146385193,159.2270040512085,8.01086397217432e-09,-8.78906234902388e-07
-4821.748462091794,1349.7337499999999,500.0,0.45999999999999996,206,4120000,6,0.022643495351076126,0.0001969999999999993,860581.9500595921,77206.63823442388,0.0029275631873012463,42.48625897701048,9972.5,100.1964967250824,21.37255620956421,121.56905508041382,4.100799699813251e-09,-8.78906234902388e-07
-3332.967370509178,912.4962499999999,500.0,0.29125,207,4140000,1,0.03256070986390114,0.00019649999999999933,1031832.4795639477,93209.19435465755,0.02530277147219656,42.92861920195266,10931.5,84.76529335975647,3.1332879066467285,87.8985846042633,-2.1934509764065524e-09,1.074218744179234e-06
-2491.4647951806264,771.06125,500.0,0.31,208,4160000,1,0.2998935878276825,0.00019599999999999934,1687991.1658237446,86080.0906986322,0.017002420266346335,43.37925502058035,13859.25,87.98369765281677,3.5695295333862305,91.5532295703888,-1.1825561863076928e-08,-2.9296876391526894e-07
-10315.43340216896,2388.9587500000002,500.0,0.3775,209,4180000,6,0.02348986826837063,0.00019549999999999936,1009246.824644371,71666.16962391423,0.0034036588888809766,44.660375446811145,187.0,87.45458745956421,16.77138638496399,104.2259750366211,1.0108947456899386e-08,-9.277343906433089e-07
-4365.262385166269,1069.0525,500.0,0.2325,210,4200000,1,0.3472020626068115,0.00019499999999999935,839674.666045265,71124.66350401856,0.016768681624838813,46.23844189384875,0.5,91.1596531867981,2.8301353454589844,93.98979067802429,2.0217894913798773e-08,-2.9296876391526894e-07
-5797.1038943277645,1346.2524999999998,500.0,0.24374999999999997,211,4220000,1,0.025509219616651535,0.00019449999999999936,2396383.262093151,100730.14918318191,0.021216841875768888,47.403790848704574,12389.0,92.04282188415527,3.3620798587799072,95.40516376495361,-1.602172794434864e-08,5.175781097932486e-06
-17944.72817859336,3850.4849999999997,500.0,0.30625,212,4240000,11,0.02067084051668644,0.00019399999999999935,4497403.792337374,128528.2856121257,-0.0005147633116531088,47.38425215544688,35764.0,88.05150198936462,38.280478715896606,126.33198285102844,-1.120567283408036e-08,7.470703167200554e-06
-11039.901464807863,2583.52875,500.0,0.42874999999999996,213,4260000,9,0.020614339038729668,0.00019349999999999936,1789786.5070988848,101266.33542581869,0.0011610336756128071,48.36605395668146,21084.0,80.49545192718506,29.51168203353882,110.00713539123535,7.629394893626795e-09,3.0273438369476935e-06
-20561.50931407157,4471.38875,500.0,0.42000000000000004,214,4280000,6,0.020598990842700005,0.00019299999999999938,3522544.4423718923,146255.49889655717,0.004915867439204385,49.10183038599829,10464.5,83.11572217941284,22.670149087905884,105.78587365150452,-2.155304024142879e-08,-4.882812390860636e-06
-7175.468242091217,1729.39,500.0,0.33625,215,4300000,5,0.02044087089598179,0.00019249999999999937,1904827.9338552067,131268.06487245407,0.005517533099867951,49.68362159607128,21738.5,87.128737449646,18.817389726638794,105.94613027572632,1.8119811429073707e-08,5.859375278305379e-07
-15140.993743958836,3354.6675000000005,500.0,0.43500000000000005,216,4320000,14,0.021074535325169563,0.00019199999999999938,2536784.2549688355,131436.62478126516,-0.001352851250175334,50.96224414698341,11233.75,86.49601888656616,53.81071758270264,140.306738615036,-2.1934509764065524e-09,1.1718750556610757e-06
-14068.653358429903,3185.1,500.0,0.47750000000000004,217,4340000,9,0.020320331677794456,0.0001914999999999994,3896016.099460308,161934.68562504853,0.0012956528560240925,51.94104659189178,37591.5,99.70424771308899,29.22802424430847,128.932275056839,4.577636936176077e-09,-1.8554687812866177e-06
-23513.111445049137,5029.0125,500.0,0.38499999999999995,218,4360000,30,0.02382330223917961,0.00019099999999999938,2981899.6529023875,147820.72291770668,-0.005469843237963332,53.425927069342045,324.5,82.49828767776489,97.74452877044678,180.24281883239746,3.2424927187690855e-09,-1.1718750556610757e-06
-3697.4371410775902,1002.89375,500.0,0.31375,219,4380000,8,0.021081943064928055,0.0001904999999999994,1006741.2830720847,142247.69947751565,0.0006217748340860474,56.060447829980816,10525.0,88.50016856193542,24.437254667282104,112.93742561340332,2.00271599304358e-09,-3.7109375625732355e-06
-13821.040251635859,3105.3287499999997,500.0,0.39125,220,4400000,14,0.02204972319304943,0.00018999999999999941,3616445.1571013164,249288.4707358851,-0.0014846790076111453,57.26427822208796,31289.0,89.44723677635193,43.86956238746643,133.31680035591125,-5.817413217812373e-09,-3.3203125440195436e-06
-21852.587165907717,4670.753750000001,500.0,0.36,221,4420000,13,0.021420523524284363,0.0001894999999999994,3036723.098705053,169360.97638033953,-0.0005268576503684389,58.534177914682964,12772.25,94.95452618598938,46.18159556388855,141.1361243724823,-9.059905714536853e-09,-3.906250185536919e-06
-14809.128194642277,3214.1462500000002,500.0,0.29625,222,4440000,25,0.020213941112160683,0.0001889999999999994,2854999.773148213,132981.87481810353,-0.0029312449365782854,60.585796653576935,10445.5,89.6530487537384,87.53275656700134,177.18580889701843,-1.3732909920349812e-08,3.808593646681402e-06
-5171.989200783892,1279.64125,500.0,0.30125,223,4460000,6,0.02082291804254055,0.00018849999999999938,1003964.1393988369,141258.01795356596,0.0010323244582413358,61.910311360709585,799.75,98.30282735824585,17.247286558151245,115.55011653900146,-2.8610229740877458e-09,-1.8554687812866177e-06
-11302.040479061408,2455.34,500.0,0.2525,224,4480000,15,0.021347278729081154,0.00018799999999999937,3588387.567161084,147742.8984708321,-0.005357217277956609,61.461265057776046,27671.25,65.18277430534363,32.00597357749939,97.18874907493591,-1.2207030941624453e-08,-5.859375278305379e-07
-7016.785966862243,1597.0949999999998,500.0,0.25875,225,4500000,3,0.021273888647556305,0.00018749999999999938,325350.0424591487,103194.3836720622,0.0013274756008292985,62.632429588082246,1.25,65.19947648048401,7.721221446990967,72.92069983482361,-5.340575981449547e-09,1.9531249506599124e-07
-11664.537109039791,2602.2674999999995,500.0,0.32875,226,4520000,1,0.020249783992767334,0.00018699999999999937,3210239.463208866,187603.51072034743,0.021418786586854404,63.18376619137895,13007.25,62.61491250991821,2.1104736328125,64.72538757324219,1.2397766369076635e-08,-4.492187599680619e-06
-6863.494884272217,1669.8387500000001,500.0,0.33125,227,4540000,10,0.022419290617108345,0.00018649999999999936,1115841.0834911016,108504.66647949218,-0.0020286173916781863,64.05635709061791,10987.5,68.89166259765625,22.510697603225708,91.40236139297485,1.5258788677030566e-09,-8.78906234902388e-07
-4316.84022011148,1136.9900000000002,500.0,0.3175,228,4560000,8,0.020308364182710648,0.00018599999999999934,699814.4362297667,141751.2508539072,-0.0020612163652186863,65.11960751103898,7801.5,66.64818930625916,18.9885573387146,85.63674807548523,1.3351439953623867e-09,-1.8554687812866177e-06
217.1116473214678,159.67249999999999,500.0,0.26125,229,4580000,5,0.020404566079378128,0.00018549999999999936,151039.38856985074,57730.19836690982,0.0029773900386529228,65.5401151565698,0.0,82.62211275100708,12.064011096954346,94.6861252784729,-4.577636936176077e-09,-1.4648438195763447e-07
-12135.498459261522,2598.125,500.0,0.2325,230,4600000,33,0.02112453430891037,0.00018499999999999935,2597306.373785419,168583.47295926895,-0.005124693672957258,67.34943487023509,0.0,65.08384895324707,74.87305617332458,139.95690608024597,-1.5735626135437997e-08,2.9296876391526894e-07
-3567.188869500261,1051.5149999999999,500.0,0.3725,231,4620000,1,0.03641415759921074,0.00018449999999999936,1121681.394855731,106301.13230393869,0.014266574100707285,68.69111036111752,11688.25,61.14084792137146,2.0864169597625732,63.22726607322693,-1.2397766369076635e-08,2.050781176876626e-06
-6559.705448280256,1611.6349999999998,500.0,0.42750000000000005,232,4640000,8,0.020711664110422134,0.00018399999999999935,2159592.0938268304,125093.13207871313,0.0024616200550899693,69.0313066689732,12002.5,62.257911920547485,17.7495858669281,80.00750017166138,1.3732909920349812e-08,4.785156306752469e-06
-3325.1915035134834,976.6900000000002,500.0,0.4012500000000001,233,4660000,8,0.0251085814088583,0.00018349999999999936,175582.88091553515,73417.68810508655,-0.0031804888367507095,69.2496321772615,180.5,62.88507032394409,17.55819034576416,80.44326257705688,1.3351439953623867e-09,0.0
-9693.090036910851,2202.3824999999997,500.0,0.31375000000000003,234,4680000,31,0.020074574276804924,0.00018299999999999935,1883336.0310791042,114189.37242272243,-0.006631850389456376,69.76326145241705,10952.25,62.67567205429077,70.01246905326843,132.6881422996521,9.250641141989036e-09,3.0273438369476935e-06
490.80122028889065,171.32875,500.0,0.345,235,4700000,18,0.02040405012667179,0.00018249999999999934,182509.92237368127,77837.57680874663,-0.005485317960123965,71.88800787121681,301.75,62.91018557548523,39.647406339645386,102.5575942993164,3.814697446813398e-09,2.148437488358468e-06
-6674.054633271255,1575.27,500.0,0.265,236,4720000,25,0.02298232726752758,0.00018199999999999936,2423695.679013578,118293.64025312624,-0.007419055902277129,72.75684701060335,32839.25,69.1643397808075,59.930580377578735,129.09492206573486,-2.0980834847250662e-09,1.7089844277506927e-06
-8146.862313031294,1818.1787499999998,500.0,0.255,237,4740000,10,0.02323654480278492,0.00018149999999999937,196306.90581101488,102175.69036143733,-0.005856711335908681,73.63924840128841,0.0,64.70397877693176,23.688063621520996,88.39204406738281,-1.239776614703203e-09,-1.074218744179234e-06
1263.4819506652425,0.0,500.0,0.29125,238,4760000,4,0.02075061947107315,0.00018099999999999936,127917.99023944502,83505.01487561308,-0.00021488253856985308,74.73892829212518,0.0,65.33497929573059,9.373701572418213,74.70868229866028,-2.2888184680880386e-09,1.2695312534560799e-06
-1778.260775991853,599.175,500.0,0.3025,239,4780000,27,0.02100486122071743,0.00018049999999999935,679530.2370240024,86468.13253580152,-0.0016534137854056369,75.71550261335335,9986.25,70.57951712608337,65.41788697242737,135.9974057674408,1.749992328825556e-08,-1.8066406255456968e-06
-4294.695043781137,1206.8349999999998,500.0,0.4175,240,4800000,11,0.0203834380954504,0.00017999999999999936,803863.1112988394,84082.76511494961,-0.0021878585640412456,76.4935503850799,10760.5,80.28939533233643,23.16158413887024,103.45098090171814,1.6212463593845428e-09,-1.8554687812866177e-06
450.73095065266017,269.09000000000003,500.0,0.4375,241,4820000,8,0.022154977545142174,0.00017949999999999938,133627.49938321344,89334.53221252246,-0.001488237037173154,76.96467376136171,0.0,64.89681386947632,17.807894229888916,82.70471000671387,6.484985437538171e-09,9.765625463842298e-07
429.99539081987484,246.83125,500.0,0.4074999999999999,242,4840000,12,0.02207839861512184,0.0001789999999999994,857178.7053334457,129192.89965560312,-0.005411258378804783,77.61992411263073,9278.25,64.19557571411133,26.071754455566406,90.26733112335205,3.2424927187690855e-09,-7.81249980263965e-07
-2241.876439897906,753.4375,500.0,0.41125000000000006,243,4860000,19,0.020798582583665848,0.00017849999999999938,1007718.8629554554,92396.09086867262,-0.0030298743902671,78.14324934365911,11513.75,61.02313280105591,42.09142780303955,103.11456155776978,2.4986267277427032e-08,-5.3710937208961695e-06
-4103.225303537384,1095.00125,500.0,0.35375,244,4880000,12,0.020230475813150406,0.0001779999999999994,148549.01455886726,61090.03950547613,-0.0035811236375051176,78.74682906438241,19.75,65.67141485214233,27.11092257499695,92.7823383808136,2.6702879907247734e-09,9.765624753299562e-08
1181.4341389562683,39.177499999999995,500.0,0.34249999999999997,245,4900000,8,0.022088028490543365,0.0001774999999999994,252886.2342587797,102639.11219626722,-0.0024344709553248503,79.08305624879587,723.25,62.8655743598938,20.376333951950073,83.24190902709961,1.7166137400437265e-09,-1.1718750556610757e-06
-2695.8222432404436,904.6625,500.0,0.4,246,4920000,10,0.0209745354950428,0.00017699999999999942,758363.6994160905,83461.53776605868,-0.0021875459279793617,80.2071694517288,10064.5,63.764707803726196,22.550320386886597,86.31502938270569,-4.768371808516747e-10,3.12499992105586e-06
486.66329927154186,253.92,500.0,0.38750000000000007,247,4940000,12,0.02080353908240795,0.0001764999999999994,179855.36267024843,52896.689348604734,-0.005260274007761974,81.90958284696958,698.5,62.82247614860535,26.250715494155884,89.0731930732727,1.1444092340440193e-09,2.0019531348225428e-06
-4192.380275415091,1114.375,500.0,0.32125000000000004,248,4960000,22,0.020510278642177582,0.0001759999999999994,738472.230571143,73473.52018680623,-0.004956199263383867,83.3629219283415,1.0,61.53306293487549,50.493788957595825,112.02685332298279,-1.3160705414350105e-08,-3.6132812510913936e-06
-8774.836331264287,2088.2725,500.0,0.39625000000000005,249,4980000,35,0.02115774340927601,0.00017549999999999941,1727506.9626555548,117986.14910885887,-0.006045706645789204,84.56851550563184,11627.0,63.521289587020874,76.94386124610901,140.46515202522278,3.2424927187690855e-09,1.4648437627329258e-06
-13659.080792716606,3031.96625,500.0,0.38125,250,5000000,1,0.02613873966038227,0.00017499999999999943,5253588.296126198,212467.4710213658,0.00958933559850382,86.2362304297499,35879.5,61.66935062408447,2.0755813121795654,63.74493360519409,-2.0980834847250662e-09,-3.7109375625732355e-06
-20882.018647627367,4503.78125,500.0,0.375,251,5020000,1,0.02598833665251732,0.00017449999999999942,3141265.437100639,218504.51493547825,0.008463422574412328,28.03711941752571,11725.0,63.40736269950867,2.312526226043701,65.71989011764526,4.291534239087014e-09,-2.3925781533762347e-06
-3205.36714187663,888.8149999999999,500.0,0.29124999999999995,252,5040000,11,0.020390430465340614,0.00017399999999999943,108901.98371384194,51747.15138562391,-0.0041294140095281245,28.36687109230079,236.0,65.56573843955994,25.013543605804443,90.57928347587585,1.9073485846288207e-10,-7.324218813664629e-07
-12337.863819336455,2903.575,500.0,0.505,253,5060000,11,0.02066814713180065,0.00017349999999999942,2936949.309487065,129183.48822650804,-0.001473162133482534,29.652688643837475,11070.5,62.64348340034485,27.657988786697388,90.3014748096466,1.511573799461985e-08,2.2460937998403097e-06
-2522.7898047522312,809.01,500.0,0.34375,254,5080000,6,0.020815765485167503,0.0001729999999999994,197997.3579676164,77064.04611488806,-0.0023574025838321456,30.499065546435922,0.0,64.36151766777039,12.482626676559448,76.84414529800415,4.959106458812812e-09,-1.074218744179234e-06
-3336.7521949078496,980.6049999999999,500.0,0.36499999999999994,255,5100000,28,0.02176348865032196,0.0001724999999999994,1328276.4687961037,96601.15122791535,-0.0010482795596665128,31.695017381325968,13461.5,64.54681324958801,65.02794218063354,129.5747570991516,-1.9073485846288207e-10,2.441406195430318e-06
-2754.6498156885646,809.3949999999999,500.0,0.3175,256,5120000,13,0.021517908200621605,0.0001719999999999994,980705.1510493067,107146.89722069689,-0.0026474855451106027,33.50710003473859,11386.0,59.741466999053955,28.548768043518066,88.29023694992065,4.386901952813105e-09,-1.9531249506599124e-07
-7144.803258726606,1794.625,500.0,0.475,257,5140000,9,0.022709405049681664,0.0001714999999999994,836741.1355896537,117147.38128404276,-0.0015457853004415703,35.13352167619049,0.0,60.06946778297424,19.309260606765747,79.37872910499573,3.2424927187690855e-09,5.859375278305379e-07
-2765.3494164686335,943.9399999999999,500.0,0.47375000000000006,258,5160000,37,0.017181525006890297,0.0001709999999999994,991731.503048037,51873.58591068479,-0.004402521602746623,36.96560883478801,11799.25,61.49794244766235,82.05303120613098,143.55097579956055,1.516342251761671e-08,1.9531250927684596e-06
-4438.578111430252,1290.3224999999998,500.0,0.47125000000000006,259,5180000,14,0.02274732105433941,0.00017049999999999943,754348.0913490424,113709.3418752652,-0.004947097823527501,38.76995779531071,792.5,59.892274141311646,29.943203687667847,89.83547925949097,5.7220459481754915e-09,-2.2460937998403097e-06
-4604.237164448102,1282.6125,500.0,0.41624999999999995,260,5200000,18,0.021781716495752335,0.00016999999999999944,1237020.4093766813,110669.96395517606,-0.003988317290405628,40.56139632019541,0.0,62.64042520523071,38.09353542327881,100.733962059021,-4.959106458812812e-09,2.5390625069121597e-06
1460.1895619860022,0.0,500.0,0.3125,261,5220000,11,0.02002004161477089,0.00016949999999999946,135974.30745324527,53943.58811689649,-0.0021173799598255207,41.58092416347267,0.0,62.90772104263306,23.130329847335815,86.03805208206177,3.2424927187690855e-09,2.83203121398401e-06
1594.9140702933157,0.0,500.0,0.40875000000000006,262,5240000,9,0.02324712462723255,0.00016899999999999945,195815.48050965677,72601.08788629166,-0.00243889688608231,42.803668170098845,0.0,61.89209318161011,19.1787109375,81.07080721855164,6.103515470812226e-09,-5.859375278305379e-07
2247.4568303843307,12.165,500.0,0.49750000000000005,263,5260000,11,0.021268876269459724,0.00016849999999999943,234762.5564325772,82921.60755256079,-0.005511685086410431,44.552226558245444,405.5,62.09048652648926,23.851200580596924,85.94168877601624,3.814697446813398e-09,-1.6113281162688509e-06
1768.2099933722043,28.384999999999998,500.0,0.40875000000000006,264,5280000,10,0.023376422002911568,0.00016799999999999945,132684.41196476264,45215.15779452096,-0.0032257769717284426,45.28321641550277,0.0,64.11269307136536,20.821092128753662,84.93378782272339,4.1961669694501325e-09,-8.447265827271622e-06
1665.8395457419442,0.0,500.0,0.39125,265,5300000,19,0.021432479843497276,0.00016749999999999946,134469.9695947011,49011.153692578715,-0.005512358530128398,46.394345009128486,0.0,56.45601415634155,42.3615140914917,98.81752920150757,-8.201599399626502e-09,8.78906234902388e-07
-7142.148707189818,1729.19,500.0,0.37625000000000003,266,5320000,18,0.02160479500889778,0.00016699999999999945,1716309.6384047677,120793.77104926389,-0.006230873795243408,48.025360051223814,11966.5,66.72317028045654,39.21864366531372,105.94181561470032,-4.1961669694501325e-09,-4.052734311699169e-06
-278.68421014887616,478.66,500.0,0.46125,267,5340000,11,0.020391268655657768,0.00016649999999999947,213154.983881046,83536.92076643989,-0.002041803024459826,49.03344387749133,0.0,67.46903562545776,24.492913007736206,91.96194982528687,-3.8146971692576415e-10,1.9531249506599124e-07
1842.2141794266158,0.0,500.0,0.4375,268,5360000,14,0.021313626319169998,0.00016599999999999945,150906.27818760072,56857.090052456246,-0.003997699220591263,50.114567811061455,0.0,66.87869501113892,29.623511791229248,96.50220775604248,1.3351439953623867e-09,-3.0273438369476935e-06
1752.2495595688008,0.6,500.0,0.41875,269,5380000,13,0.020064817741513252,0.00016549999999999944,239671.0351164099,81860.61739600054,-0.005157663631637467,50.90066169444394,0.0,61.09502172470093,30.667240381240845,91.76226329803467,7.629394338515283e-10,1.6601562720097718e-06
1599.017736692616,0.0,500.0,0.37375,270,5400000,2,0.0202939510345459,0.00016499999999999946,257654.2628575529,77965.26827388679,0.0002541185504334351,51.595118720691424,0.0,63.996761083602905,4.556230068206787,68.55299234390259,1.907348723406699e-09,-9.765624753299562e-08
2257.9368285494356,0.0,500.0,0.4887499999999999,271,5420000,15,0.020554225891828537,0.00016449999999999944,133022.09553287656,51201.2932021526,-0.0020684214902588456,52.28707320809491,0.0,60.51687717437744,33.70253324508667,94.21941184997559,4.76837147544984e-09,5.175781097932486e-06
1396.9172762810276,0.01,500.0,0.34125,272,5440000,5,0.020353659987449646,0.00016399999999999946,185799.90439546725,77443.21002177766,-0.0005573344596932396,52.49551198794819,1.0,61.86935997009277,10.99856448173523,72.86792635917664,-5.722046170220096e-10,-1.56249996052793e-06
1683.4283384038856,0.37,500.0,0.42874999999999996,273,5460000,9,0.021808361634612083,0.00016349999999999945,224680.43229392,77139.73785588892,-0.0036027236633088054,52.82277560953473,4.0,65.00538158416748,19.87145495414734,84.87683820724487,-2.479553229406406e-09,3.4179688555013854e-06
1214.0665062155151,0.12000000000000002,500.0,0.30874999999999997,274,5480000,6,0.021379562094807625,0.00016299999999999944,122422.04748652157,48186.25092612237,-0.002097835207627779,53.06408926422477,0.0,63.478739738464355,12.138343095779419,75.61708402633667,-9.918212917625624e-09,2.197265530412551e-06
1454.305833131921,0.0,500.0,0.34625,275,5500000,23,0.020035963505506516,0.00016249999999999945,187195.0320148089,65049.747317369656,-0.004904164500432463,54.75612880422235,0.0,64.6030101776123,52.04962348937988,116.65263605117798,8.964538444899972e-09,1.9531249506599124e-07
-9521.704477278054,2286.075,500.0,0.50125,276,5520000,13,0.02082059718668461,0.00016199999999999944,2048720.1182749427,169549.65942532814,-0.00436655786662056,56.76215597205679,0.0,58.61826777458191,29.943213939666748,88.56148314476013,1.6498566068889886e-08,-2.6367188183940016e-06
2105.248602576041,0.0,500.0,0.49000000000000005,277,5540000,14,0.021957358345389366,0.00016149999999999943,218671.19055259353,58143.05951671522,-0.003535166257474442,58.21166394824363,0.0,62.9041473865509,29.048096895217896,91.95224618911743,2.0980834847250662e-09,-2.9296876391526894e-07
2436.189011262055,1.34625,500.0,0.5825,278,5560000,14,0.021228203549981117,0.00016099999999999941,229688.38008605872,59909.83071881307,-0.005217623545950604,59.135827024904685,10.25,62.091039180755615,29.798255920410156,91.88929677009583,-7.629394338515283e-10,6.54296854918357e-06
-2504.262787409443,787.87875,500.0,0.3875,279,5580000,16,0.0204597357660532,0.00016049999999999943,853951.8567416158,97499.05209657711,-0.005445751701589501,60.479339686445535,10495.0,62.41695046424866,38.330108642578125,100.74706053733826,2.8610229740877458e-09,0.0
-92.68038187669454,407.09999999999997,500.0,0.45999999999999996,280,5600000,10,0.0214749313890934,0.00015999999999999944,364035.37976425217,82754.76639439397,-0.008190328136871988,62.2470480665993,0.0,64.54070377349854,21.535056114196777,86.0757622718811,-9.536743617033494e-10,2.9296876391526894e-07
1924.3819115193007,0.0,500.0,0.4375,281,5620000,17,0.020099379122257233,0.00015949999999999943,148539.9252739734,53995.49116650033,-0.0044839806115276465,65.02755629265808,0.0,61.9393048286438,37.255261182785034,99.19456768035889,6.675720420901143e-09,1.8554687812866177e-06
1637.1639593887871,0.275,500.0,0.35,282,5640000,23,0.020359065383672714,0.00015899999999999942,110172.05785569854,50664.725505190334,-0.00686448650192177,67.81511867760055,0.0,63.77963709831238,54.77444529533386,118.55408382415771,-3.433227480087453e-09,-2.8808594834117685e-06
1925.7728003657116,0.0,500.0,0.47625,283,5660000,19,0.02274615690112114,0.00015849999999999943,87716.14401152235,42150.400987275214,-0.007306649485170435,71.05140238175457,0.0,61.77827167510986,42.64823603630066,104.42650938034058,1.5258788677030566e-09,5.615234385913936e-06
2004.0145748855527,0.0,500.0,0.4762500000000001,284,5680000,23,0.020560650154948235,0.00015799999999999945,119933.42390361562,50266.83817850509,-0.00564896831596701,73.8972623263122,0.0,59.799840211868286,50.086010694503784,109.88585233688354,1.7166137400437265e-09,8.837891073198989e-06
2009.5296805173098,0.05,500.0,0.43125,285,5700000,14,0.020461339503526688,0.00015749999999999944,150897.63871366082,53830.21227979987,-0.0031547462396597425,76.38097501900141,5.0,67.15596389770508,31.0755398273468,98.23150539398193,5.531310964812519e-09,3.515624939609552e-06
1921.233260354479,1.125,500.0,0.47000000000000003,286,5720000,20,0.02095610275864601,0.00015699999999999945,92064.21684133512,35883.06335134293,-0.008198157727280215,77.86405947505476,0.0,69.323162317276,42.76800799369812,112.09117221832275,-1.2207030941624453e-08,-3.4179688555013854e-06
1639.296245221114,0.0,500.0,0.37374999999999997,287,5740000,20,0.022089792415499687,0.00015649999999999947,82347.17740969917,32345.938039566383,-0.007381140621908652,78.73814401108616,0.0,61.08119487762451,44.1255898475647,105.20678615570068,9.155273872352154e-09,1.6601562720097718e-06
2045.9099994591415,0.0,500.0,0.44000000000000006,288,5760000,17,0.020419402047991753,0.00015599999999999946,100184.22873778793,39321.31375252262,-0.0053005880256405905,79.72188236184238,0.0,61.123842000961304,36.58089017868042,97.70473432540894,8.01086397217432e-09,-1.4648438195763447e-07
2445.1355740547506,0.0,500.0,0.5625,289,5780000,24,0.020916158333420753,0.00015549999999999947,102240.76475520027,52079.65954752344,-0.005757079313494785,82.22809214790027,0.0,62.606919288635254,50.7263708114624,113.33329129219055,1.0108947456899386e-08,3.3691405860736268e-06
1257.3649115406986,98.025,500.0,0.4125,290,5800000,18,0.022612228989601135,0.00015499999999999948,251996.72608778212,72911.09939303278,-0.006908917761716746,83.1338401566933,0.0,57.706626176834106,38.03387713432312,95.74050426483154,6.294250454175199e-09,3.808593646681402e-06
1573.4244729316756,0.0,500.0,0.3825,291,5820000,25,0.020473401993513107,0.0001544999999999995,113726.06065479608,50609.7588686071,-0.006502583974276107,84.14986819623758,0.0,62.13578152656555,59.03018403053284,121.16596674919128,-1.2969970875076342e-08,1.9531249506599124e-07
1789.4011963652968,0.0,500.0,0.41624999999999995,292,5840000,25,0.02316906489431858,0.00015399999999999951,111103.70331494609,58110.267904103435,-0.006304624804947228,86.47003004665191,0.0,67.28964376449585,54.27146768569946,121.56111335754395,-1.926422044107312e-08,-7.81249980263965e-07
1422.9276848016225,0.0,500.0,0.34249999999999997,293,5860000,12,0.020035430788993835,0.0001534999999999995,137535.6638678895,59900.31546332509,-0.00433467316885203,89.13037196718973,0.0,69.36874270439148,25.553894519805908,94.9226381778717,-3.8146971692576415e-10,1.9531250927684596e-06
1711.6130883906626,0.0,500.0,0.39249999999999996,294,5880000,28,0.02187349461019039,0.0001529999999999995,101651.42672388241,45647.30397085923,-0.005669086761550535,91.623883104172,0.0,62.58689284324646,63.38349795341492,125.9703938961029,1.0681151962899094e-08,-1.9531250927684596e-06
1890.3427385220323,0.0,500.0,0.42750000000000005,295,5900000,14,0.02095889486372471,0.0001524999999999995,120074.36344571899,57176.37369391452,-0.0045772818353287245,92.85412469687172,0.0,61.89543676376343,29.018337965011597,90.91377663612366,8.392333938900265e-09,-1.9531250927684596e-06
1630.516713590052,0.0,500.0,0.4025,296,5920000,26,0.020003339275717735,0.00015199999999999952,155268.51979789068,70629.92595031543,-0.006544495300842098,95.68754971950229,0.0,63.95793390274048,59.49300169944763,123.450936794281,8.583068478174027e-09,-8.691406037542038e-06
1760.8459338400505,0.15,500.0,0.40499999999999997,297,5940000,25,0.02147027663886547,0.00015149999999999954,99029.23442045851,27508.39496850352,-0.007215185008449153,99.48522762213271,1.5,63.120463132858276,56.69481158256531,119.81527590751648,2.002716037452501e-08,-1.9531249506599124e-07
1816.2460743379474,0.0,500.0,0.4225,298,5960000,17,0.022920629009604454,0.00015099999999999952,99314.98233869008,30106.803788283876,-0.004115907720172331,100.9473211069435,0.0,65.46521830558777,37.80824637413025,103.27346611022949,-3.433227480087453e-09,-1.9531249506599124e-07
2111.466500509449,0.0,500.0,0.45499999999999996,299,5980000,23,0.020313266664743423,0.0001504999999999995,125104.04182099403,26491.1335509245,-0.008061071289656677,102.33185149557244,0.0,72.540691614151,50.55485200881958,123.09554505348206,5.722046170220096e-10,-1.4648437627329258e-06
2121.126902120964,9.775,500.0,0.515,300,6000000,17,0.021479571238160133,0.0001499999999999995,100601.03658438778,23529.00084836688,-0.007503303504170732,104.33860985996624,0.0,61.18727707862854,39.79620027542114,100.98347902297974,1.2111663671987571e-08,4.882812731921149e-07
988.7765025566707,0.0,500.0,0.10625,301,6020000,36,0.0213001761585474,0.00014949999999999951,760136.8205638339,177216.23984207734,-0.013005389659734126,42.26900726402318,0.0,61.834291219711304,74.73130965232849,136.5656018257141,-2.4223327343975143e-08,-3.12499992105586e-06
656.7298416085611,0.0,500.0,0.0,302,6040000,16,0.021734120324254036,0.00014899999999999953,576587.7051112751,118275.83607731535,-0.007308793166931644,44.40109161827892,0.0,63.7169463634491,35.64840579032898,99.36535334587097,5.912780931538464e-09,-4.0039062696450856e-06
689.7493933755393,0.0,500.0,0.0,303,6060000,18,0.02095935121178627,0.00014849999999999952,518203.98027357616,81205.41749559212,-0.008270498237673115,46.55657991552167,0.0,60.059789180755615,37.31206965446472,97.37185978889465,1.3923645347801994e-08,2.5390625069121597e-06
685.9278754680939,0.0,500.0,0.0,304,6080000,23,0.020743144676089287,0.00014799999999999953,225219.76921260223,59565.88755838824,-0.010549769724083639,48.625862087139005,0.0,60.13398337364197,46.997193336486816,107.13117790222168,5.7220459481754915e-09,2.734374902502168e-06
672.3624777543891,0.0,500.0,0.0,305,6100000,16,0.020436380058526993,0.00014749999999999952,258709.87450567374,66780.80958479129,-0.006217229366702319,50.90105416599554,0.0,60.66165375709534,35.10767126083374,95.7693259716034,2.2888184680880386e-09,-5.859375278305379e-07
691.5710405254931,0.0,500.0,0.0,306,6120000,24,0.02005462720990181,0.00014699999999999953,112036.94833708774,35371.17636292024,-0.010218738631725448,54.187012110782256,0.0,59.292426347732544,55.772284746170044,115.06471252441406,8.583068478174027e-09,-1.367187451251084e-06
637.6931286333311,0.0,500.0,0.0,307,6140000,28,0.02251543663442135,0.00014649999999999952,79139.7474512599,26464.005263954903,-0.010298919935210956,57.19610304943452,0.0,61.7693293094635,60.32347393035889,122.09280562400818,7.2479249269008506e-09,2.050781176876626e-06
670.7809334620098,0.0,500.0,0.0,308,6160000,20,0.020563986152410507,0.0001459999999999995,158720.8451233495,48171.78344480862,-0.00885622966264675,59.348603467971756,0.0,65.50921964645386,45.305174350738525,110.8143949508667,-1.1444092340440193e-09,2.050781176876626e-06
689.019737443649,0.0,500.0,0.0,309,6180000,15,0.020006556063890457,0.0001454999999999995,117045.67188498403,43026.16786305973,-0.007775652701237474,62.417086136303006,0.0,63.694905281066895,32.13970923423767,95.83461594581604,6.008148201175345e-09,7.324218813664629e-07
656.6990472821473,0.0,500.0,0.0,310,6200000,23,0.021335385739803314,0.0001449999999999995,93289.22743243961,38856.952740899884,-0.00933412725459316,65.05319723835885,0.0,57.044841051101685,49.47808027267456,106.52292203903198,9.155273872352154e-09,-2.4414063659605745e-07
636.6012915434127,7.05,500.0,0.0,311,6220000,28,0.020009612664580345,0.0001444999999999995,133079.19411948696,40988.53421012151,-0.009592196911030174,68.55917337853742,70.5,64.97974228858948,62.232261180877686,127.21200442314148,-3.8146971692576415e-10,2.5390625069121597e-06
642.5586038673007,0.0,500.0,0.0,312,6240000,24,0.02085588127374649,0.0001439999999999995,63745.083552448894,19406.551474639276,-0.007827843731303706,72.04708542991371,0.0,66.9910581111908,55.553725719451904,122.54478454589844,1.1444092340440193e-09,2.685546860448085e-07
642.4186161107467,0.0,500.0,0.0,313,6260000,17,0.02080928534269333,0.0001434999999999995,54995.09038025373,27898.02228096351,-0.007384931409029296,74.15376260517638,0.0,63.039207458496094,37.62479066848755,100.66399908065796,2.0599365768703137e-08,-1.9531250927684596e-06
-4286.631239102746,1006.15,500.0,0.0,314,6280000,11,0.021952161565423012,0.00014299999999999952,434481.3957862023,51580.587466764824,-0.003754474394696416,75.3602740985517,0.0,56.847172021865845,24.036108016967773,80.88328099250793,7.2479249269008506e-09,-1.757812469804776e-06
733.449838609394,0.0,500.0,0.0,315,6300000,20,0.02088821493089199,0.0001424999999999995,94768.1614493373,21945.795061261357,-0.008815028123370114,76.23692537618521,0.0,62.865336656570435,47.05076003074646,109.91609930992126,-9.536743617033494e-10,-2.075195425277343e-06
685.6988949306949,0.0,500.0,0.0,316,6320000,21,0.0228428952395916,0.0001419999999999995,72947.85752531812,29220.761241370208,-0.008823688966703143,78.4648524135936,0.0,55.219550132751465,46.455108404159546,101.67465996742249,-1.4972686201986107e-08,5.859375278305379e-07
674.867950084658,0.0,500.0,0.0,317,6340000,21,0.020903270691633224,0.0001414999999999995,39221.307777496484,14631.353297651585,-0.007832118189846481,81.28029520443073,0.0,58.79372453689575,43.11048221588135,101.90420770645142,2.2745132000068224e-08,1.708984314063855e-07
694.3646538688465,0.0,500.0,0.0,318,6360000,31,0.020666008815169334,0.0001409999999999995,32428.952482680936,16020.058427326509,-0.011066330078112752,83.83700230651623,0.0,61.12642168998718,71.43955755233765,132.56598091125488,-1.602172794434864e-08,2.3437501113221515e-06
-1518.0379361076707,425.37,500.0,0.0,319,6380000,37,0.019578203558921814,0.0001404999999999995,120495.58564242735,32620.184025517996,-0.005980156197460887,86.42231634673796,10634.25,63.41793990135193,76.28453350067139,139.70247411727905,-1.0538101058443772e-08,-4.882812390860636e-06
-2740.44154714084,674.93,500.0,0.0,320,6400000,19,0.020491283386945724,0.00013999999999999953,43420.34258619597,13234.06447436979,-0.01210289461916707,87.98626093706484,0.0,62.43625831604004,40.22235107421875,102.65861010551453,7.534026735811494e-09,2.6855468604480848e-06
631.17032643755,0.0,500.0,0.0,321,6420000,37,0.01890081726014614,0.00013949999999999954,26059.516539668286,10577.863869018396,-0.013061614603734784,89.98311456749964,0.0,63.56487584114075,78.89423561096191,142.45911312103271,-3.681183002868238e-08,5.639648406940978e-06
-5391.982820184627,1193.25,500.0,0.0,322,6440000,37,0.0216080155223608,0.00013899999999999953,349944.5622681075,34231.85015750559,-0.003928827535786142,90.90557853686214,0.0,62.82208061218262,81.46800923347473,144.29009079933167,4.291534350109316e-10,-1.1352539331710432e-05
-730.7909610245082,270.065,500.0,0.0,323,6460000,1,0.10827982425689697,0.00013849999999999954,1458868.0482727636,83092.12663644418,0.03299476266407167,91.74196437067879,13503.25,60.29761576652527,2.134242057800293,62.4318585395813,1.8119811429073707e-08,-1.0693359399738256e-05
-7223.371215651505,1556.2562500000001,500.0,0.0,324,6480000,9,0.020608870312571526,0.00013799999999999953,649366.5152717457,62151.47043805432,-0.003690893315658222,92.58332014100789,10433.25,60.17678427696228,23.34520673751831,83.52199172973633,4.482269222449986e-09,-2.734374902502168e-06
-2300.5931626944125,573.82875,500.0,0.0,325,6500000,20,0.022498847916722298,0.00013749999999999952,112964.38811401757,19742.349149417572,-0.007568309875949027,95.19878675320659,0.0,70.19409656524658,45.9027681350708,116.09686660766602,1.1825561863076928e-08,-2.587890548966243e-06
627.1319269347213,0.10499999999999998,500.0,0.0,326,6520000,17,0.020881416276097298,0.0001369999999999995,79386.1033402622,13645.435536574385,-0.007633080969504582,98.39576537087994,1.5,60.99416637420654,35.75104880332947,96.74521660804749,-1.688003514743741e-08,2.90527350443881e-06
637.7279580466078,0.045,500.0,0.0,327,6540000,22,0.0206719059497118,0.0001364999999999995,75487.01643662753,10391.744118979945,-0.010266913282952775,100.51921100821427,0.0,61.03860354423523,50.77875232696533,111.81735801696777,-5.340575981449547e-09,6.005859177093953e-06
676.8911320568383,0.0,500.0,0.0,328,6560000,14,0.021140117198228836,0.0001359999999999995,58877.89054454837,7018.511641125872,-0.007770375228546039,103.06303268564939,0.0,60.95862364768982,30.20933222770691,91.16795682907104,-4.081726245885875e-08,7.312011803151108e-06
-2927.77086113051,713.685,500.0,0.0,329,6580000,37,0.01573587954044342,0.00013549999999999953,704980.34363983,7137.653031490409,-0.008669841801787889,105.14335856113642,11894.75,62.85586714744568,77.45551800727844,140.31138586997986,-1.0871887390351276e-08,5.493163826031378e-07
-1732.2254988862665,475.78999999999996,500.0,0.0,330,6600000,30,0.02097228541970253,0.00013499999999999954,86196.26697695146,6412.7474069483615,-0.009687264333206354,108.47124321625763,0.0,60.691431522369385,66.4010636806488,127.0924961566925,-9.155273872352154e-09,4.4189455365994945e-06
650.3840467986819,0.0,500.0,0.0,331,6620000,22,0.020442597568035126,0.00013449999999999956,64343.18414762233,4632.714358491257,-0.00882311252892805,111.523072601992,0.0,61.52458739280701,53.62652897834778,115.15111756324768,-1.0871887390351276e-08,-2.3193359766082722e-07
631.2566196598221,0.0,500.0,0.0,332,6640000,18,0.020224902778863907,0.00013399999999999954,139912.47478400878,10682.001889327337,-0.00687610074408441,111.90356470364648,0.0,65.97152042388916,36.994588136672974,102.96610975265503,1.0299682884351569e-08,-5.712890470022103e-06
605.0855995078016,0.0,500.0,0.0,333,6660000,22,0.020141130313277245,0.00013349999999999956,43360.14286945575,4072.0287675018267,-0.011381505428371946,113.04107397557551,0.0,59.89509987831116,46.74443483352661,106.63953590393066,-4.76837147544984e-09,2.609252987895161e-06
573.7922701486798,0.0,500.0,0.0,334,6680000,37,0.02190427854657173,0.00013299999999999955,58712.66009045578,3042.934354056946,-0.010964850031777763,115.66276589095433,0.0,62.34674000740051,81.32035160064697,143.66709280014038,4.1961669694501325e-09,-7.312011803151108e-06
612.4851568313692,0.0,500.0,0.0,335,6700000,21,0.02033337391912937,0.00013249999999999953,62720.58017673954,6402.070872300004,-0.00931580792134153,120.5604042228491,0.0,61.465951681137085,49.42862057685852,110.89457488059998,-4.100799699813251e-09,6.579589808097808e-06
349.6584332248824,63.5,500.0,0.0,336,6720000,21,0.02219393476843834,0.00013199999999999955,97707.16544637212,7198.211923422524,-0.0099447854850104,124.4937250313468,88.0,61.22128653526306,45.263691425323486,106.48497891426086,-7.534026735811494e-09,3.3935546071006684e-06
580.3139100645642,4.4,500.0,0.0,337,6740000,26,0.020453860983252525,0.00013149999999999956,33933.48919274233,3257.2107310094716,-0.010406144233618474,127.6238784386913,0.0,63.59586215019226,56.4539635181427,120.04982662200928,-1.678466787780053e-08,3.0517577442878974e-07
687.6328869797211,0.0,500.0,0.0,338,6760000,28,0.022049294784665108,0.00013099999999999955,39321.51495993687,3033.22320272497,-0.00998494989293513,130.72874746840603,0.0,61.00161862373352,62.74812340736389,123.74974322319031,-6.961822673900997e-09,-4.766845904669026e-06
586.4639804856182,0.0,500.0,0.0,339,6780000,17,0.021473897621035576,0.00013049999999999957,86211.45551465082,7083.651867467016,-0.00770042339224159,133.87288564686668,0.0,59.8345992565155,38.80032134056091,98.63492226600647,-2.307891833197573e-08,-3.0761718790017767e-06
604.1831925462702,0.0,500.0,0.0,340,6800000,20,0.020240534096956253,0.00012999999999999955,107973.0071863534,8795.562680414461,-0.0067812326026503176,137.1106022283292,0.0,54.985732078552246,38.442014932632446,93.42774820327759,-8.296966669263384e-09,7.934570476209046e-07
632.587171719447,0.0,500.0,0.0,341,6820000,24,0.020138386636972427,0.00012949999999999957,62634.698740121275,6428.010064910141,-0.01069029829171273,141.2742446659726,0.0,52.78079843521118,50.93372321128845,103.71452283859253,-3.814697446813398e-09,4.0039062696450856e-06
659.8639729646604,0.0,500.0,0.0,342,6840000,27,0.020177828148007393,0.00012899999999999958,55391.487195024994,6126.233675612654,-0.010959622335217764,142.50952760341843,0.0,59.407082319259644,59.24101662635803,118.64810037612915,-5.7220459481754915e-09,3.149414169456577e-06
770.1043838636645,0.0,500.0,0.025,343,6860000,28,0.020025383681058884,0.00012849999999999957,54123.46622972998,4193.104257170113,-0.010060532568765414,143.69544465288294,0.0,65.24108743667603,60.95217680931091,126.19326543807983,2.5177001816700795e-08,3.7841796256543603e-06
641.6862870636694,0.0,500.0,0.0,344,6880000,22,0.020249193534255028,0.0001279999999999996,73341.83370158882,9274.091323404924,-0.009974811491622737,145.7737342752484,0.0,62.636685609817505,48.72350597381592,111.36019444465637,-7.820129432900558e-09,-3.41796862812771e-07
679.0183993021071,0.0,500.0,0.0,345,6900000,23,0.020143959671258926,0.0001274999999999996,62595.50823075064,7416.713611287497,-0.009124912724485184,149.09249514211365,0.0,66.41314148902893,48.23287773132324,114.64602065086365,3.814697446813398e-09,-2.2705078208673513e-06
-6190.982794457409,1376.975,500.0,0.0,346,6920000,37,0.01832481101155281,0.00012699999999999962,1053393.2459873112,11760.839555338991,-0.007393487037727094,151.37344649426626,0.0,64.02066969871521,86.72938919067383,150.75006127357483,1.668930060816365e-08,-7.2753905442368705e-06
675.4751463381606,0.0,500.0,0.0,347,6940000,16,0.020966848358511925,0.00012649999999999963,58368.335307599635,6084.46871574085,-0.0064674441005473735,154.02943016393496,0.0,63.61081123352051,38.13832712173462,101.7491397857666,1.907348590179936e-08,-3.3935546071006684e-06
611.6818720643745,0.0,500.0,0.0,348,6960000,18,0.021036067977547646,0.00012599999999999965,68182.65056491211,5425.838309074405,-0.006588318998172263,155.74419741077037,0.0,61.30382251739502,42.251832008361816,103.55565643310547,-1.7166137400437265e-09,-5.029296971770236e-06
448.70782106347997,28.395,500.0,0.0,349,6980000,26,0.02123439870774746,0.00012549999999999966,83932.20905358517,11713.041607616515,-0.008687804286577276,157.70004486586487,315.5,60.26568651199341,57.653828620910645,117.91951704025269,3.337859988405967e-10,1.1596679314607172e-06
622.1387651658862,3.1550000000000002,500.0,0.0,350,7000000,29,0.020021572709083557,0.00012499999999999968,41802.8771751835,4578.570480106291,-0.011078886134907854,160.32125769431624,0.0,62.98504948616028,66.20356678962708,129.18861722946167,3.461837749796359e-08,-3.3081055335060228e-06
627.6207358401413,0.0,500.0,0.0,351,7020000,27,0.020626908168196678,0.00012449999999999967,50503.79595612876,3999.1782840019628,-0.008173922983265655,58.81732963739859,0.0,65.57479119300842,58.45427107810974,124.02906322479248,1.4591217123438582e-08,-3.2226562325377017e-06
686.2626412710131,0.0,500.0,0.0,352,7040000,13,0.020342480391263962,0.00012399999999999965,50962.50442195132,6960.716151978349,-0.009209740107410292,61.08669662100585,0.0,62.01826190948486,26.957589864730835,88.97585344314575,1.8119811429073707e-08,-5.2001951189595275e-06
704.9291216671553,0.0,500.0,0.0,353,7060000,28,0.021609876304864883,0.00012349999999999967,32266.68721663642,6324.856701313334,-0.011352249836257567,62.10104783405076,0.0,61.840168952941895,60.143569469451904,121.98373913764954,-6.294250454175199e-09,-1.0009765674112714e-06
678.7688379132749,0.0,500.0,0.0,354,7080000,25,0.020578617230057716,0.00012299999999999966,43240.18080830047,5941.49719944183,-0.009931247948249356,64.16072509131874,0.0,61.45561504364014,56.32614707946777,117.78176307678223,9.536742923144104e-11,3.2226562325377017e-06
514.2639243192796,25.654999999999994,500.0,0.0,355,7100000,14,0.0202057883143425,0.00012249999999999967,230758.27609089966,17547.09999014133,-0.005365170264522668,65.90262485540713,366.5,59.24604654312134,30.73007893562317,89.97612619400024,1.239776614703203e-09,-4.7607420583517523e-07
671.7261012068566,10.995,500.0,0.0,356,7120000,15,0.02020120434463024,0.00012199999999999967,57935.242387752514,7651.714899689143,-0.009778558453039144,67.14837888934996,0.0,57.48343539237976,31.15943217277527,88.64286828041077,6.675720420901143e-09,-1.7089844277506927e-06
676.526037275574,0.0,500.0,0.0,357,7140000,22,0.02008149027824402,0.00012149999999999967,59410.63340959153,7465.32740543043,-0.008887826913994508,69.88372210974337,0.0,61.720609188079834,49.63400340080261,111.3546142578125,-5.340575981449547e-09,1.0009765674112714e-06
646.9227712850513,0.0,500.0,0.0,358,7160000,33,0.020109709352254868,0.00012099999999999967,51795.58820558035,6896.143394999818,-0.008036727016248092,73.02405191555017,0.0,60.24439477920532,77.37124300003052,137.61563873291016,-9.727478378351861e-09,-2.9296876391526894e-07
639.831079372766,0.0,500.0,0.0,359,7180000,13,0.021090088412165642,0.00012049999999999968,69794.35959952057,5735.624193492936,-0.0065242691030707525,74.71553829115302,0.0,60.56208777427673,27.464022159576416,88.02611112594604,5.435943695175638e-09,7.037353498162702e-06
640.7394549876301,0.0,500.0,0.0,360,7200000,24,0.0207012090831995,0.00011999999999999968,49090.45999714259,5181.929799405912,-0.009553512241887236,75.98657762610748,0.0,62.07886242866516,52.61336851119995,114.69223237037659,1.1444092340440193e-09,-3.7597656046273187e-06
663.1858609489503,9.842500000000001,500.0,0.0,361,7220000,15,0.02196819894015789,0.00011949999999999968,222345.40707581412,26813.37670669637,-0.005557940972728915,76.65154136032088,264.5,63.11570429801941,34.421767234802246,97.53747296333313,6.866454960174906e-09,-2.4414063659605745e-07
-5751.23021935087,1302.1074999999998,500.0,0.0,362,7240000,37,0.017455507069826126,0.00011899999999999968,293674.80825272045,23394.980532083,-0.005206745151055138,77.38685070275334,0.0,62.868667125701904,81.77680897712708,144.6454782485962,-9.918212917625624e-09,-4.882812731921149e-07
689.761543892883,0.0,500.0,0.0,363,7260000,25,0.020448792725801468,0.00011849999999999968,41234.63938514003,5182.390183277069,-0.009638730258481524,78.68763982998297,0.0,67.87218832969666,61.313612937927246,129.18580412864685,-7.057189943537878e-09,-3.906249901319825e-07
712.2621984838257,0.0,500.0,0.0,364,7280000,13,0.020204149186611176,0.00011799999999999968,46334.047161140734,7509.97712866145,-0.01017962683821461,80.25255982780315,0.0,60.24337315559387,27.782904148101807,88.02627849578857,9.346008411625917e-09,-3.906249901319825e-07
671.5882682920646,0.0,500.0,0.0,365,7300000,27,0.020939307287335396,0.00011749999999999968,43483.79890866743,5815.983814749121,-0.011868540898058883,82.07585572592677,0.0,61.9774374961853,62.351486682891846,124.32892513275146,2.2888184680880386e-09,3.1738281336401997e-07
673.4774430981998,0.0,500.0,0.0,366,7320000,26,0.021628189831972122,0.00011699999999999969,43163.371673591486,7443.592573524488,-0.011570993590421113,84.06346698028797,0.0,66.29644846916199,54.89015173912048,121.18660140037537,7.438659466174613e-09,1.074218744179234e-06
781.177055958255,0.0,500.0,0.0,367,7340000,28,0.0211862213909626,0.00011649999999999969,30437.464062243715,4418.877614051335,-0.011971872886050908,86.43990036822083,0.0,59.81643319129944,63.573869705200195,123.39030408859253,-4.673004205812958e-09,1.4892577837599674e-06
-4320.111401013542,1000.35,500.0,0.0,368,7360000,24,0.020215671509504318,0.00011599999999999969,265280.2367217335,17976.67671403489,-0.0080438987498248,88.44608600604268,0.0,62.444363832473755,54.94153714179993,117.38590240478516,1.3017654509894783e-08,-3.49121091858251e-06
368.6108472570371,66.31625,500.0,0.0,369,7380000,29,0.02136799693107605,0.00011549999999999969,154037.39860038593,14943.038339189356,-0.011001429049832931,90.85314114503271,1020.25,59.8823447227478,65.99152183532715,125.87386798858643,0.0,-4.882812376649781e-08
491.82684085710935,35.70875,500.0,0.0,370,7400000,20,0.0202835351228714,0.00011499999999999969,74071.18958112333,10838.735474188565,-0.00797932366256605,93.99354660107305,0.0,67.8814594745636,44.65526509284973,112.53672575950623,-1.0490417423625331e-08,3.906249901319825e-07
666.0636359626293,0.0,500.0,0.0,371,7420000,17,0.021178925409913063,0.00011449999999999969,80922.86556096643,10091.750014590625,-0.006287996910545352,95.24423801197725,0.0,60.40466070175171,38.1410596370697,98.54572129249573,-1.3351439953623867e-09,-1.6113281162688509e-06
744.1243661533276,0.0,500.0,0.0,372,7440000,17,0.021067490801215172,0.0001139999999999997,83916.5172323547,11864.076708481962,-0.009782442057962422,96.02912889354056,0.0,63.45493531227112,39.255833864212036,102.71077108383179,3.2424927187690855e-09,-3.41796862812771e-07
684.2622040108354,0.0,500.0,0.0,373,7460000,23,0.020827388390898705,0.0001134999999999997,85911.39179852996,9681.047057673077,-0.008001013568512332,97.32914877169694,0.0,61.02775049209595,50.29644179344177,111.32419323921204,-1.1730193705261627e-08,5.859375278305379e-07
-4051.405398553572,968.9625,500.0,0.0,374,7480000,16,0.020612161606550217,0.0001129999999999997,395229.47982885584,16303.812606628711,-0.010629972209386824,100.1035817621615,10766.25,60.85268235206604,33.74574303627014,94.59842681884766,2.870559612233592e-08,1.2451172324290383e-06
170.0564039880622,107.6625,500.0,0.0,375,7500000,30,0.02148481458425522,0.0001124999999999997,48896.99622980835,5298.947026352887,-0.01235304710026771,102.77598737690269,0.0,61.70971155166626,67.14658093452454,128.85629391670227,8.201599399626502e-09,2.075195425277343e-06
790.5607507395808,0.0,500.0,0.0,376,7520000,18,0.020186124369502068,0.0001119999999999997,94908.72030532398,9489.027089252682,-0.008077920548940843,104.41259493843054,0.0,63.890101194381714,40.55160570144653,104.44170784950256,-2.8610229740877458e-09,-1.8066406255456968e-06
737.1088360875983,0.0,500.0,0.0,377,7540000,17,0.020700138062238693,0.0001114999999999997,71066.4123750345,7253.282118394576,-0.0070950524980854125,105.06311590047376,0.0,63.3510537147522,36.08763837814331,99.43869304656982,7.438659466174613e-09,1.025390588438313e-06
719.663960325369,4.5775,500.0,0.0,378,7560000,17,0.020085690543055534,0.0001109999999999997,77744.47807882389,4713.777441284661,-0.01015860149745382,106.77011445634595,382.75,61.032477378845215,40.873071908950806,101.9055507183075,7.629394338515283e-10,2.685546860448085e-07
531.4825050841725,34.447500000000005,500.0,0.0,379,7580000,33,0.02072758972644806,0.0001104999999999997,61270.420522878354,4871.264569485934,-0.008565357056842112,108.86537790718562,0.0,63.16067671775818,76.5108470916748,139.67152500152588,6.484985437538171e-09,1.8798828023136593e-06
447.6688483173857,54.59375,500.0,0.0,380,7600000,27,0.02031686343252659,0.0001099999999999997,482923.22605711647,26301.8798910603,-0.006888184582431289,111.39615487200369,5458.75,61.813305377960205,61.38981819152832,123.20312476158142,-2.38418573772492e-09,-1.3427734302240424e-06
-1904.827341954987,532.1337500000001,500.0,0.0,381,7620000,18,0.021002406254410744,0.00010949999999999971,221760.61620140413,23221.32525472265,-0.007702503057917792,113.88206970789012,504.5,62.851192474365234,43.99582052230835,106.8470151424408,6.246566819356758e-09,2.3437501113221515e-06
585.2678047369855,27.747500000000002,500.0,0.0,382,7640000,24,0.02013624645769596,0.00010899999999999971,37178.91557788138,4654.530666396006,-0.010488660167258022,116.27636797156451,0.0,64.7999279499054,53.492939472198486,118.29286861419678,3.6239624634504253e-09,-2.1606444988719886e-06
650.4859699959052,0.0,500.0,0.0,383,7660000,16,0.021836211904883385,0.00010849999999999971,49944.720978075704,4081.8757184793394,-0.007271817107718384,117.34221180559348,0.0,62.39219331741333,33.63213586807251,96.02433037757874,-5.149841442175784e-09,7.2387697400699835e-06
694.6269245803022,0.0,500.0,0.0,384,7680000,21,0.02020949311554432,0.00010799999999999971,54572.35634127509,5056.828244999593,-0.00979580690951928,119.79476993711104,0.0,63.785669565200806,46.99524164199829,110.78091311454773,1.2207030941624453e-08,2.2460937998403097e-06
705.3978674144926,0.0,500.0,0.0,385,7700000,25,0.021520869806408882,0.00010749999999999971,47397.400541165385,4402.495799892048,-0.009632698002869424,122.71208078695182,0.0,61.63715219497681,59.28022861480713,120.91738367080688,7.343292196537732e-09,-4.174804871581728e-06
-2990.3493487118058,743.2725,500.0,0.0,386,7720000,37,0.016449864953756332,0.00010699999999999971,301800.14217555965,18064.181022267876,-0.00906268784179185,124.43317199751829,7441.0,64.70184993743896,84.83593225479126,149.53778457641602,-1.2159347306806012e-08,-2.197265530412551e-06
808.6192279193416,0.8275,500.0,0.0,387,7740000,26,0.020634546875953674,0.00010649999999999972,52231.805729942665,5221.016048803585,-0.009929893067172752,125.61676440329187,0.0,60.44530749320984,58.105347633361816,118.55065631866455,2.8610229740877458e-09,1.3549804407375632e-06
759.311849238154,0.0,500.0,0.0,388,7760000,20,0.021375957876443863,0.00010599999999999972,92169.02788569538,7239.461401571938,-0.00895371997722249,128.07841426495926,0.0,64.32610058784485,46.824238300323486,111.15034079551697,-6.484985437538171e-09,-9.399414011568297e-07
845.0461439962758,0.0,500.0,0.0,389,7780000,17,0.021123245358467102,0.00010549999999999972,69594.60927754563,5257.415223200324,-0.00808669250334253,129.85238267209965,0.0,61.61347031593323,37.60481071472168,99.21828365325928,8.869171175263091e-09,1.8615722865433781e-06
796.4731311803225,0.0,500.0,0.0,390,7800000,35,0.02015349641442299,0.00010499999999999972,51463.011115184454,2612.9445507333357,-0.012530323390524609,132.80617632602568,0.0,60.16870999336243,77.29424929618835,137.46296000480652,-2.088546757761378e-08,5.065917889623961e-07
-9097.694918355894,1972.475,500.0,0.0,391,7820000,27,0.021189777180552483,0.00010449999999999972,1197127.7633252074,10870.87154615838,-0.0058375121389188725,134.51045566676652,0.0,62.84457755088806,57.68980813026428,120.53438758850098,6.580352707175052e-09,4.0039062696450856e-06
766.2859227759732,0.0,500.0,0.0,392,7840000,19,0.02162518911063671,0.00010399999999999972,70366.54032914113,2617.2683491980265,-0.010481038805586259,136.5547319678112,0.0,60.425546646118164,43.53379249572754,103.95934009552002,3.433227480087453e-09,-2.050781176876626e-06
761.5267128586959,0.0,500.0,0.0,393,7860000,27,0.02081833966076374,0.00010349999999999972,52674.6770747822,2064.2460226831513,-0.010954068741959403,138.91285454412986,0.0,61.86586093902588,59.10451340675354,120.97037625312805,-2.4414061883248905e-08,3.0761718790017767e-06
798.9449381072254,1.25,500.0,0.0,394,7880000,24,0.02010246552526951,0.00010299999999999973,57748.240971996885,1744.404950411048,-0.00908695699416346,141.298615336799,0.0,61.28234529495239,53.057971477508545,114.34031772613525,1.1444091896350983e-08,1.0498047231521923e-06
809.99626679252,0.0,500.0,0.0,395,7900000,26,0.02063954994082451,0.00010249999999999973,75605.365627316,3030.8172598796855,-0.008413446973757505,143.51361613110728,0.0,62.946911096572876,55.94838213920593,118.89529490470886,3.051757735406113e-09,-2.282714831380872e-06
634.9625247294314,29.425,500.0,0.0,396,7920000,20,0.020108742639422417,0.00010199999999999973,86879.81706792569,4940.650948414178,-0.011271755985458926,145.71662223742794,0.0,62.55453562736511,44.08288025856018,106.63741683959961,-1.9073485846288207e-10,1.989746124309022e-06
787.0708695154256,0.0,500.0,0.0,397,7940000,28,0.02226215973496437,0.00010149999999999973,75640.93354486059,1740.8294378826467,-0.01035320422237965,147.9458556547387,0.0,62.53729820251465,60.649144649505615,123.18644404411316,2.0599365768703137e-08,1.257324242942559e-06
808.2144140506698,0.0,500.0,0.0,398,7960000,16,0.02128412388265133,0.00010099999999999973,88901.7629689957,2424.954114615346,-0.009262480325362728,150.12440928255026,0.0,65.98542499542236,32.941335916519165,98.926762342453,-1.8692016823251834e-08,1.5136719184738467e-06
784.2313782042254,0.0,500.0,0.0,399,7980000,19,0.020910000428557396,0.00010049999999999973,105095.6801105074,2563.003469510461,-0.009970579465952353,153.51173608708385,0.0,57.97665023803711,40.52603602409363,98.50268745422363,-4.768371808516747e-10,2.130126858901349e-06
831.9763237218973,0.0,500.0,0.0,400,8000000,30,0.02016500011086464,9.999999999999973e-05,71274.16743741265,1405.51075393953,-0.011491887731188997,157.16529178152197,0.0,65.19764637947083,66.78913593292236,131.98678469657898,-8.392333938900265e-09,2.447509814373916e-06
267.5663103621554,2.8275,500.0,0.0,401,8020000,30,0.020113687962293625,9.949999999999974e-05,339569.67666109226,7157.035696869384,-0.01339256987183953,52.43388541468416,94.25,61.55721592903137,63.9825325012207,125.53974938392639,4.863739189175931e-09,-5.322265678842086e-06
63.84044018035054,6.597500000000001,500.0,0.0,402,8040000,32,0.020429151132702827,9.899999999999974e-05,108820.5762274014,2928.2383093666344,-0.012450736155661404,54.31783891409731,0.0,59.84018135070801,71.9478235244751,131.788006067276,3.433227480087453e-09,-1.8188476360592176e-06
89.77535516529116,0.5,500.0,0.0,403,8060000,30,0.02028404176235199,9.849999999999974e-05,95674.78029616155,2601.0331119817665,-0.012199395085973576,56.517590444562785,0.0,60.37462854385376,63.724523305892944,124.0991530418396,-5.722046170220096e-10,2.1118164568179054e-06
83.49314614163623,1.8,500.0,0.0,404,8080000,24,0.020414866507053375,9.799999999999974e-05,70397.84174188485,3642.045430192551,-0.013485419368001914,59.045504274459695,0.0,61.34782695770264,51.80809235572815,113.1559202671051,3.8146971692576415e-10,-7.080078034960025e-07
91.39921600292432,0.0,500.0,0.0,405,8100000,25,0.02187204919755459,9.749999999999974e-05,57433.07515088359,1960.270014804438,-0.01339889661239359,62.60726676624042,0.0,61.973950147628784,56.189860820770264,118.16381216049194,2.803802523487775e-08,-3.048706048502936e-06
96.20524136424203,1.16875,500.0,0.0,406,8120000,25,0.020042482763528824,9.699999999999974e-05,72892.77415790985,2890.9725264654676,-0.012045498101543576,63.98817291064765,21.25,58.00388717651367,54.00586533546448,112.00975370407104,1.754760781125242e-08,3.1860352009971393e-06
86.75170155858214,0.95625,500.0,0.0,407,8140000,34,0.020923804491758347,9.649999999999974e-05,52934.217600001764,1758.8522273255255,-0.013386561266456225,67.91197826870848,0.0,60.9267783164978,72.27842664718628,133.20520639419556,-1.039505015398845e-08,-4.028320290672127e-06
93.61514717932955,0.0,500.0,0.0,408,8160000,19,0.02015753649175167,9.599999999999974e-05,75274.0691950445,3473.188589283052,-0.010684636539267666,70.80964757118463,0.0,60.01563811302185,39.44255614280701,99.45819520950317,2.5367736355974557e-08,1.8920898128271801e-06
91.49005782346981,0.0,500.0,0.0,409,8180000,28,0.020313438028097153,9.549999999999975e-05,44362.085627672066,2536.7768882149053,-0.0136135595875938,73.26114864253606,0.0,59.15434956550598,60.950770139694214,120.10512042045593,-1.3732909920349812e-08,2.148437488358468e-06
100.14490521119606,0.04125,500.0,0.0,410,8200000,27,0.020272688940167427,9.499999999999975e-05,40803.886455687105,2204.0208736045474,-0.0141046020161178,75.87824456545887,2.75,65.7750039100647,58.89000153541565,124.66500639915466,-2.0408631229429375e-08,2.819824203470489e-06
93.23460114073671,0.23375000000000004,500.0,0.0,411,8220000,23,0.02218085713684559,9.449999999999975e-05,25641.779379487387,1985.849113921123,-0.014988480443112911,78.30523984209334,0.0,62.201488971710205,49.38446879386902,111.58595871925354,1.044273378880689e-08,-2.6306151994504035e-06
-5276.049085610968,1074.425,500.0,0.0,412,8240000,37,0.017485903576016426,9.399999999999975e-05,305045.1905586619,4582.61478454574,-0.006380004114800688,80.99515746300851,0.0,56.7100350856781,78.85028719902039,135.5603232383728,1.993179310488813e-08,8.874511877365876e-06
-2702.0059184890583,559.6,500.0,0.0,413,8260000,10,0.020663149654865265,9.349999999999975e-05,401954.4797625362,11034.202330216965,-0.007582754264927853,82.0837827737339,0.0,62.326035022735596,21.922507762908936,84.24854445457458,2.956390465769232e-09,-4.345703018771019e-06
98.02287874371468,0.0,500.0,0.0,414,8280000,3,0.020735302940011024,9.299999999999975e-05,96824.99767975406,5081.6998813616965,-0.001434376002095949,82.43872437563441,0.0,64.10095310211182,6.694647789001465,70.79560208320618,-2.2888184680880386e-09,-2.5512695174256805e-06
108.47317163630396,0.0,500.0,0.0,415,8300000,26,0.022005924955010414,9.249999999999975e-05,48260.050883490265,1902.327400010644,-0.012991842882983861,84.06031900285414,0.0,64.24114680290222,59.647058963775635,123.88820743560791,1.3351440841802287e-08,-2.807617192956968e-06
105.37765098991285,0.0,500.0,0.0,416,8320000,36,0.020042546093463898,9.199999999999976e-05,37753.67006630537,2414.645163902036,-0.015121010559775334,87.19272626796258,0.0,65.21156120300293,85.05419421195984,150.26575684547424,-4.959106458812812e-09,5.859375278305379e-07
96.79847003197311,0.0,500.0,0.0,417,8340000,25,0.02096928097307682,9.149999999999976e-05,41425.04729751148,2296.645571374863,-0.013851980653653938,90.83995071069882,0.0,64.3353443145752,53.42731857299805,117.76266431808472,-1.1682510070443186e-08,-1.5136719184738467e-06
83.32810643383104,0.0,500.0,0.0,418,8360000,29,0.020279379561543465,9.099999999999976e-05,54171.10439390725,2456.8505587382924,-0.011812905580767991,92.99806177404676,0.0,55.523762226104736,62.68481731414795,118.2085816860199,1.1634826435624745e-08,2.3315428734349553e-06
93.67049344386645,0.0,500.0,0.0,419,8380000,36,0.020064080134034157,9.049999999999976e-05,25425.915970644885,2099.0497705082457,-0.01581122170404601,94.46717268564957,0.0,59.71745467185974,72.67526960372925,132.39272570610046,-2.6607512637610853e-08,-2.221679778813268e-06
88.23917587473366,0.0,500.0,0.0,420,8400000,30,0.02069110982120037,8.999999999999976e-05,37069.660259210264,1868.540515286219,-0.012830699754197495,97.31309239364153,0.0,62.94780778884888,62.52786874771118,125.47567772865295,-1.1825561863076928e-08,-6.225586162145191e-07
54.65172709776921,7.243749999999999,500.0,0.0,421,8420000,20,0.02017403580248356,8.949999999999976e-05,74412.53278340593,3009.297635628697,-0.013726923256828345,100.08286975580282,1415.75,59.15013933181763,45.419978618621826,104.57011890411377,9.155273872352154e-09,-1.2207031829802872e-07
-587.4607594059726,136.35125,500.0,0.0,422,8440000,29,0.020599929615855217,8.899999999999976e-05,60364.411384080726,2122.8102025848084,-0.011786877537097782,102.87482193092346,21.5,60.90757894515991,60.790645599365234,121.69822597503662,-1.5830993405074878e-08,2.142334096788545e-06
109.07163547830241,0.13,500.0,0.0,423,8460000,25,0.02045135200023651,8.849999999999977e-05,59675.473998851834,1645.8936063158321,-0.014722225614005146,106.71736577530639,0.0,64.85510873794556,58.48748731613159,123.34259819984436,-6.1988831845383174e-09,-2.4353028038603952e-06
48.98913558979588,9.3375,500.0,0.0,424,8480000,25,0.020368440076708794,8.799999999999977e-05,45234.1091405002,1794.9877224487695,-0.015393823414517286,111.46613796538819,311.75,57.135387659072876,51.450798988342285,108.58618760108948,-4.320144597613762e-08,1.30615239868348e-06
-920.3421463799266,203.9875,500.0,0.0,425,8500000,26,0.020006438717246056,8.749999999999977e-05,245929.2202692639,6223.822010864348,-0.009146171906121504,113.28594127700967,0.0,61.89538931846619,56.4001350402832,118.29552578926086,-8.106232129989621e-09,2.294921841894393e-06
84.61298217881433,0.0,500.0,0.0,426,8520000,30,0.021184571087360382,8.699999999999977e-05,23798.775403417032,1320.4532276352627,-0.017013907327720373,115.91878239608293,0.0,64.54399347305298,63.020864725112915,127.56485939025879,-4.148483156996008e-08,-1.4709472679896862e-06
-478.8897490958158,117.55999999999999,500.0,0.0,427,8540000,22,0.02004154585301876,8.649999999999977e-05,71071.41205073304,2991.4576011832773,-0.015338138740848141,119.70156533504135,701.75,59.94465184211731,48.21031665802002,108.15497016906738,1.6975402417074292e-08,-1.5869140952418093e-06
-120.32038057298648,42.09,500.0,0.0,428,8560000,29,0.021020827814936638,8.599999999999977e-05,31826.0228007763,2198.813880166464,-0.014021690033559464,122.24688130070147,0.0,61.894338846206665,67.70810961723328,129.60245013237,-2.4461746406245766e-08,-2.0141601453360636e-06
83.64282655947962,0.0,500.0,0.0,429,8580000,37,0.019701387733221054,8.549999999999977e-05,37313.583941200835,1830.0819592948158,-0.013792556871256918,123.7435097252599,0.0,66.07374978065491,78.19281339645386,144.26656413078308,-5.531310964812519e-09,-1.8798828023136593e-06
-10991.161686297995,2215.7725,500.0,0.0,430,8600000,36,0.022072618827223778,8.499999999999978e-05,378209.6925089995,10433.062588113142,-0.005980331258948153,123.88354525635502,11488.75,58.90409803390503,77.15305995941162,136.05715894699097,-8.153915764808062e-09,-1.794433615032176e-06
84.35738538364043,4.2524999999999995,500.0,0.0,431,8620000,24,0.02017338201403618,8.449999999999978e-05,65632.88944667699,3933.2000857222192,-0.01293001962037528,125.87868582427946,0.0,58.9899468421936,52.27940392494202,111.2693521976471,-7.2479249269008506e-09,-1.757812469804776e-06
82.15365958041396,2.66,500.0,0.0,432,8640000,29,0.021027879789471626,8.399999999999978e-05,68828.93591471318,3386.984733572297,-0.013038321528529385,128.34521510178945,33.25,64.30086374282837,69.83588171005249,134.13674640655518,3.824234084959244e-08,4.39453117451194e-07
83.90657640868741,0.665,500.0,0.0,433,8660000,22,0.020646732300519943,8.349999999999978e-05,74722.45497353382,3999.523035949654,-0.013928425878981134,131.02446616530383,0.0,62.62812304496765,50.13517498970032,112.7632987499237,1.5258788677030566e-09,-1.0986327652062755e-06
88.89801976698558,0.0,500.0,0.0,434,8680000,17,0.02088296413421631,8.299999999999978e-05,72027.30910928543,4058.7830780608565,-0.010757563911113042,134.0343975346018,0.0,60.78157639503479,36.64960432052612,97.43118190765381,-2.7656554824062596e-09,-1.3183594091970008e-06
89.76690674039045,0.0,500.0,0.0,435,8700000,25,0.020794931799173355,8.249999999999978e-05,62956.389379867214,2853.374271485935,-0.013538555530295633,136.37515405429437,0.0,60.35105752944946,56.84192514419556,117.1929841041565,1.2493133638713516e-08,3.6621094068323146e-07
-855.6731084461683,191.71499999999997,500.0,0.0,436,8720000,27,0.02160533145070076,8.199999999999978e-05,185749.63469213148,5602.833049275384,-0.011865295253970336,138.3995422121336,6390.5,63.908992767333984,61.87665104866028,125.78564524650574,-6.866454960174906e-09,-2.4414063659605745e-07
-2264.1844468088675,472.1075000000001,500.0,0.0,437,8740000,22,0.020905999466776848,8.149999999999979e-05,104239.09926844321,5241.306601580582,-0.011961298791677866,141.62427175512434,90.75,62.56041598320007,51.25943398475647,113.81985211372375,6.675720420901143e-09,1.9531249506599124e-07
-6321.596785695551,1282.0774999999999,500.0,0.0,438,8760000,36,0.0210962425917387,8.099999999999979e-05,515092.9776831029,8887.347454716984,-0.008606539753149015,144.21259788997978,0.0,56.80808138847351,82.11237287521362,138.92045521736145,8.106232129989621e-09,9.277343906433089e-07
96.81690010540758,0.0,500.0,0.0,439,8780000,24,0.02205507829785347,8.049999999999979e-05,83958.7312888571,3050.7362876705215,-0.01185237870145494,146.964421484544,0.0,56.44368076324463,51.17970108985901,107.62338304519653,5.722046170220096e-10,-1.8310547034161573e-07
-1982.2735273688188,414.7200000000001,500.0,0.0,440,8800000,32,0.020154375582933426,7.999999999999979e-05,499510.2786646346,7763.356704059881,-0.006777996187951541,148.69111431292453,13824.0,59.323493242263794,72.18364024162292,131.50713443756104,3.814697446813398e-09,1.6601562720097718e-06
-4743.145362489786,967.6800000000001,500.0,0.0,441,8820000,25,0.021297207102179527,7.949999999999979e-05,138770.65439372006,3852.8552753251047,-0.010745628415949095,149.7786980050669,0.0,61.74860882759094,55.94859981536865,117.69720983505249,3.051757735406113e-09,-8.544922138753464e-07
120.86868833420074,0.0,500.0,0.0,442,8840000,17,0.02052083984017372,7.899999999999979e-05,191547.32527716682,4444.343749151174,-0.009410549040965693,151.09730724785655,0.0,63.15798854827881,40.427210330963135,103.58520030975342,-3.6239624634504253e-09,6.591797045985004e-07
87.74166905889956,0.0,500.0,0.0,443,8860000,23,0.020156024023890495,7.84999999999998e-05,160722.983438455,4738.447866345234,-0.011264586834070611,153.82024206242838,0.0,69.01591086387634,46.892317056655884,115.90822887420654,-7.629394893626795e-09,-1.9531250927684596e-06
84.65109564378899,1.65375,500.0,0.0,444,8880000,26,0.022107122465968132,7.79999999999998e-05,151039.17868927744,7807.545977127701,-0.011298729823243068,156.25342976440518,110.25,60.850823402404785,56.781230211257935,117.6320550441742,3.6239624634504253e-09,4.882812731921149e-07
47.83985323235892,9.37125,500.0,0.0,445,8900000,16,0.021034760400652885,7.74999999999998e-05,90131.74921102799,3652.6163658897717,-0.01087034977254675,158.74171595223035,0.0,62.61046314239502,33.247597217559814,95.85806131362915,-1.4495849853801701e-08,2.0996094463043846e-06
113.83547516730194,0.0,500.0,0.0,446,8920000,16,0.020157281309366226,7.69999999999998e-05,107026.15341430274,5818.18793358361,-0.011974247873012428,162.16049624555788,0.0,59.757198095321655,36.697728395462036,96.45492792129517,9.918212917625624e-09,-5.126952942191565e-07
-6646.90079265059,1348.85,500.0,0.0,447,8940000,27,0.020641375333070755,7.64999999999998e-05,955633.5313887248,20778.71546066658,-0.008172027344518216,164.49162996287825,0.0,63.42450976371765,60.200520277023315,123.62503147125244,1.287460360543946e-08,-5.22460959473392e-06
118.62508393824332,0.0,500.0,0.0,448,8960000,24,0.02201802283525467,7.59999999999998e-05,69993.26670244276,4466.966399512733,-0.013052043902703349,166.19756929968366,0.0,61.16065192222595,56.14248013496399,117.30313396453857,-1.4114379887075756e-08,-3.0761718790017767e-06
-5268.897188718279,1074.025,500.0,0.0,449,8980000,29,0.020612414926290512,7.54999999999998e-05,713596.9965861733,13511.71801176173,-0.009029718779827865,166.96428562999364,0.0,63.00688076019287,64.8467710018158,127.85365295410156,1.2111663671987571e-08,6.347656267280399e-07
-28.797215446945096,25.65,500.0,0.0,450,9000000,25,0.020066512748599052,7.49999999999998e-05,147450.95362251648,7003.203459566256,-0.014115001436816856,170.6378301553452,0.0,70.85805630683899,57.538716077804565,128.3967740535736,1.907348723406699e-09,1.2207031829802872e-07
62.6289062120234,9.305000000000001,500.0,0.0,451,9020000,31,0.02051582559943199,7.44999999999998e-05,163085.78375793286,9397.71387201848,-0.010039485660219885,60.279195812059825,119.25,62.643271923065186,69.34457087516785,131.98784375190735,3.814697446813398e-09,8.544922138753464e-07
81.74593319836377,4.7700000000000005,500.0,0.0,452,9040000,24,0.021244704723358154,7.39999999999998e-05,74717.43193735076,7007.59200394928,-0.011869766294891863,61.37959594086717,0.0,59.90765881538391,58.94868278503418,118.85634350776672,-3.2424927187690855e-09,1.5380859395008883e-06
94.85109236698369,0.0,500.0,0.0,453,9060000,28,0.020114094018936157,7.349999999999981e-05,59648.32357769979,4985.503864882037,-0.013475831541190683,63.05905634863961,0.0,63.03576350212097,62.28684067726135,125.3226068019867,2.069473303834002e-08,-4.882812376649781e-08
-243.28597873849588,70.76,500.0,0.0,454,9080000,30,0.02060791663825512,7.299999999999981e-05,393160.0479698628,10613.188699890072,-0.008840491900025125,64.76573922316742,3538.0,62.624701261520386,64.18832302093506,126.81302571296692,-9.775162013170302e-09,1.367187451251084e-06
-1310.466769603632,283.04,500.0,0.0,455,9100000,17,0.020151834934949875,7.249999999999981e-05,63889.80744613765,3715.88917854365,-0.014527892944691964,65.57689846980126,0.0,64.88483095169067,36.873326539993286,101.75815844535828,-1.7452240541615538e-08,3.515624939609552e-06
69.87654446517558,5.375,500.0,0.0,456,9120000,31,0.0200459286570549,7.199999999999981e-05,48426.914029287014,3730.530156166716,-0.016762148181208213,67.59497848270136,0.0,59.49360632896423,66.8469409942627,126.34054827690125,2.6798248953241455e-08,-3.0883788895152975e-06
96.94771387970403,1.8,500.0,0.0,457,9140000,26,0.02029193565249443,7.149999999999981e-05,52657.25610123562,4437.553650337345,-0.015529059332247954,70.244073829829,90.0,62.290751218795776,58.577123165130615,120.86787533760071,7.2479249269008506e-09,8.666992243888672e-07
-79.84531465547187,33.925,500.0,0.0,458,9160000,21,0.020654063671827316,7.099999999999981e-05,81270.78624015563,3906.768587930442,-0.013120011442200496,71.91627022833036,0.0,62.918741941452026,50.44090962409973,113.35965275764465,-6.771087690538025e-09,3.967285010730848e-06
-1848.80971347595,387.55,500.0,0.0,459,9180000,6,0.02024250105023384,7.049999999999982e-05,234829.85609743162,18005.773790060903,-0.0024121516822818447,72.76254415055053,0.0,62.64932441711426,13.932403564453125,76.58172917366028,9.393692046444357e-09,-1.1047363841498736e-06
84.28073118104399,0.0,500.0,0.0,460,9200000,20,0.020496508106589317,6.999999999999982e-05,29275.41353030464,2602.3432724437776,-0.013174344433736378,74.0917883059468,0.0,61.69123387336731,45.694615602493286,107.38585162162781,-6.103515470812226e-09,-5.004882837056357e-07
-5116.89154807168,1041.795,500.0,0.0,461,9220000,37,0.02277582511305809,6.949999999999982e-05,332350.83723985037,7690.658839896495,-0.00872678361243148,75.90405038778115,3.0,60.23751878738403,79.6686327457428,139.90615224838257,4.0531160649948106e-09,-2.5390625069121597e-06
-360.6775219022654,92.2875,500.0,0.0,462,9240000,18,0.020292939618229866,6.899999999999982e-05,158505.3147774325,12411.557294212507,-0.015413478667283135,77.87024189573592,1604.75,64.59152007102966,37.6967089176178,102.28823137283325,-5.340575981449547e-09,-7.202148708529421e-07
-311.0564492826373,82.5925,500.0,0.01625,463,9260000,32,0.02018885873258114,6.849999999999982e-05,60165.80283718901,2699.0312692562993,-0.014723122062927935,80.4460188542692,0.0,54.283499240875244,71.33306765556335,125.61656785011292,-1.1062621929625038e-08,-5.126952942191565e-07
107.55251232166628,0.0,500.0,0.00875,464,9280000,37,0.02017403580248356,6.799999999999982e-05,65388.046579821945,3386.10250377268,-0.01411957897423769,82.65764117572357,0.0,60.066625118255615,78.37359070777893,138.44021654129028,2.0980834847250662e-09,-3.1860352009971393e-06
-2614.728499349644,544.1212499999999,500.0,0.0,465,9300000,21,0.023445414379239082,6.749999999999982e-05,337984.2209625314,15556.716757271328,-0.005412573785878572,84.39971768175941,9316.75,62.81383681297302,50.26619553565979,113.08003354072571,-8.201599399626502e-09,1.5380859395008883e-06
-1844.685385712944,392.66874999999993,500.0,0.0,466,9320000,19,0.02062949910759926,6.699999999999983e-05,47078.10442543575,3066.724914940782,-0.013913130058286979,86.2137143853654,85.25,64.41758799552917,40.07786226272583,104.49545311927795,-1.7166137400437265e-09,1.3305664197105216e-06
84.14923859427691,3.41,500.0,0.0,467,9340000,32,0.0204613134264946,6.649999999999983e-05,21639.06100341992,1879.3292405551995,-0.014588784162424127,88.21402077705335,0.0,61.98051476478577,70.88695073127747,132.86746740341187,-9.536743617033494e-10,9.155273232863692e-07
-6289.430139562748,1277.775,500.0,0.0,468,9360000,37,0.01803937740623951,6.599999999999983e-05,357397.28285486466,8873.443724747962,-0.01090519422431302,89.52253593627307,0.0,61.770644187927246,80.52955436706543,142.300199508667,1.4686584393075464e-08,4.6386719532165444e-07
88.41510182847018,0.0,500.0,0.0,469,9380000,19,0.021422192454338074,6.549999999999983e-05,68914.30553236532,5017.525813601609,-0.010667231954334763,91.27499225052621,0.0,52.90787696838379,40.82943320274353,93.7373116016388,-9.63211022053656e-09,9.521484116703505e-07
111.65100910949131,0.0,500.0,0.0,470,9400000,33,0.02016531489789486,6.499999999999983e-05,31909.603321049955,3367.877127999084,-0.015402546591309458,94.74662358260638,0.0,61.079771995544434,71.12134790420532,132.20112204551697,-3.8146971692576415e-10,-1.6601562720097718e-06
38.41362484854482,13.625,500.0,0.0,471,9420000,25,0.021291011944413185,6.449999999999983e-05,76313.75680430062,4129.1060998262155,-0.013332562780799195,96.87088606081832,0.0,65.1327531337738,53.244399070739746,118.37715339660645,0.0,-1.9287108443677425e-06
-6824.545850423061,1384.0,500.0,0.025,472,9440000,4,0.04663880169391632,6.399999999999983e-05,734984.8589530189,40205.78116653979,0.001456174399732008,97.54095845938491,4388.5,63.64495491981506,8.944310426712036,72.58926653862,3.3378602104505717e-09,-4.052734311699169e-06
-1109.8393217496512,242.35,500.0,0.0,473,9460000,25,0.021520541980862617,6.349999999999984e-05,104782.43160630492,7327.86752753407,-0.013965069304782743,99.66373541883767,0.0,64.19733333587646,57.992265939712524,122.18960213661194,-4.76837147544984e-09,-1.2207031829802872e-07
-288.2631895079352,76.675,500.0,0.0,474,9480000,17,0.020209815353155136,6.299999999999984e-05,132962.7001253876,9593.600831328422,-0.01063601453772826,102.00210361950292,0.0,62.11054754257202,38.01820635795593,100.12875604629517,-6.675719976811934e-10,3.4667968975554686e-06
-3887.1280450580293,796.075,500.0,0.0,475,9500000,37,0.019003551453351974,6.249999999999984e-05,439867.33201822184,7589.924882334591,-0.012660291968541574,104.00209328687909,10543.0,57.3814811706543,81.36318969726562,138.74467206001282,-1.3351439953623867e-09,-1.9287108443677425e-06
-1234.7021606710077,263.575,500.0,0.0,476,9520000,32,0.02062191255390644,6.199999999999984e-05,55631.804270735185,4289.938255614747,-0.015873392229526342,106.2072097904766,0.0,59.93293476104736,70.41580724716187,130.34874367713928,-1.5258788677030566e-09,-4.321288997743977e-06
63.67429064601083,4.06125,500.0,0.0,477,9540000,26,0.02007322758436203,6.149999999999984e-05,63226.594083720855,5942.981672975583,-0.01367559346013228,108.74589465824033,42.75,60.84027123451233,57.511611461639404,118.35188436508179,1.0490417423625331e-09,4.882812731921149e-07
-2628.8984808676128,546.2412499999999,500.0,0.0,478,9560000,21,0.020010553300380707,6.099999999999984e-05,396846.5037493582,27578.35591717686,-0.01135561691790368,110.48152315135998,7844.0,67.83016467094421,46.331167221069336,114.16133332252502,1.2302399099439754e-08,-1.8066406255456968e-06
-3376.1316644812177,693.21,500.0,0.0,479,9580000,37,0.018817035481333733,6.0499999999999844e-05,498729.6123195286,21318.82923858988,-0.009391407901033173,113.0180409837187,10160.0,63.53750920295715,77.22995901107788,140.7674698829651,-6.866454960174906e-09,-7.81249980263965e-07
-3182.570093689404,655.1112499999999,500.0,0.0,480,9600000,29,0.020137179642915726,5.9999999999999846e-05,135687.1269092835,19853.682423646143,-0.012610602507570267,116.56427735726555,565.75,67.3334629535675,64.17718625068665,131.5106499195099,4.291534239087014e-09,-6.347656267280399e-07
-7046.578694300767,1426.85875,500.0,0.0,481,9620000,25,0.02072949707508087,5.949999999999985e-05,729797.6435526907,43451.22179955821,-0.008479705913789784,118.00441588965468,10542.75,58.35354948043823,58.957130432128906,117.31068110466003,1.0681151962899094e-08,1.6601562720097718e-06
-3619.6259580485844,743.2475000000001,500.0,0.0,482,9640000,26,0.020464487373828888,5.899999999999985e-05,92369.4328537081,11345.783298172742,-0.01515582396346585,120.13389270901534,525.5,61.28113293647766,62.308106899261475,123.58924174308777,-1.3351439953623867e-09,3.588867230064352e-06
-158.12525994682136,49.61999999999999,500.0,0.0,483,9660000,23,0.020251916721463203,5.849999999999985e-05,100724.83946717861,10190.45462652928,-0.01185444390552864,122.31258037517858,0.0,63.222952127456665,53.523953676223755,116.7469072341919,-3.814697446813398e-09,7.324218813664629e-07
-2271.5258686607854,474.35,500.0,0.0,484,9680000,37,0.01844365894794464,5.799999999999985e-05,314074.08350119536,6203.6170931197585,-0.013122766931377934,123.72619019727325,0.0,61.64063286781311,80.48963403701782,142.1302683353424,-6.866454960174906e-09,4.382324277685257e-06
-6022.7535198457645,1219.5774999999999,500.0,0.0,485,9700000,37,0.01961013861000538,5.749999999999985e-05,1084181.1143478712,54237.13942315395,-0.010774897699724497,126.38079553012372,32940.75,62.326016902923584,89.38691592216492,151.71293425559998,-1.0204315614714687e-08,-6.68945313009317e-06
-18472.200740819553,3713.7074999999995,500.0,0.025,486,9720000,31,0.020621534436941147,5.6999999999999854e-05,1347767.2461724547,71651.73370213505,-0.010804071293063603,128.62202024219036,21949.0,58.71893048286438,67.18429350852966,125.90322613716125,3.814697446813398e-09,1.1230468999201548e-06
-3035.8710780214146,627.4649999999999,500.0,0.0,487,9740000,27,0.02026381902396679,5.6499999999999855e-05,107835.54223029033,13644.50067061394,-0.012812937240534738,132.0488116438467,0.0,64.76056742668152,59.94307494163513,124.70364451408386,-5.817413217812373e-09,-3.6621094068323146e-07
82.41965295629818,1.0,500.0,0.0,488,9760000,22,0.020428163930773735,5.599999999999986e-05,173402.9164735571,12224.810650349356,-0.01147059576121039,135.04660041492207,0.0,65.69667291641235,48.14313292503357,113.83980679512024,1.1444092340440193e-09,-1.5136719184738467e-06
-3632.664343731306,747.6625,500.0,0.0,489,9780000,36,0.020535152405500412,5.549999999999986e-05,981529.3942173425,29010.6347464987,-0.010565918096317059,136.7390337311972,10576.25,58.0634708404541,77.14646577835083,135.20993757247925,8.201599399626502e-09,-5.51757830180577e-06
-7326.522415271026,1484.0875,500.0,0.0,490,9800000,20,0.02037665620446205,5.499999999999986e-05,408421.8119755267,12642.443005702595,-0.012037813738390161,138.08154244224866,0.0,60.84558987617493,43.22676062583923,104.07235169410706,5.435943695175638e-09,-2.3925781533762347e-06
84.7121051957329,2.63,500.0,0.0,491,9820000,31,0.020873526111245155,5.449999999999986e-05,170523.04943380912,11431.307995035564,-0.01423681762270452,140.03472103247455,65.75,71.9722990989685,66.64375376701355,138.61605381965637,6.580352707175052e-09,-4.1503906800244295e-07
-358.03197449857896,90.89500000000001,500.0,0.0,492,9840000,26,0.020109273493289948,5.399999999999986e-05,328187.6001623364,24506.9549613122,-0.008602710210899719,142.40092493949285,0.0,65.01425528526306,57.576324462890625,122.59058141708374,3.3378602104505717e-09,2.3925781533762347e-06
99.95211423551943,0.0,500.0,0.0,493,9860000,29,0.020008336752653122,5.3499999999999864e-05,144656.2855040233,7765.083495885301,-0.013724336449389911,143.9419797700027,0.0,64.07016229629517,65.29628276824951,129.3664469718933,3.6239624634504253e-09,-2.9296875254658516e-06
-200.22233637449847,57.42999999999999,500.0,0.0,494,9880000,21,0.02044062502682209,5.2999999999999865e-05,595506.0258644205,12917.661772878424,-0.012047591309992476,145.25984050983456,11486.0,67.89547061920166,45.69495248794556,113.59042501449585,4.76837147544984e-09,1.3183594091970008e-06
-5393.435093231781,1098.1387499999996,500.0,0.0,495,9900000,35,0.021058307960629463,5.249999999999987e-05,259750.70477178477,25089.596446388903,-0.011697462784587173,148.73577970141747,91.25,61.95673155784607,74.55054306983948,136.5072774887085,1.5258788677030566e-09,3.41796862812771e-07
52.353680212278206,6.33125,500.0,0.0,496,9920000,29,0.020019803196191788,5.199999999999987e-05,139954.5126954201,17785.605549762622,-0.015223222886582257,149.40477051440217,0.0,63.353989601135254,67.50026392936707,130.85425543785095,-1.9741058565614367e-08,7.080078034960025e-07
-353.96039587153933,89.55,500.0,0.0,497,9940000,35,0.022712215781211853,5.149999999999987e-05,140268.46512138614,13472.817995799354,-0.01603614245685917,150.64180117754674,895.5,62.096068382263184,76.4273190498352,138.52338814735413,3.7193297330873065e-09,-6.347656267280399e-07
-14710.663095336646,2959.1875,500.0,0.0,498,9960000,15,0.021130265668034554,5.099999999999987e-05,3117553.84066036,73686.50318209614,-0.012091529389190725,152.37275584000494,406.25,61.666187047958374,33.20123243331909,94.8674201965332,7.820129432900558e-09,-4.39453117451194e-07
-246.0050045117736,65.5375,500.0,0.0,499,9980000,27,0.020319689065217972,5.049999999999987e-05,356860.45176496543,32806.946486908564,-0.011901615950734185,155.55806188974955,0.0,62.9867205619812,57.0404486656189,120.027170419693,6.866454960174906e-09,-1.025390588438313e-06
80.7680646365085,0.0,500.0,0.0,500,10000000,31,0.020229201763868332,4.9999999999999874e-05,100422.66896755513,22949.440402060332,-0.014403046760866466,158.43166143344035,0.0,60.78833532333374,65.48042154312134,126.2687578201294,1.9741058565614367e-08,-1.9531249506599124e-07
1122.912446572469,0.0,500.0,0.31500000000000006,501,10020000,37,0.017509909346699715,4.9499999999999875e-05,186982.2762266185,65522.45564324699,-0.014780943505098875,47.23880976789017,0.0,64.5618405342102,82.9991843700409,147.56102681159973,2.0980834847250662e-09,0.0
1937.3220595863338,0.0,500.0,0.5675000000000001,502,10040000,31,0.020214054733514786,4.8999999999999876e-05,101027.53248481864,40408.21151155631,-0.015230325968680963,50.04120844196539,0.0,63.53158378601074,70.80782437324524,134.33941006660461,-6.799697871429089e-08,2.148437488358468e-06
1278.471312243299,0.0,500.0,0.39625,503,10060000,29,0.02031376212835312,4.849999999999988e-05,117303.39166030473,51882.58192885457,-0.012236423383046128,52.369786466233094,0.0,63.40615797042847,62.88046956062317,126.28662967681885,-8.077621771462873e-08,-5.566406343859853e-06
1148.8124977153261,0.0,500.0,0.35,504,10080000,37,0.020704947412014008,4.799999999999988e-05,84628.88813742607,24159.952705917574,-0.01421316284646922,54.406934553534555,0.0,59.98434138298035,83.96091485023499,143.94525861740112,2.651214536797397e-08,2.3437501113221515e-06
1506.2873982232672,0.0,500.0,0.3625,505,10100000,24,0.023422397673130035,4.749999999999988e-05,243403.97781895322,16032.884663200988,-0.010809902212420985,56.705748806873196,0.0,62.02103877067566,50.177587032318115,112.19862842559814,-7.877349617047003e-08,-4.39453117451194e-07
1592.261034362174,0.0,500.0,0.40125,506,10120000,19,0.02314736694097519,4.699999999999988e-05,205202.59332091679,20185.506400491122,-0.01095250910540317,58.52801647670573,0.0,59.27784991264343,42.45250678062439,101.73035836219788,-7.057189943537878e-09,9.765624753299562e-08
-201.97746353656652,276.745,500.0,0.39625,507,10140000,20,0.024979379028081894,4.6499999999999883e-05,363913.0996491551,19869.144689824407,-0.010059007023723004,59.30157556868971,7907.0,59.36747217178345,38.98654532432556,98.3540186882019,1.678466787780053e-08,7.641601769137196e-06
-1241.3272367868908,513.955,500.0,0.34875,508,10160000,21,0.02059078775346279,4.5999999999999885e-05,197219.65784432407,18258.86835568299,-0.010577062090644017,60.77347076151372,0.0,57.55251979827881,45.38770079612732,102.94022250175476,1.9645691295977485e-08,-2.9541015464928932e-06
-1843.0822671284427,685.425,500.0,0.43,509,10180000,22,0.020429667085409164,4.5499999999999886e-05,696472.2556874909,45150.33367758603,-0.01104046085627867,62.19393068768415,0.0,58.480873346328735,52.205803632736206,110.68667936325073,-7.629394893626795e-09,-1.1718750556610757e-06
1435.0230667330945,0.0,500.0,0.37750000000000006,510,10200000,31,0.02085149474442005,4.499999999999989e-05,266390.4711668991,18471.185351547403,-0.010638794270742888,63.66289128965291,0.0,62.16209411621094,66.05079102516174,128.21288633346558,-3.051757735406113e-09,-3.12499992105586e-06
1486.4702744022466,0.0,500.0,0.52625,511,10220000,35,0.020450783893465996,4.449999999999989e-05,158737.42780934434,14397.200855216475,-0.012243034818436268,65.17586457232045,0.0,61.63301348686218,78.55256962776184,140.18558430671692,-4.653930574249898e-08,2.9296876391526894e-07
1238.3448484031524,0.0,500.0,0.37249999999999994,512,10240000,37,0.01820177584886551,4.399999999999989e-05,204720.49531720532,16718.26325681907,-0.01289803397762399,67.38227370176257,0.0,68.49689412117004,88.37122917175293,156.8681242465973,4.00543198608716e-09,-1.3183594091970008e-06
1302.8388073408928,0.0,500.0,0.37625000000000003,513,10260000,33,0.021155327558517456,4.349999999999989e-05,155296.36255636814,7765.146204702921,-0.011552213068422327,69.02903949797748,0.0,74.7013521194458,76.32309794425964,151.02445125579834,-3.8719178974133683e-08,2.661132839421043e-06
992.4248589221115,0.0,500.0,0.2575,514,10280000,37,0.018049422651529312,4.299999999999989e-05,137938.30682491628,10251.684707613933,-0.014554824618549962,71.51681463084951,0.0,61.291990518569946,82.05690455436707,143.34889602661133,1.7738342350526182e-08,-1.416015606992005e-06
1543.7701334682988,0.0,500.0,0.37124999999999997,515,10300000,37,0.018641620874404907,4.2499999999999895e-05,114291.59465484448,7463.303677650388,-0.013093277205389893,74.06302668185506,0.0,63.392404556274414,80.73294568061829,144.12535166740417,-4.577636936176077e-09,-8.300781360048859e-07
1759.864114073454,0.0,500.0,0.445,516,10320000,26,0.020717715844511986,4.1999999999999896e-05,166057.08001776485,9426.602550297528,-0.013339162712390188,75.9187310163264,0.0,62.60812592506409,55.32238721847534,117.93051385879517,2.0408631229429375e-08,1.6845702930368134e-06
1582.5655525645357,0.0,500.0,0.48500000000000004,517,10340000,37,0.017279138788580894,4.14999999999999e-05,153263.9947998321,7431.937659215272,-0.011652361562075643,77.80455294570284,0.0,61.61489820480347,83.65587520599365,145.27077436447144,2.0599365768703137e-08,5.322265678842086e-06
1760.5041275729286,0.0,500.0,0.49625,518,10360000,34,0.02037571370601654,4.09999999999999e-05,106438.28704711249,7964.796365022077,-0.015551969964636373,79.35668430998683,0.0,62.885719776153564,75.67511057853699,138.56083154678345,1.4781951662712345e-08,-2.9296876391526894e-07
874.7035089432186,121.21999999999998,500.0,0.45500000000000007,519,10380000,31,0.021006997674703598,4.04999999999999e-05,171291.86135992894,10631.031839920543,-0.013893399531860414,81.07723646685842,1276.0,54.723533391952515,57.330265283584595,112.05379986763,1.1444092340440193e-09,-5.761718966823537e-06
1941.7045463775132,6.505,500.0,0.5325000000000001,520,10400000,37,0.017642339691519737,3.99999999999999e-05,138455.11611387995,7008.296537628055,-0.012810391310402024,83.53675442336497,0.0,59.89915466308594,74.85771369934082,134.75686955451965,2.9754637864698452e-08,-3.906250185536919e-06
1898.1354595666714,0.0,500.0,0.5362500000000001,521,10420000,37,0.015638960525393486,3.94999999999999e-05,98298.1265954203,4826.558817231113,-0.012527239464194274,85.42429174725106,0.0,63.917428731918335,81.46879053115845,145.38622188568115,1.1730193705261627e-08,-3.49121091858251e-06
1928.577404759215,0.0,500.0,0.51625,522,10440000,26,0.02153743803501129,3.8999999999999904e-05,145639.0094515242,7432.603233159277,-0.011835593653392595,86.82465624299498,0.0,65.30359935760498,60.73627305030823,126.03987383842468,-3.433227480087453e-09,-2.0996094463043846e-06
1149.3689342719645,0.0,500.0,0.34625000000000006,523,10460000,33,0.020872797816991806,3.8499999999999906e-05,104347.86582098377,7531.591705201129,-0.01265335159466159,88.45663267636601,0.0,61.49809408187866,71.47348403930664,132.97157907485962,9.536743617033494e-10,-2.233886789326789e-06
-2333.2744876645665,700.4487500000001,500.0,0.29625,524,10480000,37,0.018736334517598152,3.799999999999991e-05,414288.31618730136,21184.764957439507,-0.011328479115615579,90.03870227544607,899.75,69.65513348579407,81.92673015594482,151.58186531066895,9.727478378351861e-09,3.295898522992502e-07
-319.33149627854175,267.82624999999996,500.0,0.36,525,10500000,36,0.020070677623152733,3.749999999999991e-05,278044.4312904908,11175.79686826165,-0.013700626069075008,91.74752147052996,0.0,63.43552374839783,80.03744578361511,143.47297048568726,1.6593933338526767e-08,3.051757857974735e-06
1747.8014936048517,0.0,500.0,0.44000000000000006,526,10520000,37,0.01809806376695633,3.699999999999991e-05,172614.19153206222,6507.182761719762,-0.01250788597829943,93.66419924871157,0.0,63.32376480102539,85.36152648925781,148.68529391288757,-1.5258788677030566e-09,-6.762695193174295e-06
-1529.99633811375,526.4174999999999,500.0,0.30375,527,10540000,37,0.019665950909256935,3.649999999999991e-05,514368.0232053545,20234.438324061568,-0.012490192440173334,95.7028070358752,7520.25,63.57380723953247,85.00368285179138,148.57749104499817,-1.4877318932349226e-08,5.151367076905444e-06
-272.3903142838374,225.6075,500.0,0.1975,528,10560000,37,0.016846677288413048,3.599999999999991e-05,162235.58877046726,16707.28979261349,-0.01242348476903002,97.75841495997135,0.0,60.80592131614685,82.58506345748901,143.39098572731018,-9.53674295089968e-09,5.37109372089617e-07
1113.5736548526734,0.0,500.0,0.30874999999999997,529,10580000,37,0.01744605414569378,3.5499999999999914e-05,198806.58490781303,20108.211464686483,-0.013590768549324153,100.07994147840019,0.0,57.45043897628784,83.17268228530884,140.62312269210815,-7.057189943537878e-09,-1.904296823340701e-06
1328.5053794240853,0.0,500.0,0.4175,530,10600000,37,0.020525459200143814,3.4999999999999916e-05,148312.05491922382,10112.55614119183,-0.014633364451065783,102.77574838767264,0.0,55.35494685173035,73.87733769416809,129.23228549957275,-8.392333938900265e-09,3.3935546071006684e-06
1918.3593865040777,0.0,500.0,0.45999999999999996,531,10620000,37,0.01886354200541973,3.449999999999992e-05,136211.04032348917,6496.922468987332,-0.013781449212301443,105.13464776564423,0.0,56.35540199279785,78.39627122879028,134.75167417526245,-8.964538444899972e-09,7.81249980263965e-07
1062.6721360336483,0.05,500.0,0.22374999999999998,532,10640000,37,0.017201395705342293,3.399999999999992e-05,105856.56684886951,5261.9916313796575,-0.01257778072676872,108.00367682598362,0.0,54.781421184539795,77.00694108009338,131.78836393356323,5.62667867853861e-09,3.6621094068323146e-07
1057.7643259489353,0.0,500.0,0.24874999999999997,533,10660000,37,0.015710867941379547,3.349999999999992e-05,118405.04896966374,6480.852219562087,-0.014387700984605263,111.48185748228826,0.0,55.94138503074646,76.29127097129822,132.23265743255615,-2.727508530142586e-08,1.6113281162688509e-06
1381.5693107617888,0.0,500.0,0.315,534,10680000,37,0.017805976793169975,3.299999999999992e-05,193759.5505372148,8859.880525175766,-0.01336208852942444,114.10622018376489,0.0,60.85594701766968,73.22746109962463,134.0834095478058,6.675720420901143e-09,5.566406343859853e-06
-3771.388359963421,1017.65,500.0,0.33625,535,10700000,19,0.020240042358636856,3.249999999999992e-05,573522.4744758715,23517.95182650194,-0.009453307457875234,115.25135444780949,0.0,61.22366261482239,40.58462619781494,101.80829000473022,-2.2888183792701966e-08,-6.469726486102445e-06
1000.8358132290759,0.0,500.0,0.29625,536,10720000,36,0.022942187264561653,3.1999999999999924e-05,125172.74168517871,14221.351494661492,-0.013679363136977337,116.50795256452523,0.0,60.68337821960449,80.08717155456543,140.77055191993713,-7.629394893626795e-09,-2.3925781533762347e-06
1068.1447036427362,0.0,500.0,0.31500000000000006,537,10740000,37,0.018775274977087975,3.1499999999999925e-05,102845.87083972232,10980.796243851897,-0.013252135874604934,118.27625755242204,0.0,58.00513029098511,75.40116715431213,133.40629887580872,2.1934509319976314e-08,3.906249901319825e-07
1316.7925827727813,0.0,500.0,0.38375,538,10760000,37,0.0161579716950655,3.099999999999993e-05,182068.7025278136,15079.537031227232,-0.011800584584173317,121.13983828432046,0.0,57.96652936935425,75.15935564041138,133.12588596343994,3.2234190427971043e-08,4.882812376649781e-08
1312.582929295449,0.0,500.0,0.36625,539,10780000,37,0.017849866300821304,3.0499999999999928e-05,163270.6444474314,17416.23690372431,-0.015205802038501262,123.18027297121165,0.0,58.276846408843994,75.24833989143372,133.52518725395203,-5.817413217812373e-09,-1.5136719184738467e-06
1453.2909560422536,0.0,500.0,0.36375,540,10800000,37,0.014010127633810043,2.999999999999993e-05,128615.87359430992,9111.976846452348,-0.012914650242916572,125.35163145441639,0.0,64.70871472358704,82.7565484046936,147.4652647972107,-7.629394338515283e-10,9.521484116703505e-07
1370.0891294016415,0.0,500.0,0.36875,541,10820000,37,0.016591642051935196,2.9499999999999928e-05,198974.1735738865,17441.52394731563,-0.01273648394677843,127.0364554507077,0.0,56.41126251220703,76.40638589859009,132.81765007972717,-1.3351440841802287e-08,-2.9296876391526894e-07
1736.8859435293245,0.0,500.0,0.4450000000000001,542,10840000,37,0.015213563106954098,2.899999999999993e-05,121689.73277258076,13122.514254641897,-0.012256280522687058,128.55164762008954,0.0,59.23770356178284,71.84860062599182,131.08630561828613,-6.103515470812226e-09,1.4648437627329258e-06
-2801.2481104712797,833.75,500.0,0.38375,543,10860000,37,0.0188294630497694,2.849999999999993e-05,235684.6064191719,25155.25748676484,-0.015222538487595541,130.99507132285555,0.0,60.05660891532898,79.58633971214294,139.64295053482056,1.7929076889799944e-08,-1.1157226253999397e-05
1043.8454036713488,0.0,500.0,0.27125,544,10880000,37,0.014880134724080563,2.799999999999993e-05,118246.34540950695,10402.610734132399,-0.0116990845256466,133.3732550248572,0.0,61.527344942092896,80.64146947860718,142.16881704330444,-1.6593933338526767e-08,7.080078034960025e-07
1268.7794657440963,0.0,500.0,0.33499999999999996,545,10900000,37,0.017948539927601814,2.749999999999993e-05,87853.48246778971,10621.133883284632,-0.015321176214669247,135.07894417338088,0.0,64.71841645240784,82.10947036743164,146.82788920402527,7.2479249269008506e-09,-7.81249980263965e-07
1270.5120758690493,0.0,500.0,0.38625,546,10920000,37,0.01722862757742405,2.699999999999993e-05,238543.31217535053,24746.00223639221,-0.012055690348774482,136.58484202145235,0.0,58.23923420906067,82.53573489189148,140.77497053146362,1.668930060816365e-08,4.589843683788786e-06
1453.7122796366398,0.0,500.0,0.42125,547,10940000,37,0.014906857162714005,2.6499999999999933e-05,75723.92846546877,14302.737179760694,-0.01556767811555621,139.01228741888823,0.0,54.56042814254761,75.5398941040039,130.10032415390015,1.840591501434119e-08,3.588867230064352e-06
1384.0419255087256,0.0,500.0,0.34750000000000003,548,10960000,37,0.016977272927761078,2.5999999999999934e-05,95752.99973222743,11032.131594716613,-0.014939592807504573,140.3111507111742,0.0,59.063186168670654,75.75599956512451,134.81918716430664,-8.583068478174027e-09,3.1005859000288183e-06
1270.4908838643364,0.0,500.0,0.3225,549,10980000,37,0.016687430441379547,2.5499999999999935e-05,91806.93747950914,9382.251335363419,-0.015247080649056494,143.01568521167442,0.0,57.885385274887085,70.06355047225952,127.94893741607666,7.629394338515283e-10,-5.1635743147926405e-06
1591.386707425328,0.0,500.0,0.4175,550,11000000,37,0.016086099669337273,2.4999999999999937e-05,115006.910958598,7156.1224473064385,-0.015452764427134802,145.33850325859538,0.0,57.78135943412781,79.49365067481995,137.2750117778778,-2.479553229406406e-09,7.250976523209829e-06
816.3938745098268,0.0,500.0,0.2825,551,11020000,37,0.015223010443150997,2.4499999999999938e-05,96218.9574574684,8618.658542373165,-0.014172311420102895,45.38291439006658,0.0,63.88218855857849,82.23253750801086,146.11472702026367,6.866454960174906e-09,2.7832031719299266e-06
-2747.2838688640236,829.4,500.0,0.41375,552,11040000,37,0.017846381291747093,2.399999999999994e-05,397918.23884757364,19910.693696009104,-0.016080320537208998,46.89710262408272,0.0,59.545742988586426,80.54269456863403,140.08843874931335,-1.516342251761671e-08,-1.8066406255456968e-06
1216.2086115392472,0.0,500.0,0.31375000000000003,553,11060000,37,0.015889707952737808,2.349999999999994e-05,188432.06979672896,21405.711467848654,-0.013298267263731097,48.537159048742026,0.0,66.31820106506348,87.17864847183228,153.49685096740723,5.531310964812519e-09,3.4179688555013854e-06
1270.3105596342025,0.0,500.0,0.4125,554,11080000,37,0.016308890655636787,2.2999999999999942e-05,196896.24851310538,18480.535800057325,-0.014760436042731532,50.20480213209751,0.0,61.66169595718384,92.3320198059082,153.9937174320221,-1.0871887390351276e-08,1.904296823340701e-06
1334.726363033656,0.0,500.0,0.41625000000000006,555,11100000,37,0.016432277858257294,2.2499999999999944e-05,157648.17869301853,22441.09147525066,-0.013759724315601357,52.02017897775615,0.0,60.23861265182495,78.30264663696289,138.54126119613647,7.20024129208241e-09,2.6367188183940016e-06
1231.9146684420048,0.0,500.0,0.33625,556,11120000,37,0.014251704327762127,2.1999999999999945e-05,211800.5940008655,16654.950947571724,-0.012772417129144875,53.1660217638924,0.0,52.67250847816467,75.33495783805847,128.00746750831604,1.2397766369076635e-08,9.765624753299562e-08
1384.7077081935229,0.0,500.0,0.36,557,11140000,37,0.01565949246287346,2.1499999999999947e-05,179693.21494873406,12765.588467647289,-0.01335054937583716,54.48287298197409,0.0,54.62809467315674,83.82138752937317,138.44948363304138,6.294250454175199e-09,1.0559082284089527e-06
1201.4579240958733,0.0,500.0,0.3175,558,11160000,37,0.015826698392629623,2.0999999999999948e-05,184817.32030381457,10522.165895483611,-0.014099855088886086,55.91772826596375,0.0,58.32912993431091,79.55501627922058,137.88414788246155,4.1961669694501325e-09,5.126952942191565e-07
1416.19014665691,0.0,500.0,0.35875,559,11180000,37,0.015338238328695297,2.049999999999995e-05,176790.11960702404,9730.044505691232,-0.014165051008945231,57.44269274306538,0.0,62.8792290687561,77.7730700969696,140.65230059623718,-2.174377478070255e-08,7.177734460128704e-06
1335.058696349011,0.0,500.0,0.3075,560,11200000,37,0.012895526364445686,1.999999999999995e-05,162580.98479518917,6159.812015502814,-0.011528295369397576,58.45208830059774,0.0,56.134416818618774,81.61267232894897,137.74709105491638,-9.536743617033494e-10,1.2207031829802872e-07
1232.338768675511,0.0,500.0,0.28625,561,11220000,37,0.012848594225943089,1.9499999999999952e-05,162205.75400701782,12546.645822469522,-0.011199213251167217,59.51357092600846,0.0,55.85686707496643,74.84107208251953,130.69794058799744,7.057189943537878e-09,-5.2490236157609615e-06
1369.394139785767,0.0,500.0,0.34249999999999997,562,11240000,37,0.014330321922898293,1.8999999999999954e-05,56028.04363908793,4283.91542072591,-0.014476146937305569,60.675755548473056,0.0,57.15316724777222,78.6253411769867,135.7785096168518,2.7656554379973386e-08,-3.515624939609552e-06
917.0702201464685,0.0,500.0,0.29624999999999996,563,11260000,37,0.015396968461573124,1.8499999999999955e-05,124997.79048083877,8369.78593111874,-0.013964500182637408,61.52406677122242,0.0,59.811256408691406,81.75979113578796,141.5710484981537,2.002716037452501e-08,-1.3183594091970008e-06
1133.5036525248101,0.0,500.0,0.33625,564,11280000,37,0.014035606756806374,1.7999999999999956e-05,150363.94124299768,8853.615739521158,-0.012627006478504479,62.918398916819136,0.0,57.029014110565186,80.28046917915344,137.30948543548584,-2.8610229740877458e-09,-3.051757857974735e-06
1150.3583460963584,0.0,500.0,0.38750000000000007,565,11300000,37,0.012246395461261272,1.7499999999999958e-05,171923.30306652936,6049.624082401435,-0.012564703083354502,63.75140578956166,0.0,53.317503690719604,79.46970701217651,132.78721237182617,-2.727508530142586e-08,-3.6743163036589976e-06
1130.162032943428,0.0,500.0,0.28875,566,11320000,37,0.01239035464823246,1.699999999999996e-05,231787.9478064826,14001.152026784594,-0.011279709829284026,64.44920964262026,0.0,52.180325984954834,73.80523705482483,125.98556399345398,-1.1062621929625038e-08,-5.2001951189595275e-06
1202.8998597693358,0.0,500.0,0.37375,567,11340000,37,0.013771154917776585,1.649999999999996e-05,175937.59495794904,21129.02114746684,-0.013369270710511168,65.40943273029306,0.0,65.04327607154846,78.40013885498047,143.4434163570404,9.918212917625624e-09,-5.859375278305379e-07
804.1417957176757,37.92,500.0,0.28,568,11360000,37,0.013590171933174133,1.5999999999999962e-05,616311.0675110702,20399.175207558532,-0.014363688950856069,66.80000389302685,7584.0,56.33453440666199,76.36987352371216,132.70440888404846,6.103515470812226e-09,-1.025390588438313e-06
-2520.078081891833,720.4799999999999,500.0,0.32999999999999996,569,11380000,37,0.015256690792739391,1.5499999999999963e-05,298435.6397481091,8110.12597750061,-0.012921391323202537,68.03801453108409,0.0,57.080414056777954,77.82823133468628,134.90864658355713,9.53674295089968e-09,-6.225586162145191e-07
1136.9365995924716,0.0,500.0,0.3075,570,11400000,37,0.013811636716127396,1.4999999999999965e-05,236110.75415829604,9266.472391418241,-0.012824438561450723,68.8801550687713,0.0,58.48236680030823,82.445241689682,140.9276101589203,1.4305114426349519e-08,2.441406195430318e-06
1180.2508890376278,0.0,500.0,0.31875,571,11420000,37,0.012853927910327911,1.4499999999999966e-05,220205.98835073342,7990.534127848989,-0.013515872814994206,69.64806683106123,0.0,57.73938488960266,78.0533857345581,135.79277229309082,4.577636936176077e-09,-1.1230468999201548e-06
1422.8573242946568,0.0,500.0,0.33999999999999997,572,11440000,37,0.012965013273060322,1.3999999999999968e-05,220842.02370354393,8035.8655352344185,-0.01317570359308915,71.04960760194479,0.0,56.33862590789795,82.10534954071045,138.44397687911987,1.907348723406699e-09,-8.78906234902388e-07
796.8804316810717,0.0,500.0,0.18624999999999997,573,11460000,37,0.01025764923542738,1.3499999999999969e-05,177865.29992417537,8655.525422299406,-0.012378972151369216,72.35843278591564,0.0,52.90388870239258,65.97394490242004,118.87783455848694,-4.577636936176077e-09,6.005859177093953e-06
928.5897404455729,0.0,500.0,0.28125,574,11480000,37,0.012292045168578625,1.299999999999997e-05,195948.0713447167,9450.071138764548,-0.012725974142512982,73.04808506966873,0.0,57.094626665115356,71.62180471420288,128.71643209457397,1.0871887390351276e-08,3.5644532090373104e-06
739.2705625574775,0.0,500.0,0.21375000000000002,575,11500000,37,0.011025000363588333,1.2499999999999972e-05,148031.424563435,7928.593839183742,-0.012989519244565269,73.72765015612899,0.0,60.44962811470032,69.126229763031,129.57585954666138,-7.915496702537439e-09,6.54296854918357e-06
288.8634736002315,0.0,500.0,0.1425,576,11520000,37,0.012596148066222668,1.1999999999999973e-05,177193.34487750343,8092.39268046337,-0.013205402585956934,74.25208861872524,0.0,55.13297462463379,68.94279718399048,124.07577276229858,-7.629394338515283e-10,1.9531250927684596e-06
537.0518290931017,0.0,500.0,0.1975,577,11540000,37,0.012294120155274868,1.1499999999999975e-05,153458.35691483153,7082.33910213675,-0.01216860052327484,75.61761830946436,0.0,53.089584827423096,72.22743582725525,125.31702184677124,-2.1362303925798187e-08,4.052734311699169e-06
1881.6824326811034,0.0,500.0,0.42750000000000005,578,11560000,37,0.011783212423324585,1.0999999999999976e-05,129733.35840594239,6500.8743873295125,-0.014083667161425981,77.04763842036652,0.0,52.43019914627075,68.73452162742615,121.16472172737122,1.506805347162299e-08,2.294921841894393e-06
1032.4109477528752,0.12249999999999998,500.0,0.26875,579,11580000,37,0.010766318067908287,1.0499999999999977e-05,145815.67450381754,14212.878404244932,-0.012876281525198086,77.27037869515932,1.75,56.886066198349,74.9485068321228,131.83457565307617,-1.0299682884351569e-08,5.859375278305379e-07
1007.0924837622363,0.05249999999999999,500.0,0.265,580,11600000,37,0.010918349027633667,9.999999999999977e-06,153004.65052883292,11695.330997041136,-0.013377836237235485,77.9933890061164,0.0,51.04778838157654,67.09983038902283,118.14761972427368,-1.668930060816365e-08,-4.39453117451194e-07
1137.251954452613,0.0,500.0,0.275,581,11620000,37,0.010863296687602997,9.499999999999979e-06,129843.21785034148,10455.522119792033,-0.012336398147912027,79.3406502806289,0.0,52.774261236190796,67.24722719192505,120.02148962020874,-3.767013723177115e-08,2.8808594834117685e-06
781.4576330557119,0.045,500.0,0.19624999999999998,582,11640000,37,0.010500411503016949,8.99999999999998e-06,85200.13310957536,11875.113179828659,-0.015294862459235581,80.39552302912679,3.0,51.559009313583374,68.62494826316833,120.18395829200745,-2.0980834847250662e-08,1.8554687812866177e-06
1314.9821909101786,0.255,500.0,0.3175,583,11660000,37,0.01016003917902708,8.499999999999981e-06,197482.08330944137,15389.669837887757,-0.011315910650882468,81.15104014465264,0.0,55.70477890968323,71.4776611328125,127.18244194984436,-3.2424927187690855e-09,-2.4414061883248905e-08
961.003672808109,0.0,500.0,0.27625,584,11680000,37,0.010247443802654743,7.999999999999983e-06,199898.98777319465,13159.053658529798,-0.011636660198017044,81.97053066879838,0.0,51.12458252906799,70.39536452293396,121.51994824409485,-2.0980834847250662e-09,-3.2226562325377017e-06
706.6070045533947,0.0,500.0,0.2375,585,11700000,37,0.00959023367613554,7.499999999999984e-06,207259.15253095047,12719.755391837587,-0.011934472436719681,82.83009685097699,0.0,53.89167380332947,73.47153759002686,127.36321306228638,-7.2479249269008506e-09,2.075195425277343e-06
905.0823753941365,0.0,500.0,0.2,586,11720000,37,0.009776212275028229,6.9999999999999855e-06,98165.43654485594,6654.84753739456,-0.01465797371650561,84.0798084122994,0.0,59.94616675376892,73.9221887588501,133.8683578968048,1.688003514743741e-08,-3.662109548940862e-08
1220.4806331311386,0.0,500.0,0.30875,587,11740000,37,0.008997490629553795,6.499999999999987e-06,155051.55548428258,6380.57633494812,-0.012585488381789071,85.0373812867265,0.0,51.99425220489502,65.49779844284058,117.49205136299133,2.0980834847250662e-08,-4.2114257325920335e-07
1020.6663415492033,0.0,500.0,0.35875,588,11760000,37,0.009513212367892265,5.999999999999988e-06,159658.48110911055,8898.490297375973,-0.01244980764806344,86.00764689648484,0.0,51.58733415603638,66.62794208526611,118.21527743339539,4.291534239087014e-09,-7.226562502182787e-06
934.4600468493321,0.0,500.0,0.30374999999999996,589,11780000,37,0.00976366363465786,5.499999999999989e-06,175801.28838166367,11418.818128800085,-0.01247838695609408,86.50549465950552,0.0,50.50892448425293,66.65147638320923,117.16040253639221,-9.536743617033494e-10,2.758789150902885e-06
1175.5748153034217,0.0,500.0,0.28250000000000003,590,11800000,37,0.009596329182386398,4.999999999999989e-06,152110.65950298778,9429.580800543876,-0.01354825506488619,87.02280569970016,0.0,50.49878239631653,66.52024698257446,117.01903104782104,8.392333938900265e-09,-3.2226562325377017e-06
1364.968575169157,0.0,500.0,0.3525,591,11820000,37,0.008692247793078423,4.499999999999991e-06,156555.90098924492,7638.776767022848,-0.01211766803470239,87.64248522439055,0.0,50.51833915710449,63.66048288345337,114.17882370948792,1.0013580187262505e-08,4.0039062696450856e-06
1025.1828916289178,0.0,500.0,0.31375000000000003,592,11840000,37,0.008568338118493557,3.999999999999991e-06,94340.67418422754,7850.075279668662,-0.012612129328993575,88.64085608744969,0.0,49.07117438316345,63.48315930366516,112.55433416366577,3.0899048653054706e-08,-1.5441894447576487e-06
1076.8479376474738,0.0,500.0,0.30625,593,11860000,37,0.007142138667404652,3.4999999999999923e-06,120082.36158750729,5162.03773361903,-0.010675005464616855,89.32069749027612,0.0,49.03507471084595,62.947299003601074,111.98237442970276,5.531310964812519e-09,6.103515488575795e-07
1141.3870142190788,7.9875,500.0,0.2587499999999999,594,11880000,37,0.008005662821233273,2.9999999999999937e-06,173706.8372656115,6344.915408920474,-0.009762702587686042,89.62776350622998,106.5,50.35110330581665,62.49443316459656,112.84553790092468,-7.2479249269008506e-09,-8.056640581344254e-07
1554.0962575373678,2.6625,500.0,0.38875000000000004,595,11900000,37,0.006570002529770136,2.4999999999999947e-06,93919.18389900484,3979.924330952233,-0.010603369959378283,89.84410136915965,0.0,49.339937686920166,61.90725326538086,111.24719166755676,-1.4686584393075464e-08,-5.004882950743195e-06
1330.2727199425908,0.0,500.0,0.31875,596,11920000,37,0.006381799466907978,1.9999999999999957e-06,203259.38256424855,9358.52940049932,-0.008566497427579211,90.1981922673722,0.0,49.161102533340454,61.898987770080566,111.06009149551392,1.9645691295977485e-08,5.236816377873765e-06
-726.8509690799923,357.86,500.0,0.30999999999999994,597,11940000,37,0.005378987640142441,1.4999999999999966e-06,203045.5892318068,7479.641213416641,-0.0072005516416607535,90.47904441233342,8946.5,49.1398766040802,61.89905834197998,111.03893566131592,6.675719976811934e-10,-6.921386557223741e-06
-1213.6510064699671,536.79,500.0,0.36625,598,11960000,37,0.005790128372609615,9.999999999999978e-07,155655.0587803602,4415.206876978254,-0.007680652915182372,90.54632828052607,0.0,49.149338245391846,61.85562252998352,111.00496172904968,0.0,5.303955276758643e-06
1000.5210631793225,0.0,500.0,0.3275,599,11980000,37,0.005152453668415546,4.999999999999989e-07,128862.15326094802,4143.831128144715,-0.006458181909678489,90.67655263640043,0.0,48.80876636505127,61.88136386871338,110.69013094902039,-3.051757735406113e-09,2.752685531959287e-06
1931.4777224783847,0.0,500.0,0.49625,600,12000000,37,0.003449948038905859,0.0,183364.3975835454,4194.630635630373,-0.00443148740641895,90.6725745998653,0.0,49.049742221832275,61.81810665130615,110.86784958839417,-5.149841442175784e-09,-2.807617249800387e-07
