Metrics/EpRet,Metrics/EpCost,Metrics/EpLen,Metrics/EpSuccess,Train/Epoch,Train/TotalSteps,Train/StopIter,Train/KL,Train/LR,Loss/Loss_reward_critic,Loss/Loss_cost_critic,Loss/Loss_actor,Loss/Loss_ewc,Time/Rollout,Time/Update,Time/Total,Value/RewardAdv,Value/CostAdv
1159.0038840143545,0.0,500.0,0.0,1,20000,36,0.006402012426406145,0.00029949999999999996,181.6868444606265,0.0015183615449046168,-0.004442515495878915,0.0,52.85999917984009,57.84027719497681,110.70027899742126,1.010894763453507e-07,2.5391577729294568e-09
1179.140345547943,0.0,500.0,0.0,2,40000,36,0.008769202046096325,0.00029899999999999995,56.61341983919919,0.0004888795535210931,-0.007293634929676548,0.0,50.19973587989807,53.816261768341064,104.01599931716919,-2.8438569188438123e-07,1.3738871151858234e-09
1291.1104647359812,845.1899999999999,500.0,0.0,3,60000,36,0.008691794238984585,0.00029849999999999994,42.29325547931801,49381.257631686276,-0.007633287350160001,0.0,54.74729919433594,71.80103087425232,126.54833149909973,-2.3212432154195994e-07,1.0986327652062755e-06
1440.9057256418953,692.4475,500.0,0.0,4,80000,36,0.00947149470448494,0.0002979999999999999,50.35043772556784,22670.96871440953,-0.010230301146822485,0.0,106.46109986305237,120.69733142852783,227.1584334373474,-1.0280609075152825e-07,-1.098632793627985e-07
1628.9604741336593,130.8,500.0,0.0,5,100000,36,0.00857271533459425,0.0002974999999999999,37.54271851230861,819.5281499692384,-0.008221408056444364,0.0,66.0496928691864,63.22701668739319,129.2767117023468,-3.781318582696258e-07,-7.934570334100499e-08
1703.5609030546107,7776.2625,500.0,0.01625,6,120000,36,0.009382263757288456,0.0002969999999999999,352.2288839932998,382267.91031866375,-0.00402184902542156,0.0,65.56756782531738,66.1640465259552,131.73161625862122,1.3389588104928407e-07,8.886719115253072e-06
1963.9952893489012,6823.702499999999,500.0,0.15875,7,140000,36,0.005939211696386337,0.0002964999999999999,506.6565526851238,448854.2548796925,-0.003728893870693778,0.0,65.57317399978638,60.387025594711304,125.96020150184631,1.4114379887075756e-08,3.789062611758709e-05
2328.9454514617273,9946.216250000001,500.0,0.33875,8,160000,36,0.00726863881573081,0.0002959999999999999,569.1565537657516,446566.0802176262,-0.0048848345825239685,0.0,64.92267537117004,66.2335102558136,131.156188249588,3.859996766664153e-08,1.998291008931119e-05
2402.4682080079074,5285.6587500000005,500.0,0.31875,9,180000,36,0.007401866838335991,0.00029549999999999986,617.9643807524606,216255.62292810887,-0.004724614046892415,0.0,62.72807312011719,56.53198289871216,119.26005697250366,-4.570484080090864e-08,8.325195267389063e-06
2156.9968510270583,2330.9375,500.0,0.25125000000000003,10,200000,36,0.007757240906357765,0.00029499999999999985,442.41296744287376,113785.59651389375,-0.00491500701223833,0.0,72.65274310112,54.0660080909729,126.71875286102295,-1.668930060816365e-08,4.882812390860636e-06
2061.0516046114612,6059.1125,500.0,0.21125,11,220000,36,0.007248645182698965,0.00029449999999999984,363.93502839846434,331798.0503841856,-0.005254934038571818,0.0,63.077654123306274,58.83027768135071,121.90793323516846,3.8814544467413725e-08,-1.191406227007974e-05
2078.0827826653085,7244.44375,500.0,0.21374999999999997,12,240000,36,0.008224035613238811,0.00029399999999999983,425.69964621513077,275836.64925817045,-0.006394015803544184,0.0,61.41333508491516,56.971877574920654,118.38521432876587,1.6403198799253005e-08,1.1718750556610757e-06
2300.8413190105366,5475.09875,500.0,0.30999999999999994,13,260000,36,0.007040084805339575,0.00029349999999999987,528.5465339475123,238030.53865745687,-0.0067065838111675605,0.0,65.74761128425598,56.75523495674133,122.50284719467163,1.1444092340440193e-09,9.863280865829438e-06
2822.146962120272,4668.7425,500.0,0.4699999999999999,14,280000,36,0.00811996590346098,0.00029299999999999986,704.282552868075,215498.30223633832,-0.00661078925431469,0.0,63.382429361343384,55.78995728492737,119.1723895072937,2.4509429152885787e-08,9.765624753299562e-08
2647.0266069537356,5446.157499999999,500.0,0.37625,15,300000,36,0.008697676472365856,0.00029249999999999985,563.6649295663343,224046.15628043632,-0.006677788435937727,0.0,63.87869095802307,62.14187836647034,126.0205705165863,-1.7929076889799944e-08,7.62939453125e-06
2931.80359439355,9368.9225,500.0,0.48,16,320000,36,0.007917335256934166,0.00029199999999999983,629.048172567853,392945.3651278614,-0.007408672337314325,0.0,65.13055968284607,59.49108123779297,124.62164211273193,2.3651123726153855e-08,-1.1523437933647074e-05
3188.0178670381983,6886.28625,500.0,0.53,17,340000,36,0.007717001251876354,0.0002914999999999998,609.8234422938976,171080.3812794386,-0.007398545073318359,0.0,68.11492228507996,67.05745887756348,135.1723837852478,-1.7356873271978657e-08,-7.543945230281679e-06
3904.3784702230814,6676.878750000001,500.0,0.82875,18,360000,36,0.00878163892775774,0.0002909999999999998,372.7248850779454,309002.12795984757,-0.006739663904548122,0.0,70.63107109069824,51.97756767272949,122.60864067077637,2.6988983492515217e-08,-2.2460937998403097e-06
3882.154566515783,11299.94125,500.0,0.8350000000000002,19,380000,36,0.008845757693052292,0.0002904999999999998,634.7171007886947,527681.4218684133,-0.006234236471630192,0.0,61.74591422080994,57.33693861961365,119.08285403251648,-2.002716037452501e-08,1.8505859770812094e-05
3964.5450513467317,6031.068749999999,500.0,0.8375,20,400000,36,0.007484738714993,0.0002899999999999998,446.6007802819038,261169.20405406904,-0.006475738828634314,0.0,62.722726821899414,56.60447692871094,119.32720446586609,-2.0170212167158752e-08,5.761718966823537e-06
4148.631713781679,7964.04875,500.0,0.8725000000000002,21,420000,36,0.009207002818584442,0.0002894999999999998,433.13609566856115,287699.18522083416,-0.008579256531000272,0.0,58.53587007522583,55.297223806381226,113.83309531211853,1.4591217123438582e-08,-7.71484337747097e-06
4136.799445540161,5649.946250000001,500.0,0.84375,22,440000,36,0.007481935899704695,0.0002889999999999998,281.91276405396763,222284.55504099256,-0.0061811696940336745,0.0,65.34339714050293,61.89211463928223,127.23551368713379,1.1515617792667854e-08,9.765624753299562e-08
4076.167400611176,8428.2925,500.0,0.8649999999999999,23,460000,36,0.00878139678388834,0.0002884999999999998,356.0097311904848,205689.3886015448,-0.00718856845106427,0.0,71.92677354812622,56.99892258644104,128.9256980419159,1.8024444159436825e-08,2.021484397118911e-05
4041.305708280078,3289.9199999999996,500.0,0.81375,24,480000,36,0.008290009573101997,0.0002879999999999998,282.9022985853792,118990.97636300095,-0.005902183071775795,0.0,64.52553224563599,56.25405979156494,120.77959418296814,-5.912780931538464e-09,-8.251952749560587e-06
4060.7074484278746,2067.1425000000004,500.0,0.7925000000000001,25,500000,36,0.006604402791708708,0.0002874999999999998,298.1726329368101,86281.28989943402,-0.006386469568791748,0.0,68.0606939792633,62.97718834877014,131.0378851890564,2.1934509764065524e-09,-3.906249901319825e-07
4209.150831147274,2896.3875,500.0,0.8925000000000001,26,520000,36,0.009640607051551342,0.00028699999999999977,197.3817929175461,64981.84840574796,-0.008531239878171447,0.0,65.3932044506073,62.99380874633789,128.38701629638672,2.7656554824062596e-09,3.063964868488256e-06
4516.487946232024,2324.095,500.0,0.9675,27,540000,36,0.010003970935940742,0.00028649999999999975,128.1379521562565,77593.3602925911,-0.00919811989579209,0.0,68.64207482337952,66.48207116127014,135.12414813041687,-3.33786012163273e-08,-2.61230479736696e-06
4242.622488278642,5877.187500000001,500.0,0.91375,28,560000,36,0.008057513274252415,0.00028599999999999974,226.9480817423757,157598.1155003557,-0.007105748080758823,0.0,68.9487795829773,56.274882078170776,125.22366380691528,1.6641616085166788e-08,9.960937859432306e-06
4383.21055123909,5105.803750000001,500.0,0.8962500000000002,29,580000,36,0.008356483653187752,0.00028549999999999973,242.43180603180366,190851.22364985337,-0.007203099288445238,0.0,59.137176275253296,58.785823583602905,117.92300128936768,8.392333938900265e-09,2.0556641175062396e-05
4536.910407480925,4408.1587500000005,500.0,0.9574999999999999,30,600000,36,0.008162224665284157,0.0002849999999999997,158.06934712091405,143706.57872236235,-0.006114386420163538,0.0,73.11902213096619,71.9250967502594,145.04411959648132,1.8024444159436825e-08,-2.861328175640665e-05
4518.688766400017,2263.24375,500.0,0.95,31,620000,36,0.0066488138400018215,0.0002844999999999997,76.8506003807401,2692.2657876331245,-0.006650147227711791,0.0,66.07576107978821,62.18444108963013,128.26020312309265,-5.340575981449547e-09,-2.9296876391526894e-07
4475.842772146671,2646.2812500000005,500.0,0.94375,32,640000,36,0.012254128232598305,0.0002839999999999997,228.47128163257472,96199.00324028809,-0.008091839975572463,0.0,67.53664898872375,65.30866599082947,132.84531664848328,-1.201629640235069e-08,1.6357421372958925e-06
4432.10381570167,1541.5549999999998,500.0,0.9425000000000001,33,660000,36,0.007577839773148298,0.0002834999999999997,243.85674482277196,62350.831035983705,-0.005189494473418223,0.0,74.41128134727478,64.71763038635254,139.12891340255737,9.298324776807476e-09,-1.1718750556610757e-06
4396.965665919657,3208.5699999999997,500.0,0.89875,34,680000,36,0.010252414271235466,0.0002829999999999997,193.77237249698715,91164.04028728459,-0.00573107436868011,0.0,75.00684976577759,70.69857358932495,145.7054262161255,1.287460360543946e-09,1.8554687812866177e-06
4609.875172184204,0.0,500.0,0.9862500000000001,35,700000,36,0.00913807563483715,0.0002824999999999997,88.61763818034645,1542.297540888788,-0.005937578145143162,0.0,70.2313711643219,72.75596475601196,142.98733758926392,1.2969970875076342e-08,5.187988563193358e-07
4498.772614211792,2568.4775,500.0,0.9587499999999999,36,720000,36,0.009583931416273117,0.0002819999999999997,175.18468410544756,106506.2047297214,-0.006948969582411308,0.0,74.5015652179718,65.44152522087097,139.94309329986572,2.956390465769232e-09,-3.7109375625732355e-06
4448.592148843823,1061.8200000000002,500.0,0.90625,37,740000,36,0.009456824511289597,0.0002814999999999997,236.58816307759852,48033.35459967611,-0.007951169424492107,0.0,67.934654712677,67.7925341129303,135.72719025611877,1.1444092340440193e-09,1.367187451251084e-06
4426.140624443677,1288.6275,500.0,0.95375,38,760000,36,0.00992471445351839,0.0002809999999999997,197.0436135946456,1075.9989522298176,-0.00507325980183061,0.0,68.87379288673401,61.85077714920044,130.72457265853882,-7.057189943537878e-09,2.1057128662960167e-07
4557.081684453471,0.0,500.0,0.9574999999999999,39,780000,36,0.009029568172991276,0.00028049999999999966,65.17292020893876,770.2849219027335,-0.006229103593901924,0.0,66.34089970588684,75.67299938201904,142.01390075683594,-5.340575981449547e-09,-5.676269552168378e-07
4667.443467001412,0.0,500.0,0.99875,40,800000,36,0.009913114830851555,0.00027999999999999965,66.96475355448264,902.9502405796992,-0.007032239848602712,0.0,72.4215841293335,60.65933966636658,133.08092522621155,1.6212463593845428e-09,1.0375976700061074e-07
4669.803729414316,0.0,500.0,1.0,41,820000,36,0.009908272884786129,0.00027949999999999964,37.040453860046256,781.820822001096,-0.006411676887819695,0.0,75.2097589969635,66.95394778251648,142.16370820999146,-3.347397026232102e-08,2.4414063659605745e-07
4698.245982376926,0.0,500.0,1.0,42,840000,36,0.009973287582397461,0.0002789999999999996,38.747075406888044,699.90608985584,-0.008106939195884894,0.0,67.22191786766052,75.51894426345825,142.74086356163025,1.3351440841802287e-08,0.0
4439.6358585467,1191.925,500.0,0.93,43,860000,36,0.008356013335287571,0.0002784999999999996,104.35142302961691,33249.62612864393,-0.006188727400013876,0.0,70.91523480415344,67.1322455406189,138.0474820137024,4.959106458812812e-09,-1.8188476360592176e-06
4574.3735475113845,0.0,500.0,0.97,44,880000,36,0.010525964200496674,0.0002779999999999996,37.98482341024949,1041.8313126108685,-0.005831198652824666,0.0,64.25996589660645,76.3777117729187,140.63767957687378,-3.5762786065873797e-09,1.5869140668200998e-07
4700.56905234996,0.0,500.0,1.0,45,900000,36,0.01108472142368555,0.0002774999999999996,34.55914543603471,626.1353339214548,-0.00714121887120734,0.0,70.52616548538208,76.31998801231384,146.8461570739746,-2.1314621179158166e-08,-1.4648438195763447e-07
4618.317953268667,0.0,500.0,0.975,46,920000,36,0.007274760399013758,0.0002769999999999996,38.68041485423182,750.138167443917,-0.0018698342624304729,0.0,81.56777334213257,67.66875648498535,149.2365324497223,4.386901952813105e-09,4.547119090148044e-07
4719.166989796979,0.0,500.0,1.0,47,940000,36,0.009976249188184738,0.00027649999999999957,32.50618613676099,1001.4483931151781,-0.0070830867553865725,0.0,66.18157434463501,66.85172486305237,133.033301115036,8.916854810081531e-09,6.713867151120212e-08
4685.523477122113,326.49750000000006,500.0,0.9887499999999999,48,960000,36,0.007367357611656189,0.00027599999999999955,83.41339945344583,28956.548577541234,-0.00585143858652673,0.0,66.30940198898315,66.2468490600586,132.55625247955322,7.629394338515283e-10,-9.765624753299562e-08
4548.502482908676,761.8275000000001,500.0,0.93625,49,980000,36,0.011898690834641457,0.00027549999999999954,37.04134211118737,946.0852621645212,-0.008303470031511126,0.0,66.88845825195312,66.86023497581482,133.74869465827942,3.433227480087453e-09,1.708984314063855e-07
4505.040480583507,0.0,500.0,0.93125,50,1000000,36,0.00749492971226573,0.00027499999999999953,137.92973343429728,1239.170145592031,-0.00484474534816831,0.0,64.60296487808228,60.737677812576294,125.34064364433289,-5.7220459481754915e-09,6.103515470812226e-09
4245.568831095335,0.0,500.0,0.8412500000000002,51,1020000,36,0.007475731428712606,0.0002744999999999995,132.25982135180934,1685.9894616665636,-0.00590645751449219,0.22918108570759416,65.17954349517822,68.62425827980042,133.80380296707153,8.821487429422348e-10,-3.6621094068323146e-07
4402.442589180311,1952.8074999999997,500.0,0.915,52,1040000,36,0.010270285420119762,0.0002739999999999995,202.11966900221202,39319.716405249,-0.005870004907490674,0.7063451194471191,68.3147611618042,74.62277054786682,142.9375340938568,7.915496702537439e-09,-7.312011803151108e-06
4416.183656981139,1989.1924999999997,500.0,0.90625,53,1060000,36,0.009317492134869099,0.0002734999999999995,172.02741232889952,42186.1076064186,-0.006812297123930469,1.3256646415676934,66.66027545928955,78.56051015853882,145.220787525177,1.2111663671987571e-08,2.282714831380872e-06
4522.567206318851,0.0,500.0,0.90625,54,1080000,36,0.010417193174362183,0.0002729999999999995,86.16803057091347,1175.1346110383543,-0.0066714730048821605,2.100858289921669,64.02781295776367,79.33028936386108,143.35810470581055,3.7193297330873065e-09,-2.807617249800387e-07
4492.337440466386,8.03125,500.0,0.9375,55,1100000,36,0.009076723828911781,0.00027249999999999947,108.24381380263989,3816.484357298288,-0.006098920118145018,2.6592886750690474,63.584938764572144,75.7592306137085,139.3441710472107,-1.1920929521291868e-10,-5.859375278305379e-07
4443.092151386392,2616.29375,500.0,0.9262499999999999,56,1120000,36,0.007775675039738417,0.0002719999999999995,109.10258586295835,43433.74417262133,-0.005260138595552786,3.084766811773546,66.63640213012695,67.46145272254944,134.09785628318787,4.577636936176077e-09,3.344726565046585e-06
4652.349983170929,524.0,500.0,0.9525,57,1140000,36,0.008510313928127289,0.0002714999999999995,45.41627207300026,2783.8352546705437,-0.0072660239926215535,3.542998835767124,68.78993535041809,76.16449999809265,144.95443725585938,9.536743617033494e-10,-2.4414061883248905e-08
4544.075285590775,0.0,500.0,0.9475000000000001,58,1160000,36,0.008946971036493778,0.0002709999999999995,60.68094646858754,1771.5058982992664,-0.005541690585907994,4.133642648228695,67.77578735351562,70.88679265975952,138.66258239746094,1.1396408261532542e-08,-7.568359592369234e-07
4408.107671109193,1064.05,500.0,0.9225,59,1180000,36,0.01138671487569809,0.0002704999999999995,197.82790514032257,26051.6501044726,-0.0056651884338118925,4.5940471294292715,61.17818093299866,71.49708008766174,132.67526268959045,2.38418573772492e-09,4.6386719532165444e-07
4454.923586841693,1730.0700000000002,500.0,0.9237500000000001,60,1200000,36,0.010791200213134289,0.00026999999999999946,397.5501185804129,50352.47773037695,-0.0054561147788500025,5.148134535282353,66.66030263900757,71.32935357093811,137.98965978622437,9.536742923144104e-11,-1.1474609209471964e-06
4694.869081806105,457.58000000000004,500.0,0.9649999999999999,61,1220000,36,0.011081963777542114,0.00026949999999999945,44.05307403506224,2849.2286067498167,-0.005173641268827946,5.816472360712863,69.94930338859558,69.27236461639404,139.22167015075684,3.5762786065873797e-09,-3.41796862812771e-07
4728.253097484514,0.0,500.0,1.0,62,1240000,36,0.0119978291913867,0.00026899999999999944,35.0697655786129,1051.7100111447119,-0.004703765985920276,6.649919237784134,69.74406313896179,74.55046844482422,144.29453253746033,-6.580352707175052e-09,-2.0446776716198656e-07
4739.325347358636,0.0,500.0,1.0,63,1260000,36,0.010093040764331818,0.0002684999999999994,32.37617469197856,1136.8893368917024,-0.007172504049460683,7.537254744402094,69.12311005592346,74.28335094451904,143.40646266937256,2.0980834847250662e-09,1.831054774470431e-08
4565.525554916363,1458.4575,500.0,0.9712500000000002,64,1280000,36,0.014038542285561562,0.0002679999999999994,878.186270431631,58510.51541175612,-0.0039752874946827384,8.245677947109373,64.5129611492157,68.40945482254028,132.9224169254303,-4.00543198608716e-09,2.514648485885118e-06
4701.3624666105425,1908.3424999999995,500.0,0.9537500000000001,65,1300000,36,0.00945956539362669,0.0002674999999999994,120.50330354001956,22614.450408036377,-0.0039463078530703995,8.757346229515983,63.220301389694214,73.88490605354309,137.1052086353302,9.536742923144104e-11,8.911133022593276e-07
4579.454603063718,589.3799999999999,500.0,0.94375,66,1320000,36,0.011779041029512882,0.0002669999999999994,240.3990839056652,9809.186348782054,-0.007380357586026071,9.398906388602699,72.65954923629761,69.08701395988464,141.74656462669373,9.536743617033494e-10,1.1962890766881173e-06
4314.7516666790525,482.21999999999997,500.0,0.8462500000000001,67,1340000,36,0.009073873050510883,0.0002664999999999994,85.15197936008279,2093.0340918289417,-0.007393666957194276,9.779339835201124,65.24308443069458,66.043133020401,131.28621816635132,-8.77380390562621e-09,-4.882812376649781e-08
4468.578491184655,1018.575,500.0,0.9399999999999998,68,1360000,36,0.008233237080276012,0.00026599999999999936,98.72392979216652,20102.994946377898,-0.006548807062252458,10.339573270342727,71.48130011558533,68.52285766601562,140.00416016578674,-2.1934509319976314e-08,1.794433615032176e-06
4346.252424814878,1325.10625,500.0,0.88125,69,1380000,36,0.009260179474949837,0.00026549999999999935,148.04640409072155,38900.472653384575,-0.007976474637895649,10.899231500984465,61.41757321357727,66.7028956413269,128.12047004699707,8.487701208537146e-09,-3.12499992105586e-06
4535.743261076784,785.34375,500.0,0.915,70,1400000,36,0.01082743052393198,0.00026499999999999934,55.049518318941374,3590.373363431227,-0.006877035849619747,11.492913938558901,62.01414680480957,65.7691068649292,127.78325605392456,4.0531160649948106e-09,2.4414061883248905e-08
4629.204017975057,0.0,500.0,0.9075,71,1420000,36,0.009195257909595966,0.00026449999999999933,45.70591898831147,2872.9685716557933,-0.008082945885298391,11.93272334250483,69.34360480308533,72.64694237709045,141.9905490875244,2.7656554824062596e-09,2.4414061883248905e-08
4515.1304760265975,1074.7,500.0,0.89,72,1440000,36,0.010600495152175426,0.0002639999999999993,274.7643260207632,29425.330007041903,-0.004757757502189204,12.596129139814556,65.36299538612366,76.28880596160889,141.65180349349976,3.767013367905747e-09,5.859375278305379e-07
4689.629859220922,27.65,500.0,0.9537500000000001,73,1460000,36,0.013451609760522842,0.0002634999999999993,39.87422679966123,1683.952352716773,-0.007259657529342375,13.493393196211583,58.782469034194946,71.16835737228394,129.95082831382751,8.106231796922714e-10,4.7607420583517523e-07
4509.7143897642445,39.85,500.0,0.9125,74,1480000,36,0.009046753868460655,0.0002629999999999993,115.76105907177477,7067.688177372151,-0.0056583283875811345,13.817139769768435,59.41863131523132,72.91553568840027,132.3341691493988,5.435943695175638e-09,0.0
4646.317151799913,0.0,500.0,0.9850000000000001,75,1500000,36,0.008450393564999104,0.0002624999999999993,45.79668381859912,1656.92877860809,-0.006252878873622974,14.1447162683187,65.65529608726501,69.86037302017212,135.51567101478577,-1.6212463593845428e-09,1.4404297417058842e-06
4623.982007866844,1137.25,500.0,0.97,76,1520000,36,0.009118398651480675,0.00026199999999999927,132.85376135779055,22048.537041503994,-0.007599408196159406,14.603857191903057,69.86809754371643,69.96585750579834,139.83395719528198,-1.1920929132713809e-08,3.442382876528427e-06
4649.283303271771,1103.9650000000001,500.0,0.9649999999999999,77,1540000,36,0.014506528154015541,0.00026149999999999925,138.7770508927659,35458.3500854308,-0.006535328854468881,15.474879264662272,63.54544019699097,73.8305070400238,137.37594866752625,3.862381081631838e-09,5.041503754910082e-06
4686.441881525516,1109.085,500.0,0.9649999999999999,78,1560000,36,0.0138187725096941,0.00026099999999999924,42.67937151658692,5212.279310573785,-0.008075463576577482,16.29218274445918,64.55094647407532,76.34269762039185,140.89364647865295,8.821487429422348e-10,-3.41796862812771e-07
4741.402499846724,0.0,500.0,1.0,79,1580000,36,0.010310372337698936,0.00026049999999999923,37.27006305343173,2318.7080431780073,-0.007031042550884374,16.894899995605446,75.71707105636597,67.37267541885376,143.0897490978241,1.840591501434119e-08,-5.37109372089617e-07
4748.634714909416,0.0,500.0,1.0,80,1600000,36,0.010936440899968147,0.0002599999999999992,36.28731919689131,2535.107022849812,-0.0054930983636040445,17.642852147250977,68.20571756362915,64.84320640563965,133.04892539978027,2.565383994124204e-08,-1.6662597772665322e-06
4520.118731327565,1336.825,500.0,0.95,81,1620000,36,0.00745260389521718,0.0002594999999999992,107.70201165717589,31294.222321704976,-0.00500934810338315,18.06524375029223,68.05486607551575,74.95896053314209,143.0138282775879,1.7261506002341775e-08,7.885741979407612e-06
4731.6814241821785,0.0,500.0,1.0,82,1640000,36,0.013862686231732368,0.0002589999999999992,39.48106977370008,6602.962400009161,-0.005610313041516364,18.946606530760636,62.87911915779114,72.52806663513184,135.40718698501587,-2.6702879907247734e-09,3.1738281336401997e-07
4670.522119308203,2040.675,500.0,0.9512500000000002,83,1660000,36,0.01071147434413433,0.0002584999999999992,58.284752850334485,124672.36633538031,-0.004147039127149637,19.217554324985947,63.005622148513794,71.76670694351196,134.77233052253723,-3.528594971768939e-09,8.544922138753464e-07
4740.2598291397035,0.0,500.0,0.9974999999999999,84,1680000,36,0.009068269282579422,0.00025799999999999917,37.942228832183936,2289.8433004263493,-0.00419457344048644,19.142579450224748,60.943641662597656,73.50556445121765,134.44920873641968,-1.1444092340440193e-09,-1.8188476360592176e-06
4662.07093875936,0.0,500.0,0.9550000000000001,85,1700000,36,0.01142480131238699,0.00025749999999999916,36.90126756340381,2896.9486339164196,-0.005873931412581195,19.357292761479364,70.64570093154907,68.55942630767822,139.2051293849945,-2.145767119543507e-09,7.080078034960025e-07
4668.661147237047,369.465,500.0,0.9825000000000002,86,1720000,36,0.011161847040057182,0.00025699999999999915,213.79086152602477,17695.889921882368,-0.0027870530812266485,19.472261104678534,66.95730829238892,76.99035239219666,143.9476616382599,-1.3351439953623867e-09,-4.39453117451194e-07
4631.121687065763,862.0849999999998,500.0,0.9687500000000002,87,1740000,36,0.011050631292164326,0.00025649999999999913,41.427508209121534,3411.7149923078805,-0.006182872651785911,19.67570334493077,71.04158735275269,76.11832857131958,147.15991759300232,1.6212464259979242e-08,-1.9165038338542217e-06
4636.853734378236,909.4637500000001,500.0,0.95,88,1760000,36,0.008163364604115486,0.0002559999999999991,148.08849478986699,17954.789095985918,-0.004638145397059199,19.689682210977086,61.25577735900879,75.23143196105957,136.48721194267273,2.6226043559063328e-09,1.757812469804776e-06
4684.612580191434,489.71124999999995,500.0,0.9949999999999999,89,1780000,36,0.012192418798804283,0.0002554999999999991,38.46421467381925,3114.5235369990046,-0.004176092889073919,19.786757954477967,67.27740478515625,66.62478375434875,133.90219020843506,-7.1525572131747595e-09,-7.81249980263965e-07
4713.39224448145,0.0,500.0,1.0,90,1800000,36,0.013784007169306278,0.00025499999999999915,44.60256217107478,3177.756211757152,-0.006435950757926716,20.35920216438827,71.49994683265686,77.54012942314148,149.0400779247284,-5.2452087118126656e-09,0.0
4732.500196210773,0.0,500.0,0.9725000000000001,91,1820000,36,0.009449868462979794,0.00025449999999999914,33.979471112550215,2939.7440174876015,-0.005266676717279112,20.86415838001889,65.02562499046326,75.57147479057312,140.59710144996643,9.53674295089968e-09,4.1503906800244295e-07
4465.417466719848,0.0,500.0,0.8912499999999998,92,1840000,36,0.007108600810170174,0.0002539999999999991,67.58522081138142,2794.5607101770847,-0.0032323037982013446,21.604328894555927,62.14842486381531,79.51910853385925,141.66753554344177,2.8610229740877458e-09,1.3427734302240424e-07
4645.769135568529,0.0,500.0,0.9724999999999999,93,1860000,36,0.01041252538561821,0.0002534999999999991,44.35630865100431,2577.506100173533,-0.004196937874157576,22.30846076812311,70.81849217414856,79.40074372291565,150.21923804283142,8.916854810081531e-09,-1.074218744179234e-06
4527.599958595061,0.0,500.0,0.93625,94,1880000,36,0.008877514861524105,0.0002529999999999991,95.32701201873931,2815.267309739313,-0.00565308917530445,22.61626849920986,67.15914869308472,81.47292137145996,148.6320722103119,-1.1444092340440193e-09,8.666992243888672e-07
4637.5119505305465,0.0,500.0,0.9524999999999999,95,1900000,36,0.014745845459401608,0.0002524999999999991,37.03557530048683,2611.281395594956,-0.00500409863258996,23.566047767988536,66.60676288604736,66.64658975601196,133.25335550308228,-5.102157807357344e-09,-2.197265530412551e-06
4714.767275852527,0.0,500.0,0.9725000000000001,96,1920000,36,0.008657448925077915,0.0002519999999999991,34.927765257357706,1551.6036949550423,-0.006798312493808565,24.48222087705055,71.71051573753357,73.34873723983765,145.05925464630127,-2.093315210061064e-08,-3.7231444593999186e-07
4719.377439962162,0.0,500.0,0.9775,97,1940000,36,0.01340896263718605,0.00025149999999999907,32.35264015299317,1779.3308127839641,-0.00881476756405974,25.30353212678183,69.20722985267639,75.465980052948,144.67321228981018,1.2493133638713516e-08,-3.41796862812771e-07
4753.8557812411,0.0,500.0,1.0,98,1960000,36,0.014670668169856071,0.00025099999999999905,37.03316073168835,2745.5941351205693,-0.006279239093906811,26.021360581336733,64.01626515388489,71.21955704689026,135.2358238697052,2.9087066089061864e-09,8.666992243888672e-07
4720.336058222577,0.0,500.0,1.0,99,1980000,36,0.009885935112833977,0.00025049999999999904,35.77232581637284,2366.5958570345606,-0.003626283695676652,26.472448866122743,59.20070791244507,72.61711311340332,131.8178219795227,-3.6239624634504253e-09,-1.2207030941624453e-08
4693.416013583678,0.0,500.0,0.9574999999999999,100,2000000,36,0.012513703666627407,0.00024999999999999903,41.060500504659935,3849.0562096684803,-0.0039179403348121675,26.97846132362401,61.3542275428772,74.70081782341003,136.0550479888916,4.529952857268427e-09,4.516601563864242e-07
1474.482354779028,52.557500000000005,500.0,0.38999999999999996,101,2020000,36,0.013648321852087975,0.000249499999999999,1145.619029725237,33600.34148012919,-0.004360135840600833,27.46706566456831,71.29800224304199,73.35424733161926,144.65225195884705,3.433227480087453e-09,-3.41796862812771e-07
528.973147405077,998.5925000000001,500.0,0.24124999999999996,102,2040000,36,0.010538371279835701,0.000248999999999999,1041.9014414975861,10092.927599087987,-0.00320510482148591,28.807985417335896,78.47932410240173,73.85125851631165,152.33058547973633,2.368927027873724e-07,7.568359592369234e-07
540.0974739653232,0.0,500.0,0.225,103,2060000,36,0.01032764557749033,0.000248499999999999,1148.9258220768754,12403.479880985995,-0.0033805873534696047,30.26785447726996,61.60350751876831,79.53862714767456,141.14213728904724,-1.0299682884351569e-08,2.3193358629214345e-06
533.0880112340321,0.0,500.0,0.24625,104,2080000,36,0.011186453513801098,0.000247999999999999,984.6198866928474,7605.854142876606,-0.003993506020192555,31.425347880518178,66.61777949333191,74.20446228981018,140.82224416732788,7.629394893626795e-09,-3.906249901319825e-07
551.2440471677686,0.0,500.0,0.335,105,2100000,36,0.012497114948928356,0.00024749999999999897,1187.2595005651547,7962.0829203493595,-0.004402444805343426,32.7824251483339,73.89660501480103,80.13902282714844,154.03562927246094,-3.5476684701052363e-08,-1.647949261496251e-06
514.2647840968284,0.0,500.0,0.3475,106,2120000,36,0.014140699990093708,0.00024699999999999896,1082.5970125079875,6207.1105349496365,-0.0045554040616095845,33.54685307226158,67.32071900367737,78.89408373832703,146.21480417251587,8.077621771462873e-08,-3.662109548940862e-08
534.9726926492569,0.0,500.0,0.32625000000000004,107,2140000,36,0.009184946306049824,0.00024649999999999894,679.5625185528079,4109.104638047874,-0.0041534025573540636,34.89984021273157,68.28658175468445,77.46624374389648,145.7528269290924,1.6212463593845428e-09,2.1118164568179054e-06
567.6665326622131,0.0,500.0,0.35875,108,2160000,36,0.01265746634453535,0.00024599999999999893,1092.7392855472585,9191.02448018392,-0.0050345423957349495,36.17092307662558,84.3225405216217,77.47304248809814,161.79558539390564,-1.2588500908350397e-08,2.807617249800387e-07
433.0735323509396,0.0,500.0,0.17375000000000002,109,2180000,36,0.011034456081688404,0.0002454999999999989,819.4745519656343,4112.538375199074,-0.004786477134881073,37.24652282354634,66.56029081344604,78.9035165309906,145.4638090133667,-3.910064805268121e-08,-2.075195425277343e-06
470.3994281527565,0.0,500.0,0.22625,110,2200000,36,0.010521962307393551,0.0002449999999999989,896.0828039299989,3687.0929735892623,-0.005388268283897278,38.607353558809486,70.33408069610596,85.04260587692261,155.37668800354004,4.501342942830888e-08,-1.257324242942559e-06
572.7662810259787,0.0,500.0,0.32,111,2220000,36,0.009096342138946056,0.0002444999999999989,567.9919038284405,3254.77743875316,-0.005350049562705301,39.87057893547895,70.71067476272583,84.80441236495972,155.51508927345276,-1.0490417423625331e-07,-3.515624939609552e-06
599.4421550874356,0.0,500.0,0.28375000000000006,112,2240000,36,0.00936264917254448,0.0002439999999999989,561.4492879061146,3152.2033233209245,-0.005775599162253648,41.735182424957635,65.36187052726746,83.4538414478302,148.81571316719055,2.07901003079769e-08,2.90527350443881e-06
537.0129959650332,0.0,500.0,0.24874999999999997,113,2260000,36,0.009836111217737198,0.00024349999999999893,1083.4787456267347,3192.364192075665,-0.004224932397373403,43.50779242341215,73.33186554908752,80.78232049942017,154.11418867111206,1.4495849853801701e-08,2.5024414753715973e-06
566.0749248074878,0.0,500.0,0.22374999999999998,114,2280000,36,0.008969363756477833,0.00024299999999999894,477.99278200912613,1413.0327630413733,-0.0050344031702214305,44.629533754158494,71.72157382965088,82.14167857170105,153.86325430870056,2.1076202116887544e-08,2.6000975594797637e-06
650.699559955581,0.0,500.0,0.4175000000000001,115,2300000,36,0.009852813556790352,0.00024249999999999893,519.3624604495654,1428.1712767059685,-0.005712809478164838,45.7910877457315,73.69827055931091,72.74978446960449,146.4480562210083,4.501342942830888e-08,-9.582519169271109e-07
935.084953243283,0.0,500.0,0.45249999999999996,116,2320000,36,0.009596364572644234,0.00024199999999999894,436.23829174549564,1310.3427888046226,-0.005132184594541981,47.38500462282538,70.0535786151886,79.57173991203308,149.6253206729889,-4.100799699813251e-08,3.216552840967779e-06
747.956888774695,0.0,500.0,0.38875000000000004,117,2340000,36,0.010252363979816437,0.00024149999999999893,482.78782615417873,1129.3503902815823,-0.006438458216261551,49.21767863983544,79.21420669555664,80.59600973129272,159.81021881103516,2.069473303834002e-08,-3.671264721560874e-06
1117.000769052764,0.0,500.0,0.46125,118,2360000,36,0.010465217754244804,0.00024099999999999892,361.43487287879543,1112.7385627169706,-0.006129941688076899,51.09561387266214,74.95210003852844,71.03576612472534,145.98786854743958,-3.361702027859792e-08,-6.433105681935558e-06
1017.8368666924459,0.0,500.0,0.48250000000000004,119,2380000,36,0.01037632580846548,0.00024049999999999893,359.05610489295145,1687.929873162142,-0.005945022684293193,52.23026385491818,77.49928283691406,74.9395170211792,152.43880200386047,2.889633243796652e-08,-4.8706056077207904e-06
997.9384002362825,0.0,500.0,0.49625,120,2400000,36,0.00882008858025074,0.00023999999999999895,451.22944203377784,2067.9121195421094,-0.006115229115396177,53.03557738099997,73.18059515953064,79.11864709854126,152.2992434501648,1.7452240541615538e-08,1.5014647942734882e-06
1080.0955208109806,0.0,500.0,0.50125,121,2420000,36,0.010299891233444214,0.00023949999999999896,706.8837000143033,1920.79143359232,-0.006647250357661383,54.27227095047717,72.65152716636658,84.03882455825806,156.69035410881042,-2.4223327343975143e-08,-3.7719726151408395e-06
794.8730761125179,0.0,500.0,0.40875000000000006,122,2440000,36,0.009933619759976864,0.00023899999999999898,556.6922114571655,2031.5813014606317,-0.006195089721999815,56.44892497430002,66.76731586456299,81.33209800720215,148.0994167327881,-2.574920721087892e-09,6.225586162145191e-07
900.7968627486716,0.0,500.0,0.44125,123,2460000,36,0.009713461622595787,0.000238499999999999,494.96681893646274,1777.0985610306495,-0.0064604710081686756,58.432135079573094,76.98167610168457,77.10961723327637,154.09129405021667,-1.5735626135437997e-08,1.647949261496251e-07
1089.1962166653786,0.0,500.0,0.43500000000000005,124,2480000,36,0.011452093720436096,0.00023799999999999898,504.0022040987675,1638.7499098122692,-0.005565320746254085,59.43114130827904,70.29982590675354,74.80458211898804,145.10441040992737,-4.482269222449986e-09,-9.94873062154511e-07
1062.491674249375,0.0,500.0,0.52875,125,2500000,36,0.010217058472335339,0.000237499999999999,455.04270230890126,1812.8383757916588,-0.006885170527787751,60.364652516192734,62.88706588745117,85.78315496444702,148.67022275924683,-1.8119811429073707e-08,1.4984130984885269e-06
1083.3316716426978,0.0,500.0,0.6625,126,2520000,36,0.010956901125609875,0.000236999999999999,357.4837782727432,1405.7016878517375,-0.0066815301893959345,61.94523818686705,70.70459771156311,79.41563701629639,150.12023758888245,-1.2922287240257901e-08,-1.110839889406634e-06
990.6805684103753,0.0,500.0,0.5375,127,2540000,36,0.010433479212224483,0.00023649999999999903,355.66456896166113,1877.6238465178803,-0.005733715186396764,63.072396955804955,75.30482220649719,78.09557843208313,153.40040278434753,-1.5640258865801115e-08,5.737304604735982e-07
1367.1124456152538,0.0,500.0,0.6287499999999999,128,2560000,36,0.01119597814977169,0.00023599999999999901,519.2511863681412,1732.628352605666,-0.007392929496711737,64.56973035512429,75.73937916755676,86.2284631729126,161.9678440093994,-5.054473728449693e-09,6.713867151120212e-07
1308.4626604600471,0.0,500.0,0.6425,129,2580000,36,0.010781807824969292,0.00023549999999999903,533.040095527332,1654.5550884210263,-0.007247596979533832,66.70541085272679,68.64890837669373,80.03216862678528,148.6810781955719,2.38418573772492e-09,2.4414061883248905e-08
1241.0125022975167,0.0,500.0,0.6025,130,2600000,36,0.009022803045809269,0.00023499999999999904,532.945868213506,2955.5311137542344,-0.007921060845440992,68.78347199074038,66.66664385795593,87.01687550544739,153.68352150917053,-3.6239624634504253e-09,-9.643554221838713e-07
1105.0866875745087,0.0,500.0,0.5425000000000001,131,2620000,36,0.01025006640702486,0.00023449999999999906,470.74508299334997,2234.7780226875716,-0.007177697828581393,70.85380520074132,66.28342294692993,94.03968405723572,160.32310891151428,-2.0980834847250662e-09,-4.1503906800244295e-07
1616.1373718364791,0.0,500.0,0.6199999999999999,132,2640000,36,0.010559306479990482,0.00023399999999999905,369.795685322944,3036.0509878584458,-0.008139963586150841,72.75177082187706,64.13029837608337,73.9597008228302,138.0900022983551,-9.53674295089968e-09,-9.765625463842298e-07
1265.1809595485659,0.0,500.0,0.64,133,2660000,36,0.010234209708869457,0.00023349999999999906,479.2928175298212,3639.7473587994887,-0.006928172877188481,73.7367588147484,68.65484881401062,86.88801741600037,155.5428683757782,7.629394338515283e-10,-4.39453117451194e-07
1355.7286582533015,0.0,500.0,0.5700000000000001,134,2680000,36,0.008611749857664108,0.00023299999999999905,306.4771137528695,2541.307440782465,-0.005652727827993127,75.05206279531201,68.60804557800293,92.19440770149231,160.80245566368103,-4.291534239087014e-09,-5.493163826031378e-07
1538.1581598676335,0.0,500.0,0.74,135,2700000,36,0.011047188192605972,0.00023249999999999904,682.2452378630172,4488.592855093959,-0.006554772013183095,76.93663388835567,65.41201043128967,75.17921924591064,140.59123063087463,-3.814697446813398e-09,-5.37109372089617e-07
1497.0408258835907,0.0,500.0,0.7474999999999999,136,2720000,36,0.012139608152210712,0.00023199999999999903,819.4085532727714,4229.858247469197,-0.0074658661494844845,78.96155378282768,65.64312100410461,85.13578176498413,150.77890515327454,9.727478378351861e-09,-2.4414061883248905e-08
1534.4201560011188,0.0,500.0,0.72,137,2740000,36,0.01286993082612753,0.000231499999999999,493.7147757056591,3255.6187744790627,-0.007395023308286227,82.12734521006624,65.10569906234741,81.14757704734802,146.2532787322998,2.861023085110048e-10,3.1738281336401997e-07
1385.6913046919356,0.0,500.0,0.7225,138,2760000,36,0.010107181034982204,0.000230999999999999,446.8878160773925,2718.571556532768,-0.0080656715245911,83.01861891104983,65.31954550743103,78.00661945343018,143.32616662979126,-1.5020370502938363e-09,-1.220703097715159e-06
1554.642163335444,0.0,500.0,0.68125,139,2780000,36,0.012074274010956287,0.00023049999999999902,487.17487812820883,2029.3736810274568,-0.0070421027386925366,84.66766213744424,71.9006199836731,75.98824191093445,147.88886427879333,9.536743617033494e-10,6.591797045985004e-07
1425.4722510870033,0.0,500.0,0.7474999999999999,140,2800000,36,0.009241445921361446,0.00022999999999999903,429.4053918996262,1690.8427134098463,-0.0053703919891210155,86.86207592957064,68.65332126617432,87.12328767776489,155.776611328125,-1.1014938294806598e-08,-2.0751953400122147e-07
1346.630799776663,0.0,500.0,0.7074999999999999,141,2820000,36,0.01100468635559082,0.00022949999999999905,483.5500964475177,1260.5450457111504,-0.0074686920666846655,89.64512361208936,63.25479531288147,72.3272271156311,135.58202409744263,-1.831054774470431e-08,1.6540527667530114e-06
2038.8845606737239,0.0,500.0,0.79,142,2840000,36,0.009584159590303898,0.00022899999999999903,597.6431787576835,1470.2661251816971,-0.006525333493221968,92.13434993404,66.90227746963501,78.30708432197571,145.2093632221222,-2.3841859042583735e-10,4.516601563864242e-07
1582.8011899104595,0.0,500.0,0.68,143,2860000,36,0.012199505232274532,0.00022849999999999905,573.6813710679558,1539.9360100120189,-0.007312857858006163,93.73991138849607,66.6291389465332,76.83911347389221,143.46825432777405,-2.083778305461692e-08,-1.715087933007453e-06
1676.5208303824325,0.0,500.0,0.85125,144,2880000,36,0.01134530920535326,0.00022799999999999906,625.5355614461415,1302.0256022384583,-0.008467963580351656,95.9150245674629,75.11413788795471,73.07032465934753,148.18446445465088,6.580352707175052e-09,-1.110839889406634e-06
1638.001287764208,0.0,500.0,0.8462500000000001,145,2900000,36,0.011979563161730766,0.00022749999999999908,631.3138055946965,1123.6783945058567,-0.00779639553556354,98.30543836296387,82.64106750488281,83.36842703819275,166.00949668884277,-5.912780931538464e-09,2.410888555459678e-07
1887.395955530199,0.0,500.0,0.8612500000000001,146,2920000,36,0.011135853826999664,0.0002269999999999991,676.0091493313389,1989.9626788327912,-0.007240780641656748,99.05812289827378,68.70123720169067,85.07171273231506,153.77295184135437,1.3208389049168545e-08,5.249023615760962e-07
1937.8293965013759,0.0,500.0,0.845,147,2940000,36,0.012482251040637493,0.00022649999999999908,597.7622851966585,1640.8391837491438,-0.007997987025154057,100.66080812718964,81.13112664222717,77.0980134010315,158.22914218902588,4.911422823994371e-09,6.347656267280399e-07
2167.9915461421406,0.0,500.0,0.8887499999999999,148,2960000,36,0.01184673048555851,0.00022599999999999907,684.2190565577118,2097.0771190140913,-0.007808571738885391,102.32913902561674,72.45572137832642,78.87281584739685,151.32853889465332,1.0108947456899386e-08,7.873535423641442e-07
2220.3347442173845,0.0,500.0,0.8712500000000001,149,2980000,36,0.011402050964534283,0.00022549999999999908,859.9226801137278,1229.1402696711737,-0.007667231761829258,103.40473645419824,62.80877065658569,79.1407310962677,141.94950318336487,-5.912780931538464e-09,6.622314572268806e-07
1924.6249631953294,0.0,500.0,0.93875,150,3000000,36,0.01064236182719469,0.0002249999999999991,693.7457285425025,1398.7564075809867,-0.00790176944992147,104.7079452247877,72.62649178504944,76.31749534606934,148.94399070739746,2.0980834847250662e-09,2.8656006634264486e-06
2048.0020502491434,0.0,500.0,0.93625,151,3020000,36,0.010311374440789223,0.0002244999999999991,553.8424082875548,1201.285356645513,-0.0072259953171175135,42.256134001380126,71.91835594177246,80.49390077590942,152.41225838661194,1.046657605030532e-08,-6.286621214712795e-07
1850.0803488156955,0.0,500.0,0.9199999999999999,152,3040000,36,0.012500094249844551,0.0002239999999999991,617.799785354013,1106.592851990201,-0.00795119157607145,43.94341933866913,70.61577916145325,81.45696687698364,152.0727469921112,6.628036341993493e-09,2.868652302367991e-07
2031.2669854753046,0.0,500.0,0.9162500000000001,153,3060000,36,0.011527780443429947,0.0002234999999999991,664.0064282943731,1226.4315342738944,-0.0068491667386010174,46.25847243551756,63.37861752510071,73.69869256019592,137.07731175422668,-8.583068700218632e-10,-1.2603759387275204e-06
1699.6623679522454,0.0,500.0,0.94375,154,3080000,36,0.010988488793373108,0.00022299999999999908,553.788444542741,1413.1407081189627,-0.008854446206534434,48.02991037839349,70.84944081306458,75.40582942962646,146.25527262687683,6.675719976811934e-10,-4.882812376649781e-08
2267.4599738863735,0.0,500.0,0.93125,155,3100000,36,0.015512310899794102,0.00022249999999999907,653.6074903052794,1880.674760026969,-0.008803106367833189,50.0253315259685,70.59661197662354,82.38486456871033,152.98147821426392,3.6239624634504253e-09,-1.2207031829802872e-07
1999.6892018815258,0.0,500.0,0.8862500000000001,156,3120000,36,0.014049790799617767,0.00022199999999999908,517.1789391083967,2087.2186340342864,-0.00852240348975913,51.97095793140751,63.6507613658905,85.75073528289795,149.40149784088135,6.38961772381208e-09,-4.272461069376732e-07
1922.2128950926049,0.0,500.0,0.8987499999999999,157,3140000,36,0.012585630640387535,0.0002214999999999991,740.3502070488217,2938.4108610413878,-0.008109986074376678,53.310926102559364,64.67718052864075,92.7090311050415,157.38621258735657,-5.769729582993932e-09,-1.2207030941624453e-08
2088.558831268064,0.0,500.0,0.91625,158,3160000,36,0.01266065426170826,0.0002209999999999991,995.5918339603032,3083.210909002844,-0.008314583046346266,55.223043535887285,71.48338580131531,79.79557490348816,151.27896285057068,1.4686584393075464e-08,-9.765624753299562e-08
2081.501863771035,0.0,500.0,0.8637499999999999,159,3180000,36,0.010868605226278305,0.00022049999999999913,893.3383097054478,2754.9531248699996,-0.008439190128798648,56.94639384649221,65.88101863861084,85.16399478912354,151.04501605033875,-2.1934509764065524e-09,-5.249023615760962e-07
2271.0819073068265,0.0,500.0,0.8800000000000001,160,3200000,36,0.010311685502529144,0.0002199999999999991,1014.8546726225452,2293.393922415108,-0.006694572008399866,58.108080666920884,64.30538749694824,78.92405462265015,143.22944355010986,-9.822845647988743e-09,3.906249901319825e-07
2083.9121776786224,0.0,500.0,0.9149999999999998,161,3220000,36,0.01270438265055418,0.0002194999999999991,1083.7905722128232,2871.914616512668,-0.007781133595197787,58.9896891302448,71.99627804756165,79.90711903572083,151.90339851379395,-3.7193297330873065e-09,6.469726372415607e-07
2191.54433651914,0.0,500.0,0.8787499999999999,162,3240000,36,0.014558804221451283,0.00021899999999999912,687.9015295403115,2325.1228529795035,-0.007919352150649126,60.813014821968984,67.72705173492432,76.04828143119812,143.7753357887268,6.38961772381208e-09,-6.103515914901436e-08
2227.8194646297934,0.0,500.0,0.90625,163,3260000,36,0.012753681279718876,0.00021849999999999913,755.0345127998111,1405.1135916149613,-0.008453625286484641,62.94394515683814,66.43799781799316,75.84863305091858,142.28663325309753,6.675719976811934e-10,2.868652302367991e-07
2061.9321712112715,0.0,500.0,0.9425000000000001,164,3280000,36,0.012366067618131638,0.00021799999999999915,752.8666777483826,1510.60777997175,-0.008907036445532384,64.32969765363536,73.30068826675415,75.31115460395813,148.61184453964233,-5.2452087118126656e-09,9.521484116703505e-07
2318.3275866098784,0.0,500.0,0.92125,165,3300000,36,0.012443802319467068,0.00021749999999999913,777.1002702032542,2214.8122555343743,-0.008687644167835462,65.29105517895543,73.21253895759583,78.02576637268066,151.23830652236938,2.00271599304358e-09,4.272461069376732e-07
2197.9261392619783,1121.2,500.0,0.92875,166,3320000,36,0.013572636060416698,0.00021699999999999912,722.655021312688,8533.670020702337,-0.01031819218600233,67.7575667276,63.16496801376343,74.43189406394958,137.59686374664307,1.444816621898326e-08,-3.991699031757889e-06
2462.0130910232774,0.0,500.0,0.9625,167,3340000,36,0.011365179903805256,0.0002164999999999991,648.367568153162,4824.8974830104735,-0.007867436351833642,69.84105660367783,74.59489393234253,78.64018249511719,153.23507857322693,-3.4046173880142305e-08,5.493163826031378e-07
2341.516825929528,0.0,500.0,0.95,168,3360000,36,0.013385732658207417,0.00021599999999999912,682.429826623377,3565.7330346369854,-0.00828878522216963,72.07996825643748,64.50728464126587,83.84933233261108,148.35661935806274,2.4366379136608884e-08,-7.324219097881723e-08
2213.6378540881115,0.0,500.0,0.9249999999999998,169,3380000,36,0.011631998233497143,0.00021549999999999914,895.9974409529281,3204.4195447277843,-0.006672390765423053,73.43310652567979,73.14748644828796,77.28048753738403,150.4279761314392,2.479553229406406e-09,4.6386719532165444e-07
2147.5786176408924,0.0,500.0,0.9362499999999999,170,3400000,36,0.013387646526098251,0.00021499999999999915,909.2926076090755,2523.832877833834,-0.008360390667824248,75.06760146358059,80.53417754173279,88.58156204223633,169.1157419681549,-2.479553229406406e-09,-1.0314940936950734e-06
2369.623082407497,0.0,500.0,0.93,171,3420000,36,0.012433093041181564,0.00021449999999999914,522.4335917586928,1585.1951839188375,-0.008084316280202489,76.80197034273158,68.14546227455139,79.80645823478699,147.95192193984985,4.1961669694501325e-09,1.1596679883041361e-07
2603.497045356868,0.0,500.0,0.9587499999999999,172,3440000,36,0.012835259549319744,0.00021399999999999913,1184.6065248903078,1581.3666886399728,-0.007540607606203791,78.38490303535177,64.5677444934845,73.67552328109741,138.24327087402344,5.245208711812666e-10,6.103515488575795e-07
2386.3634197486635,479.09250000000003,500.0,0.9887499999999999,173,3460000,36,0.012972044758498669,0.00021349999999999912,742.5721111345003,10774.519752673066,-0.010122512439238158,80.18396091968995,73.42190718650818,70.6787269115448,144.10063767433167,1.0967254882032762e-09,3.6621094068323146e-07
2193.00065107149,585.5575000000001,500.0,0.9675,174,3480000,36,0.012638630345463753,0.00021299999999999913,929.6021060544124,1980.3418344613463,-0.007176582087668596,81.80169516181878,66.83790874481201,77.8679792881012,144.70588994026184,-2.00271599304358e-09,9.765624753299562e-08
2313.729141586823,0.0,500.0,0.94375,175,3500000,36,0.01187792606651783,0.00021249999999999912,653.9112202011612,1685.3345779619362,-0.009265231077013294,82.98579472415533,66.70311713218689,77.50920820236206,144.212327003479,1.0013580187262505e-08,-1.2207031829802872e-07
2597.192635657507,0.0,500.0,1.0,176,3520000,36,0.011371875181794167,0.00021199999999999914,685.1756855575675,1264.6924107463215,-0.008793257202973432,84.14435589038442,69.41066598892212,72.040274143219,141.4509425163269,1.1348724626714102e-08,-1.5930176004985697e-06
2456.214686408952,0.0,500.0,1.0,177,3540000,36,0.011723652482032776,0.00021149999999999912,652.6077263899463,1904.9135892337883,-0.008393430214356743,85.56919067228436,65.2211549282074,76.2743227481842,141.4954798221588,3.123283409678379e-09,3.6010743542647106e-07
2544.2448707790672,0.0,500.0,0.9675,178,3560000,36,0.011925505474209785,0.0002109999999999991,1028.0767503412726,1947.2686882953421,-0.007695874957727149,88.9682037826121,70.9785144329071,82.65733766555786,153.6358540058136,0.0,-1.098632793627985e-07
2404.5701295299973,0.0,500.0,0.9574999999999999,179,3580000,36,0.014629504643380642,0.00021049999999999913,546.1976398533018,1761.2306150274578,-0.009541915461126276,91.36780291277337,76.5061388015747,78.4155662059784,154.92170667648315,-2.1934509764065524e-09,4.577636616431846e-07
2300.551893240046,0.0,500.0,0.9574999999999999,180,3600000,36,0.015099786221981049,0.00020999999999999911,575.2874798055317,2167.28100655271,-0.008913668001051278,92.8639607637708,72.25957727432251,83.77725982666016,156.03683853149414,1.2540817273531957e-08,2.4414063659605745e-07
2592.819225530857,0.0,500.0,0.9350000000000002,181,3620000,36,0.013174894265830517,0.00020949999999999913,564.489009318218,1959.256226712607,-0.008832222700456568,94.06775500209864,74.39396548271179,82.78297567367554,157.17694354057312,8.916854810081531e-09,-5.004882837056357e-07
2092.3495167014926,0.0,500.0,0.8674999999999999,182,3640000,36,0.011017540469765663,0.00020899999999999912,578.898877005396,2477.664378027058,-0.009035584521183184,95.78746656987275,66.21318769454956,79.26941108703613,145.4826009273529,4.148483334631692e-09,-4.39453117451194e-07
2294.2229210507226,0.0,500.0,0.9625,183,3660000,36,0.01391580794006586,0.00020849999999999913,464.82363182896626,2392.5458737916038,-0.008192712640918608,98.14801242599515,72.30890393257141,74.58143091201782,146.8903374671936,9.53674295089968e-09,-4.882812376649781e-08
2158.3337898629006,0.0,500.0,0.9025000000000001,184,3680000,36,0.011519151739776134,0.00020799999999999915,575.310911657288,2722.6933552745727,-0.007969340699039503,100.89717549874844,71.99355626106262,88.20473003387451,160.19828844070435,4.959106458812812e-09,-6.408691319848003e-07
2483.3262412801364,0.0,500.0,0.9650000000000002,185,3700000,36,0.012173851020634174,0.00020749999999999916,740.4082999468104,1877.8037212725264,-0.009019595674714513,103.67545199775087,66.71428608894348,87.23566675186157,153.94995427131653,-7.069111074287093e-09,-1.2207031829802872e-07
2259.3579320908234,0.0,500.0,0.9637500000000001,186,3720000,36,0.012227634899318218,0.00020699999999999918,679.0465394555994,2024.3479395640586,-0.006725992436358261,104.57314441777055,66.68668127059937,76.31376433372498,143.00044775009155,-3.19480886190604e-09,-8.78906234902388e-07
2104.5990063637446,0.0,500.0,0.9212499999999999,187,3740000,36,0.014179768040776253,0.00020649999999999916,661.7854167232709,1646.7756931411911,-0.008716334524987376,105.72104041357179,65.82759881019592,69.14848613739014,134.9760868549347,-1.0490417423625331e-09,2.899169828651793e-07
2452.1814760815423,0.0,500.0,1.0,188,3760000,36,0.012553193606436253,0.00020599999999999915,506.33469477671446,2192.9347440254446,-0.00783966595251533,106.73165814809694,67.33463048934937,76.98626470565796,144.32089757919312,-1.1444092340440193e-09,-3.0517577442878974e-07
2482.9394315257573,0.0,500.0,0.99,189,3780000,36,0.01276881992816925,0.00020549999999999917,550.2854788837426,1723.6876577824873,-0.006956611298328649,108.94613342569532,60.614279985427856,76.27059650421143,136.88487839698792,-2.0980834847250662e-09,-4.2724607851596375e-08
2543.4325516044564,0.0,500.0,0.96875,190,3800000,36,0.011889375746250153,0.00020499999999999918,594.9017108325464,1819.1870056358177,-0.00748307731560966,110.27370947694627,75.10528683662415,73.51247954368591,148.617769241333,-2.336502102906479e-09,2.4414061883248905e-08
2389.3021584667113,0.0,500.0,0.9412500000000001,191,3820000,36,0.013273997232317924,0.0002044999999999992,645.5724663197847,1988.301626593414,-0.008950105373711114,111.21431248332746,68.23836517333984,71.56165075302124,139.80001735687256,2.1886824796979454e-08,-1.098632793627985e-07
2295.7446727414344,0.0,500.0,0.99875,192,3840000,36,0.011532715521752834,0.0002039999999999992,588.1059638779342,1655.6655691334404,-0.008241029769116249,112.10574086371744,66.50714135169983,72.89389634132385,139.40103936195374,-6.341934088993639e-09,2.4414063659605745e-07
2520.2207906484973,0.0,500.0,0.9537500000000001,193,3860000,36,0.012800604104995728,0.00020349999999999923,626.4898986166404,2187.244989890091,-0.007717756112978123,112.91856264568705,65.85260796546936,77.1227674484253,142.9753782749176,2.3603439203156995e-08,-2.5634764710957825e-07
2345.406455881086,0.0,500.0,0.9225,194,3880000,36,0.011084380559623241,0.00020299999999999924,752.6819650232263,3160.0927862533663,-0.009158314710864724,115.12952687768255,72.75539565086365,73.29724860191345,146.05264592170715,1.00135799652179e-09,1.708984314063855e-07
2457.4893628613218,0.0,500.0,0.975,195,3900000,36,0.014138258062303066,0.00020249999999999923,574.9053853054947,4362.457217887145,-0.008728229734927772,117.41391316888854,80.9940197467804,71.22905421257019,152.22307538986206,-1.3494491746257609e-08,-4.1503906800244295e-07
2561.056320138853,0.0,500.0,0.9700000000000001,196,3920000,36,0.011232908815145493,0.00020199999999999925,597.799180689965,3392.033272707678,-0.00740946190419151,119.79218090058727,68.983149766922,98.01789999008179,167.00105142593384,3.337859988405967e-10,-7.446288918799837e-07
2679.2512551350815,0.0,500.0,0.95,197,3940000,27,0.020258406177163124,0.00020149999999999926,630.6029319560058,5106.861167162921,-0.007344637499167173,122.00822612675333,72.80332255363464,52.446675300598145,125.25,1.0919571025169716e-08,-3.295898522992502e-07
2632.8097813994164,0.0,500.0,0.9550000000000001,198,3960000,36,0.010732763446867466,0.00020099999999999925,555.9813045329729,3466.506917268958,-0.008098762075405668,124.44797893547191,72.74780631065369,91.7534966468811,164.50130534172058,-2.1266936656161306e-08,-2.4414061883248905e-08
2262.555394445035,0.0,500.0,0.9149999999999998,199,3980000,36,0.013112655840814114,0.00020049999999999924,620.7358610338042,3455.1759052865677,-0.00881586918047139,127.1201451084569,74.1372001171112,77.83632111549377,151.97352361679077,-4.00543198608716e-09,-1.1230468999201548e-06
2324.3379124874627,0.0,500.0,0.9850000000000001,200,4000000,36,0.01128335203975439,0.00019999999999999925,627.8463034651827,2897.2480838438446,-0.009167208376090629,129.5419656037861,65.2138888835907,78.22540330886841,143.43929505348206,5.102157807357344e-09,3.0517577442878974e-07
2691.8819669679824,0.0,500.0,0.7462500000000001,201,4020000,16,0.020064283162355423,0.00019949999999999927,3119.1410528067204,7834.192157391923,0.0015130195665893297,44.48970525866499,67.41290235519409,31.503211975097656,98.91611647605896,-3.2424928519958485e-08,1.6845702930368134e-06
3709.166804764719,0.0,500.0,0.95375,202,4040000,36,0.01790986768901348,0.00019899999999999928,1393.5968506189793,6659.5427211535325,-0.004849968107203488,45.30499461698414,72.85005068778992,73.62784600257874,146.4778983592987,-2.813339250451463e-08,3.19824221151066e-06
4040.4125524522715,0.0,500.0,1.0,203,4060000,36,0.010662068612873554,0.0001984999999999993,1106.3516832946843,3936.4231400657386,-0.002727008423335549,47.921034483186816,64.76157736778259,73.22139000892639,137.98296880722046,-4.730224745230771e-08,-4.6386719532165444e-07
3464.338535671685,0.0,500.0,0.9825000000000002,204,4080000,36,0.013414480723440647,0.0001979999999999993,926.3002242811783,2281.5572713920315,-0.004633371934362806,49.39876891350467,66.42020416259766,85.77585411071777,152.19605922698975,-4.262924235831633e-08,4.156494014750933e-06
3610.412371302174,0.0,500.0,0.945,205,4100000,36,0.011130938306450844,0.00019749999999999933,1049.366830731691,1521.2538042918222,-0.005740654591489471,51.13971570150032,77.8456826210022,74.94756150245667,152.79324674606323,1.2254714576442893e-08,3.9184569686767645e-06
3534.744909183639,0.0,500.0,0.9524999999999999,206,4120000,36,0.014740394428372383,0.0001969999999999993,1109.049984419731,3091.5458303823257,-0.006311885528006903,51.88186558976341,69.55121946334839,77.69700860977173,147.24822902679443,4.9161911874762154e-08,-6.042480436008191e-07
3740.6663508931742,0.0,500.0,0.8949999999999999,207,4140000,36,0.013687072321772575,0.00019649999999999933,829.2362711537083,3250.437085255605,-0.006304702099817591,52.587113098087656,63.869537115097046,72.75147652626038,136.6210160255432,-1.3923645347801994e-08,1.1718750556610757e-06
4135.304984938109,0.0,500.0,0.9512499999999999,208,4160000,36,0.012702330015599728,0.00019599999999999934,797.2913812021859,2267.4223808258785,-0.0059559389981161835,53.518091290818916,63.87468218803406,74.7614393234253,138.63612365722656,5.512237422067301e-08,1.8066406255456968e-06
4118.463888667611,0.0,500.0,0.9925,209,4180000,36,0.011470252647995949,0.00019549999999999936,788.9397653045492,2600.0016507171426,-0.006433229863505287,55.145229126317815,76.72508573532104,71.89264988899231,148.61773824691772,2.0253658306046418e-08,-2.9357909170357743e-06
4193.969578666534,0.0,500.0,0.93125,210,4200000,36,0.012372889555990696,0.00019499999999999935,999.240772554711,2591.8300368932278,-0.007726069785013827,57.21171469277086,84.47912001609802,81.61613512039185,166.09525728225708,-1.907348590179936e-08,9.765624753299562e-08
4490.083343555346,0.0,500.0,0.9625000000000001,211,4220000,36,0.01084929145872593,0.00019449999999999936,777.9668649322055,1511.844849185314,-0.0062980532941577395,58.758864707459274,71.82735848426819,76.12243723869324,147.94979786872864,1.0490417423625331e-08,-9.765624753299562e-08
4271.262780786556,0.0,500.0,0.98125,212,4240000,36,0.010262804105877876,0.00019399999999999935,674.8772479704944,1231.8378424111265,-0.004538611778392687,60.261366458915845,64.31501150131226,76.82325291633606,141.1382656097412,-1.5258788677030566e-09,1.0070800726680318e-07
4134.952954247772,0.0,500.0,0.9512499999999999,213,4260000,36,0.01064952090382576,0.00019349999999999936,786.7351324740225,1008.9814815500928,-0.0052616320837492086,61.16870456779515,66.5246970653534,72.14277076721191,138.66746878623962,1.7070769686711174e-08,-6.866455350973411e-07
4091.201096711241,0.0,500.0,0.945,214,4280000,36,0.014727960340678692,0.00019299999999999938,693.4603025465516,1070.4345357703282,-0.0057702674309145835,61.850518540113924,66.77756404876709,74.10997128486633,140.8875379562378,9.53674295089968e-09,4.39453117451194e-07
3998.082550211907,0.0,500.0,0.9850000000000001,215,4300000,36,0.010618939064443111,0.00019249999999999937,988.920170194594,1352.912625920489,-0.006597309684338571,63.05894399594871,75.81472039222717,82.06024765968323,157.8749704360962,-5.388260060357197e-09,-2.4414061883248905e-08
4422.860266545447,0.0,500.0,0.975,216,4320000,36,0.014049477875232697,0.00019199999999999938,934.0815879211046,1022.7192555631692,-0.004813535841196586,64.46408173205965,81.90727281570435,78.64179348945618,160.54906749725342,1.9359589487066842e-08,9.91821252682712e-07
4151.369652511116,0.0,500.0,0.99375,217,4340000,36,0.01182076707482338,0.0001914999999999994,813.0182000357588,1454.6111027856732,-0.0061631942417941735,66.28363229672368,68.88785290718079,79.33486866950989,148.22272491455078,-1.1825561863076928e-08,1.3427734302240424e-07
4503.870007075429,0.0,500.0,0.98125,218,4360000,36,0.014270718209445477,0.00019099999999999938,1407.8373641290689,982.3766252397857,-0.00709784631480165,68.66684863327833,72.22957444190979,87.11519837379456,159.34477519989014,1.5640258865801115e-08,4.6997070057841484e-07
4197.839691560325,0.0,500.0,1.0,219,4380000,36,0.009090188890695572,0.0001904999999999994,998.2838339705733,1198.8269289752716,-0.005882397122562288,70.69490932901996,75.45883750915527,84.1741304397583,159.63296961784363,-5.912780931538464e-09,3.967285238104523e-07
4418.33995231984,0.0,500.0,1.0,220,4400000,36,0.013853228650987148,0.00018999999999999941,1005.60078517926,1403.0825744726405,-0.007766328461891067,72.19367889212005,71.54108881950378,76.09850096702576,147.63959169387817,-2.8228759774151513e-08,5.981445383440587e-07
4389.354270182727,0.0,500.0,0.9550000000000001,221,4420000,36,0.01435209158807993,0.0001894999999999994,974.2775095870912,1088.4147877312316,-0.0066666038883402,74.72003582516672,67.77533435821533,77.07581448554993,144.85115122795105,-8.77380390562621e-09,-2.685546860448085e-07
4287.096646299355,0.0,500.0,0.945,222,4440000,36,0.012500900775194168,0.0001889999999999994,1091.7641728285741,1087.9866731729667,-0.0062908095392655745,77.50894944702517,72.1857750415802,70.29938220977783,142.48516035079956,-4.720687840631399e-09,-4.882812731921149e-07
4534.011581296261,0.0,500.0,1.0,223,4460000,36,0.014725317247211933,0.00018849999999999938,1075.3863759458932,1044.3357410938722,-0.007887350211441841,80.08414157857952,78.70603466033936,73.9703118801117,152.67634844779968,5.912780931538464e-09,5.844116230946383e-07
4400.37417505142,0.0,500.0,1.0,224,4480000,36,0.013750895857810974,0.00018799999999999937,1651.137920079013,1327.8947264509163,-0.007138325691159998,82.88763291369443,68.7809669971466,84.9589433670044,153.73991227149963,1.4114379887075756e-08,1.2207030941624453e-08
4069.1496863415655,0.0,500.0,0.975,225,4500000,36,0.010264832526445389,0.00018749999999999938,847.1321089591885,1790.755418118662,-0.00718878455113801,85.25818542897554,64.06577205657959,75.14593958854675,139.21171259880066,-1.034736651917001e-08,-1.2207030941624453e-08
4328.327788794524,0.0,500.0,0.975,226,4520000,36,0.011363779194653034,0.00018699999999999937,972.8606092556597,1325.9620217596507,-0.0064844552708836324,88.24773205820449,73.86612939834595,77.22633051872253,151.09246110916138,-1.3065338144713223e-08,-6.713867151120212e-08
4597.087136235927,0.0,500.0,1.0,227,4540000,36,0.01294148713350296,0.00018649999999999936,1176.2296247390893,1480.2052356176948,-0.0067529845648669345,90.52319476635778,64.48615145683289,81.39833092689514,145.88448357582092,-1.6975402417074292e-08,1.4648438195763447e-07
4611.022909124584,0.0,500.0,1.0,228,4560000,36,0.0104322899132967,0.00018599999999999934,694.4296245541096,996.1553896334225,-0.00808999912564854,92.97614907388954,73.9971091747284,74.16423678398132,148.16134786605835,3.204345588869728e-08,-1.098632793627985e-07
4753.1828186523635,0.0,500.0,1.0,229,4580000,36,0.010976996272802353,0.00018549999999999936,978.6875881226214,1008.0855429002398,-0.0070273095613881415,96.11486817963545,72.7997465133667,76.0846893787384,148.88443756103516,5.550384685193421e-08,-6.225586162145191e-07
4715.056441709821,0.0,500.0,1.0,230,4600000,36,0.01244967058300972,0.00018499999999999935,976.0195669743623,862.9125311583714,-0.0068186759743712215,99.30794079556802,72.29235100746155,84.98081827163696,157.2731716632843,-1.907348590179936e-08,-4.058837816955929e-07
4671.71986922433,0.0,500.0,1.0,231,4620000,36,0.012009181082248688,0.00018449999999999936,1105.4099737295328,980.7520204218389,-0.0060796498487209905,100.90185733885896,74.99046802520752,79.59337377548218,154.58384370803833,6.580352707175052e-09,2.19726558725597e-07
4673.140067549115,0.0,500.0,1.0,232,4640000,36,0.01013472955673933,0.00018399999999999935,1246.6188872259138,1071.6873584946377,-0.004334305017660241,101.77183605772322,71.94471621513367,83.70051550865173,155.64523339271545,-1.2207030941624453e-08,-2.136230534688366e-07
4508.848083073277,0.0,500.0,1.0,233,4660000,36,0.011432969942688942,0.00018349999999999936,1272.1942019829903,1131.339422527255,-0.008637399183828245,103.19223712613746,65.5262725353241,76.51218819618225,142.03846263885498,3.814697446813398e-09,5.310058668328566e-07
4432.4072304165,0.0,500.0,1.0,234,4680000,36,0.01326454896479845,0.00018299999999999935,799.0419070548862,789.0688950494963,-0.007028991224600136,105.30670513698807,69.19668579101562,87.86922931671143,157.06591701507568,1.1444092340440193e-09,-6.072997962291993e-07
4691.572899464694,0.0,500.0,1.0,235,4700000,36,0.010899330489337444,0.00018249999999999934,1119.7481198498742,966.8104844856737,-0.006306282235944249,108.04476933721367,64.20380234718323,74.608154296875,138.81195902824402,-9.536742923144104e-11,-7.751464750072046e-07
4539.034505617406,0.0,500.0,1.0,236,4720000,36,0.012438750825822353,0.00018199999999999936,1252.3065331986834,1259.4237987665915,-0.006907664880310745,111.29361305196191,66.37803530693054,73.88917136192322,140.26720809936523,-2.6702879907247734e-09,-4.272461069376732e-07
4588.217933565713,0.0,500.0,1.0,237,4740000,36,0.012640733271837234,0.00018149999999999937,1204.4850768311717,1006.8391276404584,-0.006614498733164314,112.03070076078144,72.83602666854858,81.46809339523315,154.3041217327118,4.863739189175931e-09,1.5258788721439487e-07
4557.232457689124,0.0,500.0,1.0,238,4760000,36,0.012054749764502048,0.00018099999999999936,877.9713530406742,1504.906520557776,-0.007223341101111053,113.97779068762333,63.42032051086426,71.70996475219727,135.13028764724731,-2.2888184680880386e-09,-6.103515470812226e-09
4669.250015429055,0.0,500.0,1.0,239,4780000,36,0.014409130439162254,0.00018049999999999935,1403.5700533863157,973.3534961953669,-0.006600014175274989,116.69977393470252,66.31058049201965,71.77422308921814,138.0848047733307,-1.4114379887075756e-08,3.2348631862078037e-07
4601.34806291458,0.0,500.0,1.0,240,4800000,36,0.012766730971634388,0.00017999999999999936,1262.0179734343453,1280.6954872800309,-0.0057919075459584544,119.08660041706165,68.79141736030579,70.5930724143982,139.3844919204712,4.00543198608716e-09,-1.8310547034161573e-07
4583.037089632079,0.0,500.0,1.0,241,4820000,36,0.01256731990724802,0.00017949999999999938,1117.4177587629,733.5853106573536,-0.006277166161732302,121.67663756083799,70.15680885314941,75.40128087997437,145.5580916404724,-6.103515470812226e-09,-3.6315918805485126e-07
4715.112084145752,0.0,500.0,1.0,242,4840000,36,0.010975751094520092,0.0001789999999999994,1061.8507949482434,626.3672518664148,-0.007112326212431082,123.52680208804043,69.9654266834259,77.92677474021912,147.89220309257507,5.912780931538464e-09,-8.483886517751671e-07
4444.341239972346,0.0,500.0,0.975,243,4860000,36,0.01525415014475584,0.00017849999999999938,1410.8345317048386,639.7611645314979,-0.00987419342388421,125.60447380328627,68.31540536880493,78.98412203788757,147.29952931404114,-1.0108947456899386e-08,2.655029334164283e-07
4675.694533955783,0.0,500.0,1.0,244,4880000,36,0.011747712269425392,0.0001779999999999994,1511.5289250632147,1012.3730060169787,-0.007399822279162418,127.0647386301059,65.51120567321777,75.97626781463623,141.4874758720398,-1.201629640235069e-08,-6.561279519701202e-07
4735.757841786425,0.0,500.0,1.0,245,4900000,36,0.012593536637723446,0.0001774999999999994,1338.8478349354575,1902.8937920816495,-0.006407165485827658,128.4116629971906,68.76497220993042,71.55133652687073,140.31631064414978,1.1634826435624745e-08,-1.4404297417058842e-06
4402.81033160512,0.0,500.0,1.0,246,4920000,36,0.012116670608520508,0.00017699999999999942,1319.7319381004281,1463.2367109245217,-0.007981423100023581,130.63887731344258,66.9706780910492,72.15673899650574,139.1274185180664,-1.9073485846288207e-10,9.765624753299562e-08
4779.248165685829,0.0,500.0,1.0,247,4940000,36,0.009711703285574913,0.0001764999999999994,1399.292467631217,986.3848917036561,-0.005636959219972789,132.86854385982645,63.3544487953186,89.22368216514587,152.5781331062317,3.6239624634504253e-09,-7.690429697504442e-07
4784.092329653244,0.0,500.0,1.0,248,4960000,36,0.011532695032656193,0.0001759999999999994,726.9975100778967,896.4637902462614,-0.008805455314516188,131.95947440042113,70.07746744155884,77.43285036087036,147.5103189945221,1.3732909920349812e-08,1.1901855145879381e-07
4720.846507662322,0.0,500.0,1.0,249,4980000,36,0.011435335502028465,0.00017549999999999941,1173.320538357974,927.4340462757418,-0.005844516441503551,132.18357065056585,66.37976694107056,73.4609944820404,139.84076380729675,8.583068478174027e-09,-2.0141601453360636e-07
4836.9400756709265,0.0,500.0,1.0,250,5000000,36,0.013200145214796066,0.00017499999999999943,907.8278537962849,2649.9491184005765,-0.006193859692834705,132.75887900648024,63.96133780479431,85.98475980758667,149.9461009502411,1.039505015398845e-08,-5.249023615760962e-07
4592.040449213971,0.0,500.0,1.0,251,5020000,36,0.013102676719427109,0.00017449999999999942,1261.7730392493972,1243.494953969374,-0.009098359711626416,47.097570136628505,66.90991806983948,73.79880118370056,140.70872116088867,-1.1444092340440193e-09,-1.2207031829802872e-07
4636.25108983483,0.0,500.0,1.0,252,5040000,36,0.011100939474999905,0.00017399999999999943,913.8627029448737,3647.6690082759947,-0.006161164114173875,48.37935901475283,66.57302236557007,82.41887140274048,148.99189615249634,-1.1444092340440193e-09,-7.324219097881723e-08
4736.421473684571,0.0,500.0,1.0,253,5060000,36,0.011447115801274776,0.00017349999999999942,1187.6204700747576,1239.7445745796526,-0.007322632441485041,49.28657931760139,71.35303783416748,83.41977214813232,154.77281188964844,1.4686584393075464e-08,1.3427734302240424e-07
4726.605428208427,0.0,500.0,1.0,254,5080000,36,0.011996821500360966,0.0001729999999999994,1412.3123130297297,1585.4984299859807,-0.006188414633731722,50.33664402607954,70.73707866668701,91.80577254295349,162.54285287857056,1.0967254659988157e-08,-3.7231444593999186e-07
4537.106902091189,0.0,500.0,1.0,255,5100000,36,0.010318189859390259,0.0001724999999999994,944.127155136038,1146.3720236884224,-0.006653594343676234,51.666632337776704,69.21035552024841,69.43723630905151,138.6475932598114,2.717971847587819e-09,1.0375976700061074e-07
4800.303370322375,0.0,500.0,1.0,256,5120000,36,0.01411638967692852,0.0001719999999999994,1043.2621184387315,687.9087667847763,-0.008557372992463792,53.16478397814907,67.42398691177368,86.96309781074524,154.3870871067047,1.4305114870438729e-09,7.324218813664629e-07
4610.5435173354745,0.0,500.0,1.0,257,5140000,36,0.012229092419147491,0.0001714999999999994,687.4174939061802,844.5587586852139,-0.008608872649183164,54.319182820805935,65.71353697776794,83.59209561347961,149.30563521385193,3.7193297330873065e-09,-9.765624753299562e-08
4825.874583762951,0.0,500.0,1.0,258,5160000,36,0.00966043584048748,0.0001709999999999994,430.28506432012927,1627.5092521318104,-0.006538369573078643,55.17563965492398,67.40005135536194,77.90422630310059,145.30428004264832,-4.97818000155803e-08,-1.3427734302240424e-07
4713.560258678306,0.0,500.0,1.0,259,5180000,36,0.009836077690124512,0.00017049999999999943,680.2173206747784,2198.2337299600154,-0.0053032556133843,56.43629278034702,67.72030091285706,85.04132294654846,152.7616262435913,-1.8119811429073707e-08,-1.4648438195763447e-07
4504.275580285803,0.0,500.0,1.0,260,5200000,36,0.011012905277311802,0.00016999999999999944,641.1804318155513,1420.9713110092646,-0.007719838840776693,57.39658247650114,63.900511264801025,87.63300108909607,151.53351402282715,4.673004205812958e-09,7.324219097881723e-08
4499.470537895699,0.0,500.0,1.0,261,5220000,36,0.011150054633617401,0.00016949999999999946,612.6238332388881,1390.0714610989821,-0.00905773172059229,58.427520012914776,64.41185235977173,81.36248230934143,145.77433705329895,-1.039505015398845e-08,2.685546860448085e-07
4631.293029135952,0.0,500.0,1.0,262,5240000,36,0.010528020560741425,0.00016899999999999945,709.6139272609246,1018.8519459955651,-0.007017167742966394,59.065209187300105,72.2372374534607,73.53771662712097,145.77495551109314,8.106231796922714e-10,-1.9226074243761104e-07
4753.135560494217,0.0,500.0,0.9949999999999999,263,5260000,36,0.014631792902946472,0.00016849999999999943,630.2453614175002,909.6107361684846,-0.007950580769900713,60.322454168477464,67.00152540206909,76.53075385093689,143.53228092193604,2.4318694613612024e-08,6.896972877257213e-07
4527.582960140181,0.0,500.0,0.9800000000000001,264,5280000,36,0.010844117030501366,0.00016799999999999945,553.9000802126428,615.8203311983812,-0.005636542019456011,61.53909616365389,67.77643036842346,86.5987617969513,154.37519431114197,1.0681151962899094e-08,7.446288918799837e-07
4555.106079187228,0.0,500.0,1.0,265,5300000,36,0.010712255723774433,0.00016749999999999946,525.8432265360558,731.5161794216276,-0.006569436050861473,63.04203223166501,71.38056898117065,84.0374083518982,155.41797924041748,-9.536743617033494e-10,5.432128773463774e-07
4684.965677194104,0.0,500.0,1.0,266,5320000,36,0.010950072668492794,0.00016699999999999945,388.67714237785947,574.4438701002658,-0.0064464065461158505,64.70924416847757,77.52673602104187,83.73128652572632,161.25802540779114,-1.5449524326527353e-08,-2.1057128662960167e-07
4788.92770639101,0.0,500.0,1.0,267,5340000,36,0.010753823444247246,0.00016649999999999947,497.08232920670025,617.9594194671555,-0.007913140996396813,66.92955312163515,64.87016534805298,78.5741376876831,143.4443051815033,-1.7166137400437265e-09,-1.678466787780053e-08
4678.709109602257,0.0,500.0,1.0,268,5360000,36,0.013388499617576599,0.00016599999999999945,589.3175896010503,574.6974224351931,-0.007370926047640432,68.67991420365328,68.2413432598114,84.26153230667114,152.50287699699402,3.3378602104505717e-09,1.9226074243761104e-07
4678.828800225926,0.0,500.0,1.0,269,5380000,36,0.014035917818546295,0.00016549999999999944,596.79448323695,510.0439559183605,-0.008955779355785514,69.96881274750439,63.65329194068909,79.62425374984741,143.2775478363037,1.907348723406699e-09,-1.0673522865545237e-06
4710.383509476766,0.0,500.0,1.0,270,5400000,36,0.012133247219026089,0.00016499999999999946,548.8126475090755,496.93443276402286,-0.006704235973570894,71.1617417536943,66.02959489822388,74.67103338241577,140.7006299495697,8.964538444899972e-09,3.3950806255234056e-07
4508.526475244553,0.0,500.0,1.0,271,5420000,36,0.011336487717926502,0.00016449999999999944,480.50266374473586,524.8087229026223,-0.004567648726821284,72.70987471748761,68.32875394821167,77.9390013217926,146.26775789260864,-1.9550323582251394e-09,-5.783081178378779e-07
4835.598563837009,0.0,500.0,1.0,272,5440000,36,0.012434459291398525,0.00016399999999999946,353.61139944304716,433.25835264054945,-0.00912112194702494,74.84455271820079,75.45083355903625,82.22711300849915,157.67794823646545,1.7261506002341775e-08,-2.746581913015689e-07
4769.3630415877515,0.0,500.0,1.0,273,5460000,36,0.012397506274282932,0.00016349999999999945,476.5898515222595,472.95724793888803,-0.00828994182867271,76.5325196123648,67.35131812095642,82.26788783073425,149.61920738220215,-2.0980834847250662e-09,-2.4414061883248905e-08
4773.710960780407,0.0,500.0,1.0,274,5480000,36,0.010663244873285294,0.00016299999999999944,557.3772915382101,445.4724920081212,-0.008061431079208956,77.48760701275312,64.1300539970398,89.24316191673279,153.37321829795837,-3.128051773160223e-08,5.035400363340159e-08
4630.595458696547,0.0,500.0,1.0,275,5500000,36,0.011817012913525105,0.00016249999999999945,689.354744271687,447.6471411095979,-0.006219726320450188,78.89361886907055,66.09827613830566,82.10280466079712,148.20108366012573,-7.820129432900558e-09,3.9596557144250255e-07
4623.986979256091,0.0,500.0,1.0,276,5520000,36,0.011795246973633766,0.00016199999999999944,542.5682884340893,441.14411538976873,-0.008210900214437579,80.64212493842318,70.63722276687622,80.87521004676819,151.51243448257446,1.0490417423625331e-09,1.0375976700061074e-07
4610.006629653317,0.0,500.0,1.0,277,5540000,36,0.011662434786558151,0.00016149999999999943,413.92737343381555,431.5249787568623,-0.006962802026279166,81.78229944596784,60.86918640136719,77.73989987373352,138.60908818244934,-1.4114379887075756e-08,3.051757957450718e-08
4620.841485436873,0.0,500.0,0.975,278,5560000,36,0.0121467849239707,0.00016099999999999941,460.6738846203009,494.2210933047489,-0.008477736622722271,82.97238326690533,67.82243132591248,77.78725337982178,145.60968708992004,7.3194503791285115e-09,-3.128051773160223e-08
4836.756750898158,0.0,500.0,1.0,279,5580000,36,0.010644521564245224,0.00016049999999999943,551.2086102293026,429.10689508385974,-0.00761014431410687,84.97156965914542,67.50859308242798,77.39805436134338,144.90664935112,4.863739189175931e-09,5.035400363340159e-08
4835.441263963078,0.0,500.0,1.0,280,5600000,36,0.016564927995204926,0.00015999999999999944,311.05422569548443,386.7472700498863,-0.00906465868096148,86.99189990270125,67.6211404800415,76.44982981681824,144.07097268104553,4.4345856764493874e-08,-1.907348590179936e-08
4836.76431595554,0.0,500.0,1.0,281,5620000,36,0.012603452429175377,0.00015949999999999943,429.5216343683006,479.22041526905474,-0.007431874103574885,89.19253956649504,71.38708972930908,74.54423427581787,145.93132615089417,-1.1539459165987864e-08,-2.624511807880481e-07
4836.723886385112,0.0,500.0,1.0,282,5640000,36,0.012188082560896873,0.00015899999999999942,391.5694324309241,487.2335220867749,-0.008678864926400796,90.49912487093675,70.33010625839233,75.22912168502808,145.55923008918762,-1.4686584393075464e-08,-7.629394360719743e-08
4630.59745739209,0.0,500.0,1.0,283,5660000,36,0.011848623864352703,0.00015849999999999943,631.2891916492368,577.5564258915336,-0.005603799204968404,92.26088600172233,64.39525938034058,75.30755925178528,139.70281982421875,-5.435943695175638e-09,1.2207030941624453e-08
4741.82867109002,0.0,500.0,1.0,284,5680000,36,0.010267222300171852,0.00015799999999999945,290.7267070867764,462.75461709723646,-0.007461434772395092,94.16310430140118,72.82868814468384,82.65922594070435,155.48791670799255,-3.3092497631059814e-08,-5.9509275729396904e-08
4834.201909865161,0.0,500.0,1.0,285,5700000,36,0.011179006658494473,0.00015749999999999944,450.9837996787876,503.01843156364316,-0.008462918225445553,96.91588645138806,70.13377261161804,77.82424974441528,147.95802402496338,-1.4305114870438729e-09,2.4414061883248905e-08
4599.455557493837,0.0,500.0,1.0,286,5720000,36,0.011498539708554745,0.00015699999999999945,421.5554917138817,450.46642369279465,-0.0072696095960741065,97.686933429435,69.69633340835571,80.15997052192688,149.8563060760498,-2.8610229740877458e-09,2.8991699707603402e-08
4699.754749558003,0.0,500.0,1.0,287,5740000,36,0.011249999515712261,0.00015649999999999947,297.0006674914484,424.29612530162245,-0.008172555999068066,99.09477981998009,74.89674258232117,72.94100761413574,147.83775210380554,1.3256072683986986e-08,4.577636936176077e-09
4738.2056797531595,0.0,500.0,1.0,288,5760000,36,0.01260767038911581,0.00015599999999999946,410.01235082177436,547.4278249906487,-0.006649249969424701,100.22432383130025,63.12786149978638,81.95544171333313,145.08330512046814,2.2697449253428204e-08,-9.155273872352154e-09
4834.95940984528,0.0,500.0,1.0,289,5780000,36,0.01279932539910078,0.00015549999999999947,475.6043672592114,384.11822456682154,-0.008651366900977635,101.52703494368862,65.34080266952515,82.5425443649292,147.88334918022156,-3.8146971692576415e-10,-2.326965287124949e-08
4615.062840321701,0.0,500.0,1.0,290,5800000,36,0.01083275955170393,0.00015499999999999948,317.01726302789126,442.5462813453552,-0.006429441804086137,102.75234094781574,69.10240626335144,76.03471636772156,145.13712406158447,-4.100799699813251e-09,-1.2207031829802872e-07
4705.058060987828,0.0,500.0,1.0,291,5820000,36,0.0119835389778018,0.0001544999999999995,297.25333321191846,412.41883816243404,-0.007373929031759918,103.019781933298,68.82269024848938,76.11153221130371,144.93422436714172,4.291534239087014e-09,1.2512207092640892e-07
4420.151593366853,0.0,500.0,1.0,292,5840000,36,0.011273314245045185,0.00015399999999999951,352.9214303799034,367.02423252245194,-0.00735846828350025,103.86036413867802,70.01949977874756,76.46349740028381,146.48299884796143,-5.722046170220096e-10,-1.831054774470431e-08
4514.926592759823,0.0,500.0,1.0,293,5860000,36,0.010103377513587475,0.0001534999999999995,292.9686015545158,381.8275084002965,-0.006959173087429693,104.08439652615927,73.255042552948,70.1447913646698,143.39983558654785,-1.7642974858844696e-09,6.103515470812226e-09
4686.244750698171,0.0,500.0,1.0,294,5880000,36,0.01330783125013113,0.0001529999999999995,320.0496312873686,369.85964975299504,-0.009921393935884527,105.2088652107366,62.04809617996216,82.93636226654053,144.9844605922699,-3.433227480087453e-09,7.019043124500968e-08
4757.025974181434,0.0,500.0,1.0,295,5900000,36,0.01235992182046175,0.0001524999999999995,172.72062279359645,337.17354053176376,-0.009554747977593394,107.48018762766574,66.65473484992981,89.68553256988525,156.34027004241943,2.2792816523065085e-08,-3.051757735406113e-09
4718.1714564821905,0.0,500.0,1.0,296,5920000,36,0.013840551488101482,0.00015199999999999952,313.5856537905237,351.2296616212671,-0.009106022676971512,108.3005922437349,67.64550185203552,75.24484515190125,142.89034962654114,3.1471252270875993e-09,4.577636936176077e-09
4707.561002493927,0.0,500.0,1.0,297,5940000,36,0.013474049046635628,0.00015149999999999954,292.77522957760857,354.82326071254744,-0.007888042185643842,109.04632111191538,67.6716136932373,83.4289698600769,151.10058450698853,9.58442658571812e-09,7.400512913591228e-08
4827.9570123210015,0.0,500.0,1.0,298,5960000,36,0.012498497031629086,0.00015099999999999952,382.27618031879246,333.7937996660855,-0.008809064439225798,110.25071329963855,68.5288953781128,72.94262075424194,141.4715187549591,-7.152557435219364e-10,4.2724607851596375e-08
4748.898424552548,0.0,500.0,1.0,299,5980000,36,0.012585128657519817,0.0001504999999999995,368.99508123089754,370.03656969216007,-0.008216600366181447,111.74452783369959,74.52059173583984,83.28679203987122,157.80738496780396,2.3603439203156995e-09,3.2043456599240017e-07
4642.333837533319,0.0,500.0,1.0,300,6000000,36,0.012438327074050903,0.0001499999999999995,390.35126671335735,651.994575021112,-0.009317751326557728,114.28469259162553,73.27354145050049,79.28411030769348,152.5576536655426,6.008148201175345e-09,-1.831054774470431e-08
1655.3967399707587,0.0,500.0,0.2375,301,6020000,36,0.011623448692262173,0.00014949999999999951,3414.0118533870113,6964.345394065459,-0.005560956910683353,36.398634387196736,68.84502339363098,96.77352786064148,165.6185541152954,-1.850128228397807e-08,4.39453117451194e-07
941.6035023228366,1846.0875,500.0,0.0,302,6040000,36,0.013283731415867805,0.00014899999999999953,3123.18890564214,8770.911072145678,-0.006003522297228929,38.641890507198035,77.87978911399841,81.48337078094482,159.36316084861755,-7.629394893626795e-09,7.080078034960025e-07
809.4716512938405,577.5725,500.0,0.0,303,6060000,36,0.010249847546219826,0.00014849999999999952,2729.1795047994283,10951.83360158902,-0.0037568116425938263,40.52244626269681,64.84009146690369,76.98422145843506,141.82431435585022,-4.577636936176077e-09,-4.443359557626536e-06
823.370614303101,2003.9650000000001,500.0,0.0,304,6080000,36,0.011526037938892841,0.00014799999999999953,1867.9275725083355,35357.34590862303,-0.005882056073803784,42.04334125545882,61.31342554092407,89.93730354309082,151.25073170661926,2.0980834847250662e-09,-1.1230468999201548e-06
790.9656633389734,7.7675,500.0,0.0,305,6100000,36,0.008565702475607395,0.00014749999999999952,2499.60481860344,2419.5574229697113,-0.004421254985711717,43.912244194485766,73.47253894805908,79.53521585464478,153.0077564716339,1.6975402417074292e-08,3.2226562325377017e-06
738.9143882088379,4.182499999999999,500.0,0.0,306,6120000,36,0.014595364220440388,0.00014699999999999953,1551.625462644101,1288.9751364884328,-0.004755087894079086,44.866575503797876,71.12106108665466,84.92791652679443,156.04897928237915,3.8146971692576415e-10,4.6539307163584454e-07
747.3974044562804,836.76,500.0,0.0,307,6140000,36,0.011055112816393375,0.00014649999999999952,1659.9948360225094,5624.120837568094,-0.004765929300407458,46.34997830612676,67.01254796981812,74.37080025672913,141.3833510875702,-2.6702879907247734e-09,-1.5136719184738467e-06
728.9908672842985,926.5450000000001,500.0,0.0,308,6160000,36,0.009963256306946278,0.0001459999999999995,1113.852876401176,26894.411247180295,-0.005884397873920853,47.78660311037063,66.09901809692383,71.99522161483765,138.09424233436584,-1.0681151962899094e-08,1.074218744179234e-06
822.548257324865,4684.355,500.0,0.0,309,6180000,36,0.010353204794228077,0.0001454999999999995,814.8816877032664,82935.96013435794,-0.004206200959779161,49.66396761025187,71.29114270210266,81.16231155395508,152.45345640182495,2.0599365768703137e-08,-8.56933638715418e-06
785.1055216907122,987.1875,500.0,0.0,310,6200000,36,0.010987339541316032,0.0001449999999999995,997.1240954576843,21805.711156182228,-0.004667928834604632,50.97925961961296,63.33657240867615,75.15222358703613,138.48879837989807,-4.1961669694501325e-09,-9.521484116703505e-07
797.0124654871782,1174.3775,500.0,0.0,311,6220000,36,0.010362201370298862,0.0001444999999999995,863.2283829447645,32188.212324072716,-0.006383802127703049,53.10975183880325,65.55096054077148,80.42047142982483,145.9714334011078,-1.8692016823251834e-08,-1.4648438195763447e-07
796.9509136943177,2490.6362499999996,500.0,0.0,312,6240000,36,0.014860497787594795,0.0001439999999999995,1288.7263063627818,87678.85019798401,-0.003705835035627851,53.935626328562776,63.45084834098816,79.35498428344727,142.80583381652832,4.1961669694501325e-09,3.051757857974735e-06
803.4931748073907,929.0137499999998,500.0,0.0,313,6260000,36,0.010954811237752438,0.0001434999999999995,1536.8604067110787,16013.822242008273,-0.0037326263613646133,54.23810654918818,72.74462080001831,81.55137944221497,154.2960023880005,-6.675720420901143e-09,2.050781176876626e-06
730.6003336335209,0.0,500.0,0.0,314,6280000,36,0.009506254456937313,0.00014299999999999952,1079.5664234032731,18784.397786339166,-0.0037856803642082357,55.035742722803455,69.69617247581482,75.00891494750977,144.7050895690918,1.1634826435624745e-08,-5.859375278305379e-07
779.7730169351137,1023.93,500.0,0.0,315,6300000,36,0.010588057339191437,0.0001424999999999995,952.626946860609,36770.090820345,-0.005058267987778732,56.959587894774174,63.2624454498291,73.91508460044861,137.17753195762634,-9.536743617033494e-10,-4.6386719532165444e-07
736.5582689977498,657.42,500.0,0.0,316,6320000,36,0.011255566030740738,0.0001419999999999995,1398.0678878759804,39348.755979787806,-0.003951942239822552,58.98227290748323,68.18822717666626,75.57474112510681,143.76297068595886,5.531310964812519e-09,-4.6386719532165444e-07
728.6809466284872,1901.625,500.0,0.0,317,6340000,36,0.01301991380751133,0.0001414999999999995,1348.0592952196082,22017.709683170124,-0.005863969325613466,61.6012306365723,72.39935851097107,74.08306407928467,146.48242497444153,-1.3732909920349812e-08,-2.9296876391526894e-07
847.1674667429037,2151.9,500.0,0.0,318,6360000,36,0.012698905542492867,0.0001409999999999995,1471.75534115034,86573.56433811804,-0.005357589871434341,63.13121637995039,64.60463094711304,88.49152445793152,153.0961573123932,-1.1444091896350983e-08,4.882812731921149e-07
870.3121248695506,2219.0600000000004,500.0,0.0,319,6380000,36,0.009063114412128925,0.0001404999999999995,1147.5293066710667,97801.42525262531,-0.005172601244118121,64.02063728538353,69.56714582443237,76.22406268119812,145.79121041297913,5.149841442175784e-09,5.175781097932486e-06
827.7843240635797,2398.21125,500.0,0.0,320,6400000,36,0.008810163475573063,0.00013999999999999953,1631.991137216478,83893.08449029297,-0.0031216610717210444,64.41876490352253,68.96777319908142,75.68257665634155,144.6503529548645,-5.340575981449547e-09,-1.8554687812866177e-06
800.1033578419116,2627.63125,500.0,0.0,321,6420000,36,0.010917640291154385,0.00013949999999999954,920.3547788896923,75948.89531710201,-0.005232411397487222,65.94781908652102,64.15279126167297,81.01893615722656,145.17172980308533,-1.8692016823251834e-08,-8.78906234902388e-07
850.2990248497314,1808.185,500.0,0.0,322,6440000,36,0.012338272295892239,0.00013899999999999953,868.9953458215228,74783.39912073841,-0.005364868862841316,67.63926334401415,77.00478053092957,75.66103529930115,152.66581749916077,1.2969970875076342e-08,1.1230468999201548e-06
792.441700597075,1937.3849999999998,500.0,0.0,323,6460000,36,0.011371043510735035,0.00013849999999999954,1180.1401338668677,67315.48737051101,-0.0055559713149502445,69.5283558642056,70.25099444389343,77.48883271217346,147.73982906341553,4.673004205812958e-09,-1.6113281162688509e-06
734.3715180405537,3618.47125,500.0,0.0,324,6480000,30,0.021094992756843567,0.00013799999999999953,468.98462578770454,76750.67005782935,-0.00660658835396726,71.43815739949544,72.03298950195312,61.581483125686646,133.61447477340698,8.01086397217432e-09,-6.347656267280399e-07
797.7053793438113,4663.88,500.0,0.0,325,6500000,36,0.009224229492247105,0.00013749999999999952,566.3289016653216,154956.51114265353,-0.005128851638838085,73.15684631220364,74.08361792564392,73.11122155189514,147.19484210014343,1.8119811429073707e-08,5.81054700887762e-06
814.1296570251741,3539.2362500000004,500.0,0.0,326,6520000,36,0.01120833121240139,0.0001369999999999995,556.6027321245047,154944.5965611272,-0.005519683635574598,75.0216963601781,63.35118007659912,79.56248545646667,142.913667678833,1.5830993405074878e-08,1.56249996052793e-06
822.5245224252969,3510.4837500000003,500.0,0.0,327,6540000,36,0.014623962342739105,0.0001364999999999995,664.8051770440137,91989.63567515067,-0.005588594764235661,78.00575707624853,69.75700426101685,85.861172914505,155.61817908287048,-3.814697446813398e-09,1.56249996052793e-06
785.773505837403,1254.2850000000003,500.0,0.0,328,6560000,36,0.011854752898216248,0.0001359999999999995,902.6351023109661,92177.08947801573,-0.006216375878230987,79.81885988305213,73.49099779129028,71.30164623260498,144.79264640808105,-1.2588500908350397e-08,1.367187451251084e-06
772.1894996246683,2492.09625,500.0,0.0,329,6580000,36,0.010323581285774708,0.00013549999999999953,772.3132606915307,69582.98304440326,-0.004839641960937151,81.7133984658834,75.97915744781494,75.55198669433594,151.53114676475525,1.6403198799253005e-08,-6.83593725625542e-07
833.8025490567558,1469.7325,500.0,0.0,330,6600000,36,0.016248289495706558,0.00013499999999999954,850.3633371934766,122674.68536756121,-0.005287736699120318,84.07723540772264,66.57138276100159,83.7068464756012,150.27823042869568,-3.433227480087453e-09,-2.148437488358468e-06
796.0141648826775,4560.409999999999,500.0,0.0,331,6620000,36,0.012533312663435936,0.00013449999999999956,986.2876335106126,91856.45356238612,-0.004698937921028552,85.92937859686546,79.18008494377136,82.39620399475098,161.57629132270813,-1.3160705414350105e-08,9.277343906433089e-07
757.475682524258,2621.035,500.0,0.0,332,6640000,36,0.015299110673367977,0.00013399999999999954,1184.7180585634383,165523.8673054103,-0.006175341802927902,87.42315477067204,71.39288353919983,78.46270275115967,149.8555884361267,-1.6212463593845428e-09,-3.906249901319825e-07
841.9382429171561,5095.5475,500.0,0.0,333,6660000,1,0.1577693223953247,0.00013349999999999956,1212.8862112612007,117697.55027580871,0.0075096961485739714,88.54693259827245,68.2098879814148,1.9628541469573975,70.17274332046509,-3.8146971692576415e-10,5.95703113503987e-06
835.6894531029408,2466.445,500.0,0.00125,334,6680000,36,0.011847867630422115,0.00013299999999999955,711.4294376393603,129847.23738931771,-0.0068861553772347015,89.29646837791738,61.47412395477295,76.53347373008728,138.00760006904602,1.0681151962899094e-08,6.054687673895387e-06
871.2241644158136,4879.42125,500.0,0.02375,335,6700000,30,0.021582603454589844,0.00013249999999999953,1066.5080255331704,178428.02061680477,-0.006944881840827215,91.74141004438471,63.83458852767944,62.594521284103394,126.42911100387573,-1.1444092340440193e-09,-3.906250185536919e-06
853.5205506056933,3107.41875,500.0,0.0,336,6720000,36,0.012300949543714523,0.00013199999999999955,937.249355188193,118054.05019453683,-0.005734924259316209,92.39444634894932,67.96194815635681,73.4459900856018,141.40794014930725,5.340575981449547e-09,4.2480469346628524e-06
777.6320298979429,3686.1649999999995,500.0,0.0,337,6740000,21,0.029990261420607567,0.00013149999999999956,1351.7478812615402,137014.61578891927,-0.003828564064339751,93.20494369537015,67.76198720932007,48.24976921081543,116.01175904273987,-1.5258788677030566e-09,-2.6367188183940016e-06
860.9984233629806,2180.0,500.0,0.0,338,6760000,36,0.01325276494026184,0.00013099999999999955,786.1673443306411,87566.32421194664,-0.003866435505948494,93.53077758217603,67.96259832382202,84.8988790512085,152.8614799976349,-2.0980834847250662e-09,2.978515567519935e-06
818.6942421148514,2485.56875,500.0,0.0,339,6780000,36,0.011170539073646069,0.00013049999999999957,904.134852343347,153060.03398269365,-0.004437996861528186,95.29055787351565,66.90177416801453,76.36833095550537,143.27010655403137,-4.959106458812812e-09,4.394531060825102e-06
827.5879946080561,6668.5650000000005,500.0,0.0,340,6800000,36,0.015850689262151718,0.00012999999999999955,883.9963485113814,341686.81750743947,-0.008199485153561777,96.40442311412525,73.78731894493103,83.60758543014526,157.39490675926208,3.7193297330873065e-09,-2.83203121398401e-06
836.9200792536506,6114.9075,500.0,0.0,341,6820000,36,0.01299313548952341,0.00012949999999999957,808.1284037919429,111401.58934992207,-0.006059450244378625,96.84955025193197,64.11113953590393,73.03624653816223,137.1473891735077,8.583068478174027e-09,-2.148437488358468e-06
767.0902888399489,3953.8337499999993,500.0,0.0,342,6840000,36,0.017189329490065575,0.00012899999999999958,701.2975423018645,151658.38935801675,-0.005204149513146855,98.06017482284963,65.17415118217468,79.49941730499268,144.67357063293457,-6.675719976811934e-10,1.074218744179234e-06
934.8230776645509,3457.15,500.0,0.0,343,6860000,36,0.01049912441521883,0.00012849999999999957,536.4265370062576,132135.94092481543,-0.0075230822699834795,98.70677655700423,77.04247188568115,71.02118515968323,148.06365823745728,-4.529952857268427e-09,7.81249980263965e-07
815.3120910710207,2303.5012500000003,500.0,0.0,344,6880000,36,0.012791880406439304,0.0001279999999999996,559.7377789158494,169333.11536857867,-0.006596757705594662,98.39659173902486,71.64065289497375,77.1502411365509,148.79089736938477,6.675720420901143e-09,-2.5390625069121597e-06
742.6905942567356,3177.6737499999995,500.0,0.0,345,6900000,36,0.011995530687272549,0.0001274999999999996,537.6708019285029,106482.89606356392,-0.005772769132063367,101.50085698182929,68.20986318588257,73.25653839111328,141.4664032459259,1.3351440841802287e-08,-1.9531250927684596e-06
819.7454604934807,2666.4125,500.0,0.0,346,6920000,36,0.010791368782520294,0.00012699999999999962,578.5520604011392,155421.24942565852,-0.005548226591392215,103.80967524104987,71.76231789588928,70.44433951377869,142.20665836334229,2.155304024142879e-08,-2.9296876391526894e-07
853.6611831674312,2560.3737499999997,500.0,0.0,347,6940000,36,0.014276165515184402,0.00012649999999999963,542.9400112854914,154830.95410550584,-0.00591034246704078,106.07616282914351,84.36854815483093,75.38998341560364,159.75853395462036,3.6239624634504253e-09,7.617187293362804e-06
852.6868228523035,9373.41,500.0,0.0,348,6960000,36,0.01645866222679615,0.00012599999999999965,591.3162423622367,300560.15152925457,-0.007168269521971047,109.3087950250465,61.996330976486206,74.97827219963074,136.97460412979126,8.392333938900265e-09,9.765624753299562e-08
769.8744880741293,2421.4537499999997,500.0,0.0,349,6980000,36,0.015841752290725708,0.00012549999999999966,502.5533708654315,85947.48889506824,-0.00548503038495826,111.35749828608103,65.941725730896,75.0475594997406,140.98928689956665,-2.0122527644161892e-08,-4.882812731921149e-07
915.6257628522633,4288.96125,500.0,0.025,350,7000000,36,0.015198263339698315,0.00012499999999999968,791.7298641854836,206954.67941051262,-0.004651140030209811,112.71369405617136,64.88878893852234,72.85900115966797,137.74779319763184,-1.3351439953623867e-09,-1.8554687812866177e-06
884.0228302251022,2128.49125,500.0,0.0,351,7020000,33,0.020005475729703903,0.00012449999999999967,625.4700581615875,144586.0466904468,-0.004206094142005911,35.022587377965735,65.97447657585144,62.89385390281677,128.86833143234253,-1.6593933338526767e-08,4.492187599680619e-06
780.1686019411065,2641.2125,500.0,0.0,352,7040000,36,0.010248148813843727,0.00012399999999999965,886.1585747912119,190321.10887701207,-0.004193754015507109,36.57049428921538,58.30857515335083,69.26784920692444,127.57642579078674,-2.6702879907247734e-09,-2.6367188183940016e-06
816.5463451303738,5486.530000000001,500.0,0.0,353,7060000,36,0.01294044777750969,0.00012349999999999967,690.5537224215398,134164.50082810211,-0.0065395499539811506,38.53947047456004,61.04894828796387,77.02781629562378,138.07676601409912,9.53674295089968e-09,-6.24999984211172e-06
777.8801463925226,4559.02125,500.0,0.0,354,7080000,36,0.014165681786835194,0.00012299999999999966,717.5895096714885,158879.12668593097,-0.00757573487215689,39.599970492565085,57.75059103965759,71.68949699401855,129.44008994102478,-4.577636936176077e-09,-2.734374902502168e-06
918.4393663760518,704.1837499999999,500.0,0.0,355,7100000,36,0.00952970515936613,0.00012249999999999967,461.91598122366196,65328.094757285915,-0.005801151091090569,40.65017861476976,57.3192138671875,65.10401225090027,122.42322731018066,2.6702881683604573e-08,1.220703097715159e-06
867.0363544869509,5121.03875,500.0,0.0,356,7120000,36,0.012505359947681427,0.00012199999999999967,497.413294236627,246060.17373227142,-0.007874100683679336,42.065949519559936,59.139400005340576,67.71560454368591,126.85500717163086,-2.002716037452501e-08,1.4453125004365575e-05
835.7694337713817,9416.586249999998,500.0,0.0,357,7140000,36,0.01274909544736147,0.00012149999999999967,479.5733047718269,329933.33333454665,-0.007136178809158764,43.715997437614895,58.48461699485779,63.99737310409546,122.48199224472046,-1.2588500908350397e-08,2.050781176876626e-06
751.8107563616819,4462.07,500.0,0.0,358,7160000,36,0.012096120975911617,0.00012099999999999967,452.41028088037115,116648.86150661546,-0.0055136818991792826,45.31626417554775,58.265602111816406,66.74211812019348,125.00772142410278,1.7356873271978657e-08,-1.8066406255456968e-06
888.88113359258,5578.8150000000005,500.0,0.0,359,7180000,36,0.016603874042630196,0.00012049999999999968,483.1780134823291,203462.23370029827,-0.006278978982239593,47.0466601876532,56.57720589637756,65.57999730110168,122.1572048664093,6.38961772381208e-09,-4.882812731921149e-07
830.6419791617285,2516.3812500000004,500.0,0.0,360,7200000,36,0.013032516464591026,0.00011999999999999968,521.2704889509413,171917.31105006294,-0.00604617931382244,48.35702050675896,55.95571684837341,72.39973402023315,128.35545253753662,2.250671471415444e-08,-1.56249996052793e-06
728.4418830957171,5050.715,500.0,0.0,361,7220000,36,0.013298521749675274,0.00011949999999999968,651.3259828145681,325594.7752202379,-0.006509214010144848,50.26809135683471,57.20490074157715,65.94075560569763,123.14565896987915,2.38418573772492e-09,1.56249996052793e-06
808.1629014587323,3688.25125,500.0,0.0,362,7240000,3,0.020191282033920288,0.00011899999999999968,1020.4053649739843,397287.8668484591,0.0005067523531179332,51.1613132407744,61.47268295288086,5.1946189403533936,66.66730332374573,-1.9073485846288207e-10,-1.8554687812866177e-06
775.3597331056753,4289.1975,500.0,0.0,363,7260000,36,0.012876446358859539,0.00011849999999999968,567.6463132898224,210465.96985101615,-0.005154579986768048,51.91644192046632,58.040188789367676,62.31833577156067,120.35852646827698,7.629394338515283e-10,-3.906250185536919e-06
902.1827772980993,1877.7825,500.0,0.0,364,7280000,36,0.012734240852296352,0.00011799999999999968,421.1198177256396,172811.18956353862,-0.005627681014162248,53.17059268010268,58.10454821586609,67.6090898513794,125.71363997459412,2.2888184680880386e-09,-2.050781176876626e-06
822.6222306955426,4052.33125,500.0,0.0,365,7300000,36,0.016423404216766357,0.00011749999999999968,459.2146883244459,171901.35347411156,-0.006478199044519881,54.39622515095097,57.23992562294006,69.6991593837738,126.93908715248108,5.149841442175784e-09,-5.859375278305379e-07
869.3603974115609,1979.2137500000001,500.0,0.0,366,7320000,36,0.011722617782652378,0.00011699999999999969,421.66353008160576,165358.98396177226,-0.005982273544740615,56.61553549639587,57.93425726890564,68.2608151435852,126.19507360458374,-3.7193297330873065e-09,-9.765624753299562e-08
959.2977534306776,3030.9725000000003,500.0,0.0,367,7340000,36,0.010022076778113842,0.00011649999999999969,348.78840511946294,281299.7765088012,-0.005921110424062189,58.00384262804025,57.77765345573425,65.63681197166443,123.414466381073,-1.1348724626714102e-08,2.83203121398401e-06
827.8088247584859,6004.2325,500.0,0.0,368,7360000,36,0.015055916272103786,0.00011599999999999969,336.7495469982674,232245.58898358114,-0.006849042184724128,58.972127068072375,58.29314875602722,69.5637698173523,127.85692071914673,3.3378602104505717e-09,-2.3437501113221515e-06
756.0986716912306,4327.01375,500.0,0.0,369,7380000,36,0.01729460433125496,0.00011549999999999969,411.3503332398739,396140.14932254225,-0.007351511623493432,60.51573487194794,59.573180198669434,63.85094237327576,123.4241247177124,7.629394338515283e-10,3.3203125440195436e-06
917.061803859561,6018.001249999999,500.0,0.0,370,7400000,36,0.02041345275938511,0.00011499999999999969,310.56961220851974,149934.59151642094,-0.007848599542813911,62.18644523688314,59.495733976364136,66.06561923027039,125.561354637146,5.531310964812519e-09,-4.394531060825102e-06
867.1049518499551,4309.147500000001,500.0,0.0,371,7420000,36,0.013576739467680454,0.00011449999999999969,269.57738876816734,229059.6326887397,-0.007157034708514616,64.10012271719957,57.317338943481445,66.97370290756226,124.29104495048523,-5.149841442175784e-09,3.3203125440195436e-06
869.9588731820153,0.0,500.0,0.0,372,7440000,36,0.011401292867958546,0.0001139999999999997,233.26244266091572,59644.2027460057,-0.006482302542576843,65.37827410916297,56.751213788986206,63.75177621841431,120.5029923915863,2.3841858265427618e-08,2.4414063659605745e-07
772.7432472207796,1400.0775,500.0,0.0,373,7460000,36,0.012789064086973667,0.0001134999999999997,315.46674704830997,200278.55244672758,-0.006420800417009874,66.48913667114822,57.97186636924744,66.81587243080139,124.78773999214172,7.057189943537878e-09,-2.734374902502168e-06
811.9296903427318,2207.5787499999997,500.0,0.0,374,7480000,36,0.01554279774427414,0.0001129999999999997,448.36250767828005,189850.20740287763,-0.008619753501440319,68.17003825915211,57.30115985870361,64.99349236488342,122.29465460777283,-5.817413217812373e-09,3.3203125440195436e-06
850.0936080923306,3350.5962499999996,500.0,0.0,375,7500000,36,0.015251458622515202,0.0001124999999999997,349.1653189850395,241791.54908838565,-0.0068266432569767214,70.61132328925845,57.31039547920227,65.08013272285461,122.39052939414978,-3.433227480087453e-09,-6.24999984211172e-06
937.5169047284011,9928.64625,500.0,0.0,376,7520000,2,0.021562734618782997,0.0001119999999999997,487.84559931160925,327355.5328536841,0.0010196408119272833,71.21695439884076,64.2090950012207,3.8699285984039307,68.07902550697327,7.629394893626795e-09,-2.9296876391526894e-07
864.2473879928763,3794.7524999999996,500.0,0.0,377,7540000,28,0.03356015682220459,0.0001114999999999997,425.6060924843423,217778.05012103403,-0.0032803789651225817,72.55949332299487,59.228707790374756,54.05436587333679,113.28307461738586,-1.6212464259979242e-08,-1.1718750556610757e-06
806.4079895270887,3870.96375,500.0,0.0,378,7560000,36,0.011938918381929398,0.0001109999999999997,328.64768021556137,241112.24022397498,-0.0058238411088620224,73.80356060227139,57.4490430355072,63.1172080039978,120.56625247001648,-1.3351439953623867e-09,-2.5390625069121597e-06
871.5521074371372,4553.4625,500.0,0.0,379,7580000,36,0.012452725321054459,0.0001104999999999997,304.19954558099295,222381.4729360974,-0.005203069536388813,74.97425088080101,61.31414198875427,68.33200335502625,129.64614701271057,-4.482269222449986e-09,-4.101562353753252e-06
865.5369556429192,1572.7799999999997,500.0,0.0,380,7600000,36,0.013560183346271515,0.0001099999999999997,215.84716609119312,193599.9424175226,-0.006782176723930374,76.97078015899929,56.166632652282715,66.18360924720764,122.35024309158325,2.1934509764065524e-09,2.6367188183940016e-06
896.4229582659834,3796.5575,500.0,0.0,381,7620000,36,0.01318769995123148,0.00010949999999999971,318.04500732990624,265728.62326059554,-0.00606395921010007,79.45957440114589,57.69670534133911,64.36988377571106,122.06659078598022,-1.1634826435624745e-08,1.9531250927684596e-06
802.8698597512191,2492.82875,500.0,0.0,382,7640000,36,0.013697626069188118,0.00010899999999999971,270.8544203034097,161307.7973738546,-0.00620496649587721,81.3748675601297,61.16061544418335,65.0963990688324,126.25701522827148,1.0871887390351276e-08,-1.9531249506599124e-07
806.643755143137,2785.93125,500.0,0.0,383,7660000,36,0.01304701343178749,0.00010849999999999971,245.30773841281032,179524.24251986752,-0.00598796656641279,81.90850828453121,58.00944542884827,63.7238564491272,121.73330330848694,2.1934509764065524e-09,-8.78906234902388e-07
891.7365131522067,1773.8262499999996,500.0,0.0,384,7680000,36,0.012395646423101425,0.00010799999999999971,272.60341027868867,231934.8370639962,-0.00752631222213796,83.83051642518456,60.35522937774658,63.61581063270569,123.97104096412659,1.6307831529616124e-08,-9.765625463842298e-07
907.4222607100849,2677.2487499999997,500.0,0.0,385,7700000,36,0.011613891460001469,0.00010749999999999971,293.00877761299154,119361.04253095221,-0.00566031018273778,85.50013610899427,61.60565638542175,64.64737892150879,126.25303673744202,5.7220459481754915e-09,1.4648437627329258e-06
861.9323858626143,1679.9899999999998,500.0,0.0,386,7720000,36,0.0144863435998559,0.00010699999999999971,337.60991643445897,203104.74697610558,-0.007161511133426095,87.32046697086419,61.32078766822815,68.6543984413147,129.9751889705658,-8.583068700218632e-10,1.8554687812866177e-06
884.2524407856778,1752.985,500.0,0.0,387,7740000,36,0.01415390893816948,0.00010649999999999972,285.1930091608743,178585.23400579905,-0.005903994570956785,88.23789986829449,55.582233905792236,64.47665572166443,120.05889081954956,-1.8787384092888715e-08,6.83593725625542e-07
848.712594509032,2056.5325,500.0,0.0,388,7760000,36,0.011197501793503761,0.00010599999999999972,353.9221165886914,191194.3215177764,-0.00568117569365172,90.4308972715866,62.930033922195435,63.54434037208557,126.4743766784668,-9.536743617033494e-10,-1.4648437627329258e-06
848.7826302093657,2207.9924999999994,500.0,0.0,389,7780000,36,0.014188052155077457,0.00010549999999999972,362.8219305213817,212594.8745267121,-0.005954514509274809,92.98685158962132,60.47513747215271,67.05888390541077,127.53402328491211,-1.6593933338526767e-08,3.7109375625732355e-06
763.6554999900878,1268.44375,500.0,0.00125,390,7800000,36,0.010897301137447357,0.00010499999999999972,333.7088987420204,145592.0459149909,-0.00571551624035716,95.20274428996288,61.95043921470642,63.0816605091095,125.03210210800171,-8.583068478174027e-09,-5.566406343859853e-06
851.2065994240107,3416.93375,500.0,0.02375,391,7820000,36,0.01754577085375786,0.00010449999999999972,345.1434418120027,274089.9068599616,-0.006573856687170355,95.72483666839437,61.243879318237305,63.234941244125366,124.47882151603699,3.747939913978371e-08,-8.398437785217538e-06
867.395488107436,6362.4525,500.0,0.0,392,7840000,36,0.011183771304786205,0.00010399999999999972,265.6037312650833,243774.315358014,-0.00525568513661133,95.55560442958692,61.62430286407471,64.26177287101746,125.88607716560364,-1.239776614703203e-09,-3.12499992105586e-06
853.021150086514,3393.52625,500.0,0.0,393,7860000,36,0.013184289447963238,0.00010349999999999972,239.1551268418122,284001.09050813835,-0.007468764854011212,96.23023438783753,57.47971320152283,66.72199010848999,124.20170426368713,5.292892346631106e-09,9.765624753299562e-08
809.042798539087,1759.11875,500.0,0.0,394,7880000,36,0.009986520744860172,0.00010299999999999973,242.20428946511646,141124.2019244036,-0.004953092324281661,97.8110029737197,62.85248684883118,63.790143966674805,126.6426329612732,-1.3208389049168545e-08,4.589843683788786e-06
861.6869471021182,2239.075,500.0,0.0,395,7900000,36,0.011273506097495556,0.00010249999999999973,167.05837455454304,147951.36489559413,-0.007320562292047917,98.72743920531728,58.987560987472534,63.51635456085205,122.5039165019989,-1.4662743019755453e-08,-1.367187451251084e-06
804.6965440316567,695.4675,500.0,0.0,396,7920000,36,0.010559341870248318,0.00010199999999999973,129.97824334031858,150270.47449072803,-0.005734627492939752,100.59231683909152,59.04568076133728,65.38234543800354,124.4280276298523,-1.7738342350526182e-08,8.78906234902388e-07
787.3123675591999,4583.97,500.0,0.0,397,7940000,36,0.013782735913991928,0.00010149999999999973,150.19323709242133,203970.88621876872,-0.007039436459763076,103.36800155057355,55.467376947402954,66.27530479431152,121.74268460273743,-1.9550323582251394e-09,3.12499992105586e-06
806.3720892163692,4445.52875,500.0,0.0,398,7960000,36,0.014089426025748253,0.00010099999999999973,231.57009329438674,199137.5371991619,-0.008506792940747028,106.33501430873038,57.532084703445435,63.460598945617676,120.99268651008606,0.0,-5.859375278305379e-07
756.4217107753526,1038.70875,500.0,0.0,399,7980000,36,0.011142016388475895,0.00010049999999999973,278.781409444054,149904.95342564743,-0.005537412312829964,106.61847620548659,57.48931288719177,63.91501760482788,121.40433168411255,1.2969970875076342e-08,1.4648437627329258e-06
898.7159900106911,8292.39125,500.0,0.0,400,8000000,36,0.014705954119563103,9.999999999999973e-05,200.98988286628764,466389.55649987794,-0.0068788736201166505,106.71476507271525,57.29534029960632,65.09419226646423,122.38953351974487,0.0,-7.81249980263965e-07
453.15508601496595,11566.28125,500.0,0.185,401,8020000,36,0.015709517523646355,9.949999999999974e-05,388.1767913661276,816828.1619558013,-0.009872623301965122,38.84295200277484,62.77237939834595,63.08449363708496,125.85687446594238,2.8610229740877458e-09,1.0546875273576006e-05
263.67894444598176,8492.73125,500.0,0.27249999999999996,402,8040000,36,0.016095131635665894,9.899999999999974e-05,283.5332511777272,581680.3664943383,-0.011170176699931393,40.26379221603724,59.176928758621216,63.83482480049133,123.01175475120544,-8.068084866863501e-08,-1.2890624930150807e-05
344.0906869631095,8559.4,500.0,0.24375,403,8060000,36,0.017716508358716965,9.849999999999974e-05,382.8264090010237,512107.1697111011,-0.008338472458159033,42.59476054573804,57.34970450401306,62.527175426483154,119.87688136100769,-3.499984657651112e-08,-2.3437501113221515e-06
332.4268723815796,10545.41125,500.0,0.2375,404,8080000,36,0.014787347055971622,9.799999999999974e-05,339.23226577371497,532572.0398915554,-0.010399719757928996,44.31658229245588,59.47393274307251,62.84841704368591,122.3223512172699,-5.4836274188119205e-08,3.6132812510913936e-06
297.7370376905951,8253.88875,500.0,0.30625,405,8100000,36,0.01602664776146412,9.749999999999974e-05,454.3078352948813,616460.2167424482,-0.007227982903337192,45.894605206986206,62.54260778427124,67.35019445419312,129.89280486106873,4.959106458812812e-09,-1.9531249506599124e-07
309.6949709272108,12385.60375,500.0,0.22374999999999998,406,8120000,36,0.017113620415329933,9.699999999999974e-05,342.7517121565185,494934.4963852974,-0.00846874066420646,47.58473288475473,62.55888843536377,65.45009684562683,128.00898718833923,4.8446654687950286e-08,-6.054687673895387e-06
333.97914336906945,12366.01375,500.0,0.165,407,8140000,36,0.01487046480178833,9.649999999999974e-05,553.5923434011387,722939.3508175114,-0.0077657608726252976,49.087920796249115,64.54721760749817,63.89016318321228,128.43738222122192,7.438659466174613e-09,6.24999984211172e-06
316.5347012236442,13937.84375,500.0,0.27625,408,8160000,36,0.017358677461743355,9.599999999999974e-05,343.3000988315343,603023.0907977792,-0.007779789887607378,51.23251300726455,60.652682304382324,64.95390892028809,125.60659289360046,-1.907348590179936e-08,-1.757812469804776e-06
294.12863593287454,10432.685000000001,500.0,0.2725,409,8180000,36,0.02002316527068615,9.549999999999975e-05,461.48908784586695,507735.89556154597,-0.009096351640349712,53.39511912572371,58.58836030960083,64.40104532241821,122.9894073009491,-8.964538444899972e-09,5.859375278305379e-07
285.7720746398064,15108.967499999999,500.0,0.15750000000000003,410,8200000,36,0.015884125605225563,9.499999999999975e-05,425.36692183484075,818517.1399729183,-0.007576800439915318,54.881682530674986,58.79428148269653,70.57119178771973,129.36547446250916,-9.536743617033494e-10,1.0156250027648639e-05
316.4989498671676,10431.82875,500.0,0.22874999999999995,411,8220000,36,0.012528515420854092,9.449999999999975e-05,363.27483281185323,701520.4210001844,-0.008134877389215436,56.680737707011446,69.3876588344574,64.27942848205566,133.6670892238617,2.2602081983791322e-08,2.148437488358468e-06
279.29862823209476,8145.3362499999985,500.0,0.32999999999999996,412,8240000,36,0.015185155905783176,9.399999999999975e-05,279.36943745232236,495145.45856282726,-0.006596585921025751,59.889661613236854,58.057701110839844,65.58873391151428,123.64643716812134,-7.2479249269008506e-09,3.3203125440195436e-06
269.01453391413486,12393.18125,500.0,0.23625,413,8260000,36,0.01410825364291668,9.349999999999975e-05,357.2089077533455,763041.9151870896,-0.007917136439111681,61.90975059479486,57.35478854179382,68.81398558616638,126.1687753200531,1.3732909920349812e-08,-5.859375050931703e-06
363.5041890327628,11157.145,500.0,0.25625,414,8280000,36,0.014705035835504532,9.299999999999975e-05,631.4124216080389,622085.8865741896,-0.007324548520760747,62.93047278021344,60.79186987876892,64.17119193077087,124.963063955307,-1.7166137400437265e-09,-3.906249901319825e-07
341.7669669882715,8274.74375,500.0,0.32625000000000004,415,8300000,36,0.018273403868079185,9.249999999999975e-05,368.90951649601845,454872.31164979783,-0.008861659591533025,63.51693497509833,62.30356955528259,64.51187205314636,126.81544351577759,3.051757735406113e-09,-1.074218744179234e-06
371.3318061602862,11181.23125,500.0,0.22874999999999995,416,8320000,36,0.014694752171635628,9.199999999999976e-05,614.1277532079857,425636.51297680655,-0.0069943939121245,64.45213221521888,59.90150785446167,65.72362422943115,125.62513327598572,-5.7220459481754915e-09,1.56249996052793e-06
358.9297237142389,10242.4625,500.0,0.25749999999999995,417,8340000,36,0.013713552616536617,9.149999999999976e-05,474.12821122353324,484250.5375971362,-0.00824796975225628,66.881951723786,60.902016162872314,63.77881979942322,124.68083810806274,3.8146971692576415e-10,4.150390850554686e-06
432.53484942594434,11580.2925,500.0,0.38875000000000004,418,8360000,36,0.01989569142460823,9.099999999999976e-05,433.011767820386,749523.2110531137,-0.007688074480900246,69.58455901100231,60.31430411338806,64.69463872909546,125.00894451141357,3.528594971768939e-09,2.148437488358468e-06
334.1452889749351,13836.44875,500.0,0.4675000000000001,419,8380000,36,0.015547350980341434,9.049999999999976e-05,487.69285986090875,602865.5949009362,-0.008057603673725286,71.71858142951638,59.23939824104309,68.34925889968872,127.58865857124329,-6.294250454175199e-09,-3.12499992105586e-06
321.7225403902134,16130.27,500.0,0.355,420,8400000,36,0.017254823818802834,8.999999999999976e-05,517.4688551398004,556152.5408024244,-0.009745275906270728,72.4615304227158,57.13637042045593,65.82627773284912,122.96265006065369,1.0490417423625331e-09,2.3437501113221515e-06
343.6466428621498,11101.678750000001,500.0,0.26625,421,8420000,36,0.01718013547360897,8.949999999999976e-05,364.76877529400224,457906.96785785106,-0.008350436683447636,72.48747242584608,57.87862420082092,66.70611143112183,124.58473777770996,4.76837147544984e-09,-2.3437501113221515e-06
395.3115397843957,9309.616250000001,500.0,0.45499999999999996,422,8440000,36,0.014005637727677822,8.899999999999976e-05,312.8574379740516,500320.9702503772,-0.00823207986682324,72.8218450143399,56.79253554344177,64.28298783302307,121.07552456855774,-7.820129432900558e-09,1.56249996052793e-06
289.80818568489974,10279.00375,500.0,0.2525,423,8460000,36,0.015679700300097466,8.849999999999977e-05,264.2042121047622,492499.9350173403,-0.00683233683517571,74.19278074622704,57.21679973602295,67.04475808143616,124.26155948638916,-3.2424928519958485e-08,3.808593646681402e-06
349.82702144752824,9919.66875,500.0,0.31625000000000003,424,8480000,36,0.014225122518837452,8.799999999999977e-05,436.86730141143744,393910.9393654181,-0.007464715377271425,75.92424580320467,56.39165997505188,65.15185928344727,121.54352068901062,1.5258788677030566e-09,-1.4648437627329258e-06
305.16589334577714,9597.2,500.0,0.26125,425,8500000,36,0.017273250967264175,8.749999999999977e-05,253.97863027107473,450623.65589189244,-0.007232214076096376,77.14580003225849,57.34118890762329,71.01083302497864,128.35202360153198,5.054473728449693e-09,-5.761718966823537e-06
315.61590717015537,7580.496250000001,500.0,0.21875,426,8520000,36,0.013485325500369072,8.699999999999977e-05,504.8142941115721,347531.98835127684,-0.007137776019439639,77.84928565182751,56.85325789451599,76.89162373542786,133.7448832988739,6.484985437538171e-09,5.859375278305379e-07
401.3261889637492,10942.18625,500.0,0.3675,427,8540000,36,0.014323228038847446,8.649999999999977e-05,503.61229449398434,665515.6298521324,-0.009009007861683847,79.18118899639592,60.518720865249634,63.79290986061096,124.31163287162781,6.484985437538171e-09,-8.886719115253072e-06
322.53691962118273,15899.158749999999,500.0,0.36249999999999993,428,8560000,36,0.01569940522313118,8.599999999999977e-05,524.3274709351485,609618.4539920156,-0.007849742255352895,81.44190644117633,58.21129846572876,67.10767436027527,125.31897449493408,1.0299682884351569e-08,4.296874976716936e-06
372.50960074527876,13146.35375,500.0,0.39249999999999996,429,8580000,36,0.015187447890639305,8.549999999999977e-05,430.9452617138804,593436.9934036965,-0.008659263382022202,83.56235945880688,56.727752923965454,65.161860704422,121.88961505889893,-5.722046170220096e-10,1.757812469804776e-06
401.248045699456,11250.4075,500.0,0.25125000000000003,430,8600000,36,0.015650229528546333,8.499999999999978e-05,413.07643298134553,575358.7210454592,-0.0094266734790172,86.25332158298242,58.989511251449585,67.30601668357849,126.29552936553955,0.0,3.3203125440195436e-06
367.20886861834634,8898.995,500.0,0.40374999999999994,431,8620000,36,0.01625429093837738,8.449999999999978e-05,383.7418345335235,349721.25513934647,-0.00847590440418654,88.34496408935807,59.248493909835815,67.03628373146057,126.28477883338928,7.629394338515283e-10,-1.6601562720097718e-06
350.80998405701877,18439.682500000003,500.0,0.34750000000000003,432,8640000,36,0.015822643414139748,8.399999999999978e-05,647.873201408156,826432.8683269962,-0.008208554939548382,89.65879488516075,57.16922163963318,64.54940414428711,121.71862721443176,1.1444092340440193e-09,4.296874976716936e-06
497.712683441411,14894.7225,500.0,0.45375,433,8660000,36,0.013461572118103504,8.349999999999978e-05,556.4191170910127,649543.8053328217,-0.008418818390166158,90.85050701985006,60.49665880203247,66.26524710655212,126.76190733909607,1.1444092340440193e-09,1.9531250927684596e-06
388.3389736283679,8539.765,500.0,0.37374999999999997,434,8680000,36,0.012296785600483418,8.299999999999978e-05,493.3386683093346,413370.02597545314,-0.00823419725715474,92.288136424348,57.72503471374512,63.91929793357849,121.64433455467224,5.62667867853861e-09,3.906250185536919e-06
384.82377753409094,8759.41875,500.0,0.46375,435,8700000,36,0.01644490286707878,8.249999999999978e-05,403.81247577254214,512690.45092712773,-0.008848005146526935,94.02811436082693,58.82067036628723,65.65681076049805,124.47748327255249,-7.629394338515283e-10,-7.81249980263965e-07
372.8080035800326,17390.1075,500.0,0.46624999999999994,436,8720000,36,0.0147080784663558,8.199999999999978e-05,609.4787480033032,700558.4621705965,-0.0072067963545989905,96.05081598581809,62.27966070175171,76.0432825088501,138.3229455947876,3.6239624634504253e-09,-8.593749953433871e-06
379.8997367780587,11986.7275,500.0,0.475,437,8740000,36,0.015503120608627796,8.149999999999979e-05,456.80026245523436,668284.6745121,-0.010496480339433222,97.26999984500169,62.57891082763672,66.05000042915344,128.62891292572021,5.00678998260895e-10,-2.050781176876626e-06
356.1809480051485,11439.971249999999,500.0,0.42625000000000013,438,8760000,36,0.01866455003619194,8.099999999999979e-05,497.0688091517764,435087.4064452605,-0.009761230326518827,100.13515402266097,57.780667543411255,68.93883466720581,126.71950387954712,8.01086397217432e-09,-3.6132812510913936e-06
394.26086382846137,10955.53625,500.0,0.4175000000000001,439,8780000,21,0.02008403092622757,8.049999999999979e-05,524.6164279939485,509191.08862486685,-0.006926041933982132,102.05847038432704,58.04654788970947,38.1095769405365,96.15612602233887,9.536742923144104e-11,1.56249996052793e-06
449.47561459425623,8649.58375,500.0,0.44250000000000006,440,8800000,36,0.015765313059091568,7.999999999999979e-05,604.5004800424789,425240.91717661463,-0.007713161711417814,102.53034373721121,57.04504704475403,63.262531995773315,120.30758023262024,-1.1444092340440193e-09,1.6601562720097718e-06
429.0550369473726,10512.383749999999,500.0,0.35874999999999996,441,8820000,36,0.0162651427090168,7.949999999999979e-05,767.8244888446497,553212.239990841,-0.00677554449516973,102.43536954574395,60.344725370407104,68.40998077392578,128.75470781326294,-3.814697446813398e-09,2.148437488358468e-06
362.4863818697292,12249.0125,500.0,0.3975,442,8840000,36,0.01390751451253891,7.899999999999979e-05,583.3072059179054,525073.5581082421,-0.009098033514964821,103.8589350605925,61.33043646812439,66.75714635848999,128.08758449554443,2.2888184680880386e-09,-4.492187599680619e-06
351.5432572146271,9985.12125,500.0,0.28625,443,8860000,36,0.01405654288828373,7.84999999999998e-05,644.711057583745,476566.8624119811,-0.005541420826512112,106.10877882930714,56.88648295402527,68.42067837715149,125.30716300010681,3.814697446813398e-09,3.515624939609552e-06
311.2358147623225,7637.7699999999995,500.0,0.4,444,8880000,36,0.013869036920368671,7.79999999999998e-05,515.3866356147872,259961.17535788225,-0.008941543763488555,107.79097618073236,59.826061487197876,69.05617785453796,128.88224124908447,-1.1444091896350983e-08,-1.6601562720097718e-06
404.7279174033024,13277.688750000001,500.0,0.5237499999999999,445,8900000,36,0.014754192903637886,7.74999999999998e-05,752.9143451830154,757633.1920697717,-0.008454600426906149,109.9725999510538,58.42570424079895,72.90923810005188,131.3349437713623,9.536743617033494e-10,9.765625463842298e-07
378.70261224503577,12270.56625,500.0,0.2625,446,8920000,36,0.0156461913138628,7.69999999999998e-05,554.889273475238,472200.33727927675,-0.008334157627735804,111.87133966120246,56.205246925354004,69.60481214523315,125.81006193161011,5.149841442175784e-09,-1.757812469804776e-06
356.19015242399837,10618.185000000001,500.0,0.3525,447,8940000,36,0.01648019813001156,7.64999999999998e-05,521.350669113338,440833.31244349317,-0.009757256487225002,114.24559971555819,58.25877833366394,65.43092560768127,123.68970584869385,3.7193297330873065e-09,-4.785156306752469e-06
368.86499137832766,18003.096249999995,500.0,0.4175,448,8960000,36,0.014105051755905151,7.59999999999998e-05,466.96118716699334,329742.58218898374,-0.008686087862476885,117.50961337023523,57.73975968360901,68.19783878326416,125.93760108947754,-8.296966669263384e-09,3.1738281904836185e-06
478.12401648880723,9842.4275,500.0,0.36124999999999996,449,8980000,36,0.012593457475304604,7.54999999999998e-05,682.6519525194151,587334.7728675785,-0.00789807588042196,119.73104808564976,57.44667363166809,66.51677536964417,123.96345043182373,6.866454960174906e-09,1.757812469804776e-06
396.38407646617134,19392.93625,500.0,0.38625,450,9000000,36,0.016394732519984245,7.49999999999998e-05,539.0247168691606,506324.1474413508,-0.007413916785552976,121.19487606721607,62.37922763824463,65.60610699653625,127.98533701896667,1.1444092340440193e-09,-5.859375050931703e-06
354.7098732456886,11803.36375,500.0,0.30625,451,9020000,36,0.016299495473504066,7.44999999999998e-05,593.7023893206688,363412.86671438545,-0.007129501035889259,46.82327075507313,63.13641428947449,67.76639151573181,130.90280723571777,-1.1444092340440193e-09,-1.8554687812866177e-06
309.9718410617114,9312.89,500.0,0.24499999999999997,452,9040000,36,0.014270830899477005,7.39999999999998e-05,524.5967102423178,493503.73879553133,-0.008151739617827175,48.47196260783365,57.70229458808899,70.04531836509705,127.74761438369751,2.8610229740877458e-09,2.734374902502168e-06
389.6776725865764,8207.22875,500.0,0.44125,453,9060000,36,0.01588211953639984,7.349999999999981e-05,815.2433950737685,380253.3664537781,-0.008659419014481785,50.907548074651196,63.756431579589844,62.091614961624146,125.84804821014404,4.1961669694501325e-09,-3.3203125440195436e-06
480.11027420108366,13488.98,500.0,0.475,454,9080000,36,0.016976656392216682,7.299999999999981e-05,762.449150218835,550603.3634081304,-0.00858795337569409,53.90400948827471,60.28722047805786,68.21584010124207,128.50306272506714,-4.00543198608716e-09,-5.175781097932486e-06
358.5266677636805,8527.24,500.0,0.3375,455,9100000,36,0.016112329438328743,7.249999999999981e-05,616.1671521075448,231994.06348358252,-0.009494496625517506,56.698882533253865,56.86383676528931,67.66056728363037,124.52440571784973,-2.479553229406406e-09,3.0273438369476935e-06
446.2922035662822,9557.0525,500.0,0.44375,456,9120000,36,0.014571664854884148,7.199999999999981e-05,626.9579038948382,408354.115227875,-0.008970361114104361,59.31495361375521,62.42600727081299,63.633092403411865,126.05910110473633,-6.103515470812226e-09,2.6367188183940016e-06
347.452553353529,9817.14375,500.0,0.36375,457,9140000,36,0.015013299882411957,7.149999999999981e-05,524.2459741341208,328726.58170364914,-0.009269504062947114,60.493035538212645,58.62235164642334,64.87593197822571,123.49828505516052,5.722046170220096e-10,1.396484367433004e-05
392.4196616229117,13074.326249999998,500.0,0.425,458,9160000,36,0.013753234408795834,7.099999999999981e-05,423.52474595673505,343951.0805821796,-0.008040203823117697,61.53853049496619,57.00104022026062,68.44198632240295,125.44302773475647,-1.125335735707722e-08,-1.367187451251084e-06
473.4972905752402,7879.652499999999,500.0,0.5387500000000001,459,9180000,36,0.013054322451353073,7.049999999999982e-05,368.46990160117724,205757.80249266105,-0.007975113069366106,63.26181997184767,57.49043321609497,65.73963665962219,123.23007273674011,5.674362313357051e-09,1.9531249506599124e-07
391.45147239167335,7634.3825000000015,500.0,0.35375000000000006,460,9200000,36,0.011727260425686836,6.999999999999982e-05,396.88125582523367,283890.7680411862,-0.00834090869197173,65.65076558997033,58.61700630187988,65.97176885604858,124.58877682685852,-1.0490417423625331e-08,-2.3437501113221515e-06
332.70231424903056,10070.06875,500.0,0.39375,461,9220000,36,0.015958433970808983,6.949999999999982e-05,400.1024423510545,235047.03001335016,-0.00939577788195216,67.88768648805032,57.65775465965271,67.72342133522034,125.38117694854736,6.771087690538025e-09,5.859375050931703e-06
338.14313150562157,10255.14875,500.0,0.37124999999999997,462,9240000,36,0.01442339364439249,6.899999999999982e-05,432.718027264504,352595.30681421875,-0.007917680106041302,69.7066438381749,56.58875918388367,68.62889957427979,125.2176604270935,8.392333938900265e-09,-3.12499992105586e-06
368.416635151683,12051.50125,500.0,0.36750000000000005,463,9260000,36,0.013728132471442223,6.849999999999982e-05,464.5379005489004,486852.88704739086,-0.008612167923185574,72.25012313469023,56.01324415206909,64.2209267616272,120.2341718673706,-3.6239624634504253e-09,-1.367187451251084e-06
416.3627865952609,9791.880000000001,500.0,0.40499999999999997,464,9280000,36,0.01360968966037035,6.799999999999982e-05,516.0505363334355,262879.4316798851,-0.008525430180720375,74.26525455728083,60.09036636352539,64.73694968223572,124.82731866836548,5.912780931538464e-09,-1.4648437627329258e-06
369.57578507195933,9128.84125,500.0,0.3175,465,9300000,36,0.015099339187145233,6.749999999999982e-05,396.07550732954877,245607.07644322902,-0.008878400557185829,75.43355330229228,57.97339057922363,64.25297856330872,122.22637176513672,1.1444092340440193e-09,3.3203125440195436e-06
466.5280857623161,5950.9275,500.0,0.45874999999999994,466,9320000,36,0.014244720339775085,6.699999999999983e-05,434.35604089500634,288237.19866902195,-0.010167464369429917,77.09574334520713,56.43882465362549,64.24427795410156,120.68310379981995,1.5258788677030566e-09,1.074218744179234e-06
537.5270359767377,15014.3125,500.0,0.44875,467,9340000,36,0.012683229520916939,6.649999999999983e-05,572.3803910427073,408767.541939494,-0.007527578080463612,79.10875076751655,56.349637269973755,64.49072217941284,120.84036231040955,-2.574920721087892e-09,-7.617187293362804e-06
357.190006792875,9981.335000000001,500.0,0.38625000000000004,468,9360000,36,0.014124162495136261,6.599999999999983e-05,450.89552621431795,276837.83918196167,-0.006998920044580717,80.32839038213771,57.55620765686035,63.060433864593506,120.61664319038391,-1.0299682884351569e-08,9.765624753299562e-08
414.2353296728146,11412.3075,500.0,0.37125,469,9380000,36,0.01582239754498005,6.549999999999983e-05,412.1252615065028,489039.38586681447,-0.008983474775681316,82.2977419424277,55.853227376937866,62.08349347114563,117.93672370910645,-5.2452087118126656e-09,1.9531249506599124e-07
329.870164351583,16688.864999999998,500.0,0.36500000000000005,470,9400000,36,0.016894159838557243,6.499999999999983e-05,364.4804502093796,417454.89746943087,-0.00785278309848304,83.57361294032413,54.3276093006134,61.31864929199219,115.64625978469849,5.722046170220096e-10,4.589843683788786e-06
416.3636617763731,9602.008749999999,500.0,0.30874999999999997,471,9420000,36,0.012257172726094723,6.449999999999983e-05,530.2754040461801,540400.3099194068,-0.007510915724639138,85.91568918536223,53.47045612335205,58.83427715301514,112.30473446846008,4.386901952813105e-09,-5.0781250138243195e-06
369.52695004742634,10723.207499999999,500.0,0.4050000000000001,472,9440000,36,0.01442982628941536,6.399999999999983e-05,400.4740598751037,395553.88971057767,-0.008522075461302242,86.51922369900434,52.74455738067627,59.49970507621765,112.24426412582397,-1.907348723406699e-09,1.9531249506599124e-07
403.28784271911707,10862.278750000001,500.0,0.37625000000000003,473,9460000,36,0.014364054426550865,6.349999999999984e-05,393.7909864643004,366320.82546527986,-0.007492107867690486,87.11508662962177,53.45221138000488,59.24700212478638,112.69921469688416,-7.96318033735588e-09,-5.175781097932486e-06
399.8854082422868,9319.89375,500.0,0.34625,474,9480000,36,0.013664929196238518,6.299999999999984e-05,345.7643209781721,256867.25410003716,-0.007953724123271897,88.50132317927276,53.32978057861328,59.09672451019287,112.4265079498291,-5.2452087118126656e-09,1.6601562720097718e-06
469.636233826477,2890.60875,500.0,0.4875,475,9500000,36,0.012719971127808094,6.249999999999984e-05,522.9395548556771,348189.1075892288,-0.008278375465671155,90.43141545359023,52.880326986312866,59.462035179138184,112.34236335754395,-5.722046170220096e-10,-1.3671875422005542e-05
425.07732365192726,16079.215000000002,500.0,0.4025,476,9520000,36,0.012081678956747055,6.199999999999984e-05,351.272874487517,608723.3159042754,-0.007486451037814441,93.0467618529916,52.97236084938049,61.09631633758545,114.06867814064026,-4.0531160649948106e-09,1.757812469804776e-06
437.40720684965436,13747.798749999998,500.0,0.505,477,9540000,36,0.016197456046938896,6.149999999999984e-05,655.0402833114587,528792.9134601651,-0.009022750580229756,95.25516312030092,53.55904722213745,60.17883801460266,113.73788595199585,3.6239624634504253e-09,-2.9296875254658516e-06
382.47653377110737,12682.04625,500.0,0.35875,478,9560000,36,0.014001251198351383,6.099999999999984e-05,600.1418951648662,339233.843356879,-0.00833000958424652,96.62201253209166,52.57465434074402,58.41279745101929,110.98745274543762,5.531310964812519e-09,1.4648437627329258e-06
385.3848029190002,11894.532500000001,500.0,0.50125,479,9580000,36,0.013090372085571289,6.0499999999999844e-05,645.8256193065541,471716.00267454016,-0.00797612526210456,98.39079119052961,53.11867809295654,59.98976802825928,113.10844731330872,1.1444092340440193e-09,2.6367188183940016e-06
399.00832389711775,5675.436250000001,500.0,0.39249999999999996,480,9600000,36,0.013364122249186039,5.9999999999999846e-05,749.826594849364,166941.65029364475,-0.008784791899970718,100.01709539178503,53.85465335845947,58.8976104259491,112.75226497650146,1.3160705414350105e-08,-1.6601562720097718e-06
319.54456669650324,8216.0875,500.0,0.31500000000000006,481,9620000,36,0.014718803577125072,5.949999999999985e-05,571.8210586193059,363780.75021632056,-0.008082105308921726,100.97905146267382,52.5777633190155,59.67899417877197,112.25675892829895,-1.7929076889799944e-08,-6.54296854918357e-06
406.8968239132927,9652.28125,500.0,0.48875,482,9640000,36,0.01251746341586113,5.899999999999985e-05,320.8926015237057,471620.7226711567,-0.008281501270062793,102.6943016370476,53.355605125427246,58.386985540390015,111.74259209632874,-3.6478041920418036e-08,4.101562353753252e-06
366.0402808421847,16361.74,500.0,0.50875,483,9660000,36,0.013069738633930683,5.849999999999985e-05,306.35118057933477,535642.865002281,-0.009513127810571688,103.66247365489089,52.705769777297974,59.05763387680054,111.76340460777283,2.0122527644161892e-08,1.56249996052793e-06
468.9562077428071,18471.323750000003,500.0,0.5387500000000001,484,9680000,36,0.012860339134931564,5.799999999999985e-05,417.38499039422123,721140.2930672036,-0.008775678398625685,103.64829659724346,53.04207706451416,59.834452867507935,112.87653231620789,1.4114379887075756e-08,-3.12499992105586e-06
439.53701328647094,14215.15125,500.0,0.46375,485,9700000,36,0.012219092808663845,5.749999999999985e-05,391.5386538419226,700980.3695715328,-0.00867366073540282,104.68566548676198,53.8189902305603,59.10653305053711,112.92552471160889,2.861023085110048e-10,1.56249996052793e-06
452.0332634535919,10570.783749999999,500.0,0.39,486,9720000,36,0.01294139213860035,5.6999999999999854e-05,280.01273868589226,589598.3103068077,-0.009486230225747773,106.85915384776719,53.42001724243164,59.00246620178223,112.42248439788818,3.0851364130057846e-08,-1.9531250927684596e-06
417.22668531029393,13577.83375,500.0,0.53125,487,9740000,36,0.014586561359465122,5.6499999999999855e-05,331.5904849461727,557430.3337834812,-0.009684506561622,108.24114679384621,52.38282108306885,58.9414439201355,111.32426619529724,-1.363754265071293e-08,-3.906250185536919e-06
414.10835652676496,8212.96375,500.0,0.46375,488,9760000,36,0.012985305860638618,5.599999999999986e-05,313.35534649755164,352841.13179789076,-0.008976892516038283,107.57048279772764,52.88485336303711,59.17225527763367,112.05710959434509,7.629394893626795e-09,1.367187451251084e-06
462.0506034635928,14005.972499999998,500.0,0.515,489,9780000,36,0.016204560175538063,5.549999999999986e-05,367.18123889214866,483256.6070332607,-0.00999315176128149,107.44675966031932,54.13641953468323,59.922327280044556,114.05874800682068,1.4305114870438729e-09,-2.9296875254658516e-06
481.3407322789197,12884.716250000001,500.0,0.575,490,9800000,36,0.014157678000628948,5.499999999999986e-05,366.08268983574845,668415.856385859,-0.00843372665306657,108.72685812888182,52.864437103271484,58.35798692703247,111.22242569923401,-7.438659466174613e-09,9.179687367577571e-06
433.26834239232414,15122.726249999998,500.0,0.395,491,9820000,36,0.014313045889139175,5.449999999999986e-05,492.2547045062102,618125.7500157733,-0.010694490390105131,110.63817702941027,53.2130765914917,58.10026812553406,111.31334614753723,-4.386901952813105e-09,3.515624939609552e-06
550.5495354566676,11244.976250000002,500.0,0.51375,492,9840000,36,0.013068513944745064,5.399999999999986e-05,735.4237646977022,389825.75054270803,-0.00868469241707836,113.0756078563686,53.23159837722778,59.08535408973694,112.31695342063904,-9.536743617033494e-10,4.687500222644303e-06
480.9835759862789,11586.79125,500.0,0.465,493,9860000,36,0.0162467323243618,5.3499999999999864e-05,539.7920173743873,523794.09265487717,-0.009483026972023674,113.38141347839768,52.725884675979614,57.726937770843506,110.45282316207886,-2.6702879907247734e-09,-3.515624939609552e-06
363.643875421497,19105.204999999998,500.0,0.33875,494,9880000,36,0.016777047887444496,5.2999999999999865e-05,466.51743613823027,705056.7338329853,-0.009845933380399864,113.43794050206519,54.62083864212036,58.22181224822998,112.84265160560608,-7.629394893626795e-09,2.9296875254658516e-06
418.160367804289,13700.028750000001,500.0,0.41375,495,9900000,36,0.014934618957340717,5.249999999999987e-05,383.2995836652675,606186.1814225711,-0.01026374500008967,115.17863684408115,53.834272384643555,58.07480502128601,111.90907859802246,1.907348723406699e-09,3.808593646681402e-06
631.3323513146292,8830.66875,500.0,0.53125,496,9920000,36,0.01278372947126627,5.199999999999987e-05,513.8331512170859,404874.2389718118,-0.009047217540975884,117.66057162476127,52.67866516113281,59.85407900810242,112.5327455997467,-4.76837147544984e-09,-2.148437488358468e-06
502.75648552860775,15464.48,500.0,0.3825,497,9940000,36,0.01375623606145382,5.149999999999987e-05,307.62039726170656,432517.9820811008,-0.008762178716745592,120.47517933505284,53.58542609214783,59.49507451057434,113.08050227165222,-1.3828277412031298e-09,-5.859375278305379e-07
375.8670391848106,13352.27,500.0,0.34375,498,9960000,36,0.013716554269194603,5.099999999999987e-05,293.8670870127896,341349.2757612993,-0.009632009925667222,121.84183366509419,54.047762632369995,58.68788385391235,112.73564743995667,3.461837749796359e-08,-3.12499992105586e-06
424.4966286781984,16110.35,500.0,0.445,499,9980000,36,0.013337219133973122,5.049999999999987e-05,267.12107317744733,454350.3893154633,-0.010887768106803862,123.27360828048928,54.03300762176514,58.232030630111694,112.26503992080688,3.337859988405967e-10,7.617187293362804e-06
597.0252844635534,13723.336249999998,500.0,0.49250000000000005,500,10000000,36,0.013970295898616314,4.9999999999999874e-05,223.31307325441023,431393.51700040355,-0.008541999981611509,125.62752306812573,53.91741228103638,57.42920756340027,111.34662246704102,-5.149841442175784e-09,-6.4453124650754035e-06
3154.699145373111,1815.7399999999998,500.0,0.8074999999999999,501,10020000,36,0.013852708041667938,4.9499999999999875e-05,440.94759834392465,112975.7664704355,-0.007129246429856774,44.791880423437846,55.10722851753235,59.31143665313721,114.41866660118103,1.6212463593845428e-09,0.00014589843340218067
4120.229036498038,0.0,500.0,0.93875,502,10040000,36,0.010285092517733574,4.8999999999999876e-05,573.3976801789987,144892.84276832416,-0.005997707264664503,45.66477515505356,54.78876090049744,59.484687089920044,114.27344965934753,2.8324127043788394e-08,-4.394531060825102e-06
4054.2396276531717,0.0,500.0,0.93125,503,10060000,36,0.009633513167500496,4.849999999999988e-05,566.3271709207867,120066.4219558602,-0.0069804270769131226,47.04580629265473,54.051295042037964,58.46181058883667,112.51310658454895,9.756088559242926e-08,-5.976562533760443e-05
4264.725976957333,0.0,500.0,0.95,504,10080000,36,0.01185956597328186,4.799999999999988e-05,464.16949618349355,86768.75994407212,-0.008724727523392466,48.97115412933165,54.70231080055237,58.264952659606934,112.9672646522522,8.525848471663267e-08,4.882812731921149e-07
4507.975026707686,0.0,500.0,1.0,505,10100000,36,0.012452035211026669,4.749999999999988e-05,551.5168533386133,122193.00146111708,-0.009476151615649034,51.27351317915207,53.32277154922485,59.32183265686035,112.64460611343384,4.959106458812812e-09,6.054687673895387e-06
4588.965439773011,0.0,500.0,0.9974999999999999,506,10120000,36,0.009442462585866451,4.699999999999988e-05,544.5024822635942,102240.93098126331,-0.006164834049957968,53.152920570278745,54.40877819061279,58.693779706954956,113.10255908966064,6.637573335410707e-08,7.519531209254637e-06
3765.881431349534,0.0,500.0,0.88375,507,10140000,36,0.007817461155354977,4.6499999999999883e-05,461.26439640477145,112088.45304829981,-0.0063852716287848285,54.85020564251603,54.81495690345764,61.130775928497314,115.94573450088501,-2.713203350879212e-08,-3.095703141298145e-05
4147.775967118163,0.0,500.0,0.9087499999999998,508,10160000,36,0.009649954736232758,4.5999999999999885e-05,416.84009801236965,117805.13717401116,-0.007533158651908663,56.92622421462357,53.306718587875366,58.26179385185242,111.5685133934021,-4.253387331232261e-08,2.2460937998403097e-06
4000.41527613207,0.0,500.0,0.9350000000000002,509,10180000,36,0.00882706604897976,4.5499999999999886e-05,451.1194075793292,132779.6402190523,-0.007366791416801737,59.02409435748885,55.04108452796936,58.164127826690674,113.20521378517151,1.4114379887075756e-08,-1.0351562195864972e-05
4268.439735048816,0.0,500.0,0.9425000000000001,510,10200000,36,0.01056672167032957,4.499999999999989e-05,566.5947666012484,169770.32394202263,-0.007212718968847644,60.53097841440891,54.71239733695984,59.026450872421265,113.73885035514832,2.0980834847250662e-08,-8.203124707506504e-06
4195.584023047393,0.0,500.0,0.9325000000000001,511,10220000,36,0.008019909262657166,4.449999999999989e-05,620.8247097754758,160504.29617984488,-0.006712194872248249,62.52209502752681,54.18660640716553,58.265413761138916,112.45202136039734,1.4877318932349226e-08,5.0781250138243195e-06
4209.590726183541,0.0,500.0,0.9800000000000001,512,10240000,36,0.012865426950156689,4.399999999999989e-05,850.8518763397618,131701.31921339052,-0.007901388454456133,63.949915109647264,54.83387470245361,57.95136046409607,112.785236120224,-8.964538444899972e-09,9.472656529396772e-06
4245.42284469158,0.0,500.0,0.95,513,10260000,36,0.010122239589691162,4.349999999999989e-05,696.8041719227426,166780.49544730168,-0.0095880022452339,65.96036926448282,54.73260760307312,59.33110976219177,114.06371903419495,-6.484985437538171e-09,6.4453124650754035e-06
4260.296771797529,0.0,500.0,0.99375,514,10280000,36,0.01264980062842369,4.299999999999989e-05,780.579383980098,119169.27143974155,-0.006795093479280631,68.50108779471184,53.928136110305786,57.888477087020874,111.81661486625671,2.479553229406406e-09,1.4843750250292942e-05
3800.949094865977,0.0,500.0,0.9262499999999999,515,10300000,36,0.008452593348920345,4.2499999999999895e-05,669.0085725442374,127027.98104291814,-0.0076084893410807205,69.29568724248017,53.71472144126892,58.737887382507324,112.45260977745056,6.198883073516015e-10,8.300781701109372e-06
3783.791198238943,0.0,500.0,0.9012499999999999,516,10320000,36,0.010158066637814045,4.1999999999999896e-05,791.49815233777,73488.19774571623,-0.008634276371924068,69.62392886022663,54.53656196594238,59.10977268218994,113.64633631706238,-6.675720420901143e-09,7.812500371073838e-06
4436.450680852586,0.0,500.0,0.9862500000000001,517,10340000,36,0.010308870114386082,4.14999999999999e-05,765.0086542298111,107332.02376475417,-0.009293228967682813,71.73551702313192,54.341490268707275,58.7377507686615,113.07924199104309,-3.8146971692576415e-10,-5.3710937208961695e-06
4231.844398956551,0.0,500.0,0.9625,518,10360000,36,0.010336646810173988,4.09999999999999e-05,804.5826208448427,114828.20632725487,-0.008023177492351298,73.49918223087526,54.614954233169556,58.180729389190674,112.79568552970886,-9.822845647988743e-09,-4.589843683788786e-06
4006.6811439563708,0.0,500.0,0.975,519,10380000,36,0.008991638198494911,4.04999999999999e-05,934.9497622759748,159331.09796045077,-0.008343246497745623,74.63952922042397,54.29089140892029,57.73963928222656,112.03053164482117,2.38418573772492e-09,-5.175781097932486e-06
4312.804348404747,0.0,500.0,0.975,520,10400000,36,0.01050559338182211,3.99999999999999e-05,755.0407082419214,147436.90464536255,-0.008558531451673122,76.83749850675659,54.26438665390015,58.2963707447052,112.56075835227966,8.678436635989328e-09,2.441406195430318e-06
4615.916653921633,0.0,500.0,1.0,521,10420000,36,0.011316009797155857,3.94999999999999e-05,672.291545286981,89926.74986544966,-0.008748859317887216,79.0436635252682,54.105510234832764,59.27057147026062,113.3760838508606,-1.7166136956348055e-08,5.175781097932486e-06
4391.923315178494,0.0,500.0,0.99375,522,10440000,36,0.010261374525725842,3.8999999999999904e-05,632.6516417691926,138527.12099633642,-0.006510436493369632,81.35050705979808,54.59348702430725,58.64667272567749,113.24016046524048,3.433227480087453e-09,2.5390625069121597e-06
3895.8400976346506,0.0,500.0,0.84375,523,10460000,36,0.00975590106099844,3.8499999999999906e-05,621.5610920598332,88219.70242507821,-0.006948365433217463,83.53417615650137,54.49486255645752,59.00118136405945,113.49604606628418,1.115798919926192e-08,-6.347656380967237e-06
4549.104444525252,0.0,500.0,0.975,524,10480000,36,0.010170001536607742,3.799999999999991e-05,778.0997862309736,104251.14829423964,-0.008758131609607242,84.76680245973304,53.93698263168335,58.604066610336304,112.54104995727539,9.53674295089968e-09,1.367187451251084e-06
4282.073771914062,0.0,500.0,0.9512499999999999,525,10500000,36,0.010700797662138939,3.749999999999991e-05,589.9260016445746,65970.88450948101,-0.009991187069816816,86.35930342330634,54.5723876953125,58.9025297164917,113.47491931915283,-4.386901952813105e-09,4.101562353753252e-06
3861.318260207447,0.0,500.0,0.88125,526,10520000,36,0.00875380914658308,3.699999999999991e-05,979.8742407357646,87201.26667908604,-0.00832481581651112,87.62295397012674,54.7660014629364,58.43270707130432,113.19870972633362,6.723404055719584e-09,1.2695312534560799e-06
4301.595169871522,0.0,500.0,0.9787500000000001,527,10540000,36,0.009123902767896652,3.649999999999991e-05,685.2567851344533,92083.56978157864,-0.007946203908273724,88.61352263150336,54.2378830909729,58.33304238319397,112.57092618942261,5.817413217812373e-09,6.933593795110937e-06
4129.5120303007325,0.0,500.0,0.97625,528,10560000,36,0.01074451394379139,3.599999999999991e-05,907.6954070617004,80944.63278545994,-0.007992267670352616,89.9276205116356,54.1341667175293,58.23616671562195,112.37033486366272,5.722046170220096e-10,-2.441406195430318e-06
3942.996380084285,0.0,500.0,0.9375,529,10580000,36,0.010476501658558846,3.5499999999999914e-05,751.1620020001418,80721.6896978723,-0.009059048081574783,90.43029863698118,54.83915734291077,58.34120559692383,113.18036556243896,-6.103515470812226e-09,8.203124707506504e-06
3771.4444203971166,0.0,500.0,0.9487500000000001,530,10600000,36,0.010220512747764587,3.4999999999999916e-05,1207.1495491125331,135886.4006243656,-0.008351761014912381,90.8136674503845,54.53115439414978,59.09169387817383,113.62284922599792,-2.5272368642248466e-09,-6.347656380967237e-06
4131.802317200158,0.0,500.0,0.97625,531,10620000,36,0.00925745815038681,3.449999999999992e-05,720.7435371478822,117787.57610366817,-0.00872124205894714,91.33153385247667,54.33151888847351,58.360453605651855,112.69197511672974,-1.4686584393075464e-08,7.617187293362804e-06
3995.5499974789686,0.0,500.0,0.9125,532,10640000,36,0.00969246868044138,3.399999999999992e-05,801.7844628593707,159070.42620297108,-0.00731456836614127,92.02875688544054,53.51697826385498,58.865673303604126,112.3826551437378,1.5258788677030566e-09,-3.808593646681402e-06
4206.103666481389,0.0,500.0,0.975,533,10660000,36,0.009239844977855682,3.349999999999992e-05,840.7856055040668,82944.15068095908,-0.008910968199995158,93.4331200369123,54.77465796470642,58.046788454055786,112.8214476108551,-4.577636936176077e-09,-1.2695312534560799e-06
4357.057874838642,0.0,500.0,0.99,534,10680000,36,0.009922266006469727,3.299999999999992e-05,593.1825631500179,135161.28426618106,-0.0081588745667939,94.92199885917124,53.202770471572876,58.682360887527466,111.88513255119324,1.506805347162299e-08,-2.734374902502168e-06
4407.468619981269,0.0,500.0,0.96,535,10700000,36,0.010504237376153469,3.249999999999992e-05,649.1040467867243,132691.5982072781,-0.011661372740259893,96.45795152641841,53.89176678657532,58.69345426559448,112.58522248268127,1.0204315614714687e-08,3.906250185536919e-06
4261.788174837113,0.0,500.0,0.925,536,10720000,36,0.008586106821894646,3.1999999999999924e-05,583.7775771209099,143824.0505105893,-0.007799025101803394,99.05040696956267,54.374621868133545,60.39415979385376,114.76878380775452,-2.574920721087892e-09,-9.375000445288606e-06
4432.324237474955,0.0,500.0,1.0,537,10740000,36,0.00933796912431717,3.1499999999999925e-05,551.8174706778291,172906.5079344403,-0.0077724360344433256,99.66088852427046,54.02349400520325,59.2665057182312,113.29000163078308,-5.531310964812519e-09,-2.9296876391526894e-07
4329.792552042818,0.0,500.0,0.9862500000000001,538,10760000,36,0.009970603510737419,3.099999999999993e-05,651.1194171004994,148909.0059020151,-0.007994373391737303,99.5496681851193,53.505961656570435,59.791038274765015,113.29700136184692,-6.9141385949933465e-09,1.2695312534560799e-06
4166.786998662018,0.0,500.0,0.93,539,10780000,36,0.00946507602930069,3.0499999999999928e-05,532.5926165893901,92034.8276156587,-0.007739479854154306,100.8079753729482,53.792176485061646,59.17386221885681,112.96604132652283,-1.0013580187262505e-08,-6.4453124650754035e-06
4058.011959593731,0.0,500.0,0.88375,540,10800000,36,0.008328781463205814,2.999999999999993e-05,541.1867115567836,129410.0200282846,-0.0067919444629466605,102.63643057853311,53.8686203956604,58.93553113937378,112.80415272712708,-1.0681151962899094e-08,2.9296875254658516e-06
4294.624944669049,0.0,500.0,0.9387500000000001,541,10820000,36,0.008302334696054459,2.9499999999999928e-05,459.5296096009568,127086.97792967016,-0.008019929511856419,104.0827277213663,53.68069386482239,58.92721652984619,112.60791206359863,-3.3378602104505717e-09,3.2226562325377017e-06
4329.108701615622,0.0,500.0,0.9225000000000001,542,10840000,36,0.00930551066994667,2.899999999999993e-05,415.17090278844864,166836.61557228919,-0.008716614874044945,105.89946608226859,54.41885828971863,57.9086172580719,112.327476978302,1.125335735707722e-08,4.980468929716153e-06
4135.685513694323,0.0,500.0,0.9700000000000001,543,10860000,36,0.008118981495499611,2.849999999999993e-05,517.777773401777,115897.12641691696,-0.009242418715685678,107.58534013696034,54.10357618331909,60.60708689689636,114.71066522598267,-8.106232129989621e-09,5.761718966823537e-06
4187.947644361637,0.0,500.0,0.9350000000000002,544,10880000,36,0.008771655149757862,2.799999999999993e-05,499.89071465892744,189495.66724646816,-0.007372626842596834,108.46938834699876,54.864256620407104,58.06519603729248,112.92945504188538,-2.8610229740877458e-09,-1.56249996052793e-06
4179.766514045996,0.0,500.0,0.925,545,10900000,36,0.008618677966296673,2.749999999999993e-05,457.10382534469915,130284.69824964085,-0.009389132336758171,109.13774092365843,53.04045820236206,57.74670100212097,110.78715991973877,1.0681151962899094e-08,-3.7109375625732355e-06
4406.772004841825,0.0,500.0,0.975,546,10920000,36,0.008761740289628506,2.699999999999993e-05,343.3110947796839,152359.90422866817,-0.008867383581674784,110.66457573995973,52.506218671798706,58.722859382629395,111.229079246521,8.01086397217432e-09,3.7109375625732355e-06
4167.568846398857,0.0,500.0,0.8975,547,10940000,36,0.009257381781935692,2.6499999999999933e-05,520.5907994941655,136399.2476879441,-0.009510074916162141,113.20206113821402,54.055574893951416,58.5007483959198,112.55632448196411,-1.907348723406699e-09,1.9531250927684596e-06
4539.373672113063,0.0,500.0,0.96125,548,10960000,36,0.0080020846799016,2.5999999999999934e-05,366.61626696561217,165161.76675695623,-0.008503282513955617,114.68508161328809,54.03877854347229,58.36112999916077,112.39991021156311,3.051757735406113e-09,9.082031283469405e-06
4019.844438493486,0.0,500.0,0.93875,549,10980000,36,0.008003979921340942,2.5499999999999935e-05,607.88392515389,166116.37931687772,-0.007718311919810737,115.45594676961956,54.03882932662964,57.73264694213867,111.77147722244263,1.7642974858844696e-09,4.199218892608769e-06
4182.532964752331,0.0,500.0,0.9375,550,11000000,36,0.008841163478791714,2.4999999999999937e-05,287.8443317156038,85976.23963264679,-0.006875111389608328,116.76575375111085,53.23866391181946,59.24276876449585,112.48143410682678,5.054473728449693e-09,-3.4179688555013854e-06
3852.849364439868,0.0,500.0,0.905,551,11020000,36,0.006997403688728809,2.4499999999999938e-05,444.3450690835852,163914.68412224468,-0.007314069975411502,37.26677590851924,54.56466627120972,59.023396253585815,113.58806443214417,6.818771325356465e-09,-2.2460937998403097e-06
4254.049058793846,0.0,500.0,0.94375,552,11040000,36,0.00816778652369976,2.399999999999994e-05,542.5197512315527,175696.92239838134,-0.00913101326375684,38.52057308451605,54.31256055831909,58.158217430114746,112.47077918052673,-2.7656554824062596e-09,2.3437501113221515e-06
4251.5108700434685,0.0,500.0,0.975,553,11060000,36,0.009499195031821728,2.349999999999994e-05,941.2732746759374,189808.18684895834,-0.009078244407784245,39.63324988273428,53.57945537567139,58.67465281486511,112.25410914421082,5.435943695175638e-09,4.296874976716936e-06
4367.6789546096825,0.0,500.0,1.0,554,11080000,36,0.010065055452287197,2.2999999999999942e-05,620.7047808778849,166617.6312752894,-0.0085519501336635,40.54395911217075,53.3729567527771,58.05087757110596,111.42383575439453,4.577636936176077e-09,2.6367188183940016e-06
4555.929877788811,0.0,500.0,0.95875,555,11100000,36,0.007821806706488132,2.2499999999999944e-05,318.7388526854212,140640.2593335039,-0.0070875157082209055,41.670490888487926,53.25165295600891,57.58262014389038,110.83427453041077,2.0217894913798773e-08,2.3437501113221515e-06
4256.180228560849,0.0,500.0,0.9512499999999999,556,11120000,36,0.007404110860079527,2.1999999999999945e-05,687.8416075532133,192868.731904387,-0.008186774128601835,42.86908186620374,53.22508001327515,57.45853137969971,110.68361258506775,-6.1988831845383174e-09,0.0
4266.649179430024,0.0,500.0,0.9400000000000001,557,11140000,36,0.007602850440889597,2.1499999999999947e-05,450.5695442406895,199477.15764048355,-0.007605359433265948,43.92495856930019,53.35699009895325,56.351656436920166,109.70864772796631,-1.201629640235069e-08,4.882812390860636e-06
4230.945578644849,0.0,500.0,0.925,558,11160000,36,0.007886976934969425,2.0999999999999948e-05,606.7861748053158,188836.4023565767,-0.008000651089227264,45.26641308774667,52.86186337471008,58.02015781402588,110.88202285766602,9.536742923144104e-11,-3.4179688555013854e-06
4416.854945065579,0.0,500.0,0.975,559,11180000,36,0.010067731142044067,2.049999999999995e-05,542.4834174954134,200158.64648558834,-0.008684353119870406,46.36563997366854,52.72006344795227,57.707545042037964,110.42760968208313,4.768371808516747e-10,-1.2695312534560799e-06
4335.495016207259,0.0,500.0,0.95,560,11200000,36,0.008605039678514004,1.999999999999995e-05,795.3233558917494,136800.7882655113,-0.008101590456461543,46.987631230731786,52.482632637023926,58.03001046180725,110.51264476776123,2.2888184680880386e-09,5.0781250138243195e-06
4012.585074505135,0.0,500.0,0.9587499999999999,561,11220000,36,0.008792039938271046,1.9499999999999952e-05,884.3093989842489,169432.5139616024,-0.006723449218910443,47.30891602590315,53.40160083770752,57.933823585510254,111.3354263305664,1.115798919926192e-08,-5.66406242796802e-06
4381.577283463213,0.0,500.0,0.9837500000000002,562,11240000,36,0.008124914951622486,1.8999999999999954e-05,634.5563610870448,199329.9528135192,-0.008251696547378782,47.867445961312704,53.06607127189636,56.97690486907959,110.04297685623169,-9.822845647988743e-09,1.6601562720097718e-06
4426.747189102506,0.0,500.0,0.93625,563,11260000,36,0.00891939364373684,1.8499999999999955e-05,374.8469089850662,88333.7640474893,-0.009455310080030501,48.814381184711664,52.662952184677124,57.132822036743164,109.79577565193176,1.8072128682433686e-08,1.2597656677826308e-05
4312.479840920162,0.0,500.0,0.94625,564,11280000,36,0.009251234121620655,1.7999999999999956e-05,471.81504286338475,90353.98055515689,-0.009839932250918077,50.73307076455178,53.728315353393555,59.04768204689026,112.77599906921387,-3.206729992655255e-09,-8.984375199361239e-06
4524.74694205224,0.0,500.0,0.975,565,11300000,36,0.007976503111422062,1.7499999999999958e-05,291.1092548715675,67430.65060087887,-0.00900813397569944,51.52499190314594,52.27642583847046,57.705551862716675,109.98197865486145,-1.907348590179936e-08,5.468749805004336e-06
4410.517450456626,0.0,500.0,0.975,566,11320000,36,0.007812370080500841,1.699999999999996e-05,468.5795754665257,96998.64712986999,-0.007324966790825215,52.14409030545973,52.890135765075684,57.49098324775696,110.38111996650696,8.01086397217432e-09,-3.0273438369476935e-06
4503.215426556058,0.0,500.0,0.9912500000000002,567,11340000,36,0.007361513562500477,1.649999999999996e-05,517.8716519748144,75592.66000189628,-0.007449860253502219,52.85953278384142,53.092440366744995,57.912519454956055,111.00496172904968,-3.7193297330873065e-09,-6.54296854918357e-06
4381.936086870702,0.0,500.0,0.94375,568,11360000,36,0.007541347295045853,1.5999999999999962e-05,571.4710292998975,106567.87373310342,-0.008636390745111985,53.6956626129015,52.7309033870697,57.829909801483154,110.56081438064575,-5.2452087118126656e-09,6.347656380967237e-06
4327.737413326623,0.0,500.0,0.9700000000000001,569,11380000,36,0.008354352787137032,1.5499999999999963e-05,613.5479372367819,64238.75195806501,-0.00900877790026255,54.46934067750172,52.951027393341064,58.83727502822876,111.78830480575562,4.1961669694501325e-09,-1.4648438195763447e-07
4355.717342373595,0.0,500.0,0.9712500000000002,570,11400000,36,0.00855189934372902,1.4999999999999965e-05,476.6020157739208,55045.69217403197,-0.010331066369794323,55.433136144427486,53.090237855911255,58.29289960861206,111.38313889503479,2.0980834847250662e-09,8.496093869325705e-06
4407.16358585335,0.0,500.0,0.9737500000000001,571,11420000,36,0.008097468875348568,1.4499999999999966e-05,452.5267891855074,67384.66869605854,-0.00823721176930457,56.255342444588116,52.70745491981506,58.79530739784241,111.50276398658752,6.008148201175345e-09,2.148437488358468e-06
4225.072594747808,0.0,500.0,0.9349999999999999,572,11440000,36,0.006907395087182522,1.3999999999999968e-05,508.82156941905106,108099.3010252173,-0.0077519585923723185,56.937777269043146,53.53528642654419,58.36765170097351,111.90293884277344,-6.675719976811934e-10,2.9296875254658516e-06
4627.010193337957,0.0,500.0,0.99,573,11460000,36,0.00735750887542963,1.3499999999999969e-05,496.40578192093716,143467.31041020132,-0.008947558916512088,57.59439356766316,52.579769134521484,56.74059510231018,109.32036542892456,9.918212917625624e-09,1.2695312534560799e-06
4271.625029500746,0.0,500.0,0.96,574,11480000,36,0.007663434371352196,1.299999999999997e-05,358.8263732509322,108933.35271577629,-0.008446509593860192,58.60784331339659,52.537575483322144,57.88738656044006,110.42496395111084,2.00271599304358e-09,1.367187451251084e-06
4321.592478685922,0.0,500.0,0.9399999999999998,575,11500000,36,0.007805930450558662,1.2499999999999972e-05,311.8958851140909,107666.005076773,-0.008779538436177447,59.154644169534905,53.386619329452515,57.75760197639465,111.14422273635864,1.287460360543946e-08,-4.0039062696450856e-06
4638.189543119441,0.0,500.0,1.0,576,11520000,36,0.007246723398566246,1.1999999999999973e-05,295.7069777440297,118846.61792052854,-0.007527835274412422,59.60923376547177,52.63143873214722,58.46635937690735,111.09779930114746,-1.8024444159436825e-08,-1.6601562720097718e-06
4301.229176432714,0.0,500.0,0.95,577,11540000,36,0.00735938036814332,1.1499999999999975e-05,614.1173449107675,94673.86482149395,-0.007490174194637859,60.05431067744679,53.229655504226685,57.716548204422,110.94620513916016,1.5258788677030566e-09,6.347656267280399e-07
4545.5689256562055,0.0,500.0,0.975,578,11560000,36,0.007063538301736116,1.0999999999999976e-05,479.16857873187405,83155.87791603747,-0.008042836818288823,60.84430657780505,52.57761573791504,57.62188673019409,110.1995038986206,-2.479553273815327e-08,3.515624939609552e-06
4442.8115158506425,0.0,500.0,0.975,579,11580000,36,0.006963484920561314,1.0499999999999977e-05,475.8902063258032,79094.54383299222,-0.007433200491730978,61.60599753481723,52.66549372673035,57.758466958999634,110.42396235466003,2.2888184680880386e-09,-1.2695312534560799e-06
4802.465117183773,0.0,500.0,1.0,580,11600000,36,0.007421711925417185,9.999999999999977e-06,554.0863414516591,80818.45618789451,-0.007954588890727643,62.334724844031015,52.693135499954224,58.575677156448364,111.26881337165833,-4.76837147544984e-09,2.050781176876626e-06
4395.93605066489,0.0,500.0,0.94375,581,11620000,36,0.006503903307020664,9.499999999999979e-06,371.30759266957267,63023.30374655759,-0.0060876413577599575,62.75316257530974,53.48788785934448,59.18842577934265,112.67631530761719,-7.534026735811494e-09,1.0156250027648639e-05
4584.4499746394795,0.0,500.0,0.98125,582,11640000,36,0.007638255134224892,8.99999999999998e-06,968.1451704365842,82342.31874439266,-0.006552891529090491,63.214267669436694,52.831504106521606,57.98911690711975,110.82062244415283,-3.8146971692576415e-10,-2.050781176876626e-06
4441.235341856778,0.0,500.0,0.93625,583,11660000,36,0.007022969890385866,8.499999999999981e-06,904.1924566594599,44710.29628445182,-0.006780414284085594,63.82678598438462,52.233062982559204,57.393001317977905,109.62606573104858,-8.392333938900265e-09,7.080078034960025e-07
4718.589360927765,0.0,500.0,0.9887499999999999,584,11680000,36,0.007366231642663479,7.999999999999983e-06,806.5407147378755,52080.93620112334,-0.008036019410357807,64.21713058653138,52.57310652732849,57.34344029426575,109.91654849052429,5.7220459481754915e-09,-5.859375278305379e-07
4312.338228967858,0.0,500.0,0.93625,585,11700000,36,0.005862872116267681,7.499999999999984e-06,1198.6517494304578,55644.67478176411,-0.006671594491502535,64.54676283476493,52.058746576309204,57.71353363990784,109.77228164672852,-2.2888183792701966e-08,4.589843683788786e-06
4248.936623128944,0.0,500.0,0.9199999999999999,586,11720000,36,0.006667585577815771,6.9999999999999855e-06,1312.4992925463139,56148.81444090497,-0.007798645654254777,64.59034516670029,53.00804567337036,57.77058720588684,110.77863454818726,-7.629394338515283e-10,-3.906250185536919e-06
4364.6036780483555,0.0,500.0,0.94375,587,11740000,36,0.006582984235137701,6.499999999999987e-06,1133.4724597409552,44104.295603336745,-0.007874859244965862,64.71060008549038,52.762086153030396,57.31411576271057,110.07620286941528,1.5640258865801115e-08,1.4648437627329258e-06
4470.637923271481,0.0,500.0,1.0,588,11760000,36,0.0070074936375021935,5.999999999999988e-06,744.9247897191805,40120.99063347602,-0.007261771771594049,64.97858989175262,51.88478684425354,59.540834188461304,111.42562222480774,3.2424927187690855e-09,-1.757812469804776e-06
4528.895771423476,0.0,500.0,1.0,589,11780000,36,0.005781913176178932,5.499999999999989e-06,506.6055689870274,35894.44216857195,-0.005943701104664322,65.45357278953176,52.38153672218323,57.46872901916504,109.850266456604,-3.528594971768939e-09,-4.101562353753252e-06
4619.845417707564,0.0,500.0,1.0,590,11800000,36,0.0060698664747178555,4.999999999999989e-06,667.5181129165774,53088.48834937017,-0.006129210293051655,65.76703266391613,52.5732102394104,57.61247158050537,110.18568325042725,-9.727478378351861e-09,2.3437501113221515e-06
4018.746338047232,0.0,500.0,0.95,591,11820000,36,0.006029680836945772,4.499999999999991e-06,936.4539588532805,43244.62374216011,-0.007347047547398173,65.89460169799284,52.89657378196716,59.33819389343262,112.2347686290741,7.057189943537878e-09,-5.37109372089617e-07
4593.452828462652,0.0,500.0,1.0,592,11840000,36,0.0058640409260988235,3.999999999999991e-06,834.3104318964765,30121.43252220059,-0.005487352597071298,66.02652416154768,52.079633712768555,58.030405044555664,110.11003971099854,-1.277923544762416e-08,-4.0039062696450856e-06
4096.428577713637,0.0,500.0,0.8875,593,11860000,36,0.005137410014867783,3.4999999999999923e-06,852.1098299984565,55305.30567229586,-0.005684156691599148,66.11922666964736,52.40955972671509,58.85462021827698,111.26418089866638,1.2636184543168838e-08,-1.074218744179234e-06
4305.1905409979445,0.0,500.0,0.9612499999999999,594,11880000,36,0.005134332925081253,2.9999999999999937e-06,343.03648309568837,19758.701851993406,-0.005248431109523756,66.31170228004117,52.56504225730896,57.013222455978394,109.57826614379883,1.3732909920349812e-08,-3.41796862812771e-07
4300.7019426841925,0.0,500.0,0.9299999999999999,595,11900000,36,0.0043152207508683205,2.4999999999999947e-06,437.78876108745754,31684.44076924837,-0.005666515227210671,66.5493113186328,52.55795931816101,58.728479623794556,111.28644013404846,-2.6607512637610853e-08,1.7089844277506927e-06
4365.9115291525495,0.0,500.0,0.9350000000000002,596,11920000,36,0.004861641209572554,1.9999999999999957e-06,441.0556234820836,45290.93048037203,-0.0052758311232468285,66.96698848601136,52.54727268218994,58.55352258682251,111.10079646110535,-2.4318695945879654e-09,1.9531249506599124e-07
4373.74704051253,0.0,500.0,0.9400000000000001,597,11940000,36,0.0043406193144619465,1.4999999999999966e-06,477.69363169996797,28075.611442265294,-0.004738625561132717,67.04769098162016,52.05045437812805,58.93566274642944,110.98611807823181,5.912780931538464e-09,1.757812469804776e-06
4278.5074884937,0.0,500.0,0.94625,598,11960000,36,0.004012331832200289,9.999999999999978e-07,603.9980595039907,21864.755576147607,-0.004302126665744781,67.00611734034788,52.885785818099976,57.191914796829224,110.0777018070221,6.294250454175199e-09,1.5136719184738467e-06
4177.388025384322,0.0,500.0,0.975,599,11980000,36,0.003932871390134096,4.999999999999989e-07,518.310072578942,35551.16862672502,-0.004241104173700646,67.02840777767183,52.828941822052,57.880385875701904,110.7093300819397,4.386901952813105e-09,-4.443359557626536e-06
4107.649192363862,0.0,500.0,0.925,600,12000000,36,0.002412092871963978,0.0,649.9618963337047,41719.31547774429,-0.0024766085554842657,67.07819553465974,51.34631681442261,56.78787803649902,108.13419580459595,3.051757735406113e-09,-4.394531060825102e-06
