Metrics/EpRet,Metrics/EpCost,Metrics/EpLen,Metrics/EpSuccess,Train/Epoch,Train/TotalSteps,Train/StopIter,Train/KL,Train/LagragianMultiplier,Train/LR,Loss/Loss_reward_critic,Loss/Loss_cost_critic,Loss/Loss_actor,Time/Rollout,Time/Update,Time/Total,Value/RewardAdv,Value/CostAdv
319.9289127555192,0.0,500.0,0.0,1,20000,40,0.007750312797725201,0.0,0.00029959999999999996,7.699184633612256,0.0030584025556292336,-0.004724878170365421,58.06916785240173,36.38826060295105,94.45743060112,2.232551565839458e-07,-3.8146971692576415e-10
304.58678590876184,20.9890243902439,483.0,0.0,2,40000,40,0.009881327860057354,0.0,0.00029919999999999995,5.035024547459015,30.799269671813597,-0.008855224094542239,58.44718837738037,29.395708322525024,87.84289789199829,3.8146971692576415e-10,-3.051757957450718e-08
320.49794042670345,11.01125,500.0,0.0,3,60000,40,0.009001202881336212,0.0,0.00029879999999999994,6.4899548527372035,4.2764872937640055,-0.00406563461163594,60.74317193031311,27.894756078720093,88.63792943954468,3.936767711820721e-07,3.280639759850601e-08
309.73029330751837,567.979761904762,482.902380952381,0.0,4,80000,40,0.0065482971258461475,0.019124498590826988,0.00029839999999999993,10.686370648627605,41214.835724869256,-0.017758749341120636,57.323147773742676,30.854631185531616,88.17778038978577,-1.8897056008881918e-07,-2.0019531348225428e-06
316.6664176809746,2553.5412499999998,493.3275,0.0,5,100000,40,0.004989448003470898,0.0412733294069767,0.0002979999999999999,13.538488626244325,122006.08467294657,-0.06887093212549822,57.94256782531738,31.780773162841797,89.72334241867065,-5.035400363340159e-08,-2.7832031719299266e-06
319.91103349978323,348.88,500.0,0.0,6,120000,40,0.009744287468492985,0.06249699741601944,0.0002975999999999999,9.755464239555257,11.784146349565892,-0.002927300462954607,58.50083827972412,30.492671728134155,88.99351239204407,4.310608048285758e-08,-2.307891833197573e-08
318.79619926388193,0.0,500.0,0.0,7,140000,40,0.0072095938958227634,0.08085992187261581,0.0002971999999999999,0.2988854510285243,8.45593301510509,-0.0051415437911312934,56.57981014251709,30.997084617614746,87.57689595222473,2.566337684584141e-07,-4.425048771850015e-08
319.2772222198114,0.0,500.0,0.0,8,160000,40,0.006837484892457724,0.09687977284193039,0.0002967999999999999,0.1439081867001479,3.887114688527735,-0.005376826397244984,60.34780716896057,29.393907070159912,89.74171543121338,4.179000825388357e-07,4.8494339210947146e-08
318.4858878366729,0.0,500.0,0.0,9,180000,40,0.005952133797109127,0.11093537509441376,0.0002963999999999999,0.13112519108513487,2.7795427587213397,-0.005025881522628361,58.18533515930176,28.955549001693726,87.1408851146698,7.859230208850931e-07,3.433227480087453e-09
318.530920890747,0.0,500.0,0.0,10,200000,40,0.008348820731043816,0.12331534922122955,0.0002959999999999999,0.10816400766938547,1.552595242857933,-0.004459232174646981,58.966312885284424,30.228885173797607,89.19519901275635,3.458023059010884e-07,2.231597839852384e-08
318.41761801799123,0.0,500.0,0.0,11,220000,40,0.006756077520549297,0.1342465728521347,0.00029559999999999987,0.10921034065511408,1.0994540316771857,-0.004757541226469204,62.87180423736572,29.906079292297363,92.77788472175598,5.130767988248408e-08,1.1873245497895368e-08
320.30027786308796,8.75,500.0,0.0,12,240000,40,0.008810348808765411,0.14396914839744568,0.00029519999999999986,0.593227728090803,3.7636321700826474,-0.002998459492839543,57.95711350440979,35.67161726951599,93.62873411178589,9.679794743533421e-09,4.549026400013645e-08
318.9032863462222,0.0,500.0,0.0,13,260000,40,0.009103797376155853,0.15257050096988678,0.00029479999999999985,0.12224136134963247,1.0486710196054434,-0.006047061465192834,56.93295979499817,29.535608768463135,86.46856951713562,7.629394893626795e-09,6.294250454175199e-09
319.9034083865866,0.0,500.0,0.0,14,280000,40,0.010093391872942448,0.16017699241638184,0.00029439999999999984,0.11169867454025942,0.7156259512410889,-0.005517709645615077,57.169392824172974,30.8941433429718,88.06353759765625,-4.5223237066238653e-07,4.00543198608716e-09
317.77243293820095,0.0,500.0,0.0,15,300000,40,0.005852416157722473,0.16689571738243103,0.00029399999999999983,2.409490476011098,1.0025905834723123,-0.004488562490633406,58.684422731399536,30.16511607170105,88.84954047203064,-2.4414061883248905e-08,-1.5258788677030566e-09
319.55802841568016,0.0,500.0,0.0,16,320000,40,0.008445590734481812,0.17281849682331085,0.0002935999999999998,0.7099920678978102,0.5890599917573265,-0.00490490149896698,62.559056520462036,28.842735052108765,91.4017927646637,-1.8596649553614952e-08,-1.2946128613577912e-08
318.86413460506594,0.0,500.0,0.0,17,340000,40,0.007386654615402222,0.17802481353282928,0.0002931999999999998,0.22972581397411945,0.6322051281981831,-0.005524189317749248,63.76671648025513,30.000722408294678,93.76744055747986,4.825592014867652e-08,-1.0108947456899386e-08
320.8470627087682,0.0,500.0,0.0,18,360000,40,0.010182990692555904,0.18258406221866608,0.0002927999999999998,0.12524952229018074,0.5090297846382932,-0.008423175497122015,60.62690472602844,28.334031105041504,88.96093797683716,-1.0581016596233894e-07,5.435943695175638e-09
319.9739320210257,0.0,500.0,0.0,19,380000,40,0.009226766414940357,0.18655721843242645,0.0002923999999999998,0.12893701673874372,0.4965861650207375,-0.006571117337849109,67.2271797657013,25.96195101737976,93.18913269042969,2.0265579792067e-07,-2.8610229740877458e-09
319.90578705236277,0.0,500.0,0.0,20,400000,40,0.008482614532113075,0.18999820947647095,0.0002919999999999998,0.1294579218860857,0.48733547596803195,-0.0042506915214324155,69.0454580783844,29.50317668914795,98.54863572120667,2.1219253909521285e-08,1.6689299942029834e-10
321.74042843051063,1.6125,500.0,0.0,21,420000,40,0.008925667963922024,0.19296619296073914,0.00029159999999999977,0.13770449703818635,4.242356831853903,-0.00988490672791642,73.81921339035034,28.130370616912842,101.94958591461182,3.910064805268121e-08,7.629394893626795e-09
323.45854841206426,18.4875,500.0,0.0,22,440000,40,0.009267058223485947,0.19562190771102905,0.00029119999999999976,0.13652148982156304,1.2322782816577562,-0.007599126034979178,62.03376626968384,29.203754663467407,91.23752212524414,-4.80175010864059e-08,-4.1961669694501325e-09
324.274689770157,993.53125,500.0,0.0,23,460000,40,0.007552679628133774,0.2043427973985672,0.00029079999999999975,0.5779458062463924,38899.715682631955,-0.11795707286064383,62.65240502357483,30.99098801612854,93.64339423179626,-1.926422044107312e-08,-9.277343906433089e-07
323.99615145967294,1088.12625,500.0,0.0,24,480000,40,0.004796082153916359,0.2184460312128067,0.00029039999999999974,0.6128608595061151,60692.03554983471,-0.09258708644516861,64.87880492210388,30.020209074020386,94.89901518821716,-5.8889391141292435e-09,-2.9907225780334556e-06
324.5154313098045,1119.1950000000002,500.0,0.0,25,500000,40,0.00799471139907837,0.23703058063983917,0.00028999999999999973,0.6275170602375948,109916.823073261,-0.3427960440516472,66.69259643554688,30.885849714279175,97.5784478187561,-4.291534350109316e-10,-9.765624753299562e-08
323.55380427235684,3874.63375,500.0,0.0,26,520000,40,0.006017402280122042,0.2624942362308502,0.0002895999999999997,0.3045575192363202,254554.8709516785,-0.8457686320513109,71.5865728855133,28.015690803527832,99.60226655006409,4.577636936176077e-09,1.639251786400564e-05
322.266885081519,1610.26125,500.0,0.0,27,540000,40,0.010832498781383038,0.29045236110687256,0.0002891999999999997,0.2768032915701594,88.28738949298858,-0.04141341844128586,67.7447726726532,26.2303524017334,93.97512650489807,8.344650526126429e-10,-2.2888183792701966e-08
324.384997956107,942.385,500.0,0.0,28,560000,40,0.008336609229445457,0.31891879439353943,0.0002887999999999997,0.17538107765626304,113178.13310362477,-0.3375738843332363,67.18146586418152,26.6257541179657,93.80722093582153,-2.2220611128886958e-08,8.789062121650204e-06
325.1316431647077,1745.3175000000003,500.0,0.0,29,580000,40,0.00743904197588563,0.3496847152709961,0.0002883999999999997,0.19278015852728977,27892.371280342417,-0.458646893647464,60.193458557128906,26.7752947807312,86.96875476837158,-1.5830993405074878e-08,7.568359592369234e-07
321.7180558749165,1375.8799999999999,500.0,0.0,30,600000,40,0.0074416259303689,0.38163602352142334,0.0002879999999999997,0.2267497000060504,33578.64562977839,-0.22815434697402429,65.00048065185547,25.38588833808899,90.38637065887451,-2.1314621179158166e-08,3.3813475965871476e-06
323.42792812367315,2005.9774999999997,500.0,0.0,31,620000,40,0.0056742033921182156,0.4157535135746002,0.00028759999999999967,0.5948197695320543,114669.11204899082,-0.5726979918117765,63.161659479141235,27.244060754776,90.40572166442871,-5.531310964812519e-09,1.416015606992005e-06
321.70405196156213,1163.9975,500.0,0.0,32,640000,40,0.008037025108933449,0.4500793218612671,0.00028719999999999966,0.6504547157242329,70355.36408225706,-0.7449407673712019,68.61362910270691,27.51797866821289,96.13160967826843,3.8146971692576415e-10,1.3916015859649633e-06
322.2180981967062,3165.645,500.0,0.0,33,660000,40,0.005721664056181908,0.48732990026474,0.00028679999999999965,0.5940463302256186,117071.08474455362,-0.8427193971185745,53.46080756187439,30.558139324188232,84.0189483165741,4.100799699813251e-09,9.277343906433089e-07
323.836539098828,2140.925,500.0,0.0,34,680000,40,0.004995591472834349,0.5258985757827759,0.00028639999999999964,0.4544528379046087,90623.2606163037,-0.39927487342229373,54.917540073394775,27.57229208946228,82.48983335494995,5.531310964812519e-09,1.1718750556610757e-06
322.09716549909683,0.0,500.0,0.0,35,700000,40,0.007785786408931017,0.5609520673751831,0.00028599999999999963,5.659607004402559,214.73554706935641,-0.10146246863576242,52.077256202697754,29.64452290534973,81.72178030014038,9.727478378351861e-09,-1.5106201090020477e-07
319.78005521028746,0.0,500.0,0.0,36,720000,40,0.008039729669690132,0.5927994847297668,0.0002855999999999996,0.3718797028394817,67.16307658636117,-0.056427498294712525,51.971741676330566,27.69891595840454,79.67065834999084,-3.5476684701052363e-08,-1.3275146670821414e-07
322.79466095096575,0.0,500.0,0.0,37,740000,40,0.009397250600159168,0.6217228770256042,0.0002851999999999996,0.22076196442770807,67.70131732180148,-0.048909171760860314,54.47904992103577,30.29951238632202,84.77856373786926,-3.051757735406113e-09,1.2207031829802872e-07
320.4788294763692,63.3,500.0,0.0,38,760000,40,0.010325241833925247,0.6481713056564331,0.0002847999999999996,0.19747329590535617,317.5231943070134,-0.061028890249826294,51.853103160858154,28.697879552841187,80.55098366737366,1.287460360543946e-08,-2.4414063659605745e-07
320.8192797822984,82.825,500.0,0.0,39,780000,40,0.010992753319442272,0.6724240779876709,0.0002843999999999996,0.40123858637164667,315.7403917469556,-0.10879564912860058,51.371161460876465,28.497997045516968,79.86915922164917,8.106231796922714e-10,-1.739501982456204e-07
320.38519068816424,0.0,500.0,0.0,40,800000,40,0.00714973546564579,0.6944206357002258,0.0002839999999999996,0.22134386404311354,68.66811580235445,-0.03267526445391623,53.02506732940674,32.48894381523132,85.51401495933533,1.7356873271978657e-08,-7.629394360719743e-08
322.5645828190529,0.0,500.0,0.0,41,820000,40,0.008956232108175755,0.7143598794937134,0.0002835999999999996,0.18749119250834742,40.41429826036284,-0.03241676338815684,51.94719409942627,30.58159852027893,82.52879357337952,5.7220459481754915e-09,3.372192338702007e-07
323.7495166260467,0.0,500.0,0.0,42,840000,40,0.00969405472278595,0.7324234247207642,0.00028319999999999957,0.3118890922045029,23.62861300389978,-0.03603595617150628,51.024258613586426,27.38508105278015,78.40934133529663,-1.9454956756703723e-08,2.7503966748554376e-07
321.9575460351551,93.65,500.0,0.0,43,860000,40,0.018282340839505196,0.7490766644477844,0.00028279999999999956,0.17176290514725673,4491.075245939327,-0.3334839255914469,50.369245767593384,27.938559532165527,78.30780625343323,8.77380390562621e-09,2.838134776084189e-07
321.9124186331689,851.55,500.0,0.0,44,880000,40,0.006695285905152559,0.7667878270149231,0.00028239999999999955,2.192555622289641,51406.35342839217,-0.44300449302868,55.295621156692505,29.670182704925537,84.96580505371094,5.722046170220096e-10,2.368164132349193e-06
321.12148686291437,567.21875,500.0,0.0,45,900000,40,0.00876869261264801,0.7846108078956604,0.00028199999999999954,0.3875330571226681,27253.177346755885,-0.4285555502753469,54.51263117790222,26.669440746307373,81.18207478523254,-1.4591217123438582e-08,-2.770996161416406e-06
322.5735297292325,183.68125,500.0,0.0,46,920000,40,0.008518028073012829,0.8013349175453186,0.0002815999999999995,0.2599527508020401,29.92045612757719,-0.029496906220594633,55.557963371276855,25.382288694381714,80.94025325775146,-1.9550323582251394e-09,-1.2397766369076635e-08
324.1094112642912,0.05249999999999999,500.0,0.0,47,940000,40,0.011015873402357101,0.8164584040641785,0.0002811999999999995,0.18307682968959024,21.96346386263642,-0.019176887309243548,53.39311170578003,27.44188404083252,80.83499717712402,3.1709671333146616e-08,-3.0899048653054706e-08
323.5446932108793,0.0225,500.0,0.0,48,960000,40,0.010825452394783497,0.8301236033439636,0.0002807999999999995,0.4966613436801524,231.00269844230218,-0.036348786259282236,53.89326620101929,27.07821035385132,80.9714777469635,-2.326965287124949e-08,3.0212402180040954e-07
322.91705963624264,0.0,500.0,0.0,49,980000,40,0.010401369072496891,0.8424603939056396,0.0002803999999999995,0.15387377055668378,18.269365250008015,-0.016992663519451088,58.63888597488403,23.89159369468689,82.53048086166382,1.7070769686711174e-08,5.912780931538464e-09
321.081998310766,0.0,500.0,0.0,50,1000000,40,0.009559021331369877,0.8535872101783752,0.0002799999999999995,0.2145168223571551,48.706808555277085,-0.030943644324411886,55.39496445655823,25.137113332748413,80.53207898139954,6.43730180271973e-09,-2.5939941750152684e-08
81.53506639587425,0.0,500.0,0.0,51,1020000,40,0.011104544624686241,0.8636121153831482,0.0002795999999999995,1.7562484331429005,174.36621331082114,-0.07371031860290449,57.5557656288147,27.576498985290527,85.13226532936096,5.959510644970578e-07,2.4414061883248905e-08
1.0505562333262966,2871.975,500.0,0.0,52,1040000,40,0.005225412547588348,0.8812995553016663,0.00027919999999999947,8.187472378283362,87400.43994073023,-1.3750977421863169,55.094942569732666,29.869669914245605,84.96461343765259,2.2106171115865436e-07,1.000976590148639e-05
0.6896558561802427,4521.878750000001,500.0,0.0,53,1060000,40,0.006158291827887297,0.9079154133796692,0.00027879999999999946,13.641584661753871,169576.05854370503,-0.6128805191173584,59.710986614227295,29.1256422996521,88.83663058280945,-2.5987624496792705e-08,-4.882812390860636e-06
0.3893929963623082,3440.3125,500.0,0.0,54,1080000,40,0.00839473307132721,0.9396142363548279,0.00027839999999999945,11.847460135100762,120070.1024766753,-1.0582303912296325,58.30892872810364,26.69766092300415,85.0065906047821,-1.0814666495662095e-07,-8.496093869325705e-06
1.8562759661082011,7512.03375,500.0,0.0,55,1100000,40,0.00621416512876749,0.978187620639801,0.00027799999999999944,14.526848913219911,334330.56490859017,-1.9293284085826783,59.94176125526428,29.213645935058594,89.15540814399719,6.513595707247077e-08,-2.0605468307621777e-05
4.689628619646515,10160.6575,500.0,0.0,56,1120000,40,0.006942587438970804,1.0217585563659668,0.00027759999999999943,19.467283753277382,457925.36322191457,-2.409874830291241,61.74708914756775,25.507449626922607,87.25454068183899,-5.426406701758424e-08,7.324218813664629e-07
1.335089381517092,9866.4175,500.0,0.0,57,1140000,40,0.00911173690110445,1.0692129135131836,0.0002771999999999994,21.871804416934147,370695.2609894185,-2.4446903853854045,61.17929029464722,26.855753660202026,88.0350456237793,-3.337859988405967e-10,-3.574218862922862e-05
1.0522237063304711,11824.336249999998,500.0,0.0,58,1160000,40,0.007552723865956068,1.1197668313980103,0.0002767999999999994,20.60226462053347,370960.45185176027,-2.1828211429941504,62.350688457489014,27.374260902404785,89.72495079040527,1.1444091896350983e-08,-1.977539068320766e-05
5.6940905502437005,10387.88125,500.0,0.0,59,1180000,40,0.009467368014156818,1.172645926475525,0.0002763999999999994,23.648243780377545,566007.9629060769,-3.072143303027636,60.53317189216614,26.946673154830933,87.47984671592712,1.5258788677030566e-09,-1.2982177395315375e-05
1.777841829318195,4456.86125,500.0,0.0,60,1200000,40,0.007822306826710701,1.2246813774108887,0.0002759999999999994,23.877595634777336,141001.5985818211,-1.945865407538942,59.94376993179321,29.102203845977783,89.04597473144531,1.0681151962899094e-08,4.858398369833594e-06
5.097943714387824,9830.2575,500.0,0.0,61,1220000,40,0.007578413467854261,1.278568983078003,0.0002755999999999994,44.02315962435324,473534.5311956092,-2.867363708409705,62.01621627807617,26.33995795249939,88.35617542266846,-9.059905714536853e-09,-5.4931642807787284e-06
1.0105066210539466,4931.4425,500.0,0.0,62,1240000,40,0.007290823385119438,1.3316121101379395,0.00027519999999999937,30.293875144704987,134723.18112275327,-1.0036121122821977,62.843374729156494,27.338659524917603,90.18203687667847,-1.688003514743741e-08,2.6855468604480848e-06
34.43696795636716,4204.355,500.0,0.0,63,1260000,40,0.006296691484749317,1.3833799362182617,0.00027479999999999936,55.83422898363464,158861.3644699676,-1.508805990370014,63.68153500556946,27.748542070388794,91.43007898330688,6.9141385949933465e-09,-3.49121091858251e-06
4.225263751853257,2593.9925,500.0,0.0,64,1280000,40,0.009550084359943867,1.432733416557312,0.00027439999999999935,34.566683835319324,43020.15965705582,-1.0712289045505885,58.47586011886597,29.668721199035645,88.1445825099945,-2.7656554824062596e-09,-3.295898522992502e-06
1.901021574353431,4022.0674999999997,500.0,0.0,65,1300000,40,0.007477310951799154,1.4810619354248047,0.00027399999999999934,30.585219235133522,152845.46681128393,-2.3657056370679337,61.79680371284485,29.236591815948486,91.03339672088623,2.4318695945879654e-09,1.0278320587531198e-05
5.292460895838525,3340.34875,500.0,0.0,66,1320000,40,0.007860880345106125,1.5279289484024048,0.00027359999999999933,28.02092856964733,157943.96191191854,-1.6252028550905517,58.48435306549072,28.36034321784973,86.84469747543335,1.287460360543946e-08,2.148437488358468e-06
5.358450653243935,6408.795,500.0,0.0,67,1340000,40,0.007575012743473053,1.5756843090057373,0.0002731999999999993,21.77827449146705,237696.62927647843,-4.036315128565589,58.58395004272461,29.0873863697052,87.67133784294128,-1.0490417423625331e-09,2.0605468307621777e-05
11.650857585706373,5330.77625,500.0,0.0,68,1360000,40,0.010698040015995502,1.623469352722168,0.0002727999999999993,22.244404404676413,195053.80351933345,-2.6374825261910506,59.75294589996338,27.183903694152832,86.9368507862091,2.6702879907247734e-09,7.019043096079258e-06
6.9240439212800995,2716.31125,500.0,0.0,69,1380000,40,0.009817087091505527,1.6692627668380737,0.0002723999999999993,20.074145078659058,56097.02203519797,-0.628101751019683,66.16389226913452,28.87420392036438,95.0380973815918,-8.201599399626502e-09,2.9296876391526894e-07
12.533261534215079,1151.32125,500.0,0.0,70,1400000,40,0.00917279627174139,1.7118669748306274,0.0002719999999999993,16.68557156867619,71199.3325992053,-0.9189215149683289,62.54718828201294,29.285318851470947,91.83250904083252,-2.6702881683604573e-08,7.324218813664629e-07
12.99595112808501,1347.42875,500.0,0.0,71,1420000,40,0.008265487849712372,1.751769781112671,0.0002715999999999993,16.242717655021934,12871.951611960689,-1.169520002773291,57.85516357421875,26.392420530319214,84.24758577346802,1.0681151962899094e-08,3.6621094068323146e-07
22.659754792273457,2724.7050000000004,500.0,0.0,72,1440000,40,0.007470361888408661,1.7904871702194214,0.0002711999999999993,16.13261703154709,168520.73605643646,-2.2875342683701576,58.73501706123352,29.300578117370605,88.03559637069702,3.35216512326042e-08,7.958984497236088e-06
11.270958302372541,2579.26875,500.0,0.0,73,1460000,40,0.011471880599856377,1.8280109167099,0.00027079999999999926,18.871982337855087,76182.61092672228,-2.0740187881868097,60.29203248023987,26.02229952812195,86.31433320045471,-3.986358620977626e-08,-1.6601562720097718e-06
5.4519530553319715,998.1512500000001,500.0,0.0,74,1480000,40,0.005265852902084589,1.8629838228225708,0.00027039999999999925,7.81203509399408,36749.44874820951,-0.8290327333574053,64.65440154075623,25.780543565750122,90.43494629859924,1.5449524326527353e-08,-1.7089844277506927e-06
12.354137287026585,666.35,500.0,0.0,75,1500000,40,0.007767985574901104,1.8953224420547485,0.00026999999999999924,10.007260887079601,11785.127478312239,-0.5765105606917339,60.73895001411438,32.19126892089844,92.93022036552429,4.148483334631692e-09,-1.2207030941624453e-08
11.202667904222803,513.37,500.0,0.0,76,1520000,40,0.00894111953675747,1.925122618675232,0.00026959999999999923,14.645309200430217,27442.38600085295,-1.6581734312816134,60.01289677619934,25.969995737075806,85.98289489746094,1.282691997062102e-08,4.7607420583517523e-07
11.478534205577224,1634.7649999999999,492.825,0.0,77,1540000,40,0.007695745211094618,1.953740119934082,0.0002691999999999992,15.055491963670223,47868.042674535434,-1.8214975036963632,61.1107292175293,26.6430401802063,87.75377178192139,9.727478378351861e-09,-2.1728515093855094e-06
23.356321299691807,1480.70125,500.0,0.0,78,1560000,40,0.008805367164313793,1.981142282485962,0.0002687999999999992,12.784982939007916,56402.58450081741,-2.265561356565243,58.130372285842896,27.589547157287598,85.71992087364197,2.8514861583062157e-08,-3.588867230064352e-06
12.803134657035082,2667.4300000000003,500.0,0.0,79,1580000,40,0.014125857502222061,2.008608102798462,0.0002683999999999992,6.0380090391711345,123329.98905778716,-2.543354884016363,59.96169686317444,28.344066858291626,88.30576658248901,2.5272369086337676e-08,-2.4780274543445557e-06
14.29675077904368,2131.78125,500.0,0.0,80,1600000,40,0.007962433621287346,2.0356194972991943,0.0002679999999999992,15.504410671772836,89578.62144817883,-2.1875938550392284,60.92944574356079,27.53099489212036,88.46044182777405,-7.0095063087194376e-09,4.187011654721573e-06
3.526198395563898,1439.3275,500.0,0.0,81,1620000,40,0.008738591335713863,2.0615394115448,0.0002675999999999992,6.547105463207522,15029.208084917673,-1.2455246275927447,61.473854780197144,27.91999340057373,89.39384961128235,1.2683868177987279e-08,-1.074218744179234e-06
9.898835932278578,662.37375,500.0,0.0,82,1640000,40,0.00784371979534626,2.0856821537017822,0.0002671999999999992,4.495279635885094,26551.12741204757,-0.9502035786928256,60.91640901565552,26.47402024269104,87.39043235778809,3.0803679607060985e-08,-1.0498047231521923e-06
3.6202366341333354,1797.396341463415,496.9878048780488,0.0,83,1660000,40,0.009998970665037632,2.1093835830688477,0.00026679999999999917,5.860404475278492,58891.15132179743,-1.6467826202134543,63.07933044433594,28.03199601173401,91.11132764816284,-1.6164779736982382e-08,3.2226562325377017e-06
13.616343569403224,1724.2950000000005,496.9125,0.0,84,1680000,40,0.009192525409162045,2.1326189041137695,0.00026639999999999916,8.068476104321359,36980.594311774534,-1.6768785843554932,60.35635757446289,27.00096368789673,87.35732245445251,-1.5735626135437997e-08,-1.6601562720097718e-06
8.690561313532218,877.8375,500.0,0.0,85,1700000,40,0.00677156075835228,2.1545627117156982,0.00026599999999999915,8.889224742522723,28548.32676427334,-1.053492375595283,60.036784410476685,28.12501335144043,88.16179919242859,2.717971847587819e-09,1.5869140952418093e-06
25.600425865935087,616.4925000000001,500.0,0.0,86,1720000,40,0.007853632792830467,2.1750648021698,0.00026559999999999914,8.851152150502688,16280.942473554007,-1.079044392157959,62.77174782752991,26.567773580551147,89.33952260017395,-1.6212463593845428e-09,-1.2695312534560799e-06
3.4259668865589448,1548.32,500.0,0.0,87,1740000,40,0.00898424070328474,2.195249080657959,0.00026519999999999913,2.894125922495806,15919.070724825317,-1.4851469178177132,60.06838011741638,26.979559659957886,87.04794144630432,1.0585784693262212e-08,-3.930664206563961e-06
2.55953812350206,439.2,500.0,0.0,88,1760000,40,0.0068758400157094,2.2139718532562256,0.0002647999999999991,1.6250866134521327,19719.871886048135,-0.9113576562155651,63.62700033187866,28.712881088256836,92.33988308906555,-1.7452240541615538e-08,-2.807617249800387e-07
2.3717077141981906,275.03125,500.0,0.0,89,1780000,40,0.013240904547274113,2.2311947345733643,0.0002643999999999991,1.9565806877575342,12111.606075518645,-1.0500150364741117,65.9932005405426,28.152795553207397,94.14599752426147,-6.127357288221447e-09,9.277343906433089e-07
8.897481434404908,49.99375,500.0,0.0,90,1800000,40,0.013131567277014256,2.2468132972717285,0.0002639999999999991,1.6893273693851278,8595.339391819434,-0.5472235071413879,65.77661895751953,26.98829412460327,92.76491498947144,-5.9556960252393765e-08,2.4414063659605745e-07
2.3108135721267544,56.99375,500.0,0.0,91,1820000,40,0.007269577588886023,2.260986804962158,0.0002635999999999991,1.25967505427101,8650.696886588954,-0.8024352075909323,60.774118423461914,30.290473222732544,91.06459331512451,-2.083778305461692e-08,-1.904296823340701e-06
2.3111998544224326,141.50500000000002,500.0,0.0,92,1840000,40,0.010797439143061638,2.2739455699920654,0.0002631999999999991,1.3168446088893504,4316.943848844117,-1.3904286567616877,62.90204381942749,28.195462703704834,91.09750771522522,4.162788513895066e-08,-1.3793945754514425e-06
2.665173536733927,19.60125,500.0,0.0,93,1860000,40,0.008665166795253754,2.28566837310791,0.00026279999999999907,2.4875118421791473,3726.56023948766,-0.3945986060048395,63.210898637771606,32.91944193840027,96.13034224510193,-1.8692016823251834e-08,2.9296876391526894e-07
3.0254810089602158,139.675,500.0,0.0,94,1880000,40,0.011905835941433907,2.2964069843292236,0.00026239999999999906,1.573016252566742,3999.79268167713,-0.47247663690956143,64.38207936286926,29.963931560516357,94.34601306915283,-1.115798919926192e-08,5.493163826031378e-07
1.8890028705560113,51.075,500.0,0.0,95,1900000,40,0.0050454880110919476,2.30615496635437,0.00026199999999999905,1.9282644695119013,4903.507406973537,-0.16817784977110126,62.178778648376465,28.03615951538086,90.21493935585022,2.38418573772492e-09,-7.934570476209046e-07
4.156497620010673,4.936249999999999,500.0,0.0,96,1920000,40,0.008716224692761898,2.314953565597534,0.00026159999999999904,1.6469351649661608,5454.111556755742,-0.23769027563637193,59.624202728271484,29.59759783744812,89.22180151939392,2.8944015184606542e-08,9.765624753299562e-08
2.7578869057339297,101.66375000000001,500.0,0.0,97,1940000,40,0.008641124702990055,2.323003053665161,0.00026119999999999903,1.0654049302392368,4853.689603428901,-0.3865186252855236,61.10443639755249,32.6411235332489,93.7455620765686,-1.285076134394103e-08,4.1503906800244295e-07
3.2871442196507537,7.25,500.0,0.0,98,1960000,40,0.008962835185229778,2.330266237258911,0.000260799999999999,0.9712314786224425,5406.070961568325,-0.23763468638534033,69.13595986366272,28.289934635162354,97.42589545249939,-1.1587142800806305e-08,-4.028320290672127e-07
3.0302397348427332,0.0,500.0,0.0,99,1980000,40,0.006598554085940123,2.3368091583251953,0.000260399999999999,0.8003625815993622,3762.9882417171816,-0.15603665976867645,69.61699271202087,26.70056676864624,96.31756138801575,-1.912117042479622e-08,-1.3427734302240424e-07
2.828320492325852,0.0,500.0,0.0,100,2000000,40,0.009813605807721615,2.3427000045776367,0.000259999999999999,0.7994842253153838,4594.268110463589,-0.14939109531195857,58.589542627334595,31.04616069793701,89.63570547103882,-5.340575981449547e-09,3.540039017480012e-07
537.9174968113949,0.0,500.0,0.0,101,2020000,40,0.0058911950327456,2.3480002880096436,0.000259599999999999,13.89091076266162,104725.7841135532,-0.8953150538326818,54.88863515853882,26.594470262527466,81.48310708999634,-4.5986175223333703e-07,4.882812731921149e-07
722.8233718155183,0.0,500.0,0.0,102,2040000,40,0.008223908953368664,2.3527660369873047,0.000259199999999999,2.9497811334419852,80871.42219423705,-0.5570787188561657,52.87840533256531,25.877094745635986,78.75550246238708,3.7040709344182687e-07,-3.12499992105586e-06
752.6976479448227,0.0,500.0,0.0,103,2060000,40,0.0039160242304205894,2.3570477962493896,0.00025879999999999897,6.652857441426833,62709.88182844331,-0.36910347961172274,56.99860644340515,25.69533944129944,82.6939468383789,9.078979701371281e-08,-2.3437501113221515e-06
822.2691989953595,0.0,500.0,0.0,104,2080000,40,0.007097672205418348,2.360891342163086,0.00025839999999999896,17.15977719856214,44401.472345047965,-0.342430174803432,53.994572162628174,25.01796841621399,79.01254177093506,-1.3732909920349812e-08,-3.808593646681402e-06
963.0123671901165,0.0,500.0,0.0,105,2100000,40,0.010682374238967896,2.3643381595611572,0.00025799999999999895,30.749647725684735,31923.948497067224,-0.3405109103250353,55.393883228302,27.23494267463684,82.62882685661316,1.9435881881690875e-07,3.41796862812771e-07
933.3538167373579,0.0,500.0,0.0,106,2120000,40,0.006308869458734989,2.3674259185791016,0.00025759999999999894,15.456871105145805,30543.421413450604,-0.6589377770789816,52.8849413394928,26.589473724365234,79.47441601753235,1.8310547034161573e-07,1.757812469804776e-06
997.1045331059515,0.0,500.0,0.0,107,2140000,40,0.009663254953920841,2.3701884746551514,0.00025719999999999893,29.977910744238503,17100.03601765693,-0.2332470488416243,55.591442346572876,27.67683744430542,83.26828122138977,6.885528591737966e-08,-4.6630857468699105e-06
996.9397040379033,0.0,500.0,0.0,108,2160000,40,0.006684777792543173,2.37265682220459,0.0002567999999999989,26.661329753942127,11662.188777643518,-0.401501330650777,52.54867243766785,26.890577793121338,79.43925166130066,4.100799699813251e-08,5.4931642807787284e-06
1001.9092222870128,0.0,500.0,0.0,109,2180000,40,0.012506864033639431,2.374858856201172,0.0002563999999999989,40.859878797772566,13698.172081244746,-0.3639147193418651,53.73025679588318,26.18719792366028,79.91745615005493,7.343292196537732e-08,5.761718966823537e-06
1005.7933959864152,0.0,500.0,0.0,110,2200000,40,0.012462940067052841,2.376819610595703,0.0002559999999999989,59.5710183259807,11976.152873867373,-0.362828370282733,58.46860980987549,26.011515140533447,84.48012590408325,-3.4713746543957313e-08,-2.978515567519935e-06
999.3210861539137,0.0,500.0,0.0,111,2220000,40,0.005251283757388592,2.3785619735717773,0.0002555999999999989,58.714397421818745,12767.269970548605,-0.324506950218089,54.081050872802734,26.452513217926025,80.53356504440308,-8.77380390562621e-09,-6.591797045985004e-06
1026.266030982401,0.0,500.0,0.0,112,2240000,40,0.005926850717514753,2.3801069259643555,0.0002551999999999989,59.389408406124836,10611.801596204541,-0.40830463276162177,52.8252899646759,26.39961314201355,79.22490406036377,-2.6893616222878336e-08,1.2939452744831215e-06
1076.6681611758358,0.0,500.0,0.0,113,2260000,40,0.010620026849210262,2.3814728260040283,0.0002547999999999989,99.13811213804196,13583.914416928834,-0.3764598812342067,52.32660722732544,27.694778203964233,80.02138662338257,-1.3160705414350105e-08,-5.95703113503987e-06
1085.5591742783486,0.0,500.0,0.0,114,2280000,40,0.007455425802618265,2.382676839828491,0.00025439999999999887,35.66162584491923,8767.613614606254,-0.2554033584656972,49.67363524436951,26.370640754699707,76.04427695274353,1.2111663671987571e-08,8.618164429208264e-06
1081.0305106686833,0.0,500.0,0.0,115,2300000,40,0.007532100658863783,2.3837342262268066,0.00025399999999999886,41.63526882159559,8040.6818935346,-0.3965633688659608,53.950676679611206,24.595823049545288,78.54650211334229,1.1444092340440193e-09,1.7089844277506927e-06
1122.7005001638347,0.0,500.0,0.0,116,2320000,40,0.008888402953743935,2.3846588134765625,0.00025359999999999885,44.18095591475692,7956.381646805776,-0.4904939972335779,51.7206130027771,24.51334047317505,76.23395466804504,4.425048771850015e-08,-9.765624753299562e-08
1118.5227623115684,0.0,500.0,0.0,117,2340000,40,0.013171316124498844,2.385463237762451,0.00025319999999999884,40.16161565569383,7476.649928051912,-0.44389096692298785,52.113049030303955,26.337083101272583,78.45013332366943,3.662109548940862e-08,-2.441406195430318e-06
1109.443830699104,0.0,500.0,0.0,118,2360000,40,0.010432181879878044,2.3861587047576904,0.0002527999999999988,45.642004735560356,9091.99652066774,-0.48367128619287586,52.80413889884949,26.4639892578125,79.2681303024292,1.525878978725359e-08,1.8798828023136593e-06
1105.6355442963034,0.0,500.0,0.0,119,2380000,40,0.009968315251171589,2.3867557048797607,0.0002523999999999988,57.435330856299096,6505.430464790441,-0.35259951893947544,51.03759050369263,26.23141646385193,77.26900959014893,3.7956237264324955e-08,4.882812731921149e-07
1185.2907789324217,0.0,500.0,0.0,120,2400000,40,0.00906571839004755,2.387263298034668,0.0002519999999999988,74.04246740658073,6265.263073151021,-0.2953872775906532,51.20556449890137,27.04895544052124,78.25452136993408,3.4713746543957313e-08,3.906249901319825e-07
1136.9941751870717,0.0,500.0,0.0,121,2420000,40,0.008641224354505539,2.3876900672912598,0.0002515999999999988,89.43736085076875,8262.08714562911,-0.5145323326292484,52.68812108039856,25.101288318634033,77.7894115447998,-4.882812376649781e-08,-1.3916015859649633e-06
1145.3293793558373,0.0,500.0,0.0,122,2440000,40,0.013323504477739334,2.3880436420440674,0.0002511999999999988,80.6668414170229,6802.588207003437,-0.43980586056750787,53.929654121398926,24.18906307220459,78.11871838569641,-1.4305114426349519e-08,-4.345703018771019e-06
1138.5748541171365,0.0,500.0,0.0,123,2460000,40,0.009505730122327805,2.3883306980133057,0.0002507999999999988,80.25564671981184,8183.840626680399,-0.35684968874660095,52.970905780792236,25.451828718185425,78.42273592948914,1.3732909920349812e-08,-1.708984314063855e-07
1170.146204654395,0.0,500.0,0.0,124,2480000,40,0.0083124665543437,2.3885576725006104,0.00025039999999999877,36.90072831760479,4354.205214140687,-0.39555012374597637,51.02805161476135,31.709681034088135,82.7377347946167,5.426406701758424e-08,1.8188476360592176e-06
1215.3679402513144,0.0,500.0,0.0,125,2500000,40,0.008034401573240757,2.38873028755188,0.00024999999999999876,42.027778647972056,7009.430109202711,-0.4413643190472186,50.56424641609192,27.78508973121643,78.34933733940125,1.845359776098121e-08,-3.6621094068323146e-07
1185.2257408318042,0.0,500.0,0.0,126,2520000,40,0.009824629873037338,2.3888533115386963,0.00024959999999999875,22.549007283283185,3091.759755909594,-0.5048157336897676,49.34736108779907,26.333889484405518,75.68125128746033,-1.7738342350526182e-08,2.5634764710957825e-07
1200.5091957957513,0.0,500.0,0.0,127,2540000,40,0.006888039410114288,2.3889315128326416,0.00024919999999999874,32.310796935196166,5466.678164016144,-0.26839576011429295,51.94383120536804,26.643112897872925,78.58694529533386,-3.042221052851346e-08,-1.56249996052793e-06
1145.6953129055237,0.0,500.0,0.0,128,2560000,40,0.00908467173576355,2.3889691829681396,0.00024879999999999873,38.61500506355792,3564.352962001366,-0.4658275708226086,51.67792367935181,25.894156217575073,77.57208156585693,3.8719178974133683e-08,2.6489258289075224e-06
1219.1911177049194,0.0,500.0,0.0,129,2580000,40,0.008023680187761784,2.388969898223877,0.0002483999999999987,42.230855615078646,3045.6153709894493,-0.3974591051570222,51.73529505729675,26.990535497665405,78.72583150863647,3.3187866677053535e-08,-1.989746124309022e-06
1167.1251929120558,0.0,500.0,0.0,130,2600000,40,0.009809743613004684,2.38893723487854,0.0002479999999999987,39.35653149372415,4254.9466900596135,-0.49856062907065396,52.018709659576416,26.86424493789673,78.88295555114746,3.6239624634504253e-09,-2.9418945359793724e-06
1220.5319973924204,0.0,500.0,0.0,131,2620000,40,0.010108878836035728,2.3888742923736572,0.0002475999999999987,29.399013170562213,3450.116214385214,-0.5685799771707647,50.903170108795166,25.918277263641357,76.82144832611084,-4.968643096958658e-08,-1.220703097715159e-06
1246.156868015766,0.0,500.0,0.0,132,2640000,40,0.008626005612313747,2.3887836933135986,0.0002471999999999987,35.911628251588795,3360.0205222697195,-0.39948521416304233,52.99130177497864,25.74831533432007,78.73961853981018,-4.100799699813251e-08,2.4536132059438387e-06
1205.9926521565717,0.0,500.0,0.0,133,2660000,40,0.011174391023814678,2.3886680603027344,0.0002467999999999987,19.871549597872963,2239.1455997225603,-0.36233928336089927,51.948827266693115,29.07968044281006,81.02850842475891,-1.506805347162299e-08,-4.7485350478382315e-06
1228.853898995082,0.0,500.0,0.0,134,2680000,40,0.010106557048857212,2.3885297775268555,0.00024639999999999867,24.62910031985633,2753.5125764291497,-0.3819244811429253,52.755521297454834,23.87666630744934,76.63218832015991,-1.754760781125242e-08,-3.7841796256543603e-06
1205.1527360106006,0.0,500.0,0.0,135,2700000,40,0.008068635128438473,2.3883707523345947,0.00024599999999999866,23.237316679501834,2164.071935001808,-0.3829583044175672,49.047571659088135,25.7578444480896,74.80541706085205,2.9945372403972215e-08,-4.272461069376732e-07
1210.3636939534158,0.0,500.0,0.0,136,2720000,40,0.00934947282075882,2.388192892074585,0.00024559999999999865,20.701771668240994,1672.4501209017596,-0.32563561367554755,49.6525502204895,27.28542733192444,76.93797874450684,5.0067900048134106e-08,-6.103515914901436e-08
1189.9212742190716,0.0,500.0,0.0,137,2740000,40,0.008908065035939217,2.38799786567688,0.00024519999999999864,33.90737199194824,3283.0068554938593,-0.3109684719385791,49.315818309783936,26.15835690498352,75.47417736053467,4.0435789827597546e-08,-1.9531250927684596e-06
1259.329978339553,0.0,500.0,0.0,138,2760000,40,0.009965206496417522,2.387787103652954,0.00024479999999999863,27.42159857131258,2700.536672973633,-0.3561437814296046,49.02381610870361,27.663554191589355,76.68737149238586,-8.01086397217432e-09,-1.3427734302240424e-06
1204.803907303883,0.0,500.0,0.0,139,2780000,40,0.009046455845236778,2.3875622749328613,0.0002443999999999986,22.055528834801684,2675.073000750964,-0.37405666085077993,49.512057304382324,25.57298994064331,75.08504819869995,2.1934509764065524e-09,8.056640581344254e-07
1240.5500191962522,0.0,500.0,0.0,140,2800000,40,0.010591637343168259,2.387324333190918,0.00024399999999999864,36.50400430205502,2865.716352226161,-0.4718331568320341,54.62579298019409,25.282123565673828,79.90791749954224,1.6593933338526767e-08,1.8920898128271801e-06
1308.1928073114832,0.0,500.0,0.0,141,2820000,40,0.009123231284320354,2.3870744705200195,0.00024359999999999866,35.84026012133948,2330.2504691787913,-0.4962558043979203,50.40989327430725,23.823690176010132,74.23358535766602,3.452301200468355e-08,-8.544921570319275e-08
1292.2042390479987,0.0,500.0,0.0,142,2840000,40,0.008841059170663357,2.3868138790130615,0.00024319999999999865,33.664030061945134,1927.9799383718755,-0.38576152383031537,52.93398451805115,25.29520344734192,78.22919011116028,6.484985437538171e-09,1.794433615032176e-06
1314.3425629350038,0.0,500.0,0.0,143,2860000,40,0.010728062130510807,2.3865432739257812,0.00024279999999999864,38.92493158427975,1774.2110437610481,-0.43844227957999027,49.546897888183594,27.44221806526184,76.98911666870117,1.4495849853801701e-08,-9.216308853865485e-07
1264.4287214795293,0.0,500.0,0.0,144,2880000,40,0.00799789559096098,2.386263608932495,0.00024239999999999865,28.79373142704179,1188.6116342665273,-0.39809089299362105,51.200196266174316,26.256837129592896,77.45703554153442,2.6607512637610853e-08,-3.540039017480012e-07
1272.2552014475045,0.0,500.0,0.0,145,2900000,40,0.010724524036049843,2.3859755992889404,0.00024199999999999867,42.13322749620752,1479.499182833901,-0.4054088433685748,50.466612815856934,23.2451491355896,73.71176290512085,-7.629394338515283e-10,-1.745605459291255e-06
1306.885488256175,0.0,500.0,0.0,146,2920000,40,0.010191998444497585,2.3856799602508545,0.0002415999999999987,30.421877339369136,2205.1622425996807,-0.3641708340896647,49.88159441947937,23.9535653591156,73.83516073226929,-2.1934509764065524e-09,1.2329101082286797e-06
1269.608281771014,0.0,500.0,0.0,147,2940000,40,0.008779633790254593,2.3853771686553955,0.0002411999999999987,22.511131979091257,1720.9902649698379,-0.31341784242069043,53.53840398788452,24.07166600227356,77.6100709438324,-2.3460387410523253e-08,1.1230468999201548e-06
1286.3529537768763,0.0,500.0,0.0,148,2960000,40,0.00930675957351923,2.385067939758301,0.00024079999999999872,26.329855026474483,1115.3173309229596,-0.35140762105584145,49.54773950576782,24.651161193847656,74.19890189170837,-1.0681151962899094e-08,-1.4038086249001935e-07
1281.7438225960664,0.0,500.0,0.0,149,2980000,40,0.010691204108297825,2.3847527503967285,0.00024039999999999874,25.41636017349702,1357.99395467058,-0.42776672625088996,49.03404998779297,23.852779388427734,72.88683032989502,3.356933575560106e-08,-5.004882837056357e-07
1267.20976440018,0.0,500.0,0.0,150,3000000,40,0.008598367683589458,2.384432077407837,0.00023999999999999873,20.188073521626148,1067.9758675056169,-0.3297766415237249,51.58656549453735,27.42559504508972,79.01216197013855,5.57899459963096e-09,-1.647949261496251e-07
315.4320521554723,554.2787500000001,500.0,0.0,151,3020000,40,0.009788024239242077,2.3849077224731445,0.00023959999999999872,157.13667487856708,19002.989169157005,-0.9610377266531503,58.15719795227051,28.606175184249878,86.7633740901947,1.7929076889799944e-08,-1.1474609209471964e-06
0.5418418615271137,3798.8174999999997,500.0,0.0,152,3040000,40,0.006666706874966621,2.3907630443573,0.0002391999999999987,66.4229044262367,41506.36762173809,-1.8749170883546902,57.98370337486267,25.663962602615356,83.64767003059387,3.128051773160223e-08,2.167968705180101e-05
0.42431882343833244,4718.3237500000005,500.0,0.0,153,3060000,40,0.006135000381618738,2.4026730060577393,0.0002387999999999987,51.860690602622455,58875.49046824009,-1.1551540123510964,60.18086791038513,25.15860152244568,85.33947038650513,-2.0599365768703137e-08,3.3203125440195436e-06
0.5570615924583147,177.88000000000002,500.0,0.0,154,3080000,40,0.007886557839810848,2.4136483669281006,0.0002383999999999987,49.76850918742675,3958.7077637684497,-0.4620819458124947,59.75450015068054,24.290486812591553,84.04498815536499,-8.583068478174027e-09,-1.2695312534560799e-06
0.608515525410037,1574.85,500.0,0.0,155,3100000,40,0.007264626212418079,2.4257683753967285,0.00023799999999999868,65.28990803760819,98098.80460993126,-1.2330562567974948,58.831262826919556,24.818819999694824,83.65008401870728,3.33786012163273e-08,5.346679699869128e-06
0.5970448179257326,3162.6775000000002,500.0,0.0,156,3120000,40,0.008140718564391136,2.4411396980285645,0.00023759999999999867,58.35726946516882,134748.67364695104,-2.455250056540664,62.92299842834473,25.990333318710327,88.91333246231079,-1.678466787780053e-08,6.83593725625542e-07
0.7971764489917131,5011.1449999999995,500.0,0.0,157,3140000,40,0.006219672970473766,2.461884021759033,0.00023719999999999866,52.57941724831545,141023.13563016095,-1.9670006291021274,56.66586256027222,25.082170724868774,81.74803447723389,3.051757735406113e-09,6.567383024957962e-06
0.580033905901296,2850.25875,500.0,0.0,158,3160000,40,0.008618042804300785,2.4845292568206787,0.00023679999999999868,52.54125619523133,67393.75790200535,-1.0519877209410637,55.08742165565491,23.870272397994995,78.9576952457428,-3.376007029487482e-08,3.41796862812771e-07
0.6160920620992794,2298.83375,500.0,0.0,159,3180000,40,0.008643089793622494,2.5081374645233154,0.0002363999999999987,47.79692085423047,57815.952325004866,-1.0022162956999072,54.91836881637573,25.32273268699646,80.24110388755798,-1.1062621929625038e-08,1.1474609209471964e-06
0.7555578461709109,1620.355,500.0,0.0,160,3200000,40,0.006523719057440758,2.5316884517669678,0.00023599999999999872,52.99527653848069,28098.83039011895,-1.17992468709244,56.11170840263367,25.128973722457886,81.24068355560303,5.722046170220096e-10,-1.9531249506599124e-07
0.7905714640913674,927.1450000000001,500.0,0.0,161,3220000,40,0.009052976034581661,2.5542287826538086,0.00023559999999999873,42.180092379413075,4177.768709023391,-0.6049841033035441,54.998279094696045,24.831059217453003,79.82933926582336,5.149841442175784e-09,-1.1352539104336756e-06
0.7308575017265004,2225.6724999999997,500.0,0.0,162,3240000,40,0.01132235024124384,2.5776593685150146,0.00023519999999999872,33.13003923500641,91557.28315868136,-1.6300347426835495,56.321300745010376,24.853352785110474,81.17465448379517,-6.103515470812226e-09,1.8554687812866177e-06
0.5314377397283032,483.0875,500.0,0.0,163,3260000,40,0.008160254918038845,2.59946870803833,0.00023479999999999874,28.044654152966753,2938.0930498823336,-0.20795497886034883,57.46049761772156,24.883787870407104,82.3442862033844,6.675719976811934e-10,-3.784179796184617e-07
0.7431756333728717,0.0,500.0,0.0,164,3280000,40,0.007774285972118378,2.619126319885254,0.00023439999999999873,19.26659152447423,2062.7897272713576,-0.29105582537270985,60.08704876899719,25.819114208221436,85.90616393089294,8.296966669263384e-09,-1.4343261511839955e-07
0.4309408546862107,0.6,500.0,0.0,165,3300000,40,0.009064031764864922,2.6368415355682373,0.00023399999999999872,19.02969366583643,3508.1325114286396,-0.28255549258304924,60.82798409461975,26.03992486000061,86.86791038513184,-7.534026735811494e-09,-1.2207030941624453e-08
0.6259883263857063,2616.525,500.0,0.0,166,3320000,40,0.009768812917172909,2.6565001010894775,0.0002335999999999987,10.7664462060868,63249.87059152337,-1.5781414258706419,58.553929567337036,26.92687153816223,85.48080205917358,-4.863739189175931e-09,4.028320290672127e-06
0.5840536416008179,0.0,500.0,0.0,167,3340000,40,0.009910129941999912,2.6742146015167236,0.00023319999999999873,14.992703307731242,8998.784162207496,-0.4840699673547775,57.58258128166199,26.051870822906494,83.6344530582428,-2.632141082870021e-08,2.197265530412551e-06
0.6525229387569087,1114.925,500.0,0.0,168,3360000,40,0.008495232090353966,2.6917734146118164,0.00023279999999999872,12.28814362800574,18794.101415938367,-0.7450153791498911,58.95362973213196,25.53599452972412,84.48962569236755,9.63211022053656e-09,9.765625463842298e-07
0.6665261684416467,1555.0087500000002,500.0,0.0,169,3380000,40,0.008079285733401775,2.7098212242126465,0.0002323999999999987,16.318518167206005,71356.03959443298,-1.1484783665288854,55.65255355834961,25.87680459022522,81.52935934066772,-4.339218051541138e-08,-1.1962890766881173e-06
0.7520036682834844,795.36625,500.0,0.0,170,3400000,40,0.015942230820655823,2.727229118347168,0.00023199999999999873,14.573556867732277,12886.987014809138,-0.40090789261356563,58.71448040008545,25.906904935836792,84.62138652801514,-2.479553229406406e-09,-1.4648438195763447e-07
0.49845543841223117,268.60625,500.0,0.0,171,3420000,40,0.010218411684036255,2.743300437927246,0.00023159999999999874,14.706087378308743,35436.12849121094,-0.9968812080783934,60.81520438194275,25.82814121246338,86.6433470249176,-4.4441222257773916e-08,-5.859375278305379e-07
0.5903699560884346,805.81875,500.0,0.0,172,3440000,40,0.008503218181431293,2.758945941925049,0.00023119999999999876,16.209439569485337,9379.685742284075,-0.43330907012465636,60.9067063331604,33.6463680267334,94.5530755519867,-1.2397766369076635e-08,2.4414061883248905e-08
0.7218727792271269,24.1,500.0,0.0,173,3460000,40,0.010675136931240559,2.7730700969696045,0.00023079999999999875,23.76762971033024,9772.310996449145,-0.7431713429810126,58.17620253562927,30.649365186691284,88.82556891441345,1.1444092340440193e-09,1.4648437627329258e-06
0.6004464425912841,0.0,500.0,0.0,174,3480000,40,0.010177773423492908,2.785784959793091,0.00023039999999999877,17.21071222643309,8925.786847657795,-0.47063344669870183,58.9543399810791,28.598381519317627,87.55272269248962,2.2697449253428204e-08,-1.074218744179234e-06
0.5968507119888768,0.0,500.0,0.0,175,3500000,40,0.01001554075628519,2.797227382659912,0.00022999999999999876,17.132698776299442,6251.221035399618,-0.28082884125694446,58.686251401901245,26.24257493019104,84.9288272857666,9.346008411625917e-09,-6.347656267280399e-07
0.5734059120896008,1.4,500.0,0.0,176,3520000,34,0.020057104527950287,2.807522773742676,0.00022959999999999878,24.893932297970053,9429.225210364506,-0.5309259396764829,54.55347967147827,25.916375160217285,80.46985602378845,-9.727478378351861e-09,-1.56249996052793e-06
0.6583101420235845,4.2,500.0,0.0,177,3540000,40,0.00921686738729477,2.816786289215088,0.0002291999999999988,18.510623833650275,5310.331560139716,-0.46315823765353686,55.79616117477417,24.371010065078735,80.16717219352722,9.63211022053656e-09,-1.7639159750615363e-06
0.5562739375696214,0.0,500.0,0.0,178,3560000,40,0.009853584691882133,2.8251121044158936,0.0002287999999999988,18.869941949693462,5930.138200088694,-0.521229458480036,57.388144969940186,28.19074535369873,85.57889199256897,-8.392333938900265e-09,1.904296823340701e-06
0.648376846917256,474.3,500.0,0.0,179,3580000,40,0.014095451682806015,2.8332977294921875,0.0002283999999999988,10.711502571045598,33248.79623320374,-1.9394321045119174,55.46684169769287,25.87430191040039,81.34114480018616,4.00543198608716e-09,-4.443359557626536e-06
0.8949026646297564,711.45,500.0,0.0,180,3600000,40,0.011101161129772663,2.841712474822998,0.00022799999999999882,10.496223257312291,6184.1155183429955,-0.4050678995591176,55.68267798423767,24.941599369049072,80.62427830696106,3.051757735406113e-09,4.882812376649781e-08
0.8750069804061364,0.0,500.0,0.0,181,3620000,40,0.01029215194284916,2.849271059036255,0.0002275999999999988,12.212926617302472,6032.5873706479615,-0.5965489544705311,58.321699380874634,28.259371757507324,86.58107209205627,-2.088546757761378e-08,1.025390588438313e-06
0.6085687587795809,0.0,500.0,0.0,182,3640000,40,0.010411480441689491,2.8560566902160645,0.00022719999999999883,10.663061683389206,6586.776767547221,-0.7080496514899821,55.11835694313049,25.732402801513672,80.85076069831848,-1.7356873271978657e-08,-1.4404297417058842e-06
0.8169621117770536,1118.2275,500.0,0.0,183,3660000,40,0.01123212929815054,2.8638274669647217,0.00022679999999999882,11.112025310872477,18685.031671200522,-0.8343496858083372,58.74056553840637,27.69170331954956,86.43227124214172,-3.852844088214624e-08,-9.765624753299562e-08
0.8140164950254343,124.24749999999999,500.0,0.0,184,3680000,40,0.009747322648763657,2.8709921836853027,0.00022639999999999884,11.472728704953495,10656.802993581265,-0.670967959282519,61.188809394836426,27.98708438873291,89.17589473724365,2.565383994124204e-08,2.4414063659605745e-07
0.6075812954649477,0.0,500.0,0.0,185,3700000,40,0.010946300812065601,2.8774216175079346,0.00022599999999999883,8.303251640479775,8053.7829688929305,-0.8460240552461222,55.89401578903198,26.573747873306274,82.46776461601257,-1.201629640235069e-08,-1.0131835779247922e-06
0.5222058004607676,0.0,500.0,0.0,186,3720000,40,0.009218772873282433,2.8831872940063477,0.00022559999999999884,8.192272154138058,8685.130783544613,-0.6304418639150224,57.7433385848999,27.357827186584473,85.10116744041443,5.531310964812519e-09,2.587890548966243e-06
0.7788275058631479,0.0,500.0,0.0,187,3740000,40,0.01204425934702158,2.8883533477783203,0.00022519999999999886,12.172934678687325,13802.20829093064,-0.7715220636016206,54.1025710105896,26.752556562423706,80.85512828826904,4.482269133632144e-08,-3.906249901319825e-07
0.8108918560621488,0.0,500.0,0.0,188,3760000,40,0.01598799228668213,2.8929781913757324,0.00022479999999999888,7.954441013819054,8125.809695106217,-0.6254939168550169,58.532761335372925,27.344996452331543,85.87775874137878,3.137588677759595e-08,1.989746124309022e-06
0.8971952096818996,0.0,500.0,0.0,189,3780000,40,0.012384213507175446,2.8971142768859863,0.00022439999999999887,6.574106939231293,7149.832253217093,-0.6426595231070171,58.29555130004883,32.93889880180359,91.23445177078247,1.1348724626714102e-08,-1.2207031829802872e-07
0.592349366401867,49.28000000000001,500.0,0.0,190,3800000,40,0.009150063619017601,2.9008848667144775,0.00022399999999999886,8.147092713585383,12207.089647568328,-0.8301888324320317,56.15244126319885,26.558846950531006,82.71129035949707,-3.414153937342235e-08,9.277343906433089e-07
0.7738145770133883,21.12,500.0,0.0,191,3820000,40,0.01199429389089346,2.904282331466675,0.00022359999999999885,8.68299542280692,6801.174233506601,-0.4911815914030694,58.31528115272522,27.279036045074463,85.59431886672974,-4.186630420122128e-08,4.1503906800244295e-07
0.5085838017857016,0.0,500.0,0.0,192,3840000,40,0.01152377761900425,2.9073100090026855,0.00022319999999999884,8.180262183313129,6455.459031175058,-0.5177605154299283,59.641345500946045,24.433247566223145,84.07459473609924,-4.959106458812812e-09,8.544921570319275e-08
0.7668505785080131,0.0,500.0,0.0,193,3860000,40,0.008758715353906155,2.910003900527954,0.00022279999999999886,6.235994296586966,4228.795109171807,-0.42131543256153786,62.24302792549133,25.80675959587097,88.04978847503662,-2.574920721087892e-08,2.575683538452722e-06
0.7036302323462975,0.0,500.0,0.0,194,3880000,40,0.009074688889086246,2.9123964309692383,0.00022239999999999887,5.673518824426433,4422.776855681214,-0.542860414017039,56.61978006362915,28.027164220809937,84.6469464302063,-2.38418573772492e-09,1.30615239868348e-06
0.7361317924240531,0.0,500.0,0.0,195,3900000,40,0.009109314531087875,2.9145166873931885,0.0002219999999999989,5.514433209503753,4209.243543175806,-0.5041604188942834,57.43333458900452,26.946696519851685,84.38003206253052,-1.9693374042617506e-08,-3.295898522992502e-07
0.6911819024318668,0.0,500.0,0.0,196,3920000,40,0.012409861199557781,2.916391134262085,0.0002215999999999989,7.5447224450262285,4697.888678461389,-0.4383674466204417,56.64758372306824,26.192940950393677,82.84052586555481,-7.724762163263676e-09,8.178710686479462e-07
0.8838734676962652,0.0,500.0,0.0,197,3940000,40,0.010018482804298401,2.918043613433838,0.0002211999999999989,6.800363967841185,3529.812663877463,-0.42907260748781734,56.310062646865845,27.719849824905396,84.02991342544556,-1.8119812317252126e-09,2.2460937998403097e-06
0.6139889751860139,0.0,500.0,0.0,198,3960000,40,0.010966071859002113,2.9194955825805664,0.0002207999999999989,7.519248266612427,5350.302102410039,-0.54884309533842,55.72535443305969,28.489042043685913,84.21439838409424,4.863739189175931e-09,-8.78906234902388e-07
0.6968845851398976,0.0,500.0,0.0,199,3980000,40,0.008500579744577408,2.920766592025757,0.00022039999999999888,8.89658761997766,4438.970050377182,-0.4576556493245254,55.64105558395386,28.9807391166687,84.62179756164551,-7.438659466174613e-09,2.6855468604480848e-06
0.5267233392486531,0.0,500.0,0.0,200,4000000,40,0.00933102797716856,2.9218740463256836,0.00021999999999999887,7.192607499300679,5040.5121766295615,-0.3288375774752113,56.14929485321045,29.29689383506775,85.4461898803711,7.820129432900558e-09,9.277343906433089e-07
2.3908996290365154,0.0,500.0,0.0,201,4020000,40,0.008236447349190712,2.9228336811065674,0.00021959999999999886,8.67023323404638,53610.01434859264,-0.7834573579928543,58.119407176971436,34.79954552650452,92.91895461082458,7.98702259885431e-08,-7.71484337747097e-06
2.9853183853769054,0.0,500.0,0.0,202,4040000,40,0.008274544961750507,2.9236600399017334,0.00021919999999999885,6.588397742449483,29211.97717323786,-0.20384897885820533,59.188082456588745,28.68322777748108,87.8713116645813,4.873275827321777e-08,1.1230468771827873e-05
3.0232540545024587,0.0,500.0,0.0,203,4060000,40,0.008513947017490864,2.924365758895874,0.00021879999999999887,7.2767164033425,16621.019848207885,-0.2792127804571315,56.878193378448486,29.92103362083435,86.79922842979431,-3.452301200468355e-08,6.2011718000576366e-06
2.914125682758172,0.0,500.0,0.0,204,4080000,40,0.013003520667552948,2.9249625205993652,0.00021839999999999888,6.689070445148251,11334.838199779655,-0.38117769159659554,56.934077739715576,23.82821798324585,80.76229691505432,-6.561279519701202e-08,-4.1259763747802936e-06
3.0028574823370184,0.0,500.0,0.0,205,4100000,40,0.008240086026489735,2.9254610538482666,0.00021799999999999888,10.22901732385913,10814.121112929719,-0.3504630492599327,54.69956588745117,27.373450994491577,82.07301783561707,-4.425048771850015e-08,-4.882812731921149e-07
2.8983651857166257,0.0,500.0,0.0,206,4120000,40,0.007340176496654749,2.925870656967163,0.0002175999999999989,9.801856556346145,8509.756366353095,-0.2848171244693708,56.24829721450806,24.342113733291626,80.590411901474,-2.4986267277427032e-08,-2.807617249800387e-07
2.88748605265059,0.0,500.0,0.0,207,4140000,40,0.009514696896076202,2.9261999130249023,0.00021719999999999888,8.367788311499584,4882.795081686671,-0.18270740954653372,54.75029754638672,24.845545291900635,79.59584426879883,3.814697446813398e-09,-2.685546860448085e-07
2.868855616082442,0.0,500.0,0.0,208,4160000,40,0.009560860693454742,2.9264564514160156,0.00021679999999999887,14.617742672223079,5025.156534470184,-0.29996267536395715,54.68009972572327,24.895791053771973,79.57589173316956,1.9645691295977485e-08,-5.615234499600774e-07
2.8477494074956864,0.0,500.0,0.0,209,4180000,40,0.008104337379336357,2.926647424697876,0.0002163999999999989,18.266278684063803,3402.6779451201232,-0.18029106960785163,53.980098485946655,24.011492013931274,77.99159145355225,4.9972534554854064e-08,-4.028320290672127e-07
2.862649690486962,0.0,500.0,0.0,210,4200000,40,0.012938023544847965,2.92677903175354,0.00021599999999999888,21.117427115198932,4578.580910018728,-0.2383683807181218,57.15210747718811,24.23958945274353,81.39169788360596,-1.4877318932349226e-08,1.2207031829802872e-07
2.7809752178659433,0.0,500.0,0.0,211,4220000,40,0.008527937345206738,2.9268569946289062,0.00021559999999999887,11.88592967194847,2365.6001749159414,-0.2100609544381688,55.027817487716675,23.4789297580719,78.50674819946289,-3.3187866677053535e-08,-4.882812731921149e-07
2.7973704607008583,0.0,500.0,0.0,212,4240000,40,0.008939416147768497,2.926886558532715,0.00021519999999999886,17.581910883324056,2631.741762697244,-0.243960967556208,55.42173528671265,24.542253017425537,79.9639904499054,-9.53674295089968e-09,-1.2207030941624453e-08
2.744784697456125,0.0,500.0,0.0,213,4260000,40,0.007512006908655167,2.9268722534179688,0.00021479999999999888,36.3826435529733,4069.2592912794667,-0.24453637352849864,55.98460054397583,24.705668687820435,80.69027042388916,-1.1444092340440193e-09,9.643554221838713e-07
2.789322380175421,0.0,500.0,0.0,214,4280000,40,0.010812467895448208,2.9268181324005127,0.00021439999999999887,27.29071005824246,5202.7539922110645,-0.22757062695543223,57.74733519554138,24.91923236846924,82.66656851768494,1.1444092340440193e-09,-6.958007929824817e-07
2.715757987495329,0.0,500.0,0.0,215,4300000,40,0.008533228188753128,2.9267280101776123,0.00021399999999999886,29.747894685630556,5641.646884348423,-0.28156159092919736,56.59934997558594,24.725947856903076,81.32529854774475,5.531310964812519e-09,3.0517577442878974e-07
2.806606155217827,0.0,500.0,0.0,216,4320000,40,0.010716755874454975,2.926605463027954,0.00021359999999999885,36.6548347439947,5241.820724699769,-0.270119250952443,55.626190185546875,23.578664541244507,79.20485615730286,1.7166137400437265e-09,-1.3427734302240424e-07
2.785079232689648,0.0,500.0,0.0,217,4340000,40,0.009296107105910778,2.9264533519744873,0.00021319999999999884,42.264112276366994,3187.449134421047,-0.2767283821784997,57.49304556846619,25.666027307510376,83.1590735912323,1.5258788677030566e-09,2.19726558725597e-07
2.7093404006778976,0.0,500.0,0.0,218,4360000,40,0.009237831458449364,2.926274538040161,0.00021279999999999883,41.19035886737365,2817.9894894853423,-0.20149859672388698,61.13868236541748,28.32430672645569,89.46299028396606,1.1444092340440193e-09,4.6386719532165444e-07
2.758226109814145,0.0,500.0,0.0,219,4380000,40,0.010081477463245392,2.9260716438293457,0.00021239999999999885,26.87048186742807,2380.3452532321594,-0.21242720667697207,63.44109749794006,27.54913902282715,90.99023795127869,1.1444092340440193e-09,-3.784179796184617e-07
2.670077014046933,0.0,500.0,0.0,220,4400000,40,0.008897299878299236,2.925846815109253,0.00021199999999999884,7.490683715931977,1839.0249833215642,-0.14022279916496216,58.20388054847717,25.874584674835205,84.07846641540527,1.0490417423625331e-08,1.3641357554661226e-06
2.704096114192203,0.0,500.0,0.0,221,4420000,40,0.00880204327404499,2.9256021976470947,0.00021159999999999883,5.9312390213525745,1949.758156054533,-0.28807279648660106,57.780396938323975,31.09773588180542,88.87813377380371,-7.915496702537439e-09,-1.8859863075704197e-06
2.6496833896214076,0.0,500.0,0.0,222,4440000,40,0.010607699863612652,2.925339460372925,0.00021119999999999882,8.455973483640935,2793.8756544282164,-0.21267406678746772,58.03173875808716,28.522849082946777,86.55458879470825,-8.106232129989621e-09,2.3437501113221515e-06
2.6859318638595466,0.0,500.0,0.0,223,4460000,40,0.006412365008145571,2.925060272216797,0.0002107999999999988,14.019933663591553,1920.8178988782665,-0.17752085098926026,62.604146242141724,27.69131064414978,90.29545974731445,-4.00543198608716e-09,3.7231444593999186e-07
2.7420184096368545,0.0,500.0,0.0,224,4480000,40,0.008922082372009754,2.9247663021087646,0.0002103999999999988,22.259841370129887,2165.2648720077323,-0.2535702792243867,60.0028338432312,27.32761836051941,87.33045363426208,-8.01086397217432e-09,4.534912022791104e-06
2.8234686221626233,0.0,500.0,0.0,225,4500000,40,0.008103309199213982,2.9244587421417236,0.00020999999999999882,14.63551996870886,1059.9105130931998,-0.21404207210893494,61.62414526939392,27.983785390853882,89.60793209075928,1.506805347162299e-08,-4.2419432588758355e-07
2.7769000565765496,0.0,500.0,0.0,226,4520000,40,0.009023056365549564,2.9241387844085693,0.00020959999999999883,18.29517158979102,1157.0939041330844,-0.24828236574613596,58.23320245742798,28.396526098251343,86.62972950935364,3.528594971768939e-09,1.333618115495483e-06
2.7231182497324546,0.0,500.0,0.0,227,4540000,40,0.007283540442585945,2.9238076210021973,0.00020919999999999885,29.310392970525765,1812.6837686079966,-0.19950420320081183,56.46313762664795,24.83263659477234,81.2957751750946,6.484985437538171e-09,5.37109372089617e-07
2.690247645238127,0.0,500.0,0.0,228,4560000,40,0.009615869261324406,2.923466205596924,0.00020879999999999887,12.97303707456287,889.5000135011311,-0.21765599428098412,55.70615601539612,24.114309787750244,79.82046747207642,7.629394338515283e-10,-1.2512207376857987e-06
2.7014059873544793,0.0,500.0,0.0,229,4580000,40,0.008353183977305889,2.9231154918670654,0.00020839999999999886,22.673803774163694,864.2338558921331,-0.2546486275742137,55.90512466430664,25.821975469589233,81.72710084915161,-4.959106458812812e-09,3.356933575560106e-07
2.6317196804133425,0.0,500.0,0.0,230,4600000,40,0.007390917278826237,2.9227564334869385,0.00020799999999999885,29.854791635350335,1408.8722460010383,-0.2692006843494652,55.75346660614014,26.310997247695923,82.06446504592896,2.6702879907247734e-09,1.0803222494359943e-06
2.6020121310822457,0.0,500.0,0.0,231,4620000,40,0.009123590774834156,2.922389507293701,0.00020759999999999884,17.759054995337618,533.8642511488516,-0.2856367277853851,56.20677876472473,23.372102737426758,79.5788824558258,-9.727478378351861e-09,0.0
2.6813222706592326,0.0,500.0,0.0,232,4640000,40,0.009670162573456764,2.922015428543091,0.00020719999999999883,23.81274642099308,536.0636897509611,-0.19966338933740235,55.955952644348145,24.24975275993347,80.20570611953735,3.814697446813398e-09,1.3885497764931642e-06
2.592840986210181,0.0,500.0,0.0,233,4660000,40,0.012317582964897156,2.9216349124908447,0.00020679999999999882,29.329846949366075,484.8281537019754,-0.2799966259305424,56.937392473220825,27.18145513534546,84.11884832382202,-2.861023085110048e-10,2.19726558725597e-07
2.660204206470591,0.0,500.0,0.0,234,4680000,40,0.013308163732290268,2.921248435974121,0.0002063999999999988,31.849360860450357,601.4189650137213,-0.2187462375499308,54.95626521110535,24.755717277526855,79.71198391914368,1.907348723406699e-09,2.1057128662960167e-07
2.6802524181842466,0.0,500.0,0.0,235,4700000,40,0.006589699536561966,2.920856475830078,0.0002059999999999988,18.950255106672454,509.19160753081115,-0.17072502894303468,59.52501463890076,23.383984565734863,82.90900111198425,2.7656554824062596e-09,4.7454832952098513e-07
2.4885178882190124,0.0,500.0,0.0,236,4720000,40,0.009276504628360271,2.920459270477295,0.00020559999999999882,23.88349623544307,849.7909325032294,-0.17191617776274304,55.63562607765198,23.568114280700684,79.20374155044556,-1.354217538107605e-08,-2.807617249800387e-07
2.605016493631686,0.0,500.0,0.0,237,4740000,40,0.010386273264884949,2.920057535171509,0.0002051999999999988,24.190010172204126,1158.4991786618775,-0.1546094403059894,55.096776485443115,25.76865530014038,80.86543345451355,-1.7166136956348055e-08,-7.324219097881723e-08
2.556219598330313,0.0,500.0,0.0,238,4760000,40,0.009640450589358807,2.919651508331299,0.0002047999999999988,16.962963460366936,732.6489454052116,-0.26349881462799973,59.463165283203125,24.98017406463623,84.44334125518799,4.00543198608716e-09,5.615234499600774e-07
2.5731211491782844,0.0,500.0,0.0,239,4780000,40,0.007798510137945414,2.919241428375244,0.0002043999999999988,11.551053436043896,603.8725733503511,-0.15901297349718552,55.838494539260864,23.893697500228882,79.73219299316406,-1.275539407430415e-08,-3.6621094068323146e-07
2.613414893877543,0.0,500.0,0.0,240,4800000,40,0.010446297004818916,2.918827772140503,0.0002039999999999988,10.659206019926675,844.2107694698285,-0.19668629011964497,56.72811794281006,23.551748037338257,80.27986717224121,1.115798919926192e-08,-2.5634764710957825e-07
2.5624743642501318,0.0,500.0,0.0,241,4820000,40,0.010753787122666836,2.918410539627075,0.0002035999999999988,11.575516916226738,892.8040021968793,-0.17855645504461815,55.59997296333313,23.00981068611145,78.60978436470032,-1.7356873271978657e-08,7.690429697504442e-07
2.6684470954672586,0.0,500.0,0.0,242,4840000,40,0.010863784700632095,2.917990207672119,0.0002031999999999988,14.998411672175685,584.715069976034,-0.17543863601322415,54.805315256118774,25.08060050010681,79.88591694831848,-2.1839142050339433e-08,3.845214848752221e-07
2.50172403864069,0.0,500.0,0.0,243,4860000,40,0.009159442037343979,2.9175667762756348,0.0002027999999999988,8.944398929348475,429.919955425021,-0.19190356424432012,56.667186975479126,24.289442539215088,80.95663166046143,3.7956237264324955e-08,5.798339657303586e-07
2.7290766511166504,0.0,500.0,0.0,244,4880000,40,0.00749104144051671,2.9171407222747803,0.0002023999999999988,28.35814476058453,563.8194543572921,-0.15204604512104128,54.8564236164093,24.61937117576599,79.47579574584961,9.918212917625624e-09,1.0238647973892512e-06
2.6127709823547254,0.0,500.0,0.0,245,4900000,40,0.009029132314026356,2.9167120456695557,0.0002019999999999988,16.78059666835809,529.1860282897949,-0.17966556225585031,53.95589065551758,23.50598406791687,77.46187567710876,-7.629394893626795e-09,9.94873062154511e-07
2.631435487664981,0.0,500.0,0.0,246,4920000,40,0.010119358077645302,2.916280746459961,0.0002015999999999988,9.129068545223792,441.18230083803587,-0.14135744647252596,54.3468120098114,25.71747660636902,80.06428980827332,-3.8814544467413725e-08,2.9296876391526894e-07
2.5354376813444315,0.0,500.0,0.0,247,4940000,40,0.00889809150248766,2.9158473014831543,0.0002011999999999988,11.859272846843623,1021.1051843957056,-0.13331021765907167,55.3026020526886,23.946024417877197,79.24862718582153,-9.155273872352154e-09,7.080078034960025e-07
2.6040628129690213,0.0,500.0,0.0,248,4960000,40,0.012512290850281715,2.9154114723205566,0.00020079999999999878,15.40400864127316,2104.2428015793425,-0.288778870502086,55.31330466270447,24.310628414154053,79.62393474578857,-4.577636936176077e-09,-3.0517577442878974e-07
2.440896000931622,0.0,500.0,0.0,249,4980000,40,0.009477712213993073,2.914973735809326,0.00020039999999999877,14.828099107138717,1444.6366354543952,-0.21408711636344654,56.21273922920227,24.387898206710815,80.60063862800598,-1.5449524326527353e-08,-1.4648438195763447e-07
2.528214124618791,0.6799999999999999,500.0,0.0,250,5000000,40,0.010810883715748787,2.9145350456237793,0.00019999999999999876,19.431246125999884,1650.6132711772677,-0.2456467684971381,55.466209411621094,23.594529390335083,79.06073951721191,3.433227480087453e-09,1.5869140668200998e-07
239.07899575371147,6629.405000000001,500.0,0.0,251,5020000,40,0.01353478990495205,2.925732374191284,0.00019959999999999875,58.83008351295809,157907.00274611847,-5.1290345618619195,51.565731048583984,24.23922610282898,75.8049578666687,1.4114379887075756e-08,-1.176757814391749e-05
307.2242042785434,4328.135365853659,486.77682926829266,0.0,252,5040000,40,0.013627160340547562,2.943215847015381,0.00019919999999999874,27.51681577208676,85725.01621062846,-3.561369552849969,53.81132221221924,23.16816234588623,76.97948694229126,4.668235931148956e-08,-7.324218813664629e-07
311.4327278072434,3629.79,494.67875000000004,0.0,253,5060000,40,0.011743487790226936,2.965116262435913,0.00019879999999999873,13.075124011613145,97318.18457062154,-4.091202799523178,52.075819969177246,27.544273614883423,79.62009453773499,3.5667419240326126e-08,4.101562353753252e-06
312.9477264722292,5596.26125,500.0,0.0,254,5080000,7,0.02013006992638111,2.9940547943115234,0.00019839999999999872,12.122948257660132,235581.19771417268,-1.6413110667068316,51.784894704818726,4.6079535484313965,56.39284896850586,3.4904481083231076e-08,-3.149414169456577e-06
302.5430314233254,4765.662790697675,475.90697674418607,0.0,255,5100000,40,0.012972233816981316,3.027869701385498,0.00019799999999999871,7.136880068009413,132771.814803884,-3.1406181594993496,52.09273838996887,24.101356267929077,76.19409584999084,-6.723404055719584e-09,1.708984314063855e-07
314.31478244551863,6110.13375,500.0,0.0,256,5120000,40,0.01299832109361887,3.0679266452789307,0.0001975999999999987,8.752370350873923,253524.8342180083,-4.700958834022661,52.91535449028015,24.064533472061157,76.97988867759705,-8.678436635989328e-09,1.220703097715159e-06
317.67658163727964,2703.5025,500.0,0.0,257,5140000,40,0.011089541018009186,3.1083784103393555,0.00019719999999999872,10.78931321765803,104677.96436597606,-2.6650469507786294,52.490214109420776,24.306369304656982,76.79658436775208,-1.273155181280572e-08,3.686523541546194e-06
316.7025578273063,4682.5512499999995,500.0,0.0,258,5160000,40,0.014518200419843197,3.1521527767181396,0.00019679999999999874,7.590915219768693,206972.14707556617,-3.0931671134278744,52.23190498352051,26.111654043197632,78.34356045722961,2.6893616222878336e-08,2.83203121398401e-06
300.52026619012247,3992.5426829268295,487.9756097560976,0.0,259,5180000,40,0.013036311604082584,3.1978394985198975,0.00019639999999999873,8.679305173324634,167825.63957921282,-4.2339863322203675,52.01668047904968,25.034980535507202,77.05166244506836,-6.294250454175199e-09,-3.906250185536919e-06
316.5652982632769,1794.74875,500.0,0.0,260,5200000,40,0.014818012714385986,3.2418878078460693,0.00019599999999999872,12.091546464117268,80787.27758093725,-1.972668671834318,51.95493793487549,24.91806650161743,76.87300658226013,3.814697446813398e-09,1.6601562720097718e-06
312.43535378331444,1676.89125,491.475,0.0,261,5220000,40,0.012717043049633503,3.2842769622802734,0.0001955999999999987,16.674803405321097,61227.730674415296,-3.050815645463859,51.08943176269531,25.09460163116455,76.1840341091156,1.0490417423625331e-09,-2.83203121398401e-06
312.830312619728,686.717857142857,489.22380952380956,0.0,262,5240000,40,0.011133612133562565,3.323590040206909,0.00019519999999999873,18.44037121775784,50478.34316267182,-1.7003324760666376,51.01576614379883,28.091381072998047,79.10714793205261,-9.822845647988743e-09,2.4414063659605745e-07
300.46112200609616,505.56374999999997,483.93999999999994,0.0,263,5260000,40,0.01381742861121893,3.3598363399505615,0.00019479999999999874,24.16075387664988,72423.00236445559,-2.6856474870556517,51.03415036201477,26.45186948776245,77.48602080345154,3.6239624634504253e-09,9.765625463842298e-07
314.57813761706774,607.7670731707318,498.5512195121952,0.0,264,5280000,40,0.011387630365788937,3.3934853076934814,0.00019439999999999876,37.07798340335677,49165.92089109783,-1.4785918093086043,51.18904685974121,25.95144486427307,77.1404926776886,-9.536743617033494e-10,1.4648437627329258e-06
320.47536000447565,1000.0,498.18500000000006,0.0,265,5300000,40,0.015802623704075813,3.4254331588745117,0.00019399999999999875,29.923269041127796,70062.9928483794,-2.0075924810635137,51.85698628425598,24.72621250152588,76.58319973945618,2.6702879907247734e-09,-1.757812469804776e-06
319.1205976566139,8.672500000000001,500.0,0.0,266,5320000,40,0.011873838491737843,3.454220771789551,0.00019359999999999877,17.52928848658936,32743.416968391513,-1.2179059235921388,51.80766987800598,23.020203351974487,74.82787418365479,-2.8610229740877458e-09,5.859375278305379e-07
318.0440392069947,0.027500000000000004,500.0,0.0,267,5340000,40,0.011224624700844288,3.4801437854766846,0.00019319999999999876,13.47257545288605,27427.50233150434,-1.2332293537975867,50.71520447731018,25.54852795600891,76.26373362541199,-5.149841442175784e-09,8.300781360048859e-07
316.08403028041005,16.47,500.0,0.0,268,5360000,40,0.014069218188524246,3.503509998321533,0.00019279999999999875,14.789176033267491,34474.50760884345,-1.322878890927834,52.229083776474,23.86497211456299,76.0940568447113,-3.910064716450279e-09,-2.148437488358468e-06
313.39482713679973,10.721951219512194,489.26341463414633,0.0,269,5380000,40,0.01493205688893795,3.5245604515075684,0.00019239999999999877,20.323840434038186,32491.583762639686,-1.1418366375037385,52.08490800857544,24.885616779327393,76.9705262184143,6.675720420901143e-09,-1.708984314063855e-07
317.2128022440609,0.09,494.50499999999994,0.0,270,5400000,40,0.010136416181921959,3.543504476547241,0.00019199999999999879,29.733795745765107,37798.31332042066,-0.9123799920270714,52.787174224853516,25.01133441925049,77.7985098361969,2.479553229406406e-09,-8.300781360048859e-07
316.55291696318767,0.0,500.0,0.0,271,5420000,40,0.012408399023115635,3.5605480670928955,0.0001915999999999988,20.550333933588824,39569.09880656955,-1.639475872905194,52.20600867271423,25.110942125320435,77.31695246696472,-1.0490417423625331e-08,-9.277343906433089e-07
308.4943485616061,1088.931707317073,489.3414634146341,0.0,272,5440000,40,0.015493746846914291,3.5776960849761963,0.00019119999999999882,17.981977391695676,51357.17009655916,-2.2230354376703123,55.68123650550842,23.7405743598938,79.42181181907654,-6.103515470812226e-09,1.904296823340701e-06
314.3285793282597,256.745,493.25,0.0,273,5460000,40,0.00995731633156538,3.593550682067871,0.00019079999999999884,17.68053955865812,45592.230129270916,-1.419499853611747,54.32663559913635,24.21752643585205,78.54416346549988,-1.282691997062102e-08,2.050781176876626e-06
316.40548985921885,979.82125,500.0,0.0,274,5480000,40,0.014132698066532612,3.6094510555267334,0.00019039999999999883,23.49285104606725,82682.95772535107,-2.837517902820925,52.78144407272339,26.13770818710327,78.91915440559387,1.273155181280572e-08,2.282714831380872e-06
311.73540716464606,228.7654761904762,492.38214285714287,0.0,275,5500000,40,0.00968001876026392,3.6241347789764404,0.00018999999999999884,17.165208181399333,44190.134311028974,-1.3667802252158334,52.40715003013611,23.884096384048462,76.29124784469604,1.1444092340440193e-09,5.859375278305379e-07
313.0533514684255,1007.15,491.16124999999994,0.0,276,5520000,40,0.015117800794541836,3.639031171798706,0.00018959999999999886,22.30116719580904,73882.8069484276,-2.6464166656513757,51.47299766540527,24.888288736343384,76.36128735542297,-6.008148201175345e-09,-9.765624753299562e-08
319.8121205215475,2.3,499.6875,0.0,277,5540000,40,0.014295315369963646,3.6524274349212646,0.00018919999999999888,19.834628843204886,59099.180388399924,-1.4903800048594233,51.87553668022156,25.385700941085815,77.26123905181885,2.4223327343975143e-08,7.81249980263965e-07
319.02853766128527,0.575,500.0,0.0,278,5560000,40,0.014091912657022476,3.6644673347473145,0.00018879999999999887,15.97399208606044,50438.71385273994,-1.1764719093524958,52.468791007995605,23.923093795776367,76.39188599586487,2.0503998499066256e-08,4.39453117451194e-07
304.11113921071023,1392.732926829268,483.4390243902439,0.0,279,5580000,40,0.015625281259417534,3.6776394844055176,0.00018839999999999886,12.352473028551174,68508.11827361674,-2.158930815529974,51.24606657028198,23.02238702774048,74.26845455169678,3.914832902296439e-08,-1.9531250927684596e-06
306.7440430539952,564.3321428571428,482.56666666666655,0.0,280,5600000,40,0.010746020823717117,3.6904351711273193,0.00018799999999999885,16.413364010219333,54592.43374942828,-1.401553917968575,50.85902190208435,24.054805040359497,74.91382765769958,-2.1409988448795048e-08,6.958007929824817e-07
315.85436280955645,0.0,495.37999999999994,0.0,281,5620000,40,0.011714541353285313,3.701932191848755,0.00018759999999999887,12.83909116334553,37554.232702868496,-1.272104551473373,51.839216470718384,23.61666250228882,75.45587968826294,-5.722046170220096e-10,1.220703097715159e-06
320.0120619294333,0.0,500.0,0.0,282,5640000,40,0.013767211697995663,3.7122578620910645,0.00018719999999999886,9.802936523700062,39510.4101414934,-1.2130137823993647,51.18034338951111,23.794975519180298,74.97531986236572,-2.317428560161261e-08,9.765625463842298e-07
312.8465719094321,21.1,500.0,0.0,283,5660000,40,0.011445495299994946,3.7215631008148193,0.00018679999999999888,13.864911991056008,48826.662416559535,-1.8947298564205441,53.150719165802,23.640013933181763,76.79073452949524,1.8119811429073707e-08,-1.56249996052793e-06
305.82914094788896,4.495238095238095,486.21071428571435,0.0,284,5680000,40,0.012414759956300259,3.729919672012329,0.00018639999999999887,16.487028094032144,43265.466076428376,-1.741428126177833,53.460652589797974,25.146495819091797,78.60714912414551,-4.959106458812812e-09,-1.8310546465727384e-06
310.836454143517,328.0,493.60375000000005,0.0,285,5700000,30,0.022653991356492043,3.737976551055908,0.00018599999999999886,23.15394904804632,41422.62022751434,-1.852574382527468,54.05302977561951,18.2368381023407,72.28986883163452,6.675720420901143e-09,9.277343906433089e-07
305.3165672486623,248.66341463414636,485.1951219512195,0.0,286,5720000,40,0.014989172108471394,3.7456274032592773,0.00018559999999999885,27.045039061504074,49084.186083907116,-1.8759207772869098,53.30994248390198,24.246261835098267,77.55620527267456,-1.4305114870438729e-09,-5.37109372089617e-07
316.91311952097215,256.875,500.0,0.0,287,5740000,40,0.01421879418194294,3.75292706489563,0.00018519999999999884,17.463664679285845,65777.3195057543,-1.9827838505747952,53.88034224510193,24.097313165664673,77.97765731811523,2.6798248953241455e-08,-1.6845702930368134e-06
308.58612566271876,751.829268292683,488.6585365853659,0.0,288,5760000,40,0.011928560212254524,3.7607650756835938,0.00018479999999999883,13.636699505999118,34501.37641501125,-1.382097605417801,51.11060643196106,27.26628828048706,78.37689542770386,3.2424927187690855e-09,-4.882812731921149e-07
314.0939343161623,0.0,492.2390243902439,0.0,289,5780000,40,0.012858085334300995,3.7677900791168213,0.00018439999999999884,14.171303691139704,29693.00186056789,-1.1330488077447385,55.4601776599884,25.208747386932373,80.66892600059509,-1.2302399099439754e-08,-1.452636752219405e-06
310.737758293828,0.0,488.4549999999999,0.0,290,5800000,23,0.02030712179839611,3.7740819454193115,0.00018399999999999886,12.519546299631541,36531.07228268932,-0.6987779404543624,51.68048858642578,13.943258047103882,65.62374782562256,1.2397766369076635e-08,-2.4414063659605745e-07
309.91695028774535,66.4452380952381,490.5,0.0,291,5820000,40,0.012950749136507511,3.779827833175659,0.00018359999999999888,14.907024705862698,39193.78303632133,-1.8975478307261497,53.63811111450195,24.993849754333496,78.63196182250977,2.403259280470138e-08,-3.271484274591785e-06
308.71133662043667,100.1575,485.4,0.0,292,5840000,40,0.01321537047624588,3.7851402759552,0.00018319999999999887,13.870377746413025,56867.70789733114,-1.6021648663603052,52.46680450439453,23.628822803497314,76.09562873840332,2.2888183792701966e-08,-1.2207031829802872e-07
310.69152721825657,1497.35,500.0,0.0,293,5860000,40,0.012774591334164143,3.792494773864746,0.0001827999999999989,12.94198199669017,67279.92923978009,-2.548304845713362,52.29671573638916,24.5158269405365,76.81254386901855,1.2636184543168838e-08,-2.3803710291758762e-07
315.38639935036997,585.725,500.0,0.0,294,5880000,40,0.01543047372251749,3.8001058101654053,0.0001823999999999989,13.020537297333343,68516.37485614246,-1.6142072556658258,51.59068274497986,24.24787712097168,75.83856129646301,5.102157807357344e-09,-1.4648438195763447e-07
316.05663093774047,0.41707317073170724,496.60243902439026,0.0,295,5900000,40,0.012615961953997612,3.8069262504577637,0.00018199999999999892,9.05853137185302,52760.662089442,-1.5205091002055362,51.40097689628601,24.851189136505127,76.25216722488403,1.525878978725359e-08,-4.882812731921149e-07
312.64759187601993,0.0475,490.3625,0.0,296,5920000,40,0.013246397487819195,3.813032865524292,0.0001815999999999989,10.830317308178431,49267.109300907956,-1.2825182548335081,50.756229877471924,24.224125385284424,74.98035645484924,1.0585784693262212e-08,9.277343906433089e-07
306.29601969105784,0.0,493.1902439024391,0.0,297,5940000,40,0.012342498637735844,3.818495512008667,0.0001811999999999989,11.80084326644487,40723.42833012448,-1.3246220012631598,51.5305814743042,25.01832866668701,76.5489113330841,1.5449524326527353e-08,-6.103515488575795e-07
317.19133252231495,14.834999999999999,500.0,0.0,298,5960000,40,0.015271098352968693,3.8234035968780518,0.0001807999999999989,7.921064573375484,45633.17580226464,-1.937030411389055,52.19158148765564,24.25354790687561,76.44513034820557,1.6975402417074292e-08,2.19726558725597e-07
318.76156598746627,25.365000000000002,500.0,0.0,299,5980000,40,0.01140984520316124,3.8278300762176514,0.0001803999999999989,11.31484596706644,38875.742429554615,-1.5832092805187914,50.6558518409729,24.036624670028687,74.69247770309448,1.3256072683986986e-08,2.758789150902885e-06
310.9289842077725,11.985365853658537,492.4634146341463,0.0,300,6000000,40,0.01595589518547058,3.831798553466797,0.00017999999999999893,9.854148930914794,47887.6832485537,-1.2555069633111169,51.83729696273804,23.354111671447754,75.19140982627869,-1.2588500908350397e-08,-2.441406195430318e-06
75.29934404155327,1.365,500.0,0.0,301,6020000,40,0.011762266047298908,3.8353352546691895,0.00017959999999999892,7.402223845448675,174879.484829596,-1.0816566170770912,57.38846468925476,24.398146867752075,81.78661441802979,-3.819465632659558e-08,-1.5625000742147677e-05
0.5273452462689396,0.0,500.0,0.0,302,6040000,40,0.012613636441528797,3.838479995727539,0.00017919999999999893,4.720246570547925,75249.51478294663,-1.3745392148253284,53.93736505508423,25.02059268951416,78.95796036720276,4.8542023733944006e-08,7.81249980263965e-07
0.7227026781216378,0.0,500.0,0.0,303,6060000,40,0.012550030834972858,3.841271162033081,0.00017879999999999893,3.6233980043779446,43009.83755551109,-1.5191757530917096,53.688706398010254,23.805016040802002,77.49372410774231,1.678466787780053e-08,3.808593646681402e-06
0.4875977456362904,0.0,500.0,0.0,304,6080000,40,0.011939163319766521,3.8437435626983643,0.00017839999999999892,2.8817044394680216,22910.236691824997,-0.9505193222172653,52.474494218826294,24.285523891448975,76.76001930236816,-3.0064583711464365e-08,3.955078227591002e-06
1.1196239640510557,0.0,500.0,0.0,305,6100000,40,0.008975822478532791,3.845928192138672,0.0001779999999999989,2.6990487318250196,32217.475990044317,-0.8880025135942652,54.29180026054382,27.05630135536194,81.34810447692871,1.8739699569891854e-08,4.589843683788786e-06
1.0993296693316235,0.0,500.0,0.0,306,6120000,40,0.009680504910647869,3.847853422164917,0.00017759999999999892,2.5546709387362756,26656.91847225141,-0.7728417589741794,55.56814479827881,24.994335174560547,80.56248188018799,8.106232129989621e-09,-2.148437488358468e-06
0.8659609301347793,0.0,500.0,0.0,307,6140000,40,0.008857231587171555,3.8495447635650635,0.00017719999999999894,2.5745239793499812,12132.38404428989,-0.5692885167142259,54.654959201812744,24.636375427246094,79.29133749008179,-4.806518560940276e-08,1.1718750556610757e-06
1.4126775327151897,0.0,500.0,0.0,308,6160000,24,0.0221988745033741,3.851024866104126,0.00017679999999999896,2.609041704155725,10035.5561985708,-0.5469837673479998,53.61344265937805,13.932337522506714,67.54578185081482,-3.8146971692576415e-10,-2.19726558725597e-07
0.9815374168141318,0.0,500.0,0.0,309,6180000,40,0.009685246273875237,3.8523144721984863,0.00017639999999999895,2.81019888784312,16927.464698868764,-0.5187797693512107,53.24382185935974,23.649877071380615,76.89370083808899,4.00543198608716e-09,-3.0273438369476935e-06
1.1774999997791493,0.0,500.0,0.0,310,6200000,40,0.00840615015476942,3.8534321784973145,0.00017599999999999894,2.8337470300589938,6577.505296866501,-0.5294642881454924,55.29715704917908,25.001253366470337,80.29841160774231,5.722046170220096e-10,-6.591797045985004e-07
1.4342447383599606,0.0,500.0,0.0,311,6220000,40,0.010463443584740162,3.8543949127197266,0.00017559999999999893,3.577740211426457,9698.26728028889,-0.40602641521564015,55.716227769851685,24.848501920700073,80.56473088264465,-7.629394338515283e-10,-4.028320290672127e-07
1.7102392868059308,0.0,500.0,0.0,312,6240000,40,0.009786308743059635,3.855217695236206,0.00017519999999999892,3.9319260287133955,14945.403394868103,-0.46588987833997114,53.99411082267761,24.918806076049805,78.91291880607605,-4.1961669694501325e-09,5.126952942191565e-07
1.770109809780002,0.0,500.0,0.0,313,6260000,40,0.010901466012001038,3.855914354324341,0.00017479999999999894,3.385341259044937,12150.133390827421,-0.4973743242883607,54.233356952667236,23.82194447517395,78.05530381202698,3.6478042808596456e-09,6.591797045985004e-07
1.4627994257026364,0.0,500.0,0.0,314,6280000,40,0.012052763253450394,3.856497049331665,0.00017439999999999893,2.3154323904951917,15760.97401582742,-0.36889476854872855,55.01751661300659,24.201152086257935,79.218670129776,-1.76429750808893e-08,-1.4648438195763447e-07
0.8995183916217314,0.0,500.0,0.0,315,6300000,40,0.01023457758128643,3.8569769859313965,0.00017399999999999892,1.904172810308541,6362.530352203756,-0.2627484227000158,53.103276014328,22.76922917366028,75.87250709533691,2.2745132000068224e-08,1.2207031829802872e-07
1.7111941923193696,0.0,500.0,0.0,316,6320000,40,0.009260779246687889,3.8573641777038574,0.0001735999999999989,1.8645857005179682,15476.234688790237,-0.24552346681114995,52.731515884399414,25.644814491271973,78.37633228302002,-9.918212917625624e-09,-7.81249980263965e-07
0.6931799142167554,0.0,500.0,0.0,317,6340000,40,0.013821803033351898,3.8576676845550537,0.0001731999999999989,1.6808985709389554,4683.29940915651,-0.3900652375260863,53.53520321846008,26.44941735267639,79.98462295532227,-3.9672851670502496e-08,1.025390588438313e-06
1.637132668095304,0.0,500.0,0.0,318,6360000,40,0.010720563121140003,3.857895612716675,0.00017279999999999891,1.7599577338635166,23587.56612442596,-0.21715899653072598,54.5091392993927,23.233116626739502,77.74225759506226,-1.2111663671987571e-08,4.1503906800244295e-07
1.09115754037165,0.0,500.0,0.0,319,6380000,40,0.00788673385977745,3.858055353164673,0.00017239999999999893,1.8126242429395265,8772.16438053952,-0.39018791887814863,53.70288634300232,24.449270248413086,78.1521589756012,-7.820129432900558e-09,-4.882812731921149e-07
1.672844073300381,0.0,500.0,0.0,320,6400000,40,0.010892141610383987,3.8581533432006836,0.00017199999999999895,2.0801961951995196,6409.5262760017495,-0.2434436390247149,53.8358838558197,24.664456844329834,78.50034308433533,4.00543198608716e-09,1.708984314063855e-07
0.918564742617491,0.0,500.0,0.0,321,6420000,40,0.009117688052356243,3.8581957817077637,0.00017159999999999894,2.08932539930072,4953.406717189354,-0.30768446511105646,53.66429305076599,24.19519281387329,77.85948824882507,-9.53674295089968e-09,-2.3193359766082722e-07
0.5769346738068467,0.0,500.0,0.0,322,6440000,40,0.00748575059697032,3.8581879138946533,0.00017119999999999893,2.35798928590515,8986.768461512313,-0.4527317700318143,53.70395112037659,24.535826444625854,78.23977899551392,1.5258788677030566e-09,-7.324218813664629e-07
1.2611465663017924,0.0,500.0,0.0,323,6460000,40,0.011834751814603806,3.8581347465515137,0.00017079999999999892,2.5721903286025496,13148.179694414743,-0.3508263404327857,55.11551642417908,25.90111255645752,81.01663160324097,-8.392333938900265e-09,1.367187451251084e-06
1.9070719655675652,0.0,500.0,0.0,324,6480000,40,0.009942195378243923,3.8580405712127686,0.0001703999999999989,2.048454852685144,8625.252569734597,-0.30254632315209395,53.69147253036499,23.461303234100342,77.15277767181396,-4.1961669694501325e-09,1.4648437627329258e-06
1.7923388642944826,0.0,500.0,0.0,325,6500000,40,0.010773667134344578,3.8579094409942627,0.0001699999999999989,2.6250836025687714,12807.23972573582,-0.31774057802048666,53.60707402229309,24.593926191329956,78.2010018825531,-4.1961669694501325e-09,2.4414061883248905e-08
1.137592082380362,0.0,500.0,0.0,326,6520000,40,0.008404078893363476,3.8577446937561035,0.00016959999999999892,1.5638425519194783,9175.729162520396,-0.30000706905428365,54.56650352478027,25.263033390045166,79.82954096794128,-2.646446173315553e-09,9.765624753299562e-08
1.3336919153906959,0.0,500.0,0.0,327,6540000,40,0.012118750251829624,3.8575496673583984,0.0001691999999999989,1.7951866995684709,15036.832391801665,-0.3436283596991738,54.13051652908325,24.54005455970764,78.67057251930237,1.1444092340440193e-09,-7.81249980263965e-07
1.1230696864981098,0.0,500.0,0.0,328,6560000,40,0.010002688504755497,3.8573272228240967,0.0001687999999999989,1.3288394165567206,4771.781184097483,-0.3668353236457215,53.92678189277649,24.611496448516846,78.53828144073486,-2.088546757761378e-08,1.3427734302240424e-06
1.2779284708888077,0.0,500.0,0.0,329,6580000,40,0.008881251327693462,3.8570799827575684,0.00016839999999999892,1.2874928183947938,3538.1403666629067,-0.33966271138125204,54.017882347106934,23.287153005599976,77.3050377368927,-9.059905714536853e-09,-7.81249980263965e-07
0.9924984381152516,0.0,500.0,0.0,330,6600000,40,0.010550528764724731,3.8568103313446045,0.0001679999999999989,1.2269155386882493,6995.142626277103,-0.1589547904279036,57.79462790489197,24.127698183059692,81.92232751846313,-1.3732909920349812e-08,2.294921841894393e-06
0.36113139142783673,0.0,500.0,0.0,331,6620000,40,0.01187687274068594,3.856520414352417,0.00016759999999999892,1.1067266085102587,5346.263797016385,-0.3552836058307675,56.91448211669922,23.832272052764893,80.74675750732422,2.071857529983845e-08,2.4414063659605745e-07
1.097788362007083,0.0,500.0,0.0,332,6640000,40,0.009784742258489132,3.8562121391296387,0.00016719999999999891,1.1185109962768192,5424.293367603157,-0.30687977753909707,54.252424478530884,24.349156379699707,78.60158276557922,-9.155273872352154e-09,2.4414061883248905e-08
1.8179740677631102,0.0,500.0,0.0,333,6660000,40,0.012133698910474777,3.8558871746063232,0.00016679999999999893,1.3641836791664739,23803.130852325052,-0.27265596848594237,55.53606700897217,24.235008001327515,79.77107667922974,-5.531310964812519e-09,4.6386719532165444e-07
2.478803428011142,0.0,500.0,0.0,334,6680000,40,0.009091425687074661,3.8555471897125244,0.00016639999999999895,1.1577851038190383,10933.868460894235,-0.418442480002023,54.86222434043884,24.79552721977234,79.6577537059784,-7.629394338515283e-10,-5.37109372089617e-07
2.1970896603952577,0.0,500.0,0.0,335,6700000,40,0.009185738861560822,3.855193614959717,0.00016599999999999897,1.1827013542380513,28263.547046671036,-0.4304302535149493,53.455371618270874,24.131043672561646,77.58641743659973,4.863739189175931e-09,1.56249996052793e-06
1.7121763895743727,0.0,500.0,0.0,336,6720000,40,0.008730536326766014,3.854827404022217,0.00016559999999999898,0.9545431637499906,11477.329460472396,-0.2920192744865825,55.158562421798706,23.75216293334961,78.91072702407837,2.38418573772492e-09,9.765624753299562e-08
0.8592589612871844,0.0,500.0,0.0,337,6740000,40,0.009012114256620407,3.854449987411499,0.00016519999999999897,0.9843085766781734,24493.562450399277,-0.3519877286038444,53.68417811393738,24.912391424179077,78.59657192230225,2.39372255350645e-08,-7.324219097881723e-08
0.7515671359468057,0.0,500.0,0.0,338,6760000,40,0.011399587616324425,3.85406231880188,0.00016479999999999896,0.8441935871409465,12016.865101816684,-0.3819202171049163,55.05092239379883,22.756175756454468,77.80709958076477,1.8119812317252126e-09,0.0
1.5980283968733817,0.0,500.0,0.0,339,6780000,40,0.010144971311092377,3.853665351867676,0.00016439999999999895,0.7927391293305385,20307.1874194954,-0.5901544342996388,54.11750817298889,23.852317571640015,77.96982717514038,2.7656554379973386e-08,1.708984314063855e-07
0.7753583631621634,0.0,500.0,0.0,340,6800000,40,0.011441709473729134,3.853259801864624,0.00016399999999999894,0.7181749260501017,4414.985785568817,-0.19281514573111375,55.16162991523743,24.00634455680847,79.16797614097595,1.1825561863076928e-08,7.568359592369234e-07
1.5673887383539973,0.0,500.0,0.0,341,6820000,40,0.008251422084867954,3.852846622467041,0.00016359999999999894,0.6831850412525708,9511.068493903438,-0.38610148029519786,56.389992237091064,24.894964933395386,81.28495979309082,-6.310939681952732e-08,-4.882812376649781e-08
1.5761899736151324,0.0,500.0,0.0,342,6840000,40,0.012054485268890858,3.852426290512085,0.00016319999999999895,0.6752363178171689,10464.292639778234,-0.4848318862764141,55.22652792930603,23.888817071914673,79.11534762382507,-4.339218051541138e-08,-3.1616211799700977e-06
2.046783067050791,0.0,500.0,0.0,343,6860000,40,0.010702046565711498,3.851999521255493,0.00016279999999999897,0.7111101289715948,16039.156000026269,-0.5986210712196329,53.89233756065369,24.39076328277588,78.28310251235962,-2.002716037452501e-08,-1.0498047231521923e-06
1.623069355288201,0.0,500.0,0.0,344,6880000,40,0.01065230555832386,3.851567029953003,0.000162399999999999,0.6651800629270228,18716.660172899465,-0.4773813730317958,56.86971426010132,24.45925521850586,81.32897114753723,5.216598353285917e-08,-4.6386719532165444e-07
1.7246718842435746,0.0,500.0,0.0,345,6900000,40,0.010207321494817734,3.8511290550231934,0.00016199999999999898,0.5958619899953468,11028.181612695622,-0.35562763149036636,53.9520902633667,26.033636808395386,79.98572874069214,-4.1913985171504464e-08,-9.033203127728484e-07
1.9642025506382161,0.0,500.0,0.0,346,6920000,40,0.008925852365791798,3.8506860733032227,0.000161599999999999,0.5431664081313942,11270.324387832834,-0.24279965145301216,55.25804877281189,25.62809443473816,80.8861448764801,1.907348590179936e-08,7.080078034960025e-07
2.015776473214104,0.0,500.0,0.0,347,6940000,40,0.009133129380643368,3.850238561630249,0.00016119999999999899,0.5330320236332055,9020.653328830382,-0.5051172816677939,53.447776079177856,26.195415019989014,79.64319252967834,1.1444091896350983e-08,2.526855496398639e-06
0.8241452083380356,0.0,500.0,0.0,348,6960000,40,0.010768305510282516,3.8497869968414307,0.00016079999999999898,0.4821713399283494,7379.718050645273,-0.3264577775391974,54.9463677406311,26.17157530784607,81.11794471740723,-7.410049107647865e-08,-1.1230468999201548e-06
0.27451477490824433,0.0,500.0,0.0,349,6980000,40,0.012484947219491005,3.8493316173553467,0.00016039999999999897,0.45401579822543303,7280.3414878555495,-0.42881801544771164,53.084402084350586,24.388131856918335,77.47253608703613,-1.4734268027893904e-08,-7.81249980263965e-07
0.7329345535813253,0.0,500.0,0.0,350,7000000,40,0.010381628759205341,3.848872661590576,0.00015999999999999898,0.44419691559823254,19648.201771719243,-0.4509401296760557,53.649882793426514,24.895764589309692,78.545649766922,-5.378723244575667e-08,7.324218813664629e-07
818.8041037516078,0.0,500.0,0.0,351,7020000,40,0.014419942162930965,3.8484103679656982,0.000159599999999999,33.30405448509168,239661.51280471223,-4.0055092920608155,51.19508242607117,23.591334342956543,74.78641843795776,-1.5249251816840115e-07,1.1132812687719706e-05
976.5102079328184,0.0,500.0,0.0,352,7040000,40,0.016548069193959236,3.847945213317871,0.00015919999999999902,19.446246034736873,215719.93670947885,-3.6334076858774016,50.054115295410156,25.673041582107544,75.72715783119202,1.4762878208784969e-07,-2.1777343135909177e-05
1015.0353310977559,0.0,500.0,0.0,353,7060000,40,0.01387843955308199,3.8474771976470947,0.00015879999999999904,13.566220220659353,119723.38689830153,-2.109001348177089,50.1315062046051,26.413635969161987,76.5451431274414,-6.866454782539222e-08,-4.492187599680619e-06
964.0809416560048,0.0,500.0,0.0,354,7080000,40,0.016405725851655006,3.8470065593719482,0.00015839999999999905,12.991548433032216,95107.43314193533,-2.3651069481916065,49.64205980300903,26.552526712417603,76.19458770751953,-8.735656820135773e-08,-1.3574218428402673e-05
1059.6874409069637,0.0,500.0,0.0,355,7100000,40,0.013965659774839878,3.8465335369110107,0.00015799999999999907,15.010372607391092,68384.5130732669,-2.372030081449053,49.02004408836365,24.546316862106323,73.56636190414429,-2.712249624892138e-07,5.859375278305379e-07
1153.8434443579504,0.0,500.0,0.0,356,7120000,40,0.012102702632546425,3.8460581302642822,0.00015759999999999906,18.47975422370283,68722.19932753165,-2.112137093347839,49.90735340118408,24.0532124042511,73.96056652069092,-2.6941298969518357e-08,1.0351562195864972e-05
1105.9157089273049,2.075,500.0,0.0,357,7140000,40,0.01341174729168415,3.8455846309661865,0.00015719999999999908,32.15005706759948,64426.541938105715,-2.2594202630127533,50.08114457130432,25.451108694076538,75.53225469589233,-3.099441414633475e-08,-1.9531249506599124e-07
1061.6579500989587,0.0,500.0,0.0,358,7160000,40,0.014113571494817734,3.8451087474823,0.0001567999999999991,68.47830605869052,51263.220962949345,-1.6667111901920053,50.39312481880188,22.955036163330078,73.34816193580627,-2.2888183792701966e-08,-6.83593725625542e-07
1027.6363701347748,2.9475,500.0,0.0,359,7180000,40,0.010949136689305305,3.8446364402770996,0.0001563999999999991,130.65401631246638,64587.53386462248,-1.913238679174381,49.35855412483215,23.638838529586792,72.99739360809326,9.53674295089968e-09,-4.882812731921149e-07
1007.9437199659202,6.8774999999999995,500.0,0.0,360,7200000,40,0.012766505591571331,3.844175100326538,0.0001559999999999991,121.3383485057686,40045.95169600475,-1.9111123636176315,48.899327993392944,25.770506858825684,74.66983699798584,4.1961669694501325e-09,2.83203121398401e-06
1105.5373855987755,0.0,497.175,0.0,361,7220000,40,0.011143472045660019,3.843709945678711,0.0001555999999999991,163.026738813859,32728.832586978962,-1.4880472127961206,49.309922218322754,24.251712560653687,73.56163549423218,-4.291534239087014e-09,5.859375278305379e-07
1014.7597287526676,0.0,500.0,0.0,362,7240000,40,0.016936566680669785,3.8432412147521973,0.00015519999999999908,113.2358521026901,34226.44778990927,-1.8324188114721565,49.44523906707764,25.85847783088684,75.30371761322021,2.8610229740877458e-09,-1.2695312534560799e-06
1016.9212176174269,0.0,500.0,0.0,363,7260000,40,0.012963191606104374,3.842769145965576,0.00015479999999999907,67.45372271205805,32657.434927561313,-1.703167567779369,48.93396973609924,25.743624210357666,74.6775951385498,1.3732909920349812e-08,1.074218744179234e-06
1053.0187211782784,0.0,499.46000000000004,0.0,364,7280000,40,0.012221581302583218,3.8422939777374268,0.0001543999999999991,54.504619520072694,33960.94003844442,-1.832820933722431,48.14659070968628,28.255353689193726,76.4019455909729,-3.6239624634504253e-09,-7.81249980263965e-07
1089.7780767503002,0.0,497.84,0.0,365,7300000,40,0.013036591000854969,3.8418161869049072,0.00015399999999999908,72.36947937917105,36301.85263216043,-1.3280678734277622,50.00264072418213,26.294399976730347,76.29704332351685,-1.0585784693262212e-08,9.765625463842298e-07
1000.5410734491663,59.425,495.625,0.0,366,7320000,40,0.012565352022647858,3.841453790664673,0.00015359999999999907,35.552210589752924,51370.9960929774,-2.4073615491201608,50.48431921005249,24.968444108963013,75.4527645111084,3.814697446813398e-09,-1.9531249506599124e-07
1038.1098324106595,0.0,500.0,0.0,367,7340000,40,0.015397580340504646,3.8410773277282715,0.0001531999999999991,24.610045947907846,23709.12002756626,-1.620487871332259,51.0634503364563,23.819546461105347,74.88299775123596,-2.2888184680880386e-09,-2.3437501113221515e-06
1092.2023382940201,0.0,500.0,0.0,368,7360000,40,0.010456763207912445,3.8406882286071777,0.00015279999999999908,43.24983933213391,23766.175896289682,-1.3505612252728094,49.97852063179016,27.15677309036255,77.13529515266418,-4.081726245885875e-08,1.5869140952418093e-06
1014.4586875563866,0.0,500.0,0.0,369,7380000,40,0.012646064162254333,3.840287446975708,0.0001523999999999991,42.773624524889115,27286.966881319844,-1.4077438198218617,49.06993746757507,25.207631587982178,74.27757096290588,-3.414153937342235e-08,3.906250185536919e-06
1041.366203827924,0.0,500.0,0.0,370,7400000,40,0.013925339095294476,3.839876174926758,0.00015199999999999911,54.61081727712969,23253.862145455278,-1.1949972166432232,48.268553256988525,25.745221376419067,74.01377534866333,6.484985437538171e-09,-2.2460937998403097e-06
1036.7590701571894,0.0,499.625,0.0,371,7420000,40,0.01220605056732893,3.8394553661346436,0.0001515999999999991,39.628885369059404,23863.561956169033,-1.3905231810917582,49.40272355079651,24.25420832633972,73.65693259239197,-1.4781951662712345e-08,-8.300781360048859e-07
1057.203394202053,0.0,500.0,0.0,372,7440000,40,0.014495610259473324,3.8390257358551025,0.0001511999999999991,73.35823927710328,35898.40118346395,-1.5550505902995415,48.84137034416199,25.39638876914978,74.23776030540466,-4.243850604268573e-09,-4.3334962356311735e-06
1038.071833519459,0.0,500.0,0.0,373,7460000,40,0.012907980009913445,3.838588237762451,0.00015079999999999908,22.142394784885116,27013.647892819175,-1.444342419561706,51.58810901641846,24.952092170715332,76.54020380973816,-6.103515470812226e-09,-2.2705078208673513e-06
1068.5620703324,0.0,500.0,0.0,374,7480000,40,0.012023670598864555,3.8381435871124268,0.00015039999999999908,38.398223572441296,34568.26837397708,-1.1736593170539489,49.358806848526,24.04802894592285,73.40683674812317,-1.5735626135437997e-08,1.0986327652062755e-06
1063.7428987406881,0.0,500.0,0.0,375,7500000,40,0.014025884680449963,3.8376922607421875,0.0001499999999999991,40.60314267104185,29767.717807199984,-1.3945069844964184,48.73657774925232,24.605121850967407,73.34170055389404,-1.0728836485895954e-08,-5.432128773463774e-07
1063.0485985155,0.0,500.0,0.0,376,7520000,40,0.012892747297883034,3.8372349739074707,0.00014959999999999908,80.40119531154633,33326.36459056999,-1.3456542954509016,49.19610261917114,24.768187046051025,73.96429085731506,-3.4809113369504985e-09,-9.155273232863692e-07
1153.367877126777,16.65,500.0,0.0,377,7540000,40,0.012729674577713013,3.836805820465088,0.00014919999999999907,96.18601727606375,37255.206007829496,-1.7618950465529026,51.42685008049011,24.218279361724854,75.64513063430786,-1.3351439953623867e-09,-2.9907225780334556e-06
1094.094392390548,0.0,500.0,0.0,378,7560000,40,0.01255034003406763,3.8363683223724365,0.00014879999999999906,74.46360356324836,30249.825179165226,-1.4600339218502558,54.22800159454346,24.789857149124146,79.0178599357605,8.678436635989328e-09,1.257324242942559e-06
1143.4068757859807,0.0,500.0,0.0,379,7580000,40,0.014518855139613152,3.835923194885254,0.00014839999999999905,78.22030570839024,35257.98854910935,-1.2448931469192988,50.49572229385376,24.105358123779297,74.60108184814453,2.0360946706432514e-08,2.868652302367991e-07
1089.7505800158215,0.0,499.175,0.0,380,7600000,40,0.01445161271840334,3.8354711532592773,0.00014799999999999904,71.556863620915,31840.431096562254,-1.6475169545393202,48.629953384399414,24.203994750976562,72.83394932746887,-3.6239624634504253e-09,-2.050781176876626e-06
1103.2418806084197,0.0,500.0,0.0,381,7620000,40,0.015269909985363483,3.835012674331665,0.00014759999999999906,53.262231357037265,23141.218167539188,-1.4743095229462355,49.74407386779785,23.83348059654236,73.57755613327026,-1.907348590179936e-08,3.4179688555013854e-06
1156.0891590899216,0.0,499.87624999999997,0.0,382,7640000,40,0.013609400950372219,3.8345484733581543,0.00014719999999999905,54.06942434280734,40824.34196688495,-1.3592836137625235,49.63784599304199,26.624389171600342,76.26223611831665,7.820129432900558e-09,-7.81249980263965e-07
1120.2924844484387,0.0,499.2987499999999,0.0,383,7660000,40,0.01145344041287899,3.8340790271759033,0.00014679999999999907,60.90900381592255,24104.985156752187,-1.058242057075229,48.006908655166626,24.911810159683228,72.91871976852417,9.53674295089968e-09,-2.587890548966243e-06
1024.2095936668898,0.0,500.0,0.0,384,7680000,40,0.013662771321833134,3.8336048126220703,0.00014639999999999906,30.725105038021184,14512.89347727329,-1.0603836469257935,48.60161066055298,26.249624967575073,74.85123658180237,-1.7070769686711174e-08,2.4414063659605745e-07
1096.0029205911874,0.0,500.0,0.0,385,7700000,40,0.012428500689566135,3.8331260681152344,0.00014599999999999905,38.99296542390992,21270.369897615456,-1.1016207180445707,49.99746489524841,23.518723726272583,73.51618981361389,9.53674295089968e-09,3.7841796256543603e-06
1036.5053279992453,0.0,497.9512195121951,0.0,386,7720000,40,0.01517814677208662,3.8326432704925537,0.00014559999999999907,50.38792642958556,23633.690613024748,-1.2796727709283557,55.387290239334106,23.42803382873535,78.81532549858093,-5.722046170220096e-10,4.1503906800244295e-07
1092.6609563866791,0.0,495.6,0.0,387,7740000,40,0.013252155855298042,3.8321566581726074,0.00014519999999999908,33.80829218218598,18556.443783453447,-1.3689208062577851,49.77752494812012,25.87665605545044,75.65418195724487,1.3065338144713223e-08,2.3437501113221515e-06
1191.6821577543283,0.0,500.0,0.0,388,7760000,40,0.01482492033392191,3.8316664695739746,0.00014479999999999907,45.40945003138313,15512.391829015032,-1.3405618395703502,50.32157635688782,25.24388337135315,75.56546092033386,3.6239624634504253e-09,-1.1230468999201548e-06
1047.2484817923646,0.0,500.0,0.0,389,7780000,40,0.014045803807675838,3.8311731815338135,0.00014439999999999906,37.52292114511321,21218.71021883035,-1.1393382816940922,49.70198440551758,25.77226686477661,75.4742522239685,9.727478378351861e-09,-4.711914243671345e-06
1041.4737794916077,0.0,500.0,0.0,390,7800000,40,0.013713172636926174,3.830676794052124,0.00014399999999999908,63.93173806003377,31214.455300401132,-1.2760201745395419,49.06558418273926,29.01712942123413,78.0827145576477,-2.0980834847250662e-09,-8.056640581344254e-07
989.6768562769787,24.675,500.0,0.0,391,7820000,40,0.015748409554362297,3.830228805541992,0.0001435999999999991,44.95942885649355,36163.80669849251,-2.0365444474110874,48.591723918914795,28.673171281814575,77.26489615440369,-2.8610228852699038e-08,2.4414063659605745e-07
983.0212710610224,57.575,500.0,0.0,392,7840000,40,0.013429352082312107,3.82989239692688,0.00014319999999999912,30.27825746234459,15261.814015757887,-1.1120093286591524,48.287745237350464,28.421484231948853,76.70923066139221,-4.291534239087014e-09,-2.6367188183940016e-06
1015.9732479463382,0.0,500.0,0.0,393,7860000,40,0.013226320967078209,3.8295373916625977,0.0001427999999999991,43.26242107530184,22621.276743596718,-1.1747716708556761,50.731937885284424,24.948369026184082,75.68030905723572,-3.128051773160223e-08,-2.0019531348225428e-06
1100.2467189901413,0.0,500.0,0.0,394,7880000,40,0.012389891780912876,3.829165458679199,0.00014239999999999912,28.644390396075913,20578.501165848746,-1.399936494052033,49.15033984184265,24.340456247329712,73.4907968044281,6.38961772381208e-09,-9.765624753299562e-08
1064.048386092773,0.0,500.0,0.0,395,7900000,40,0.01403120905160904,3.828778028488159,0.00014199999999999914,60.69306756786153,19301.377733138845,-1.2581444535875999,49.013962745666504,24.794049978256226,73.8080141544342,-6.103515470812226e-09,-2.1240234673314262e-06
1004.5735890591565,17.2,499.1,0.0,396,7920000,40,0.011163990013301373,3.8284125328063965,0.00014159999999999913,62.19222322189355,18493.992969754378,-1.5036540387457684,51.93498730659485,24.809574842453003,76.74456310272217,1.2588500908350397e-08,6.6162110670120455e-06
1030.519974592546,0.0,500.0,0.0,397,7940000,40,0.01390292402356863,3.828031063079834,0.00014119999999999912,73.29540201863156,34910.29881939466,-1.430868985494481,48.891345262527466,23.84119153022766,72.73253774642944,-3.051757735406113e-09,1.220703097715159e-06
1085.1818730258535,0.0,500.0,0.0,398,7960000,40,0.011625061742961407,3.827634811401367,0.0001407999999999991,89.28611372211311,36728.27047656095,-1.071603236941597,49.57203483581543,24.331908702850342,73.90394449234009,2.8610229740877458e-09,-1.757812469804776e-06
1054.4448205404829,0.20249999999999999,495.79375,0.0,399,7980000,40,0.012738026678562164,3.827225923538208,0.00014039999999999913,68.9391302851182,34014.93399009222,-1.7128189431526992,49.277387380599976,24.44942569732666,73.72681403160095,-1.120567283408036e-08,2.606201178423362e-06
1073.6073482536283,195.48536585365852,495.4939024390244,0.0,400,8000000,39,0.02042640931904316,3.8272147178649902,0.00013999999999999915,43.8735520676412,27944.896962117236,-1.8117992972948458,49.97057271003723,23.038127899169922,73.00870180130005,-4.0531160649948106e-09,2.4414063659605745e-07
257.85874230903494,0.0,500.0,0.0,401,8020000,26,0.020520929247140884,3.8271520137786865,0.00013959999999999914,47.79728496109499,51742.13208269307,-3.3902549404132216,58.000240325927734,15.381475925445557,73.3817183971405,-3.9625167147505636e-08,-2.6904297556029633e-05
0.3544487023359851,0.0,500.0,0.0,402,8040000,40,0.010946487076580524,3.827043056488037,0.00013919999999999913,23.59047409416754,26447.919899778728,-1.427299921752154,55.74307918548584,23.72647213935852,79.4695520401001,-9.593963312681808e-08,1.025390588438313e-06
0.49519022684017305,0.0,500.0,0.0,403,8060000,40,0.014241032302379608,3.826892137527466,0.00013879999999999912,16.60029352299775,22447.025394410724,-1.9160023539032363,56.611913204193115,24.04347062110901,80.65538477897644,5.345344433749233e-08,-9.765625463842298e-07
0.45637659483766635,0.0,500.0,0.0,404,8080000,40,0.011038077995181084,3.8267033100128174,0.0001383999999999991,18.748136486131934,24845.163090148155,-1.588383690993997,55.77900552749634,23.66170358657837,79.44071006774902,5.774498035293618e-08,-4.797363089892315e-06
0.5212816060491542,0.0,500.0,0.0,405,8100000,40,0.012672379612922668,3.8264803886413574,0.0001379999999999991,15.714746202547339,22900.415804010707,-1.4865211343935019,54.12962341308594,23.904370069503784,78.03399443626404,-6.866454960174906e-09,-1.3549804407375632e-06
0.481987993967655,0.0,500.0,0.0,406,8120000,40,0.009868250228464603,3.8262264728546143,0.00013759999999999912,16.312930689431443,23081.065198912802,-0.9145825532795507,53.5659384727478,25.21895742416382,78.7848973274231,2.7751923425967107e-08,-2.8808594834117685e-06
0.4530250992699151,0.0,500.0,0.0,407,8140000,40,0.012196311727166176,3.825944662094116,0.0001371999999999991,12.721870757205577,22491.33733960888,-0.8924924745589872,53.69270849227905,25.374691247940063,79.06740069389343,-1.264810549628237e-07,9.765625463842298e-07
0.4878075508290268,0.0,500.0,0.0,408,8160000,40,0.013137542642652988,3.8256375789642334,0.00013679999999999912,10.577973292749139,32498.434779531744,-0.9942029818043678,54.41247773170471,24.274746894836426,78.68722534179688,1.6307831529616124e-08,3.686523541546194e-06
0.5039271456775853,2.125,500.0,0.0,409,8180000,40,0.01051049493253231,3.8253121376037598,0.00013639999999999914,11.863243544705307,22857.773706904543,-1.1688861331230478,55.30311846733093,24.520921230316162,79.82404088973999,1.5544891596164234e-08,1.977539113795501e-06
0.44459891633162785,0.0,500.0,0.0,410,8200000,40,0.012460610829293728,3.824965715408325,0.00013599999999999913,9.175926798053935,29465.301323999334,-1.3107921822350237,53.48823952674866,24.115988731384277,77.60422945022583,1.4495849853801701e-08,6.347656267280399e-07
0.4797296601299278,0.0,500.0,0.0,411,8220000,40,0.014024438336491585,3.8246002197265625,0.00013559999999999915,9.757250277301933,27035.074021737786,-1.1070194181196298,53.3831741809845,23.53621506690979,76.9193902015686,6.866454960174906e-09,-4.516601620707661e-06
0.46035591462242154,0.0,500.0,0.0,412,8240000,40,0.011221034452319145,3.8242173194885254,0.00013519999999999914,9.802635325208495,19852.58580739468,-0.9916417878687005,54.303632497787476,24.39930820465088,78.70294213294983,6.675719976811934e-10,2.282714831380872e-06
0.591069970914184,0.0,500.0,0.0,413,8260000,40,0.009687460027635098,3.8238186836242676,0.00013479999999999913,10.938147511965111,13538.92128125927,-0.6377019575125055,53.8828239440918,24.070210218429565,77.95303559303284,-1.1396408261532542e-08,-1.1230468999201548e-06
0.365051111657858,0.0,500.0,0.0,414,8280000,40,0.013886171393096447,3.8234059810638428,0.00013439999999999912,10.986482557314861,18655.986914603316,-0.8990175306325472,59.16716456413269,25.62194061279297,84.78910613059998,-3.7193297330873065e-09,1.5380859395008883e-06
0.5750668791843843,0.0,500.0,0.0,415,8300000,40,0.016384994611144066,3.8229804039001465,0.00013399999999999914,10.687285682521289,26532.36222441468,-0.8068005716121649,54.42389130592346,24.744757413864136,79.16864967346191,-2.7656554824062596e-09,-1.367187451251084e-06
0.5592550243209414,0.0,500.0,0.0,416,8320000,40,0.015717914327979088,3.822543144226074,0.00013359999999999913,7.9774912054025675,14374.173774893072,-0.8880724522226219,53.13943791389465,23.70344352722168,76.84288263320923,3.290176353587526e-09,1.4648438195763447e-07
0.5446157986908126,0.0,500.0,0.0,417,8340000,40,0.010211941786110401,3.8220951557159424,0.00013319999999999914,7.757372896882552,11879.13407469158,-0.6900581725649064,53.29937243461609,23.24614953994751,76.54552292823792,-3.6239624634504253e-09,-6.83593725625542e-07
0.6215696921422278,0.0,500.0,0.0,418,8360000,40,0.013172012753784657,3.8216376304626465,0.00013279999999999914,7.903674854281582,18603.119605573822,-0.8092886214250627,55.4343376159668,25.3735454082489,80.8078842163086,1.2254714576442893e-08,8.300781360048859e-07
0.40202959789688497,0.0,500.0,0.0,419,8380000,40,0.013837238773703575,3.821171283721924,0.00013239999999999913,8.215322380126278,11984.478374123875,-0.7371820056928864,53.67946648597717,25.583483457565308,79.26295161247253,8.916854810081531e-09,3.3935546071006684e-06
0.4610308916949969,0.0,500.0,0.0,420,8400000,40,0.011629737913608551,3.820697069168091,0.00013199999999999914,9.395816013179248,16766.46727001335,-0.9561291956260235,56.45358991622925,25.833815813064575,82.2874071598053,-1.3446808111439168e-08,2.661132839421043e-06
0.5806441835009266,0.0,500.0,0.0,421,8420000,40,0.012375270947813988,3.8202154636383057,0.00013159999999999913,9.095229977444758,10825.256120435497,-0.5554124972016751,53.65553545951843,25.113102197647095,78.76863861083984,-8.583068700218632e-10,-2.294921841894393e-06
0.4573465108194311,0.0,500.0,0.0,422,8440000,40,0.010206060484051704,3.8197271823883057,0.00013119999999999915,9.002841437391089,12459.442518480519,-0.7306121414244363,52.836188077926636,23.485726594924927,76.3219153881073,1.287460360543946e-09,3.6621094068323146e-07
0.43824419656241426,0.0,500.0,0.0,423,8460000,40,0.011533568613231182,3.819232940673828,0.00013079999999999914,8.791970092284528,18029.838950434816,-0.748211756188281,52.592554807662964,26.56218910217285,79.15474462509155,-1.5449524326527353e-08,-1.1718750556610757e-06
0.42869679437101543,0.0,500.0,0.0,424,8480000,40,0.012105646543204784,3.8187332153320312,0.00013039999999999913,12.485739564442936,22727.806790817842,-0.733894349691234,52.54779052734375,25.301645517349243,77.84943723678589,6.580352707175052e-09,2.4536132059438387e-06
0.5929700025828241,0.0,500.0,0.0,425,8500000,40,0.010861841961741447,3.8182284832000732,0.00012999999999999915,8.363603420046312,15369.599357971963,-0.9580277953061122,54.31074833869934,23.414225578308105,77.72497487068176,1.3041495883214793e-08,4.516601620707661e-06
0.5912964044196128,0.0,500.0,0.0,426,8520000,40,0.015265842899680138,3.817718982696533,0.00012959999999999914,8.80751229547247,17895.692694478097,-0.9460414986727358,54.0324444770813,24.04767370223999,78.0801191329956,-1.3160705414350105e-08,-1.7028808088070946e-06
0.8996443977869607,0.0,500.0,0.0,427,8540000,40,0.015026157721877098,3.8172051906585693,0.00012919999999999913,10.068583859522132,27956.103516783896,-1.0340483737237092,55.58447480201721,23.935161113739014,79.51963710784912,-1.239776614703203e-09,-7.81249980263965e-07
0.6881475365688245,0.0,500.0,0.0,428,8560000,40,0.012550674378871918,3.81668758392334,0.00012879999999999912,6.959258501363706,15419.53734466939,-1.178130316658865,54.030309438705444,23.182626247406006,77.21293663978577,-1.8596649553614952e-08,-8.453368991467869e-07
0.35435316115764764,0.0,500.0,0.0,429,8580000,40,0.012523762881755829,3.816166400909424,0.00012839999999999914,8.596567193994039,8662.545995089375,-0.9953833398232355,54.762388706207275,24.065667390823364,78.82805752754211,2.5844574480515803e-08,-1.2084960872016381e-06
0.5930527115637234,0.0,500.0,0.0,430,8600000,40,0.011842361651360989,3.8156418800354004,0.00012799999999999913,7.562707041788705,18787.135327650627,-0.8705224075649358,53.31042551994324,24.659847021102905,77.97027325630188,3.433227480087453e-09,3.0273438369476935e-06
0.7059020729630502,0.0,500.0,0.0,431,8620000,40,0.014323022216558456,3.8151142597198486,0.00012759999999999912,6.366725116741808,5851.440129726748,-1.0048451857240517,54.46905755996704,23.623059511184692,78.09211802482605,2.8586388367557447e-08,-2.264404201923753e-06
0.7102921762271787,0.0,500.0,0.0,432,8640000,40,0.010980755090713501,3.8145837783813477,0.0001271999999999991,5.241828383524207,7196.260128166102,-0.7244590367886085,53.78586435317993,22.735732316970825,76.5215973854065,5.60760504697555e-08,-4.028320290672127e-06
0.9272382162624332,0.0,500.0,0.0,433,8660000,40,0.012350971810519695,3.8140506744384766,0.0001267999999999991,5.3376734353319,10548.112689054466,-0.8018834105963948,52.55433106422424,24.28044843673706,76.83478045463562,4.339218317994664e-09,-1.025390588438313e-06
0.7668024814331238,0.0,500.0,0.0,434,8680000,40,0.011799540370702744,3.8135149478912354,0.00012639999999999912,5.075226190346706,6377.3179941298085,-0.9395500269400168,54.01424169540405,24.46476650238037,78.47900915145874,-3.7956237264324955e-08,1.4648437627329258e-06
0.6056635324211408,0.0,500.0,0.0,435,8700000,40,0.013597549870610237,3.8129770755767822,0.0001259999999999991,5.011925840830501,8522.762218040756,-0.8361699735203498,53.19726634025574,24.780609130859375,77.97787642478943,-4.625320570994518e-09,2.673339849934564e-06
0.4753873023087933,0.0,500.0,0.0,436,8720000,40,0.013577611185610294,3.812437057495117,0.00012559999999999912,6.216840731343137,13607.428032906448,-0.9368050168303749,53.830974102020264,24.66115403175354,78.49212956428528,-3.671646098268866e-09,2.758789150902885e-06
0.5861346278860603,0.0,500.0,0.0,437,8740000,40,0.012012757360935211,3.8118948936462402,0.0001251999999999991,6.145536159714566,17363.427635791635,-1.0525581883856012,54.92821168899536,24.23703622817993,79.16525030136108,-5.102157807357344e-09,-1.6357421372958925e-06
0.4437092885510321,0.0,500.0,0.0,438,8760000,40,0.01207750290632248,3.8113508224487305,0.0001247999999999991,5.590266629789449,12624.452339423457,-0.9344056340382446,53.35959506034851,23.965239763259888,77.3248360157013,7.295608561719291e-09,-6.713867151120212e-08
0.604061840898163,0.0,500.0,0.0,439,8780000,40,0.015565899200737476,3.810805082321167,0.00012439999999999912,5.155628909793081,18256.36379240012,-0.8108418609027432,52.74118781089783,25.998725414276123,78.739914894104,-1.9073485846288207e-10,-2.9296876391526894e-07
0.6221933004065736,0.0,500.0,0.0,440,8800000,40,0.01044855173677206,3.81025767326355,0.00012399999999999914,4.546228383009947,18512.101776779753,-0.5148286452116091,53.778345346450806,26.931330680847168,80.70967769622803,-2.2220611128886958e-08,-3.1738281336401997e-07
0.6775540735814236,0.0,500.0,0.0,441,8820000,40,0.011617694981396198,3.809708595275879,0.00012359999999999916,3.9007761073263385,11795.918122883084,-0.8572507310045671,53.646963357925415,27.136488676071167,80.7834529876709,3.061294506778722e-08,-7.81249980263965e-07
0.4636340386941473,0.0,500.0,0.0,442,8840000,40,0.014447566121816635,3.8091580867767334,0.00012319999999999917,5.385039294294164,24417.15196069645,-0.8264248708663862,53.4054114818573,24.57642912864685,77.98184132575989,6.866454960174906e-09,-3.784179796184617e-07
0.3737230205966175,0.0,500.0,0.0,443,8860000,40,0.009358150884509087,3.8086061477661133,0.00012279999999999916,4.855244062218485,15474.58366139086,-0.6814148787974934,53.15949559211731,25.9824059009552,79.14190244674683,2.007484489752187e-08,1.0864257546927547e-06
0.6343554061185204,0.0,500.0,0.0,444,8880000,40,0.012213456444442272,3.8080527782440186,0.00012239999999999915,3.9146748778940754,9377.572757691974,-1.0635978976712575,53.51289510726929,23.96546244621277,77.47835874557495,-4.825592014867652e-08,-7.080078034960025e-07
0.5694865767308437,0.0,500.0,0.0,445,8900000,40,0.013412836007773876,3.8074982166290283,0.00012199999999999916,4.200094707253613,10911.911481137819,-0.8008110782768153,53.96838164329529,23.6584792137146,77.62686252593994,1.430511542555024e-10,5.859375278305379e-07
0.5818381041120052,0.0,500.0,0.0,446,8920000,40,0.01138679776340723,3.8069422245025635,0.00012159999999999916,3.540545251475105,13206.260848651355,-1.0018463919245744,53.554779052734375,24.0802218914032,77.63500189781189,2.0980834847250662e-09,-2.9296876391526894e-07
0.5857276180234244,0.0,500.0,0.0,447,8940000,40,0.012230943888425827,3.806385040283203,0.00012119999999999916,3.0862700682652147,11371.105729269679,-0.7855693060103096,54.81272077560425,24.021681547164917,78.83440375328064,-9.250641141989036e-09,4.516601563864242e-07
0.6192206459630267,0.0,500.0,0.0,448,8960000,40,0.011075775139033794,3.8058266639709473,0.00012079999999999917,2.876349858241745,14999.457486309582,-0.7174539862648596,56.484370470047,23.457022666931152,79.94139432907104,2.55107881486083e-08,9.765625463842298e-07
0.6169561221189068,0.18,500.0,0.0,449,8980000,40,0.013610436581075191,3.805267572402954,0.00012039999999999917,2.881036105638818,14389.171770313118,-1.2298637557821939,54.33900856971741,24.271445274353027,78.61045479774475,1.1396408261532542e-08,4.1503906800244295e-07
0.6347212119299696,0.045,500.0,0.0,450,9000000,40,0.01517751906067133,3.8047075271606445,0.00011999999999999918,2.7872642764562294,10445.390347212779,-0.9743205935706066,53.89189410209656,23.656183004379272,77.54807806015015,-9.059906158626063e-10,3.5339355690666707e-06
2.5766296048689314,0.0,500.0,0.0,451,9020000,40,0.013737035915255547,3.8041462898254395,0.00011959999999999918,5.933345692670798,88292.09311430725,-1.881692258787306,56.4739089012146,24.12869644165039,80.60260772705078,-1.1062621929625038e-08,1.044921918946784e-05
3.3345052595115505,0.0,500.0,0.0,452,9040000,40,0.011929813772439957,3.803584098815918,0.00011919999999999918,4.12703158802624,42510.32472402838,-1.367479114517381,55.49937438964844,23.529651403427124,79.02902674674988,-2.322197012460947e-08,-1.4062499758438207e-05
3.1486319696857232,0.0,500.0,0.0,453,9060000,40,0.013697894290089607,3.803020715713501,0.00011879999999999917,2.7001506655276577,22084.60857543945,-0.9887272412546828,55.754496812820435,23.947021961212158,79.70151972770691,9.63211022053656e-09,1.3049316294200253e-05
3.3241026483151104,0.0,500.0,0.0,454,9080000,40,0.014396517537534237,3.8024563789367676,0.00011839999999999918,2.3733181362287907,11650.448502861698,-0.8038166853163061,54.67561435699463,23.16530752182007,77.84092259407043,-3.113746771532533e-08,1.0290526915923692e-05
3.475028314799252,0.0,500.0,0.0,455,9100000,40,0.014232998713850975,3.8018910884857178,0.00011799999999999918,2.1887290658075598,11867.910483753833,-0.6542021572967119,55.65531945228577,24.605881214141846,80.26120138168335,-1.4162063521894197e-08,-3.991699031757889e-06
3.077055987346235,0.0,500.0,0.0,456,9120000,40,0.012197865173220634,3.8013248443603516,0.00011759999999999919,1.9620274980611438,7294.735350519494,-0.580156941334658,55.80960750579834,23.899123907089233,79.70873236656189,-4.0268897549822213e-08,5.688476448995061e-06
3.0866537802673664,0.0,500.0,0.0,457,9140000,40,0.015793079510331154,3.800757646560669,0.00011719999999999919,2.2853480466558964,5087.595159255402,-0.6561308701204348,54.29723119735718,23.610556602478027,77.90778875350952,2.8324127043788394e-08,-5.798339770990424e-06
3.145313156608224,0.0,500.0,0.0,458,9160000,40,0.014080044813454151,3.80018949508667,0.00011679999999999918,2.0821823934211006,5733.374586583391,-0.4481559644630061,57.98365783691406,24.16668438911438,82.15034365653992,1.907348723406699e-09,2.2583008103538305e-06
3.162579119062347,0.0,500.0,0.0,459,9180000,40,0.011593026109039783,3.7996203899383545,0.00011639999999999918,2.0486774421568157,3950.5066517503956,-0.49001224298926094,55.476919174194336,24.872032642364502,80.34895277023315,-1.0061263822080946e-08,2.0446777853067033e-06
3.0125765472369985,0.0,500.0,0.0,460,9200000,40,0.012778326869010925,3.7990503311157227,0.00011599999999999919,1.7307797294251526,4513.525997615766,-0.41996544182677814,58.25427865982056,24.68725347518921,82.94153332710266,-2.7656554824062596e-09,-3.6254882616049144e-06
2.8014960465661662,0.0,500.0,0.0,461,9220000,29,0.02009712904691696,3.7984795570373535,0.00011559999999999919,1.6954946736486027,5029.945621378918,-0.3918976538348333,55.50801968574524,18.576953411102295,74.08497405052185,-1.4591217123438582e-08,-3.112792910542339e-06
3.002767464522827,0.0,500.0,0.0,462,9240000,40,0.01817169412970543,3.797907829284668,0.00011519999999999918,1.6463038311728948,3446.7427626597732,-0.4261092570197733,56.50998592376709,28.980968236923218,85.49095559120178,-5.9604645663569045e-09,-3.6926269331161166e-07
2.794900825383981,0.0,500.0,0.0,463,9260000,40,0.010028107091784477,3.797335147857666,0.00011479999999999919,1.8508148997644835,2355.8649938269505,-0.3494560517559323,56.143898725509644,26.687862634658813,82.83176255226135,-2.6702879907247734e-09,-1.9226074243761104e-07
2.7490443631401207,0.0,500.0,0.0,464,9280000,40,0.014150275848805904,3.7967617511749268,0.00011439999999999919,1.8953565434187274,2067.6158986151972,-0.46831779034831855,55.54659628868103,23.92996311187744,79.47656059265137,6.031990018584565e-09,-2.136230534688366e-07
2.9250883843988404,0.0,500.0,0.0,465,9300000,40,0.011604737490415573,3.796187400817871,0.00011399999999999919,1.8606733513406561,1830.612291707872,-0.29765998931908155,54.17749524116516,27.620152950286865,81.7976496219635,7.2479249269008506e-09,-1.5411376352858497e-07
2.8209045172307254,0.0,500.0,0.0,466,9320000,40,0.010569213889539242,3.795612096786499,0.0001135999999999992,1.6482722771318652,1420.6654318121416,-0.38349200308653,54.357006549835205,23.395988702774048,77.75299620628357,2.956390465769232e-09,1.6418457562394906e-06
2.860750435374912,0.0,500.0,0.0,467,9340000,40,0.011970192193984985,3.7950360774993896,0.0001131999999999992,1.7596115903009342,1236.645204336432,-0.32852240241356667,54.99915313720703,27.196569204330444,82.19572305679321,-5.2452087118126656e-09,-3.6315918805485126e-07
2.8696070916644607,0.0,500.0,0.0,468,9360000,40,0.010306633077561855,3.794459104537964,0.0001127999999999992,1.9438200437947164,1625.4316753725461,-0.2874014639260271,55.67264366149902,25.298482656478882,80.97112727165222,-2.813339339269305e-09,1.647949261496251e-07
2.813561605133465,0.0,500.0,0.0,469,9380000,40,0.010733568109571934,3.793881416320801,0.00011239999999999921,2.6390443601563005,1221.3537459747702,-0.26471076004820154,54.96076273918152,26.00545024871826,80.96621417999268,1.3160705414350105e-08,2.5634764710957825e-07
2.894949801643316,0.0,500.0,0.0,470,9400000,40,0.012437981553375721,3.7933030128479004,0.00011199999999999921,2.8424098791955394,1080.044931648351,-0.23888360214525764,57.196468114852905,23.87009048461914,81.06655955314636,-2.1934509764065524e-09,2.166748060972168e-07
2.86888491038916,0.0,500.0,0.0,471,9420000,40,0.011545381508767605,3.7927236557006836,0.00011159999999999922,4.0136705635846415,1300.8433680860303,-0.28357386863024175,54.566221475601196,24.182871341705322,78.74909400939941,-3.6239624634504253e-09,-6.713867151120212e-08
2.829629040520975,0.0,500.0,0.0,472,9440000,40,0.012517008930444717,3.7921435832977295,0.00011119999999999922,4.051697900664958,1744.6571231697178,-0.26949642034412563,55.126370429992676,25.773700952529907,80.90007257461548,-1.8119811429073707e-08,6.256103546320446e-08
2.6521704923477465,0.0,500.0,0.0,473,9460000,40,0.013804643414914608,3.791562557220459,0.00011079999999999922,4.820676151257527,2790.1682986681976,-0.2227149313787305,55.55831789970398,25.205353021621704,80.76367259025574,-1.3256072683986986e-08,-2.746581913015689e-07
2.6660495194391727,0.0,500.0,0.0,474,9480000,40,0.013433392159640789,3.790980815887451,0.00011039999999999923,3.8072268597310104,2412.433828600147,-0.27511849644346326,54.574214220047,26.620281457901,81.1944968700409,-5.62667867853861e-09,4.39453117451194e-07
2.5777739242341218,0.0,500.0,0.0,475,9500000,13,0.02054242603480816,3.790398359298706,0.00010999999999999923,4.918120692744344,1737.206739505519,-0.08363751390950705,55.135985374450684,8.51982569694519,63.65581202507019,4.100799699813251e-09,7.476806729300733e-08
2.5668098550831457,0.0,500.0,0.0,476,9520000,40,0.01444760151207447,3.7898149490356445,0.00010959999999999924,3.909610875309268,2182.3745459061633,-0.28145169765936046,55.58690166473389,23.90995717048645,79.49686002731323,-2.861023085110048e-10,0.0
2.661650017768907,0.0,500.0,0.0,477,9540000,40,0.012127774767577648,3.7892308235168457,0.00010919999999999924,2.5189720120988315,1302.2990659303302,-0.23242687240384424,55.53984761238098,23.540810585021973,79.08065962791443,9.536743617033494e-10,1.9531249506599124e-07
2.617612767468137,0.0,500.0,0.0,478,9560000,40,0.012462956830859184,3.7886459827423096,0.00010879999999999924,2.1025019265428373,1299.516927849492,-0.18894001265539775,55.50802421569824,25.22545027732849,80.73347592353821,-2.6702879907247734e-09,3.6773681699742156e-07
2.6237012492153307,0.0,500.0,0.0,479,9580000,40,0.010223100893199444,3.788060188293457,0.00010839999999999925,1.5149444649113883,929.7120703588558,-0.19307456164609027,54.61518359184265,25.726918935775757,80.34210395812988,1.0967254659988157e-08,-3.4484864386286063e-07
2.6125830850661895,0.0,500.0,0.0,480,9600000,40,0.013187549076974392,3.787473678588867,0.00010799999999999925,1.3594076498399807,1006.3111697233176,-0.17867939758668594,55.5287127494812,24.57653832435608,80.1052520275116,1.840591501434119e-08,4.6386719532165444e-07
2.6109656565522323,0.0,500.0,0.0,481,9620000,40,0.010559295304119587,3.78688645362854,0.00010759999999999925,1.1772689758222314,832.8931935563872,-0.15135978788043125,55.19275164604187,24.911527395248413,80.10428071022034,-4.1294097030686316e-08,5.249023615760962e-07
2.666388499812593,0.0,500.0,0.0,482,9640000,40,0.012600000016391277,3.7862985134124756,0.00010719999999999926,1.1874976849442795,767.3484023854702,-0.23497344787480146,55.47437620162964,25.240811109542847,80.71518850326538,-2.6178360812423307e-08,6.988525456108619e-07
2.6485660565744014,0.0,500.0,0.0,483,9660000,40,0.012560703791677952,3.7857096195220947,0.00010679999999999926,1.1909157086022293,1430.7202375580994,-0.2513324767846284,55.42417764663696,25.173049449920654,80.59722781181335,-1.7786026873523042e-08,-3.436279257584829e-06
2.69112248742996,0.0,500.0,0.0,484,9680000,40,0.013681992888450623,3.7851200103759766,0.00010639999999999927,0.9901901814190647,1010.0364663812179,-0.17655344903586975,55.738168239593506,28.868768453598022,84.60693836212158,3.466606202096045e-08,-3.7384032225418196e-07
2.5164920587033968,0.0,500.0,0.0,485,9700000,40,0.012758340686559677,3.784529685974121,0.00010599999999999927,0.936955100392239,814.0057868860945,-0.16100436743183794,54.768232107162476,23.958844900131226,78.72707843780518,-3.609657284187051e-08,9.216308853865485e-07
2.444683664014371,0.0,500.0,0.0,486,9720000,40,0.015432408079504967,3.7839386463165283,0.00010559999999999927,1.0073721610669848,708.8837809695473,-0.1342220191266152,55.10226368904114,23.69249200820923,78.7947564125061,2.3651123726153855e-08,2.151489297830267e-07
2.57029610786124,0.0,500.0,0.0,487,9740000,40,0.013184097595512867,3.783346652984619,0.00010519999999999928,0.8430170077689086,765.824330158475,-0.10136250882421302,55.539321184158325,25.037487745285034,80.5768096446991,-1.282691997062102e-08,-1.1596679883041361e-07
2.618278812984596,0.0,500.0,0.0,488,9760000,40,0.012199449352920055,3.7827539443969727,0.00010479999999999928,0.7637064795328092,685.6994238165361,-0.12263250255933668,56.63873839378357,24.691649436950684,81.3303894996643,-3.266334402951543e-08,-3.784179796184617e-07
2.662889594196457,0.0,500.0,0.0,489,9780000,40,0.010863940231502056,3.782160520553589,0.00010439999999999929,0.7459555571592307,862.3829038016404,-0.15093888419715665,56.7091863155365,24.51302409172058,81.22221112251282,4.777908202413528e-08,1.9836425835251248e-08
2.611853986812369,0.0,500.0,0.0,490,9800000,36,0.020805886015295982,3.7815663814544678,0.00010399999999999929,0.7998629005942834,937.4837202026539,-0.10807280023824607,55.675610065460205,22.511601448059082,78.18721270561218,2.38418573772492e-09,-3.662109548940862e-08
2.583368833510749,0.0,500.0,0.0,491,9820000,19,0.020364269614219666,3.7809712886810303,0.00010359999999999929,1.0249683025437621,1443.726472187487,-0.12736316381405782,58.1278772354126,11.627776861190796,69.75565528869629,-8.296966669263384e-09,7.934570334100499e-08
2.6304622535174795,0.0,500.0,0.0,492,9840000,40,0.015229860320687294,3.7803754806518555,0.0001031999999999993,1.1707281174161766,969.6593477852737,-0.10180119608611435,55.4714617729187,23.00842571258545,78.47988843917847,2.0980834847250662e-09,8.544921570319275e-08
2.5480156251420008,0.0,500.0,0.0,493,9860000,40,0.014724530279636383,3.7797789573669434,0.0001027999999999993,1.0702789191581026,971.4686538889438,-0.09874521741419559,57.080575704574585,25.36253261566162,82.44310927391052,6.771087690538025e-09,-4.516601563864242e-07
2.6346766366083205,0.0,500.0,0.0,494,9880000,28,0.02286933921277523,3.779181718826294,0.0001023999999999993,0.7161438109161194,1119.947250366211,-0.07851734426492324,58.896080017089844,16.27777934074402,75.17386078834534,3.852844088214624e-08,2.1362303925798187e-08
2.6553141372126747,0.0,500.0,0.0,495,9900000,40,0.012386132963001728,3.778583526611328,0.00010199999999999931,0.6524245200655129,1286.6279678731025,-0.12645146053201883,57.32786202430725,22.78454899787903,80.1124119758606,3.814697446813398e-09,6.103515914901436e-08
2.606467097160621,0.0,500.0,0.0,496,9920000,40,0.012874383479356766,3.777984619140625,0.00010159999999999931,0.6247335036721411,1114.1412231638462,-0.07028031210485798,55.14625692367554,24.2201406955719,79.36639857292175,-5.893707211157562e-08,1.0528564331480084e-07
2.6230454965110472,0.0,500.0,0.0,497,9940000,40,0.01910542882978916,3.7773849964141846,0.00010119999999999932,0.6653623225568216,1429.9259931153888,-0.14057077695438755,56.85859417915344,25.24697709083557,82.10557246208191,-1.592636067471176e-08,2.5329589448119805e-07
2.5154860038995195,0.0,500.0,0.0,498,9960000,40,0.011132631450891495,3.776784658432007,0.00010079999999999932,0.6818245698945432,2185.7315956598595,-0.1525342612515522,55.63945770263672,24.281546354293823,79.92100548744202,9.489059316081239e-09,-4.882812376649781e-08
2.5537367908136104,0.0,500.0,0.0,499,9980000,40,0.014051279053092003,3.7761833667755127,0.00010039999999999932,0.7192404018927224,2734.4947802386705,-0.1434916573611996,55.120769023895264,24.558425903320312,79.67919588088989,-2.9754637864698452e-08,1.2207030941624453e-08
2.7328559007161557,0.0,500.0,0.0,500,10000000,40,0.017579520121216774,3.7755813598632812,9.999999999999933e-05,0.6725444836424121,1689.8893130918093,-0.21411795197172634,57.27648305892944,25.339212894439697,82.6156976222992,-1.9073485846288207e-10,9.155273517080786e-08
229.21121576231855,814.7900000000001,500.0,0.0,501,10020000,6,0.020432669669389725,3.776942491531372,9.959999999999933e-05,6.8052332962112585,50155.616661103966,0.49099633248546454,55.4261212348938,3.8388779163360596,59.265000104904175,-3.200530898084253e-07,-1.9531249506599124e-07
301.8261401957453,708.6595238095239,487.0952380952381,0.0,502,10040000,40,0.013889564201235771,3.779818058013916,9.919999999999933e-05,3.814071550305131,20188.90476290546,-1.8647402067350436,52.16925382614136,29.33211088180542,81.50136637687683,1.0223388358099328e-07,6.298828338913154e-06
300.603399380252,525.6756097560976,483.11097560975617,0.0,503,10060000,40,0.012230691500008106,3.783618211746216,9.879999999999934e-05,3.6836958903677854,5950.671210296245,-1.5624920180798332,51.4647912979126,25.23553228378296,76.70032477378845,-1.6269683555947267e-07,2.2094727682997473e-06
295.4541611534903,1944.6317073170733,480.71829268292686,0.0,504,10080000,32,0.020798778161406517,3.7916667461395264,9.839999999999934e-05,3.4931441878876353,9872.711977753459,-0.9361781840082966,54.039793968200684,19.96326208114624,74.00305700302124,1.8262863221707448e-08,5.468749805004336e-06
308.6147336045763,525.5375,500.0,0.0,505,10100000,40,0.019007043913006783,3.8001277446746826,9.799999999999935e-05,4.015354770120186,6649.046127242076,-1.5862615177997306,54.00623059272766,25.710305213928223,79.7165367603302,-7.581710548265619e-08,-1.0375976700061074e-07
306.95531916202845,258.88,500.0,0.0,506,10120000,18,0.0215147715061903,3.8083176612854004,9.759999999999935e-05,6.969306744603668,9239.291246459788,-1.3716907209275309,52.621917724609375,11.265237808227539,63.88715720176697,4.253387331232261e-08,3.540039017480012e-07
303.9741542230916,1190.619512195122,492.9146341463415,0.0,507,10140000,40,0.010942075401544571,3.818512201309204,9.719999999999935e-05,6.391217587869378,7055.102079174187,-0.5853167920927458,52.42908501625061,27.662914514541626,80.09200072288513,7.100105392510159e-08,-3.6376952721184352e-06
309.82310724376913,0.0,485.7658536585366,0.0,508,10160000,40,0.01387049537152052,3.8276381492614746,9.679999999999936e-05,9.221032591748841,2172.177535778963,-0.8124424566998135,52.25677227973938,26.74796986579895,79.0047435760498,-5.893707211157562e-08,-5.737304604735982e-07
312.78411630818016,1257.5,492.3275,0.0,509,10180000,18,0.02161857672035694,3.838841438293457,9.639999999999936e-05,10.934492009685345,5420.768167358913,-0.07909134784831276,51.460203409194946,11.418546438217163,62.878751039505005,-2.2888183792701966e-08,1.2939452744831215e-06
307.69000336576454,154.3146341463415,490.1219512195122,0.0,510,10200000,11,0.020123915746808052,3.849250555038452,9.599999999999937e-05,13.386693767903177,7413.747998973991,-0.42185251910338056,52.214563608169556,6.5727198123931885,58.78728437423706,-2.803802523487775e-08,6.469726372415607e-07
304.03444725866984,173.07560975609758,487.7560975609756,0.0,511,10220000,40,0.011906773783266544,3.85899019241333,9.559999999999937e-05,8.878680009592937,2835.4096545835087,-0.708450268661674,51.40643072128296,24.094653844833374,75.50108551979065,6.580352707175052e-09,7.568359592369234e-07
314.2774228476069,237.3,500.0,0.0,512,10240000,5,0.03543832525610924,3.8682830333709717,9.519999999999937e-05,11.50704263735421,14453.659439898141,-0.37347298000432266,51.893413066864014,3.2840142250061035,55.177428245544434,3.33786012163273e-08,-8.544921570319275e-08
307.47268864426286,541.0387499999999,498.14750000000004,0.0,513,10260000,27,0.021095313131809235,3.8779122829437256,9.479999999999938e-05,11.635984399035902,6426.61960406869,-1.4727735191555689,52.13896870613098,17.242592811584473,69.38156223297119,1.3828277189986693e-08,-3.1127930810725957e-07
307.0055925656053,1223.2464285714286,492.27619047619044,0.0,514,10280000,6,0.03591800481081009,3.889500856399536,9.439999999999938e-05,21.607253750165302,20045.16808721486,-0.08218820474821807,52.42099618911743,3.656066417694092,56.07706356048584,-1.3446808111439168e-08,7.202148708529421e-07
304.76710193406944,56.677499999999995,487.1875,0.0,515,10300000,36,0.02020156942307949,3.9000208377838135,9.399999999999938e-05,14.224875157392479,4946.202651999,-0.9823391552956883,52.42259740829468,22.550655126571655,74.97325396537781,9.059905714536853e-09,-6.225586162145191e-07
308.66022196831346,0.0,485.2926829268293,0.0,516,10320000,40,0.013034301809966564,3.9094395637512207,9.359999999999939e-05,15.821892952919006,5942.287957647783,-0.844072319689808,51.57439708709717,23.899490118026733,75.47388863563538,-1.7166137400437265e-09,5.981445383440587e-07
297.0599935535999,679.2380952380952,482.78095238095244,0.0,517,10340000,5,0.02037931978702545,3.9195239543914795,9.319999999999939e-05,14.253604559355145,19578.522389858583,-0.5380508732192124,51.553364992141724,3.1438796520233154,54.697245836257935,-1.3875961712983553e-08,-1.5869140668200998e-07
299.67926423684,6.46904761904762,482.4261904761906,0.0,518,10360000,40,0.01807519607245922,3.9285659790039062,9.27999999999994e-05,12.831293539834927,7318.441032699392,-1.0666976478563834,52.81122541427612,25.50576949119568,78.3169960975647,-5.7220459481754915e-09,-4.028320290672127e-07
290.6847650065,946.1682926829269,481.4951219512195,0.0,519,10380000,40,0.013429171405732632,3.9389657974243164,9.23999999999994e-05,6.134167589643334,8627.246265421034,-1.2541945186596883,55.01691126823425,25.17640781402588,80.19332003593445,1.7452240541615538e-08,-3.4790039080689894e-06
311.3170654849031,591.1225000000001,495.85,0.0,520,10400000,7,0.020215975120663643,3.949723482131958,9.19999999999994e-05,11.665007894336638,23033.016690300774,-0.5111104203607032,52.78123116493225,4.313962936401367,57.095195055007935,2.2888183792701966e-08,6.83593725625542e-07
308.41491386673334,580.2231707317072,497.1317073170732,0.0,521,10420000,40,0.016671529039740562,3.96077823638916,9.159999999999941e-05,7.256317183035838,13316.860715262497,-2.0774460228560847,52.86475110054016,28.739339590072632,81.60409140586853,-4.00543198608716e-09,-1.0986327652062755e-06
297.33675294466116,250.6890243902439,473.25853658536585,0.0,522,10440000,40,0.013665887527167797,3.9712941646575928,9.119999999999941e-05,8.027031100286713,8003.735024251817,-0.8650082701322022,52.2760853767395,25.44237995147705,77.71846628189087,2.70843507621521e-08,1.2207031829802872e-07
304.75318671168395,328.12749999999994,498.84125000000006,0.0,523,10460000,22,0.02038508839905262,3.981515407562256,9.079999999999942e-05,13.36660895866135,15427.002090085361,-0.9820172458852805,52.213188886642456,13.658931016921997,65.87213349342346,1.907348723406699e-09,5.615234499600774e-07
303.63892477710846,0.0,489.2524390243902,0.0,524,10480000,40,0.013650062493979931,3.99066424369812,9.039999999999942e-05,11.111628476652918,10629.264823005773,-1.274239627736373,54.69882249832153,24.49994206428528,79.19876527786255,3.814697446813398e-09,-1.2207031829802872e-07
309.22922842008603,163.8761904761905,493.40952380952393,0.0,525,10500000,40,0.01985974796116352,3.999250650405884,8.999999999999942e-05,9.473174105414861,15221.772003830536,-1.5441314286116181,53.769160985946655,24.87502694129944,78.64418864250183,-6.771087690538025e-09,1.1474609209471964e-06
286.1608296664097,915.1212500000001,486.87,0.0,526,10520000,38,0.020145606249570847,4.009181022644043,8.959999999999943e-05,8.952075043334554,14874.360063017884,-1.726813402198141,53.87775254249573,22.993801832199097,76.87155604362488,1.6212463593845428e-09,-1.074218744179234e-06
295.3423186645691,46.10357142857142,473.57142857142856,0.0,527,10540000,40,0.013366122730076313,4.018181324005127,8.919999999999943e-05,7.681190709750863,12757.868384947958,-0.9347708722600077,53.51845455169678,24.52125644683838,78.0397117137909,1.2207030941624453e-08,1.2695312534560799e-06
309.8599988525524,73.1951219512195,495.9414634146341,0.0,528,10560000,40,0.01857989840209484,4.026411056518555,8.879999999999943e-05,7.483690489507929,12175.51997951073,-1.5400444841507492,52.76585125923157,24.901665925979614,77.66751790046692,-8.01086397217432e-09,-1.9531249506599124e-07
280.90762700495594,25.609756097560975,484.1378048780488,0.0,529,10580000,40,0.014983026310801506,4.033828258514404,8.839999999999944e-05,6.476711671148674,7475.063362063637,-1.1273945897581834,51.96884870529175,24.473999500274658,76.44284915924072,-1.6498566068889886e-08,-3.540039017480012e-07
297.8799584406476,969.9231707317073,487.390243902439,0.0,530,10600000,25,0.025281716138124466,4.042850494384766,8.799999999999944e-05,11.035023284139513,31964.80180898932,-2.5788558931441248,51.92199683189392,15.325366497039795,67.24736428260803,3.545284243955393e-08,1.1596679314607172e-06
290.249091404872,1311.7142857142858,487.1654761904763,0.0,531,10620000,7,0.021112168207764626,4.054162502288818,8.759999999999945e-05,11.32442701056896,39190.65859692868,-0.6425262762883688,53.50474548339844,4.180208206176758,57.68495464324951,-2.6702879907247734e-09,-1.0131835779247922e-06
297.39464532222786,289.52875,489.91999999999996,0.0,532,10640000,40,0.017597444355487823,4.065011978149414,8.719999999999945e-05,6.707328318719623,11800.596060373813,-1.6048029230412426,52.2955117225647,25.677245378494263,77.97275853157043,-4.00543198608716e-09,7.324219097881723e-08
292.40765205030266,1244.0243902439024,481.4439024390244,0.0,533,10660000,40,0.013823898509144783,4.07780647277832,8.679999999999945e-05,7.356058824816836,15225.738188963298,-0.9709776889108405,54.96627712249756,24.880677461624146,79.84695553779602,1.115798919926192e-08,1.025390588438313e-06
301.39857577981587,558.4146341463414,493.9756097560976,0.0,534,10680000,40,0.018749145790934563,4.090659141540527,8.639999999999946e-05,8.131073496990567,16961.773911604098,-1.860940655820732,51.96682548522949,25.46519160270691,77.43201875686646,1.201629640235069e-08,-2.9296876391526894e-07
307.9391936562741,0.0,485.8243902439024,0.0,535,10700000,28,0.021475952118635178,4.102178573608398,8.599999999999946e-05,10.335267849468625,28363.47093446259,-0.717182068117165,53.42916393280029,17.548055410385132,70.97722029685974,-2.0456313976069396e-08,3.906249901319825e-07
301.27175990647356,757.1121951219512,495.7524390243903,0.0,536,10720000,18,0.020151697099208832,4.114378929138184,8.559999999999947e-05,10.596380915990526,46044.527531233514,-1.2131234757843232,52.08338451385498,11.069965600967407,63.153351068496704,-1.0871887390351276e-08,1.9531249506599124e-07
305.18509065830483,2126.98875,494.67875000000004,0.0,537,10740000,40,0.01820114068686962,4.130570888519287,8.519999999999947e-05,11.96247297646124,59618.790949258924,-1.994991509786135,54.91916465759277,24.70322036743164,79.62238574028015,-3.2424927187690855e-09,-6.347656267280399e-07
308.27535615372017,2089.3612500000004,497.8137500000001,0.0,538,10760000,40,0.014173065312206745,4.150251388549805,8.479999999999947e-05,9.095377053603341,32870.01735878474,-1.7579004335063921,53.14915490150452,25.016616106033325,78.16577315330505,-3.2329559473964764e-08,1.3183594091970008e-06
310.52721372538923,1241.1548780487803,486.09268292682924,0.0,539,10780000,40,0.013622061349451542,4.17099142074585,8.439999999999948e-05,8.951049921557873,54483.795822413966,-2.000384088728247,52.43768882751465,25.522642374038696,77.96033334732056,-2.1457672971791908e-08,8.300781360048859e-07
294.2275405554654,2097.462790697675,467.45116279069754,0.0,540,10800000,27,0.0211015772074461,4.194774150848389,8.399999999999948e-05,12.962650832356392,84163.74747000264,-1.7639965628493408,54.648253202438354,17.613616228103638,72.26187038421631,3.433227480087453e-09,-1.4648437627329258e-06
311.22210428905277,1038.1787499999998,497.73125,0.0,541,10820000,40,0.013661468401551247,4.218706130981445,8.359999999999948e-05,16.719840485838397,42010.54354186239,-1.4146312186753824,52.119077920913696,25.977702140808105,78.09678101539612,1.9645691295977485e-08,-2.3925781533762347e-06
304.23283710691305,0.0,493.35,0.0,542,10840000,40,0.015031889081001282,4.240208625793457,8.319999999999949e-05,10.987785855501514,34983.87953043105,-1.1647423633386063,50.9097957611084,27.709688901901245,78.61948585510254,2.6226043559063328e-08,-3.540039017480012e-07
316.17507991849527,1.4875,500.0,0.0,543,10860000,32,0.023731574416160583,4.259525775909424,8.279999999999949e-05,9.564789001040067,37103.65065050729,-1.0928650609913129,54.537585973739624,19.787628889083862,74.32521605491638,1.0299682884351569e-08,5.37109372089617e-07
306.4227338165825,7.5,481.82441860465116,0.0,544,10880000,40,0.012022270821034908,4.276888370513916,8.23999999999995e-05,10.018175158923185,33926.877634787255,-1.388421887706352,52.65588855743408,26.827431440353394,79.48332071304321,-2.6988983492515217e-08,-8.544922138753464e-07
315.9819936099285,2761.955,492.18874999999997,0.0,545,10900000,27,0.021024202927947044,4.29926061630249,8.19999999999995e-05,10.50763774790006,63901.04380864869,-1.7642036072815521,50.842703104019165,16.65634822845459,67.49905204772949,4.959106458812812e-09,4.0039062696450856e-06
310.05575314941916,2030.59125,500.0,0.0,546,10920000,40,0.014998992905020714,4.32434606552124,8.15999999999995e-05,11.821258360901965,98347.56663292994,-3.7661538537403074,51.29622006416321,26.32442855834961,77.62064957618713,9.727478378351861e-09,-3.906249901319825e-07
309.9452006074674,579.45375,491.6,0.0,547,10940000,31,0.02094319649040699,4.34832239151001,8.119999999999951e-05,7.280194832870745,42890.950426892196,-0.9287538472707537,51.15939450263977,21.270831823349,72.43022751808167,-1.3160705414350105e-08,1.1230468999201548e-06
319.30359948644775,3.05,500.0,0.0,548,10960000,40,0.012596964836120605,4.369872093200684,8.079999999999951e-05,7.740653671418564,39401.618063624905,-1.6906091198042223,52.77309799194336,26.17632818222046,78.94942736625671,-1.1444091896350983e-08,9.765624753299562e-08
318.4830139006709,6.3,500.0,0.0,549,10980000,15,0.021436447277665138,4.3892436027526855,8.039999999999951e-05,15.09378244846682,59773.36513960311,-0.8889925075985712,53.312461376190186,9.33521580696106,62.64767789840698,-2.1362303925798187e-08,4.882812376649781e-08
309.9187905157213,457.77317073170735,493.8646341463416,0.0,550,11000000,39,0.020029369741678238,4.407774925231934,7.999999999999952e-05,10.780634837737141,49612.67825276772,-1.7075076935470046,55.37551736831665,23.214346170425415,78.58986473083496,-5.7220459481754915e-09,-2.294921841894393e-06
79.50663255743022,4483.41875,496.6137500000001,0.0,551,11020000,1,0.021524950861930847,4.435271263122559,7.959999999999952e-05,21.717945533462718,409228.46795886074,4.134662812269187,57.84232211112976,0.5701355934143066,58.412458419799805,4.863739189175931e-09,-1.0498047231521923e-05
1.322610759713927,4129.6825,500.0,0.0,552,11040000,7,0.02982752025127411,4.469842910766602,7.919999999999953e-05,6.54327754819156,255941.74320114715,-0.5397813430099764,56.37246823310852,4.4458043575286865,60.818274974823,-2.07901003079769e-08,-5.95703113503987e-06
0.9532986820271973,6631.7699999999995,500.0,0.0,553,11060000,40,0.017558112740516663,4.516028881072998,7.879999999999953e-05,5.868637923462481,375901.63265674445,-4.716270844525174,52.92202019691467,23.483283042907715,76.4053041934967,-6.9141385949933465e-09,-3.906250185536919e-06
1.1833450316889307,8862.366250000001,500.0,0.0,554,11080000,40,0.014109811745584011,4.576274871826172,7.839999999999953e-05,3.4992018666448472,294095.39548092615,-3.2186439648081984,54.4936740398407,23.641437530517578,78.13511300086975,1.7452240541615538e-08,-3.0761718790017767e-06
1.3931778374669173,10537.571249999999,500.0,0.0,555,11100000,40,0.018275044858455658,4.65070915222168,7.799999999999954e-05,3.5159994761400584,256036.90696696992,-5.85134225944175,53.08840346336365,23.511993885040283,76.60039830207825,-2.2697449253428204e-08,-1.7773438230506144e-05
1.3432912313018859,7099.16125,500.0,0.0,556,11120000,40,0.015796570107340813,4.731420516967773,7.759999999999954e-05,3.2436263876625255,146281.1572647288,-2.5684276200170757,58.76436638832092,24.41262722015381,83.17699432373047,8.964538444899972e-09,-1.3183594091970008e-06
1.494313167256381,4592.99,500.0,0.0,557,11140000,26,0.03082440420985222,4.813179016113281,7.719999999999955e-05,2.716137612457981,103264.40156806269,-0.528224697624929,54.44283413887024,15.766364336013794,70.20919966697693,-1.3351439953623867e-09,-1.5380859395008883e-06
1.716797917922507,9277.1425,500.0,0.0,558,11160000,29,0.020107995718717575,4.903254985809326,7.679999999999955e-05,4.227218504557699,295239.3044931253,-2.790704847162647,55.00413513183594,17.379939079284668,72.38407564163208,-1.907348723406699e-09,1.8505859770812094e-05
1.3319411074610659,10949.13625,500.0,0.0,559,11180000,40,0.010009282268583775,5.002237796783447,7.639999999999955e-05,3.312837328412865,163357.68987589004,-0.7445839377992516,55.93738389015198,27.05070447921753,82.9880895614624,3.2424927187690855e-09,-1.6601562720097718e-06
2.0866224557131985,11382.25,500.0,0.0,560,11200000,40,0.010900965891778469,5.108833312988281,7.599999999999956e-05,4.819138227723822,339048.6426992682,-3.151141991909546,53.8577995300293,27.95582365989685,81.81362414360046,1.0967254882032762e-09,6.10351571594947e-06
1.4655224900181194,7633.40125,500.0,0.0,561,11220000,40,0.01582823507487774,5.217111587524414,7.559999999999956e-05,2.956496176689486,86315.10837023771,-3.550756701638427,56.08287000656128,27.716736793518066,83.79960942268372,3.0994415922691587e-09,2.19726558725597e-07
1.7809943836905995,7373.70875,500.0,0.0,562,11240000,40,0.012051433324813843,5.326364994049072,7.519999999999956e-05,2.1531422161603277,210637.3221667326,-2.5490494468921345,54.89485692977905,24.853864431381226,79.74872207641602,-9.536742923144104e-11,7.250976523209829e-06
2.554428520377111,4968.25625,500.0,0.0,563,11260000,40,0.009862115606665611,5.4329833984375,7.479999999999957e-05,2.5768987562460235,118462.17963898092,-0.6433569326996803,58.16887831687927,23.689603805541992,81.858482837677,-5.340575981449547e-09,-3.41796862812771e-07
1.8696542580043367,4942.0975,500.0,0.0,564,11280000,40,0.010044984519481659,5.537160873413086,7.439999999999957e-05,1.8901914452827429,147122.9965089436,-0.7431085731409773,53.830894947052,27.175291776657104,81.00618767738342,-1.0752677859215964e-08,6.7382811721472535e-06
1.7238102230771264,11394.49125,500.0,0.0,565,11300000,40,0.01324852928519249,5.647218227386475,7.399999999999958e-05,2.244022138737425,346361.8298846667,-4.726540325789512,56.247119665145874,23.555193185806274,79.80231380462646,5.9604645663569045e-09,3.1738281336401997e-07
1.4719981012302716,8330.326250000002,500.0,0.0,566,11320000,40,0.017663078382611275,5.758622169494629,7.359999999999958e-05,1.4661227479388441,162737.5997441159,-2.3474613845725605,53.93220376968384,23.897034168243408,77.82923889160156,2.2745132000068224e-08,5.639648406940978e-06
1.6679660961742855,6645.38125,500.0,0.0,567,11340000,40,0.009994124993681908,5.868955612182617,7.319999999999958e-05,1.3011947870065894,128434.32497898536,-1.3289439963954914,55.04519701004028,26.08946180343628,81.13466048240662,-9.346008411625917e-09,8.056640581344254e-07
1.924314991181165,11202.247500000001,500.0,0.0,568,11360000,2,0.021339787170290947,5.983453273773193,7.279999999999959e-05,1.6680732610859448,356711.3409810127,4.679644070094144,53.76536679267883,1.129183292388916,54.894551038742065,-4.6825409327766465e-08,3.4667968975554686e-06
2.345862712470169,5010.6900000000005,500.0,0.0,569,11380000,17,0.020505918189883232,6.094071388244629,7.239999999999959e-05,1.0948129867495482,105392.01810458163,-0.9212399228730489,54.46125292778015,11.661490201950073,66.1227445602417,-1.5664101127299546e-08,-1.1352539104336756e-06
1.61534108814614,6534.816250000001,500.0,0.0,570,11400000,40,0.01490786112844944,6.203178405761719,7.19999999999996e-05,1.1698723720598825,195487.9214095876,-2.18606866756572,53.440430641174316,25.256438970565796,78.69687080383301,-5.7220459481754915e-09,-6.237793058971874e-06
1.3255217518324678,6268.907499999999,500.0,0.0,571,11420000,21,0.039099451154470444,6.310526371002197,7.15999999999996e-05,1.0491974431035604,212350.50081645098,0.8253555049947977,55.055479526519775,12.738332271575928,67.79381251335144,2.2888184680880386e-09,-3.271484274591785e-06
1.7323856049283273,8236.4,500.0,0.0,572,11440000,40,0.014309234917163849,6.418639183044434,7.11999999999996e-05,1.023800906180581,201560.5633634543,-2.9074495322530782,55.11370348930359,25.202109575271606,80.31581425666809,-1.4114379887075756e-08,6.567383024957962e-06
1.448781825237053,5830.4275,500.0,0.0,573,11460000,40,0.007761612068861723,6.524364948272705,7.07999999999996e-05,0.842075837167758,58014.35286687537,-0.8839761630172216,54.050780057907104,24.499837636947632,78.55061864852905,-4.949569643031282e-08,-2.0996094463043846e-06
0.8103542312243969,2123.20625,500.0,0.0,574,11480000,40,0.011396660469472408,6.622806549072266,7.039999999999961e-05,0.8157894062467769,52378.334595576416,-0.7095525236635268,53.908952474594116,26.403947591781616,80.31290102005005,-2.794265796524087e-08,3.295898522992502e-07
1.009734884635515,8718.4725,500.0,0.0,575,11500000,33,0.02006916143000126,6.723383903503418,6.999999999999961e-05,0.8665432650603048,167776.0745959646,-2.5903899945607347,54.780092000961304,23.97773790359497,78.75783133506775,-2.00271599304358e-09,-1.8554687812866177e-06
1.0728149393808841,2236.7637499999996,500.0,0.0,576,11520000,40,0.011987929232418537,6.817307472229004,6.959999999999962e-05,0.7049816401321677,61925.783609781385,-0.07582576988807208,53.810234785079956,23.748374938964844,77.5586109161377,-2.8610229740877458e-09,2.3193359766082722e-07
1.121411796640609,7023.121249999999,500.0,0.0,577,11540000,40,0.013270603492856026,6.911694526672363,6.919999999999962e-05,0.6862615790925448,156392.11997812006,-1.740943202904508,54.20183563232422,23.54365301132202,77.74548959732056,-3.6239624634504253e-09,9.765625463842298e-07
1.5796460557775078,3570.75625,500.0,0.0,578,11560000,40,0.013606025837361813,7.001899242401123,6.879999999999963e-05,0.6299753271326234,192744.7725454596,-2.7787687304276454,56.37281847000122,25.269181966781616,81.64200139045715,3.2424927187690855e-09,-1.367187451251084e-06
1.2799745318914126,4989.67,500.0,0.0,579,11580000,40,0.008354131132364273,7.090265274047852,6.839999999999963e-05,0.5681030413206619,138438.4857425738,-0.18524259221327455,56.97354984283447,24.44004511833191,81.41359615325928,1.9407272233706863e-08,4.2480469346628524e-06
1.6624952107147173,4794.8462500000005,500.0,0.0,580,11600000,40,0.01102838758379221,7.176697254180908,6.799999999999963e-05,0.550697194398204,187000.33372091944,-1.9087255449989173,59.071083068847656,24.28966999053955,83.36075472831726,1.277923544762416e-08,-4.162597633694531e-06
1.1769381920982025,2907.0937500000005,500.0,0.0,581,11620000,36,0.02170063741505146,7.258781909942627,6.759999999999964e-05,0.5027137423659847,55462.183379311435,-0.4361256778858466,60.1479287147522,21.934942722320557,82.08287239074707,2.791881570374244e-08,1.3427734302240424e-06
0.8977548892850316,2688.8650000000002,500.0,0.0,582,11640000,40,0.010503319092094898,7.336645126342773,6.719999999999964e-05,0.4616167104979859,139447.65285574997,-0.9459256016566784,57.350526571273804,24.568700551986694,81.9192283153534,1.907348723406699e-09,-1.367187451251084e-06
1.4888485147982755,2679.3675000000003,500.0,0.0,583,11660000,40,0.015239326283335686,7.410695552825928,6.679999999999965e-05,0.43833421984616716,31488.195603150958,-1.2445159415278253,54.829408168792725,27.322203636169434,82.15161299705505,-1.7642974858844696e-09,9.277343906433089e-07
1.7263349766449856,1571.8625000000002,500.0,0.0,584,11680000,40,0.011440363712608814,7.4797139167785645,6.639999999999965e-05,0.41857129099625573,41688.283186205124,-0.9900163949667653,57.654531717300415,26.433305501937866,84.08783841133118,-2.38418573772492e-09,2.9296876391526894e-07
2.118695653914795,2739.8025000000002,500.0,0.0,585,11700000,40,0.007403108756989241,7.545894622802734,6.599999999999965e-05,0.4109926814897151,102310.05219780645,-0.19220199269961707,58.184820890426636,26.190940618515015,84.37576341629028,-5.4836273299940785e-09,3.41796862812771e-07
1.0528769113858485,3435.8287499999997,500.0,0.0,586,11720000,23,0.020778628066182137,7.610511302947998,6.559999999999966e-05,0.41112163953224773,132740.3683854955,-0.71914171796942,54.256733417510986,14.684581756591797,68.94131660461426,-5.531310964812519e-09,4.882812731921149e-07
0.9679325154385315,2151.0512499999995,500.0,0.0,587,11740000,40,0.014133189804852009,7.671876430511475,6.519999999999966e-05,0.35282105863848817,93296.55577624358,-1.5689990931485274,54.23116683959961,26.268245697021484,80.49941396713257,-1.8668174561753403e-08,-1.757812469804776e-06
1.2857533000141095,3803.4649999999992,500.0,0.0,588,11760000,40,0.01414746418595314,7.73267936706543,6.479999999999966e-05,0.32920351266106473,173295.66224349782,-1.0436859002124659,54.69588589668274,23.91411280632019,78.60999965667725,1.1062621929625038e-08,6.347656267280399e-07
1.3193101739684967,5347.226250000001,500.0,0.0,589,11780000,40,0.013752655126154423,7.795103073120117,6.439999999999967e-05,0.30242139957373654,84665.55451799223,-0.9492510367232033,53.960651874542236,26.415345668792725,80.3759994506836,6.9141385949933465e-09,1.0864257546927547e-06
1.3407041825337218,2107.58125,500.0,0.0,590,11800000,40,0.008290484547615051,7.854411602020264,6.399999999999967e-05,0.2805782953866675,38152.75641050701,-0.5618021129430095,56.232810258865356,24.281699180603027,80.51451063156128,-3.051757735406113e-09,2.4414063659605745e-07
1.2268597773924508,2418.5875,500.0,0.0,591,11820000,40,0.011150233447551727,7.911365985870361,6.359999999999968e-05,0.25360089415990855,26642.577358274822,-0.5390968253623836,55.49274301528931,24.420541763305664,79.91328549385071,-1.3351439953623867e-09,2.19726558725597e-07
2.1861993295425144,2543.1825,500.0,0.0,592,11840000,40,0.009371727705001831,7.966380596160889,6.319999999999968e-05,0.24502175704021997,105220.2446456716,-0.7614574529796462,53.283788442611694,24.03176188468933,77.31555128097534,-4.673004205812958e-09,-1.4892577837599674e-06
1.318545349899789,5554.523749999999,500.0,0.0,593,11860000,40,0.008960692211985588,8.023869514465332,6.279999999999968e-05,0.21612840155257454,156441.62957910466,-0.26247540478464926,54.3347008228302,27.658092737197876,81.99279475212097,2.861023085110048e-10,6.054687673895387e-06
1.1052024385284915,4406.59375,500.0,0.0,594,11880000,40,0.010200956836342812,8.081968307495117,6.239999999999969e-05,0.2030701311234432,79262.20658353009,-0.9002882880311978,56.19951772689819,26.460885763168335,82.66040444374084,-1.239776614703203e-09,3.3935546071006684e-06
0.8373556890550136,2192.57125,500.0,0.0,595,11900000,40,0.00935791339725256,8.137482643127441,6.199999999999969e-05,0.19198598267062555,147646.79791437462,-0.1264545410494261,54.24574637413025,25.3585147857666,79.60426187515259,-1.239776614703203e-09,-1.416015606992005e-06
1.169386340701369,3837.1675000000005,500.0,0.0,596,11920000,40,0.01038878969848156,8.193002700805664,6.15999999999997e-05,0.1760039012784822,87122.84603541893,-0.82262278851829,55.83870816230774,25.935692071914673,81.77440118789673,6.341934088993639e-09,-9.765625463842298e-07
1.1593676022476789,3150.8537499999998,500.0,0.0,597,11940000,40,0.0104143638163805,8.24755573272705,6.11999999999997e-05,0.16604690752640555,106605.91088419082,-0.7060360371217698,54.61195087432861,27.425416946411133,82.03736996650696,1.1825561863076928e-08,1.1962890766881173e-06
1.1992918920396254,4920.8150000000005,500.0,0.0,598,11960000,40,0.011755216866731644,8.303695678710938,6.07999999999997e-05,0.14901879274203808,153355.86914788742,-0.8374297344231907,54.573240995407104,24.910065174102783,79.4833071231842,1.831054774470431e-08,1.416015606992005e-06
0.9474466302125301,2194.0175,500.0,0.0,599,11980000,40,0.009940761141479015,8.357430458068848,6.0399999999999706e-05,0.13211880025654277,66313.96427187376,-0.6028254920734635,56.527594327926636,23.530246257781982,80.05784153938293,3.0803679607060985e-08,-1.4282226175055257e-06
1.3649838456483283,0.0,500.0,0.0,600,12000000,40,0.009857811965048313,8.405808448791504,5.99999999999997e-05,0.11547156283042476,23418.489138214496,-0.3856553703546524,55.10946249961853,24.17775011062622,79.28721404075623,-2.5796889957518943e-08,-4.6386719532165444e-07
606.4357546412427,0.0,500.0,0.0,601,12020000,40,0.010964298620820045,8.449359893798828,5.95999999999997e-05,15.23063261908821,443435.99638424645,-5.093322843992257,53.20102143287659,23.65725350379944,76.85827708244324,-1.4686584393075464e-08,6.591797045985004e-06
807.9179209612139,0.0,500.0,0.0,602,12040000,40,0.01015417743474245,8.48856258392334,5.9199999999999704e-05,9.892021412600444,272101.59380562697,-3.78137482846085,52.8184711933136,23.721890449523926,76.54036259651184,1.0261535976496816e-07,1.757812469804776e-06
852.4588849945119,0.0,500.0,0.0,603,12060000,40,0.012428205460309982,8.523846626281738,5.87999999999997e-05,16.193535413998593,285976.0097217415,-4.050825348232366,48.08974266052246,24.31571340560913,72.40545701980591,-1.9538403250862757e-07,1.757812469804776e-06
874.8187554227673,0.0,500.0,0.0,604,12080000,40,0.012855426408350468,8.5556001663208,5.8399999999999705e-05,17.086529486088814,283637.63896484376,-3.7344973966667925,48.94796299934387,25.214821100234985,74.1627848148346,5.2547456164120376e-08,3.2226562325377017e-06
814.4587149851544,0.0,500.0,0.0,605,12100000,40,0.01072794571518898,8.584173202514648,5.79999999999997e-05,14.737154380354701,223202.8571740259,-3.4927469436597973,52.26425337791443,25.607948780059814,77.8722038269043,-4.7874451070129e-08,4.1503906800244295e-07
906.2201593258391,0.0,500.0,0.0,606,12120000,40,0.009521130472421646,8.609880447387695,5.7599999999999706e-05,12.224428468188153,178429.45950062425,-2.53957556157927,49.35733675956726,24.58300518989563,73.94034266471863,1.287460360543946e-08,2.9541015464928932e-06
802.5183600326101,0.0,500.0,0.0,607,12140000,40,0.011045478284358978,8.633005142211914,5.719999999999971e-05,5.832673703869687,168916.63797313836,-2.384930273447233,48.97916841506958,24.329987049102783,73.3091561794281,-4.177093515522756e-08,4.101562353753252e-06
794.766028940546,0.0,500.0,0.0,608,12160000,40,0.009891742840409279,8.653802871704102,5.6799999999999714e-05,6.92816690115989,205474.9476624308,-2.6518939418883263,49.31832218170166,24.845629930496216,74.16395354270935,-7.152557657263969e-08,-3.12499992105586e-06
849.5045317479529,0.0,500.0,0.0,609,12180000,40,0.01511879451572895,8.672504425048828,5.639999999999972e-05,7.082092060620272,182238.0538951246,-2.737843360591538,50.28248882293701,27.71165657043457,77.99414658546448,3.933906711495183e-08,-4.882812376649781e-08
825.9718443314489,0.0,500.0,0.0,610,12200000,40,0.013971964828670025,8.689316749572754,5.599999999999972e-05,6.1817484374287766,163685.43345313738,-2.378767366726187,50.91623663902283,27.799655199050903,78.71589303016663,-2.479553273815327e-08,-5.0781250138243195e-06
843.4298243724985,0.0,500.0,0.0,611,12220000,40,0.012150411494076252,8.704426765441895,5.5599999999999725e-05,5.00049973839446,209413.49173352207,-2.7428101981365227,50.206583738327026,26.8569073677063,77.06349205970764,5.531310875994677e-08,-2.3193358629214345e-06
770.0642526830025,0.0,500.0,0.0,612,12240000,40,0.011459723114967346,8.718003273010254,5.519999999999973e-05,5.055736804461177,152011.46417189972,-2.344280233375634,52.92799997329712,25.206958293914795,78.13495969772339,9.126663513825406e-08,-2.1240234673314262e-06
789.4532696511671,0.0,500.0,0.0,613,12260000,40,0.009849391877651215,8.73019790649414,5.4799999999999726e-05,7.018391831992548,148580.71910106804,-2.2632580717719053,49.239304542541504,24.069756984710693,73.30906248092651,-4.3582915054685145e-08,8.78906234902388e-07
794.3752826254027,0.0,500.0,0.0,614,12280000,40,0.009849452413618565,8.741147994995117,5.439999999999973e-05,13.789754748948013,117407.62349621736,-1.9217831007853339,51.596938133239746,24.568411588668823,76.1653504371643,-6.961822673900997e-09,-7.812500371073838e-06
823.6923492760747,0.0,500.0,0.0,615,12300000,40,0.011685284785926342,8.750975608825684,5.3999999999999734e-05,5.624748284982729,147417.2245503486,-1.9879671501019334,53.52665710449219,26.99839448928833,80.52505254745483,-3.814697446813398e-09,1.4282226175055257e-06
797.3726573655971,0.0,500.0,0.0,616,12320000,40,0.010419444181025028,8.759793281555176,5.359999999999974e-05,13.41925371168535,146370.2512061783,-1.9731362621240978,48.7687304019928,27.16586208343506,75.93459582328796,-8.153915764808062e-09,-2.758789150902885e-06
791.1587045787353,0.0,500.0,0.0,617,12340000,40,0.011021208018064499,8.7677001953125,5.319999999999974e-05,10.536171958114528,110350.79699861551,-2.7784962930256807,47.03281617164612,26.96227788925171,73.9950954914093,7.96318033735588e-09,8.78906234902388e-07
799.498092891344,0.0,500.0,0.0,618,12360000,40,0.011195344850420952,8.774785995483398,5.279999999999974e-05,11.094574140747891,149018.47478166412,-2.133164990136895,48.01465129852295,26.35179042816162,74.36644244194031,2.00271599304358e-09,3.41796862812771e-07
776.3883944085294,0.0,500.0,0.0,619,12380000,40,0.010131721384823322,8.781132698059082,5.239999999999974e-05,7.330236013101626,133784.37282714844,-1.9767051303311238,48.307130336761475,26.119177103042603,74.4263083934784,-3.027915917996893e-09,-5.859375278305379e-07
826.9773235760862,0.0,500.0,0.0,620,12400000,40,0.011903764680027962,8.786812782287598,5.1999999999999746e-05,8.229426296451424,138106.7496053575,-2.234160102847256,52.01439642906189,24.777626991271973,76.79202485084534,1.7118454209708034e-08,7.568359592369234e-07
800.8030112485164,0.0,500.0,0.0,621,12420000,40,0.010216601192951202,8.791893005371094,5.159999999999975e-05,5.008475079038475,125259.33455300632,-2.478034469023158,49.80887579917908,26.11119556427002,75.92007231712341,-1.5783310658434857e-08,-1.6113281162688509e-06
821.0141442535565,0.0,500.0,0.0,622,12440000,40,0.01054166816174984,8.796432495117188,5.1199999999999754e-05,6.719979142991803,135812.7451171875,-2.240607714407806,48.97648811340332,24.91133141517639,73.88782048225403,-2.307891833197573e-08,-3.6132812510913936e-06
821.9477322051501,0.0,500.0,0.0,623,12460000,40,0.013174986466765404,8.800484657287598,5.079999999999976e-05,5.061101175938981,171402.52273227353,-1.9944741184198405,49.33487558364868,26.740323066711426,76.07520008087158,3.494024269912188e-08,1.7089844277506927e-06
741.8799511993066,0.0,500.0,0.0,624,12480000,40,0.010563988238573074,8.804097175598145,5.039999999999976e-05,3.677366729816304,130291.26748603144,-2.460353050786483,48.49184489250183,25.54544186592102,74.03728771209717,9.679794743533421e-09,2.9296876391526894e-07
847.770965901962,0.0,500.0,0.0,625,12500000,40,0.014145012013614178,8.807313919067383,4.9999999999999765e-05,6.348142387897154,109489.84845758752,-2.7225577523059483,48.792606592178345,25.157517433166504,73.95012521743774,3.6239624634504253e-09,6.152343758003553e-06
812.7639489615325,0.0,500.0,0.0,626,12520000,40,0.012013732455670834,8.810173988342285,4.959999999999977e-05,7.92764603827573,156122.3550771979,-1.8631238648502888,49.16078448295593,24.781772136688232,73.94255757331848,7.2479249269008506e-09,-6.347656267280399e-07
827.9042668027068,0.0,500.0,0.0,627,12540000,40,0.010941658169031143,8.812713623046875,4.919999999999977e-05,9.511302660386773,174883.91577859226,-2.7576845384851287,49.71218657493591,24.809884548187256,74.52207255363464,4.76837147544984e-09,1.074218744179234e-06
798.3785280380968,0.0,500.0,0.0,628,12560000,40,0.009071537293493748,8.814963340759277,4.879999999999977e-05,17.33816001045553,91566.33774754005,-2.0844409066853644,50.449403285980225,23.441881895065308,73.89128613471985,3.051757735406113e-09,-1.025390588438313e-06
801.5273499468891,0.0,500.0,0.0,629,12580000,40,0.011367850936949253,8.816951751708984,4.8399999999999774e-05,35.42056371305562,124027.85126922221,-2.596126580540138,50.641627073287964,24.039595365524292,74.68122363090515,-6.532669072356612e-09,-8.300781360048859e-07
850.3882212118828,0.0,500.0,0.0,630,12600000,40,0.012669752351939678,8.818705558776855,4.799999999999978e-05,32.26584762696979,150985.87506335296,-2.4575373812000962,50.24719548225403,27.75105333328247,77.99825072288513,-9.155273872352154e-09,6.83593725625542e-07
835.1217227922003,0.0,500.0,0.0,631,12620000,40,0.011049715802073479,8.820247650146484,4.759999999999978e-05,49.16548967768875,154347.537739196,-2.4546152637917786,49.599897146224976,23.838299036026,73.43819761276245,-1.3828277189986693e-08,-2.2705078208673513e-06
804.4679941125386,0.0,500.0,0.0,632,12640000,40,0.011156036518514156,8.821599006652832,4.7199999999999785e-05,37.318873806090295,126729.70904123814,-2.3024809601563443,48.97728109359741,24.58695340156555,73.56423544883728,-7.1525572131747595e-09,1.904296823340701e-06
789.1687173102468,0.0,500.0,0.0,633,12660000,40,0.01104756724089384,8.82277774810791,4.679999999999979e-05,35.59322886964943,103060.8762571697,-1.8173296921238113,49.432870626449585,25.662989139556885,75.09586071968079,-9.536743617033494e-10,8.056640581344254e-07
774.2207537562856,0.0,500.0,0.0,634,12680000,40,0.010320747271180153,8.82380199432373,4.639999999999979e-05,44.12152982512607,128643.51388882022,-2.458327502861053,49.15498900413513,23.880797386169434,73.03578758239746,2.813339339269305e-09,1.904296823340701e-06
834.0116443573164,0.0,500.0,0.0,635,12700000,40,0.012633338570594788,8.824686050415039,4.59999999999998e-05,125.40802913768383,97252.74150715116,-1.9617030522868604,49.184975147247314,25.85107421875,75.03605008125305,1.1444092340440193e-09,-4.150390850554686e-06
846.1450879663596,0.0,500.0,0.0,636,12720000,40,0.012214599177241325,8.825444221496582,4.55999999999998e-05,47.52477403682998,85898.69110153777,-2.1890087630458273,50.079734086990356,25.91345524787903,75.99319243431091,-4.100799699813251e-09,2.19726558725597e-07
809.8212299350594,0.0,500.0,0.0,637,12740000,40,0.013829090632498264,8.826088905334473,4.5199999999999804e-05,50.3461801922774,109745.38626168166,-2.7730203554977346,48.387242555618286,24.657525300979614,73.04476881027222,-6.008148201175345e-09,1.7333984487777343e-06
843.9322647816782,0.0,500.0,0.0,638,12760000,40,0.010773648507893085,8.826631546020508,4.479999999999981e-05,46.11391182579572,154322.0614103293,-3.0297622921817666,49.10864758491516,24.572504997253418,73.68115329742432,1.7166137400437265e-09,-6.591797045985004e-07
776.9594274607832,0.0,500.0,0.0,639,12780000,40,0.010579966008663177,8.827081680297852,4.439999999999981e-05,22.885737172561356,107203.82985036343,-1.8289974399193933,48.461162090301514,26.00192928314209,74.46309208869934,-6.628036341993493e-09,6.3232423599401955e-06
809.296729676674,0.0,500.0,0.0,640,12800000,12,0.020066067576408386,8.827448844909668,4.3999999999999816e-05,39.6120520719496,163209.5996629417,-1.4343989797030823,50.31707048416138,6.76444673538208,57.08151817321777,1.1825561863076928e-08,-5.859375278305379e-07
791.0951984384026,0.0,500.0,0.0,641,12820000,40,0.010427768342196941,8.827740669250488,4.359999999999982e-05,31.553719057916087,154200.32682363776,-2.450302191521925,51.6006064414978,24.497960090637207,76.09856748580933,-7.915496702537439e-09,6.347656267280399e-07
795.3631981941352,0.0,500.0,0.0,642,12840000,40,0.011613286100327969,8.827964782714844,4.3199999999999824e-05,73.33361273641827,119995.16771379302,-2.4309045690901674,48.66639804840088,26.300280332565308,74.9666793346405,-9.536743617033494e-10,-1.6601562720097718e-06
852.6837818692389,0.0,500.0,0.0,643,12860000,40,0.010997702367603779,8.828128814697266,4.279999999999982e-05,40.22261269318906,117031.00224980222,-2.7347666033838367,49.24485468864441,25.995477199554443,75.24033308029175,9.53674295089968e-09,6.469726372415607e-07
844.8352931909974,0.0,500.0,0.0,644,12880000,40,0.011109099723398685,8.828237533569336,4.2399999999999824e-05,79.47702683134924,128495.14394036788,-2.1204497346017934,49.376408100128174,24.841485500335693,74.2178943157196,-3.6239624634504253e-09,-9.765625463842298e-07
836.9568771804295,0.0,500.0,0.0,645,12900000,40,0.010382065549492836,8.828296661376953,4.199999999999983e-05,67.87335154180285,115989.1327287505,-1.6115721549225759,50.12535881996155,24.316285371780396,74.44164490699768,2.956390465769232e-09,1.025390588438313e-06
875.9334458964473,0.0,500.0,0.0,646,12920000,40,0.010795366950333118,8.8283109664917,4.159999999999983e-05,56.714657412752324,109602.19879969343,-2.5408753058201152,53.067485094070435,24.130919933319092,77.19840598106384,1.287460360543946e-08,-5.468749805004336e-06
828.5680985757001,0.0,500.0,0.0,647,12940000,40,0.01055607758462429,8.828285217285156,4.1199999999999836e-05,50.8300225223167,152144.7778524278,-1.8954424698141557,54.89006996154785,23.452929258346558,78.34300017356873,-2.145767119543507e-09,8.056640581344254e-07
754.5491534727325,0.0,500.0,0.0,648,12960000,40,0.009899074211716652,8.82822322845459,4.079999999999984e-05,40.86722578202622,173092.34153017454,-2.3322372550639927,51.17864441871643,26.017712593078613,77.1963586807251,-1.430511542555024e-10,1.9287108443677425e-06
841.4947064768788,0.0,500.0,0.0,649,12980000,40,0.009512164629995823,8.828128814697266,4.0399999999999844e-05,21.67181324762634,115981.81894438538,-2.5280476409045955,52.01365876197815,25.16701912879944,77.18067908287048,-3.423690841941607e-08,-3.2226562325377017e-06
873.4569399635118,0.0,500.0,0.0,650,13000000,40,0.009532078169286251,8.828004837036133,3.999999999999985e-05,21.447433518005322,143384.22985747133,-1.9882657213301598,47.7309250831604,28.088301181793213,75.81922769546509,-5.9604645663569045e-09,2.221679778813268e-06
203.74270403216283,0.0,500.0,0.0,651,13020000,40,0.009807216934859753,8.82785415649414,3.959999999999985e-05,26.64206210586089,264398.7831641861,-3.9041650048539607,52.823718309402466,29.601654291152954,82.42537546157837,8.678436635989328e-09,-2.978515658469405e-05
0.6722309188701366,0.0,500.0,0.0,652,13040000,40,0.010462355799973011,8.827678680419922,3.9199999999999855e-05,20.124259132222285,200237.96321727897,-3.448310447305064,54.00181841850281,29.612035036087036,83.61385607719421,2.489090000779015e-08,9.521484571450856e-06
0.4833169822883462,0.0,500.0,0.0,653,13060000,40,0.011349360458552837,8.827482223510742,3.879999999999986e-05,13.077347462539432,194148.26771626534,-3.74143102787718,56.8668327331543,28.92385506629944,85.79068970680237,1.8119812317252126e-09,-2.1874999220017344e-05
0.2808718901050694,0.0,500.0,0.0,654,13080000,40,0.009496990591287613,8.827265739440918,3.839999999999986e-05,6.760411297294158,205198.91926856706,-3.6717016237446023,54.40493106842041,24.783422470092773,79.1883544921875,-2.0980834847250662e-09,-2.83203121398401e-06
0.5701228738475532,0.0,500.0,0.0,655,13100000,40,0.011693070642650127,8.827031135559082,3.7999999999999867e-05,12.414874689941165,236183.69588267652,-3.9687256585004964,53.01756834983826,24.72843623161316,77.74600577354431,1.60694124673455e-08,-2.0605468307621777e-05
0.6235598976580348,0.0,500.0,0.0,656,13120000,40,0.011311382055282593,8.826781272888184,3.7599999999999864e-05,7.199973542554469,188743.64962668117,-3.800190987730328,54.48580574989319,25.276291370391846,79.76209807395935,8.440017573718706e-09,-1.0107421985594556e-05
0.5068361732599346,0.0,500.0,0.0,657,13140000,40,0.0094836400821805,8.826517105102539,3.719999999999987e-05,6.837501120793669,184837.11130463806,-2.529517634080935,56.004815340042114,25.27549433708191,81.2803111076355,4.863739189175931e-09,2.9296875254658516e-06
0.618066226655122,0.0,500.0,0.0,658,13160000,40,0.008673068135976791,8.826239585876465,3.679999999999987e-05,4.307153654023062,97765.7236056171,-2.6008848973090135,57.44081521034241,26.503259420394897,83.94407606124878,-8.964538444899972e-09,-1.9531249506599124e-07
0.5556679340340388,0.0,500.0,0.0,659,13180000,40,0.01067504845559597,8.825949668884277,3.639999999999987e-05,4.353468137300467,137163.5886137757,-2.6972398682108407,54.15040969848633,25.502038955688477,79.6524498462677,5.435943695175638e-09,8.78906234902388e-07
0.42418484300959597,0.0,500.0,0.0,660,13200000,40,0.008645262569189072,8.82564926147461,3.599999999999987e-05,4.471452668497834,112144.60399061759,-2.3361774194278295,53.19428062438965,26.591089725494385,79.78537201881409,9.536743617033494e-10,-1.1230468999201548e-06
0.6473790933972274,0.0,500.0,0.0,661,13220000,40,0.012181906029582024,8.825339317321777,3.5599999999999876e-05,3.50128694516194,167487.7206966352,-3.039433672156515,52.96683382987976,24.616145133972168,77.58298063278198,-1.9550323582251394e-09,-1.9287108443677425e-06
0.4859840273340704,0.0,500.0,0.0,662,13240000,40,0.009761943481862545,8.825020790100098,3.519999999999987e-05,3.6443388483192347,118441.08949978986,-3.491244334114503,53.690378189086914,24.697899103164673,78.38827800750732,4.053115898461357e-10,-2.2460937998403097e-06
0.569183180332036,0.0,500.0,0.0,663,13260000,40,0.017647316679358482,8.824694633483887,3.479999999999988e-05,3.8186256026165393,122080.5060970258,-2.913141886116583,55.47825813293457,24.339311838150024,79.81757187843323,2.4318695945879654e-09,-4.882812376649781e-08
0.898253221745523,0.0,500.0,0.0,664,13280000,40,0.012548279948532581,8.824360847473145,3.439999999999988e-05,3.449830844960635,154535.21359121587,-3.6637600170283378,52.894906997680664,23.440003871917725,76.3349130153656,-8.320808042583394e-09,9.765624753299562e-08
0.6013529687363732,0.0,500.0,0.0,665,13300000,40,0.010813350789248943,8.824020385742188,3.3999999999999885e-05,3.55322342846967,148431.40419520123,-3.4406434484297717,52.90672731399536,23.855456352233887,76.76218461990356,5.936622748947684e-09,1.9531249506599124e-07
0.7194805656587265,0.0,500.0,0.0,666,13320000,40,0.011545563116669655,8.823674201965332,3.359999999999989e-05,3.3375272652770898,154142.5350400514,-2.3534090945615045,55.388222217559814,24.025927782058716,79.41415095329285,-1.8167495952070567e-08,-2.734374902502168e-06
0.5358173020129622,0.0,500.0,0.0,667,13340000,40,0.010793060064315796,8.823323249816895,3.319999999999989e-05,3.8875990482825267,178471.7362422122,-3.1967394094301174,54.15240931510925,24.722310304641724,78.87472105026245,1.3351439953623867e-09,-7.81249980263965e-07
0.6661946240334266,0.0,500.0,0.0,668,13360000,40,0.014071542769670486,8.822966575622559,3.279999999999989e-05,3.4380901113341125,121333.9526793661,-3.176911463314974,55.19635272026062,26.128345489501953,81.32469916343689,-9.059906158626063e-10,1.3916015859649633e-06
0.6605676851054133,0.0,500.0,0.0,669,13380000,40,0.01043636817485094,8.822606086730957,3.239999999999989e-05,3.335944934057284,115208.1143239468,-3.1577710646805883,54.92662572860718,25.281226634979248,80.2078537940979,3.671646098268866e-09,3.0761718790017767e-06
0.6248412008215047,0.0,500.0,0.0,670,13400000,40,0.009203755296766758,8.82224178314209,3.199999999999989e-05,3.0176534596123274,103651.20995012115,-2.619536202259456,54.192636251449585,26.187588691711426,80.38022589683533,1.3971328982620435e-08,1.074218744179234e-06
0.4720426934799885,0.0,500.0,0.0,671,13420000,40,0.010219867341220379,8.821873664855957,3.1599999999999894e-05,2.5773486889615844,93186.99063318953,-2.606148912484133,53.66900038719177,23.753301858901978,77.42230343818665,2.5844574480515803e-08,-8.78906234902388e-07
0.40097868679003124,0.0,500.0,0.0,672,13440000,40,0.009671784937381744,8.821501731872559,3.11999999999999e-05,2.305433261243603,162298.61953094095,-2.885474892903732,52.9584424495697,23.19639015197754,76.15483355522156,1.4591217123438582e-08,1.4648438195763447e-07
0.48082437512534837,0.0,500.0,0.0,673,13460000,40,0.009834504686295986,8.821126937866211,3.07999999999999e-05,2.3225845356908024,88976.49036185349,-2.5162525808132146,53.32845425605774,23.672587871551514,77.00104355812073,1.4162063521894197e-08,-7.568359592369234e-07
0.6057401087268411,0.0,500.0,0.0,674,13480000,11,0.020787658169865608,8.820749282836914,3.0399999999999902e-05,2.628499086761914,165634.55706990795,-1.8213343144286214,54.01134133338928,6.624010324478149,60.63535261154175,1.668930060816365e-08,-1.1718750556610757e-06
0.9464933464398794,0.0,500.0,0.0,675,13500000,40,0.009566237218677998,8.820368766784668,2.9999999999999903e-05,2.195324474195891,92664.76779445214,-2.907161355131789,53.39738845825195,24.493113040924072,77.89050269126892,-1.8119811429073707e-08,2.7832031719299266e-06
0.5072233457864443,0.0,500.0,0.0,676,13520000,40,0.009737038984894753,8.819986343383789,2.9599999999999903e-05,2.008813362144217,100887.82032393443,-2.2189675827003734,52.29489040374756,23.66105628013611,75.95594787597656,-9.417534307942788e-09,3.41796862812771e-07
0.4705384016621226,0.0,500.0,0.0,677,13540000,40,0.008803028613328934,8.819602012634277,2.9199999999999903e-05,2.0641538115996347,87711.97918546652,-2.399573584542244,52.812291383743286,23.20330500602722,76.01559734344482,-2.470016546851639e-08,2.087402435790864e-06
0.44570061608364675,0.0,500.0,0.0,678,13560000,40,0.010470675304532051,8.819215774536133,2.8799999999999904e-05,1.9547514579718626,85495.2316011453,-2.182044298720511,52.16137146949768,25.55724310874939,77.71861529350281,6.9141385949933465e-09,2.0996094463043846e-06
0.34219667982516483,0.0,500.0,0.0,679,13580000,40,0.008706741966307163,8.818827629089355,2.8399999999999908e-05,1.6991066778762431,122234.14676560028,-2.196279067027418,52.47902846336365,24.90838885307312,77.38741850852966,2.9087066089061864e-09,6.640625088039087e-06
0.4985997280238486,0.0,500.0,0.0,680,13600000,40,0.011910022236406803,8.818437576293945,2.7999999999999908e-05,1.6399890242120887,107308.84614458687,-2.909612360294861,53.57827591896057,25.691477298736572,79.26975393295288,-5.292892346631106e-09,2.9541015464928932e-06
0.6542836700312238,0.86,500.0,0.0,681,13620000,40,0.010721051134169102,8.818047523498535,2.7599999999999912e-05,1.6658448700663409,144220.70510223001,-3.117387677502783,53.121119260787964,24.143646955490112,77.26476716995239,-3.743171550496527e-09,-5.04760737385368e-06
0.7235253103290152,3.44,500.0,0.0,682,13640000,40,0.009915990754961967,8.81766128540039,2.7199999999999916e-05,1.7333567147767996,134573.9964340017,-3.384591910469381,53.31188631057739,24.748022317886353,78.05990982055664,8.106231796922714e-10,-2.4902344648580765e-06
0.43899382932320685,0.0,500.0,0.0,683,13660000,40,0.009498076513409615,8.817273139953613,2.679999999999992e-05,1.7506026118616516,104630.9216804601,-1.8796068668176855,53.39287996292114,25.01780390739441,78.41068482398987,3.3378602104505717e-09,4.553222879621899e-06
0.37860735264600426,0.0,500.0,0.0,684,13680000,40,0.008405776694417,8.816883087158203,2.639999999999992e-05,1.510136655953866,128741.34705795094,-2.2836653561154496,52.86286187171936,25.613587856292725,78.47645092010498,-3.19480886190604e-09,-2.9296875254658516e-06
0.5978988726051501,0.0,500.0,0.0,685,13700000,40,0.009263495914638042,8.81649112701416,2.599999999999992e-05,1.605853761789165,92274.38926399327,-2.6917426719695707,54.0370032787323,24.43536949157715,78.47237396240234,2.403259280470138e-08,7.324219097881723e-08
0.3634506437038473,0.0,500.0,0.0,686,13720000,40,0.010617703199386597,8.816097259521484,2.5599999999999924e-05,1.3889889681263814,90642.37260742187,-2.704349288155761,54.00721621513367,24.809361457824707,78.81657934188843,6.103515470812226e-09,2.2460937998403097e-06
0.2844954471519682,0.0,500.0,0.0,687,13740000,40,0.010255294851958752,8.815702438354492,2.5199999999999925e-05,1.352851525137696,101744.20678680034,-3.0285401923369757,53.120198011398315,26.54286289215088,79.66306281089783,5.054473728449693e-09,-1.9531249506599124e-07
0.47840501275358405,0.0,500.0,0.0,688,13760000,40,0.010209438391029835,8.815305709838867,2.479999999999993e-05,1.3429769051603124,91922.37686891193,-2.647679482353262,52.999053955078125,27.856241464614868,80.85529732704163,2.0217894913798773e-08,9.765624753299562e-08
0.5602977756906375,0.0,500.0,0.0,689,13780000,40,0.010620593093335629,8.814908027648926,2.439999999999993e-05,1.240832985579213,98576.77139320856,-3.008156457958342,54.06410527229309,25.277118921279907,79.34122586250305,-5.197525076994225e-09,3.2226562325377017e-06
0.593072145490667,0.0,500.0,0.0,690,13800000,40,0.009234323166310787,8.814509391784668,2.399999999999993e-05,1.1377841560900965,84794.55185284192,-2.5004656021353564,53.36173224449158,25.114439010620117,78.47617268562317,6.484985437538171e-09,-4.2480469346628524e-06
0.8122297047465562,0.0,500.0,0.0,691,13820000,40,0.008482983335852623,8.814109802246094,2.359999999999993e-05,1.0485270716344255,100143.49990373442,-2.142479708941677,52.33181357383728,26.84105086326599,79.17286539077759,5.817413217812373e-09,-5.81054700887762e-06
0.4240334484469999,0.0,500.0,0.0,692,13840000,40,0.0092823076993227,8.813709259033203,2.3199999999999934e-05,0.9902630556610567,90017.45847507911,-2.6478097639506375,54.48485255241394,24.767455577850342,79.2523090839386,-6.484985437538171e-09,7.080078034960025e-07
0.3569191917640191,0.0,500.0,0.0,693,13860000,40,0.009841648861765862,8.813307762145996,2.2799999999999934e-05,0.9495114303465131,125665.134295268,-3.0216494337667394,52.94762349128723,23.746006965637207,76.69363141059875,3.3378602104505717e-09,-7.080078034960025e-07
0.3767358742693697,0.0,500.0,0.0,694,13880000,40,0.013196630403399467,8.812905311584473,2.2399999999999935e-05,0.8460599864396868,54976.0953515934,-2.6190871834189076,52.21926712989807,25.383276224136353,77.60254406929016,3.910064716450279e-09,-1.0986327652062755e-06
0.4718271507255669,0.0,500.0,0.0,695,13900000,40,0.01282128319144249,8.812501907348633,2.1999999999999935e-05,0.8139600745296176,95854.32675410404,-2.9816438405762744,54.015631914138794,24.85571265220642,78.87134623527527,-3.433227480087453e-09,1.367187451251084e-06
0.5366027126639795,0.0,500.0,0.0,696,13920000,40,0.008754648268222809,8.812097549438477,2.1599999999999935e-05,0.7345916496613357,69782.150338861,-2.5023848478741284,51.85524010658264,26.145345449447632,78.00058674812317,1.1062621929625038e-08,-1.074218744179234e-06
0.4880036421783087,0.0,500.0,0.0,697,13940000,40,0.008664341643452644,8.811692237854004,2.1199999999999936e-05,0.6901897214070151,114556.31128764093,-2.433267300774025,53.98937702178955,26.119616270065308,80.10899496078491,4.100799699813251e-09,-1.8554687812866177e-06
0.3671948288638506,93.075,500.0,0.0,698,13960000,40,0.009171542711555958,8.81143856048584,2.0799999999999936e-05,0.6549960130000416,99449.26668994759,-3.2262602674998813,52.476375579833984,25.058293342590332,77.53466987609863,1.4066696696346526e-09,-1.074218744179234e-06
0.47238429279945837,0.0,500.0,0.0,699,13980000,40,0.00879651214927435,8.811168670654297,2.0399999999999937e-05,0.6206243890184391,88767.30040252299,-3.1306490144020396,52.81552171707153,24.576703310012817,77.39222621917725,3.4570692974966732e-09,-8.056640581344254e-07
0.7568616538288209,0.0,500.0,0.0,700,14000000,40,0.00880074966698885,8.810884475708008,1.9999999999999937e-05,0.5960315230715124,72795.31569314304,-3.3346247709816015,52.330174922943115,23.477927207946777,75.80810284614563,-2.574920721087892e-09,1.1474609209471964e-06
3.4096986270486624,0.0,500.0,0.0,701,14020000,40,0.007734476588666439,8.810587882995605,1.9599999999999938e-05,0.7687824943586241,877409.3778678797,-5.331844524680814,55.18937945365906,23.485867023468018,78.67524838447571,-5.2452087118126656e-09,-4.296874976716936e-06
4.078517392826937,0.0,500.0,0.0,702,14040000,40,0.00903194397687912,8.810279846191406,1.9199999999999938e-05,0.7518435072295273,521738.7631910107,-4.825729201979275,55.74993371963501,23.9163978099823,79.6663327217102,-1.3971328982620435e-08,2.4755860067671165e-05
4.223221463595507,0.0,500.0,0.0,703,14060000,40,0.008326232433319092,8.809961318969727,1.879999999999994e-05,0.7552318011280856,421739.98715140426,-4.143185088906107,55.48634910583496,25.1207857131958,80.60713601112366,3.2424927187690855e-09,3.789062611758709e-05
4.5433262951505995,0.0,500.0,0.0,704,14080000,40,0.00833368394523859,8.809633255004883,1.839999999999994e-05,0.5864565448293203,259275.0296875,-3.3045131176427196,54.3982994556427,23.96247148513794,78.36077189445496,-5.817413217812373e-09,-1.928711026266683e-05
4.228604671251915,0.0,500.0,0.0,705,14100000,40,0.009182345122098923,8.809296607971191,1.799999999999994e-05,0.5304598536766783,201698.84178204113,-2.6268097903909564,54.288575410842896,23.377713203430176,77.66628932952881,1.2540817273531957e-08,-3.344726565046585e-06
4.240565106219188,0.0,500.0,0.0,706,14120000,40,0.008229766972362995,8.808951377868652,1.759999999999994e-05,0.6171109835935544,113997.02296127126,-2.610410929216614,54.02947187423706,23.51436471939087,77.54383754730225,-1.8787384092888715e-08,-2.2106933101895265e-05
4.374071594373462,0.0,500.0,0.0,707,14140000,40,0.009330756030976772,8.808599472045898,1.719999999999994e-05,0.6283588361325143,141109.86701938292,-2.558432934442653,53.64553213119507,24.385815858840942,78.03134942054749,8.392333938900265e-09,-4.687500222644303e-06
4.172287201958201,0.0,500.0,0.0,708,14160000,40,0.009010848589241505,8.80824089050293,1.679999999999994e-05,0.629473081542344,139230.203459689,-2.7618329023258594,54.31673264503479,24.7711398601532,79.08787369728088,2.6226043559063328e-09,4.833984348806553e-06
3.5965647562722722,0.0,500.0,0.0,709,14180000,40,0.008637342602014542,8.807876586914062,1.639999999999994e-05,0.6156533898243421,122908.31426955598,-2.473342715335798,53.58476686477661,23.551493406295776,77.13626170158386,5.674362313357051e-09,6.4453124650754035e-06
4.422124909677857,0.0,500.0,0.0,710,14200000,40,0.008967975154519081,8.807507514953613,1.599999999999994e-05,0.6046063483987428,90123.05738169997,-2.358398299428481,53.95426082611084,23.42676854133606,77.3810305595398,-1.0776520120714395e-08,-5.4931642807787284e-06
4.142472820506168,0.0,500.0,0.0,711,14220000,40,0.007500335108488798,8.807132720947266,1.5599999999999942e-05,1.0412956355681902,108766.5100972236,-2.15246561403516,55.074549436569214,23.500898361206055,78.57544898986816,-5.435943695175638e-09,-1.6357421372958925e-06
4.179989904069297,0.0,500.0,0.0,712,14240000,40,0.007362642791122198,8.806754112243652,1.5199999999999943e-05,1.359052513681258,101433.1009319064,-1.79478268174431,54.32798981666565,24.0715491771698,78.39954018592834,2.861023085110048e-10,2.3925781533762347e-06
3.7086900647885237,0.0,500.0,0.0,713,14260000,40,0.008368147537112236,8.806371688842773,1.4799999999999945e-05,1.0962863025031513,94147.89989616297,-1.8811878692217265,54.91945719718933,23.075733423233032,77.9951913356781,-1.835823049134433e-09,-3.8330076677084435e-06
3.954247434405714,0.0,500.0,0.0,714,14280000,40,0.009113973006606102,8.805985450744629,1.4399999999999947e-05,1.1152393576087831,67778.89790069967,-2.494894552758977,53.91281199455261,23.979173183441162,77.89198708534241,-7.915496702537439e-09,3.540039017480012e-07
3.625514188462387,0.0,500.0,0.0,715,14300000,40,0.006875258404761553,8.805595397949219,1.3999999999999949e-05,1.420851366966963,65989.17606587471,-1.573361163331738,54.33376717567444,24.79520535469055,79.1289734840393,4.577636936176077e-09,7.446288918799837e-07
4.106795225624527,0.0,500.0,0.0,716,14320000,40,0.007978239096701145,8.80520248413086,1.3599999999999951e-05,1.217576325703648,51488.67759159909,-1.9184828346477278,54.3241024017334,23.85565447807312,78.17975783348083,9.536742923144104e-11,6.958007929824817e-07
3.7760182440709587,0.0,500.0,0.0,717,14340000,40,0.008320066146552563,8.80480670928955,1.3199999999999953e-05,1.2031705602437635,53957.19386619858,-1.4966994629819181,53.833409547805786,23.165849447250366,76.99925994873047,3.1471252270875993e-09,-1.708984314063855e-07
3.6159958685900464,0.0,500.0,0.0,718,14360000,40,0.008421182632446289,8.80440902709961,1.2799999999999955e-05,1.168760269323859,42616.76590823403,-1.7225816620112975,53.39070177078247,22.817475080490112,76.20817756652832,3.6239624634504253e-09,1.629638632039132e-06
3.546734694150227,0.0,500.0,0.0,719,14380000,40,0.008169548586010933,8.804008483886719,1.2399999999999958e-05,1.1127253124796892,48143.89609467712,-1.8887419684589664,53.844372272491455,24.67703866958618,78.52141165733337,1.3351439953623867e-09,-1.56249996052793e-06
3.693672009102906,0.0,500.0,0.0,720,14400000,40,0.007927294820547104,8.803606033325195,1.199999999999996e-05,0.9513856556502324,49311.21428794378,-1.3960375728863703,54.37562966346741,23.09407687187195,77.46970772743225,5.340575981449547e-09,-4.882812731921149e-07
3.504812208983732,0.0,500.0,0.0,721,14420000,40,0.006190414074808359,8.803201675415039,1.1599999999999962e-05,0.46207069472610196,29434.224009685277,-1.423411312774767,53.20819163322449,24.87034034729004,78.07853293418884,-1.118183146076035e-08,-3.8330076677084435e-06
3.569905401118889,0.0,500.0,0.0,722,14440000,40,0.0074711455963552,8.80279541015625,1.1199999999999964e-05,0.47666321683533586,40034.2350000309,-1.4340642302096644,54.028297662734985,24.053903341293335,78.08220195770264,1.5735626135437997e-09,1.1291504051769152e-06
3.516368568809895,0.0,500.0,0.0,723,14460000,40,0.009381135925650597,8.802387237548828,1.0799999999999966e-05,0.5203422704452201,40203.78163938884,-1.7583939292668542,53.12905836105347,22.819790363311768,75.94884967803955,2.2220611128886958e-08,1.2329101082286797e-06
3.5740362897002624,0.0,500.0,0.0,724,14480000,40,0.006171299144625664,8.80197811126709,1.0399999999999968e-05,0.575449957321339,30236.980407714844,-1.1205804733347289,52.6472487449646,22.600780725479126,75.24803042411804,-9.536743617033494e-10,8.300781360048859e-07
3.6514666026758555,0.0,500.0,0.0,725,14500000,40,0.006987092550843954,8.801567077636719,9.99999999999997e-06,0.6428376444532902,30712.377295230915,-1.6298906653742247,52.74136471748352,22.878430604934692,75.61979603767395,-5.722046170220096e-10,4.6386719532165444e-07
3.6384169701498124,0.0,500.0,0.0,726,14520000,40,0.006361054722219706,8.801155090332031,9.59999999999997e-06,0.4560417367404775,16984.596829339524,-1.2254881937151092,52.748080015182495,25.218968629837036,77.96704983711243,1.363754265071293e-08,-3.588867230064352e-06
3.7408441759361084,0.0,500.0,0.0,727,14540000,40,0.006571521051228046,8.800742149353027,9.199999999999973e-06,0.5078908284159401,20515.6663970561,-1.51126652322238,53.76711177825928,23.783416748046875,77.55052924156189,-3.671646098268866e-09,-2.233886789326789e-06
3.9197116306067654,9.295,500.0,0.0,728,14560000,40,0.006008279975503683,8.80034351348877,8.799999999999975e-06,0.504890903151488,24846.586588335642,-1.9927433369280416,53.01370358467102,23.155941247940063,76.16964554786682,2.8610229740877458e-09,7.81249980263965e-07
3.743870116958,5.005000000000001,500.0,0.0,729,14580000,40,0.00662475498393178,8.79995059967041,8.399999999999977e-06,0.3209167614296267,20829.52175432036,-1.1179633590145202,53.09004473686218,24.329673528671265,77.41971945762634,-3.6239624634504253e-09,-6.713867151120212e-07
3.825834182642764,0.0,500.0,0.0,730,14600000,40,0.006347456481307745,8.799554824829102,7.999999999999978e-06,0.27070408354548714,14607.164104142974,-1.039293617934366,53.27979278564453,23.909193754196167,77.18898725509644,-2.961158784842155e-08,2.5695801468827995e-06
3.802052800312846,0.0,500.0,0.0,731,14620000,40,0.006778591778129339,8.799155235290527,7.599999999999978e-06,0.28836872444216965,27107.857596790942,-1.2425831870187687,53.55648159980774,23.97764825820923,77.53413105010986,4.5037268137093633e-08,1.2664794439842808e-06
3.497438185709689,0.0,500.0,0.0,732,14640000,40,0.00687734829261899,8.79875373840332,7.199999999999979e-06,0.26698928546113304,17887.416235119785,-1.3818692199225666,53.31779503822327,22.896027088165283,76.21382308006287,2.641677809833709e-08,-3.7597656046273187e-06
3.9420685085227936,0.0,500.0,0.0,733,14660000,40,0.006607790943235159,8.798349380493164,6.799999999999981e-06,0.2233113908739407,21384.257693520074,-1.1961999600069433,53.299524784088135,23.35684895515442,76.65637493133545,-2.1219253909521285e-08,1.770019508740006e-07
3.6697012795254267,0.0,500.0,0.0,734,14680000,40,0.006220617331564426,8.797943115234375,6.399999999999982e-06,0.22246745569230636,23209.189244214795,-0.9274133792877952,53.13798403739929,23.421939373016357,76.55992460250854,-4.97818000155803e-08,5.615234499600774e-07
3.353393048122797,0.0,500.0,0.0,735,14700000,40,0.00645693764090538,8.797533988952637,5.999999999999983e-06,0.1812904325561433,15950.009788802907,-1.1821740677745283,53.53236126899719,23.237605094909668,76.76996755599976,1.3947486721122004e-08,-6.042480436008191e-07
3.8225599067233715,0.0,500.0,0.0,736,14720000,40,0.006238310597836971,8.797122955322266,5.5999999999999845e-06,0.18176211808112602,17523.2482270446,-1.021274148653957,53.12585186958313,23.45665693283081,76.58250975608826,-1.287460360543946e-08,1.6601562720097718e-06
3.770627928586008,991.55,500.0,0.0,737,14740000,40,0.006886772811412811,8.798395156860352,5.199999999999986e-06,0.17167372575289086,23739.198227276378,-1.5153102247963979,53.00720000267029,25.12928056716919,78.1364815235138,4.243850604268573e-09,-1.5136719184738467e-06
3.523162090000614,0.0,500.0,0.0,738,14760000,40,0.005473798140883446,8.799498558044434,4.799999999999987e-06,0.1869422221202639,9326.747975641565,-0.9105539234331514,52.66346263885498,23.63172745704651,76.29519128799438,-8.77380390562621e-09,2.4414061883248905e-08
3.4943783125450842,0.0,500.0,0.0,739,14780000,40,0.0064351982437074184,8.800450325012207,4.399999999999988e-06,0.16303537964254994,11226.790148539483,-1.086199262874979,52.44438815116882,22.654643535614014,75.09903240203857,-9.727478378351861e-09,-4.333496121944336e-07
3.7593311654256363,0.0,500.0,0.0,740,14800000,40,0.005548666696995497,8.801264762878418,3.99999999999999e-06,0.16987797976766206,7761.425450424002,-0.8317243376393106,52.17830991744995,22.851136684417725,75.02944779396057,1.3351439953623867e-09,-3.143310550512979e-06
3.6329715093326884,0.0,500.0,0.0,741,14820000,40,0.005096397828310728,8.801956176757812,3.599999999999991e-06,0.14185353298023154,10431.5582433773,-0.6527287996645215,52.233328342437744,22.6339852809906,74.86731457710266,-2.2888184680880386e-09,-3.540039017480012e-07
3.9389818602322877,0.0,500.0,0.0,742,14840000,40,0.005733223166316748,8.802536010742188,3.199999999999992e-06,0.11974726031428273,9714.064546609226,-1.010300088494639,52.63400173187256,22.809410572052002,75.4434130191803,-3.3187866677053535e-08,-1.8310546465727384e-06
3.58447825360334,1096.575,500.0,0.0,743,14860000,40,0.0051783910021185875,8.804889678955078,2.7999999999999927e-06,0.10332029878715926,10001.071354655978,-1.3485082013131697,52.082661151885986,23.538639783859253,75.62130188941956,6.43730180271973e-09,2.8564452350110514e-06
3.752048474582699,0.0,500.0,0.0,744,14880000,40,0.004621121566742659,8.806966781616211,2.399999999999994e-06,0.09165694701803635,7215.7260226865355,-0.44331110633343834,52.37122344970703,22.72838068008423,75.09960508346558,-6.008148201175345e-09,5.691528599527373e-07
3.6046904979471237,0.0,500.0,0.0,745,14900000,40,0.004669567570090294,8.808794975280762,1.9999999999999953e-06,0.08135513612835468,11897.209291095975,-0.6702624586564077,52.06801247596741,22.51708197593689,74.58509540557861,2.2649764730431343e-08,6.469726372415607e-07
3.525904192675834,0.0,500.0,0.0,746,14920000,40,0.005073303822427988,8.810399055480957,1.5999999999999963e-06,0.09463484738305022,13051.502587272547,-0.8597504943892171,52.00388550758362,22.4106502532959,74.41453671455383,5.7220459481754915e-09,5.004882837056357e-07
3.3357132513086496,0.0,500.0,0.0,747,14940000,40,0.004757656715810299,8.81180191040039,1.1999999999999972e-06,0.08653766462767992,20221.865200303477,-0.6546035276089288,52.05921411514282,22.411228895187378,74.4704442024231,-2.794265796524087e-08,3.906249901319825e-07
3.256410721466428,0.0,500.0,0.0,748,14960000,40,0.004269889090210199,8.81302261352539,7.999999999999983e-07,0.08579212548093328,22793.618453245526,-0.6385667334817633,51.19567275047302,22.222114086151123,73.41778755187988,-2.3841859042583735e-10,-5.126952942191565e-07
3.5901487847208755,0.0,500.0,0.0,749,14980000,40,0.004055947531014681,8.814079284667969,3.9999999999999913e-07,0.07371353168818581,10780.301547975178,-0.5129830399033012,51.3556866645813,22.060269594192505,73.41595768928528,-1.0204315614714687e-08,2.4414063659605745e-07
3.427962640351074,0.0,500.0,0.0,750,15000000,40,0.003981999587267637,8.814988136291504,0.0,0.053926503642969116,16936.573093462594,-0.5188349724994807,51.135279178619385,21.943451642990112,73.07873201370239,5.1593779915037885e-08,-5.981445383440587e-07
